path,class,group,sha256
Corn_(maize)___Cercospora_leaf_spot Gray_leaf_spot/00120a18-ff90-46e4-92fb-2b7a10345bd3___RS_GLSp 9357.JPG,Corn_(maize)___Cercospora_leaf_spot Gray_leaf_spot,0,22733317743ff827be0f0e66036e068e8c93cf2f9779a07696cd8cb34a19bd97
Corn_(maize)___Cercospora_leaf_spot Gray_leaf_spot/00a20f6f-e8bd-4453-9e25-36ea70feb626___RS_GLSp 4655.JPG,Corn_(maize)___Cercospora_leaf_spot Gray_leaf_spot,1,28afc642a85b24ee181315cb51f010400af8193653c08042e3ec54371e52f96a
Corn_(maize)___Cercospora_leaf_spot Gray_leaf_spot/0140764c-6157-4995-9ada-9c10b81af3b8___RS_GLSp 4378.JPG,Corn_(maize)___Cercospora_leaf_spot Gray_leaf_spot,2,9c0e29744ac972c8901db9111c559b277e30754944c592b7b3e0f77343be4499
Corn_(maize)___Cercospora_leaf_spot Gray_leaf_spot/0157de0c-5b81-44a1-abe8-eecaa6f1261a___RS_GLSp 4287.JPG,Corn_(maize)___Cercospora_leaf_spot Gray_leaf_spot,3,ea72e988e679d402ef4434999923e39cbc78b3d8d3a86c1a287855dc48f9d83d
Corn_(maize)___Cercospora_leaf_spot Gray_leaf_spot/01a02916-5d4c-4256-936b-6b1a9ee65b11___RS_GLSp 9276.JPG,Corn_(maize)___Cercospora_leaf_spot Gray_leaf_spot,4,e36dea10644c215b2fa26f297fb583fbef9dacabac55f2746aad0ff7a4a09296
Corn_(maize)___Cercospora_leaf_spot Gray_leaf_spot/02e6c80d-c86f-44ca-9d4c-4b100f92a839___RS_GLSp 4631.JPG,Corn_(maize)___Cercospora_leaf_spot Gray_leaf_spot,5,e058760a7de70687f8d1f567e821f11bc818014cb5902cca050d7e8707e0a654
Corn_(maize)___Cercospora_leaf_spot Gray_leaf_spot/038464d1-47a9-4169-afb1-72c87e568a95___RS_GLSp 4480.JPG,Corn_(maize)___Cercospora_leaf_spot Gray_leaf_spot,6,d7e94d3d8a15d09a664c9b3ab51a144570303d75294aa08fb20c032403aab433
Corn_(maize)___Cercospora_leaf_spot Gray_leaf_spot/045080ca-8b98-4320-adcc-e431f88c1aaa___RS_GLSp 7313.JPG,Corn_(maize)___Cercospora_leaf_spot Gray_leaf_spot,7,c369af11c55c29047c4e6124d83d59febf9fb9e8e78ee4b81252070564652da2
Corn_(maize)___Cercospora_leaf_spot Gray_leaf_spot/05daf90f-9100-499f-a4aa-ebc5dfc20adf___RS_GLSp 7335.JPG,Corn_(maize)___Cercospora_leaf_spot Gray_leaf_spot,8,46ca7a093812c6de1b133f88db3ae565a4be0afcbce33f343d5617d427ff749c
Corn_(maize)___Cercospora_leaf_spot Gray_leaf_spot/05f92471-3cd4-441b-af21-1a02304d0b6c___RS_GLSp 7315.JPG,Corn_(maize)___Cercospora_leaf_spot Gray_leaf_spot,9,bec5ce16e2d03b8bdbdc9a56c27fc7f8294165652d33239b7d63228142185746
Corn_(maize)___Cercospora_leaf_spot Gray_leaf_spot/0657e6c0-5a6d-4ef3-807a-4e31e57fb683___RS_GLSp 7344 copy.jpg,Corn_(maize)___Cercospora_leaf_spot Gray_leaf_spot,10,22adf2663d584d3ec138f43e2ecb89ae6003fff8a2d9dbc7b6c82f12964e5ce6
Corn_(maize)___Cercospora_leaf_spot Gray_leaf_spot/065fe7da-dcaf-41be-9332-5ec5ebceb94b___RS_GLSp 9337.JPG,Corn_(maize)___Cercospora_leaf_spot Gray_leaf_spot,11,a5fcf4451ebe307599f4dac386e9f3ee22eb08f6a561c255e95508f81be18e41
Corn_(maize)___Cercospora_leaf_spot Gray_leaf_spot/06785548-9756-4410-b3c2-55cc089276ce___RS_GLSp 4288.JPG,Corn_(maize)___Cercospora_leaf_spot Gray_leaf_spot,12,e88621dbd610b61e1c5db97252868c5e874a9a8af1f1783db65c87a2cb109640
Corn_(maize)___Cercospora_leaf_spot Gray_leaf_spot/06830ecc-28d2-4ec9-a553-4d7905a12dbf___RS_GLSp 4355 copy.jpg,Corn_(maize)___Cercospora_leaf_spot Gray_leaf_spot,202,579743ca657be3c248006e7fe51c1ff6a3d5ddd5fe010d1834d49252e0d90fcc
Corn_(maize)___Cercospora_leaf_spot Gray_leaf_spot/06e94cd0-fe77-4af0-b4ae-664fcd78cfff___RS_GLSp 4656.JPG,Corn_(maize)___Cercospora_leaf_spot Gray_leaf_spot,14,08ab6e50494218c9525c9b87e68cf314fb10955c5a5b423d924fb6e70d20c432
Corn_(maize)___Cercospora_leaf_spot Gray_leaf_spot/07e00695-1271-4cf1-b08d-63e27969b03d___RS_GLSp 9312.JPG,Corn_(maize)___Cercospora_leaf_spot Gray_leaf_spot,15,c48ef1d676f713133c25112f874d87e09ef909f8c65939a0d4a5ff4446215c12
Corn_(maize)___Cercospora_leaf_spot Gray_leaf_spot/07f54257-0ec8-4bce-991f-90d46646d4f8___RS_GLSp 4378 copy 2.jpg,Corn_(maize)___Cercospora_leaf_spot Gray_leaf_spot,16,be669fae886fee17bb00ff6b3d46295d66cb391aab32f62ae3fdf58306b0b28e
Corn_(maize)___Cercospora_leaf_spot Gray_leaf_spot/092e84d4-17cf-457d-a786-4f96c5bf076a___RS_GLSp 4434 copy.jpg,Corn_(maize)___Cercospora_leaf_spot Gray_leaf_spot,17,7c8490d0f2a8717f0b6a882d1bcf7e9b17bc0a946fd13052bb893cbdfb529551
Corn_(maize)___Cercospora_leaf_spot Gray_leaf_spot/0995786c-d397-439a-bfeb-bd897cd431c8___RS_GLSp 9343.JPG,Corn_(maize)___Cercospora_leaf_spot Gray_leaf_spot,18,1445f17fac15aa29d811a53b0f025cfa80696d84e545383b7f5b41407e5ad036
Corn_(maize)___Cercospora_leaf_spot Gray_leaf_spot/0a01cc10-3892-4311-9c48-0ac6ab3c7c43___RS_GLSp 9352.JPG,Corn_(maize)___Cercospora_leaf_spot Gray_leaf_spot,19,35a579fa6cb7a29a208e567153f562c2e534e70a0d39a26eebaaba6dd06c92b4
Corn_(maize)___Cercospora_leaf_spot Gray_leaf_spot/0a403456-5c5e-4aad-aa89-a118175c6ddd___RS_GLSp 4501.JPG,Corn_(maize)___Cercospora_leaf_spot Gray_leaf_spot,20,2256bcb70b3554907c3c45a0eaec36075d926a8053f9d5dfb47bee7e9ab753db
Corn_(maize)___Cercospora_leaf_spot Gray_leaf_spot/0b5492ee-253d-4a13-ad5a-780cb954b09a___RS_GLSp 4615 copy.jpg,Corn_(maize)___Cercospora_leaf_spot Gray_leaf_spot,21,7192b71ef2a7014027c8273d9351d7e652dd37230a01df4acda5fdee23f0c054
Corn_(maize)___Cercospora_leaf_spot Gray_leaf_spot/0ba90f90-3702-438a-908b-85871f3a34cb___RS_GLSp 4342.JPG,Corn_(maize)___Cercospora_leaf_spot Gray_leaf_spot,22,cc120019aeb5c90320077688aedcb26ef746a605d0e65c5f0f8007e5b4274e94
Corn_(maize)___Cercospora_leaf_spot Gray_leaf_spot/0c5973d2-b9e1-473c-a5d6-8e9854b918b9___RS_GLSp 9340.JPG,Corn_(maize)___Cercospora_leaf_spot Gray_leaf_spot,23,17c0f10a05635119811ec11e864dab7e8c4426d637eec46343f08f0794169507
Corn_(maize)___Cercospora_leaf_spot Gray_leaf_spot/0ce6543f-9694-4b3a-b767-9bc909f54f73___RS_GLSp 4663 copy.jpg,Corn_(maize)___Cercospora_leaf_spot Gray_leaf_spot,32,442146dc8f73c14e987553e83a127626f88245d5ed6d27a718021a74aacf62e9
Corn_(maize)___Cercospora_leaf_spot Gray_leaf_spot/0d13a6d5-7993-4a5d-beb1-4f38b7805fac___RS_GLSp 9303.JPG,Corn_(maize)___Cercospora_leaf_spot Gray_leaf_spot,25,4bf156115b49329d1374ecde37595c9b323ddbdfc64bc7697b6bafe30d2cc0f5
Corn_(maize)___Cercospora_leaf_spot Gray_leaf_spot/0dbbcb82-756e-48a6-94f4-3a8f1e1cedda___RS_GLSp 4587.JPG,Corn_(maize)___Cercospora_leaf_spot Gray_leaf_spot,26,146dd73f2371f31fb6fb5a0d990c3f20325f1a1f66aea7f8e1069cc950eb00d8
Corn_(maize)___Cercospora_leaf_spot Gray_leaf_spot/0e0ed08d-3021-49a7-9098-7c90afeb2fd5___RS_GLSp 4346.JPG,Corn_(maize)___Cercospora_leaf_spot Gray_leaf_spot,27,956c0f7712eb7abce2612c2b19435c9c8bf583016c273f143321924c5475065b
Corn_(maize)___Cercospora_leaf_spot Gray_leaf_spot/0f08ab4f-caf6-4e50-a399-000e4e9841a0___RS_GLSp 4623.JPG,Corn_(maize)___Cercospora_leaf_spot Gray_leaf_spot,28,1b2ac166e9e23219e257e573b29e730bccf6217d3f74e0ac34068ae788e2f903
Corn_(maize)___Cercospora_leaf_spot Gray_leaf_spot/0f36d500-e463-44ef-82ae-fb1ca5012335___RS_GLSp 9321.JPG,Corn_(maize)___Cercospora_leaf_spot Gray_leaf_spot,29,a4d095e56c76d82e9dca33c63a94bb96656bbb45c5ef0afc163e15a8a5615ab3
Corn_(maize)___Cercospora_leaf_spot Gray_leaf_spot/1157b4eb-dfb3-41b7-a083-77b0ca2e7634___RS_GLSp 4460.JPG,Corn_(maize)___Cercospora_leaf_spot Gray_leaf_spot,30,4fc00164ac2535db0a44ddd065bd43528036794be9cebc60996a9b421d5e2c46
Corn_(maize)___Cercospora_leaf_spot Gray_leaf_spot/137762d7-fcd5-405c-a4d5-4096321951d0___RS_GLSp 9345.JPG,Corn_(maize)___Cercospora_leaf_spot Gray_leaf_spot,31,7e7e544ec559f6be3d318a3ce873f83a40c73700f67d4b1b26fd281b2cf9fcd8
Corn_(maize)___Cercospora_leaf_spot Gray_leaf_spot/13c0f3a6-6958-455d-bf3e-ad09b5e9e0dc___RS_GLSp 4663.JPG,Corn_(maize)___Cercospora_leaf_spot Gray_leaf_spot,32,533072c6d6c92823baf5bcb4cb742412ee75885efd902aeea543587ad125459a
Corn_(maize)___Cercospora_leaf_spot Gray_leaf_spot/13d4d655-79ad-4c3e-be5c-b8e4c33f1f34___RS_GLSp 9291.JPG,Corn_(maize)___Cercospora_leaf_spot Gray_leaf_spot,33,2a02cc801e89e782e94d848d433e852b483bd68d74c9d1425506315b3b267295
Corn_(maize)___Cercospora_leaf_spot Gray_leaf_spot/13e25fae-97ee-44c0-92c0-05328de64148___RS_GLSp 4645.JPG,Corn_(maize)___Cercospora_leaf_spot Gray_leaf_spot,34,1e85fba881adb4bf2558e285a68e1f3f6abece5571ec6b9ea3d82158a701e818
Corn_(maize)___Cercospora_leaf_spot Gray_leaf_spot/1424a06a-f143-4ca4-bee1-dbbc1663b5d0___RS_GLSp 4681.JPG,Corn_(maize)___Cercospora_leaf_spot Gray_leaf_spot,35,131259d54437feaa5080ae6b2756c15c4eca029a8d96f8bea8dc6826f94064c8
Corn_(maize)___Cercospora_leaf_spot Gray_leaf_spot/1468d990-6016-484c-b66a-784d38d67b03___RS_GLSp 4616.JPG,Corn_(maize)___Cercospora_leaf_spot Gray_leaf_spot,36,3301e52bdb9aed511a023446c4b0d89f87194634c2b96bf097215607a635ef28
Corn_(maize)___Cercospora_leaf_spot Gray_leaf_spot/14913b5b-f425-43f4-8266-e6c353f96781___RS_GLSp 4328.JPG,Corn_(maize)___Cercospora_leaf_spot Gray_leaf_spot,37,2f793de5afe790ff61db0c7e6e52668c69160d8f0ebbaf2b0c42f8201e61b8a0
Corn_(maize)___Cercospora_leaf_spot Gray_leaf_spot/150ed8d9-abf5-4811-b976-8878b2d0048d___RS_GLSp 7321.JPG,Corn_(maize)___Cercospora_leaf_spot Gray_leaf_spot,38,cee8db4b39f968fbc25956de1d1b950aa4ce0f4df8c2747d8ede8d988bf5c693
Corn_(maize)___Cercospora_leaf_spot Gray_leaf_spot/15d188d6-bade-4281-931a-82264fdae6a4___RS_GLSp 4450.JPG,Corn_(maize)___Cercospora_leaf_spot Gray_leaf_spot,39,6ad597cb20e66f196122bdfa3a5cec82ee221771df5219308de740add6e027f1
Corn_(maize)___Cercospora_leaf_spot Gray_leaf_spot/165f35a9-5e03-4ec8-9167-bd346c863e41___RS_GLSp 4289 copy 3.jpg,Corn_(maize)___Cercospora_leaf_spot Gray_leaf_spot,40,087ecfe878a9a151565ea8ee363dea31cea821703c4545ca92e3387d2bb178d5
Corn_(maize)___Cercospora_leaf_spot Gray_leaf_spot/171b34fb-183f-4b57-be91-7e02fcebb7df___RS_GLSp 4326.JPG,Corn_(maize)___Cercospora_leaf_spot Gray_leaf_spot,41,03f12ef1b7285ff70e4075c1230e87f66c0a2e6b0aad35ffe6f1e1a3589f929d
Corn_(maize)___Cercospora_leaf_spot Gray_leaf_spot/1836cc95-03e5-4430-8cc1-cca482b94a0d___RS_GLSp 4289 copy.jpg,Corn_(maize)___Cercospora_leaf_spot Gray_leaf_spot,42,2789172f25708c98db233fb5325c3c0e8d4b219a685ef88ef0e5b634bc655496
Corn_(maize)___Cercospora_leaf_spot Gray_leaf_spot/186c5f5d-a8d7-40bf-abe7-cebefa66808c___RS_GLSp 4355 copy 2.jpg,Corn_(maize)___Cercospora_leaf_spot Gray_leaf_spot,43,2e5cb7bcd48f4f57548d0bedb842e9cd686091c80c52de4f9843c7d2df111b41
Corn_(maize)___Cercospora_leaf_spot Gray_leaf_spot/18aae193-d119-417b-837a-84f33835e788___RS_GLSp 4497.JPG,Corn_(maize)___Cercospora_leaf_spot Gray_leaf_spot,44,14e15eb640dbaf2e80dcefeb2b115f38e40cdf04b11646011ede6b2f223e1318
Corn_(maize)___Cercospora_leaf_spot Gray_leaf_spot/1afa65e8-15a9-46d4-b612-e7a7b23b10b5___RS_GLSp 7326.JPG,Corn_(maize)___Cercospora_leaf_spot Gray_leaf_spot,45,03305aa631d25d88a44e0697156e96bd948df1d1308907138eafb1684666792a
Corn_(maize)___Cercospora_leaf_spot Gray_leaf_spot/1b1991ac-4e5c-4528-ac3d-096d63fb05aa___RS_GLSp 4491.JPG,Corn_(maize)___Cercospora_leaf_spot Gray_leaf_spot,46,87e830d92240b823d14f0a1c4ddc5c16a6cee4a2e34ab37e41e8c22d58aa5a0d
Corn_(maize)___Cercospora_leaf_spot Gray_leaf_spot/1b3e0f15-bbfb-4629-840f-310c7bf2a17c___RS_GLSp 9335.JPG,Corn_(maize)___Cercospora_leaf_spot Gray_leaf_spot,47,88c19f668f4e0e79c9e245dcae75c6d0f2043257e7a3b83d25e0e83113e6a9a4
Corn_(maize)___Cercospora_leaf_spot Gray_leaf_spot/1b4a7e7d-792a-4e22-aefd-617c7ce9fae8___RS_GLSp 4624.JPG,Corn_(maize)___Cercospora_leaf_spot Gray_leaf_spot,48,46af5f4c44027f8f1bb6aa13be0e24c89ed08a2f9b12573b068d4e2f52ef5ccb
Corn_(maize)___Cercospora_leaf_spot Gray_leaf_spot/1b6664a7-03f9-4ced-8dcd-b85a18554aa5___RS_GLSp 7324.JPG,Corn_(maize)___Cercospora_leaf_spot Gray_leaf_spot,49,cf8139b65fce60196aec345c4da99a6d7718ce620f41470fc09761fedb71c279
Corn_(maize)___Cercospora_leaf_spot Gray_leaf_spot/1effc5b5-4f56-4374-92c8-4acb0b506527___RS_GLSp 7314.JPG,Corn_(maize)___Cercospora_leaf_spot Gray_leaf_spot,50,a794af49991b7a8642f314fbbae18eaf4b2a157c46b865d9b21376a9505effa6
Corn_(maize)___Cercospora_leaf_spot Gray_leaf_spot/1f23992c-3a9f-4ebb-a89f-6272ee23c7c4___RS_GLSp 4500 copy.jpg,Corn_(maize)___Cercospora_leaf_spot Gray_leaf_spot,51,591ebb82de3df06ee2f0961b8122e69fbfc4caa09c2ae11f767fe3ba03d4d123
Corn_(maize)___Cercospora_leaf_spot Gray_leaf_spot/1f494486-8d19-45a2-8e34-0562e16b1307___RS_GLSp 4456.JPG,Corn_(maize)___Cercospora_leaf_spot Gray_leaf_spot,52,93f0a67cea95b3338cd979d86cf45f57c4e6a837777be3dc58354a9df4d7f655
Corn_(maize)___Cercospora_leaf_spot Gray_leaf_spot/2045dd77-e896-4c78-b40b-5b93631e4e5c___RS_GLSp 9300.JPG,Corn_(maize)___Cercospora_leaf_spot Gray_leaf_spot,53,bfd646dcff0e59fa3e35cd8b169dbbb29f55468448170faf9c4f61dd6d8cd038
Corn_(maize)___Cercospora_leaf_spot Gray_leaf_spot/206517f4-4d5f-4d16-abab-7e634fc78d0d___RS_GLSp 4412.JPG,Corn_(maize)___Cercospora_leaf_spot Gray_leaf_spot,54,2a02df95a792788ba227ea485b6b7c288eba54b335e535dbdca136bd3e08eed9
Corn_(maize)___Cercospora_leaf_spot Gray_leaf_spot/2162861c-60d9-4831-b922-362d70a47b92___RS_GLSp 4554.JPG,Corn_(maize)___Cercospora_leaf_spot Gray_leaf_spot,55,9ba0931e3046957c36d33f2d4cb0169b26fe0f6abf72bce265a4a043d533c224
Corn_(maize)___Cercospora_leaf_spot Gray_leaf_spot/2174d811-b088-4b31-8088-1738630b94d4___RS_GLSp 4467.JPG,Corn_(maize)___Cercospora_leaf_spot Gray_leaf_spot,56,b6087bb2876cdcec7191ec4a93597038352c553cbf244172c6eca0d566ef0002
Corn_(maize)___Cercospora_leaf_spot Gray_leaf_spot/22177231-7c14-423d-a83c-78a63c2dfd9a___RS_GLSp 9286.JPG,Corn_(maize)___Cercospora_leaf_spot Gray_leaf_spot,57,1ae4bdc6a09edf085fe0d8307ee19179ca46a02472430e696113cc11a64dedea
Corn_(maize)___Cercospora_leaf_spot Gray_leaf_spot/22a04678-7f86-4854-b8d6-4c2a54dca6bc___RS_GLSp 4322.JPG,Corn_(maize)___Cercospora_leaf_spot Gray_leaf_spot,58,992e6e84c671221e3fb38346998e478151327b876f363e0360d5d5759c588502
Corn_(maize)___Cercospora_leaf_spot Gray_leaf_spot/22b0a72e-66bf-47ae-86ef-da6e85e31056___RS_GLSp 4405.JPG,Corn_(maize)___Cercospora_leaf_spot Gray_leaf_spot,59,439b9e5a392a66f83e69a20f6c7cf6b876f32b263f653636c3c5f085449513da
Corn_(maize)___Cercospora_leaf_spot Gray_leaf_spot/22e876a7-46e4-4b87-b2ac-0668117fb455___RS_GLSp 4469.JPG,Corn_(maize)___Cercospora_leaf_spot Gray_leaf_spot,60,d97b115df0f44dcd634a1edf6f6bc5eaa9ad78eecb495909924670c8d25df9e2
Corn_(maize)___Cercospora_leaf_spot Gray_leaf_spot/23bdfbf1-c4f2-4a84-9b9a-9e6cc836c974___RS_GLSp 9294.JPG,Corn_(maize)___Cercospora_leaf_spot Gray_leaf_spot,61,9bcff029b20c72d77ea626525e6b6f561b831d1cdd82597d83985374651e0f8c
Corn_(maize)___Cercospora_leaf_spot Gray_leaf_spot/23ee1be9-789c-4499-be4b-f99c241ada2d___RS_GLSp 4633.JPG,Corn_(maize)___Cercospora_leaf_spot Gray_leaf_spot,62,27a0bd244f8f38336aafc6e61e7ce95fec9db228f42214569504198226da2115
Corn_(maize)___Cercospora_leaf_spot Gray_leaf_spot/24098661-633d-46fb-9542-a12a41dd3223___RS_GLSp 4472.JPG,Corn_(maize)___Cercospora_leaf_spot Gray_leaf_spot,63,2faac59d2958105ced4a03619698ff50fbb706f7616da314b968160b83bd8117
Corn_(maize)___Cercospora_leaf_spot Gray_leaf_spot/241fe005-f805-4e76-bf80-e7a84aa0b9a8___RS_GLSp 9336.JPG,Corn_(maize)___Cercospora_leaf_spot Gray_leaf_spot,64,099cc5c8d0dfecc8d6825ff0ec037d4c48d3b6d367247f95c4a3d7eba77736d3
Corn_(maize)___Cercospora_leaf_spot Gray_leaf_spot/24776f62-abd9-4187-897d-f61b41a9a9ad___RS_GLSp 3810.JPG,Corn_(maize)___Cercospora_leaf_spot Gray_leaf_spot,65,89f9dff2f8277290290c9ccb1d1d237cc761709da527130e524be95e5653c02f
Corn_(maize)___Cercospora_leaf_spot Gray_leaf_spot/24f6e3ed-d58d-45eb-b9a7-a7e347e237fb___RS_GLSp 4465.JPG,Corn_(maize)___Cercospora_leaf_spot Gray_leaf_spot,66,26b0d1fbf95601fd42e09d8d3d758a42725067757bf0ff8c122f7d74c90ac247
Corn_(maize)___Cercospora_leaf_spot Gray_leaf_spot/2575e82e-964f-418a-bd69-c291dd9c955b___RS_GLSp 9282.JPG,Corn_(maize)___Cercospora_leaf_spot Gray_leaf_spot,67,6e674c1ed968428899ce9aadc5e3ddde927dd6c535cc5d87f4ea71c6f2dbdb41
Corn_(maize)___Cercospora_leaf_spot Gray_leaf_spot/261e0893-078f-41ae-9445-4942f8828f53___RS_GLSp 7320.JPG,Corn_(maize)___Cercospora_leaf_spot Gray_leaf_spot,68,983f1cf77e221760fda94c122693fccbeaf747e6b42dfbae5799116ef49fe1df
Corn_(maize)___Cercospora_leaf_spot Gray_leaf_spot/275ea053-96ab-45d9-9878-3c855ea1a308___RS_GLSp 4496.JPG,Corn_(maize)___Cercospora_leaf_spot Gray_leaf_spot,69,bea930324b3d98da070322314c7c8b26c0674f2d43b2dd0d6f2cc5e561867b81
Corn_(maize)___Cercospora_leaf_spot Gray_leaf_spot/276eaa0e-3c86-4190-8701-fdb5f9148bb1___RS_GLSp 7283.JPG,Corn_(maize)___Cercospora_leaf_spot Gray_leaf_spot,70,07acabb5cbfcf8ae5c8fb1ff0ecfdbccf5fa57605d20ca0b73e958d36c9132bb
Corn_(maize)___Cercospora_leaf_spot Gray_leaf_spot/2788c3da-4e36-408e-b2e5-a08442f7f432___RS_GLSp 4500.JPG,Corn_(maize)___Cercospora_leaf_spot Gray_leaf_spot,71,7850c380cac7c220932c1877a9631b5bb9993de3a254387f04ee4aa8edf79b77
Corn_(maize)___Cercospora_leaf_spot Gray_leaf_spot/27d44f36-eb1b-42df-b32f-ba8373b08e46___RS_GLSp 4416.JPG,Corn_(maize)___Cercospora_leaf_spot Gray_leaf_spot,72,003e77185cc9d87384a3fe3c8c363a336307c132fe53c17e2212602d3928d1d2
Corn_(maize)___Cercospora_leaf_spot Gray_leaf_spot/27db0747-841a-454c-aff6-cb506689cca9___RS_GLSp 9347.JPG,Corn_(maize)___Cercospora_leaf_spot Gray_leaf_spot,73,41360e926de10b60307e2bdd989d5e370c20e363c778e2596d72eee2b4e401a2
Corn_(maize)___Cercospora_leaf_spot Gray_leaf_spot/27ea3780-cdea-449f-b427-04ad3d0a7eae___RS_GLSp 9271.JPG,Corn_(maize)___Cercospora_leaf_spot Gray_leaf_spot,74,70d680048ab3d6df91ba4149f1b98883676d61631f2854b16e6f9f9f00227545
Corn_(maize)___Cercospora_leaf_spot Gray_leaf_spot/28132313-02f5-4116-b7e6-5b0d33b1868f___RS_GLSp 7334 copy.jpg,Corn_(maize)___Cercospora_leaf_spot Gray_leaf_spot,75,98cdacdde3f5a16fd7874cbc98ba90b42116e88e4f4a062212e7a56a0cf47a42
Corn_(maize)___Cercospora_leaf_spot Gray_leaf_spot/283e2340-1c6a-4d67-b40b-64620f95912b___RS_GLSp 4470.JPG,Corn_(maize)___Cercospora_leaf_spot Gray_leaf_spot,76,cadd20e46b57cf1d4d3a8456eac289cd453e88bd86b8679b25b96530f67fe34a
Corn_(maize)___Cercospora_leaf_spot Gray_leaf_spot/28463ffb-8023-41c0-9084-6b5ade2d6ca3___RS_GLSp 4310.JPG,Corn_(maize)___Cercospora_leaf_spot Gray_leaf_spot,77,c96b9f82318326981983508f06f1b0efe9b268d941dfe0765746c20735f46a64
Corn_(maize)___Cercospora_leaf_spot Gray_leaf_spot/287f4726-e68a-43bf-9ec8-49d1e4a34aff___RS_GLSp 4487.JPG,Corn_(maize)___Cercospora_leaf_spot Gray_leaf_spot,78,bbdad26a0aa256f80d455a53d6374cdb1e1f64d2c47117f16f0df5c980dc4a07
Corn_(maize)___Cercospora_leaf_spot Gray_leaf_spot/295e2145-800f-4c3c-9728-e45b1cd8e113___RS_GLSp 4316.JPG,Corn_(maize)___Cercospora_leaf_spot Gray_leaf_spot,79,463a9887d807564470b25584bca6bcc514103c89349b733a27ff395bf5ae13c3
Corn_(maize)___Cercospora_leaf_spot Gray_leaf_spot/29d60537-2717-45e1-b608-c19270302f67___RS_GLSp 4558.JPG,Corn_(maize)___Cercospora_leaf_spot Gray_leaf_spot,80,e7798babed4bc5495cfb104a0bf4eb659ebbd41648e0f249980dd4b469b2f5f3
Corn_(maize)___Cercospora_leaf_spot Gray_leaf_spot/29f064ba-c8cd-47f7-add1-24fe1263f2db___RS_GLSp 9319.JPG,Corn_(maize)___Cercospora_leaf_spot Gray_leaf_spot,81,b687360d0dac1a13dc8aca919cb90b0e963dbb578be1bc6dc9e1828326dc3597
Corn_(maize)___Cercospora_leaf_spot Gray_leaf_spot/2a2ad0a4-9f19-4366-88d3-c1c87ffc9f90___RS_GLSp 4385.JPG,Corn_(maize)___Cercospora_leaf_spot Gray_leaf_spot,82,5f47e610d629ad9ee46630ec2c7366309e8478c4fd3ea3bbb0dc09fb8e04e094
Corn_(maize)___Cercospora_leaf_spot Gray_leaf_spot/2aca721c-1600-4f8c-8e79-df33973c671c___RS_GLSp 9348.JPG,Corn_(maize)___Cercospora_leaf_spot Gray_leaf_spot,83,d9e008e79a642d0584635114db72e1f4e77e25d8d0a69adbf25b35ece6df8cd0
Corn_(maize)___Cercospora_leaf_spot Gray_leaf_spot/2b6bb6a5-3f70-48da-a968-13d840815bbb___RS_GLSp 9277.JPG,Corn_(maize)___Cercospora_leaf_spot Gray_leaf_spot,84,9620787ea584c63480cd629dc7250ee86bf9af9740d577e710ba3c5cb51b4e1f
Corn_(maize)___Cercospora_leaf_spot Gray_leaf_spot/2bfff79a-08ce-4f07-a059-465326ef2ea2___RS_GLSp 4436.JPG,Corn_(maize)___Cercospora_leaf_spot Gray_leaf_spot,85,711f809b60d80bd08d2d1c15e9765849b44cd44eb379771c441cb9ce43fea07f
Corn_(maize)___Cercospora_leaf_spot Gray_leaf_spot/2c890074-1b01-46cb-9e56-8601d13ec218___RS_GLSp 4469 copy.jpg,Corn_(maize)___Cercospora_leaf_spot Gray_leaf_spot,86,04d63da193f38db022339c5454411a1180d0df485f553c806fc8990e25e7bc7d
Corn_(maize)___Cercospora_leaf_spot Gray_leaf_spot/2ca70127-9310-4312-8769-d9d6b43526a1___RS_GLSp 4369.JPG,Corn_(maize)___Cercospora_leaf_spot Gray_leaf_spot,87,d85300702429bd215d8d6c2001613665cf20b066f215e51b065d28767dc4a90a
Corn_(maize)___Cercospora_leaf_spot Gray_leaf_spot/2ccec9ab-60e1-4b79-bfdc-b33d387db907___RS_GLSp 4576.JPG,Corn_(maize)___Cercospora_leaf_spot Gray_leaf_spot,88,a2d6312dc9b0f780dc2b4765ac0fe91d92c33747d236c6b75e281801c503c396
Corn_(maize)___Cercospora_leaf_spot Gray_leaf_spot/2e123765-bd5f-461e-a658-7b4c5c4f5564___RS_GLSp 4594.JPG,Corn_(maize)___Cercospora_leaf_spot Gray_leaf_spot,89,caba9388cad8f9f0146102a2cdcd8a20ae8f5de889fdbe26eea57c0a114efca3
Corn_(maize)___Cercospora_leaf_spot Gray_leaf_spot/2e3967fd-d97c-4985-ab63-4ee8bdb6a0bb___RS_GLSp 4680 copy.jpg,Corn_(maize)___Cercospora_leaf_spot Gray_leaf_spot,90,6643504bd1ce2269734c1bdfa6088b068e5066233afeb2fd8bfbaafef61bdbb1
Corn_(maize)___Cercospora_leaf_spot Gray_leaf_spot/2e3c83d4-fbbc-4250-a3e6-96bff8d8164a___RS_GLSp 4634.JPG,Corn_(maize)___Cercospora_leaf_spot Gray_leaf_spot,91,e2ac9ba6b7dab57ecabbe803f7abf9d3d4fb09aeea2b11aaf571bf0e2b5e4ddb
Corn_(maize)___Cercospora_leaf_spot Gray_leaf_spot/2ff35cfb-2145-4844-9755-e977af5f661d___RS_GLSp 4434.JPG,Corn_(maize)___Cercospora_leaf_spot Gray_leaf_spot,92,ec6da1166f387a4e2c22839534da86dbfbc2e6215b5b0465782d61ec40965153
Corn_(maize)___Cercospora_leaf_spot Gray_leaf_spot/302d1d00-fe10-4ec1-878c-5ac721c6ec44___RS_GLSp 9356.JPG,Corn_(maize)___Cercospora_leaf_spot Gray_leaf_spot,93,e328bf7d35f4c0c07ad9791bd6fb23928f91d886853c940c9a3510e947bcdead
Corn_(maize)___Cercospora_leaf_spot Gray_leaf_spot/30554ff6-3eef-4d17-8304-de6a8a478f2b___RS_GLSp 4683.JPG,Corn_(maize)___Cercospora_leaf_spot Gray_leaf_spot,94,cb30ae136e535d022a177f6bccd58b4b2cb9af094c9c8ae7a4f52c14bb55230b
Corn_(maize)___Cercospora_leaf_spot Gray_leaf_spot/320c4ca9-7c67-4dcf-b588-55ff6949cded___RS_GLSp 4433.JPG,Corn_(maize)___Cercospora_leaf_spot Gray_leaf_spot,95,50e899b5e22a3ed1c30a71734842679df3aac3b2621bf242ef9de146d5a8e99f
Corn_(maize)___Cercospora_leaf_spot Gray_leaf_spot/32e31361-bb57-4974-bc43-4b8e74d61653___RS_GLSp 4433 copy.jpg,Corn_(maize)___Cercospora_leaf_spot Gray_leaf_spot,96,7a71385b3d5e6d2436ca9d6d8ec99f4deeb6428173f534b0a58f3e94f42514fa
Corn_(maize)___Cercospora_leaf_spot Gray_leaf_spot/336c4d7c-6905-4f19-b81a-eb7af7d3fd22___RS_GLSp 4413.JPG,Corn_(maize)___Cercospora_leaf_spot Gray_leaf_spot,97,cd9f4b3ecf9aa412d656a96fb499fc0cd7ef5fbec1d81e7c10ea9d06b17fff45
Corn_(maize)___Cercospora_leaf_spot Gray_leaf_spot/338c8024-b930-49fa-bf1f-21d7874fb7fb___RS_GLSp 4319.JPG,Corn_(maize)___Cercospora_leaf_spot Gray_leaf_spot,98,728d107a0e3ccc4e103db9c7f53805bf6d8b4a893d0709c1cbd0ce0e4b255869
Corn_(maize)___Cercospora_leaf_spot Gray_leaf_spot/346e5b39-b83e-4b5f-a02b-bc01fc230842___RS_GLSp 4311.JPG,Corn_(maize)___Cercospora_leaf_spot Gray_leaf_spot,99,600d334c1ebe5b9e20274a8be3faed3123c8abdd6afc9a2131e278740244087a
Corn_(maize)___Cercospora_leaf_spot Gray_leaf_spot/348aafc3-4309-4507-b6b3-cb037711ca48___RS_GLSp 4399.JPG,Corn_(maize)___Cercospora_leaf_spot Gray_leaf_spot,100,ea0800ddb563b454570466f00035a9de0e87ac2fb19f8825dd9dc74ddbe42ef0
Corn_(maize)___Cercospora_leaf_spot Gray_leaf_spot/34ed1bf6-87eb-49dd-bc0b-fd9d0bd3dd0c___RS_GLSp 4378 copy.jpg,Corn_(maize)___Cercospora_leaf_spot Gray_leaf_spot,506,a83f2110aca4a6ea9b2256f8a82ee344b3b465fb5b65b15e2991af74686f0a7f
Corn_(maize)___Cercospora_leaf_spot Gray_leaf_spot/357866f9-d9f0-49a4-862e-6bfb2cb830c8___RS_GLSp 4291.JPG,Corn_(maize)___Cercospora_leaf_spot Gray_leaf_spot,102,a4266d720cdf1b9be477d97614307dbc01ff9532d397f2596bea60e09ce16ebd
Corn_(maize)___Cercospora_leaf_spot Gray_leaf_spot/36001a30-9fc6-4955-9a14-49944cc8078a___RS_GLSp 4393.JPG,Corn_(maize)___Cercospora_leaf_spot Gray_leaf_spot,103,713d6eb069cd651a603a27f6429051f32bfab1ef1b7ba4bacafc488c54597067
Corn_(maize)___Cercospora_leaf_spot Gray_leaf_spot/36584bae-f3bb-40c0-b866-ed5ba0c2f7ae___RS_GLSp 4577.JPG,Corn_(maize)___Cercospora_leaf_spot Gray_leaf_spot,104,266bce6aefb3f11525c89be11cc67abbd659724a1c1e607038b2d03ca7a0f95a
Corn_(maize)___Cercospora_leaf_spot Gray_leaf_spot/38b8a1b8-b995-42ff-a888-b8d60384ee76___RS_GLSp 9311.JPG,Corn_(maize)___Cercospora_leaf_spot Gray_leaf_spot,105,987c25707a38ec0f40b18731acc7bc26f9d677ed41f78cc6b05cd9e88462a8ba
Corn_(maize)___Cercospora_leaf_spot Gray_leaf_spot/3980904f-273e-4191-911b-0ebfc12cf02c___RS_GLSp 4448 copy.jpg,Corn_(maize)___Cercospora_leaf_spot Gray_leaf_spot,106,2a90e6b913b913d646ca8cfae4d68d4c425fab36db4c18b482733d64981ae228
Corn_(maize)___Cercospora_leaf_spot Gray_leaf_spot/398cdfcf-3bc5-486c-ab4e-8bce2f2bbc23___RS_GLSp 9333.JPG,Corn_(maize)___Cercospora_leaf_spot Gray_leaf_spot,107,2a3c519f43bb1ee90418f88fa34f04fe8e4ac95c568e3f236f6563dfc1073833
Corn_(maize)___Cercospora_leaf_spot Gray_leaf_spot/3a1f523c-0012-43c3-9475-fc458e3511d4___RS_GLSp 4579.JPG,Corn_(maize)___Cercospora_leaf_spot Gray_leaf_spot,108,48d7916dcb6b9a61f5ff4d8933fe65fbd9104c91dfde4994d2ac8a993505bca5
Corn_(maize)___Cercospora_leaf_spot Gray_leaf_spot/3aeb9908-679b-4d53-8925-5b436d0961d8___RS_GLSp 9317.JPG,Corn_(maize)___Cercospora_leaf_spot Gray_leaf_spot,109,f03fef829c8e3ed3afe83d047c0709da06af18fde7f962200b77cdd2004c7d3c
Corn_(maize)___Cercospora_leaf_spot Gray_leaf_spot/3af22715-5f08-4b3b-8c88-6264a73accba___RS_GLSp 7293.JPG,Corn_(maize)___Cercospora_leaf_spot Gray_leaf_spot,110,9417d23ea2a7065bee00d110e2d9e18e7065c8fbdf45b0ea99d4a59f910623f6
Corn_(maize)___Cercospora_leaf_spot Gray_leaf_spot/3b264c40-1333-4dbe-bf91-0cc2bb183167___RS_GLSp 9365.JPG,Corn_(maize)___Cercospora_leaf_spot Gray_leaf_spot,111,3d2d9ca015858dcb7dce8c2b517ed27e821d68fa11b58020f12261caa234f4bd
Corn_(maize)___Cercospora_leaf_spot Gray_leaf_spot/3b9cce3e-5b77-444d-957d-71e3a105d66e___RS_GLSp 7289.JPG,Corn_(maize)___Cercospora_leaf_spot Gray_leaf_spot,112,497241e4bd65d77d22de2e324e17231fdb0c40040e4aa7791d38533e5010eb40
Corn_(maize)___Cercospora_leaf_spot Gray_leaf_spot/3bc17d8a-7efc-469a-a0af-aa8a68e62e89___RS_GLSp 9323.JPG,Corn_(maize)___Cercospora_leaf_spot Gray_leaf_spot,113,225990a197dcb6dfa73a8d7c1325a4cf14abc14b4c2d9bc6fef2f1b688070821
Corn_(maize)___Cercospora_leaf_spot Gray_leaf_spot/3bc19f2c-2ab4-4a1c-bd0f-e0a322058b8b___RS_GLSp 4423.JPG,Corn_(maize)___Cercospora_leaf_spot Gray_leaf_spot,114,4e4336e7cf46b6a01505739639eb5bcf6ef55ae59fb23a94273c03ce2d3f6602
Corn_(maize)___Cercospora_leaf_spot Gray_leaf_spot/3c53ba48-cb78-4803-b01c-7d10ea13284c___RS_GLSp 4611.JPG,Corn_(maize)___Cercospora_leaf_spot Gray_leaf_spot,452,0bd93e9c87ceb0f4c6e572d63a1fd0bc6e44e02397df5a000f3b571d0b044454
Corn_(maize)___Cercospora_leaf_spot Gray_leaf_spot/3c70ede6-fd2c-4e9c-8c2c-2d6a369564d4___RS_GLSp 4345.JPG,Corn_(maize)___Cercospora_leaf_spot Gray_leaf_spot,116,d3a1a99fd7ceb96e2208ec67d98779d235d564c953c85315b667d237f8372907
Corn_(maize)___Cercospora_leaf_spot Gray_leaf_spot/3caaee0c-993e-4b59-8e88-ab7ee052ed48___RS_GLSp 4643.JPG,Corn_(maize)___Cercospora_leaf_spot Gray_leaf_spot,117,245393b187c22a406fdf4884859c457f2543611c68420b7aab0d8f5b766d1e85
Corn_(maize)___Cercospora_leaf_spot Gray_leaf_spot/3d30d46e-da0d-402f-97e8-e1d79cdd7a56___RS_GLSp 4638.JPG,Corn_(maize)___Cercospora_leaf_spot Gray_leaf_spot,118,1a014ce6f8f28a95924c9aa65d99a9fe1207f0525635abad9816c46a11391f4b
Corn_(maize)___Cercospora_leaf_spot Gray_leaf_spot/3dc975e5-3570-4dbd-b163-a6f2947fc35f___RS_GLSp 4376.JPG,Corn_(maize)___Cercospora_leaf_spot Gray_leaf_spot,506,6a3cda0a9ecc30c3d913059b66602b81fc8a96a2e6b5acd7388a79d83dbb16f0
Corn_(maize)___Cercospora_leaf_spot Gray_leaf_spot/3e21011f-edbd-4a4a-ae6d-16e08552169a___RS_GLSp 7310.JPG,Corn_(maize)___Cercospora_leaf_spot Gray_leaf_spot,120,a342214bf6267ab8f435d97426fb2692150cbf495102d73bc5dc5f73ceb991b4
Corn_(maize)___Cercospora_leaf_spot Gray_leaf_spot/3e52b140-6513-4a97-8ee8-9935a7d4b8b8___RS_GLSp 9279.JPG,Corn_(maize)___Cercospora_leaf_spot Gray_leaf_spot,121,3c644adb9e5dab37909f794c1b3839f232e89d05ea477ef7020ea1107d96663b
Corn_(maize)___Cercospora_leaf_spot Gray_leaf_spot/3e5705e7-401a-4327-9d07-3b5a54ce5b38___RS_GLSp 4459.JPG,Corn_(maize)___Cercospora_leaf_spot Gray_leaf_spot,122,9610d5416069af3fb4af9e9019211f4e7a69f13db79513435ce973c0f40a0a92
Corn_(maize)___Cercospora_leaf_spot Gray_leaf_spot/3fefc48b-6431-4c5c-acc7-19217866da5b___RS_GLSp 9292.JPG,Corn_(maize)___Cercospora_leaf_spot Gray_leaf_spot,123,ccfbe19f1549ec3a0bf3e382258cf6b1d90174f4592748c228cba30703a48f11
Corn_(maize)___Cercospora_leaf_spot Gray_leaf_spot/40dceef3-f53b-4132-87c0-69bf1046f8c4___RS_GLSp 9362.JPG,Corn_(maize)___Cercospora_leaf_spot Gray_leaf_spot,124,33fa1ccb10c8dd10931b401932ead7ccc5e0b24f5c785ece0e437bb9be19a202
Corn_(maize)___Cercospora_leaf_spot Gray_leaf_spot/40de2256-a1de-4781-830b-d9a06544fe06___RS_GLSp 4398.JPG,Corn_(maize)___Cercospora_leaf_spot Gray_leaf_spot,125,5d34403411dd7a16e905414b0459373a04316eae73ce0e2aa10ad681d77fbcd8
Corn_(maize)___Cercospora_leaf_spot Gray_leaf_spot/41759050-8a14-4394-9558-c74ec19a5e50___RS_GLSp 4685.JPG,Corn_(maize)___Cercospora_leaf_spot Gray_leaf_spot,126,10d6d02a952ff04cdba541215d9f8b22cf9eef472eaba1da8f18fa16f7eb5215
Corn_(maize)___Cercospora_leaf_spot Gray_leaf_spot/42423e5e-790d-4839-a683-abb2d9dce89a___RS_GLSp 7296.JPG,Corn_(maize)___Cercospora_leaf_spot Gray_leaf_spot,127,d0f19cb294ce941cf84e4575f7ffc54113cdefe280da3a585deb3e06da362a23
Corn_(maize)___Cercospora_leaf_spot Gray_leaf_spot/43a7a5a1-655e-4534-aa3d-ce53628c34b1___RS_GLSp 7302.JPG,Corn_(maize)___Cercospora_leaf_spot Gray_leaf_spot,128,f044a9d51592c2a5284a910c52b675af9e3f7c53669331f30b45027608e6ba0c
Corn_(maize)___Cercospora_leaf_spot Gray_leaf_spot/44209d86-9fed-42cd-b5dc-5580166b10ab___RS_GLSp 4684.JPG,Corn_(maize)___Cercospora_leaf_spot Gray_leaf_spot,129,dd1da54aa331a3aa99538d50f2b68d3854d6ff58c3cf12f1fe0d86ec5743f999
Corn_(maize)___Cercospora_leaf_spot Gray_leaf_spot/4427063f-9e4a-4aaf-959a-c9afc210f7fa___RS_GLSp 4307.JPG,Corn_(maize)___Cercospora_leaf_spot Gray_leaf_spot,130,2802148ef1fcc01807cbce0c24bd84bdc3a5b463d3f108ec25da37e6d9a7741a
Corn_(maize)___Cercospora_leaf_spot Gray_leaf_spot/457d0a21-a0a5-4fb4-9502-8071991f47b2___RS_GLSp 7285.JPG,Corn_(maize)___Cercospora_leaf_spot Gray_leaf_spot,131,0eb746c057319e1109aac1287aaedab9c061419f80ad6667446325bd81823f8e
Corn_(maize)___Cercospora_leaf_spot Gray_leaf_spot/468d93ab-7a44-4ae7-a489-a03d39651009___RS_GLSp 4466.JPG,Corn_(maize)___Cercospora_leaf_spot Gray_leaf_spot,132,70cf98a2ac686b279c01b4544d3b1c97da6474927717883d0444999844e40d95
Corn_(maize)___Cercospora_leaf_spot Gray_leaf_spot/48beb71e-555f-4510-9951-a57f7edce204___RS_GLSp 9334.JPG,Corn_(maize)___Cercospora_leaf_spot Gray_leaf_spot,133,5b5f83781f9fa8c89137bec8d53e4ad3760fb22ffc67545767898eaf1349328c
Corn_(maize)___Cercospora_leaf_spot Gray_leaf_spot/4baea4d9-8343-4550-838f-86dfb7672591___RS_GLSp 4639 copy.jpg,Corn_(maize)___Cercospora_leaf_spot Gray_leaf_spot,134,8f4364ba43c2edf3b79f78aac52f05a886ad925473e35f262a9c36db40e075c8
Corn_(maize)___Cercospora_leaf_spot Gray_leaf_spot/4be4a686-ab64-43d7-9d7c-0939e389aac9___RS_GLSp 9338.JPG,Corn_(maize)___Cercospora_leaf_spot Gray_leaf_spot,135,d316a81883c40c640be374cde28001b90c5951b4680e2a3473ab29ed7549c109
Corn_(maize)___Cercospora_leaf_spot Gray_leaf_spot/4c7894c0-29a5-4643-85ff-95ddb85dbd81___RS_GLSp 4605.JPG,Corn_(maize)___Cercospora_leaf_spot Gray_leaf_spot,136,70b9b4d2a71dedb5ac46c6be900af83d77edfb3bd1d546fed45e535dbb125363
Corn_(maize)___Cercospora_leaf_spot Gray_leaf_spot/4cd3f6c7-18ed-45eb-ba31-013241482123___RS_GLSp 4292.JPG,Corn_(maize)___Cercospora_leaf_spot Gray_leaf_spot,137,9f7cf600f4026c557c27bf52b1f6f3eb5092515c8cf28c224db1e25ba6460fb3
Corn_(maize)___Cercospora_leaf_spot Gray_leaf_spot/4d603da2-b570-4d8a-ba97-28f99c42dd89___RS_GLSp 7343.JPG,Corn_(maize)___Cercospora_leaf_spot Gray_leaf_spot,138,e33bd0cbd71b36dcd5dbdbfbf1594d306135a711629878ab0f758fdf141ee8c8
Corn_(maize)___Cercospora_leaf_spot Gray_leaf_spot/4f01283d-c07f-4c1f-9a94-186536d98196___RS_GLSp 4486.JPG,Corn_(maize)___Cercospora_leaf_spot Gray_leaf_spot,139,798abc36077a872827e7830df9e6609ee871ac3b9f273ffd7c55c0038bfc5bd6
Corn_(maize)___Cercospora_leaf_spot Gray_leaf_spot/4f3406d0-c000-40ea-91e2-0e41d69f668b___RS_GLSp 4458.JPG,Corn_(maize)___Cercospora_leaf_spot Gray_leaf_spot,140,fda864498a64a6335b77b4bb674167f4b185996e398c87650441036b325e5bf0
Corn_(maize)___Cercospora_leaf_spot Gray_leaf_spot/4f50bad3-aee2-4d6d-a144-5c56f4c1fdd9___RS_GLSp 9297.JPG,Corn_(maize)___Cercospora_leaf_spot Gray_leaf_spot,141,0e0cf93f89f86f0e5286a1303781db1c46342844d7369830c07b63d14ff378f9
Corn_(maize)___Cercospora_leaf_spot Gray_leaf_spot/509b6810-db94-46ea-be98-0208c5874a1c___RS_GLSp 4494.JPG,Corn_(maize)___Cercospora_leaf_spot Gray_leaf_spot,142,12610aba561c280d52f39d1d435c9c47dc139576d59470e4e87d6cb7aaf58387
Corn_(maize)___Cercospora_leaf_spot Gray_leaf_spot/50a8d45e-07fa-495d-8779-e07715b1c644___RS_GLSp 9358.JPG,Corn_(maize)___Cercospora_leaf_spot Gray_leaf_spot,143,6da0eec1d84304c03cfbea9aff09f9b2893f2b0ecca520fa5135f5fe29d22fb6
Corn_(maize)___Cercospora_leaf_spot Gray_leaf_spot/51bec38f-7a7a-43dc-9ab8-aa9dd7d9830c___RS_GLSp 4439.JPG,Corn_(maize)___Cercospora_leaf_spot Gray_leaf_spot,144,861d43d17626db39d2e65fe56424f67f99a357001b894c914bf558c5b5e839ec
Corn_(maize)___Cercospora_leaf_spot Gray_leaf_spot/527b87bb-91fb-4b6b-bb7f-6ff64b09ef80___RS_GLSp 7305.JPG,Corn_(maize)___Cercospora_leaf_spot Gray_leaf_spot,145,35bfab53f87a9594c9e46e0ef2b2c18314e1a2f8512b002d83231b13b48a42d6
Corn_(maize)___Cercospora_leaf_spot Gray_leaf_spot/52acf240-2625-4b4c-8484-6c93e998b115___RS_GLSp 7337.JPG,Corn_(maize)___Cercospora_leaf_spot Gray_leaf_spot,146,21e293cbb7d0ce2600345b9134c097fde8004fa133893823745768a3d173b53c
Corn_(maize)___Cercospora_leaf_spot Gray_leaf_spot/53ef1232-f812-41e7-bb8c-190241c11fc3___RS_GLSp 4617.JPG,Corn_(maize)___Cercospora_leaf_spot Gray_leaf_spot,147,2f8b17d960cd4f0f7f955f9ce51c07cadf485e0f842c36ec90ebb9c9065d21ed
Corn_(maize)___Cercospora_leaf_spot Gray_leaf_spot/54d4d612-50a4-46cd-b0de-4e65988718f7___RS_GLSp 4637.JPG,Corn_(maize)___Cercospora_leaf_spot Gray_leaf_spot,148,f840275e9a8c5ff1c4f54971eda90ace3d6f7008dba53ebb5f2b4bb47f546b47
Corn_(maize)___Cercospora_leaf_spot Gray_leaf_spot/54ff4537-6187-4a07-b478-7a06d159915c___RS_GLSp 9368.JPG,Corn_(maize)___Cercospora_leaf_spot Gray_leaf_spot,149,2393b3db9f1863bea1b4aadf8b5610722c8bbb12ada376962dfa43a9f14d4982
Corn_(maize)___Cercospora_leaf_spot Gray_leaf_spot/56861977-2bbb-445d-a956-95fcb62f93f7___RS_GLSp 4607 copy.jpg,Corn_(maize)___Cercospora_leaf_spot Gray_leaf_spot,150,0eecbaf35d6f67b3c7c7800a0d41931f1d16324ddfcbc8067fbe663413703303
Corn_(maize)___Cercospora_leaf_spot Gray_leaf_spot/573ad2a6-906a-4d32-af81-0026fc57258f___RS_GLSp 4613.JPG,Corn_(maize)___Cercospora_leaf_spot Gray_leaf_spot,151,00fb35108efe02eeb6b17aa7b46e5847c3ce78dace89f9d5268eba9086f87dc9
Corn_(maize)___Cercospora_leaf_spot Gray_leaf_spot/5786dc07-0a0f-460b-896b-2bb4a240679e___RS_GLSp 7282.JPG,Corn_(maize)___Cercospora_leaf_spot Gray_leaf_spot,152,a536b6d3ae28ee0d36a639223243370712b8e8d913bbdde82396d37c41ed5e19
Corn_(maize)___Cercospora_leaf_spot Gray_leaf_spot/57e4abec-e203-4574-85f8-bc321b0e0ac3___RS_GLSp 4662.JPG,Corn_(maize)___Cercospora_leaf_spot Gray_leaf_spot,153,cafece94b732153ccc07a5c32ed99c6988512ded26f495f892b954a6e9ed60ea
Corn_(maize)___Cercospora_leaf_spot Gray_leaf_spot/584a0a63-7d44-469c-a0b0-f4d0aaa4c82f___RS_GLSp 4445.JPG,Corn_(maize)___Cercospora_leaf_spot Gray_leaf_spot,154,ad30365f126743959d1ab2698a4de209eb9d5af38dda276afe1e148eeb919363
Corn_(maize)___Cercospora_leaf_spot Gray_leaf_spot/58599ead-93e9-4ea8-a951-4ea380926f66___RS_GLSp 4649.JPG,Corn_(maize)___Cercospora_leaf_spot Gray_leaf_spot,155,f7a0bbd580ac2d1f5a844985ee4d822cd66121cc40ba1591546f73158cec31d1
Corn_(maize)___Cercospora_leaf_spot Gray_leaf_spot/590078f5-c132-47d1-a575-9a05637cdaba___RS_GLSp 9351.JPG,Corn_(maize)___Cercospora_leaf_spot Gray_leaf_spot,156,7026461eb712edfea8cf784e6c34ecdb2405fd423ff10821ee358a67b1169b7d
Corn_(maize)___Cercospora_leaf_spot Gray_leaf_spot/5958b15a-0ab1-411d-a5f2-99ef49572954___RS_GLSp 9275.JPG,Corn_(maize)___Cercospora_leaf_spot Gray_leaf_spot,157,c01fef8455aa1b0a5bdeb20a906d9e61dc768c4258731abe45c1dcbfc7c638e2
Corn_(maize)___Cercospora_leaf_spot Gray_leaf_spot/59726309-40b6-498d-a487-ff2d8fc455a8___RS_GLSp 4686.JPG,Corn_(maize)___Cercospora_leaf_spot Gray_leaf_spot,158,345b40070e812ba737d1a0c6cbfc8e094325d1517213352be097e176dee24b9e
Corn_(maize)___Cercospora_leaf_spot Gray_leaf_spot/598ba05d-f9b0-46da-803f-ed4276534ede___RS_GLSp 4414.JPG,Corn_(maize)___Cercospora_leaf_spot Gray_leaf_spot,159,1eb7b4c1639cb8775edb8139647e0f22c83cf0aa52c0be22bf97730ac2abf2b9
Corn_(maize)___Cercospora_leaf_spot Gray_leaf_spot/59abb5c6-b107-4e6d-8ae7-25bcadc18b3e___RS_GLSp 4476.JPG,Corn_(maize)___Cercospora_leaf_spot Gray_leaf_spot,160,205c6edc7f8924474a7e9a4c1832a60410f33d5de376c0152c041502c6ce72de
Corn_(maize)___Cercospora_leaf_spot Gray_leaf_spot/5ac6ef38-097e-4509-9090-1c02cf2c152a___RS_GLSp 4650.JPG,Corn_(maize)___Cercospora_leaf_spot Gray_leaf_spot,161,132c95c428a9cc4423ccbc12fd8bdc666fe06fd41c659dae61f333ea2df7d1c5
Corn_(maize)___Cercospora_leaf_spot Gray_leaf_spot/5afd034f-f65c-4eed-9bde-f3dcb2950072___RS_GLSp 4422.JPG,Corn_(maize)___Cercospora_leaf_spot Gray_leaf_spot,162,aaf71e205cd3c69452d516e7fbca17a3eb532250f1150f06d8d96b38c174a33d
Corn_(maize)___Cercospora_leaf_spot Gray_leaf_spot/5b6fe4ff-01b0-4b9d-ad8d-4c6c8ef909be___RS_GLSp 9302.JPG,Corn_(maize)___Cercospora_leaf_spot Gray_leaf_spot,163,1c3a94f6a3e18f071b234fa9295ac7e1aa9ce1b8e955aeb7be7f91d2dbaf7b81
Corn_(maize)___Cercospora_leaf_spot Gray_leaf_spot/5cbbb4b8-88cc-4d5f-907a-505a2a831b8a___RS_GLSp 4599.JPG,Corn_(maize)___Cercospora_leaf_spot Gray_leaf_spot,164,245f829c456fe7614a03706e589f1fa64e2230f864fe2bf873980cd13a41fd3b
Corn_(maize)___Cercospora_leaf_spot Gray_leaf_spot/5cd4836c-b974-4228-b23f-1e70e8c3ea11___RS_GLSp 7328.JPG,Corn_(maize)___Cercospora_leaf_spot Gray_leaf_spot,165,d0085f5154a7d0b6be09c4746b2d881e2fac12436464f7d480887e0942723586
Corn_(maize)___Cercospora_leaf_spot Gray_leaf_spot/5cfe5cf5-bdba-44b5-8295-c5bda6e34ae3___RS_GLSp 9353 copy.jpg,Corn_(maize)___Cercospora_leaf_spot Gray_leaf_spot,166,da4377922a0ae19f20320566cd868ce8a6c9530bce13f4b9818f55bca17b3eeb
Corn_(maize)___Cercospora_leaf_spot Gray_leaf_spot/5d69a1f2-cead-4661-8014-63e35e131850___RS_GLSp 4337 copy.jpg,Corn_(maize)___Cercospora_leaf_spot Gray_leaf_spot,167,db31bf1d9b47140f0d4d1d68038dd798956f1f550567d2fd2082a11deb4763b8
Corn_(maize)___Cercospora_leaf_spot Gray_leaf_spot/5dcd9141-4aaf-41c7-94a5-0af587f0a58c___RS_GLSp 4391.JPG,Corn_(maize)___Cercospora_leaf_spot Gray_leaf_spot,168,31e1fea48fa22791acde3d5c1dded4d31b0aa1efa5c227c613da290e2ed750fd
Corn_(maize)___Cercospora_leaf_spot Gray_leaf_spot/5e673820-c759-49c5-82bb-5c1079c8324c___RS_GLSp 7317.JPG,Corn_(maize)___Cercospora_leaf_spot Gray_leaf_spot,169,753db5a1b291bd0519faece152cba22fd365b1718c19b3a2303567aa467dc120
Corn_(maize)___Cercospora_leaf_spot Gray_leaf_spot/5f00e4d0-e48c-4b6b-9602-022fd38cf7e7___RS_GLSp 7331.JPG,Corn_(maize)___Cercospora_leaf_spot Gray_leaf_spot,170,d6d1bc9bf4b82841f0dab6cb235dc384fb515f432a935bcda258160c8e1e17f3
Corn_(maize)___Cercospora_leaf_spot Gray_leaf_spot/5f34d592-9ebd-4498-955e-bf28944ef9d0___RS_GLSp 9367.JPG,Corn_(maize)___Cercospora_leaf_spot Gray_leaf_spot,171,56540d5dd8e92166723cd2072f685d09cd894f727d554fad709f1dcb093ef7fd
Corn_(maize)___Cercospora_leaf_spot Gray_leaf_spot/60360241-19f0-4773-9eca-4ca26fcf49b4___RS_GLSp 4394.JPG,Corn_(maize)___Cercospora_leaf_spot Gray_leaf_spot,172,43ba204dbf77ec2c6aaacec661a46e89813baf671fa9af9989f02c4b0a6f4f50
Corn_(maize)___Cercospora_leaf_spot Gray_leaf_spot/617766d7-75ff-4b18-b37d-ce2b5a7255bd___RS_GLSp 7312.JPG,Corn_(maize)___Cercospora_leaf_spot Gray_leaf_spot,173,7a14ff7d6329a8118edc1ad7241e9b22a26c8d091ddfc001fb43c3e957a6a704
Corn_(maize)___Cercospora_leaf_spot Gray_leaf_spot/6254c5e3-95a7-41b4-a126-83c92d1c5f37___RS_GLSp 7327.JPG,Corn_(maize)___Cercospora_leaf_spot Gray_leaf_spot,174,0e88edbde0763a687dda29cc2abd26c1ee0896c97fc7abe85b213cbf9bf45938
Corn_(maize)___Cercospora_leaf_spot Gray_leaf_spot/629273b6-9eaa-4084-b72b-ac856a9ef899___RS_GLSp 4636.JPG,Corn_(maize)___Cercospora_leaf_spot Gray_leaf_spot,175,30889c99b5fbbd8c163407f1de81f81bd916f8020a2a83a11981fcfb55160c94
Corn_(maize)___Cercospora_leaf_spot Gray_leaf_spot/62e5f367-b111-478b-a187-88c298dc83be___RS_GLSp 9320.JPG,Corn_(maize)___Cercospora_leaf_spot Gray_leaf_spot,176,1b5b47be6b3ad303c955f63fd20f5bbf15fcd371961b6f9273e7447dc1e00f8b
Corn_(maize)___Cercospora_leaf_spot Gray_leaf_spot/636e39bc-897f-4ed7-8262-67f795eea324___RS_GLSp 9314.JPG,Corn_(maize)___Cercospora_leaf_spot Gray_leaf_spot,177,ac8aa1938d2c92e6f0d8f1e1f907f9c2e443c5276b1e6d7176d2c4453d39d88e
Corn_(maize)___Cercospora_leaf_spot Gray_leaf_spot/63762409-379e-4299-a46a-5f6db703687e___RS_GLSp 4333.JPG,Corn_(maize)___Cercospora_leaf_spot Gray_leaf_spot,178,0ccc2b29492d17be5581b35aa6675817bc7edd049a73d334dfb1d51b87d9979d
Corn_(maize)___Cercospora_leaf_spot Gray_leaf_spot/63885679-bac0-4326-a535-115a8f27c3d2___RS_GLSp 7319.JPG,Corn_(maize)___Cercospora_leaf_spot Gray_leaf_spot,179,2c917e263268c11915f526af11538ac7856df9f3b5ab01802a844a17085e4a85
Corn_(maize)___Cercospora_leaf_spot Gray_leaf_spot/639ec33d-bc8e-469b-8968-71f0ec060d18___RS_GLSp 4320.JPG,Corn_(maize)___Cercospora_leaf_spot Gray_leaf_spot,180,c61fbd34f8e8c3cc6ce5f3d425e4b9dabefd55610fceed2f99516253301c5c4c
Corn_(maize)___Cercospora_leaf_spot Gray_leaf_spot/648f5a4f-9fb5-486f-97ac-918c5804ab53___RS_GLSp 4370.JPG,Corn_(maize)___Cercospora_leaf_spot Gray_leaf_spot,181,4510a1ebae66b0954c465b73449d62b010f1d1d26d76bb117c5ac33281ac1976
Corn_(maize)___Cercospora_leaf_spot Gray_leaf_spot/656c0edc-3b1f-4d8b-adce-6264b69f7aa8___RS_GLSp 4492.JPG,Corn_(maize)___Cercospora_leaf_spot Gray_leaf_spot,288,b2ac17778d7fbc1ea06741685d94c85204f609b2bea91afde7e7e918f50d84c6
Corn_(maize)___Cercospora_leaf_spot Gray_leaf_spot/659f419d-10c3-42db-9b3a-45565709354c___RS_GLSp 4658.JPG,Corn_(maize)___Cercospora_leaf_spot Gray_leaf_spot,183,c996b9b190fb1dead0f038f52d7056fe98e1ae365cc0a0438a6972597dd09392
Corn_(maize)___Cercospora_leaf_spot Gray_leaf_spot/66151c80-6947-4062-bbb0-3771e6feefc3___RS_GLSp 7304.JPG,Corn_(maize)___Cercospora_leaf_spot Gray_leaf_spot,184,7b99467c93143221f3821970a462beae7cf0a7901db6798fb99ac78c0c6ccec5
Corn_(maize)___Cercospora_leaf_spot Gray_leaf_spot/671065f1-731f-45fa-9c11-3e0080f79ff3___RS_GLSp 4344.JPG,Corn_(maize)___Cercospora_leaf_spot Gray_leaf_spot,185,c7f1f41cd02f086dabfc143f600eedd0247d359f83ca7a5ff7a4865bc0c8602a
Corn_(maize)___Cercospora_leaf_spot Gray_leaf_spot/6807988d-6cd7-4994-8469-8d48de642c2c___RS_GLSp 4380.JPG,Corn_(maize)___Cercospora_leaf_spot Gray_leaf_spot,186,28b69671ba0be06bda6318967529c023e674eae5433388e4481f984504451ff1
Corn_(maize)___Cercospora_leaf_spot Gray_leaf_spot/68ddbf53-4695-4c6a-b575-cc03097d46c1___RS_GLSp 4648.JPG,Corn_(maize)___Cercospora_leaf_spot Gray_leaf_spot,187,adba8b2a3f146546bc93fa14dc5fe67cabecfe7942a2484fc3bc1b530dad03a9
Corn_(maize)___Cercospora_leaf_spot Gray_leaf_spot/6b4ebda6-c3d3-4d7e-b38e-cf948ec16dd2___RS_GLSp 9326.JPG,Corn_(maize)___Cercospora_leaf_spot Gray_leaf_spot,188,f2a3b4675a7789cb62f7f06e4740481f179c9eb3e51ebd625cdf561675fcee63
Corn_(maize)___Cercospora_leaf_spot Gray_leaf_spot/6b7159c6-3c22-4f68-ac74-4cf4ff12f8e5___RS_GLSp 4381.JPG,Corn_(maize)___Cercospora_leaf_spot Gray_leaf_spot,189,ed3394d5397142cce190d5345abd117fe6059ac2bcb745b4a1fe58a2d431ff73
Corn_(maize)___Cercospora_leaf_spot Gray_leaf_spot/6bb782e3-5856-40e5-9f52-e0f5a0bf51cb___RS_GLSp 4646.JPG,Corn_(maize)___Cercospora_leaf_spot Gray_leaf_spot,190,feef7fa44ff53cf86bc82e56aa2f39f71c2054130ea0a7c5caecf5660dd5dcae
Corn_(maize)___Cercospora_leaf_spot Gray_leaf_spot/6c67e4a1-25ee-4c6c-bca5-effa33d24065___RS_GLSp 4680.JPG,Corn_(maize)___Cercospora_leaf_spot Gray_leaf_spot,191,fbe7090ed277a596e974676146c2e4191904fb4094daa250806c5a36f503a886
Corn_(maize)___Cercospora_leaf_spot Gray_leaf_spot/6d5fa9cd-63d6-4b4d-a932-9df6cd8b6524___RS_GLSp 4325.JPG,Corn_(maize)___Cercospora_leaf_spot Gray_leaf_spot,192,268b271a6531af38db0708e755dab556edd8f14e998ea9c7115e794a16693182
Corn_(maize)___Cercospora_leaf_spot Gray_leaf_spot/6db850c6-2b56-4acf-a283-2cd246c02bfa___RS_GLSp 4474 copy 2.jpg,Corn_(maize)___Cercospora_leaf_spot Gray_leaf_spot,193,4d1b99e251bfbbb36e6ef0ac270f49eb42d4f09bf91b0727f448b333ac4a93a6
Corn_(maize)___Cercospora_leaf_spot Gray_leaf_spot/6df99d74-ad7b-4ca2-84db-904099c7293c___RS_GLSp 4321.JPG,Corn_(maize)___Cercospora_leaf_spot Gray_leaf_spot,194,7a55e616079f19a8e2087b0272547ba02c43fba8ec4959b5569f54b59201e810
Corn_(maize)___Cercospora_leaf_spot Gray_leaf_spot/6e2464e9-1034-4ee9-9211-63e57ad09031___RS_GLSp 4661.JPG,Corn_(maize)___Cercospora_leaf_spot Gray_leaf_spot,195,d1d06fd426ee88b247aa5da856d75e3e54f117a74b0bbb62a69bc9e0af397199
Corn_(maize)___Cercospora_leaf_spot Gray_leaf_spot/6f4b40eb-6d14-4f30-9ef8-89f85bd841fd___RS_GLSp 4426.JPG,Corn_(maize)___Cercospora_leaf_spot Gray_leaf_spot,196,bea361c5ecea4ca0db697c854c5f79c9e1fd5d5c7fecc93af8e5cb6cc6dec1e7
Corn_(maize)___Cercospora_leaf_spot Gray_leaf_spot/6f69678a-a16a-417a-931b-49a22e810ed8___RS_GLSp 4679.JPG,Corn_(maize)___Cercospora_leaf_spot Gray_leaf_spot,197,be2b00f9163e5998ef4c1235fd66f7380b3369ea613477424d172349c34e3c19
Corn_(maize)___Cercospora_leaf_spot Gray_leaf_spot/6feb357f-c0ff-484f-8c7b-5f4ec92f56cd___RS_GLSp 4338.JPG,Corn_(maize)___Cercospora_leaf_spot Gray_leaf_spot,198,24c8f8fbca9a1dbe23a26201e4414f13c637aa47138ae3108fb1743a6dd20468
Corn_(maize)___Cercospora_leaf_spot Gray_leaf_spot/70b19141-ad0c-4370-a809-ab561cd74053___RS_GLSp 7291.JPG,Corn_(maize)___Cercospora_leaf_spot Gray_leaf_spot,199,c9cf76f3fa80534d4ba76781314ced04c10041cf121f100e98a2254868504548
Corn_(maize)___Cercospora_leaf_spot Gray_leaf_spot/70f07cb5-244a-4140-99fb-0cc87e8914d5___RS_GLSp 4429.JPG,Corn_(maize)___Cercospora_leaf_spot Gray_leaf_spot,200,609cd278525dee401c3a1da7c158bf77b867583fb2be9dbd5648ed2a3e849d2b
Corn_(maize)___Cercospora_leaf_spot Gray_leaf_spot/710d6f32-5df1-48df-a738-9a03ab158fa4___RS_GLSp 4584.JPG,Corn_(maize)___Cercospora_leaf_spot Gray_leaf_spot,201,89a5c99775cc0e6caa9e24e7bd776ea1aeb1a268aefb704844b38a6ca5b3b61b
Corn_(maize)___Cercospora_leaf_spot Gray_leaf_spot/7118cb62-d96a-4ae0-8c85-634aa6bc6f62___RS_GLSp 4354.JPG,Corn_(maize)___Cercospora_leaf_spot Gray_leaf_spot,202,2f60f3844c5f0e9b91da3db41db6e5e13667f2628eadb074e95b1c997e88ce88
Corn_(maize)___Cercospora_leaf_spot Gray_leaf_spot/714f6741-cb60-432b-91f9-ebd5a8a7ded4___RS_GLSp 7325.JPG,Corn_(maize)___Cercospora_leaf_spot Gray_leaf_spot,203,5e63e3f7fb74421ac3abafd0fe30bed75157a466af597ae79399b30ea2633c2c
Corn_(maize)___Cercospora_leaf_spot Gray_leaf_spot/716dd056-ffe4-4e09-a26f-6c90991b1aff___RS_GLSp 4288 copy.jpg,Corn_(maize)___Cercospora_leaf_spot Gray_leaf_spot,204,17b6e355718186f35057589ae7ba4b101cf605ecf91f78fc68722c8998ed9f17
Corn_(maize)___Cercospora_leaf_spot Gray_leaf_spot/719de1a2-172b-44fd-855c-6fa8df27e5bf___RS_GLSp 4652 copy.jpg,Corn_(maize)___Cercospora_leaf_spot Gray_leaf_spot,205,5da9051297640763e97ffbaf7d52fa9d4ca19f57227337fe01a5593d4f15eecb
Corn_(maize)___Cercospora_leaf_spot Gray_leaf_spot/71deb36b-bebd-4f7e-8ed3-362b1bbf86b2___RS_GLSp 4446.JPG,Corn_(maize)___Cercospora_leaf_spot Gray_leaf_spot,206,6f4282633a51cb230bed03eb7f92bc0bef74b8bc2850776ce39aedfe40056203
Corn_(maize)___Cercospora_leaf_spot Gray_leaf_spot/7394c8a3-7c6e-486b-a2b3-bb54d7dfba25___RS_GLSp 4334.JPG,Corn_(maize)___Cercospora_leaf_spot Gray_leaf_spot,207,ee50a7afc2b2194cb95dc6d23705d9bd23d1830212f3506684436883067b9b18
Corn_(maize)___Cercospora_leaf_spot Gray_leaf_spot/7415a13d-68cb-4e1f-bf40-c869c54fe702___RS_GLSp 4511.JPG,Corn_(maize)___Cercospora_leaf_spot Gray_leaf_spot,208,43fc8591da9c5d31ed50eaa955be565a0133be4fd9cd7fc0b6e03c1e7415c199
Corn_(maize)___Cercospora_leaf_spot Gray_leaf_spot/74967cb3-e984-43f3-9bd3-74ba302b1db7___RS_GLSp 4555.JPG,Corn_(maize)___Cercospora_leaf_spot Gray_leaf_spot,209,42dcfc0a8d2a793fad6c87b7747a11dd66ce34f5adf98036f2455187d343dc23
Corn_(maize)___Cercospora_leaf_spot Gray_leaf_spot/7532276c-6dcc-4c1b-9597-14a40d0414dd___RS_GLSp 4606.JPG,Corn_(maize)___Cercospora_leaf_spot Gray_leaf_spot,210,0f6795ba3354a6f7bafb82b61a3b39e0ed1129d0c628b8a64df8b1ff72c31077
Corn_(maize)___Cercospora_leaf_spot Gray_leaf_spot/7565238f-ba56-4a1b-93b6-a978fbc19e6a___RS_GLSp 4309.JPG,Corn_(maize)___Cercospora_leaf_spot Gray_leaf_spot,211,f69b85eee0ce364c45092b471e07895e69eaf1390bf36c5721779b7a776cf1db
Corn_(maize)___Cercospora_leaf_spot Gray_leaf_spot/7599513c-e2f3-4301-a010-6f32b429d047___RS_GLSp 4286.JPG,Corn_(maize)___Cercospora_leaf_spot Gray_leaf_spot,212,149a423fc6740695d543eab30df7e37f567847f26de7df97cd6ecbf8301ce0ab
Corn_(maize)___Cercospora_leaf_spot Gray_leaf_spot/75c57507-6463-4886-8195-b1319c434ef7___RS_GLSp 4390.JPG,Corn_(maize)___Cercospora_leaf_spot Gray_leaf_spot,213,07338db9b43d0b143cfeed61e6f7db4fe441d6ac3013491be1b034b24852bbfe
Corn_(maize)___Cercospora_leaf_spot Gray_leaf_spot/75d924d6-a630-4e26-9e74-5b1e6dfc5e22___RS_GLSp 4475.JPG,Corn_(maize)___Cercospora_leaf_spot Gray_leaf_spot,214,2fb2273724a276aa1910a907787092b3e9b0fb18e8cbb53f4d250cd3eecf1965
Corn_(maize)___Cercospora_leaf_spot Gray_leaf_spot/76b67a93-0c4e-4c52-8952-632052db476b___RS_GLSp 9289.JPG,Corn_(maize)___Cercospora_leaf_spot Gray_leaf_spot,215,44e61e135f55bd9fbd1e7050dc4928731825fc014263cef684e9cbe239361879
Corn_(maize)___Cercospora_leaf_spot Gray_leaf_spot/76df2cc6-af5f-4f86-9dd7-d637936f9572___RS_GLSp 4609.JPG,Corn_(maize)___Cercospora_leaf_spot Gray_leaf_spot,216,36bf6f66a4c7aae1a0e410d52cd7e856fae7a7e4d96c4c26d172e45b2a22d706
Corn_(maize)___Cercospora_leaf_spot Gray_leaf_spot/77ae7d6f-8373-481e-b216-6fec69f06145___RS_GLSp 4622.JPG,Corn_(maize)___Cercospora_leaf_spot Gray_leaf_spot,217,1b367d05ad3092654ffcd2d3c1b533f2260c67256fe80231c9c1917afb4bdbf9
Corn_(maize)___Cercospora_leaf_spot Gray_leaf_spot/782d68b3-4619-4a4b-865f-7071d2552500___RS_GLSp 4593.JPG,Corn_(maize)___Cercospora_leaf_spot Gray_leaf_spot,218,c8f51617db08d9cf508009e98fbd4ad825169ae41724e86534e5f28a46bf27e0
Corn_(maize)___Cercospora_leaf_spot Gray_leaf_spot/792d473d-472a-43df-b0e1-dba9ab94edd5___RS_GLSp 4330.JPG,Corn_(maize)___Cercospora_leaf_spot Gray_leaf_spot,487,1eb62177ee26d2714299da80b299303f6bde6491977a1e6ea772afd570c05957
Corn_(maize)___Cercospora_leaf_spot Gray_leaf_spot/7944b10d-96b5-4219-882d-22b1e2380544___RS_GLSp 7309.JPG,Corn_(maize)___Cercospora_leaf_spot Gray_leaf_spot,220,fe3703336633808ea2aed0ff893188179d52f646bbb4e0b20023fe7a50eb5089
Corn_(maize)___Cercospora_leaf_spot Gray_leaf_spot/79aa374c-1687-42d4-bf48-84e8b1beb762___RS_GLSp 4408.JPG,Corn_(maize)___Cercospora_leaf_spot Gray_leaf_spot,221,aba58fa30bb0112fbea8fd28a911b406badd484680a75dc972002515e1e8a1ab
Corn_(maize)___Cercospora_leaf_spot Gray_leaf_spot/7a4c407a-5c68-4738-b084-f859cc0b980c___RS_GLSp 4586.JPG,Corn_(maize)___Cercospora_leaf_spot Gray_leaf_spot,222,52e6522df889016c7f4f1bcb6aae3773c0fd9c9cb39599768350e4a92ecfc612
Corn_(maize)___Cercospora_leaf_spot Gray_leaf_spot/7a93142b-986d-46d4-ad77-646d64f418dc___RS_GLSp 9341.JPG,Corn_(maize)___Cercospora_leaf_spot Gray_leaf_spot,223,2c926e35d8eee7513d5b1a5e9198afd0a56abeab2342131cda3792e2c0106120
Corn_(maize)___Cercospora_leaf_spot Gray_leaf_spot/7aaf97df-dc18-4858-887d-e27dfe6c020e___RS_GLSp 7330.JPG,Corn_(maize)___Cercospora_leaf_spot Gray_leaf_spot,224,5faed90537592ff105a9665c9d934c2153a7c764a7fb82b74d9ef4792a261f75
Corn_(maize)___Cercospora_leaf_spot Gray_leaf_spot/7b0308b0-8997-4318-b3e0-26c658f8dadf___RS_GLSp 7300.JPG,Corn_(maize)___Cercospora_leaf_spot Gray_leaf_spot,225,87ae9ee52d2d0793a02bac00909142830305de2171dfc28e3ce3d74dad8ede4c
Corn_(maize)___Cercospora_leaf_spot Gray_leaf_spot/7c479d6b-0f9a-4646-8337-445b76d2959e___RS_GLSp 9349.JPG,Corn_(maize)___Cercospora_leaf_spot Gray_leaf_spot,226,f86adda7449fb6e34e81e68bfbc7fa04f677a55c48832fc7f88343a51f40780c
Corn_(maize)___Cercospora_leaf_spot Gray_leaf_spot/7cc0887b-1bbc-49f4-8779-f7ff62aab90e___RS_GLSp 9354.JPG,Corn_(maize)___Cercospora_leaf_spot Gray_leaf_spot,308,d2fb43696e5cbdaee150f2e217a8a9c2b3dd3c10921428eeab28ea47ef4d152e
Corn_(maize)___Cercospora_leaf_spot Gray_leaf_spot/7eeafe66-9b88-473c-a2d6-a72edb99c3fa___RS_GLSp 9364.JPG,Corn_(maize)___Cercospora_leaf_spot Gray_leaf_spot,228,00a39428a5fb85724f4c463df464c76a6f65d4b85c1406d8184fb9f9f9447988
Corn_(maize)___Cercospora_leaf_spot Gray_leaf_spot/7f69942f-70ce-456b-b8cb-1ce937ea6389___RS_GLSp 4418.JPG,Corn_(maize)___Cercospora_leaf_spot Gray_leaf_spot,229,2df4ea66c9bdafd3301d25cc13bad4a3f20bc98b29f6dcd7400c0821d49c7e77
Corn_(maize)___Cercospora_leaf_spot Gray_leaf_spot/7ff116fc-5095-4377-bcf1-b173f05c9e7b___RS_GLSp 7323.JPG,Corn_(maize)___Cercospora_leaf_spot Gray_leaf_spot,230,e5b4b3dfcbc46ad4a0875b5ec1a6116bbe6d08764962031d75ff31f2a8f442cb
Corn_(maize)___Cercospora_leaf_spot Gray_leaf_spot/801db508-6c7c-45b4-9687-13c73e1e074f___RS_GLSp 7279.JPG,Corn_(maize)___Cercospora_leaf_spot Gray_leaf_spot,231,2654df2ceedf8cda1661c608591f5dc27f9e5536aac625779a530749cff53cdd
Corn_(maize)___Cercospora_leaf_spot Gray_leaf_spot/806c6ae2-671e-425d-9625-604adcf5b46a___RS_GLSp 4289.JPG,Corn_(maize)___Cercospora_leaf_spot Gray_leaf_spot,232,c4882fa2da8d06545d2c8d35b198de9101e88c857f66b1281fab7d48917b759b
Corn_(maize)___Cercospora_leaf_spot Gray_leaf_spot/80a35c48-04ed-457d-a7e0-ac5179c7b53a___RS_GLSp 7292.JPG,Corn_(maize)___Cercospora_leaf_spot Gray_leaf_spot,233,55f2b688604605ef30da1b765c5672b36c8859cf1d045236cc3ba3cb7d283208
Corn_(maize)___Cercospora_leaf_spot Gray_leaf_spot/81a4c5ce-8c96-43e6-8391-415465688419___RS_GLSp 9274.JPG,Corn_(maize)___Cercospora_leaf_spot Gray_leaf_spot,234,b2d2efc3de8f6591ee94c39a4636f93a1f65f7277ccf1fe55c32b6c126c3556f
Corn_(maize)___Cercospora_leaf_spot Gray_leaf_spot/81babd8e-2bdb-4cea-baa9-9ae6d871aa88___RS_GLSp 9301.JPG,Corn_(maize)___Cercospora_leaf_spot Gray_leaf_spot,235,d3f8ba6d85ff8bcf81d533ab1895a1806edf1f28490ee30fdaf4480073a30e9a
Corn_(maize)___Cercospora_leaf_spot Gray_leaf_spot/81c07a92-6542-413a-9395-eb6904635197___RS_GLSp 9290.JPG,Corn_(maize)___Cercospora_leaf_spot Gray_leaf_spot,236,da00e41a94bdaa1c374e99524b35c19fa4fd9e5fcf3dd326661db164cd8eb6dd
Corn_(maize)___Cercospora_leaf_spot Gray_leaf_spot/8372ebc2-c180-4161-b7b3-0b05a5700d0d___RS_GLSp 9325.JPG,Corn_(maize)___Cercospora_leaf_spot Gray_leaf_spot,237,a7ea270f067ad24f41476dea5c70144bc1b717411edc8bf5ee48fb898bcb0679
Corn_(maize)___Cercospora_leaf_spot Gray_leaf_spot/837474e2-d11d-44b7-b39b-0a21442b1e04___RS_GLSp 4455.JPG,Corn_(maize)___Cercospora_leaf_spot Gray_leaf_spot,441,39280b9e7171e2db367430f9e851b5bcf1ab13a2961d9dd16c90b3d898960105
Corn_(maize)___Cercospora_leaf_spot Gray_leaf_spot/850945f0-128d-4e93-a2f9-d5e79bd0068c___RS_GLSp 4308.JPG,Corn_(maize)___Cercospora_leaf_spot Gray_leaf_spot,239,bbea2a6c7517955a65f5f36264e99e3b66895198a99a03e04881338c66272dde
Corn_(maize)___Cercospora_leaf_spot Gray_leaf_spot/8596a96c-faff-424a-9f05-c21f486d63c5___RS_GLSp 4372.JPG,Corn_(maize)___Cercospora_leaf_spot Gray_leaf_spot,240,97efaf55f5b1b8b2a09c7c1e28928e693975d29ff4b53ce1cbb0805a6f744ff4
Corn_(maize)___Cercospora_leaf_spot Gray_leaf_spot/8665d5b5-d53d-4501-a6bb-011e6ee1ed61___RS_GLSp 4651 copy 2.jpg,Corn_(maize)___Cercospora_leaf_spot Gray_leaf_spot,241,55a1d6cace40ee28b6da696472c459441a142479fb66e2492ea8bf2f08750128
Corn_(maize)___Cercospora_leaf_spot Gray_leaf_spot/8689aa30-316a-4c89-b3d5-9f0467899cea___RS_GLSp 4498.JPG,Corn_(maize)___Cercospora_leaf_spot Gray_leaf_spot,242,81552fb3351a15ecb1fb4094bfd2a44d1fd422f45245d3eb24c5bb0c1d7f3554
Corn_(maize)___Cercospora_leaf_spot Gray_leaf_spot/86d512cb-65b5-401d-8b98-43cd03dbe815___RS_GLSp 9332.JPG,Corn_(maize)___Cercospora_leaf_spot Gray_leaf_spot,243,c3529c4de2081bb2bff48f5b7b92e89f11c5bfb1fcda38bc509f02c9a553f1d3
Corn_(maize)___Cercospora_leaf_spot Gray_leaf_spot/8776bae7-ccdc-46b8-95d6-7bb0610db123___RS_GLSp 4392.JPG,Corn_(maize)___Cercospora_leaf_spot Gray_leaf_spot,244,ce3e9f4c1878d08ad0e79883df4c8e6a7ee2b65c03aad9a9454e6883db2dd219
Corn_(maize)___Cercospora_leaf_spot Gray_leaf_spot/8788717a-1128-4cc4-a76e-71337500c5df___RS_GLSp 4623 copy.jpg,Corn_(maize)___Cercospora_leaf_spot Gray_leaf_spot,245,e58beba3cdf97a9cce910d0e46a3bb8caba7fe26d01cd6c2c146b16d87250587
Corn_(maize)___Cercospora_leaf_spot Gray_leaf_spot/87b2cf78-1514-454d-b9c9-8b1296002b6a___RS_GLSp 4386.JPG,Corn_(maize)___Cercospora_leaf_spot Gray_leaf_spot,246,7187de8c6cae5a78008de78197feb7011b6859774f28e34c3846372ef9d17edd
Corn_(maize)___Cercospora_leaf_spot Gray_leaf_spot/87e9e4cd-55fd-4437-9f93-84cd25e744c2___RS_GLSp 4504.JPG,Corn_(maize)___Cercospora_leaf_spot Gray_leaf_spot,247,df2fd0a4f0c8aada82feb0e9571039cfb44d20ea1c043e00d0faf6d15dbe6831
Corn_(maize)___Cercospora_leaf_spot Gray_leaf_spot/88423d75-8546-414c-a037-3292a5194695___RS_GLSp 9298.JPG,Corn_(maize)___Cercospora_leaf_spot Gray_leaf_spot,248,d3872b52d61a621525d409224a46c9ced872b46cb8e588d069e0a9c24fc48dee
Corn_(maize)___Cercospora_leaf_spot Gray_leaf_spot/8858dd29-eac0-443a-8213-425bbe223f7e___RS_GLSp 7334.JPG,Corn_(maize)___Cercospora_leaf_spot Gray_leaf_spot,249,8e0c25edb00f706a833a3f1edf46f8df9aeb823b1b8607071743263abfa9e676
Corn_(maize)___Cercospora_leaf_spot Gray_leaf_spot/8895b194-2dc6-4ed5-8155-1e483d4f93f3___RS_GLSp 4644.JPG,Corn_(maize)___Cercospora_leaf_spot Gray_leaf_spot,250,c3e6866cbb9783af7419f764b46c59e00ee5578385967bc07015afc8204cec55
Corn_(maize)___Cercospora_leaf_spot Gray_leaf_spot/88bd95d6-469d-4588-94c9-d11c330951bd___RS_GLSp 4468.JPG,Corn_(maize)___Cercospora_leaf_spot Gray_leaf_spot,251,1dd8dde8e7d0c8f7ee9d50e2a50aec589fcedebd97f145ecbc9e2d72ef2618e6
Corn_(maize)___Cercospora_leaf_spot Gray_leaf_spot/89a78c7f-dac6-426f-a0ad-397ce80e7a29___RS_GLSp 4289 copy 2.jpg,Corn_(maize)___Cercospora_leaf_spot Gray_leaf_spot,252,2897835b86e50bb4d56518618c7ced82e9b6c3b090e0db273c847b1e0d75819f
Corn_(maize)___Cercospora_leaf_spot Gray_leaf_spot/89d03cba-77b6-4197-9993-434138cf6eba___RS_GLSp 7303.JPG,Corn_(maize)___Cercospora_leaf_spot Gray_leaf_spot,253,38ba30d63c240187b52a61be050db0428ae0791d6c84b0a5a368b78d4c7edf78
Corn_(maize)___Cercospora_leaf_spot Gray_leaf_spot/89db4731-dd79-48cc-a1d8-0ef44165e613___RS_GLSp 4564.JPG,Corn_(maize)___Cercospora_leaf_spot Gray_leaf_spot,254,9e46db187ce488ff47cc6750b8f2d9179f42f0188159b2271bd38378a6ae1eaf
Corn_(maize)___Cercospora_leaf_spot Gray_leaf_spot/89edb9c3-2ae7-4a95-937f-74778fc98df0___RS_GLSp 7287.JPG,Corn_(maize)___Cercospora_leaf_spot Gray_leaf_spot,255,08c6ae788b5a1f33f0bc614a2d77eada40428045c7c7cc25a86b4074d28b39a8
Corn_(maize)___Cercospora_leaf_spot Gray_leaf_spot/8a3603cd-1ffa-42b5-a6d8-f9c957639a45___RS_GLSp 4677.JPG,Corn_(maize)___Cercospora_leaf_spot Gray_leaf_spot,256,42e98a9f26f99ccd570c220c9114fd09ec0b30372b9afe1c3c914d2ee85b00b5
Corn_(maize)___Cercospora_leaf_spot Gray_leaf_spot/8bc4bad8-0337-4b33-858d-4d97aa0b6e4b___RS_GLSp 9366.JPG,Corn_(maize)___Cercospora_leaf_spot Gray_leaf_spot,257,989e407a60c825288db9e56a7adb809698c9768dd92e404a43076240f241307b
Corn_(maize)___Cercospora_leaf_spot Gray_leaf_spot/8d386446-45f5-4a92-b54b-59cbe0e08a3e___RS_GLSp 9329.JPG,Corn_(maize)___Cercospora_leaf_spot Gray_leaf_spot,258,b4cdf6fc9a91d8d7ae5078bd8f7e507afa1373d48f5e4c12eb36a7fe62ee785b
Corn_(maize)___Cercospora_leaf_spot Gray_leaf_spot/8d7cc082-a5e3-4a8c-a5e2-c81828814f2f___RS_GLSp 4575.JPG,Corn_(maize)___Cercospora_leaf_spot Gray_leaf_spot,259,f5478eecb8e9f97139e8cef68bd9a5d25f3eab52652efb977a3d4d66839f66e0
Corn_(maize)___Cercospora_leaf_spot Gray_leaf_spot/8da48548-461c-4574-9435-74310d8207a3___RS_GLSp 4387.JPG,Corn_(maize)___Cercospora_leaf_spot Gray_leaf_spot,260,8caee95ef51adc1965e45cb7d1a9bd01336ae62500ae2cf864cf2cf6037aa316
Corn_(maize)___Cercospora_leaf_spot Gray_leaf_spot/8ead1e08-eb49-4c03-b99f-f46f3597087d___RS_GLSp 4474 copy.jpg,Corn_(maize)___Cercospora_leaf_spot Gray_leaf_spot,261,5bf357389681ec1f89658df92f8bb73c08af1392f97fc5ed0c3b23f585bacbe7
Corn_(maize)___Cercospora_leaf_spot Gray_leaf_spot/9043a294-8d22-405f-add1-7e5bf1606e7a___RS_GLSp 4431 copy 2.jpg,Corn_(maize)___Cercospora_leaf_spot Gray_leaf_spot,262,fdde98363f586dbdfa54b5bb1b322f8bb318b0b182bfba1c1cf577888b2d1a60
Corn_(maize)___Cercospora_leaf_spot Gray_leaf_spot/9103b8e5-919c-4d08-a282-25176874769c___RS_GLSp 4653.JPG,Corn_(maize)___Cercospora_leaf_spot Gray_leaf_spot,263,f7b45110a85382603c3e7d40e1467097c9c9c7e86b12511f64b9d769172b6c0c
Corn_(maize)___Cercospora_leaf_spot Gray_leaf_spot/910679a5-f18d-40ac-a00e-9e2c27a45610___RS_GLSp 9327.JPG,Corn_(maize)___Cercospora_leaf_spot Gray_leaf_spot,264,f7e5d3e0ed7606af567d4f88dc2d946b8516a3af41d75a7b495064de02b7a47c
Corn_(maize)___Cercospora_leaf_spot Gray_leaf_spot/919e2c3d-488e-440e-9841-60348cdb4adf___RS_GLSp 9322.JPG,Corn_(maize)___Cercospora_leaf_spot Gray_leaf_spot,265,39dac24957e9d9df18f1f133e08985cae19115fe22b9bf4f80bd3ab5aacbea9d
Corn_(maize)___Cercospora_leaf_spot Gray_leaf_spot/9210aee1-c3fc-4a6c-b98b-5b2634482985___RS_GLSp 4682.JPG,Corn_(maize)___Cercospora_leaf_spot Gray_leaf_spot,266,5c50b4ac9fa7e282955975d2203c94e5eaaf639dfedca4e7bf8d8ecf84d051b4
Corn_(maize)___Cercospora_leaf_spot Gray_leaf_spot/922d9b80-97b2-4251-a073-0d41bddb0654___RS_GLSp 9359.JPG,Corn_(maize)___Cercospora_leaf_spot Gray_leaf_spot,267,3faa4d98a2c246d8be86921cbbea004e5e7797504b526e1d5b0a4656c37b4c15
Corn_(maize)___Cercospora_leaf_spot Gray_leaf_spot/93b53cb0-57cd-480f-9314-8cc0ed579782___RS_GLSp 4427.JPG,Corn_(maize)___Cercospora_leaf_spot Gray_leaf_spot,268,77f8978cf8e4f0db37609bc6ccc4c4a915009268f30918e705d0d87e126c673f
Corn_(maize)___Cercospora_leaf_spot Gray_leaf_spot/94dbcd4e-5fc8-47d6-a944-dc0cc7c6ead5___RS_GLSp 4638 copy.jpg,Corn_(maize)___Cercospora_leaf_spot Gray_leaf_spot,269,1e20ee92dd47c7a641745ab2eb4d9af6f28270a5b4ddb1e4c969a41b65df347f
Corn_(maize)___Cercospora_leaf_spot Gray_leaf_spot/950e2b3f-a007-48c5-bb85-8c68336a7e76___RS_GLSp 4453.JPG,Corn_(maize)___Cercospora_leaf_spot Gray_leaf_spot,270,9554af47c29631d94c3170f6ed966b6b6cf3aeafcb53e797346aab13d4590e46
Corn_(maize)___Cercospora_leaf_spot Gray_leaf_spot/95cb3d00-afba-4a91-b397-8e9287ecd12e___RS_GLSp 4584 copy.jpg,Corn_(maize)___Cercospora_leaf_spot Gray_leaf_spot,271,a4982598e7125ae5251c594a623165d1ee9bf2c3557508b73c07a70f9e806db6
Corn_(maize)___Cercospora_leaf_spot Gray_leaf_spot/966ea8fb-bc23-4161-810b-8c2251c6a1cc___RS_GLSp 4474.JPG,Corn_(maize)___Cercospora_leaf_spot Gray_leaf_spot,272,a414613a37af047da003d1bbc883c2bf82039c3ac9fda8f88bbb51b9104e1856
Corn_(maize)___Cercospora_leaf_spot Gray_leaf_spot/97173da1-f3d9-4b42-8e86-3f2a066c1704___RS_GLSp 4449.JPG,Corn_(maize)___Cercospora_leaf_spot Gray_leaf_spot,273,42dc564f2ef874f49c858baa07a609f6758548633eb5a3c9f441563499923220
Corn_(maize)___Cercospora_leaf_spot Gray_leaf_spot/97231a3c-2a80-4fa6-b619-b6493ab335a4___RS_GLSp 4377.JPG,Corn_(maize)___Cercospora_leaf_spot Gray_leaf_spot,506,b9cea588c2f5eba197827e4e22c0faa1758ba1058a2466346c95e49c40e6b8e6
Corn_(maize)___Cercospora_leaf_spot Gray_leaf_spot/978f82a3-d8c1-4ad8-a212-cc8b7b3306b8___RS_GLSp 7343 copy.jpg,Corn_(maize)___Cercospora_leaf_spot Gray_leaf_spot,275,a3e16966ae353025907874885ec25227bbd7a7fe58a1a6426de802d9192a43c1
Corn_(maize)___Cercospora_leaf_spot Gray_leaf_spot/97b35ced-b7ca-4f6d-8c22-5390c3d192c8___RS_GLSp 7307.JPG,Corn_(maize)___Cercospora_leaf_spot Gray_leaf_spot,276,b89104b863e6ca94007a86aae50f5314d33c3c5415e85a0aa22b09676a0addfb
Corn_(maize)___Cercospora_leaf_spot Gray_leaf_spot/97bc3c85-3c34-47c1-9bb8-5eccc54d0427___RS_GLSp 9267.JPG,Corn_(maize)___Cercospora_leaf_spot Gray_leaf_spot,277,19cafc4f4d66c52d046c1ccd129fa784cb2e56805f74525f82daefa55add1c55
Corn_(maize)___Cercospora_leaf_spot Gray_leaf_spot/980b6d5a-da0a-4904-82f4-19987a7f635c___RS_GLSp 4559.JPG,Corn_(maize)___Cercospora_leaf_spot Gray_leaf_spot,278,ae2b12a853c013a1a4e7d0c02b3eaf89b5bcf172668b592d1abf2d862966171e
Corn_(maize)___Cercospora_leaf_spot Gray_leaf_spot/987a84cc-b18d-4d03-916b-41925e23767f___RS_GLSp 7297.JPG,Corn_(maize)___Cercospora_leaf_spot Gray_leaf_spot,279,c5d3721b6cba72345c6ee39e2a2c021fdde991bb38c87ffb13be1b74900e3428
Corn_(maize)___Cercospora_leaf_spot Gray_leaf_spot/987f8819-fe72-413a-bf64-9a4d07acf353___RS_GLSp 9351 copy.jpg,Corn_(maize)___Cercospora_leaf_spot Gray_leaf_spot,280,bde9f372ecceae5a12849e58d3bb842a16a0aa0aba24fe22c4e7cceab4f98422
Corn_(maize)___Cercospora_leaf_spot Gray_leaf_spot/98d0dbe1-2532-419e-9cc4-1ef0da68fb0e___RS_GLSp 4452.JPG,Corn_(maize)___Cercospora_leaf_spot Gray_leaf_spot,281,2624cfda52aade87dc58cad5d36b0977ac90752a73151d1a7a4293bd0b8c67b0
Corn_(maize)___Cercospora_leaf_spot Gray_leaf_spot/99238e07-5714-429e-9e3b-cdaebef9ab85___RS_GLSp 3810 copy.jpg,Corn_(maize)___Cercospora_leaf_spot Gray_leaf_spot,282,a1a187efd7d785fb9644eaa74769af8978752eec2a6b194eae29994195880d02
Corn_(maize)___Cercospora_leaf_spot Gray_leaf_spot/9a59a663-089f-4722-8bb5-937f18978888___RS_GLSp 7301.JPG,Corn_(maize)___Cercospora_leaf_spot Gray_leaf_spot,283,a6b61be52515f6e3a85edcd37be60d41ff48e5b263a1803d529ccca30d2441f2
Corn_(maize)___Cercospora_leaf_spot Gray_leaf_spot/9ac3c670-7ccf-46a8-870c-c075a26374b0___RS_GLSp 9344.JPG,Corn_(maize)___Cercospora_leaf_spot Gray_leaf_spot,284,4cb14b15a269bbcfa4296d757e4c7da99513c312cdff2a610c6075026164bebe
Corn_(maize)___Cercospora_leaf_spot Gray_leaf_spot/9c78e47a-8ed7-4b8f-8230-499e2d135a0a___RS_GLSp 4335.JPG,Corn_(maize)___Cercospora_leaf_spot Gray_leaf_spot,285,cbc797ed2b91f533a58dc4a39f3bc3e9925826ec759aa873db0ebe3b514dcc7d
Corn_(maize)___Cercospora_leaf_spot Gray_leaf_spot/9d24f300-aaa7-413a-8abb-bf5b2b662fdc___RS_GLSp 4374 copy.jpg,Corn_(maize)___Cercospora_leaf_spot Gray_leaf_spot,286,a21d8d9f677ad565461254ff49458fb756d0f113675691b6740774a4ca7099d4
Corn_(maize)___Cercospora_leaf_spot Gray_leaf_spot/9d3711f5-7b4a-4d56-8455-f092daf27a01___RS_GLSp 4306.JPG,Corn_(maize)___Cercospora_leaf_spot Gray_leaf_spot,287,a349250d2ac43396cbff85332e3f9c6b8d2115a4afbe24d4bfd55151aeada17a
Corn_(maize)___Cercospora_leaf_spot Gray_leaf_spot/9e4b4ce4-514f-4add-81be-7ebafdacdb46___RS_GLSp 4490.JPG,Corn_(maize)___Cercospora_leaf_spot Gray_leaf_spot,288,0f497db3b85c1927c6e15f5e1e5fe02f69a7dd18f9a433593866e1dc6cd720e7
Corn_(maize)___Cercospora_leaf_spot Gray_leaf_spot/9e6ca942-064a-49ec-b7f9-8a1e25b5c0fe___RS_GLSp 4435.JPG,Corn_(maize)___Cercospora_leaf_spot Gray_leaf_spot,289,2d94449f8c113b1e0dbc81d56a37f9cf9e2b47f6cdda4d7216ae3fcfab151c7e
Corn_(maize)___Cercospora_leaf_spot Gray_leaf_spot/9f07734a-54f8-4083-b99f-76f3cf329916___RS_GLSp 4625.JPG,Corn_(maize)___Cercospora_leaf_spot Gray_leaf_spot,290,3edb3d704f6648bb856a25c57505675f1fa2b5e7884a87cc78bb934a128ac1b7
Corn_(maize)___Cercospora_leaf_spot Gray_leaf_spot/9ff013dc-f099-4a5c-a187-65f5864132a6___RS_GLSp 4397.JPG,Corn_(maize)___Cercospora_leaf_spot Gray_leaf_spot,291,851a2d65048897c790068ee0c211dceee58738a2c99f9e2efacd2476d5a41f22
Corn_(maize)___Cercospora_leaf_spot Gray_leaf_spot/9ffb3724-b220-4e79-9883-f1d3a5141152___RS_GLSp 4688 copy.jpg,Corn_(maize)___Cercospora_leaf_spot Gray_leaf_spot,292,88b4345fb5616b946cf652c5a5c57e33aa42c919c043438a43ea288b9c663a3f
Corn_(maize)___Cercospora_leaf_spot Gray_leaf_spot/a0061e48-b26c-4610-933a-b4f4ce341707___RS_GLSp 7333.JPG,Corn_(maize)___Cercospora_leaf_spot Gray_leaf_spot,293,631d5fe6a84da23d88ab38a221d81e8f1cf7ee29e8663078ebc2b9acf70b07ff
Corn_(maize)___Cercospora_leaf_spot Gray_leaf_spot/a01652a2-273e-4b0c-bc0a-c25f0245cfa9___RS_GLSp 4384.JPG,Corn_(maize)___Cercospora_leaf_spot Gray_leaf_spot,294,d675b881f43741b7a43cf18e4140e89ba2bee8b5158f458773a08adcd2e1cf69
Corn_(maize)___Cercospora_leaf_spot Gray_leaf_spot/a0c8342a-b9ca-4604-a2b0-7000bf7cdad2___RS_GLSp 4343.JPG,Corn_(maize)___Cercospora_leaf_spot Gray_leaf_spot,295,e3de732860f1ddeb9b937771fde62fa1c6788e142908964d16bd6bc534481207
Corn_(maize)___Cercospora_leaf_spot Gray_leaf_spot/a142d0e0-bdc3-44ad-9866-545ec2b006c3___RS_GLSp 9361.JPG,Corn_(maize)___Cercospora_leaf_spot Gray_leaf_spot,296,7d14d04e563897fe32982e1cbf1d10c0b1a89d5ea560e7e5fbc99754c7edc308
Corn_(maize)___Cercospora_leaf_spot Gray_leaf_spot/a17a47b5-a52e-4708-ac79-f435652966d6___RS_GLSp 4478.JPG,Corn_(maize)___Cercospora_leaf_spot Gray_leaf_spot,297,5e03248f0572d1e77a54e87922309adcff20a3e044d66898b9e5161983642e04
Corn_(maize)___Cercospora_leaf_spot Gray_leaf_spot/a23ba9aa-4f37-4d07-b4ef-396fcaf6514d___RS_GLSp 4553.JPG,Corn_(maize)___Cercospora_leaf_spot Gray_leaf_spot,298,38bc89fc45ad8b3dd4eb9674e7fa5728ec70ab6820f9819db2cb5d2322772f2a
Corn_(maize)___Cercospora_leaf_spot Gray_leaf_spot/a23f96ad-07de-46fe-b45d-bd5690db290c___RS_GLSp 4337.JPG,Corn_(maize)___Cercospora_leaf_spot Gray_leaf_spot,299,9d215e3b3841f49c4af3597897d6a6366b77f6a989c51ec1631b1739fa7d48c7
Corn_(maize)___Cercospora_leaf_spot Gray_leaf_spot/a27ab77f-274b-4785-95f7-4844aa141c32___RS_GLSp 9353.JPG,Corn_(maize)___Cercospora_leaf_spot Gray_leaf_spot,300,7f97a3f11e7628211cac79c3467d5c234b4531358be331e9afbae41a3606dde5
Corn_(maize)___Cercospora_leaf_spot Gray_leaf_spot/a312677c-a2d5-4aa0-bb76-0f1af43fb747___RS_GLSp 4395.JPG,Corn_(maize)___Cercospora_leaf_spot Gray_leaf_spot,301,c6d448960c592cd1e66d285ff6a9d54b1be650e802e114cecdc9e69b605fa2a0
Corn_(maize)___Cercospora_leaf_spot Gray_leaf_spot/a401fce7-28ad-4d2f-bf98-3ef87ae65ba5___RS_GLSp 4614.JPG,Corn_(maize)___Cercospora_leaf_spot Gray_leaf_spot,302,fc908cf492fc2626c86eca940d5769592ee4af16c918992763e00d0b470079a1
Corn_(maize)___Cercospora_leaf_spot Gray_leaf_spot/a42e0a8a-560a-4659-96ed-3af63cf57b77___RS_GLSp 9313 copy.jpg,Corn_(maize)___Cercospora_leaf_spot Gray_leaf_spot,303,0b16a92dc4ffb22828b6892c31df37dfe89c96a0ce3fff1048424c4d4b535c78
Corn_(maize)___Cercospora_leaf_spot Gray_leaf_spot/a47710cd-fdee-4562-8e91-1d7f405ca44f___RS_GLSp 4409.JPG,Corn_(maize)___Cercospora_leaf_spot Gray_leaf_spot,304,4a873b37cbff92f974ba5ca4f1192006c3b60eef1d8a5c9bc35856755d766118
Corn_(maize)___Cercospora_leaf_spot Gray_leaf_spot/a4937a5f-feb4-4d93-a75d-210a8d82bb0d___RS_GLSp 9296.JPG,Corn_(maize)___Cercospora_leaf_spot Gray_leaf_spot,305,9585a3cf5e4e539433bc41baf4b72a9add1fdff6414dfe1a7f2a1b7a7c5dc822
Corn_(maize)___Cercospora_leaf_spot Gray_leaf_spot/a4d985ef-9631-4c30-894c-cd9bcecded58___RS_GLSp 4477.JPG,Corn_(maize)___Cercospora_leaf_spot Gray_leaf_spot,306,3bd30be977e9718326df6298e13d162c1ecc193353a666006649b4d3239c702d
Corn_(maize)___Cercospora_leaf_spot Gray_leaf_spot/a593a2fb-75d0-434e-ad4e-b9272d7b4652___RS_GLSp 4585.JPG,Corn_(maize)___Cercospora_leaf_spot Gray_leaf_spot,307,7d7eaa7c46bca8536233138145b09466f19127e6cbbdb03274db254e9f73e2cf
Corn_(maize)___Cercospora_leaf_spot Gray_leaf_spot/a5ab43da-2672-4993-b24a-46d0cae88fa6___RS_GLSp 9355.JPG,Corn_(maize)___Cercospora_leaf_spot Gray_leaf_spot,308,da62659943d74a9b98cbaf46b0e44afda81a63414df1de40b2b29d99ff5eedb4
Corn_(maize)___Cercospora_leaf_spot Gray_leaf_spot/a69da8d8-ed56-4bd8-a6ac-4208b8751cf1___RS_GLSp 9278.JPG,Corn_(maize)___Cercospora_leaf_spot Gray_leaf_spot,309,1a6b1e1a2afe5eef341bf3f526342f6e4538d2c036b679d6bac317c7e592795f
Corn_(maize)___Cercospora_leaf_spot Gray_leaf_spot/a70422d5-9fb2-4d2f-9780-e341e8ea4c82___RS_GLSp 4380 copy.jpg,Corn_(maize)___Cercospora_leaf_spot Gray_leaf_spot,310,fb01c7bee9e9a4000bd37421588699236bc67591eec1b9a82921ab10f1580bf1
Corn_(maize)___Cercospora_leaf_spot Gray_leaf_spot/a746eab2-b4d5-48f7-9dd6-9f9584a030f1___RS_GLSp 4328 copy.jpg,Corn_(maize)___Cercospora_leaf_spot Gray_leaf_spot,311,defa6dce23888524a96e1465288d731ec6ea2223d157280764d840bda28c8daa
Corn_(maize)___Cercospora_leaf_spot Gray_leaf_spot/a7659e27-ba53-4b85-a0dd-6a1009703831___RS_GLSp 4619.JPG,Corn_(maize)___Cercospora_leaf_spot Gray_leaf_spot,312,45cbae1bd96eb883ab359ba6ba338059c8be7b062cfe30aab471c0b6a1e4dd69
Corn_(maize)___Cercospora_leaf_spot Gray_leaf_spot/a768a3ed-74df-4223-a9ec-9c58663d2323___RS_GLSp 4496 copy.jpg,Corn_(maize)___Cercospora_leaf_spot Gray_leaf_spot,313,8d54e62eab5dd1cf13d0b222911880e0fbeba9755e23a835bdd1ecda1615226d
Corn_(maize)___Cercospora_leaf_spot Gray_leaf_spot/a79e6eae-3c49-455b-9b51-e34da9ce6d1b___RS_GLSp 4493.JPG,Corn_(maize)___Cercospora_leaf_spot Gray_leaf_spot,314,35eca1c98dcc0b65fef3309ce380cc9b1deafc746e976cc704e61344dd06124b
Corn_(maize)___Cercospora_leaf_spot Gray_leaf_spot/a7dc9342-e554-4245-98f7-d35a3cbd52fe___RS_GLSp 7281.JPG,Corn_(maize)___Cercospora_leaf_spot Gray_leaf_spot,315,c0577d5c7261d0b91fd48538e97b3a135dd2e901c99234341b9be8b09d7a625d
Corn_(maize)___Cercospora_leaf_spot Gray_leaf_spot/a89fef58-2ae1-4fcc-ac6e-c9191a3ac3a5___RS_GLSp 9311 copy.jpg,Corn_(maize)___Cercospora_leaf_spot Gray_leaf_spot,316,18ccc11a1b3775f250a284342a1251dbdc2461daac7bec7825b2cb8132954177
Corn_(maize)___Cercospora_leaf_spot Gray_leaf_spot/a95a00bc-f6af-4006-beda-81f8629cf106___RS_GLSp 9308.JPG,Corn_(maize)___Cercospora_leaf_spot Gray_leaf_spot,317,2ea27ee2e467b520aa617b99f02b398778d6fe15985b08b7742288e916d9d9e0
Corn_(maize)___Cercospora_leaf_spot Gray_leaf_spot/a9bc0746-7cb8-4cf7-8998-27afed5648d8___RS_GLSp 7322.JPG,Corn_(maize)___Cercospora_leaf_spot Gray_leaf_spot,318,65e6f905d1d49a70e8359987e7955fd80be8a94b3c6e1a4570eb543e56a80fa4
Corn_(maize)___Cercospora_leaf_spot Gray_leaf_spot/a9e08234-c1be-4519-a3e3-dd8d9456fab0___RS_GLSp 7336.JPG,Corn_(maize)___Cercospora_leaf_spot Gray_leaf_spot,319,09b39b4d5059c9cfc6f3e54926e12bd0126b94edba173124e7089a2261c5318c
Corn_(maize)___Cercospora_leaf_spot Gray_leaf_spot/a9eb57c6-db27-467a-aff2-253c58e26722___RS_GLSp 4446 copy.jpg,Corn_(maize)___Cercospora_leaf_spot Gray_leaf_spot,320,558e28038c0b3893001c86645b1aa493e797306a7a03dfccf1c9175d505d82d9
Corn_(maize)___Cercospora_leaf_spot Gray_leaf_spot/aa261076-42a4-45b0-bc3a-e7fab382f194___RS_GLSp 4403.JPG,Corn_(maize)___Cercospora_leaf_spot Gray_leaf_spot,321,ed4acf31382037e449620e8f89241fca4b76abe4176e88101dce6290749e4f20
Corn_(maize)___Cercospora_leaf_spot Gray_leaf_spot/aa264c7c-cdcf-4a82-aafb-65e9f076feea___RS_GLSp 4327.JPG,Corn_(maize)___Cercospora_leaf_spot Gray_leaf_spot,322,2afbc99aead3204621d05e6549e5ae3899fd907ece053dc61e4b0ddbab417ebc
Corn_(maize)___Cercospora_leaf_spot Gray_leaf_spot/aa2c6e9d-ce0f-4883-8b49-45412e96478d___RS_GLSp 7306.JPG,Corn_(maize)___Cercospora_leaf_spot Gray_leaf_spot,323,3780d9a3bc0ec799dac05482ebdaecf1fd3263a881f415d003fda0fcfb1666cb
Corn_(maize)___Cercospora_leaf_spot Gray_leaf_spot/aa7c5620-2ec9-4b2c-9091-8ce30597661e___RS_GLSp 9363.JPG,Corn_(maize)___Cercospora_leaf_spot Gray_leaf_spot,324,671f340ea349e8a4ea83f6c78cc13f2965e6e33c69255b847f1cf11ff21faba1
Corn_(maize)___Cercospora_leaf_spot Gray_leaf_spot/ab5d1489-88e6-467f-b9b2-21b064d60fb0___RS_GLSp 4509.JPG,Corn_(maize)___Cercospora_leaf_spot Gray_leaf_spot,325,0013fe55fe0d5d2397bcce7ea20747589b1ab34c18a0d34c8efb48d3ef5cbc80
Corn_(maize)___Cercospora_leaf_spot Gray_leaf_spot/ab76d00b-1082-49bf-9499-ca0640946ad9___RS_GLSp 9369.JPG,Corn_(maize)___Cercospora_leaf_spot Gray_leaf_spot,326,82638c7f52a21f063caf166d05bfd23631261e0d3228487642890e1820d9646d
Corn_(maize)___Cercospora_leaf_spot Gray_leaf_spot/abf68bb5-f883-4423-8e98-953f5f45a1ed___RS_GLSp 4463 copy.jpg,Corn_(maize)___Cercospora_leaf_spot Gray_leaf_spot,327,dcdf532c9ee39fa9a19e0f2769703148e8acb75e0f4ecba73b7f41a651413804
Corn_(maize)___Cercospora_leaf_spot Gray_leaf_spot/ac871be5-33e2-4fda-995a-8818e8cb7fa2___RS_GLSp 4663 copy 2.jpg,Corn_(maize)___Cercospora_leaf_spot Gray_leaf_spot,328,8c43ba1ddf1e4a51fb8ccddc4aa858014b36834a8d27a9d6f4d67fa195183276
Corn_(maize)___Cercospora_leaf_spot Gray_leaf_spot/aca41693-0f3c-4fae-a692-5fd2a4db2304___RS_GLSp 4389.JPG,Corn_(maize)___Cercospora_leaf_spot Gray_leaf_spot,329,9a0763b548287bc283349d9d232bdfafadec7ae0a89a10d9ead85a94c7ff38cb
Corn_(maize)___Cercospora_leaf_spot Gray_leaf_spot/acbed711-885d-4f1d-986f-1fdf9b48cba5___RS_GLSp 7338.JPG,Corn_(maize)___Cercospora_leaf_spot Gray_leaf_spot,330,52e116f3266110ef0d63c5f6006d7b49b5ad06e0ac0801dbdc42b4acfd21fa05
Corn_(maize)___Cercospora_leaf_spot Gray_leaf_spot/acd57276-c222-4f47-b9df-c0728aad7183___RS_GLSp 9281.JPG,Corn_(maize)___Cercospora_leaf_spot Gray_leaf_spot,331,6e3406b86d7e9048cbdd75e8c73bd4a37edce92e37a4245840532cecd48183c8
Corn_(maize)___Cercospora_leaf_spot Gray_leaf_spot/ad47f4e8-308f-4c56-b50b-19e4f7fedd6d___RS_GLSp 4583.JPG,Corn_(maize)___Cercospora_leaf_spot Gray_leaf_spot,332,183dfdc7d1123236e714a855474418d6e4bfac802ce2acaddeed8f138cc07048
Corn_(maize)___Cercospora_leaf_spot Gray_leaf_spot/ad4ace5b-3367-4f16-a5b5-766497b996ec___RS_GLSp 4480 copy.jpg,Corn_(maize)___Cercospora_leaf_spot Gray_leaf_spot,333,7ba80d62f5e0180172a92cb23f4a851da8ee9f8c5b297095a7dedf952ee41366
Corn_(maize)___Cercospora_leaf_spot Gray_leaf_spot/ade34619-beab-41f6-8cb4-60b336be1cb6___RS_GLSp 7294.JPG,Corn_(maize)___Cercospora_leaf_spot Gray_leaf_spot,334,9e6d5c03896f12d8175a59eec7369ca0d0be1e82df79775ecb83e45145dc05e1
Corn_(maize)___Cercospora_leaf_spot Gray_leaf_spot/ae1f25a2-402d-4ada-822f-43f0967a566a___RS_GLSp 4324.JPG,Corn_(maize)___Cercospora_leaf_spot Gray_leaf_spot,335,27a329e0eac855661766844a4a98fda42c2c2cbbd6be18008297b5ea0ff97e7e
Corn_(maize)___Cercospora_leaf_spot Gray_leaf_spot/ae535bc2-e24f-437e-ba3c-661fb05c0173___RS_GLSp 4461.JPG,Corn_(maize)___Cercospora_leaf_spot Gray_leaf_spot,336,98d2bdf636bbdf3a4b9640a38e2a89a2f526d7fe671f40b6dce729a7dc33520c
Corn_(maize)___Cercospora_leaf_spot Gray_leaf_spot/aee8f52c-50c2-4327-8240-b8767ea8692d___RS_GLSp 9339.JPG,Corn_(maize)___Cercospora_leaf_spot Gray_leaf_spot,337,9b0901ade81add36482ad54d763ef7665401610ded33f38da9bec0a05ba42d0d
Corn_(maize)___Cercospora_leaf_spot Gray_leaf_spot/af1313df-e03d-4bfb-b03f-18380734ec5c___RS_GLSp 4581.JPG,Corn_(maize)___Cercospora_leaf_spot Gray_leaf_spot,338,baad3ed336157edc4342300fd76e62955eba8772cd08eb7ebbc2e88c7497373c
Corn_(maize)___Cercospora_leaf_spot Gray_leaf_spot/af14ff53-8f83-49b5-bd35-a9636b21ffa8___RS_GLSp 7339.JPG,Corn_(maize)___Cercospora_leaf_spot Gray_leaf_spot,339,41d1678f49ee491a9bb4165fd8bef5fbbc23f901fe92a68f5ddf651cbd9b8f07
Corn_(maize)___Cercospora_leaf_spot Gray_leaf_spot/afef777a-61bd-43c8-9159-44e4309b9322___RS_GLSp 7311.JPG,Corn_(maize)___Cercospora_leaf_spot Gray_leaf_spot,340,20e980b1feeefe304cb88b7851e186e28a9e4a0eb08984a9c36ff981e979ec17
Corn_(maize)___Cercospora_leaf_spot Gray_leaf_spot/b0e09c66-6c79-46d4-9eae-26a2870e9f26___RS_GLSp 9270.JPG,Corn_(maize)___Cercospora_leaf_spot Gray_leaf_spot,341,48f4486f0d9061d34ee804e4d49b263e1fadbde7893651948f0f41be8a206569
Corn_(maize)___Cercospora_leaf_spot Gray_leaf_spot/b131eadc-23e6-4784-92b4-4aaee4293bb7___RS_GLSp 4431.JPG,Corn_(maize)___Cercospora_leaf_spot Gray_leaf_spot,342,ede25004542a54d3ae60fe92eb6526117761cdb830bd6005bc1d8738b3f11ceb
Corn_(maize)___Cercospora_leaf_spot Gray_leaf_spot/b17b326d-8bb8-4cc7-bff3-183d2cc9a624___RS_GLSp 7280.JPG,Corn_(maize)___Cercospora_leaf_spot Gray_leaf_spot,343,035a95f8952b1f4710a5e03bdf3b1301085268df0168d0615e4a0739c50d48ab
Corn_(maize)___Cercospora_leaf_spot Gray_leaf_spot/b1a62b73-9ab9-464a-99dc-b6fb11130dde___RS_GLSp 4382.JPG,Corn_(maize)___Cercospora_leaf_spot Gray_leaf_spot,344,3c6fc0bd14c19483a47ff07684146babbb270a759a6c423f41cb58d8b378b1c3
Corn_(maize)___Cercospora_leaf_spot Gray_leaf_spot/b2114580-76f0-4608-93db-c4eb2bb06d25___RS_GLSp 9305 copy.jpg,Corn_(maize)___Cercospora_leaf_spot Gray_leaf_spot,345,6a57dabcc15218c0962f627c4b00c01db1c97e1b85f8afe399b2cad1f2697c6c
Corn_(maize)___Cercospora_leaf_spot Gray_leaf_spot/b2601912-33a1-4fb5-915a-d09d9808c7a1___RS_GLSp 7340.JPG,Corn_(maize)___Cercospora_leaf_spot Gray_leaf_spot,346,7db4498c2eab132d936d96076d5ace08292dc40dc7e60c8a5be3778334680ad8
Corn_(maize)___Cercospora_leaf_spot Gray_leaf_spot/b2980d13-da6a-4475-bb60-abed664c5506___RS_GLSp 4678.JPG,Corn_(maize)___Cercospora_leaf_spot Gray_leaf_spot,347,613d16e7450957e707883ed07adba7385df92d1b98341233d8b0fc875e99690c
Corn_(maize)___Cercospora_leaf_spot Gray_leaf_spot/b342337b-b5f2-4d24-9c61-dd7fa4421b5d___RS_GLSp 9315.JPG,Corn_(maize)___Cercospora_leaf_spot Gray_leaf_spot,348,a3eb8144ee991f3c2dad8e9b2099d9202e750148f1a188fafb19da57eef90da7
Corn_(maize)___Cercospora_leaf_spot Gray_leaf_spot/b35100b0-1722-439f-a6fd-ab3c41596df9___RS_GLSp 9346.JPG,Corn_(maize)___Cercospora_leaf_spot Gray_leaf_spot,349,46d0a9000d0b7ee948aba0f5d8182e3d1b39b022a699d84bb3d5094bf88641fb
Corn_(maize)___Cercospora_leaf_spot Gray_leaf_spot/b35e13f3-f06a-4b8e-95a2-f0dd94f51f94___RS_GLSp 9299.JPG,Corn_(maize)___Cercospora_leaf_spot Gray_leaf_spot,350,2e970ddf37aebdc3862049eadbe1c26e14d4972efe6d31111104dc3b72a5ffc8
Corn_(maize)___Cercospora_leaf_spot Gray_leaf_spot/b3a3ae35-860d-4d65-af43-faa13c3d2834___RS_GLSp 9272.JPG,Corn_(maize)___Cercospora_leaf_spot Gray_leaf_spot,351,d43c2e3f53c5452bcfa79f3d13e30e496bff11ba1a1c332cb1939b576514bedf
Corn_(maize)___Cercospora_leaf_spot Gray_leaf_spot/b50e4d92-099f-4213-b5b8-0f76afa10124___RS_GLSp 4675.JPG,Corn_(maize)___Cercospora_leaf_spot Gray_leaf_spot,352,3731b31796b6307d7fc5e8b1f8415e373b4cbd8563c4d6c430f4a8325f91c2d3
Corn_(maize)___Cercospora_leaf_spot Gray_leaf_spot/b53702bb-dfd5-4791-a550-d691cdb8a822___RS_GLSp 4379.JPG,Corn_(maize)___Cercospora_leaf_spot Gray_leaf_spot,353,16b6177e6d8f24a7b4c85e515c8712b2d5ed91bb179791260000325e09ffd972
Corn_(maize)___Cercospora_leaf_spot Gray_leaf_spot/b60e5a26-af11-4e63-aecf-e526cb61ec5a___RS_GLSp 4341.JPG,Corn_(maize)___Cercospora_leaf_spot Gray_leaf_spot,354,6bc51e76ce9364d416a185edd8f14aecb380bd854074338740c2bc33db93d460
Corn_(maize)___Cercospora_leaf_spot Gray_leaf_spot/b62826b2-1547-4c3d-bb4f-4ebc2e166b9c___RS_GLSp 4651 copy.jpg,Corn_(maize)___Cercospora_leaf_spot Gray_leaf_spot,355,ba7b4754ada504bc2fb2aa9740456d03bd0fe4b4d1b6432bca0c9a932cc8d417
Corn_(maize)___Cercospora_leaf_spot Gray_leaf_spot/b710abba-f82e-4d13-9d39-1522a1c8ab33___RS_GLSp 4432.JPG,Corn_(maize)___Cercospora_leaf_spot Gray_leaf_spot,356,f87cb068f5212c0e3e3ff21a92ec5872560a195852eb63aa04c4cfe7bcd610db
Corn_(maize)___Cercospora_leaf_spot Gray_leaf_spot/b73cddeb-5b44-404b-9ca5-6f5397f3d518___RS_GLSp 4400.JPG,Corn_(maize)___Cercospora_leaf_spot Gray_leaf_spot,357,55cb1869d4dd85f3acae1bad97bd278b9ede34cb5aef4b50ac7608629f94a94e
Corn_(maize)___Cercospora_leaf_spot Gray_leaf_spot/b7e76db7-843c-4d65-be3e-d1554987b790___RS_GLSp 4418 copy.jpg,Corn_(maize)___Cercospora_leaf_spot Gray_leaf_spot,358,23f1b314c9ebc7118d646e65d619a290964f4643b6a65d280f0ab480b79c0448
Corn_(maize)___Cercospora_leaf_spot Gray_leaf_spot/b7f4aecb-df98-49ef-99a8-538fa645f533___RS_GLSp 4312.JPG,Corn_(maize)___Cercospora_leaf_spot Gray_leaf_spot,359,75e694633c6ef1f6297d4af3482d7ea559ed4a5ec6b7c030a1a25d31d0209994
Corn_(maize)___Cercospora_leaf_spot Gray_leaf_spot/b7fb9cd4-1b3a-400d-8520-514e5dedc7f3___RS_GLSp 4632.JPG,Corn_(maize)___Cercospora_leaf_spot Gray_leaf_spot,360,a7a1cefd3c6a19428790e86231338c50f0b49ce3c6e410dafd67b6dec5ef14d4
Corn_(maize)___Cercospora_leaf_spot Gray_leaf_spot/b9a39437-94b7-41e3-b309-080e9a93d5ca___RS_GLSp 4440.JPG,Corn_(maize)___Cercospora_leaf_spot Gray_leaf_spot,361,059ddf97d4b4b78821434ddbf7faec8592a55cd38738fb83720551a06551da15
Corn_(maize)___Cercospora_leaf_spot Gray_leaf_spot/b9bfa8c8-2e32-4a0c-8ac5-aa2b57e9df73___RS_GLSp 4579 copy.jpg,Corn_(maize)___Cercospora_leaf_spot Gray_leaf_spot,362,689202db979bea17bbb9088fb929eb420f164304a479d79730dcbb1e1dde36c9
Corn_(maize)___Cercospora_leaf_spot Gray_leaf_spot/b9fbe0b3-7f05-4ec3-be16-0cf13b86e8fe___RS_GLSp 4374.JPG,Corn_(maize)___Cercospora_leaf_spot Gray_leaf_spot,363,255bce3db7f81ce7e5af5116f98e813388d8bedd1d7cd8f9e0ec02eea9fcb7c9
Corn_(maize)___Cercospora_leaf_spot Gray_leaf_spot/ba32d51c-9800-4110-ad8e-df2ab422a93e___RS_GLSp 4693.JPG,Corn_(maize)___Cercospora_leaf_spot Gray_leaf_spot,364,acbd37d0ab50a678ce537bd8313b7b810ed83f50ce1543d83a342769a74b64bc
Corn_(maize)___Cercospora_leaf_spot Gray_leaf_spot/ba462265-a5c8-4fa8-abb4-24054691eb16___RS_GLSp 3809.JPG,Corn_(maize)___Cercospora_leaf_spot Gray_leaf_spot,365,0580864c6e14c4bf1c2081c4667b0a2f7ff06cc9cf19b484d8cda218c4367dc9
Corn_(maize)___Cercospora_leaf_spot Gray_leaf_spot/ba7f5741-75f8-4ac1-9107-ca73e244ac9b___RS_GLSp 9350.JPG,Corn_(maize)___Cercospora_leaf_spot Gray_leaf_spot,366,940a3bca1ea6f6c4669122492642edfe2fcc0025091660787610c4e342416ef6
Corn_(maize)___Cercospora_leaf_spot Gray_leaf_spot/bb7244cb-5a7e-4446-85e0-f9b7db6d197d___RS_GLSp 7295.JPG,Corn_(maize)___Cercospora_leaf_spot Gray_leaf_spot,367,11ade4596d545dedf958eecd9150bf3431c7bfb30a80b6ff7b4dda77955bfed4
Corn_(maize)___Cercospora_leaf_spot Gray_leaf_spot/bbde9366-ec3c-4354-815b-5b95b6cdb676___RS_GLSp 4481.JPG,Corn_(maize)___Cercospora_leaf_spot Gray_leaf_spot,368,879b2f77703af9bd9d9d059ebb98407a713aa66eb265e8ee6cff2b6a3da138e0
Corn_(maize)___Cercospora_leaf_spot Gray_leaf_spot/bbea95f8-cc26-40b6-9436-228f70d605d7___RS_GLSp 7332.JPG,Corn_(maize)___Cercospora_leaf_spot Gray_leaf_spot,369,46881807a044fb7feb7f781add5f802118ca43a8821eb49e47e2005ec3378eb2
Corn_(maize)___Cercospora_leaf_spot Gray_leaf_spot/bc1f8969-f563-4300-b792-93f75d23a483___RS_GLSp 9306.JPG,Corn_(maize)___Cercospora_leaf_spot Gray_leaf_spot,370,c06731e0aeed35a27f3ea152cbcad9f83eff51a66759e2c9ab22a1b7dde4f304
Corn_(maize)___Cercospora_leaf_spot Gray_leaf_spot/bc43c710-9fa2-44a2-8420-94c71c01c2c6___RS_GLSp 7278.JPG,Corn_(maize)___Cercospora_leaf_spot Gray_leaf_spot,371,09eefa5814699c12470a77f208b3ed5ed72d30f3418a70c07302e54a5b4ecebc
Corn_(maize)___Cercospora_leaf_spot Gray_leaf_spot/bc690bb9-1611-4744-844d-0ab174467f54___RS_GLSp 4582.JPG,Corn_(maize)___Cercospora_leaf_spot Gray_leaf_spot,372,f1dc27b6946e844dd57b3826c5ddb635be9a47d9f23a075e127549fd3d651050
Corn_(maize)___Cercospora_leaf_spot Gray_leaf_spot/bd1ec5bd-8220-4c11-b48f-3f90d35ba40e___RS_GLSp 9295.JPG,Corn_(maize)___Cercospora_leaf_spot Gray_leaf_spot,373,82837965a6a726f1206d805a4f9f68714935ed69795009fc89fcc6cd2aed8dbe
Corn_(maize)___Cercospora_leaf_spot Gray_leaf_spot/bd9db5fe-e2d1-4c56-807d-2e90ea2fb6bf___RS_GLSp 4406.JPG,Corn_(maize)___Cercospora_leaf_spot Gray_leaf_spot,374,92dec532d11d55eee58b65f95b5f212c5788ae0c916d50dd24cbce71c769e9c9
Corn_(maize)___Cercospora_leaf_spot Gray_leaf_spot/bdfaa7d9-76a6-4e8f-86d2-f3a85d359321___RS_GLSp 4621.JPG,Corn_(maize)___Cercospora_leaf_spot Gray_leaf_spot,375,636d67bda0d67254431d4c8a065845cc7602a4f0f92dfe7f6a6a8cad65839380
Corn_(maize)___Cercospora_leaf_spot Gray_leaf_spot/be07b9de-4629-49c1-bde7-e4c9b79c55ef___RS_GLSp 4495.JPG,Corn_(maize)___Cercospora_leaf_spot Gray_leaf_spot,376,89e3f3cdc6d4f96f7308f914ec0a2f993ae3928302552c86bef83a1857f50edf
Corn_(maize)___Cercospora_leaf_spot Gray_leaf_spot/be702c5c-99be-4d1e-a16d-89995cb141dc___RS_GLSp 9293.JPG,Corn_(maize)___Cercospora_leaf_spot Gray_leaf_spot,377,6696a3ff1a6843dabd3a307ade36982b5181cff7128f136659c95c1ab824164c
Corn_(maize)___Cercospora_leaf_spot Gray_leaf_spot/bf5a0e46-8924-4bba-9523-ebea44961a54___RS_GLSp 4462.JPG,Corn_(maize)___Cercospora_leaf_spot Gray_leaf_spot,378,59fd3cc1745d8cdfda84a0228aa66f89e64045313fabcbf72af29c45b38f2c11
Corn_(maize)___Cercospora_leaf_spot Gray_leaf_spot/c0240d98-f8f7-4e02-95a3-0723d1f61ca1___RS_GLSp 4383.JPG,Corn_(maize)___Cercospora_leaf_spot Gray_leaf_spot,379,34bef5f3c04f4ec2cc890f24595fd4dd88f89dd501035c6b18dc5f0e870a1298
Corn_(maize)___Cercospora_leaf_spot Gray_leaf_spot/c15dae11-38d1-47c3-99e0-c579ddeb3fb3___RS_GLSp 9269.JPG,Corn_(maize)___Cercospora_leaf_spot Gray_leaf_spot,380,9685463cb4424c3e48196ac21e8f4ed3032aa8b79ed97e4dbd180eb9684140a0
Corn_(maize)___Cercospora_leaf_spot Gray_leaf_spot/c1662485-4a2d-40d0-94f4-7642bdf8dfdb___RS_GLSp 4410.JPG,Corn_(maize)___Cercospora_leaf_spot Gray_leaf_spot,381,16d34b0ad2b7f704a60be90b84e98a204d3daadf10fc2e97d693c2989038db04
Corn_(maize)___Cercospora_leaf_spot Gray_leaf_spot/c17a8d9b-f000-4df3-9673-444de04b7dbd___RS_GLSp 9309.JPG,Corn_(maize)___Cercospora_leaf_spot Gray_leaf_spot,382,5101180ea9e4108af8994d03d46c29edbe23a89ea786c18fa7f40809978b704e
Corn_(maize)___Cercospora_leaf_spot Gray_leaf_spot/c1ebd059-b3f2-4cf4-b382-42d1e1d56f56___RS_GLSp 4510.JPG,Corn_(maize)___Cercospora_leaf_spot Gray_leaf_spot,383,51a981818d005aa2ab2cfe989a47c161936904a0737abb30414afc0d685efdcd
Corn_(maize)___Cercospora_leaf_spot Gray_leaf_spot/c29e2fb4-4bc4-4025-a29f-170a3477cd11___RS_GLSp 4317.JPG,Corn_(maize)___Cercospora_leaf_spot Gray_leaf_spot,384,4cc427622adb08a4ee048fc163357cddae10992143573a5f9442a8ca6efe4851
Corn_(maize)___Cercospora_leaf_spot Gray_leaf_spot/c3937239-7444-4c3d-a271-f02d5286fe5a___RS_GLSp 4485.JPG,Corn_(maize)___Cercospora_leaf_spot Gray_leaf_spot,385,f7e4cb0b87c66ebc1e66c36c1cd1c835eef37093c020e8a1bf5585d013cf6ec0
Corn_(maize)___Cercospora_leaf_spot Gray_leaf_spot/c43e45f2-4d0b-4a15-a598-d6e64c228981___RS_GLSp 4340.JPG,Corn_(maize)___Cercospora_leaf_spot Gray_leaf_spot,386,dd4e64bf45c71ab19bfb30da282a122d6606ea9e52b09c107b4455319edcb132
Corn_(maize)___Cercospora_leaf_spot Gray_leaf_spot/c47c1b5d-7527-4f1c-a3b0-8d737c5ccbaf___RS_GLSp 4457.JPG,Corn_(maize)___Cercospora_leaf_spot Gray_leaf_spot,387,8a34cc52f63744d8937a06d68292df2163a00d8f0ba509a454eba9e5fbe29be4
Corn_(maize)___Cercospora_leaf_spot Gray_leaf_spot/c4bd1ca9-533e-4a74-a4d1-8d633ac76438___RS_GLSp 4318.JPG,Corn_(maize)___Cercospora_leaf_spot Gray_leaf_spot,388,8d8c17764efa9d48c7e5396ad7c589a216e551b991c18d585fbc602e9e7379d2
Corn_(maize)___Cercospora_leaf_spot Gray_leaf_spot/c517891d-1411-4f7a-8d34-286ff2a7571f___RS_GLSp 4404.JPG,Corn_(maize)___Cercospora_leaf_spot Gray_leaf_spot,389,31b1d65a75a1cfd751a0f7b38a41534e7aeaa32f2785679e0465a413bcca68b2
Corn_(maize)___Cercospora_leaf_spot Gray_leaf_spot/c5776fbf-edd4-4dcb-889f-4e8971c73dd9___RS_GLSp 9330.JPG,Corn_(maize)___Cercospora_leaf_spot Gray_leaf_spot,390,b6f831dcd8e4b89caa8e2857991da5c72aba43da45aee38f546e5cee62d8a865
Corn_(maize)___Cercospora_leaf_spot Gray_leaf_spot/c6df65ae-6f54-4962-a7f3-cc21fd3e5b4d___RS_GLSp 3810 copy 2.jpg,Corn_(maize)___Cercospora_leaf_spot Gray_leaf_spot,391,3cca76dab96acccd5f9f9b5f602930f99de1bfba55e0ed565b559abb19d87b59
Corn_(maize)___Cercospora_leaf_spot Gray_leaf_spot/c740d42c-29fd-49cd-a941-afd8429b1f28___RS_GLSp 4688.JPG,Corn_(maize)___Cercospora_leaf_spot Gray_leaf_spot,392,8c79b63afb6842492cb345139f3c922c616330cc3b882e5195d0f43a5cb97e95
Corn_(maize)___Cercospora_leaf_spot Gray_leaf_spot/c7506909-ffa6-4143-9811-f73e29854443___RS_GLSp 7318.JPG,Corn_(maize)___Cercospora_leaf_spot Gray_leaf_spot,393,b15cc49c440f3301420367037a7fa39e889a1f4f07b0cd177be87ced5f8e604b
Corn_(maize)___Cercospora_leaf_spot Gray_leaf_spot/c7707d46-6667-44ae-bb3c-fc7b2b8bb76c___RS_GLSp 7298.JPG,Corn_(maize)___Cercospora_leaf_spot Gray_leaf_spot,394,364cb798ace5ec4eaef123a09e62baf4b4559921f37221a626ada80e9f2fd904
Corn_(maize)___Cercospora_leaf_spot Gray_leaf_spot/c7900124-4885-46fa-95b8-f335fbcd48d7___RS_GLSp 4290 copy.jpg,Corn_(maize)___Cercospora_leaf_spot Gray_leaf_spot,395,a5e74de76fe6a35b85d41ea160f149c9a87ae82695cbe5cb597b26cc2208920b
Corn_(maize)___Cercospora_leaf_spot Gray_leaf_spot/c7b810f0-d451-4fe3-bc13-f1c89273e3e9___RS_GLSp 9331.JPG,Corn_(maize)___Cercospora_leaf_spot Gray_leaf_spot,396,6cf801bf3eb5e03339814b8b5b47f98c9a801344d7474fee950b43c85105bb8e
Corn_(maize)___Cercospora_leaf_spot Gray_leaf_spot/c7c98f44-a2a9-4c74-9cff-b0d31e5e05b1___RS_GLSp 4503.JPG,Corn_(maize)___Cercospora_leaf_spot Gray_leaf_spot,397,e0bf411c3135e9def8ff8fd30b9830e871de31da0075a6c8bd204145d042f806
Corn_(maize)___Cercospora_leaf_spot Gray_leaf_spot/c7e3a7d4-9eb4-4014-8353-c5a1d85621b3___RS_GLSp 9287.JPG,Corn_(maize)___Cercospora_leaf_spot Gray_leaf_spot,398,50bb80a051b20b7937cb177daf4e5147e62be248b07fdccf25f0d2fb768ef920
Corn_(maize)___Cercospora_leaf_spot Gray_leaf_spot/c826221e-a999-4509-a7ed-d62726ca6078___RS_GLSp 4332.JPG,Corn_(maize)___Cercospora_leaf_spot Gray_leaf_spot,399,5f36ff0ee0373ad2140ff4786d2c40bb2110a19d8cb1721c03ff6b9388a55944
Corn_(maize)___Cercospora_leaf_spot Gray_leaf_spot/c83abfee-9e52-476e-bb0c-b1121fb57c54___RS_GLSp 4331.JPG,Corn_(maize)___Cercospora_leaf_spot Gray_leaf_spot,487,05f69bff328b767f3d668c98889f1e1fc693fce14180b63f35db164125927b59
Corn_(maize)___Cercospora_leaf_spot Gray_leaf_spot/c8769ca7-614a-4763-a8bc-8d7c7f1b2925___RS_GLSp 4355.JPG,Corn_(maize)___Cercospora_leaf_spot Gray_leaf_spot,401,0c27c882176d3e845c29cf352907b9d4a164daef1ddbb953e634f2ce5f7be65b
Corn_(maize)___Cercospora_leaf_spot Gray_leaf_spot/c98f6b90-ac72-4ea0-99d1-dfe5ff4d791a___RS_GLSp 4447 copy.jpg,Corn_(maize)___Cercospora_leaf_spot Gray_leaf_spot,402,5ff709e2e00e1bdc0ad4b31da3140b0192396059a87c6d4f1cb8b893ffc5b78c
Corn_(maize)___Cercospora_leaf_spot Gray_leaf_spot/ca1f4a1f-eacf-4fa9-9649-32353c8cc164___RS_GLSp 7342.JPG,Corn_(maize)___Cercospora_leaf_spot Gray_leaf_spot,403,3d4ecf37939b0b41128b44dfc49f74ae7e5e1f40c95c505ee2cde33443718f85
Corn_(maize)___Cercospora_leaf_spot Gray_leaf_spot/cb07e000-acb9-44cc-abda-a4549ebe6037___RS_GLSp 4417.JPG,Corn_(maize)___Cercospora_leaf_spot Gray_leaf_spot,404,bba95a0ca780cad406f504fac23e3ce6f74b74ee43afe854ba209e361fc2556c
Corn_(maize)___Cercospora_leaf_spot Gray_leaf_spot/cb647989-23e4-4d54-ba50-7685b19e780d___RS_GLSp 9280.JPG,Corn_(maize)___Cercospora_leaf_spot Gray_leaf_spot,405,b38756bba540c165dfa0b0a7fe25769d37aa8205439b31ccf2a5898a106b9367
Corn_(maize)___Cercospora_leaf_spot Gray_leaf_spot/cb64c581-2fe4-423c-b510-1574e3a897bb___RS_GLSp 4639.JPG,Corn_(maize)___Cercospora_leaf_spot Gray_leaf_spot,406,c332b9b42db329af3b9f262d387f5b6f3dadbf3dcd0e3715dfb19d2394046642
Corn_(maize)___Cercospora_leaf_spot Gray_leaf_spot/cc115c6f-75d2-4fae-b6f9-a1eaa80fb68e___RS_GLSp 9284.JPG,Corn_(maize)___Cercospora_leaf_spot Gray_leaf_spot,407,7267ec4c415da6562c9db6e772e72b7f4643bee43ff05bf1e6ba2bcd448a227d
Corn_(maize)___Cercospora_leaf_spot Gray_leaf_spot/cc60499e-6802-47fd-b4cb-8ec70207e464___RS_GLSp 9305.JPG,Corn_(maize)___Cercospora_leaf_spot Gray_leaf_spot,408,c450d307e9c9e5a6b5e862bd06d1cba45d93bed65bde210e7f228de411617c75
Corn_(maize)___Cercospora_leaf_spot Gray_leaf_spot/ccc55a8a-35d3-4621-88a0-0f81af01a7ad___RS_GLSp 3811.JPG,Corn_(maize)___Cercospora_leaf_spot Gray_leaf_spot,409,42af4adac250cd8af15cbfc0449c49d77837dc588f97d4b2ce3c0c52b3c42e03
Corn_(maize)___Cercospora_leaf_spot Gray_leaf_spot/ce28178f-e53a-4555-90b4-d7156fd8333a___RS_GLSp 9307.JPG,Corn_(maize)___Cercospora_leaf_spot Gray_leaf_spot,410,c42692b15dcae2e1a507b8f9956cc4d4e176c7423bd1f765ed765099bd75cfca
Corn_(maize)___Cercospora_leaf_spot Gray_leaf_spot/ce3b19bd-dace-4d23-836e-233b02f12300___RS_GLSp 4505.JPG,Corn_(maize)___Cercospora_leaf_spot Gray_leaf_spot,411,e9d353b99080d27533b4adf42f4e325cd131770d97ceb95b57c56e04b1c4d755
Corn_(maize)___Cercospora_leaf_spot Gray_leaf_spot/ceac7e26-3dbe-48a1-b111-3b4149cda69d___RS_GLSp 9316.JPG,Corn_(maize)___Cercospora_leaf_spot Gray_leaf_spot,412,d4018b52a151221cc24f87f302b311756f0dd2e19d5cedda3536caf17d417cda
Corn_(maize)___Cercospora_leaf_spot Gray_leaf_spot/cf1a5200-6ba7-4b6f-af28-969e47db1c7e___RS_GLSp 4660.JPG,Corn_(maize)___Cercospora_leaf_spot Gray_leaf_spot,413,7cc2fd02533429fa3f895520541e9b9f83edab86ed7e6a13b5edf81e71319a73
Corn_(maize)___Cercospora_leaf_spot Gray_leaf_spot/cfbb5e1c-2812-4467-9748-ee171462c331___RS_GLSp 4371.JPG,Corn_(maize)___Cercospora_leaf_spot Gray_leaf_spot,414,eb89287c8c5c64673e2d954eab38ed7e8301a0b52b8570d05398932e80d31c0c
Corn_(maize)___Cercospora_leaf_spot Gray_leaf_spot/d007f0d4-30a4-4d9c-b193-09cef70b547b___RS_GLSp 4617 copy.jpg,Corn_(maize)___Cercospora_leaf_spot Gray_leaf_spot,415,f4064874b9525c9a914f53508e7cb0838bd2ab6d2c2c4144d18979e267e59791
Corn_(maize)___Cercospora_leaf_spot Gray_leaf_spot/d07122b2-20b4-4f1b-9071-bd90d77cc478___RS_GLSp 9310.JPG,Corn_(maize)___Cercospora_leaf_spot Gray_leaf_spot,416,ec94a0f57c74b3a87983d8c422d33109a017565c37d2f7132c852cdb482ab66b
Corn_(maize)___Cercospora_leaf_spot Gray_leaf_spot/d072dd28-bda5-4666-bffc-2a70f7fbccb3___RS_GLSp 4651.JPG,Corn_(maize)___Cercospora_leaf_spot Gray_leaf_spot,417,3461ef6f75e6223b96cdb755feb52892a9257ca43a34df2ee60d53f0f31a1e5e
Corn_(maize)___Cercospora_leaf_spot Gray_leaf_spot/d0df634b-a2ee-4a22-8430-8a3b0e2c68c3___RS_GLSp 7344.JPG,Corn_(maize)___Cercospora_leaf_spot Gray_leaf_spot,418,d61dd7cf3b58b06642b227527de74d8d9adb2871a7eb09c4bcceb2b88519c785
Corn_(maize)___Cercospora_leaf_spot Gray_leaf_spot/d0e9b297-cb9f-440a-ac87-3ba307edcf6c___RS_GLSp 7308.JPG,Corn_(maize)___Cercospora_leaf_spot Gray_leaf_spot,419,2dec495af2b8bbcd449972adadb62c64f0616746df6815764269399bbd786c63
Corn_(maize)___Cercospora_leaf_spot Gray_leaf_spot/d1b2206b-39e5-4444-9ebe-223d0d78880e___RS_GLSp 4407.JPG,Corn_(maize)___Cercospora_leaf_spot Gray_leaf_spot,420,366a24a09754add528738ee6d5552e269f29a03a2335f3bdf203d3830bc7d20b
Corn_(maize)___Cercospora_leaf_spot Gray_leaf_spot/d1f96a7c-c108-45a4-82f6-ffe84b0d081f___RS_GLSp 9304.JPG,Corn_(maize)___Cercospora_leaf_spot Gray_leaf_spot,421,573f4a9934627378b3af8c3ff12eb9b738c4ab867b487b1f943d26f3145e12dc
Corn_(maize)___Cercospora_leaf_spot Gray_leaf_spot/d1f9878a-eea5-4008-8a1d-b3a88e2654b8___RS_GLSp 4640.JPG,Corn_(maize)___Cercospora_leaf_spot Gray_leaf_spot,422,202968526e82a64d329988580720fa6c80b6f181ffbad466a5d9a9f242ac0cb8
Corn_(maize)___Cercospora_leaf_spot Gray_leaf_spot/d20981e7-70ec-495a-9921-c48de5793822___RS_GLSp 4339.JPG,Corn_(maize)___Cercospora_leaf_spot Gray_leaf_spot,423,6725472f07b0bcc6aececcc2d137af116c975ffc5081a6804d4b6190a4cced9d
Corn_(maize)___Cercospora_leaf_spot Gray_leaf_spot/d2a1f0d8-2835-4984-80fd-11be9e18ab22___RS_GLSp 4580.JPG,Corn_(maize)___Cercospora_leaf_spot Gray_leaf_spot,424,c1138b1e859f12a0cb57207083e3bd0048bd9780de5ed39c342b31d1ab26c344
Corn_(maize)___Cercospora_leaf_spot Gray_leaf_spot/d39aadb4-c3f8-45a0-a92c-913263278c29___RS_GLSp 4654.JPG,Corn_(maize)___Cercospora_leaf_spot Gray_leaf_spot,425,2104bfbd8a3a9c17701ed0ee291948b06cfd4e35d221d82012b39308bbc266fb
Corn_(maize)___Cercospora_leaf_spot Gray_leaf_spot/d3e2528d-3e05-4dc0-bb6b-56dcf17d01d6___RS_GLSp 7316.JPG,Corn_(maize)___Cercospora_leaf_spot Gray_leaf_spot,426,a56a202f68a59b165180511f430bd7213d3aa6ad86edb7cd785ee0c2cb8264d1
Corn_(maize)___Cercospora_leaf_spot Gray_leaf_spot/d46dd43c-2fdf-4235-bada-e7a2c5a04ec0___RS_GLSp 9273.JPG,Corn_(maize)___Cercospora_leaf_spot Gray_leaf_spot,427,7cb18f0651fa2cd8b47e7c847b573fcda69e7623717500689d8fdac4c41dde8e
Corn_(maize)___Cercospora_leaf_spot Gray_leaf_spot/d4bf70c0-f7fe-4921-9944-a89717811183___RS_GLSp 4373.JPG,Corn_(maize)___Cercospora_leaf_spot Gray_leaf_spot,428,6f637b6ed2934cb079fd526cc903f84eb025659753b9f6b4c49854a387fab5cd
Corn_(maize)___Cercospora_leaf_spot Gray_leaf_spot/d4c4842e-417a-4cc9-8fd5-40c618ddf483___RS_GLSp 4290.JPG,Corn_(maize)___Cercospora_leaf_spot Gray_leaf_spot,429,aa1e106c0dfb8f51060f2a9732e3ef0b7deffacbca8d2a3522cce7f72868a52f
Corn_(maize)___Cercospora_leaf_spot Gray_leaf_spot/d51d9b23-0d18-472f-932a-c6b86796b596___RS_GLSp 4500 copy 2.jpg,Corn_(maize)___Cercospora_leaf_spot Gray_leaf_spot,430,630639a753d0d177d750358cff5791b677999aaef9c328d6dbc3c52014dd16d7
Corn_(maize)___Cercospora_leaf_spot Gray_leaf_spot/d55fc5ff-b6d1-4eb9-8811-6b039c38f06d___RS_GLSp 9268.JPG,Corn_(maize)___Cercospora_leaf_spot Gray_leaf_spot,431,100d35a54c20348743046f84a914d14e22bc38be511eb7a60ba5cfe206876044
Corn_(maize)___Cercospora_leaf_spot Gray_leaf_spot/d58e8f58-8a71-4d49-a183-5026f861be1b___RS_GLSp 4563.JPG,Corn_(maize)___Cercospora_leaf_spot Gray_leaf_spot,432,ce5d8de33d20438077b6e29963d724d316d8d266aaa2cb98d497c6f812569a52
Corn_(maize)___Cercospora_leaf_spot Gray_leaf_spot/d5c6e7d2-c531-4ef2-adb5-987d705923bb___RS_GLSp 4657 copy.jpg,Corn_(maize)___Cercospora_leaf_spot Gray_leaf_spot,433,3ad32365b33d59d1d59164efabdb2e5ccd9c1160409a9c9106a2c6ab2bd1377c
Corn_(maize)___Cercospora_leaf_spot Gray_leaf_spot/d63f0a92-e489-4acd-b5df-847a83172abc___RS_GLSp 4607.JPG,Corn_(maize)___Cercospora_leaf_spot Gray_leaf_spot,434,28bf3baef270202596f283994b6e87fa87c09fc2eed8646b40e18455a617e9c4
Corn_(maize)___Cercospora_leaf_spot Gray_leaf_spot/d703fb4d-1b5e-4fde-8cb9-d639a884e3ee___RS_GLSp 4401.JPG,Corn_(maize)___Cercospora_leaf_spot Gray_leaf_spot,435,ab5fb10a067699b181991286ec2cde7bee42b665a861d20a8fb66d92afeecb88
Corn_(maize)___Cercospora_leaf_spot Gray_leaf_spot/d7a856cb-b30e-4c26-9814-ce6ca9a9f188___RS_GLSp 4676.JPG,Corn_(maize)___Cercospora_leaf_spot Gray_leaf_spot,436,45432a5d7135e226c324585a96075cbe43f8655219d565bc2c003ab967120a11
Corn_(maize)___Cercospora_leaf_spot Gray_leaf_spot/d80bf184-8e5b-41db-a7a0-0784964e0fd2___RS_GLSp 4630.JPG,Corn_(maize)___Cercospora_leaf_spot Gray_leaf_spot,437,32f0b8b806604dcc85b7e6bb4fee99e708cd6307593485ea15b60095b0729a59
Corn_(maize)___Cercospora_leaf_spot Gray_leaf_spot/d890fad9-fcde-4ed6-be88-10e61735cd9c___RS_GLSp 4368.JPG,Corn_(maize)___Cercospora_leaf_spot Gray_leaf_spot,438,826e43ae86c4d66369154cbf3c66235c8eb2409351f85d2e5345f34acd867257
Corn_(maize)___Cercospora_leaf_spot Gray_leaf_spot/d9b6d600-26a3-4f19-9489-4d8be835782a___RS_GLSp 4425.JPG,Corn_(maize)___Cercospora_leaf_spot Gray_leaf_spot,439,ee561cd3f97656ee775fc215163b96cb9bf31b51e857a280d1410f08d9a1e0db
Corn_(maize)___Cercospora_leaf_spot Gray_leaf_spot/d9d2f7df-7161-4d20-b0ee-48f8dc8683de___RS_GLSp 9313.JPG,Corn_(maize)___Cercospora_leaf_spot Gray_leaf_spot,440,af05b618711ecdbefb29f46d3c1c891529bee3722fc4d423fea3d93f102e4207
Corn_(maize)___Cercospora_leaf_spot Gray_leaf_spot/da87ef8d-d7ac-409e-9482-a85173ed8922___RS_GLSp 4454.JPG,Corn_(maize)___Cercospora_leaf_spot Gray_leaf_spot,441,6f782d1fec83c912717ea1fc9b083f4efd58b0598bea47743962ce1e637b88a2
Corn_(maize)___Cercospora_leaf_spot Gray_leaf_spot/dbc02d2a-f3ba-47d8-b79b-744210aa69fc___RS_GLSp 4556.JPG,Corn_(maize)___Cercospora_leaf_spot Gray_leaf_spot,442,35ca8aff63f367006e8fbc9c1c5c10de49455623677878f9c7af85c981e5b0ae
Corn_(maize)___Cercospora_leaf_spot Gray_leaf_spot/dc6a4225-a2a5-4eb8-bd41-852c00def800___RS_GLSp 4388.JPG,Corn_(maize)___Cercospora_leaf_spot Gray_leaf_spot,443,85d03740c9e529a4804ae70b06ff0ce83645b753278faa6a40fbe415c4bc63be
Corn_(maize)___Cercospora_leaf_spot Gray_leaf_spot/dc846417-563a-4e11-b4ba-b093db6af0b7___RS_GLSp 4430.JPG,Corn_(maize)___Cercospora_leaf_spot Gray_leaf_spot,444,9fcf9f9c010ff5bddc447a1c56f2087b209e322c54936e5fddfa55bc0d05df57
Corn_(maize)___Cercospora_leaf_spot Gray_leaf_spot/dcfbea5d-0fe7-460b-bd16-3878cef2da71___RS_GLSp 4482.JPG,Corn_(maize)___Cercospora_leaf_spot Gray_leaf_spot,445,4c928df7efb5c45755a38e40148dfd86fba4369119bc09543bf6f13222369c94
Corn_(maize)___Cercospora_leaf_spot Gray_leaf_spot/dda4a05e-e5cd-471b-9c6b-38f589d863dd___RS_GLSp 4491 copy.jpg,Corn_(maize)___Cercospora_leaf_spot Gray_leaf_spot,446,8d930864030e219a83da6123a5e25278a304d474030e1641476adaf08a0383db
Corn_(maize)___Cercospora_leaf_spot Gray_leaf_spot/de3ae60a-a0f9-45cd-b803-edb41b29a42d___RS_GLSp 7286.JPG,Corn_(maize)___Cercospora_leaf_spot Gray_leaf_spot,447,724b10371580e194fbaf093a44cf56294dac9a916370be533c07c53fcc3944e9
Corn_(maize)___Cercospora_leaf_spot Gray_leaf_spot/de4b44f2-76c6-40bf-b48a-d69d458bb68d___RS_GLSp 4638 copy 2.jpg,Corn_(maize)___Cercospora_leaf_spot Gray_leaf_spot,448,846c40a17a518b4e8cf6e953eb68f35164f224cb990037d8a2480d1a89ce424f
Corn_(maize)___Cercospora_leaf_spot Gray_leaf_spot/de571dd2-b61a-488d-8c1a-c95b72720109___RS_GLSp 4647.JPG,Corn_(maize)___Cercospora_leaf_spot Gray_leaf_spot,449,10a5575ee01652c20c5051da9b6cf52a605bedbd4f28fc90523570991147d344
Corn_(maize)___Cercospora_leaf_spot Gray_leaf_spot/de66a37b-002d-4e21-8f4a-a34976b74892___RS_GLSp 9283.JPG,Corn_(maize)___Cercospora_leaf_spot Gray_leaf_spot,450,648070f23575e87ee57193818cda554b383a703a50e8a39674e1c3eb4ee723d0
Corn_(maize)___Cercospora_leaf_spot Gray_leaf_spot/df225045-fc7e-4207-a8fa-072f0f262b8b___RS_GLSp 4674.JPG,Corn_(maize)___Cercospora_leaf_spot Gray_leaf_spot,451,619344421614f04288f7f25d4a5b9ce172e8d921c4c1f45933b35972491dc208
Corn_(maize)___Cercospora_leaf_spot Gray_leaf_spot/dfe650bb-d16a-47ed-85d2-25abcbd0f152___RS_GLSp 4612.JPG,Corn_(maize)___Cercospora_leaf_spot Gray_leaf_spot,452,d382060aa379184b68aae2a8f43c566d60112abb8e16fab051b49f17cbab9c11
Corn_(maize)___Cercospora_leaf_spot Gray_leaf_spot/e10b0d3a-440b-46cd-a7f4-351196dcd1df___RS_GLSp 4323.JPG,Corn_(maize)___Cercospora_leaf_spot Gray_leaf_spot,453,cb3b1323a194cce2da8919fa553bc752604db16184f845f5823c925b17f418b9
Corn_(maize)___Cercospora_leaf_spot Gray_leaf_spot/e16bfc88-93b9-4036-b77f-614967a4ee2f___RS_GLSp 4652.JPG,Corn_(maize)___Cercospora_leaf_spot Gray_leaf_spot,454,5ed9ceb40e217515824399ef682dd4fc69c14db6be7f76206b50e59ad6bb2ed9
Corn_(maize)___Cercospora_leaf_spot Gray_leaf_spot/e2199152-0f4e-44bf-8edd-4c4392494b8b___RS_GLSp 4578.JPG,Corn_(maize)___Cercospora_leaf_spot Gray_leaf_spot,455,b3fa6b934d0a660d4194de12a22c07a66aeb3f394619f1ca32b9131212b53b96
Corn_(maize)___Cercospora_leaf_spot Gray_leaf_spot/e3d043b6-c62b-4e04-8878-fe26f20025e9___RS_GLSp 9360.JPG,Corn_(maize)___Cercospora_leaf_spot Gray_leaf_spot,456,271bedc590cece95f8ac58c93f8195a6757cc8e1679f0a282bc461341981a8e0
Corn_(maize)___Cercospora_leaf_spot Gray_leaf_spot/e415586a-efd4-402a-90dc-5a417ba95313___RS_GLSp 4448.JPG,Corn_(maize)___Cercospora_leaf_spot Gray_leaf_spot,457,76e04ff02ba59808364934e3312c6911aae219b97511cff8c3f3ea6f5f16b21a
Corn_(maize)___Cercospora_leaf_spot Gray_leaf_spot/e42bbd37-0236-423a-9d85-6f01e27e7d79___RS_GLSp 9324.JPG,Corn_(maize)___Cercospora_leaf_spot Gray_leaf_spot,458,e5ba5e1b5830e189c922a731f0a81d247d88e1bc07f117f6828e714fefdb590a
Corn_(maize)___Cercospora_leaf_spot Gray_leaf_spot/e4be1210-e9dc-44d0-8674-2dc7ecac0acc___RS_GLSp 4659.JPG,Corn_(maize)___Cercospora_leaf_spot Gray_leaf_spot,459,bedf3fe050f13ea1aaf1ca254e8eccc2b2f46b0d7b2eba4f6eca12e176a8643e
Corn_(maize)___Cercospora_leaf_spot Gray_leaf_spot/e5021ce3-49e4-4b43-88e4-fdb1d98ede70___RS_GLSp 4695.JPG,Corn_(maize)___Cercospora_leaf_spot Gray_leaf_spot,460,07d958b440ed1390845edf672a0489e32fd0dbbac63649e07fec759faf073a25
Corn_(maize)___Cercospora_leaf_spot Gray_leaf_spot/e50fa094-ce6d-475b-91e7-55266a2677ac___RS_GLSp 4379 copy.jpg,Corn_(maize)___Cercospora_leaf_spot Gray_leaf_spot,461,ce86ed1a251c08992f60749bffc99664d6bdec61def606d69a125cad5e06eba4
Corn_(maize)___Cercospora_leaf_spot Gray_leaf_spot/e5d4ffee-90c7-4a04-8fa8-61e496dfefc3___RS_GLSp 4367.JPG,Corn_(maize)___Cercospora_leaf_spot Gray_leaf_spot,462,788fc31829bd20cfdb09597e3fcbebb1891b546999f7d65f2f245f909722ad2d
Corn_(maize)___Cercospora_leaf_spot Gray_leaf_spot/e669b168-a25c-4770-9d2b-a89e3e6c421a___RS_GLSp 4463.JPG,Corn_(maize)___Cercospora_leaf_spot Gray_leaf_spot,463,1032825b3f27b3e64e1ba48a806727beecb83a44ebc92c73e6fb93850361bbc4
Corn_(maize)___Cercospora_leaf_spot Gray_leaf_spot/e728b124-21b4-4022-aed0-3608564f6b6f___RS_GLSp 4473.JPG,Corn_(maize)___Cercospora_leaf_spot Gray_leaf_spot,464,018d959599a2f62367a2ffc83953b6ade0820b2c42477db17e7e8e3cc06acace
Corn_(maize)___Cercospora_leaf_spot Gray_leaf_spot/e760af68-e885-46b4-a823-c4faf290c9d0___RS_GLSp 7299.JPG,Corn_(maize)___Cercospora_leaf_spot Gray_leaf_spot,465,1289760bf2530d6121fb12afe15ae0700467f6657982c2aab6cd0fc0afe912d3
Corn_(maize)___Cercospora_leaf_spot Gray_leaf_spot/e83678ff-832f-45eb-b95b-766701e6c051___RS_GLSp 9285.JPG,Corn_(maize)___Cercospora_leaf_spot Gray_leaf_spot,466,91ac6b6b90bde080027b6b861f210eae5308493a5062d25bd849542d08928099
Corn_(maize)___Cercospora_leaf_spot Gray_leaf_spot/e90fe656-399f-4863-8014-03dc30e84f8c___RS_GLSp 4326 copy.jpg,Corn_(maize)___Cercospora_leaf_spot Gray_leaf_spot,467,4a38e0265f208299524aaa24a217d3005e8fd5fd2caf7a783f0d51525be2d749
Corn_(maize)___Cercospora_leaf_spot Gray_leaf_spot/eb6de968-972f-4350-adb2-45196cf94252___RS_GLSp 7329.JPG,Corn_(maize)___Cercospora_leaf_spot Gray_leaf_spot,468,608d04b6e44c1d7fee978ebdef54a238319170394c602d804f566b7a5c8efcd6
Corn_(maize)___Cercospora_leaf_spot Gray_leaf_spot/eb963671-b486-4f91-9e7a-8315b81c13fc___RS_GLSp 4287 copy.jpg,Corn_(maize)___Cercospora_leaf_spot Gray_leaf_spot,469,7fc834fdfac812ae4935e36ddea00a969ded49a79c08dabd1baaf14e11ab06c7
Corn_(maize)___Cercospora_leaf_spot Gray_leaf_spot/eba7c3d9-7e8e-4cfc-9a84-7eb39671d480___RS_GLSp 9318.JPG,Corn_(maize)___Cercospora_leaf_spot Gray_leaf_spot,470,e35d3d51516d986caf9615ec3d9ac1c1d2ad8b7a60e379587fd5cbb03ad4f6a2
Corn_(maize)___Cercospora_leaf_spot Gray_leaf_spot/ebf90794-7915-4842-8548-f91f6c2bbf72___RS_GLSp 4471.JPG,Corn_(maize)___Cercospora_leaf_spot Gray_leaf_spot,471,5f427d2fa8bb7cd16a1971ebc30fdbce27d6663d71a889cc302074ded99a8c62
Corn_(maize)___Cercospora_leaf_spot Gray_leaf_spot/ec76caa7-e1a4-440e-9b4c-3ee355aac33b___RS_GLSp 4479.JPG,Corn_(maize)___Cercospora_leaf_spot Gray_leaf_spot,472,e28b713602db1e6f894e5066b2b76c22b49e711116dfd541a395119b4dcb1b98
Corn_(maize)___Cercospora_leaf_spot Gray_leaf_spot/eca81238-4c71-4982-a1a7-80c16852c299___RS_GLSp 4467 copy.jpg,Corn_(maize)___Cercospora_leaf_spot Gray_leaf_spot,473,ee2e2b01005b2b8d702dc9f0eb5f2760b24d5620c2d66494f416a4b2a8f5b78d
Corn_(maize)___Cercospora_leaf_spot Gray_leaf_spot/ed054cc0-58f1-4ca0-a369-2c04ffba43b0___RS_GLSp 4657.JPG,Corn_(maize)___Cercospora_leaf_spot Gray_leaf_spot,474,fddb69cfe290048b3778b396677ce46e802b6be4c657fe7318e4f1a14fe72ced
Corn_(maize)___Cercospora_leaf_spot Gray_leaf_spot/ed2d6237-f67a-4a5b-bd44-f122388bcd80___RS_GLSp 4620 copy.jpg,Corn_(maize)___Cercospora_leaf_spot Gray_leaf_spot,475,5180a57b5d462c1bacad11ccef15c0987432dbaaaccc539d594aec53b91bd558
Corn_(maize)___Cercospora_leaf_spot Gray_leaf_spot/eda51a46-b237-47c4-b19f-97463e2c303a___RS_GLSp 4618.JPG,Corn_(maize)___Cercospora_leaf_spot Gray_leaf_spot,476,192012a3df1388e3835b33dae8689e1e4e04a45842d0898114307dd9bccabb00
Corn_(maize)___Cercospora_leaf_spot Gray_leaf_spot/ee4db8d4-db61-49b3-85d9-bb8f52518815___RS_GLSp 4687.JPG,Corn_(maize)___Cercospora_leaf_spot Gray_leaf_spot,477,00e37b88d799a367b4fe76956ec8ced446c6aa35c0d8caf4c35f7458bc120d61
Corn_(maize)___Cercospora_leaf_spot Gray_leaf_spot/ee8c711f-3aa3-45b8-95e4-c63f86929ab1___RS_GLSp 4444.JPG,Corn_(maize)___Cercospora_leaf_spot Gray_leaf_spot,478,6b83d8c6b60522d772a0357006543e8af6903710035776e3e2a863140d2a816a
Corn_(maize)___Cercospora_leaf_spot Gray_leaf_spot/ef0479e0-c62b-4a8f-a5c6-1957d0a77c8f___RS_GLSp 4396.JPG,Corn_(maize)___Cercospora_leaf_spot Gray_leaf_spot,479,a6935905200405f093e2c03b7d57bfd3fafbf2e546dfbad97351e42ab2751e5e
Corn_(maize)___Cercospora_leaf_spot Gray_leaf_spot/ef2f5fe2-b4f0-40b4-8242-e521abeb812e___RS_GLSp 9288.JPG,Corn_(maize)___Cercospora_leaf_spot Gray_leaf_spot,480,575a74b94388ce7dfdce6582effd7933404223cbcb06e2e9559a9dda0fde7278
Corn_(maize)___Cercospora_leaf_spot Gray_leaf_spot/ef36729c-29b1-4f29-b100-d2490a238842___RS_GLSp 4415.JPG,Corn_(maize)___Cercospora_leaf_spot Gray_leaf_spot,481,bd9af072bad7d4f8500f4df9340d339ff33eeb73652e58c7f28438fde262528f
Corn_(maize)___Cercospora_leaf_spot Gray_leaf_spot/ef4b7259-5826-4036-9316-e075afa2c200___RS_GLSp 4599 copy.jpg,Corn_(maize)___Cercospora_leaf_spot Gray_leaf_spot,482,43038b5868b66e8c3028aa01084cdc9cf7a440b91d6369ee157828485bf86617
Corn_(maize)___Cercospora_leaf_spot Gray_leaf_spot/ef8386a2-a2ca-4571-8880-5eaf3c073725___RS_GLSp 4641.JPG,Corn_(maize)___Cercospora_leaf_spot Gray_leaf_spot,483,587dc41d7bd1396b3fab61a5baa4e0be45e5a1eca02793b3161facd161a71717
Corn_(maize)___Cercospora_leaf_spot Gray_leaf_spot/efab43d9-e45a-4ad2-ac72-2f4c51253d90___RS_GLSp 4438.JPG,Corn_(maize)___Cercospora_leaf_spot Gray_leaf_spot,484,ab7dc5674564899f3b08b40fda3508736a6eff8163e3c9927136ac2a8bff9633
Corn_(maize)___Cercospora_leaf_spot Gray_leaf_spot/f0519795-ad80-4e8c-9b03-71843202c86e___RS_GLSp 7284.JPG,Corn_(maize)___Cercospora_leaf_spot Gray_leaf_spot,485,c382d750edc890f48cc2b8eac7d8acd85f1d8c121370b4b1882c06f242b207c9
Corn_(maize)___Cercospora_leaf_spot Gray_leaf_spot/f182e161-ba75-4231-9b52-fa148f5794be___RS_GLSp 4692.JPG,Corn_(maize)___Cercospora_leaf_spot Gray_leaf_spot,486,4cda360f187f987d638417abf8d93941bfe4b2d2848d3d277a14c9e3b664396b
Corn_(maize)___Cercospora_leaf_spot Gray_leaf_spot/f19f6395-fe3b-427f-b888-49326cafe697___RS_GLSp 4329.JPG,Corn_(maize)___Cercospora_leaf_spot Gray_leaf_spot,487,77306f800437b11e9c8ea45404cc2e1e0b8ee4b34b14822a3523fb6d9e870375
Corn_(maize)___Cercospora_leaf_spot Gray_leaf_spot/f421d03e-750a-4423-bf6f-c1ac48795f8d___RS_GLSp 4642.JPG,Corn_(maize)___Cercospora_leaf_spot Gray_leaf_spot,488,dcd701589835840c8f93e4634ff85e972faf181aa70fe1dc1ae81ccafe6663cf
Corn_(maize)___Cercospora_leaf_spot Gray_leaf_spot/f435553d-4d3b-48a8-b13e-7639d330a001___RS_GLSp 4447.JPG,Corn_(maize)___Cercospora_leaf_spot Gray_leaf_spot,489,664e90e804d54bd0cb57cb0cba909ef8bb16a3bd2b3db56b4cfa97899e1f14f1
Corn_(maize)___Cercospora_leaf_spot Gray_leaf_spot/f4d1410d-4fb6-4d90-ac8c-c96e64374cfa___RS_GLSp 7341.JPG,Corn_(maize)___Cercospora_leaf_spot Gray_leaf_spot,490,0b7c572c5f7a9c8e40def58ecf0a8569e2ad9250cb5ca475f77f0f27dc5d6581
Corn_(maize)___Cercospora_leaf_spot Gray_leaf_spot/f4f3369b-f1e7-4d82-a504-f9ce40d7a997___RS_GLSp 4694.JPG,Corn_(maize)___Cercospora_leaf_spot Gray_leaf_spot,491,d6f31133f3be109031b939a24f7631c7a5209aa0c33ba0e73ebfc3b36e4e4a98
Corn_(maize)___Cercospora_leaf_spot Gray_leaf_spot/f5eb9c66-7174-4f62-8261-7c7520601824___RS_GLSp 9342.JPG,Corn_(maize)___Cercospora_leaf_spot Gray_leaf_spot,492,d4a350d742488cc0ba3e73dea81ec37d7f2f7a810e1341c8ca93f6b347bb5ac3
Corn_(maize)___Cercospora_leaf_spot Gray_leaf_spot/f60dfedb-02f5-4c39-b66e-9c29a58d0ae4___RS_GLSp 4417 copy.jpg,Corn_(maize)___Cercospora_leaf_spot Gray_leaf_spot,493,53155b9a5676f47e53117b1de5fb51ddb6e16ca5a54caec40c8e0fac23ad1ef7
Corn_(maize)___Cercospora_leaf_spot Gray_leaf_spot/f7044e72-6f61-45ce-9636-43f653381797___RS_GLSp 4637 copy.jpg,Corn_(maize)___Cercospora_leaf_spot Gray_leaf_spot,494,f25854a38b56467ebaeb2bebd16922021ef9893fb2d8dfc1f67fa594d2f2d5f7
Corn_(maize)___Cercospora_leaf_spot Gray_leaf_spot/f7e05e2b-6cc5-4b61-93e5-00172e3fa47c___RS_GLSp 9328.JPG,Corn_(maize)___Cercospora_leaf_spot Gray_leaf_spot,495,83d8b2f5925a7b478edf693733516756a1a12314a49288f647a681d4e694d32d
Corn_(maize)___Cercospora_leaf_spot Gray_leaf_spot/f7ece943-7833-4a22-bb40-9644311794fd___RS_GLSp 4635.JPG,Corn_(maize)___Cercospora_leaf_spot Gray_leaf_spot,496,7ee2988e0fd381e2d394144d5b02f28fd38e3a3a44fe2ea66dbbf67f5559b81e
Corn_(maize)___Cercospora_leaf_spot Gray_leaf_spot/f8101df7-db23-4241-9362-a00396806364___RS_GLSp 4336.JPG,Corn_(maize)___Cercospora_leaf_spot Gray_leaf_spot,497,6a969cb85e37a7f7c665bdcf0ddf13e8124768bfab8b1d6b99c978b8cf072a66
Corn_(maize)___Cercospora_leaf_spot Gray_leaf_spot/f8c850bb-1c2e-4340-8f00-bda707afcfa6___RS_GLSp 4451.JPG,Corn_(maize)___Cercospora_leaf_spot Gray_leaf_spot,498,c72da0a61146485cc242ab28535dac1ac47783a9e66ff2504b71379ac8cdf81c
Corn_(maize)___Cercospora_leaf_spot Gray_leaf_spot/f8dafa02-edfb-4fc6-bea1-a51cab4d4111___RS_GLSp 4472 copy.jpg,Corn_(maize)___Cercospora_leaf_spot Gray_leaf_spot,499,f8011da1095e0c2e600bacef664d666539d558765e77016ea88f5f7ed593310a
Corn_(maize)___Cercospora_leaf_spot Gray_leaf_spot/f91ae22a-3668-40e0-a578-b7a7dd9d481f___RS_GLSp 4437.JPG,Corn_(maize)___Cercospora_leaf_spot Gray_leaf_spot,500,c08ded698d286352c570b3b2e6b30ad3a4c99c151dabab5a1011bbc48cea609c
Corn_(maize)___Cercospora_leaf_spot Gray_leaf_spot/fa0d690b-b3ae-4ddd-b09d-ca8608233a1a___RS_GLSp 4629.JPG,Corn_(maize)___Cercospora_leaf_spot Gray_leaf_spot,501,c019d8965a6261b08c12a373ab0ce54fb6cf14e68046a8411ffdebdd2cc2e368
Corn_(maize)___Cercospora_leaf_spot Gray_leaf_spot/fa551b43-43d6-4788-8450-6a78a366b5dc___RS_GLSp 4565.JPG,Corn_(maize)___Cercospora_leaf_spot Gray_leaf_spot,502,c09b3715c716358850d899c6af33bd60c94767bbeee46d045ff05d0d8c38d7bb
Corn_(maize)___Cercospora_leaf_spot Gray_leaf_spot/fadf58aa-98fd-402a-8fdc-d06e250ec265___RS_GLSp 4557.JPG,Corn_(maize)___Cercospora_leaf_spot Gray_leaf_spot,503,913b4c854f208de44c824d595a75487b49a319fff733ba65fffb891555558a69
Corn_(maize)___Cercospora_leaf_spot Gray_leaf_spot/fbcc9f67-8f83-4262-b7a6-26bf59d5fefb___RS_GLSp 4424.JPG,Corn_(maize)___Cercospora_leaf_spot Gray_leaf_spot,504,17346884ee4b3e32e8e062e35916a224cdb2ff7c673d0e92084b8dfe04b1acf3
Corn_(maize)___Cercospora_leaf_spot Gray_leaf_spot/fc90276d-e10b-4697-88b2-d9bbd87f622c___RS_GLSp 7290.JPG,Corn_(maize)___Cercospora_leaf_spot Gray_leaf_spot,505,ded19afe192cadb38cfea90f6cde6f3b3205c877ebbf8f701f6ce1a9bdef3fc5
Corn_(maize)___Cercospora_leaf_spot Gray_leaf_spot/fce14144-8f76-43b9-9678-beb2984a56fc___RS_GLSp 4375.JPG,Corn_(maize)___Cercospora_leaf_spot Gray_leaf_spot,506,5bcb448d1e9cea81ab202bb76e0f2dbb6dcc8be035647f235d3b8995f5588349
Corn_(maize)___Cercospora_leaf_spot Gray_leaf_spot/fcf73483-d84f-4278-9ef7-5a715c73c8e1___RS_GLSp 4408 copy.jpg,Corn_(maize)___Cercospora_leaf_spot Gray_leaf_spot,507,5739875fb0f870322404825f78d269ff828f45d1e1d6dc67018ac3604d066c01
Corn_(maize)___Cercospora_leaf_spot Gray_leaf_spot/fd1e7be2-d635-4d70-85ac-f5d68ce7c2d1___RS_GLSp 4450 copy.jpg,Corn_(maize)___Cercospora_leaf_spot Gray_leaf_spot,508,66071af573791e2ad18625092edf2c041253e5b31a9db3858b381d85dcb790e5
Corn_(maize)___Cercospora_leaf_spot Gray_leaf_spot/fe34beba-a661-4164-ace3-4660d8e39c4f___RS_GLSp 4499.JPG,Corn_(maize)___Cercospora_leaf_spot Gray_leaf_spot,509,7974c24283970b0f0f5d81e8c1071ff3542f04c9a819784aa8d834a8cb16bc6c
Corn_(maize)___Cercospora_leaf_spot Gray_leaf_spot/ff4e775c-b6cb-455d-b4c9-b635025078c2___RS_GLSp 4562.JPG,Corn_(maize)___Cercospora_leaf_spot Gray_leaf_spot,510,e0e5dbf2b19076176f0dfabf9404d16c73aa9a20919a71c4b791412f89d921bd
Corn_(maize)___Cercospora_leaf_spot Gray_leaf_spot/ff619f22-b7a3-422f-a410-6c7b244738f2___RS_GLSp 4615.JPG,Corn_(maize)___Cercospora_leaf_spot Gray_leaf_spot,511,e53e00383140effe4efcd57777d6bca27147bef61da69031df0f5161628698f5
Corn_(maize)___Cercospora_leaf_spot Gray_leaf_spot/ff8671f5-09be-49d7-8093-2707c3a32489___RS_GLSp 4620.JPG,Corn_(maize)___Cercospora_leaf_spot Gray_leaf_spot,512,c8fd9924da815b723c0f63ed3f29e612df1e413218cf58a8cb7ed17a2389168b
Corn_(maize)___Common_rust_/RS_Rust 1563.JPG,Corn_(maize)___Common_rust_,513,c2dca189b2b49c20c92dbf38bcbae8bb4527f1e67d233e5880eb729ae2735946
Corn_(maize)___Common_rust_/RS_Rust 1564.JPG,Corn_(maize)___Common_rust_,514,33c7e87f3e7c5e2e8c1e2b63b186542b1fbcde598f4fe086ee796a4c1d95be3a
Corn_(maize)___Common_rust_/RS_Rust 1565.JPG,Corn_(maize)___Common_rust_,515,eb08987f40eba74ce61e5e0751dda5f0758fbe1d3da9b50d274b3b58afaacfcc
Corn_(maize)___Common_rust_/RS_Rust 1566.JPG,Corn_(maize)___Common_rust_,516,5519f4601bd314f1dcb9a80155f90c3ca9b93b5b2de07ebc17fa8eccf5181b18
Corn_(maize)___Common_rust_/RS_Rust 1567.JPG,Corn_(maize)___Common_rust_,517,65b487811fdd414e961e82f899a3a884a9ba6d5fb96cc965d6ab7a7195f9cf9f
Corn_(maize)___Common_rust_/RS_Rust 1568.JPG,Corn_(maize)___Common_rust_,518,21da4a7b164739da95b375d9a0722811a9be166147273186b3655b515f59577b
Corn_(maize)___Common_rust_/RS_Rust 1569.JPG,Corn_(maize)___Common_rust_,519,dee398049eda018825fa0eaa6a74805e4513643a56258d3ee6a8e76b371fa346
Corn_(maize)___Common_rust_/RS_Rust 1570.JPG,Corn_(maize)___Common_rust_,520,9301a5b3fe0544262c54d42fce54d2f041d83b093b06f7b30b14c0a2a9546358
Corn_(maize)___Common_rust_/RS_Rust 1571.JPG,Corn_(maize)___Common_rust_,521,a6bf1285493836aaffa2f531a14c20a9d2e9d0a4fbedd8386876361c9d27f5ba
Corn_(maize)___Common_rust_/RS_Rust 1572.JPG,Corn_(maize)___Common_rust_,522,732458935c063c9d7ac0595fb7105344167b94a8989917fe00309aeeb4c19b20
Corn_(maize)___Common_rust_/RS_Rust 1573.JPG,Corn_(maize)___Common_rust_,523,f1f33658213c5b4d800aaef18530ed75276131f4d0ec24c17433c15349188dee
Corn_(maize)___Common_rust_/RS_Rust 1574.JPG,Corn_(maize)___Common_rust_,524,665d5dfc918b2bf20a4b0469ed066b9b4fd39744122ce834dc6041d7f5b2618f
Corn_(maize)___Common_rust_/RS_Rust 1575.JPG,Corn_(maize)___Common_rust_,525,f3cf85ffeb1213319e91f203a6fb3216b7855429de1e1e33b2419a67b090475c
Corn_(maize)___Common_rust_/RS_Rust 1576.JPG,Corn_(maize)___Common_rust_,526,ce7b113adc55d098f3fdfc611357611975866b58dbf65d0c820d9520270b6950
Corn_(maize)___Common_rust_/RS_Rust 1577.JPG,Corn_(maize)___Common_rust_,527,2765de0ac643b7bcf7cfdccfab3c9442e15f262957bf5dca4d84527017cbde4d
Corn_(maize)___Common_rust_/RS_Rust 1578.JPG,Corn_(maize)___Common_rust_,528,20b84e5b34764de08025598cbddc23cbdb79a8f25087b0cc73abe194578a9376
Corn_(maize)___Common_rust_/RS_Rust 1579.JPG,Corn_(maize)___Common_rust_,529,08c5d1227f66efd96e4bccf39abb488421f0518f5981e42a54ead7cd23583def
Corn_(maize)___Common_rust_/RS_Rust 1580.JPG,Corn_(maize)___Common_rust_,530,09901ec6da770ac050dc4f57a8da051300afda39c0fbb1470eaf61aa36e8897c
Corn_(maize)___Common_rust_/RS_Rust 1581.JPG,Corn_(maize)___Common_rust_,531,1eb23b1ee4b93f8ad63827a613d2685d3f5cffcb7d4cb89072f99777b32490b8
Corn_(maize)___Common_rust_/RS_Rust 1582.JPG,Corn_(maize)___Common_rust_,532,f2f71c8bc1095eddf2103e42c7181ba6fcdb1be2abd22ac4dfc8a35a192c4a61
Corn_(maize)___Common_rust_/RS_Rust 1583.JPG,Corn_(maize)___Common_rust_,533,b3e07c97abaebac01be6a0745c54601f9a75df12ab7594c1c1014cf58e9151b6
Corn_(maize)___Common_rust_/RS_Rust 1584.JPG,Corn_(maize)___Common_rust_,534,7928d85ed6fd83135ce719317450cd245d2eda5a118ae9c1bdc1656ee7d842cb
Corn_(maize)___Common_rust_/RS_Rust 1585.JPG,Corn_(maize)___Common_rust_,535,8e5232b320bae4c88afbd23b86f74098310712f24914907dd52ab443fcd5d892
Corn_(maize)___Common_rust_/RS_Rust 1586.JPG,Corn_(maize)___Common_rust_,536,c5ca6426aa52e187440716fd1e0415d52779dec4e0369b6b00ed44b0a0f70219
Corn_(maize)___Common_rust_/RS_Rust 1587.JPG,Corn_(maize)___Common_rust_,537,0de916021cfd369c835da3a29198282735095fb24a3dda1e0d7b62f7bdee6af6
Corn_(maize)___Common_rust_/RS_Rust 1588.JPG,Corn_(maize)___Common_rust_,538,929aec477238fc1532090734456fee1a4c965211e3abbe69b00be1a0bb7d20b0
Corn_(maize)___Common_rust_/RS_Rust 1589.JPG,Corn_(maize)___Common_rust_,539,d74fd2d6e8230e20ba3a54d6f960026a11c0157fab27470fb99290dab3a7c0c9
Corn_(maize)___Common_rust_/RS_Rust 1590.JPG,Corn_(maize)___Common_rust_,540,ed6cda7fad6902260b53f91ee7010684e9d4da26d5f0e7fc6fafc54c95829dcb
Corn_(maize)___Common_rust_/RS_Rust 1591.JPG,Corn_(maize)___Common_rust_,541,636fa6c5de8831b4d3d1644e8724185356a998f1993a4e7f7667554822c0ec0c
Corn_(maize)___Common_rust_/RS_Rust 1592.JPG,Corn_(maize)___Common_rust_,542,bd036311f2b08fbad4c7a2264691a971a0fe7578489ad169b321e9b4ba2cb4d3
Corn_(maize)___Common_rust_/RS_Rust 1593.JPG,Corn_(maize)___Common_rust_,543,a705d46d4d1dcffcf5b9ba8249ea7d56cbd83bc3c627442c5d5bf8907cc8a599
Corn_(maize)___Common_rust_/RS_Rust 1594.JPG,Corn_(maize)___Common_rust_,544,a324a50484e583cdffb3973de7f40dcdc0d811c3d1473af19073a5fb37e1392f
Corn_(maize)___Common_rust_/RS_Rust 1595.JPG,Corn_(maize)___Common_rust_,545,9c17233f39e6bb0c88d83f7d2cf99bfc1b34a11ff2bb758c3cab8f372d5fd4bf
Corn_(maize)___Common_rust_/RS_Rust 1596.JPG,Corn_(maize)___Common_rust_,546,be7e2ea05ee54d9d680b51c0423d0f5262a7bbafb6679d02f0513fb1aecdbfc6
Corn_(maize)___Common_rust_/RS_Rust 1597.JPG,Corn_(maize)___Common_rust_,547,4bc98c9c7fb1096bb14fdb729d7fcf5a8b539078ab8ebc556aa8dae1df29aa47
Corn_(maize)___Common_rust_/RS_Rust 1598.JPG,Corn_(maize)___Common_rust_,548,7a2329eef97bde64fbdb4e21ace5816b967b4b04cac5c3ba24b19740abbb6de4
Corn_(maize)___Common_rust_/RS_Rust 1599.JPG,Corn_(maize)___Common_rust_,549,d448bf6e4ce8faac849bd5d500033f6e306143f864688ec899bca7c9cc885165
Corn_(maize)___Common_rust_/RS_Rust 1600.JPG,Corn_(maize)___Common_rust_,550,73c2da1f687e3b0f28be629e50d2bc754165481f5f3020d3d6d3a439048ae934
Corn_(maize)___Common_rust_/RS_Rust 1601.JPG,Corn_(maize)___Common_rust_,551,2b7890bf9fc391ed9da23bbeede6e3ad6e31dedef69f04ad77f15525902ead94
Corn_(maize)___Common_rust_/RS_Rust 1602.JPG,Corn_(maize)___Common_rust_,552,63f88a9a9fd79dc822a11544c92221c98853bda21af7ed333599f9d9c0b48af8
Corn_(maize)___Common_rust_/RS_Rust 1603.JPG,Corn_(maize)___Common_rust_,553,1fd3b768e6a0771fff1b8e16f623c2d405ddbe2a938757901860424053db2293
Corn_(maize)___Common_rust_/RS_Rust 1604.JPG,Corn_(maize)___Common_rust_,554,ebf323abee772952dcc23d0f7818c4fbc11aea6c6e4c6c90bd26c9189ddc9b71
Corn_(maize)___Common_rust_/RS_Rust 1605.JPG,Corn_(maize)___Common_rust_,555,e32ee2e97641d551716fdae467f83cb2f142e126826ad311d738586f9d97b897
Corn_(maize)___Common_rust_/RS_Rust 1606.JPG,Corn_(maize)___Common_rust_,556,933059e3d4fa2816d5176deb8ffcd3418c09f48d54d694e8e9613db937306650
Corn_(maize)___Common_rust_/RS_Rust 1607.JPG,Corn_(maize)___Common_rust_,557,3f3f9d1823f40027625c735f91ac13774b61276f9f07d0b0f5baaff63fdd6092
Corn_(maize)___Common_rust_/RS_Rust 1608.JPG,Corn_(maize)___Common_rust_,558,d878520038a6b59f7b6098a814ec6610ccf40d0221d8d3f288988a5d55ea6dc6
Corn_(maize)___Common_rust_/RS_Rust 1609.JPG,Corn_(maize)___Common_rust_,559,d16fbcdabbe05707642a34a28a6b5eafefdc3695286cd83ac8c7f39dba04e9b8
Corn_(maize)___Common_rust_/RS_Rust 1610.JPG,Corn_(maize)___Common_rust_,560,730b3cf08ec7615d174917a0a3d9b5061d9f15723fc393361edbeab93800173c
Corn_(maize)___Common_rust_/RS_Rust 1611.JPG,Corn_(maize)___Common_rust_,561,7a54f1e8a7704ee62483b6ed92139b5df6d0ca03d8479b0f6dac7c633a219be7
Corn_(maize)___Common_rust_/RS_Rust 1612.JPG,Corn_(maize)___Common_rust_,562,d3d6928e66b65206f3d3267e800d0ced3cb8d66b47e736e3bdb11b6399a3019b
Corn_(maize)___Common_rust_/RS_Rust 1613.JPG,Corn_(maize)___Common_rust_,563,117be95a90ea6cf2e7d7c23acf456ea095b45582e2cefd7e809c9bbd11ee2bc9
Corn_(maize)___Common_rust_/RS_Rust 1614.JPG,Corn_(maize)___Common_rust_,564,bbfd89d469e8a50bcaaa55699eda64c608694b08e8a808fe22d258eaa5db11f9
Corn_(maize)___Common_rust_/RS_Rust 1615.JPG,Corn_(maize)___Common_rust_,565,7ef75f58afcd9045b972ff73d86a48125dce807bd2bcf9e2db2732acdc17995a
Corn_(maize)___Common_rust_/RS_Rust 1616.JPG,Corn_(maize)___Common_rust_,566,f57e6dda113c15118bda6fe58c328f46d47aab52abc8fe6b75ac27764887e17a
Corn_(maize)___Common_rust_/RS_Rust 1618.JPG,Corn_(maize)___Common_rust_,567,396f219713e2efcd4dd360051e3100aa84ba3ba2726098136f758426ec7ca924
Corn_(maize)___Common_rust_/RS_Rust 1619.JPG,Corn_(maize)___Common_rust_,568,e73308bc92694409c38face171da6ef12776d6b6ea8ee2388badefea2728cf87
Corn_(maize)___Common_rust_/RS_Rust 1620.JPG,Corn_(maize)___Common_rust_,569,71a8d4307a8ed26b7367d69de271b4efd522549b71df6fd5c11f339328d687c2
Corn_(maize)___Common_rust_/RS_Rust 1621.JPG,Corn_(maize)___Common_rust_,570,37617b8e2e9468d35b046e0a3d72049a13e64f6cc81fe0942600ecf03f51ce7f
Corn_(maize)___Common_rust_/RS_Rust 1622.JPG,Corn_(maize)___Common_rust_,571,4aa03a1e8cdae29d85205e54c22d166acb0c22c124f9a73e68a1451e5a2e9cb9
Corn_(maize)___Common_rust_/RS_Rust 1623.JPG,Corn_(maize)___Common_rust_,572,904ad506e67bdb6ae613ecbe752f417d46e6140d8be8cca631b74403f08b06f0
Corn_(maize)___Common_rust_/RS_Rust 1624.JPG,Corn_(maize)___Common_rust_,573,dd18b14dc7cffc21b7e9aac67368e42c377fc7bf061e9c2a81f42937ac3bf572
Corn_(maize)___Common_rust_/RS_Rust 1625.JPG,Corn_(maize)___Common_rust_,574,344a55c544a8f7d245e26c0e13c80cb69fd0d34c80063478728c86d3617780ea
Corn_(maize)___Common_rust_/RS_Rust 1626.JPG,Corn_(maize)___Common_rust_,575,ef6c7e6b0a2f281fee1e81a505824ad01bda750d126a43b6365aec5b788f003f
Corn_(maize)___Common_rust_/RS_Rust 1627.JPG,Corn_(maize)___Common_rust_,576,48fdb3c6ebebc278af33eab97492c0f3317d1073b0c06701d8e65f285ded250e
Corn_(maize)___Common_rust_/RS_Rust 1628.JPG,Corn_(maize)___Common_rust_,577,b1207224471bdc22993e2cde84179a6e5284f3c76e445e43b52d7754a2791adf
Corn_(maize)___Common_rust_/RS_Rust 1629.JPG,Corn_(maize)___Common_rust_,578,d6df84bc4fab2a78958650757d34aef363bea0677296f2c3dd2a6a82265bfa63
Corn_(maize)___Common_rust_/RS_Rust 1630.JPG,Corn_(maize)___Common_rust_,579,b779acad47f263d4d9a15a78310c727bc42eab89bf3c61f2df100b889816024c
Corn_(maize)___Common_rust_/RS_Rust 1631.JPG,Corn_(maize)___Common_rust_,580,c327bd7036b80135a7560bf57e7c32873157f62fdb70ad36b5f52ce62d90a405
Corn_(maize)___Common_rust_/RS_Rust 1632.JPG,Corn_(maize)___Common_rust_,581,5b703584cf5061706bed762e349989f2e2d934c8cf3a3fd5c0fcb9888bda55ab
Corn_(maize)___Common_rust_/RS_Rust 1633.JPG,Corn_(maize)___Common_rust_,582,572d57a95f5efffd8d2a2a83531b5154c600ca33a99ba297263d0731a2889422
Corn_(maize)___Common_rust_/RS_Rust 1634.JPG,Corn_(maize)___Common_rust_,583,5d76187e3dfa8645f05449275d6462b4ab4efec49028c5f4d632759842a255ea
Corn_(maize)___Common_rust_/RS_Rust 1635.JPG,Corn_(maize)___Common_rust_,584,910fa42a4b30f5bc4a4485f78f925c5e09e07a62885d9c0075ac8aef66e8923f
Corn_(maize)___Common_rust_/RS_Rust 1636.JPG,Corn_(maize)___Common_rust_,585,04b9eb103f23f629eee3fc658b502c2845b8cabd39a19912c221e2d0dd316b6b
Corn_(maize)___Common_rust_/RS_Rust 1637.JPG,Corn_(maize)___Common_rust_,586,ffeac0d318106f1200f8e619744a3c5df35f0e7001e5cc5f9d6416e3301a6d65
Corn_(maize)___Common_rust_/RS_Rust 1638.JPG,Corn_(maize)___Common_rust_,587,3ec74bafc441738a9e24a1a55b2a44964b7fc51612bc131ae6e841a304c25d38
Corn_(maize)___Common_rust_/RS_Rust 1639.JPG,Corn_(maize)___Common_rust_,588,e6046f693e82ce3654eca5656e3aa996c98f40d1ac0318405605d1fa70ad986f
Corn_(maize)___Common_rust_/RS_Rust 1640.JPG,Corn_(maize)___Common_rust_,589,0e2248caf5a63315953a2f4fc3b27f1c651922fc45256b25b8cb8c26e360a3ba
Corn_(maize)___Common_rust_/RS_Rust 1641.JPG,Corn_(maize)___Common_rust_,590,256bbe70c7e14ac72801c6b04b9621af9002b3bbc97870fd6fd63e7c74cd6fb1
Corn_(maize)___Common_rust_/RS_Rust 1642.JPG,Corn_(maize)___Common_rust_,591,e0e10fc7dd99facce9340fc198915b1f960d356953d25c2ae4e09607a328d071
Corn_(maize)___Common_rust_/RS_Rust 1643.JPG,Corn_(maize)___Common_rust_,592,50f41d815206672548007af5e8361803e2ae811779ba409173cdad660b9ca106
Corn_(maize)___Common_rust_/RS_Rust 1644.JPG,Corn_(maize)___Common_rust_,593,3442bbfad322dbd5c7618b7aee814ca335823f7bef3238aa813fbc6feb4e2fcc
Corn_(maize)___Common_rust_/RS_Rust 1645.JPG,Corn_(maize)___Common_rust_,594,d6ddf0093d9204668cf386500c545c3e6bb3d72b57c392b3255c0af029da4938
Corn_(maize)___Common_rust_/RS_Rust 1646.JPG,Corn_(maize)___Common_rust_,595,edec0e778d8703b0d9e58e9b26c02ed4521859b5c46b02ec9496e8baeadcd6fc
Corn_(maize)___Common_rust_/RS_Rust 1647.JPG,Corn_(maize)___Common_rust_,596,8cff40c036aec2647efd85f1bdd1b792035e10e657764ed08ab159ccf1156f36
Corn_(maize)___Common_rust_/RS_Rust 1648.JPG,Corn_(maize)___Common_rust_,597,f75f71a51ba4617da1d06a021a2c8a47243e876eb80f1a2582d362e4f125e54c
Corn_(maize)___Common_rust_/RS_Rust 1649.JPG,Corn_(maize)___Common_rust_,598,8aacad631cd1a724fa1077252ecb56cbe78794d3da909a1d91db7472f7c16927
Corn_(maize)___Common_rust_/RS_Rust 1650.JPG,Corn_(maize)___Common_rust_,599,0c06271d6812a54eb7d11dbbaae576bf8dd1ca0b2ac8b478cff93581eded7a64
Corn_(maize)___Common_rust_/RS_Rust 1651.JPG,Corn_(maize)___Common_rust_,600,55ac12fa91f8c98c70979e85cb05dddf262abf991a702ecc41d0362cd2733b9f
Corn_(maize)___Common_rust_/RS_Rust 1652.JPG,Corn_(maize)___Common_rust_,601,49152c2cb711a3d0342d1f728fe9c1be51d042c940f7ca9113d6ca878a5628ff
Corn_(maize)___Common_rust_/RS_Rust 1653.JPG,Corn_(maize)___Common_rust_,602,1ff7018740cc599f9b5408754237ebddb6f9b07a697dbe274b0eed488e469802
Corn_(maize)___Common_rust_/RS_Rust 1654.JPG,Corn_(maize)___Common_rust_,603,ee8704bbec16d169d96face33342a2a76e035f67ab5b1210e02468a589bb7701
Corn_(maize)___Common_rust_/RS_Rust 1655.JPG,Corn_(maize)___Common_rust_,604,4cb10e9a62e80ba6fbda0ab61a5e6081bb16ed12a1dff38646dde22d2a0bf38a
Corn_(maize)___Common_rust_/RS_Rust 1656.JPG,Corn_(maize)___Common_rust_,605,f690b4e15d07019278bf09b109b522da176984a45a4ab1f62ec259e9192be68c
Corn_(maize)___Common_rust_/RS_Rust 1657.JPG,Corn_(maize)___Common_rust_,606,7473a03d18ab2291f982fb094c8229a63333cabeb7648847d2ce1f022c452d3a
Corn_(maize)___Common_rust_/RS_Rust 1658.JPG,Corn_(maize)___Common_rust_,607,62315cca07bf994cb4e4204a7ad5aacad41742b1836719714d7497e02eb8547a
Corn_(maize)___Common_rust_/RS_Rust 1659.JPG,Corn_(maize)___Common_rust_,608,85e2b0f6f3fca969ff663e6baea13082a4023f4ac6235fb25af7d4f1f2f92384
Corn_(maize)___Common_rust_/RS_Rust 1660.JPG,Corn_(maize)___Common_rust_,609,c7a51c90e69969e7d9166bb35c795c039dfa770ba14a9cb57b721c30edcb3549
Corn_(maize)___Common_rust_/RS_Rust 1661.JPG,Corn_(maize)___Common_rust_,610,eadd54b5afd43cb412a9ac0136901cef04badbd54866b2c2831391b101ee7aa4
Corn_(maize)___Common_rust_/RS_Rust 1662.JPG,Corn_(maize)___Common_rust_,611,bbea0e855fcddc49f3ec5ca32c1843639d21087628d435beee31a0eb43494fbf
Corn_(maize)___Common_rust_/RS_Rust 1663.JPG,Corn_(maize)___Common_rust_,612,a223a3e8c2961a015a346d9d620397d07f0bd14eb1bc4682b04533cdcd2f0994
Corn_(maize)___Common_rust_/RS_Rust 1664.JPG,Corn_(maize)___Common_rust_,613,00c45e284314d90a3f33f476ab6bbc4d5408a7c5c53486d049dd35fcd3545085
Corn_(maize)___Common_rust_/RS_Rust 1665.JPG,Corn_(maize)___Common_rust_,614,8a14d591126eaeea07cb08fbc9dadd49ab703302a78bbc8548d80ca09e66e056
Corn_(maize)___Common_rust_/RS_Rust 1666.JPG,Corn_(maize)___Common_rust_,615,bb2fa551f65d83ea5053f2e5d2e2873fa20d46c93b7cc073041bd48286bf5b1d
Corn_(maize)___Common_rust_/RS_Rust 1667.JPG,Corn_(maize)___Common_rust_,616,11bcb04084a469e9321a2188e918c4618da00d88d4fda55eaf4c1306d99ebcdc
Corn_(maize)___Common_rust_/RS_Rust 1668.JPG,Corn_(maize)___Common_rust_,617,a8a9f3991d0e6772c8e41c158c70bacfb693a97c329d9674e09d4091c1d7adf1
Corn_(maize)___Common_rust_/RS_Rust 1669.JPG,Corn_(maize)___Common_rust_,618,a16650b9c9be597181efb4a52419e3929311c6cebb5e31b45516872e7ba1a0ca
Corn_(maize)___Common_rust_/RS_Rust 1670.JPG,Corn_(maize)___Common_rust_,620,71dab4d18391554828905de5cafce75e4c3a15c4865ced9cfb57f105fe234d0c
Corn_(maize)___Common_rust_/RS_Rust 1671.JPG,Corn_(maize)___Common_rust_,620,0e579def9c6e21fbece661f72619c9b7859ffe040121077f68e2e385ea502bb4
Corn_(maize)___Common_rust_/RS_Rust 1672.JPG,Corn_(maize)___Common_rust_,621,797d3ea0a5cfc5db4467349381b3f945a8ca71cab25d9cf8407621e1611eccce
Corn_(maize)___Common_rust_/RS_Rust 1673.JPG,Corn_(maize)___Common_rust_,622,079f9fb3de3786965e780af34f0e3b833abe67cafa4849d34b4b14eeb76845e8
Corn_(maize)___Common_rust_/RS_Rust 1674.JPG,Corn_(maize)___Common_rust_,623,c5414905bb3a8b53083992d791de607e7272fd9f506968c530db49185ebfea37
Corn_(maize)___Common_rust_/RS_Rust 1675.JPG,Corn_(maize)___Common_rust_,624,34ca7fb7c42c8ff85de84df980006b5fd301c0e0ff5bd53aac9f8b2c0a57340e
Corn_(maize)___Common_rust_/RS_Rust 1676.JPG,Corn_(maize)___Common_rust_,625,340590c324ba36db7bd281b75d668fc427d13a27f943cdfbf4eae3a4f757d373
Corn_(maize)___Common_rust_/RS_Rust 1677.JPG,Corn_(maize)___Common_rust_,626,8dedd21607dad6501d55e51ab4bed315b3184b05ba6aa697a0cc437898d09982
Corn_(maize)___Common_rust_/RS_Rust 1678.JPG,Corn_(maize)___Common_rust_,627,ccecd140eae8d96f0a6095aef511a07c137dfd3253a408a4ada4e4ff4fb8a264
Corn_(maize)___Common_rust_/RS_Rust 1679.JPG,Corn_(maize)___Common_rust_,628,5d55362423409bb9977470bbf900f44a210f2e9e9f044850e7ccd6992451d75f
Corn_(maize)___Common_rust_/RS_Rust 1680.JPG,Corn_(maize)___Common_rust_,629,ca6e6d8c78034b09c75dcc0b399bdc447ca80be0a33a2f7951fcc5d7eeb86542
Corn_(maize)___Common_rust_/RS_Rust 1681.JPG,Corn_(maize)___Common_rust_,630,c3e0da22f2b986af18105694f899ed50e7ce49ed51b5a80c4fa0d9f164cbaf94
Corn_(maize)___Common_rust_/RS_Rust 1682.JPG,Corn_(maize)___Common_rust_,631,a5db35bb73dfa345efc53cf984d41bb69b8f35e903cd100da6c64e17ba704522
Corn_(maize)___Common_rust_/RS_Rust 1683.JPG,Corn_(maize)___Common_rust_,632,996e787cac36643a44dcd733f77eb35d87557ccb37dd9f88fc9d688485ba14d5
Corn_(maize)___Common_rust_/RS_Rust 1684.JPG,Corn_(maize)___Common_rust_,633,3dc69ac645383d60b4f65bfa5a0f30872d459f1b6fdb8754238d5a71a467175c
Corn_(maize)___Common_rust_/RS_Rust 1685.JPG,Corn_(maize)___Common_rust_,634,6d68e53d34aa3de01268819e5e45317e1ecb97bed425e5c17735ab00019a6dd7
Corn_(maize)___Common_rust_/RS_Rust 1686.JPG,Corn_(maize)___Common_rust_,635,7594dfcc14c8fb95797f8c7f08cec821a78ea3e509f44d9163e9ba35eb2b03ce
Corn_(maize)___Common_rust_/RS_Rust 1687.JPG,Corn_(maize)___Common_rust_,636,07c637ead132137f2092b5b7d35b4ad4c7cb49517fe5b976630e9f76ec35b770
Corn_(maize)___Common_rust_/RS_Rust 1688.JPG,Corn_(maize)___Common_rust_,637,266975832d8db3c8e7ad25daaf7f0ed522d8c2aab8437b1a1b64c8feb4a628f7
Corn_(maize)___Common_rust_/RS_Rust 1689.JPG,Corn_(maize)___Common_rust_,638,6c18f6557e7bf04959c2069c656d477fcdb6df93dea23901c6c80cbc3ca69da6
Corn_(maize)___Common_rust_/RS_Rust 1690.JPG,Corn_(maize)___Common_rust_,639,499718bbd49e831a3ebbd162b5df8d7ac7adf9ed2ba87c776bb400aa76853a07
Corn_(maize)___Common_rust_/RS_Rust 1691.JPG,Corn_(maize)___Common_rust_,640,1e42f77a31534c33fc0d10dbc3bdef2338b8b7f7bc6c2f3217ee612995a95d46
Corn_(maize)___Common_rust_/RS_Rust 1692.JPG,Corn_(maize)___Common_rust_,641,d477641bb078cb6e72e7e6cfe5251ff086218b2c482e797e012d9b46053a8142
Corn_(maize)___Common_rust_/RS_Rust 1693.JPG,Corn_(maize)___Common_rust_,642,9914286258abf4f94d72072a256b1b595c051b6e955eefa32dd6968bc90af582
Corn_(maize)___Common_rust_/RS_Rust 1694.JPG,Corn_(maize)___Common_rust_,643,b9b38aefed5d0dcc25486b7b01795385ee4960be2d911142645969da02835073
Corn_(maize)___Common_rust_/RS_Rust 1695.JPG,Corn_(maize)___Common_rust_,644,b03702699048b55eed552b91d9bd9dbabead1c261b3c22863839581337ef0822
Corn_(maize)___Common_rust_/RS_Rust 1696.JPG,Corn_(maize)___Common_rust_,645,0173d1402ddffa065a45a81c380e77d508d0bef95428b8d0156fe901347a547f
Corn_(maize)___Common_rust_/RS_Rust 1697.JPG,Corn_(maize)___Common_rust_,646,1f57445deafdb5b5b13cbd87fc20bba10665cc7a5dd01d6d0feb9a713d59af76
Corn_(maize)___Common_rust_/RS_Rust 1698.JPG,Corn_(maize)___Common_rust_,647,4096218127f29f819074e692eff71a35023deee027244f8b0f81657393c17b18
Corn_(maize)___Common_rust_/RS_Rust 1699.JPG,Corn_(maize)___Common_rust_,648,f06dbf7212864675ad8e4dc425156a8402ce73f3477aab160abc99f229e6be1a
Corn_(maize)___Common_rust_/RS_Rust 1700.JPG,Corn_(maize)___Common_rust_,649,9851ed32359e70a38d33b1f44ddd5d85a24d67c128e2571d468fab1230181994
Corn_(maize)___Common_rust_/RS_Rust 1701.JPG,Corn_(maize)___Common_rust_,650,ff3f91ebc548571c52e508e8ad1f6ce06c074cc447826c1f7654c57be6433d5b
Corn_(maize)___Common_rust_/RS_Rust 1702.JPG,Corn_(maize)___Common_rust_,651,abdcd017dfa98ffea6ef9e95ecd8b45d03ea700d582f2b7a00302d515ea74588
Corn_(maize)___Common_rust_/RS_Rust 1703.JPG,Corn_(maize)___Common_rust_,652,0bb75cca9e3ce17ceaa167823ce005ea0e60bca12e768436042cf5130ff48130
Corn_(maize)___Common_rust_/RS_Rust 1704.JPG,Corn_(maize)___Common_rust_,653,03f3258a564b03326603ebd5474923ec8e323d2ba358014d3376d4f38c338eff
Corn_(maize)___Common_rust_/RS_Rust 1705.JPG,Corn_(maize)___Common_rust_,654,e2476a18e34a6577b304045cac89d2935352d8a1776be6e37d648cf6ae24ea55
Corn_(maize)___Common_rust_/RS_Rust 1706.JPG,Corn_(maize)___Common_rust_,655,93b09b2a27ac15e3eb8bd0074c22ef2f62a0522843a9c0e8081d8c6212217e04
Corn_(maize)___Common_rust_/RS_Rust 1707.JPG,Corn_(maize)___Common_rust_,656,fe7e3e8cfa53229a6103fc84d031e6b9e1396b23603214bb8ce381fe97f1345e
Corn_(maize)___Common_rust_/RS_Rust 1708.JPG,Corn_(maize)___Common_rust_,657,f16c8decd2b631e949cbad9e58aa4804ec411aa2af8431ed7752e0278bed10a3
Corn_(maize)___Common_rust_/RS_Rust 1709.JPG,Corn_(maize)___Common_rust_,658,725121dc3b1413d8462674b1f3525662722978d6196adc83e4e7c55d7b0ec840
Corn_(maize)___Common_rust_/RS_Rust 1710.JPG,Corn_(maize)___Common_rust_,659,9d30d3d4b9ebf5cd6c26b5947f100a07d67c61a5c39f9a86ce66894c46c50657
Corn_(maize)___Common_rust_/RS_Rust 1711.JPG,Corn_(maize)___Common_rust_,660,658af6e387fe0eba3b224dd75d32df249efd9d28dedbcf9d8958ba8b2aa9179d
Corn_(maize)___Common_rust_/RS_Rust 1712.JPG,Corn_(maize)___Common_rust_,661,671fbe327aab0e4d8ab9a80623f6fb012df76a467d24fd09026c0ecbd8d7877a
Corn_(maize)___Common_rust_/RS_Rust 1713.JPG,Corn_(maize)___Common_rust_,662,a1c3b31922a89e0b3c3db93b0542aa1f2f5bb6da08070d5afb5723a908f81e63
Corn_(maize)___Common_rust_/RS_Rust 1714.JPG,Corn_(maize)___Common_rust_,663,db0bc3ccf6ce464197daf067cf62a94c6360970f5080450d0933b022bb0a9eb5
Corn_(maize)___Common_rust_/RS_Rust 1715.JPG,Corn_(maize)___Common_rust_,664,7a66c87714f2d725a27c687452e50b4c8d4c9c4831698e6ffa9b0deec185d8eb
Corn_(maize)___Common_rust_/RS_Rust 1716.JPG,Corn_(maize)___Common_rust_,665,13b44fe0fcf7bd2b4901765a856c25aee9cb856872ddeba9e1dbe3072328b9b0
Corn_(maize)___Common_rust_/RS_Rust 1717.JPG,Corn_(maize)___Common_rust_,666,ccfe1f99a6cdc8333ce8a5d8da295a5e78a4a0dfb3b0f7b4fe1a28e3ce2042f6
Corn_(maize)___Common_rust_/RS_Rust 1718.JPG,Corn_(maize)___Common_rust_,667,59e260b661613bed5dae771f6340f511ee6ce01bbf1c72a621d1e9fdefb019f2
Corn_(maize)___Common_rust_/RS_Rust 1719.JPG,Corn_(maize)___Common_rust_,668,55c170109e28e74cdd4de3f7e0e5ec837f34e127334ac78bca96244a6716a151
Corn_(maize)___Common_rust_/RS_Rust 1720.JPG,Corn_(maize)___Common_rust_,669,aa4edd63f1c070b509d63b05546d59c9ef153e1bd6400eb30e3065f55a22e2c8
Corn_(maize)___Common_rust_/RS_Rust 1721.JPG,Corn_(maize)___Common_rust_,670,2456578c306d979dca89b1d6554e38e7045ae6bf0f87efb457543c15cd38ddc1
Corn_(maize)___Common_rust_/RS_Rust 1722.JPG,Corn_(maize)___Common_rust_,671,13dc0638db4823d04ee8a5a9fc9c4def1438d098add7bc307dcc0f99ea1a0a99
Corn_(maize)___Common_rust_/RS_Rust 1723.JPG,Corn_(maize)___Common_rust_,672,3f177a937b19cb22aa4bb0a5e9a76c64929e5c2af88f0b7bb7d70b22ff7f63b6
Corn_(maize)___Common_rust_/RS_Rust 1724.JPG,Corn_(maize)___Common_rust_,673,d7bb83ccf3d25a838f235d29c43cde1cf9aabae3cc3e4eb8ca630dfe04f4cacb
Corn_(maize)___Common_rust_/RS_Rust 1725.JPG,Corn_(maize)___Common_rust_,674,1a21c24f564d8691ece2eacd7a52a8184cb20a6ef25210d4c4e734f6838c70f7
Corn_(maize)___Common_rust_/RS_Rust 1726.JPG,Corn_(maize)___Common_rust_,675,7cdca974f52b8c192b4fe26a395b78d146cb6d02d14a8d0d9933d6c226968b5e
Corn_(maize)___Common_rust_/RS_Rust 1727.JPG,Corn_(maize)___Common_rust_,676,62ab063ddf6128fe38006035fb1af9d10472e892319fcb20a0b42c7364b8deb6
Corn_(maize)___Common_rust_/RS_Rust 1728.JPG,Corn_(maize)___Common_rust_,677,b1294dfbb81d777d46e6e8e96242c72ad02132c25e3805b17062912cc6e62e80
Corn_(maize)___Common_rust_/RS_Rust 1729.JPG,Corn_(maize)___Common_rust_,678,135e25ec1711b78936fa7e14e1149516cb7f9517b2331c995cdd5be566888945
Corn_(maize)___Common_rust_/RS_Rust 1730.JPG,Corn_(maize)___Common_rust_,679,ac453ebd57322f2b03d024646b6f48970b690e9838bb4d399d1f290dfd0dd39c
Corn_(maize)___Common_rust_/RS_Rust 1731.JPG,Corn_(maize)___Common_rust_,680,366287d3be702eefcd1e95f02752f125f51ba1e120c331d831b5cd977d8acb74
Corn_(maize)___Common_rust_/RS_Rust 1732.JPG,Corn_(maize)___Common_rust_,681,9eda930724f7d1779914b966dcd986bc0b22dcd06cfce3ad2c8597dd1a1d17b8
Corn_(maize)___Common_rust_/RS_Rust 1733.JPG,Corn_(maize)___Common_rust_,682,f6966fa226ad512dbc9886ab56d2c1126b5839fcb327c4da7d66a75610050c34
Corn_(maize)___Common_rust_/RS_Rust 1734.JPG,Corn_(maize)___Common_rust_,683,f82c1c0f9cb9b3c263ed770c0a8c3083729c72a625e479f26f037b278953732c
Corn_(maize)___Common_rust_/RS_Rust 1735.JPG,Corn_(maize)___Common_rust_,684,6445e2618ab34b511933a91d7ffd975469271798879572b4737af7af65039b52
Corn_(maize)___Common_rust_/RS_Rust 1736.JPG,Corn_(maize)___Common_rust_,685,5b186047af7efc29bdf9056297ccfc9ce6ed350a5bae8dbcb9b1cdaa845a4578
Corn_(maize)___Common_rust_/RS_Rust 1737.JPG,Corn_(maize)___Common_rust_,686,7f039bef99e8f97a262c147a469b99b7f3214522f1a1608925d52f81c1e518b7
Corn_(maize)___Common_rust_/RS_Rust 1738.JPG,Corn_(maize)___Common_rust_,687,b84044442dd28e02140e15790f3959b104689f8d6e1eb8be0be4a527bb495bd7
Corn_(maize)___Common_rust_/RS_Rust 1739.JPG,Corn_(maize)___Common_rust_,688,b027803b02877b166b2f52efdf9e966a43f24b622e8b9f83780ff94bf24b1405
Corn_(maize)___Common_rust_/RS_Rust 1740.JPG,Corn_(maize)___Common_rust_,689,73e5d1f6e14aa01a8ad1938652c43e05f0b52dcd4790c3342392fd3c9c8d4924
Corn_(maize)___Common_rust_/RS_Rust 1741.JPG,Corn_(maize)___Common_rust_,690,fab67fb3ca9f787b1c534808cb6af9ffd2814489348ea3ddfc11d0aaa673294e
Corn_(maize)___Common_rust_/RS_Rust 1742.JPG,Corn_(maize)___Common_rust_,691,52789d3319f57eb84f8d5b015ae04d07e2505ec858728e1105d125c3c7f6f766
Corn_(maize)___Common_rust_/RS_Rust 1743.JPG,Corn_(maize)___Common_rust_,692,42dc53b0bcffc148dfed536f17e3932511ef9a821245fe7867167630852fa112
Corn_(maize)___Common_rust_/RS_Rust 1744.JPG,Corn_(maize)___Common_rust_,693,e2704f949495da5e47932572c8399fab410f08dc92e4b4c9649c389e70dab10b
Corn_(maize)___Common_rust_/RS_Rust 1745.JPG,Corn_(maize)___Common_rust_,694,48434a2c96c45856a46bf5839043b112c67e313338a997009196a954c10dba0d
Corn_(maize)___Common_rust_/RS_Rust 1746.JPG,Corn_(maize)___Common_rust_,695,b25a33ca88785dd2099680c1fa1b6a2fc9e1c34c64a5d8a5e939c95aac7c8b4b
Corn_(maize)___Common_rust_/RS_Rust 1747.JPG,Corn_(maize)___Common_rust_,696,415c6644118e42c2115bb4f1e8adc6880ff2c7e116fc2b7b4744e4f31e141ea7
Corn_(maize)___Common_rust_/RS_Rust 1748.JPG,Corn_(maize)___Common_rust_,697,e8722be91b756172a6d76838aae5e4058fc492c4bbbe326da2d80886052df2e3
Corn_(maize)___Common_rust_/RS_Rust 1749.JPG,Corn_(maize)___Common_rust_,698,1baad128bb564a543a8371ff0d194618e6910dccc08fc31411791e58669f7dab
Corn_(maize)___Common_rust_/RS_Rust 1750.JPG,Corn_(maize)___Common_rust_,699,5c8728cad891c520f3264a6fe00aac6eb509569e87975bb9a9595192bcfb267f
Corn_(maize)___Common_rust_/RS_Rust 1751.JPG,Corn_(maize)___Common_rust_,700,f2c1a3d544491c14bbc11c545e5f72c58280742317f96f159636e8f99732b01a
Corn_(maize)___Common_rust_/RS_Rust 1752.JPG,Corn_(maize)___Common_rust_,701,53454114b9223782d054a8191e42da1fda85bd9f750a596a82b90ba749276020
Corn_(maize)___Common_rust_/RS_Rust 1753.JPG,Corn_(maize)___Common_rust_,702,8c19b8841c65228b3b346f25e8f36d566061fb0a564d9272230fc61cc2d2995e
Corn_(maize)___Common_rust_/RS_Rust 1754.JPG,Corn_(maize)___Common_rust_,703,0ad647ea2f6eb1dd882f5a958bb5662b8df1e1f38f2b10d89204e60d66d2e3c2
Corn_(maize)___Common_rust_/RS_Rust 1755.JPG,Corn_(maize)___Common_rust_,1287,6a9d6f3c5757ca9cf356cc3039928c46ae3cb441be039f81799d48884fdbff7f
Corn_(maize)___Common_rust_/RS_Rust 1756.JPG,Corn_(maize)___Common_rust_,705,4b1213cdacaf8bd645870b9551dcd00f8e85c902387921df36f2dcb88ba483e5
Corn_(maize)___Common_rust_/RS_Rust 1757.JPG,Corn_(maize)___Common_rust_,706,6ec2d6186e6ed9e6a1757f2ae37743d06bd2d2c0a32ea0634269651671204ba4
Corn_(maize)___Common_rust_/RS_Rust 1758.JPG,Corn_(maize)___Common_rust_,707,857141bc7e6a624367b4fc2315111877cba72cacd0379d1e0ea0e9927f55ca4c
Corn_(maize)___Common_rust_/RS_Rust 1759.JPG,Corn_(maize)___Common_rust_,708,fb064b73972798f27758601257dc07e0ea3ae2f2c700cf0f688d34ccac298fc0
Corn_(maize)___Common_rust_/RS_Rust 1760.JPG,Corn_(maize)___Common_rust_,709,fbcfd97d788b5ebf1f8a7f0e424fc01f44b74ef25d50a71a07de7d029169bd51
Corn_(maize)___Common_rust_/RS_Rust 1761.JPG,Corn_(maize)___Common_rust_,710,c6a50ffa412d93b81809301fe78756dc2641bc3b859e4f899d8120fe70a8308f
Corn_(maize)___Common_rust_/RS_Rust 1762.JPG,Corn_(maize)___Common_rust_,711,2a1a43d037f68912bbbf2f637259230e64e93bcb818f430717ecb7e6086cbb61
Corn_(maize)___Common_rust_/RS_Rust 1763.JPG,Corn_(maize)___Common_rust_,712,7e5d2b0ad829d15d98d8562a5fb58b5819f8f33a8cbf9602b4200d3a14645dde
Corn_(maize)___Common_rust_/RS_Rust 1764.JPG,Corn_(maize)___Common_rust_,713,f3675e666c8e038b11b6f454c8a2158d96ee14c9e3448001e6bdc0d1c81f4825
Corn_(maize)___Common_rust_/RS_Rust 1765.JPG,Corn_(maize)___Common_rust_,714,05fb64fa94ed707e0e15f48e9e60274d8f82259d6c90dc629776f7b1609f077f
Corn_(maize)___Common_rust_/RS_Rust 1766.JPG,Corn_(maize)___Common_rust_,715,0e8c7520c292547447f198ec8feb4aa7d138a3950169e704e00a8ef8224ce6b0
Corn_(maize)___Common_rust_/RS_Rust 1767.JPG,Corn_(maize)___Common_rust_,716,3913d5a195ce4266e27483c129407c1ae3f48d14c830105d9f5e3518b936b2f1
Corn_(maize)___Common_rust_/RS_Rust 1768.JPG,Corn_(maize)___Common_rust_,717,5898fd20f57c6dc766cfbb8d8e1231b4a311c27585c80c7a93cdac50f389acd0
Corn_(maize)___Common_rust_/RS_Rust 1769.JPG,Corn_(maize)___Common_rust_,718,afeec1487e926764912e344d667a8019091ab44ff5e5dafb4b0121483d2702f2
Corn_(maize)___Common_rust_/RS_Rust 1770.JPG,Corn_(maize)___Common_rust_,719,25836e5de112854db97bf56ac6787e93388a4a2d65fed8b4c486c2ae1b13c839
Corn_(maize)___Common_rust_/RS_Rust 1771.JPG,Corn_(maize)___Common_rust_,720,0d3e52fa58ae6e32fe1622d9f478e49ab11e369256c38acbe355a67284365c8f
Corn_(maize)___Common_rust_/RS_Rust 1772.JPG,Corn_(maize)___Common_rust_,721,d06d671e9a3f18400016a77bf58e56500c26d86017ec18dc5c6f35256a2f398e
Corn_(maize)___Common_rust_/RS_Rust 1773.JPG,Corn_(maize)___Common_rust_,722,fdf9784c87abc1fd6cd41a12f428f0ce4edcbfd7c038e9248895361265f40c50
Corn_(maize)___Common_rust_/RS_Rust 1774.JPG,Corn_(maize)___Common_rust_,723,81cccf0636a6f87a721759ae4d1f89a2242c61d80af2f47f41073bdbb71d0028
Corn_(maize)___Common_rust_/RS_Rust 1775.JPG,Corn_(maize)___Common_rust_,724,2400e7f6f7f3c27b225aabd4c9ec60ad836f100eb9be51b4d3ebdef976665e3c
Corn_(maize)___Common_rust_/RS_Rust 1776.JPG,Corn_(maize)___Common_rust_,725,525289086a897a40755527f58c53433cff17258b63523065757ae156a02bdad4
Corn_(maize)___Common_rust_/RS_Rust 1777.JPG,Corn_(maize)___Common_rust_,726,f7fc27d8a7cfb93e2572e7997b01e0abdbdbdd087e31a6e573c302a267739775
Corn_(maize)___Common_rust_/RS_Rust 1778.JPG,Corn_(maize)___Common_rust_,727,200d1c67a7313d08a389be71ca34befd77f2ca7d0e940f5b38167252236123fb
Corn_(maize)___Common_rust_/RS_Rust 1779.JPG,Corn_(maize)___Common_rust_,728,77c8893814faf1e9cb4bcdc5c4662c7aab3df6048d72f1f970a5adc400aead2e
Corn_(maize)___Common_rust_/RS_Rust 1780.JPG,Corn_(maize)___Common_rust_,729,57653db1097eb33129c6b28c00b7831cfa410249e715fb3049464b792f08acb3
Corn_(maize)___Common_rust_/RS_Rust 1781.JPG,Corn_(maize)___Common_rust_,730,16d0343fdfb24032dbe1694570de900386e58a84e755ccc8c61f4358751d7551
Corn_(maize)___Common_rust_/RS_Rust 1782.JPG,Corn_(maize)___Common_rust_,731,80cf2e50a428b22bcb01c8183f9f3a5f5270a5bea7ccc37386e2e0ae8153f23c
Corn_(maize)___Common_rust_/RS_Rust 1783.JPG,Corn_(maize)___Common_rust_,732,612a903eb5c89284ab230e13b07b4227c9da87727bca755c5087baa1a8d23814
Corn_(maize)___Common_rust_/RS_Rust 1784.JPG,Corn_(maize)___Common_rust_,733,7c5b95691c3b63e45a130913e061aef9890fe0b15f130bd3318221269b8eeeeb
Corn_(maize)___Common_rust_/RS_Rust 1785.JPG,Corn_(maize)___Common_rust_,734,4a50fd80345c60bdba2d3445938c2b1ac3caab3522f6b82283e10978d05f7c4a
Corn_(maize)___Common_rust_/RS_Rust 1786.JPG,Corn_(maize)___Common_rust_,735,d403fed5323278c1d4a3fe3375ae3989ba53937cd07380f7a19c43d2112cd7e6
Corn_(maize)___Common_rust_/RS_Rust 1787.JPG,Corn_(maize)___Common_rust_,736,c8906cf5eb2f2c24c4b75283bd24dd9614f2cd2d66646ea4459f61885d8635a1
Corn_(maize)___Common_rust_/RS_Rust 1788.JPG,Corn_(maize)___Common_rust_,737,7713a41bb2146fc8326db8fd15e35269165a69d10368e611dc4ac10402c17d4c
Corn_(maize)___Common_rust_/RS_Rust 1789.JPG,Corn_(maize)___Common_rust_,738,9252849d34ef5ed175ef36e80840efd7bd9b16bf4fe90c7a5e0152c97e89bc69
Corn_(maize)___Common_rust_/RS_Rust 1790.JPG,Corn_(maize)___Common_rust_,739,f719f686689a403add436bd81e686fd8e08a69e33c4eab2f5a7b00cd55d2275f
Corn_(maize)___Common_rust_/RS_Rust 1791.JPG,Corn_(maize)___Common_rust_,740,995aeea93014834a02b52b261a551589baa8b484f4a0b915ef9b128315c71ecf
Corn_(maize)___Common_rust_/RS_Rust 1792.JPG,Corn_(maize)___Common_rust_,741,da3c91a37dcb96e770265548781477f2b38490bb5d565f34a072812d6b104852
Corn_(maize)___Common_rust_/RS_Rust 1793.JPG,Corn_(maize)___Common_rust_,742,985c89cec5dbdae06f911223c09c0c62c973c75b8d6ed46ebefe84ade74dff62
Corn_(maize)___Common_rust_/RS_Rust 1794.JPG,Corn_(maize)___Common_rust_,743,e0959568ad5a63fff25771c160d26542699e59e69a3971792e26331193fb99dc
Corn_(maize)___Common_rust_/RS_Rust 1795.JPG,Corn_(maize)___Common_rust_,744,bf2bf7d41c5bb447e3599b6f98c4e412e6f9cdcd2650b61ef8f81a6b954fef3b
Corn_(maize)___Common_rust_/RS_Rust 1796.JPG,Corn_(maize)___Common_rust_,745,12ccbc9e84feb53206d053f05a62905f11959ecab6c1979fd273c12d9051a01c
Corn_(maize)___Common_rust_/RS_Rust 1797.JPG,Corn_(maize)___Common_rust_,746,3aad9b13dcdda1784f49eede68108ab9f0a52623102a1bb72a04d6489981a0e5
Corn_(maize)___Common_rust_/RS_Rust 1799.JPG,Corn_(maize)___Common_rust_,747,6a3edd56ccf960a2f4fcfdd8c5551dd45406ba9b7babdeee173d10b9c1723100
Corn_(maize)___Common_rust_/RS_Rust 1800.JPG,Corn_(maize)___Common_rust_,748,74e3cd51edc1c8dddcbb9c05d3b49d7a2086b4cdfde0bcf1f3645e9371478aa5
Corn_(maize)___Common_rust_/RS_Rust 1801.JPG,Corn_(maize)___Common_rust_,749,535616922ec2673c23470f6fd0679a1d5fec7d95709b8fd5709040e8fd012c39
Corn_(maize)___Common_rust_/RS_Rust 1802.JPG,Corn_(maize)___Common_rust_,750,d7045d3d6ef375a28d5b91ebb5443ba8ac3a410c437e0334ac9cf0e1bbe3c3fe
Corn_(maize)___Common_rust_/RS_Rust 1803.JPG,Corn_(maize)___Common_rust_,751,c3cdd465d19285b9d6d53e3f9c3c80bddec9606af5177ffe55e682db7a0c8549
Corn_(maize)___Common_rust_/RS_Rust 1804.JPG,Corn_(maize)___Common_rust_,752,5dd5f93ac235fb7a8f23f0584f95f5f48cb45951363e0c40f4c22df1844c19ff
Corn_(maize)___Common_rust_/RS_Rust 1805.JPG,Corn_(maize)___Common_rust_,753,a4397fa99673e764ef6ef278481d990e70ba1937e001e777588280affd6f7283
Corn_(maize)___Common_rust_/RS_Rust 1806.JPG,Corn_(maize)___Common_rust_,754,1f77ca48cf003572dd1aa40ee55e41dc30a57be00ee3f2063d16b7d1ada314a5
Corn_(maize)___Common_rust_/RS_Rust 1807.JPG,Corn_(maize)___Common_rust_,755,c3eddbf67899219f81ff9ec25d46281ff401da4d37726217d091c285c2965cb9
Corn_(maize)___Common_rust_/RS_Rust 1808.JPG,Corn_(maize)___Common_rust_,756,889107d04fee74b1fb7f766963e482355c3215c246313ec44fa91c77c5b44b15
Corn_(maize)___Common_rust_/RS_Rust 1809.JPG,Corn_(maize)___Common_rust_,757,4eefe5972f14e7accc0190acbab8f7c090a28d39f2b120b57b6a7af3c71a0281
Corn_(maize)___Common_rust_/RS_Rust 1810.JPG,Corn_(maize)___Common_rust_,758,c20fb535a3ab1bf7e9f8fc605e97aa48683ee5920339dbe9514f1f276e4a0c6f
Corn_(maize)___Common_rust_/RS_Rust 1811.JPG,Corn_(maize)___Common_rust_,759,207bb555d0a297136ee87215baaea2ecae031a8a36d642b5a2bd2be76308d40a
Corn_(maize)___Common_rust_/RS_Rust 1812.JPG,Corn_(maize)___Common_rust_,760,4c7b6d712912cf71fe7068cd84d4378442321cf52ddca158b6e39ccb5f351a26
Corn_(maize)___Common_rust_/RS_Rust 1813.JPG,Corn_(maize)___Common_rust_,761,f472c0bf17850ea235467b116ff79dae070d9c8259d8819cc6e4c97aaf3aaaf6
Corn_(maize)___Common_rust_/RS_Rust 1814.JPG,Corn_(maize)___Common_rust_,762,5f1c1bd1f598790973834fc758082ba8ee0ebaf07b812bdbea1365e38556e158
Corn_(maize)___Common_rust_/RS_Rust 1815.JPG,Corn_(maize)___Common_rust_,763,99f566915b13afc58160295dbfbc3080d88a233c66961a0ca5f878e05bb2da28
Corn_(maize)___Common_rust_/RS_Rust 1816.JPG,Corn_(maize)___Common_rust_,764,137f243f4c420326d7215377451742acc8f1badc058eb4f9ba37e573b1ecb9c1
Corn_(maize)___Common_rust_/RS_Rust 1817.JPG,Corn_(maize)___Common_rust_,765,bf1d23c7f54d34cce139f298a8a8070a2c91e86d9376eea2e46c8ec03abf0e2a
Corn_(maize)___Common_rust_/RS_Rust 1818.JPG,Corn_(maize)___Common_rust_,766,0014e6d6c1ead2ac3f347dd8c2d0a473e2936ceff97b37c022fe86edeaca2c7b
Corn_(maize)___Common_rust_/RS_Rust 1819.JPG,Corn_(maize)___Common_rust_,767,f21b32e13fe43e863406ac84a1823e53fe0aee4bc59fb5a08251f1476e30c893
Corn_(maize)___Common_rust_/RS_Rust 1820.JPG,Corn_(maize)___Common_rust_,768,cfda344ccfe407dde0c97a9679d2db5f6d0603871b28a1fea78ec669ffa20956
Corn_(maize)___Common_rust_/RS_Rust 1822.JPG,Corn_(maize)___Common_rust_,769,911c0560b142e4b035c18ce111d096622c4cc6a9ec4be9e162b18cf7c0ea7ff2
Corn_(maize)___Common_rust_/RS_Rust 1823.JPG,Corn_(maize)___Common_rust_,770,051846ca56b3cccaaff54570ae9e3b26c8fa6d0ac611e18b5606fc33e7ef4cfc
Corn_(maize)___Common_rust_/RS_Rust 1825.JPG,Corn_(maize)___Common_rust_,771,0170e1526929af947ac9421a2e1b3e119c76fdff958615b21e82cd6753e9c714
Corn_(maize)___Common_rust_/RS_Rust 1826.JPG,Corn_(maize)___Common_rust_,772,9968a38677c164e5d3b37b4bf7d266deb1f96b5f775378780028ef9719b28c13
Corn_(maize)___Common_rust_/RS_Rust 1827.JPG,Corn_(maize)___Common_rust_,773,3b46833ccd6261f93790c7e45d2ead417c4c45bd6cf28771340f2529b0cd9173
Corn_(maize)___Common_rust_/RS_Rust 1828.JPG,Corn_(maize)___Common_rust_,774,e367ee04ce1b126de9b61e9cb052c11e361290bd8fe5c62734eb50b94d918411
Corn_(maize)___Common_rust_/RS_Rust 1829.JPG,Corn_(maize)___Common_rust_,775,8818272c2466f0ef6130e7458244204ace361ec9cc6eaabc2c88ba13dd4f8518
Corn_(maize)___Common_rust_/RS_Rust 1830.JPG,Corn_(maize)___Common_rust_,776,0b711d1190aae44335fdb0d00fe2a3fa305c0d9cc3b71b841ba6a9f1d97bfc03
Corn_(maize)___Common_rust_/RS_Rust 1831.JPG,Corn_(maize)___Common_rust_,777,b3efe780313a8ce5fb43f92610e528f1924da0c19d2305874b10180dc11ee43d
Corn_(maize)___Common_rust_/RS_Rust 1832.JPG,Corn_(maize)___Common_rust_,778,8610921f61c1b10e3806acaaabec7b1bdcedf02104865011c28a422ee9896a81
Corn_(maize)___Common_rust_/RS_Rust 1833.JPG,Corn_(maize)___Common_rust_,779,aa8bf1327a9515eaa6505ed61111606f229c87537186e93e590a45b69fa6a6b7
Corn_(maize)___Common_rust_/RS_Rust 1834.JPG,Corn_(maize)___Common_rust_,780,7ca8bb9d6c0ed9a5441c73bc095cf3b0a5753caec759bfcf090f9237c788c88d
Corn_(maize)___Common_rust_/RS_Rust 1835.JPG,Corn_(maize)___Common_rust_,781,822b096a9f7fc1b1863bdd945a2b7c20470543e83ca535b638726a377e48d28d
Corn_(maize)___Common_rust_/RS_Rust 1836.JPG,Corn_(maize)___Common_rust_,782,30836b3e501e97789651bdf0aed452610a9318df47618eea7b82ba693e0cabb8
Corn_(maize)___Common_rust_/RS_Rust 1837.JPG,Corn_(maize)___Common_rust_,783,b4d1e6a0adbd33ef40291e5a62ba659541a4ca26b73b0af963724e2e8e27aadc
Corn_(maize)___Common_rust_/RS_Rust 1838.JPG,Corn_(maize)___Common_rust_,784,8f50971e30f62ab6ac1e0c4a826be484fc3dfef1bb05c9c463ed107fc93ec8f0
Corn_(maize)___Common_rust_/RS_Rust 1839.JPG,Corn_(maize)___Common_rust_,785,c5f7ba7e47452f5d30ea8eb3e9132e13ff797374b2529d5be0c1f125fdb97ac0
Corn_(maize)___Common_rust_/RS_Rust 1840.JPG,Corn_(maize)___Common_rust_,786,e74d8dec68d3af933070c4756ace1f536b5696ee16e391478eeae5620adfa4df
Corn_(maize)___Common_rust_/RS_Rust 1841.JPG,Corn_(maize)___Common_rust_,787,63edb54c0e92742de9246df218e95c2cd794f4d27130279ca06258847e6a9364
Corn_(maize)___Common_rust_/RS_Rust 1842.JPG,Corn_(maize)___Common_rust_,788,209f671f644818f4b9093e3b6a402fd7647b6c347f2638c6e9343cfbbc9834d5
Corn_(maize)___Common_rust_/RS_Rust 1843.JPG,Corn_(maize)___Common_rust_,789,67ab68579d18595ee75588535cb08b08096bad4125afa39581c840554437f965
Corn_(maize)___Common_rust_/RS_Rust 1844.JPG,Corn_(maize)___Common_rust_,790,f10f0c664480e418dc4cc74902f5bac4be61d611c512c70fd5abe2c8a0f4619c
Corn_(maize)___Common_rust_/RS_Rust 1845.JPG,Corn_(maize)___Common_rust_,791,5fcad7a57d82a9d15e43cda88243ca948fae313a6900536d1880666da06340e2
Corn_(maize)___Common_rust_/RS_Rust 1846.JPG,Corn_(maize)___Common_rust_,792,5532ddf8db758fb77c3fa99f57bf9200bb6772e6fee91729713ab2abb3d17fdd
Corn_(maize)___Common_rust_/RS_Rust 1847.JPG,Corn_(maize)___Common_rust_,793,1c22ed5d43ad681c0a09e582536136592f3bfdeeb8f5d8a0ea31ff9f5d5d6b44
Corn_(maize)___Common_rust_/RS_Rust 1848.JPG,Corn_(maize)___Common_rust_,794,608500caa6900710e3b7058387d778cb1c93030de54a9b6360d6f5a829fa93ae
Corn_(maize)___Common_rust_/RS_Rust 1849.JPG,Corn_(maize)___Common_rust_,795,58d5ed5da78242e542fbab542621f82a28a0644a0b26367c1517272cbf42ed24
Corn_(maize)___Common_rust_/RS_Rust 1850.JPG,Corn_(maize)___Common_rust_,796,d45d6474c249eb501429785ec62adeff5b78d1bfd65388ab851a2e05ed3c457a
Corn_(maize)___Common_rust_/RS_Rust 1851.JPG,Corn_(maize)___Common_rust_,797,63a5df213d5fe5ecfb4e7ec8535bd05a9031d6c6dd37b15168caee0a34fae5df
Corn_(maize)___Common_rust_/RS_Rust 1852.JPG,Corn_(maize)___Common_rust_,798,a7a98a9f3decf4b1690b13cb18f966732bba21ba078a00adef10676f1554e352
Corn_(maize)___Common_rust_/RS_Rust 1853.JPG,Corn_(maize)___Common_rust_,799,816a5333fc74a9289aa2bb7c828e4d735618db93befda4dbea96ebe6cbd17192
Corn_(maize)___Common_rust_/RS_Rust 1854.JPG,Corn_(maize)___Common_rust_,800,e1187d87cfad91e9afec0a532b83683c0556116c94df9163c02c9bbbbbbf432b
Corn_(maize)___Common_rust_/RS_Rust 1855.JPG,Corn_(maize)___Common_rust_,801,8f90aa788b703cf3f326c791108ea929493a6c1144ff3829d5906544e8b8ebd2
Corn_(maize)___Common_rust_/RS_Rust 1857.JPG,Corn_(maize)___Common_rust_,802,e768b643abb6da1c293dc7c63b6d07e56141339ee02bb34101f0c6a77af0e67a
Corn_(maize)___Common_rust_/RS_Rust 1858.JPG,Corn_(maize)___Common_rust_,803,ed59f2885ea185887f33e46c2193738b4c8ceff6620e5e0f829bd1cb1c8330b1
Corn_(maize)___Common_rust_/RS_Rust 1859.JPG,Corn_(maize)___Common_rust_,804,26c3a5398ac1204d38c2dfcd2254d3365c87607abe416b9d528a8f4be4062001
Corn_(maize)___Common_rust_/RS_Rust 1860.JPG,Corn_(maize)___Common_rust_,805,0726cc0b2404d3fd9d3094b22a1afaaab2908277cb8e1483e28ef6f7aa60df29
Corn_(maize)___Common_rust_/RS_Rust 1861.JPG,Corn_(maize)___Common_rust_,806,f5a892f8c2f51ecc7e1c3a9c008c951d4ebf7a60b8d391fb73049e98480dea47
Corn_(maize)___Common_rust_/RS_Rust 1862.JPG,Corn_(maize)___Common_rust_,807,c9a3c786fd2dd3ae2b86a610c06c7f12c2a37cc833ca5442ed566606323edb95
Corn_(maize)___Common_rust_/RS_Rust 1863.JPG,Corn_(maize)___Common_rust_,808,3ce8480083a9e1f3dd68d5700ea3ea3d6f57f2ffb388fb75650fd33b02a7ec23
Corn_(maize)___Common_rust_/RS_Rust 1864.JPG,Corn_(maize)___Common_rust_,809,9a264a0ff052951941d5a86ca4ffc303ad60500e30cbcca689326017fdffdf0c
Corn_(maize)___Common_rust_/RS_Rust 1865.JPG,Corn_(maize)___Common_rust_,810,07d9e94fe3ceb387db098f20a96055e0babf016300a237faf4ee92f74ca5c84d
Corn_(maize)___Common_rust_/RS_Rust 1866.JPG,Corn_(maize)___Common_rust_,811,c8bf20a73b5adcb365f57e3ca233f236455bcec7151f0996d66e772ca2f5e313
Corn_(maize)___Common_rust_/RS_Rust 1867.JPG,Corn_(maize)___Common_rust_,812,cba44e30c1d52ec77eeff70c1f371f09197e4c11aeb85f2007e4671b19fa3feb
Corn_(maize)___Common_rust_/RS_Rust 1868.JPG,Corn_(maize)___Common_rust_,813,b21d875320ede49d657f2d350659cb15f1bcaf10aad8d3cb2908db5fd5a9958b
Corn_(maize)___Common_rust_/RS_Rust 1869.JPG,Corn_(maize)___Common_rust_,814,461bd524f0f050d499500dadbfefdbdb15dfaf00d99a2704e099c364369e00f5
Corn_(maize)___Common_rust_/RS_Rust 1870.JPG,Corn_(maize)___Common_rust_,815,12c6a71e21ed848e565e640908a58d5b587595e735b4f1f48bf7ad28b7cf02b0
Corn_(maize)___Common_rust_/RS_Rust 1871.JPG,Corn_(maize)___Common_rust_,816,b83f174573906b3b49826261e3126466c4c9cf5559ba61d02950845cccb94c57
Corn_(maize)___Common_rust_/RS_Rust 1872.JPG,Corn_(maize)___Common_rust_,817,2dfa2e4fd0d31d5722555a3648dec746cc21084f143fb52700d97df7db82793c
Corn_(maize)___Common_rust_/RS_Rust 1873.JPG,Corn_(maize)___Common_rust_,818,7e1678e68c7b77d68b0d6444c061df513312f23dbf72163ab03d3dd5de8ddebc
Corn_(maize)___Common_rust_/RS_Rust 1874.JPG,Corn_(maize)___Common_rust_,819,f93c50d8258815c9a0e69d5f1b12c5c7d3aad4a1827d761fc1a71675a734e11d
Corn_(maize)___Common_rust_/RS_Rust 1875.JPG,Corn_(maize)___Common_rust_,820,6ac01cb42552bbe040df4b992393e0d2d5809885cc5a404247f72ada6ee92e39
Corn_(maize)___Common_rust_/RS_Rust 1876.JPG,Corn_(maize)___Common_rust_,821,ecdb5d1daf0ab6c69cb5a7c364afe7d667522c96bfc9876996b6a61360c38c66
Corn_(maize)___Common_rust_/RS_Rust 1877.JPG,Corn_(maize)___Common_rust_,822,1a4b1f2e0c954b0287d8571348fad4b982437788cac661a6c7ce33b446985470
Corn_(maize)___Common_rust_/RS_Rust 1878.JPG,Corn_(maize)___Common_rust_,823,a0937873d0f5df36f7dde57f6930467fa0c69ce43e8f1dba7da1ab64a28bc2a9
Corn_(maize)___Common_rust_/RS_Rust 1879.JPG,Corn_(maize)___Common_rust_,824,2f1e86f5d8cf403809281fac3adfefa2648229128fc25af70484458008c6af3b
Corn_(maize)___Common_rust_/RS_Rust 1880.JPG,Corn_(maize)___Common_rust_,825,5620a5bc9fb84244e5297faf464f0d67fd66a65a48255575b6f2e22f3cb84493
Corn_(maize)___Common_rust_/RS_Rust 1881.JPG,Corn_(maize)___Common_rust_,826,22171965406b1cd6284bd922f39c35c294ee78f8e92b2977bf907328bc13c735
Corn_(maize)___Common_rust_/RS_Rust 1882.JPG,Corn_(maize)___Common_rust_,827,0f686ce27f676918355ba6faf2eb2235c988365164309c1bb6a4661c0b8a69b2
Corn_(maize)___Common_rust_/RS_Rust 1883.JPG,Corn_(maize)___Common_rust_,828,f64553297e5e9e564757d221521d5c295e8b654257aa82efcfdaadcb22f686be
Corn_(maize)___Common_rust_/RS_Rust 1884.JPG,Corn_(maize)___Common_rust_,829,2311ef58c2f21633b06484af53887a4fce3681bb1b9a41d556ea46d00efa9fa8
Corn_(maize)___Common_rust_/RS_Rust 1885.JPG,Corn_(maize)___Common_rust_,830,a7c22751e170ac2dc794692db466c65655921aefe6d4d94bbd7fd329ef51bcf8
Corn_(maize)___Common_rust_/RS_Rust 1886.JPG,Corn_(maize)___Common_rust_,831,8cea75ef034851e70f750d18a6081bb6c00ddd72e81645ee0f63eb715832b279
Corn_(maize)___Common_rust_/RS_Rust 1887.JPG,Corn_(maize)___Common_rust_,832,1f29da368852bf81106b81c6fdd147c998dd7fd8a3300e8f5dd38465254c1d49
Corn_(maize)___Common_rust_/RS_Rust 1888.JPG,Corn_(maize)___Common_rust_,833,c6049cb81a3a21442cec376e91172ee225e61165a177e2ecbbecc8e8faac661d
Corn_(maize)___Common_rust_/RS_Rust 1889.JPG,Corn_(maize)___Common_rust_,834,e87b01ca55b0ea642bbf168cdf2f7982ff74dc5df1656d4a9841359d33bad3e2
Corn_(maize)___Common_rust_/RS_Rust 1890.JPG,Corn_(maize)___Common_rust_,835,4dcdcb1abbcf1028f03b264d8a5116268e583fc408d65f41d2697da9161e678d
Corn_(maize)___Common_rust_/RS_Rust 1891.JPG,Corn_(maize)___Common_rust_,836,4e129050e15ac3a6f15d766115ed0d260a89dc182a96aca092b1113ca203eb2b
Corn_(maize)___Common_rust_/RS_Rust 1892.JPG,Corn_(maize)___Common_rust_,837,0ed1d6f299505fb9fc738996e2e0d216b69d27837b81237a174ac1ef356c5b5b
Corn_(maize)___Common_rust_/RS_Rust 1893.JPG,Corn_(maize)___Common_rust_,838,37026d42e82816ecadd56f86b428cb85b5bfd699b168e06a02dc67b2025a352c
Corn_(maize)___Common_rust_/RS_Rust 1894.JPG,Corn_(maize)___Common_rust_,839,f0cab60afbb60e8c4fd5bbc439b084ef0311eb34a571b485bc673398733f7ab5
Corn_(maize)___Common_rust_/RS_Rust 1895.JPG,Corn_(maize)___Common_rust_,840,bbec5981e75cd47aebc11d6616cfe3dc4bccf511a881c56fdf7885eeb9671e05
Corn_(maize)___Common_rust_/RS_Rust 1896.JPG,Corn_(maize)___Common_rust_,841,5a27349755e7ce800875aefd26b4e1b68259d00abf77436cd3ebf0ad1b280416
Corn_(maize)___Common_rust_/RS_Rust 1897.JPG,Corn_(maize)___Common_rust_,842,b4c34796b08cfd8af64698fb540238ed7f6bcfeb6c841cc447a5a74e6182573b
Corn_(maize)___Common_rust_/RS_Rust 1898.JPG,Corn_(maize)___Common_rust_,843,c63114048bbcd505e4f8ec802debee96e126a8d8d24e035636783eee1b7ff335
Corn_(maize)___Common_rust_/RS_Rust 1899.JPG,Corn_(maize)___Common_rust_,844,57da31da86ee990468278878de565b68abacac734e9eb8653f297a2b9ab42828
Corn_(maize)___Common_rust_/RS_Rust 1900.JPG,Corn_(maize)___Common_rust_,845,e8b6c15bb5efca493cacaa92b0f406547a88d91dc8b37822083aeffbf3d8e695
Corn_(maize)___Common_rust_/RS_Rust 1901.JPG,Corn_(maize)___Common_rust_,846,ab3508caa639f3f54f4cd7f475f45e39a39790d324098d235cf4943c8a3b95f5
Corn_(maize)___Common_rust_/RS_Rust 1902.JPG,Corn_(maize)___Common_rust_,847,2eafa9c91cb5a2601b016924584c0ce6c2c49eba2f08de4b70728d059be557e5
Corn_(maize)___Common_rust_/RS_Rust 1903.JPG,Corn_(maize)___Common_rust_,848,c2ab4bc1e2363122b97a578b125224f41bdfdf17ba7a0e60a21e3dd2bc7231f0
Corn_(maize)___Common_rust_/RS_Rust 1904.JPG,Corn_(maize)___Common_rust_,849,8f92f327885f6264b53efde0d7da4314c9f303585dcfad421dd68d3aefd3dd3a
Corn_(maize)___Common_rust_/RS_Rust 1905.JPG,Corn_(maize)___Common_rust_,850,e40c54818ee51759a0f4401856bf44203be0749632b82998d80002aa5ab22389
Corn_(maize)___Common_rust_/RS_Rust 1906.JPG,Corn_(maize)___Common_rust_,851,d3890307fa1a299e2f2f6882869ae8eff22bfb2ebe57b64de37ac92814d780c9
Corn_(maize)___Common_rust_/RS_Rust 1907.JPG,Corn_(maize)___Common_rust_,852,6ceb1fccb14949b0dd61fafd50c8848f00b8241dce529089df1a9983ae90c6f4
Corn_(maize)___Common_rust_/RS_Rust 1908.JPG,Corn_(maize)___Common_rust_,853,5cad4129e17d1696b3579a743d735bc5bea02addaf57bc567caacafcd8c85e5f
Corn_(maize)___Common_rust_/RS_Rust 1909.JPG,Corn_(maize)___Common_rust_,854,4dffe082b39d5e482740bc59f47a7f514f452dbb264cffe96e7273f387b76d4c
Corn_(maize)___Common_rust_/RS_Rust 1910.JPG,Corn_(maize)___Common_rust_,855,ad7ecbca19117a26418670e57da41f427cb43deed9c1c3eaf35f96aa32335d08
Corn_(maize)___Common_rust_/RS_Rust 1911.JPG,Corn_(maize)___Common_rust_,856,5bf4bc7d2c614bfdc90a18b5ff659c890991f3cdee4863638f5123f1069080d1
Corn_(maize)___Common_rust_/RS_Rust 1912.JPG,Corn_(maize)___Common_rust_,857,4f92c8b8cccc71e57c50c9aa04b8c0cec2e907a76c55292b7afc1afe51c6ffa5
Corn_(maize)___Common_rust_/RS_Rust 1913.JPG,Corn_(maize)___Common_rust_,858,909fb703620c9d49e7afb8f84c628c83f44e4880c682f43fa68bbec905d76cea
Corn_(maize)___Common_rust_/RS_Rust 1914.JPG,Corn_(maize)___Common_rust_,859,fda4d3b41978ff10f70b93f5796e7f955567c0df6bac15279ca387144ab332ed
Corn_(maize)___Common_rust_/RS_Rust 1915.JPG,Corn_(maize)___Common_rust_,860,e12f62e6c710b002d2b4b9cbd39a30aeb3121da981efcbcd884c150ab1b4b38f
Corn_(maize)___Common_rust_/RS_Rust 1916.JPG,Corn_(maize)___Common_rust_,861,6415e1095f4f98ef661335345c1379da9a54ee7b0b524cde309f35a7bd5a5278
Corn_(maize)___Common_rust_/RS_Rust 1917.JPG,Corn_(maize)___Common_rust_,862,7be53da576e4f9d6ae8b136e1ad53f0015e3eb561d5d118ae69f991947987eaa
Corn_(maize)___Common_rust_/RS_Rust 1918.JPG,Corn_(maize)___Common_rust_,863,7027d6a81b0f5969717627d0ee026eb41cbf17b49a3b0dabd1f9d41192106e7a
Corn_(maize)___Common_rust_/RS_Rust 1919.JPG,Corn_(maize)___Common_rust_,864,70f5acf0363c209a6281df4a37f7c8ff13e6d1b0bf2790a39d4c2fb290a10451
Corn_(maize)___Common_rust_/RS_Rust 1920.JPG,Corn_(maize)___Common_rust_,865,4eac50e0cbc28a555dce060418824753d5bcf2e4d36ee769ae35bab154a7c313
Corn_(maize)___Common_rust_/RS_Rust 1921.JPG,Corn_(maize)___Common_rust_,866,9b7d6d3c9d084155dbd6f2d97693e3124d0b797e9bb25204d9b746cc0b46e992
Corn_(maize)___Common_rust_/RS_Rust 1922.JPG,Corn_(maize)___Common_rust_,867,914ef7b1a468cb0990ee5ea320d65708e70f05021e63f8928e816c3e8b4ba48b
Corn_(maize)___Common_rust_/RS_Rust 1923.JPG,Corn_(maize)___Common_rust_,868,388f75695a5de41415f0f271cdae9cf0d9427b4c48367da6ad794a08b824f75f
Corn_(maize)___Common_rust_/RS_Rust 1924.JPG,Corn_(maize)___Common_rust_,869,ac06a8de14d5458fc51b2308939231a4f1c20d6c9962e2c9e98eb8ab6702d6cd
Corn_(maize)___Common_rust_/RS_Rust 1925.JPG,Corn_(maize)___Common_rust_,870,2588d7c1dbf630eb12e562bfd01aed68a084cd3ad8e1f4891df417cb5a77f55c
Corn_(maize)___Common_rust_/RS_Rust 1926.JPG,Corn_(maize)___Common_rust_,871,a528e2a84c121331cc04862c377e41064df87727ce24cf21fbc0b76c784ec360
Corn_(maize)___Common_rust_/RS_Rust 1927.JPG,Corn_(maize)___Common_rust_,872,87ece2671ec14f7031ac82bb11b1b87bc2194250cc6fc6476ef0789b791e7293
Corn_(maize)___Common_rust_/RS_Rust 1928.JPG,Corn_(maize)___Common_rust_,873,a77d816fc21631bf6dfb6b58ba938b21ea3a2b02a74eda6af7ec85cfca3e56c4
Corn_(maize)___Common_rust_/RS_Rust 1929.JPG,Corn_(maize)___Common_rust_,874,12f0fc128c71707545256c3da0b929f75b5774d65b9e086c9c4b632ac42f1666
Corn_(maize)___Common_rust_/RS_Rust 1930.JPG,Corn_(maize)___Common_rust_,875,d2f9e2d7944001ecc7a6bfbe5342230a0038726325cdc8576ef1e84086557a49
Corn_(maize)___Common_rust_/RS_Rust 1931.JPG,Corn_(maize)___Common_rust_,876,5f8648e83b146d5454b13d72ce3c7c8e1641347e30b5ea0f71fd9b8c204dc94e
Corn_(maize)___Common_rust_/RS_Rust 1932.JPG,Corn_(maize)___Common_rust_,877,f57b53f33e0935287f33c4ce93cfa4cfae613d91ba5b674291457e2d0afab454
Corn_(maize)___Common_rust_/RS_Rust 1933.JPG,Corn_(maize)___Common_rust_,878,69b7e8dbc05962e22b837362d27e446eb1f4d21d58a74afdd4a22365778475c8
Corn_(maize)___Common_rust_/RS_Rust 1934.JPG,Corn_(maize)___Common_rust_,879,318f9a221b3064141854c931dcbe6c5e3b852da021048dcd3903a33124b65f64
Corn_(maize)___Common_rust_/RS_Rust 1935.JPG,Corn_(maize)___Common_rust_,880,16202dc70745f9420f0bb5a5109dfba5370b7691cb6c9c1ad56eff0946e72c29
Corn_(maize)___Common_rust_/RS_Rust 1936.JPG,Corn_(maize)___Common_rust_,881,6247fe14b39f5ea98cd67d8d4f969b736ad8c8a3264bd6299260f3632d8ae58a
Corn_(maize)___Common_rust_/RS_Rust 1937.JPG,Corn_(maize)___Common_rust_,882,947b6515c929817e3e08d4a83ad5051d63c9b2e4e41f40ff72fcc36051043ee3
Corn_(maize)___Common_rust_/RS_Rust 1938.JPG,Corn_(maize)___Common_rust_,883,34b2af87efb867c125189a8dd3f9dd2476a55d5af66b9a5fbf9be2e0d3c05657
Corn_(maize)___Common_rust_/RS_Rust 1939.JPG,Corn_(maize)___Common_rust_,884,8a57221f09e2028b55c827fce72842848adeaa4ba4cc451d84ac0079764101c2
Corn_(maize)___Common_rust_/RS_Rust 1940.JPG,Corn_(maize)___Common_rust_,885,708d9fc44280633f3fec5b5865296ae7ba71ea6df645fb415087c237634a8455
Corn_(maize)___Common_rust_/RS_Rust 1941.JPG,Corn_(maize)___Common_rust_,886,8b57763df9cde3b0008008b57a4cb93f3f98fd0b1640192e2dd9daab0b3db83c
Corn_(maize)___Common_rust_/RS_Rust 1942.JPG,Corn_(maize)___Common_rust_,887,474a6daaa46094112f88420684136433964a35b61d6922a64f88336ba7a73b1a
Corn_(maize)___Common_rust_/RS_Rust 1943.JPG,Corn_(maize)___Common_rust_,888,e0e0f2d7f9407c7844e6cfe811cf55445ab561a8be597e5100f668f8536b1f5c
Corn_(maize)___Common_rust_/RS_Rust 1944.JPG,Corn_(maize)___Common_rust_,889,5d30426737ed76fba18bfd74055e6c769c4394042a2fda12cce6fcefb513098a
Corn_(maize)___Common_rust_/RS_Rust 1945.JPG,Corn_(maize)___Common_rust_,890,1147e91f1ee5a2150cd46b5a7416096c802246637327c45efae3de636ab80564
Corn_(maize)___Common_rust_/RS_Rust 1946.JPG,Corn_(maize)___Common_rust_,891,3e053c92275f8b82e68e9e7b405a94e1ed9adf037d55d7971d9a354e5ed12459
Corn_(maize)___Common_rust_/RS_Rust 1947.JPG,Corn_(maize)___Common_rust_,892,0a350c7d1f4125e0246c52391ca6bc0ad5c574c48fea5e7dfaec46b64456abb2
Corn_(maize)___Common_rust_/RS_Rust 1948.JPG,Corn_(maize)___Common_rust_,893,174ec9a2afe134479dab440b53c4190319df6d7cc7337e8cda3f9d426a444250
Corn_(maize)___Common_rust_/RS_Rust 1949.JPG,Corn_(maize)___Common_rust_,894,8247b97e01b21b892429fdb5fd85026d76896ab560e97aeb00f9d40037c7fd1e
Corn_(maize)___Common_rust_/RS_Rust 1950.JPG,Corn_(maize)___Common_rust_,895,2f9afca5d68164cd648b1731dbdcb8cbfdba587abf4997abe4ee7d4f11a51966
Corn_(maize)___Common_rust_/RS_Rust 1951.JPG,Corn_(maize)___Common_rust_,896,758c7e8dcd4c169a85c880d0f45c37ec02ac054e2f3296ca34fec3ba5328a3f2
Corn_(maize)___Common_rust_/RS_Rust 1952.JPG,Corn_(maize)___Common_rust_,897,e1fa4537f23dd6bb63f27e6f9d01a3dbeae94d6aaad4915415b497d7912c2a6c
Corn_(maize)___Common_rust_/RS_Rust 1954.JPG,Corn_(maize)___Common_rust_,898,8a2652ee74ab89d89f81f5f8f4c91dd97538c214da45dce74220fd5572e0fbe0
Corn_(maize)___Common_rust_/RS_Rust 1955.JPG,Corn_(maize)___Common_rust_,899,0daedb8a075f2d46feec2b1c6722c022b7957ac22e1aff8b446c27bc6e92a2a7
Corn_(maize)___Common_rust_/RS_Rust 1956.JPG,Corn_(maize)___Common_rust_,900,ab9e8a165d2e01839272b730c6087a02f1fc558d9e98e7fe78ecba38151c9b5d
Corn_(maize)___Common_rust_/RS_Rust 1957.JPG,Corn_(maize)___Common_rust_,901,7d0d3bb2176adc5a6a4b7063e0743985779890ce8b31f88ea2688fa9ee5717f0
Corn_(maize)___Common_rust_/RS_Rust 1958.JPG,Corn_(maize)___Common_rust_,902,fd65788aa6aaa6b0c5cd75f7d8aec6edac056ab7cd273600d32cc157e21b948f
Corn_(maize)___Common_rust_/RS_Rust 1959.JPG,Corn_(maize)___Common_rust_,903,5669e1496dbd28ea614a14ef490409f0b87d85f73cf679a343ead5bd93d8b412
Corn_(maize)___Common_rust_/RS_Rust 1960.JPG,Corn_(maize)___Common_rust_,904,8d84e52c3ba06923307859b7a26ae43c2604f8f9d6c22ae672bce4d6dab7dada
Corn_(maize)___Common_rust_/RS_Rust 1961.JPG,Corn_(maize)___Common_rust_,905,bf1be59cca2f90ab0eaa81d05a142f02c187adef1a31f403451deefc7f02e5f4
Corn_(maize)___Common_rust_/RS_Rust 1962.JPG,Corn_(maize)___Common_rust_,906,b8818a8d370f3b3a14521e7ccab6fab12abb3f77bd9992907c39a50e87ae0214
Corn_(maize)___Common_rust_/RS_Rust 1963.JPG,Corn_(maize)___Common_rust_,907,b03b671f8e12e4ef12d14ee38b7d0c01a303da40a210b0dfc9c2b764bcbc44fa
Corn_(maize)___Common_rust_/RS_Rust 1964.JPG,Corn_(maize)___Common_rust_,908,e96abbe0563224ebcc70c7accfcb10913324c365f75669cee1316697b284cf83
Corn_(maize)___Common_rust_/RS_Rust 1965.JPG,Corn_(maize)___Common_rust_,909,34edf060654621ddcbf3000a62bd5095b6c9f50520a0a28a2319828943b2c86a
Corn_(maize)___Common_rust_/RS_Rust 1966.JPG,Corn_(maize)___Common_rust_,910,109efe2da94a3a9220d1f9d4615e5596be3501d319a844cb048ee37ea981b4b6
Corn_(maize)___Common_rust_/RS_Rust 1967.JPG,Corn_(maize)___Common_rust_,911,631940c4506b3a1857ac1362c5cf6a2cef2f60f71dc3300d986583297292687e
Corn_(maize)___Common_rust_/RS_Rust 1968.JPG,Corn_(maize)___Common_rust_,912,37356a29cdaa10f218a1666feaf40f16f2b623908a70ee319e88496c044a031f
Corn_(maize)___Common_rust_/RS_Rust 1969.JPG,Corn_(maize)___Common_rust_,913,b9bbbb70136e126f1beab1f7e6b16d2e83689b26284a35f1080a507d048fbc47
Corn_(maize)___Common_rust_/RS_Rust 1970.JPG,Corn_(maize)___Common_rust_,914,e8fa51ef6bc420c503fcccadbaa292ecb65293f16be2a1e4421584b959ccc2ca
Corn_(maize)___Common_rust_/RS_Rust 1971.JPG,Corn_(maize)___Common_rust_,915,5074b3aba925408d9ff7fab6634fa450cd0d5b0ac25ab4b9070de1343940f206
Corn_(maize)___Common_rust_/RS_Rust 1972.JPG,Corn_(maize)___Common_rust_,916,e8e327d91811c2148857c54b2736cd8c8480dd916eaebf244b9d821855e0b419
Corn_(maize)___Common_rust_/RS_Rust 1973.JPG,Corn_(maize)___Common_rust_,917,43445e6bb08a0e39e2012cd0e2364a554128376e76d85949e05cc4771763f02d
Corn_(maize)___Common_rust_/RS_Rust 1974.JPG,Corn_(maize)___Common_rust_,918,55733fe811a3a5328e0a09bd2b7dbbcfea6321679e1a8a32cda12b48ea29c192
Corn_(maize)___Common_rust_/RS_Rust 1975.JPG,Corn_(maize)___Common_rust_,919,6685cdbd9a4057cb4c6f30e2806b12927eb136cdb724014788d26b07558132b9
Corn_(maize)___Common_rust_/RS_Rust 1976.JPG,Corn_(maize)___Common_rust_,920,1fd4887d1d1a5bb2c5c1c28ca1d5a72f1f222a09d7844109b125629fe6700b5a
Corn_(maize)___Common_rust_/RS_Rust 1977.JPG,Corn_(maize)___Common_rust_,921,f2b372b3512dfada43fce5d11987dbe198a5e42408dc11800995af8032b646bd
Corn_(maize)___Common_rust_/RS_Rust 1979.JPG,Corn_(maize)___Common_rust_,922,15b64dc3ef0bfcef880bbba97191043a8717d603152bca66ba3c5594dc142fee
Corn_(maize)___Common_rust_/RS_Rust 1980.JPG,Corn_(maize)___Common_rust_,923,4893ffbfa81f06c8348d2ff62c4073f9ded5c8ae66a1207c08cc1a61cbbae009
Corn_(maize)___Common_rust_/RS_Rust 1981.JPG,Corn_(maize)___Common_rust_,924,9e8b558bf9278c7d90289b6def07ba3429a78bc2f931e2be0aea59ed2128b560
Corn_(maize)___Common_rust_/RS_Rust 1982.JPG,Corn_(maize)___Common_rust_,925,a59c45a4066cd308f4eb02eec4fecb3bcd64cb5680204e205e2e798eef313994
Corn_(maize)___Common_rust_/RS_Rust 1983.JPG,Corn_(maize)___Common_rust_,926,3961b39278b0bb8e23d01175f8bb279117aa38bd342f9b318ec892808572de73
Corn_(maize)___Common_rust_/RS_Rust 1984.JPG,Corn_(maize)___Common_rust_,927,d6777b94115814c29ef50265b6cc0d440e1e9969115a2fbd573e33e2356d657c
Corn_(maize)___Common_rust_/RS_Rust 1985.JPG,Corn_(maize)___Common_rust_,928,ae4675cf34090691c0c549acb3ee95177f781c97b5a64739aebd3c80c4be074a
Corn_(maize)___Common_rust_/RS_Rust 1986.JPG,Corn_(maize)___Common_rust_,929,3ddf3ee49e1cb7caa6dd6c0cc2da7e2511125c7c59d4e5c20047cbd5d142d7aa
Corn_(maize)___Common_rust_/RS_Rust 1987.JPG,Corn_(maize)___Common_rust_,930,f9e3eef0189529b611a6155f3974a905459f25d0dbb462ced94aa2deddcdbd54
Corn_(maize)___Common_rust_/RS_Rust 1988.JPG,Corn_(maize)___Common_rust_,931,36782dd667cd7468297778807e9d6a7c45469fce759f9fb75e9b37227c3c944a
Corn_(maize)___Common_rust_/RS_Rust 1989.JPG,Corn_(maize)___Common_rust_,932,1f49a087822ff675c3aa57e77786c1cc7b34c41d89039a68a77873af96ab5fa4
Corn_(maize)___Common_rust_/RS_Rust 1990.JPG,Corn_(maize)___Common_rust_,933,323da3513bb2b7932443653467acef094d5e7184a5afa1df5bb50f57c14d4e68
Corn_(maize)___Common_rust_/RS_Rust 1991.JPG,Corn_(maize)___Common_rust_,934,7d4a51c75a02515575f8f579a03e10b6957796870f8bf04b203c0a51c441536a
Corn_(maize)___Common_rust_/RS_Rust 1992.JPG,Corn_(maize)___Common_rust_,935,c7934861312d46840c77a21e3f3706b93daa2a37947f419067adc4ccc88400bf
Corn_(maize)___Common_rust_/RS_Rust 1993.JPG,Corn_(maize)___Common_rust_,936,4bbbe7bcb1b2da1207f167c3781378541cdfab4adf26a7b7a14fd380845e4f76
Corn_(maize)___Common_rust_/RS_Rust 1994.JPG,Corn_(maize)___Common_rust_,937,4ba32f0286979301bb87382e5c3e344b30829830b36187e488d6cdaaef58c282
Corn_(maize)___Common_rust_/RS_Rust 1995.JPG,Corn_(maize)___Common_rust_,938,0a92ac0c43dcb7f1dc003bb61ab6bd3612e68bf57ec0d3679337a89cc84c6d88
Corn_(maize)___Common_rust_/RS_Rust 1996.JPG,Corn_(maize)___Common_rust_,939,b5b9ba44c055a8170758ade8abd9fc5e9662218631e128bf6ec2f69bdd0f6678
Corn_(maize)___Common_rust_/RS_Rust 1997.JPG,Corn_(maize)___Common_rust_,940,d6941d5b0eae6cc2783ea3671ee6d1bc372ba9030de0edc76096119beaef129e
Corn_(maize)___Common_rust_/RS_Rust 1998.JPG,Corn_(maize)___Common_rust_,941,012bf2c749bcfcc2092f5276cb23689e2d92a5d4af315b4a4c6e9306ff3665a7
Corn_(maize)___Common_rust_/RS_Rust 1999.JPG,Corn_(maize)___Common_rust_,942,2e623c28399add8982e21f1a5439d7ed98ec7e08c365379f847941295832212b
Corn_(maize)___Common_rust_/RS_Rust 2000.JPG,Corn_(maize)___Common_rust_,943,0a2094e21d5fdd2594296fc377257bd358e580dafc61e72deb217329ea6f82ed
Corn_(maize)___Common_rust_/RS_Rust 2001.JPG,Corn_(maize)___Common_rust_,944,b2d512f81228abcfddf9d83fda682340c260c5392caa71dae1b144856583e9bb
Corn_(maize)___Common_rust_/RS_Rust 2002.JPG,Corn_(maize)___Common_rust_,945,9ffe3b524002bac4a15cf1876b7aa52d32334dec28057c1bbc8246277baac47a
Corn_(maize)___Common_rust_/RS_Rust 2003.JPG,Corn_(maize)___Common_rust_,946,52c72825b503c8da99bdb0ba449e81cd6d129eae950c21737b44b687ee66548e
Corn_(maize)___Common_rust_/RS_Rust 2004.JPG,Corn_(maize)___Common_rust_,947,ee5772832529b913c9e42e4784ca152ce43537650524604e7e39ef5d085ece3a
Corn_(maize)___Common_rust_/RS_Rust 2005.JPG,Corn_(maize)___Common_rust_,948,7004d0177a42efd76bd78aa1529f72c66dd423fec4ba37a0fc020ded19c03c2b
Corn_(maize)___Common_rust_/RS_Rust 2006.JPG,Corn_(maize)___Common_rust_,949,15cf3ab6c60c2ea50334399c409cfa6854f033476b55c57f0a0202457738f539
Corn_(maize)___Common_rust_/RS_Rust 2007.JPG,Corn_(maize)___Common_rust_,950,b7a1257c50b6e8fce5997242b0a7e7b848f902a78e40bc3e6a9e1c84ce98b785
Corn_(maize)___Common_rust_/RS_Rust 2008.JPG,Corn_(maize)___Common_rust_,951,1d23a2b4cd69576729f4223ddb54275e5875ae9f8000a843637cd2c9015df464
Corn_(maize)___Common_rust_/RS_Rust 2009.JPG,Corn_(maize)___Common_rust_,952,7313865f41b4df52bb898e75ba08d40a4d7693b39ab5e4e9ad56c2d67e507118
Corn_(maize)___Common_rust_/RS_Rust 2010.JPG,Corn_(maize)___Common_rust_,953,9fe856ee6a75413df9b9138dc6c791770b490aea7412924d46dab429be0b7053
Corn_(maize)___Common_rust_/RS_Rust 2011.JPG,Corn_(maize)___Common_rust_,954,72e69768263877c634d68be3861bb528ffa055f6ba21c9cecc769b4be27afb3e
Corn_(maize)___Common_rust_/RS_Rust 2012.JPG,Corn_(maize)___Common_rust_,955,d5d1eeef969442eb0b40c20180aabe3e2916f63e589ce195d34ce88a76403b13
Corn_(maize)___Common_rust_/RS_Rust 2013.JPG,Corn_(maize)___Common_rust_,956,430e618d31c175a070d55b8a275b905e45a75b0702c0f6c04a4cf8fa9dd68d74
Corn_(maize)___Common_rust_/RS_Rust 2014.JPG,Corn_(maize)___Common_rust_,957,a051d22351b04f938a2d6a617de4956d26333f39a093476075aa818973024a2c
Corn_(maize)___Common_rust_/RS_Rust 2015.JPG,Corn_(maize)___Common_rust_,958,b061328e22289c74248dffa5384cd43410cdb7c124f7bc5e9b17053d427d0395
Corn_(maize)___Common_rust_/RS_Rust 2016.JPG,Corn_(maize)___Common_rust_,959,352ad522d95423537b8a4788d2ebd13fb0d6e11c56be612776a86ad407464e63
Corn_(maize)___Common_rust_/RS_Rust 2017.JPG,Corn_(maize)___Common_rust_,960,46768d048f2a5b8965610f3178a1db1c2ab2950f6c9776fb187d8fe0c9152175
Corn_(maize)___Common_rust_/RS_Rust 2018.JPG,Corn_(maize)___Common_rust_,961,42b17018fa87d89f11b2cb2c3026949e9361e9832a65b9fa3b81700cdb962c48
Corn_(maize)___Common_rust_/RS_Rust 2019.JPG,Corn_(maize)___Common_rust_,962,026de0df79a78cfdcf5d9e9bcbe4479ee8aed4850e6a6d39e911b92898716283
Corn_(maize)___Common_rust_/RS_Rust 2020.JPG,Corn_(maize)___Common_rust_,963,a2e7a19ae225dcb6c086fbaf7a2c2c798db1ca84106cd72e46197ed0bf848656
Corn_(maize)___Common_rust_/RS_Rust 2021.JPG,Corn_(maize)___Common_rust_,964,e950e76dfa83ec502b0de58d87d60fb3f9e91f7bb10e89052563dd843c763c30
Corn_(maize)___Common_rust_/RS_Rust 2022.JPG,Corn_(maize)___Common_rust_,965,c9a0e76626479da040d82fc86c9a5bda47310ea5985a56fba6d9c85c24b4fe1d
Corn_(maize)___Common_rust_/RS_Rust 2023.JPG,Corn_(maize)___Common_rust_,966,9ece7bcdc7716a120fda809b97384c23102f4c651063a0c402c641cc3001c48d
Corn_(maize)___Common_rust_/RS_Rust 2024.JPG,Corn_(maize)___Common_rust_,967,cea4a82b9b20b738b72288e07ee2e306a09a03004e10fde6384b7a3f2fc5895b
Corn_(maize)___Common_rust_/RS_Rust 2025.JPG,Corn_(maize)___Common_rust_,968,b30a45368624c07ddef0537b6bb5d8c40df7b18a8c08fecbf3a871cb921053d5
Corn_(maize)___Common_rust_/RS_Rust 2026.JPG,Corn_(maize)___Common_rust_,969,bbd978ca6c3506012fe29bf0dce65809949b75430ca0ae9dc95b507ed57e1b63
Corn_(maize)___Common_rust_/RS_Rust 2027.JPG,Corn_(maize)___Common_rust_,970,a3a92a47557c9c4c900657aecdfd3881630b03834d2b9ff2f6cf9cce0b544088
Corn_(maize)___Common_rust_/RS_Rust 2028.JPG,Corn_(maize)___Common_rust_,971,5bb5b71febff555cd71b70f176e1db7d5d9cb70efca5f55342a6b528573122bf
Corn_(maize)___Common_rust_/RS_Rust 2029.JPG,Corn_(maize)___Common_rust_,972,3a00f9fbc7947ef792155b858e8b0409699fa2ebc6ebef8bbada61b3a64a79b3
Corn_(maize)___Common_rust_/RS_Rust 2030.JPG,Corn_(maize)___Common_rust_,973,633a3c5055e23abec361b20e44a2b1ca1e6ce38ea8e71e6317aa75036768a374
Corn_(maize)___Common_rust_/RS_Rust 2031.JPG,Corn_(maize)___Common_rust_,974,5804c1d5b367f0ffd8f8bee90599985aced214bfbfb5fb4cca5903d981d16998
Corn_(maize)___Common_rust_/RS_Rust 2032.JPG,Corn_(maize)___Common_rust_,975,c53437f80ba048762d698534513583c0d9e5a4a9f7b48d49cda444055a91686f
Corn_(maize)___Common_rust_/RS_Rust 2033.JPG,Corn_(maize)___Common_rust_,976,045672dacca9f44c3efbc154339d148672f2217f9b5164c9f10d9b5a7ed0aeb7
Corn_(maize)___Common_rust_/RS_Rust 2034.JPG,Corn_(maize)___Common_rust_,977,18772d947f2718bfe1415d1ef52382cc0669e7b02100708ad1a79b8b65bda82c
Corn_(maize)___Common_rust_/RS_Rust 2035.JPG,Corn_(maize)___Common_rust_,978,2b2671a8d29c274bfc987d14fddfe4845b175f7f061441baa693df3f64c47acc
Corn_(maize)___Common_rust_/RS_Rust 2036.JPG,Corn_(maize)___Common_rust_,979,b7fc385bb509398b8c44edc92f46aae26b5cd24a943ed51a8230e0d50c7aa9cb
Corn_(maize)___Common_rust_/RS_Rust 2037.JPG,Corn_(maize)___Common_rust_,980,0f1fc7ca36cc959d0ffdba3bd1ef00ef43302047f62e501677cd95df035c26ce
Corn_(maize)___Common_rust_/RS_Rust 2038.JPG,Corn_(maize)___Common_rust_,981,751dc78cca82613c2511d16b5afd9e1a850c97ba921349f4b88036733b660919
Corn_(maize)___Common_rust_/RS_Rust 2039.JPG,Corn_(maize)___Common_rust_,982,ab54fe02fd21d7327dd054e7c74b63682e754005a1061026c3d3ce8068c77c72
Corn_(maize)___Common_rust_/RS_Rust 2040.JPG,Corn_(maize)___Common_rust_,983,a4aa90b16c5b1dee014e96dfd0390b59c9b440a028ddd6d7a1de51ad497ba9cc
Corn_(maize)___Common_rust_/RS_Rust 2041.JPG,Corn_(maize)___Common_rust_,984,08b913b9759320316294ad8774b3a46526f3514e97b65b7b29ccb62bce4cbda3
Corn_(maize)___Common_rust_/RS_Rust 2042.JPG,Corn_(maize)___Common_rust_,985,50c93afaba365e3c2e426081deedda94fd318a5f0ce51c0175b7593032c6837a
Corn_(maize)___Common_rust_/RS_Rust 2043.JPG,Corn_(maize)___Common_rust_,986,0b342cd959ce5b944c4de593af6533c7bef5261ca0bcf8e863a0d880ed6a96a6
Corn_(maize)___Common_rust_/RS_Rust 2044.JPG,Corn_(maize)___Common_rust_,987,cd5957f060232d8922f6cd913f4bc80c8b541c369370a3ace7ca20493c046763
Corn_(maize)___Common_rust_/RS_Rust 2045.JPG,Corn_(maize)___Common_rust_,988,c6e149f2e5ed0defeb2f13af3a426ceb9dc08ff0971ee4d4cf4cf8a8fec7eb6a
Corn_(maize)___Common_rust_/RS_Rust 2046.JPG,Corn_(maize)___Common_rust_,989,21091e81ba489f1d6bebb6bd0122da3a2891453041bc068fbddf985c3ec10656
Corn_(maize)___Common_rust_/RS_Rust 2047.JPG,Corn_(maize)___Common_rust_,990,1246f9341dd12f1788bebac30ef69a93528f73f05d8d9ef275ee17e74014326b
Corn_(maize)___Common_rust_/RS_Rust 2048.JPG,Corn_(maize)___Common_rust_,991,3231d14e23858c9c95934e0cf83e82ee81014efe2c4930ecb017bbdb2eb60836
Corn_(maize)___Common_rust_/RS_Rust 2049.JPG,Corn_(maize)___Common_rust_,992,aa6d5b39b51717317935b912785b1fb395777c7c50fc63d9ed627da6d5bdd097
Corn_(maize)___Common_rust_/RS_Rust 2050.JPG,Corn_(maize)___Common_rust_,993,30ea4f5b0b04c25d268856e7e88d89e58f9334cc1677a0e970744f3d12591a55
Corn_(maize)___Common_rust_/RS_Rust 2051.JPG,Corn_(maize)___Common_rust_,994,5d6bfe8be94b540b5e16df9262898c1bd3dc7c49bc4d36abd6d92f2e981ef502
Corn_(maize)___Common_rust_/RS_Rust 2052.JPG,Corn_(maize)___Common_rust_,995,c53942b706f9f62e0d2b27976404295c0a3175f1d4be600e5e51b5c43a1a107b
Corn_(maize)___Common_rust_/RS_Rust 2053.JPG,Corn_(maize)___Common_rust_,996,473e8bd5129ffa715d18afef4786ca20d74f74fea1950cf0717d13a176cd3a5e
Corn_(maize)___Common_rust_/RS_Rust 2054.JPG,Corn_(maize)___Common_rust_,997,70c7e35bc82d24b68bc5a4fa62c7ace8c33b615854df9c702ee397eb3b268ca7
Corn_(maize)___Common_rust_/RS_Rust 2055.JPG,Corn_(maize)___Common_rust_,998,4d7a714f3662b08183be419eec36e99d70b6114d58878d3506eebc6c25fb79c9
Corn_(maize)___Common_rust_/RS_Rust 2056.JPG,Corn_(maize)___Common_rust_,999,e088a3deb0b8ad0c3f0c790d1f65da9183209e2cfad04b372fcb1b172c272418
Corn_(maize)___Common_rust_/RS_Rust 2057.JPG,Corn_(maize)___Common_rust_,1000,a2dac97787acdb21c2820ab09dfe9b51b72ee52d3564a60f6c7624b4268a2607
Corn_(maize)___Common_rust_/RS_Rust 2058.JPG,Corn_(maize)___Common_rust_,1001,029308a7624f0f0b0adae5c61e1b08434621fd211f8b16bbe8a6de79a31ddfcf
Corn_(maize)___Common_rust_/RS_Rust 2059.JPG,Corn_(maize)___Common_rust_,1002,38be70a91088e45edd568bb2335aaa33404703df41076b368830af7a556da510
Corn_(maize)___Common_rust_/RS_Rust 2060.JPG,Corn_(maize)___Common_rust_,1003,54d04ff0f16cf719fe14de4222e46e01742604ca61536e4a3a8bc456fce70c3c
Corn_(maize)___Common_rust_/RS_Rust 2061.JPG,Corn_(maize)___Common_rust_,1004,eaa57f80ecd9210c61001127fd2379e74cf2ef3e4649398502952f7253da36e2
Corn_(maize)___Common_rust_/RS_Rust 2062.JPG,Corn_(maize)___Common_rust_,1005,4812d83802fe457353c95e541fec37999b8a4686e7e78c6def1aa27b667d35a9
Corn_(maize)___Common_rust_/RS_Rust 2063.JPG,Corn_(maize)___Common_rust_,1006,168299c74e602667f1ee89df273baf9f17004a9754453cf4ffd074f7c6b0a2f1
Corn_(maize)___Common_rust_/RS_Rust 2064.JPG,Corn_(maize)___Common_rust_,1007,974e274c60de1cc327bb84d4acaaa0d52f686e66c7a3f8d1f83f63d13b03ef38
Corn_(maize)___Common_rust_/RS_Rust 2065.JPG,Corn_(maize)___Common_rust_,1008,8203afc72c734b9a628c908c623a730c8e92864ea35142355e8f4cfd55e4bb16
Corn_(maize)___Common_rust_/RS_Rust 2066.JPG,Corn_(maize)___Common_rust_,1009,7668b15513f7284b32da9ac1c78bf24442e7488df61bb8c0a8751ba3a5191881
Corn_(maize)___Common_rust_/RS_Rust 2067.JPG,Corn_(maize)___Common_rust_,1010,6ae167c6b03a13c95652649dcbc4af4792c1958daee07f9ab4b2079ad6470210
Corn_(maize)___Common_rust_/RS_Rust 2068.JPG,Corn_(maize)___Common_rust_,1011,4053a1a258ebb76b0f7fb2850e7eed01a32038625d8c987dd2b53545b58ecfbd
Corn_(maize)___Common_rust_/RS_Rust 2069.JPG,Corn_(maize)___Common_rust_,1012,c374fbf563bea8b053bfa9f11afcdbafbb02ecd24b0707bfcb68ec32981ad943
Corn_(maize)___Common_rust_/RS_Rust 2070.JPG,Corn_(maize)___Common_rust_,1013,1c1c074d887bfcc055991036c9cb589822714bce2f144be47393ebd5682aee1a
Corn_(maize)___Common_rust_/RS_Rust 2071.JPG,Corn_(maize)___Common_rust_,1014,4e6d50d5fc02080229f68dc7c3d133f464264ad18b315c9e3e3a5b18a24bdf4f
Corn_(maize)___Common_rust_/RS_Rust 2072.JPG,Corn_(maize)___Common_rust_,1015,b8bad64c112f4ebd7699f8a60dd597d1fbede5a34de4e5b0e898bedc4a979c1c
Corn_(maize)___Common_rust_/RS_Rust 2073.JPG,Corn_(maize)___Common_rust_,1016,cb9fed5c07654bdc1fad4d334af53c737c245fb4c9309044b7de81c4643afdee
Corn_(maize)___Common_rust_/RS_Rust 2074.JPG,Corn_(maize)___Common_rust_,1017,1826c030d5e86ca72816aa41779bec675dd7d908d7443099dcba97874ab2e5a3
Corn_(maize)___Common_rust_/RS_Rust 2075.JPG,Corn_(maize)___Common_rust_,1018,b72bc37fdb77d72415972e728fa57fdc5d320c42783fcbad3c15a73169eaae2a
Corn_(maize)___Common_rust_/RS_Rust 2076.JPG,Corn_(maize)___Common_rust_,1019,4090da8205ec96fc77cc431196842d3c116c3dba08314547142d2f2719740c17
Corn_(maize)___Common_rust_/RS_Rust 2077.JPG,Corn_(maize)___Common_rust_,1020,4d92e81d6567c64dc59106150093036aaa4240af028af7fa35c7335d58f5ee72
Corn_(maize)___Common_rust_/RS_Rust 2078.JPG,Corn_(maize)___Common_rust_,1021,ed60b510e1c5c4a1e3180790402c34fef189c2a74d5c289c31c4ef32da65a8d3
Corn_(maize)___Common_rust_/RS_Rust 2079.JPG,Corn_(maize)___Common_rust_,1022,79d438b9349515aa58e7080cde4737b2feff8413d9ad9f89d3985025bdfe8ebb
Corn_(maize)___Common_rust_/RS_Rust 2080.JPG,Corn_(maize)___Common_rust_,1023,10a30f28640e32ed9b4b2fd18fcf0e17fdfd6260b16368ed8f5ab4a49382c806
Corn_(maize)___Common_rust_/RS_Rust 2081.JPG,Corn_(maize)___Common_rust_,1024,33adfa45eb1d35a5172f573554d47958015e56a8fb0dba545800be81b9dfeb47
Corn_(maize)___Common_rust_/RS_Rust 2082.JPG,Corn_(maize)___Common_rust_,1025,f35a41bd984bfd62aeef8b1a8e9cd474c7802c168b96ba9ec4da92106ea6065c
Corn_(maize)___Common_rust_/RS_Rust 2083.JPG,Corn_(maize)___Common_rust_,1026,a174f191266d0b8de40ecd1dfd2cadf4b4070a72cfd1785bfb725c0b55790d35
Corn_(maize)___Common_rust_/RS_Rust 2084.JPG,Corn_(maize)___Common_rust_,1027,1bb59c7ab45c0995a96c12d4b11b3cb71a8d14e050ce9e11144e2fde7ad8d70f
Corn_(maize)___Common_rust_/RS_Rust 2085.JPG,Corn_(maize)___Common_rust_,1028,165e994fc3508b67a4a99ce5ad48643254aca611b24cbb88dd86d56ef5acf9d5
Corn_(maize)___Common_rust_/RS_Rust 2086.JPG,Corn_(maize)___Common_rust_,1029,5d29ff6407cbfea53b846a6faf54197f427985d4f2176a3d34a2ab3ed8a233bc
Corn_(maize)___Common_rust_/RS_Rust 2087.JPG,Corn_(maize)___Common_rust_,1030,0942fa52c212b7d9d4307e991bc6d31e474523a79b62c058f11fdcb718fafd6a
Corn_(maize)___Common_rust_/RS_Rust 2088.JPG,Corn_(maize)___Common_rust_,1031,a6dc29e76bd1f03425f71720a20061eb77db9a2971c758ef4d9331a8ccb68a01
Corn_(maize)___Common_rust_/RS_Rust 2089.JPG,Corn_(maize)___Common_rust_,1032,ef777389e787dc34506902d2cbce195800d6d5e7119e7aaf7d02ae4515c92a4e
Corn_(maize)___Common_rust_/RS_Rust 2090.JPG,Corn_(maize)___Common_rust_,1033,6ec926c68d6923a0d70ae869d71f5c50d560187565f74cb2d8672525cbf153b2
Corn_(maize)___Common_rust_/RS_Rust 2091.JPG,Corn_(maize)___Common_rust_,1034,927faa66e05b164fe195e2030a49e615cc3684e65778d753ce56552c5888759e
Corn_(maize)___Common_rust_/RS_Rust 2092.JPG,Corn_(maize)___Common_rust_,1035,99a6f24adf597214d0b7bd5f09b67eb530fb85b705c4bd555a838df81d07ccf6
Corn_(maize)___Common_rust_/RS_Rust 2093.JPG,Corn_(maize)___Common_rust_,1036,c28b645d32e4542d3994085a99821330ef6a6a24fffb99e2421e5220af285a3f
Corn_(maize)___Common_rust_/RS_Rust 2094.JPG,Corn_(maize)___Common_rust_,1037,38029d21b4b368423bef9f00a564f81a8575f9b97e924ad3c3392577a6a48d74
Corn_(maize)___Common_rust_/RS_Rust 2095.JPG,Corn_(maize)___Common_rust_,1038,ce9336b54975941b5a10669b5f87593eb6be2b53b92aa1b6e380c1c0b1503635
Corn_(maize)___Common_rust_/RS_Rust 2096.JPG,Corn_(maize)___Common_rust_,1039,8b960955d6f723b453b51a606b09584193b064e3be142f9b2fac07f745900c9d
Corn_(maize)___Common_rust_/RS_Rust 2097.JPG,Corn_(maize)___Common_rust_,1040,768b3c6805fce151e76e5a3e37cfe6ea001506da2f02ab671872bfb3e49d09ab
Corn_(maize)___Common_rust_/RS_Rust 2098.JPG,Corn_(maize)___Common_rust_,1041,acc9d94c1ba5c6b57a8b5e0f690ff7d1e62918f7753b4b07f7248fa2f841a62f
Corn_(maize)___Common_rust_/RS_Rust 2099.JPG,Corn_(maize)___Common_rust_,1042,bfad7e971cbfb73880c5a25260b6160990fd17526d24f6a10d2e1b1393ebc120
Corn_(maize)___Common_rust_/RS_Rust 2100.JPG,Corn_(maize)___Common_rust_,1043,6496b9725653802bbd4284b3c0838ee1d65dcbe3ac5a71b1c7dd32483cdde236
Corn_(maize)___Common_rust_/RS_Rust 2101.JPG,Corn_(maize)___Common_rust_,1044,ce2efe2233a9ba2afea4bc93473e978ca4afa0ba0500d327adeb510a67c5671f
Corn_(maize)___Common_rust_/RS_Rust 2102.JPG,Corn_(maize)___Common_rust_,1045,7bd935b584a10d7b444a6242d51ea2d43f386ce3e294281e67c92d644e84e289
Corn_(maize)___Common_rust_/RS_Rust 2103.JPG,Corn_(maize)___Common_rust_,1046,997c2a9de9e0f7d521806f1849e7b85b216d320a946e85ca6d73099e27687283
Corn_(maize)___Common_rust_/RS_Rust 2104.JPG,Corn_(maize)___Common_rust_,1047,204a7a3316768436872cc101b2a1113c6108b6a3ea31ff49063b0be46e0453b3
Corn_(maize)___Common_rust_/RS_Rust 2105.JPG,Corn_(maize)___Common_rust_,1048,210297690226f071cf6f008c12784aad7675c7f92bc71164f44685f17f660583
Corn_(maize)___Common_rust_/RS_Rust 2106.JPG,Corn_(maize)___Common_rust_,1049,da34343e3094daca4b920734f77102b032b4dee0a86899d776893b702038de45
Corn_(maize)___Common_rust_/RS_Rust 2107.JPG,Corn_(maize)___Common_rust_,1268,99413a2951c73221917dbec8e36644b48e23c309fd1acd2bb19c58e2465da70a
Corn_(maize)___Common_rust_/RS_Rust 2108.JPG,Corn_(maize)___Common_rust_,1051,472f7efec257acaf1dbfcdc0399e2074015accccd2473856089cd1e31fa07465
Corn_(maize)___Common_rust_/RS_Rust 2109.JPG,Corn_(maize)___Common_rust_,1052,53ba2bc5a66e7bca10f99b1ef932de4b71c2798e3d6ee29a43263f077ef8bae0
Corn_(maize)___Common_rust_/RS_Rust 2110.JPG,Corn_(maize)___Common_rust_,1053,4cd0bb42f3dd4839304c45a13d9995b5552bd57254ae69f8d39d1bfbc1045dc3
Corn_(maize)___Common_rust_/RS_Rust 2111.JPG,Corn_(maize)___Common_rust_,1054,f451f2e98a154144f723c9382aeb99500f5edc175362867c9eadfc1a594ac635
Corn_(maize)___Common_rust_/RS_Rust 2112.JPG,Corn_(maize)___Common_rust_,1055,4967056488dd48a5088376cddcb1fb6d5c869fd737695cc51773432c7e5a22d9
Corn_(maize)___Common_rust_/RS_Rust 2113.JPG,Corn_(maize)___Common_rust_,1056,0bef785e0620cdd5bc4fd0aef7be952379ec299957f8ac355abd08803d41816b
Corn_(maize)___Common_rust_/RS_Rust 2114.JPG,Corn_(maize)___Common_rust_,1057,ba78b32773798bd26164e21a129cd3cfbc656c697f86cfcbd4881af19a09e063
Corn_(maize)___Common_rust_/RS_Rust 2115.JPG,Corn_(maize)___Common_rust_,1058,6e1bf26f4a680f297f631660faf1bd752099d1d80a8dbfa2128559b92cc6fe6b
Corn_(maize)___Common_rust_/RS_Rust 2117.JPG,Corn_(maize)___Common_rust_,1059,5c06e0d9f5c7f90e8413f463bbb02cca8447673d4877d08c892281c73f9d76b1
Corn_(maize)___Common_rust_/RS_Rust 2118.JPG,Corn_(maize)___Common_rust_,1060,3de5f87385721a704c67c4c4a1035bcc5bbed3ae26e513819ac71d32b033c011
Corn_(maize)___Common_rust_/RS_Rust 2119.JPG,Corn_(maize)___Common_rust_,1061,badce4717d538b51c2faaea32d4254f80be34eddc41e7b6f97a3b74b84fa573f
Corn_(maize)___Common_rust_/RS_Rust 2120.JPG,Corn_(maize)___Common_rust_,1062,0a15aed594af369266f48f1c1397681cb35436295ee544478464fbae70b9e154
Corn_(maize)___Common_rust_/RS_Rust 2121.JPG,Corn_(maize)___Common_rust_,1063,3a7f822957daf5f67a46dfc21527f780791a57f2df7a5bebf4588a941904e90e
Corn_(maize)___Common_rust_/RS_Rust 2122.JPG,Corn_(maize)___Common_rust_,1064,375b65a890cdbff6c13c39900aa435a2a734a94e78781d931c0101204dea3a83
Corn_(maize)___Common_rust_/RS_Rust 2123.JPG,Corn_(maize)___Common_rust_,1065,4a16f979c6f1e35f8542cd31daa8b0d86efddbfce8deefce5f1a4edf34efef02
Corn_(maize)___Common_rust_/RS_Rust 2124.JPG,Corn_(maize)___Common_rust_,1066,dffb481290000f0aef450242e9041638e64aa111ab4151b48bd755cf536cec95
Corn_(maize)___Common_rust_/RS_Rust 2125.JPG,Corn_(maize)___Common_rust_,1067,5b0cfa76b583decb820caafbb3f06a13a78aad15f33af9cd363aa7fc27b3e578
Corn_(maize)___Common_rust_/RS_Rust 2126.JPG,Corn_(maize)___Common_rust_,1068,8b6aa6144b5e9a887ec07fca7a948fec10a274028c1259282833e99d4f57ee9c
Corn_(maize)___Common_rust_/RS_Rust 2127.JPG,Corn_(maize)___Common_rust_,1069,4bcd8eebdaf9361dc3d399bd19f23cf256e1865572f5c618bb4b2d261ef7f685
Corn_(maize)___Common_rust_/RS_Rust 2128.JPG,Corn_(maize)___Common_rust_,1070,91c90ebb5fbee34eaaf7ae504437b16e4012f2da01969d377552a7269fb2d379
Corn_(maize)___Common_rust_/RS_Rust 2129.JPG,Corn_(maize)___Common_rust_,1071,ab79188314452b2872064428ee6a457c9b6b985b94fd9f92a376e4772474ccb3
Corn_(maize)___Common_rust_/RS_Rust 2130.JPG,Corn_(maize)___Common_rust_,1072,a7d46329e3f78fb3db23ab9fba2d6c6404a4e011932def8e125032f863ecc7a7
Corn_(maize)___Common_rust_/RS_Rust 2131.JPG,Corn_(maize)___Common_rust_,1073,9693507a6302b90c8de12bcf909e9dc9cfcb2f968437e2d9fe53c89a49a9a5fe
Corn_(maize)___Common_rust_/RS_Rust 2132.JPG,Corn_(maize)___Common_rust_,1074,a396f98b7c79eed42f52b5631e771e29bfa1dfe08db59c718ed56743e123b6ad
Corn_(maize)___Common_rust_/RS_Rust 2133.JPG,Corn_(maize)___Common_rust_,1075,a31e43c38f72c7546d60fde1531888e97fe9b26dd5e72d6f7de9e84d840299b2
Corn_(maize)___Common_rust_/RS_Rust 2134.JPG,Corn_(maize)___Common_rust_,1076,12b739f7091f00a6af4476cb00711e9b2832f6a2550449d81e92e71225d9ae97
Corn_(maize)___Common_rust_/RS_Rust 2135.JPG,Corn_(maize)___Common_rust_,1077,74303e76f63e8a0cb3128aaa6702540fcdd92c4e8a9e2e97c561eb48172d8d6a
Corn_(maize)___Common_rust_/RS_Rust 2136.JPG,Corn_(maize)___Common_rust_,1078,1fe59b7d7b997e6ab5e4aba324aba67350289a456eef293a6df56f210b31d271
Corn_(maize)___Common_rust_/RS_Rust 2137.JPG,Corn_(maize)___Common_rust_,1079,18da3eb1ed1905305a33b70d4f60612309727e99dbff6ef7a27c33ca5e0449a6
Corn_(maize)___Common_rust_/RS_Rust 2138.JPG,Corn_(maize)___Common_rust_,1080,c7712ab79fc8b3f510fc90e410a01e5b6b57df78240f5c6fc120e309ba477c77
Corn_(maize)___Common_rust_/RS_Rust 2139.JPG,Corn_(maize)___Common_rust_,1081,8d51c90f0b095bb3b5ebed911e0e43c095760fb8cb0981628777f36aa609842b
Corn_(maize)___Common_rust_/RS_Rust 2140.JPG,Corn_(maize)___Common_rust_,1082,947994ac352a865a2dc6f91accb187c539c2b0aa14b0079ba1f153b82220e9a8
Corn_(maize)___Common_rust_/RS_Rust 2141.JPG,Corn_(maize)___Common_rust_,1083,b576de1b88373335c8017947989680c883d06612843c2a8aa4cbca9b65f99e6c
Corn_(maize)___Common_rust_/RS_Rust 2142.JPG,Corn_(maize)___Common_rust_,1084,525014704b02059d7209d70c3b7fb2e24742e2724f6271699afb24218c4ef21d
Corn_(maize)___Common_rust_/RS_Rust 2143.JPG,Corn_(maize)___Common_rust_,1085,ba07c8f560905b1d2c6eb53a94a5026598d401f51571b3dcf92363a22fc05421
Corn_(maize)___Common_rust_/RS_Rust 2144.JPG,Corn_(maize)___Common_rust_,1086,ff247d0d07b915af342bbdc4642e129a2504e6caf3834bcb39806260c0a1f7c7
Corn_(maize)___Common_rust_/RS_Rust 2145.JPG,Corn_(maize)___Common_rust_,1087,985dfff26286be5c127a3329d6d40be5ca7f3418eb553ec898e0a6941b4f2952
Corn_(maize)___Common_rust_/RS_Rust 2146.JPG,Corn_(maize)___Common_rust_,1088,1d59939dad985273eaf445a983b11a7d55664cb046d092a918983412c308beff
Corn_(maize)___Common_rust_/RS_Rust 2147.JPG,Corn_(maize)___Common_rust_,1089,f6e0414e3ede091d4970ec654e59c1f77315e2db8ee8825eea75688ed7b23e1d
Corn_(maize)___Common_rust_/RS_Rust 2148.JPG,Corn_(maize)___Common_rust_,1090,05ccc5abeb4a7970a7a3767dbb8d488646a809333ed4412b2db6aa65bb65c5e0
Corn_(maize)___Common_rust_/RS_Rust 2149.JPG,Corn_(maize)___Common_rust_,1091,b860a747e7e5c610d28651afd25a05fc215bff3410f80e75bb57bf6a95af9400
Corn_(maize)___Common_rust_/RS_Rust 2150.JPG,Corn_(maize)___Common_rust_,1092,bcea4521fa6e8e296ca50b7a845f87fa4d6003014b54d7ff3adbec3b2dd25223
Corn_(maize)___Common_rust_/RS_Rust 2151.JPG,Corn_(maize)___Common_rust_,1093,b29944fa0a14f3cbfaefa684b544319bf760f8c8e2cd5633ff49fe66eaef4b17
Corn_(maize)___Common_rust_/RS_Rust 2152.JPG,Corn_(maize)___Common_rust_,1094,a21446d08c2e2fe83b9e686770c0cae9225bc592b33b7aa527957a1bcb35d8df
Corn_(maize)___Common_rust_/RS_Rust 2153.JPG,Corn_(maize)___Common_rust_,1095,1863257664e4497b98c7b63ab6bf5c9425de48efc75abfee438db34b8d1c791c
Corn_(maize)___Common_rust_/RS_Rust 2154.JPG,Corn_(maize)___Common_rust_,1096,caf89b7c9086173610ed83d26fb224eca6ab3001568bcf28136e7d93378a3a3f
Corn_(maize)___Common_rust_/RS_Rust 2155.JPG,Corn_(maize)___Common_rust_,1097,6ec7fb9f3a109d16ebcafd742608376264866747033134863750a1e98bb748f2
Corn_(maize)___Common_rust_/RS_Rust 2156.JPG,Corn_(maize)___Common_rust_,1098,5968f5eced44600b5e8d91a1e886ec907b2ab29db332bb2d9dfe97ed995348aa
Corn_(maize)___Common_rust_/RS_Rust 2157.JPG,Corn_(maize)___Common_rust_,1099,e589d33040810c24d454d7afd4fba4b639e32223f9f3f609c16d8c716af8f188
Corn_(maize)___Common_rust_/RS_Rust 2158.JPG,Corn_(maize)___Common_rust_,1100,01cba60dcd4a9f19ce6889eb2dc788d6e074e51eb53d05f1a3e5f52be88a2217
Corn_(maize)___Common_rust_/RS_Rust 2159.JPG,Corn_(maize)___Common_rust_,1101,783fa37ddc36ae6586479f6339737e1f1e8bc74dab4e5ada1daf5a5df23a4a7d
Corn_(maize)___Common_rust_/RS_Rust 2160.JPG,Corn_(maize)___Common_rust_,1102,1da245896cc176a3894875db2a20a9fcac09145adb9a37ee47bbc0e7f0ee5b6f
Corn_(maize)___Common_rust_/RS_Rust 2161.JPG,Corn_(maize)___Common_rust_,1103,1b10692b99c2e4e221e4cad7dbc4e1a967661fc046cb78c1acdc89d6554622c0
Corn_(maize)___Common_rust_/RS_Rust 2162.JPG,Corn_(maize)___Common_rust_,1104,5d7d905ec49ca06f305ce61b8131255d4445d6dbbe3ef7237e5e98b55bab4492
Corn_(maize)___Common_rust_/RS_Rust 2163.JPG,Corn_(maize)___Common_rust_,1105,9b575e8e7241b0c5e8cdae72456743d3b4d3abf880ee3674bb9c9cdf42e27bc5
Corn_(maize)___Common_rust_/RS_Rust 2164.JPG,Corn_(maize)___Common_rust_,1106,10572a10825598ed1f461efd74d5d403e33239016da3dc4b7b7c00bdb6811982
Corn_(maize)___Common_rust_/RS_Rust 2165.JPG,Corn_(maize)___Common_rust_,1107,956e0203becc659b024d040483a07481db812a2cfa1e7a433a974c548fc0d4ba
Corn_(maize)___Common_rust_/RS_Rust 2166.JPG,Corn_(maize)___Common_rust_,1108,6b46b57be3aefae90f8ab8e017db40d3d162c4991bad80d693d2244b71300fbd
Corn_(maize)___Common_rust_/RS_Rust 2167.JPG,Corn_(maize)___Common_rust_,1109,fb3fccea2bce88f9ca8e2d44b1cce13d9fe5c38c7f8201c259d02a11fe9131d6
Corn_(maize)___Common_rust_/RS_Rust 2168.JPG,Corn_(maize)___Common_rust_,1110,4d558513b789a4bf42500e3e10b04c930e72abaccef1e4fd7ef60eb246269d91
Corn_(maize)___Common_rust_/RS_Rust 2169.JPG,Corn_(maize)___Common_rust_,1111,a9d23212a0ef954dd6955797c9c67a00d5651dd05d72e6560c9995cda00812ef
Corn_(maize)___Common_rust_/RS_Rust 2170.JPG,Corn_(maize)___Common_rust_,1112,76ab6397a8da27f021ec869458ae308bd7b61b13b6b72ced06c8c10c8b908b61
Corn_(maize)___Common_rust_/RS_Rust 2171.JPG,Corn_(maize)___Common_rust_,1113,a91e1ed189edadd6f785b7622a4140046bdac905ef40c9beb14ae6ca28b236d7
Corn_(maize)___Common_rust_/RS_Rust 2172.JPG,Corn_(maize)___Common_rust_,1114,c34f67775176bf71e8fdabfa8a8bb0254734eb543de3fc908e689bdacfa66b0b
Corn_(maize)___Common_rust_/RS_Rust 2173.JPG,Corn_(maize)___Common_rust_,1115,2a7f9fc5d83af6060d2c908a68c2a8bc46b0cdac9a7f523e4e51f932c87136d1
Corn_(maize)___Common_rust_/RS_Rust 2174.JPG,Corn_(maize)___Common_rust_,1116,cc417f851cc322613edded9829beb18d6c9ff4bf0cdb84028069a49ca8ff499f
Corn_(maize)___Common_rust_/RS_Rust 2175.JPG,Corn_(maize)___Common_rust_,1117,482b913b55a53f695761edcdf1073c94fba215ce571472551e1eef89a3e358ae
Corn_(maize)___Common_rust_/RS_Rust 2176.JPG,Corn_(maize)___Common_rust_,1118,f568dd95bfd330ae35b4c75b6655860b011b5bdede8a92da02787c454b8a4c9a
Corn_(maize)___Common_rust_/RS_Rust 2177.JPG,Corn_(maize)___Common_rust_,1119,86c8a7768a18812fac20459c6009d75ed181c867dac9e65bdf8018f163127078
Corn_(maize)___Common_rust_/RS_Rust 2178.JPG,Corn_(maize)___Common_rust_,1120,a1d3e8f3e437904fec5f119623ddfcc215ad7765a44f8ab963a6373c5d1dc1f9
Corn_(maize)___Common_rust_/RS_Rust 2179.JPG,Corn_(maize)___Common_rust_,1121,6617bb7492556a3981e2bb4fdb20923ef35e90be5b85094765dd016cac13a624
Corn_(maize)___Common_rust_/RS_Rust 2180.JPG,Corn_(maize)___Common_rust_,1122,e0eebca8d85785f79baba4f30630862a73108469f88d45db4113f293f2e9b8bd
Corn_(maize)___Common_rust_/RS_Rust 2181.JPG,Corn_(maize)___Common_rust_,1123,9533f6ff976c6c4eca820bfadbb60873d9911a2bff55dbbc8363c8e66949f9f4
Corn_(maize)___Common_rust_/RS_Rust 2182.JPG,Corn_(maize)___Common_rust_,1124,0c663ce4eeb20fdca158c554510872a56062f38667d6cde705783723e4cbcbc8
Corn_(maize)___Common_rust_/RS_Rust 2183.JPG,Corn_(maize)___Common_rust_,1125,5fb1cb77a64c83d22d1be42ea51f07bde8033bac379c7609637f5ddd6dd6d95e
Corn_(maize)___Common_rust_/RS_Rust 2184.JPG,Corn_(maize)___Common_rust_,1126,fbdf57f347e949440e1d42d8a9dfc410673963326c52f7f91cf3f430d31b7965
Corn_(maize)___Common_rust_/RS_Rust 2185.JPG,Corn_(maize)___Common_rust_,1127,fb14b4aeb2f722212747e01c2ccb7fbd62f309ca916b7475e42c8e07d1827e57
Corn_(maize)___Common_rust_/RS_Rust 2186.JPG,Corn_(maize)___Common_rust_,1128,4d125201d5f47f49fe57b32ff0ad954ad73d4ddb15ad95347e25e309798daa99
Corn_(maize)___Common_rust_/RS_Rust 2187.JPG,Corn_(maize)___Common_rust_,1129,cbbc1ebd15967eabdc2864b5f03fbdc82ce9791cecf1a23488cd11aae60212eb
Corn_(maize)___Common_rust_/RS_Rust 2188.JPG,Corn_(maize)___Common_rust_,1130,9232b56df3b7e1b5c0f3d3d2c8ea35f4b7331073bdbe9dd228338f7158b8fb2c
Corn_(maize)___Common_rust_/RS_Rust 2189.JPG,Corn_(maize)___Common_rust_,1131,8eabedd46ba4807ae4642c1de071a6f0be3f1df1504d7354041b3494553cba70
Corn_(maize)___Common_rust_/RS_Rust 2190.JPG,Corn_(maize)___Common_rust_,1132,dcc707d9967f82aed5f66ceaae8ab776b3c44bc72602552e8680aee3a7faa9da
Corn_(maize)___Common_rust_/RS_Rust 2191.JPG,Corn_(maize)___Common_rust_,1133,fae578d8a148403b356853a38188c9dde06826a4cac5ca2437c5c97929d44d88
Corn_(maize)___Common_rust_/RS_Rust 2192.JPG,Corn_(maize)___Common_rust_,1134,b079ec70a627e945bc12eb77afe799162d9f1f1fdf18b5736bf50435a9e78ecb
Corn_(maize)___Common_rust_/RS_Rust 2193.JPG,Corn_(maize)___Common_rust_,1135,2517f2f20eedb36fcae1366a025d7e478bb98d136ced3cfc96d583b9c23de4c5
Corn_(maize)___Common_rust_/RS_Rust 2194.JPG,Corn_(maize)___Common_rust_,1136,fa0fd11fbdf445c265d3c3cc2341b7931546e97dffa074d555778d1bf2788e10
Corn_(maize)___Common_rust_/RS_Rust 2195.JPG,Corn_(maize)___Common_rust_,1137,6f886f2cbed5f457eda7d46ce4de63b5b25c6bec72df118f1c63ff8c29fc66ac
Corn_(maize)___Common_rust_/RS_Rust 2196.JPG,Corn_(maize)___Common_rust_,1138,8ecc95e221743fe2b9a2c792a1d7b96892f6f62a105fe367f995a4da4e9e143b
Corn_(maize)___Common_rust_/RS_Rust 2197.JPG,Corn_(maize)___Common_rust_,1139,e433e72a0d000b4c4317ceb0ca76b42c7e3142a82d2cadaebd1d87c701784758
Corn_(maize)___Common_rust_/RS_Rust 2198.JPG,Corn_(maize)___Common_rust_,1140,02a0027a179af7e7b38da6835a5aa3bf61dab1a448c8e1cae538d6afaf3a8b33
Corn_(maize)___Common_rust_/RS_Rust 2199.JPG,Corn_(maize)___Common_rust_,1141,3f1b82fdf5e09f402f5b602253c65afa72c3f3820482307749c0ac12fc028a66
Corn_(maize)___Common_rust_/RS_Rust 2200.JPG,Corn_(maize)___Common_rust_,1142,413c7f968f7016ec18a7dd6531065c9129cf363a8ebdcaaccfed195a30675edf
Corn_(maize)___Common_rust_/RS_Rust 2201.JPG,Corn_(maize)___Common_rust_,1143,7d8fa0c78169b437fa02edaea8a6f580298519a208c412952c8452dd29855303
Corn_(maize)___Common_rust_/RS_Rust 2202.JPG,Corn_(maize)___Common_rust_,1144,b160c5ac45f16fa9404a217f918c3acb31b9e5faa4ca8be53ed92a36c86b65f6
Corn_(maize)___Common_rust_/RS_Rust 2203.JPG,Corn_(maize)___Common_rust_,1145,e95fa785390e1261b0d5372c1fe6bbee004c6197d806f3f4f897c9d8d60a6aa3
Corn_(maize)___Common_rust_/RS_Rust 2204.JPG,Corn_(maize)___Common_rust_,1146,f6f1b1b595a39f136f78cc0c32be1992bd168e6dfac050616490ec24a6dbbf7b
Corn_(maize)___Common_rust_/RS_Rust 2205.JPG,Corn_(maize)___Common_rust_,1147,559a68af415f99e09187e5b78c1f229237233422f07f924848fff65c26aaa306
Corn_(maize)___Common_rust_/RS_Rust 2206.JPG,Corn_(maize)___Common_rust_,1148,ad88ad6e5a93283dfcde4d32e2195ec7b28020da4e306b52b32511fe0a7bce0e
Corn_(maize)___Common_rust_/RS_Rust 2207.JPG,Corn_(maize)___Common_rust_,1149,6cbc206f98256edfce2acd4de6652dbe1aa481a5490c7f100ab604838f36a2de
Corn_(maize)___Common_rust_/RS_Rust 2208.JPG,Corn_(maize)___Common_rust_,1150,dd13c700216221c44355ba5da7f733b75f78dcde4fc608ea7d62ae20e395d5ac
Corn_(maize)___Common_rust_/RS_Rust 2209.JPG,Corn_(maize)___Common_rust_,1151,afb915f26434525c5fbb415626b24bfd328991d109bafe3ed1af3bc7a60de094
Corn_(maize)___Common_rust_/RS_Rust 2211.JPG,Corn_(maize)___Common_rust_,1152,de6b03d2ed67d60e26e581f7aaaf40985128487d2e8202bf024d0f93fe62a230
Corn_(maize)___Common_rust_/RS_Rust 2212.JPG,Corn_(maize)___Common_rust_,1153,3f61a9c3073b42f416d435b98826a37fc61117abe05d2880332b6375d90b64df
Corn_(maize)___Common_rust_/RS_Rust 2213.JPG,Corn_(maize)___Common_rust_,1154,6a07e6615502e9cd92384035510deafa0ed3bcf5c6b88dc65d27f7428743c0e8
Corn_(maize)___Common_rust_/RS_Rust 2214.JPG,Corn_(maize)___Common_rust_,1155,7872295ffb0443daf52c791cdb5dd1b9265331bb22e50231568212b540fcdd61
Corn_(maize)___Common_rust_/RS_Rust 2215.JPG,Corn_(maize)___Common_rust_,1156,58356c1f911e5e333633c4f69e0befa504ae13eb6654130923dab33de8925f81
Corn_(maize)___Common_rust_/RS_Rust 2216.JPG,Corn_(maize)___Common_rust_,1157,d3a98e94765e4361e514a93b41f6ade7ace867dfdab538e91f2651b32ac7660e
Corn_(maize)___Common_rust_/RS_Rust 2217.JPG,Corn_(maize)___Common_rust_,1158,6b1836a4195cd5568856ea14825afc249496c23dc04bcbbf34fe81fcf151b00a
Corn_(maize)___Common_rust_/RS_Rust 2218.JPG,Corn_(maize)___Common_rust_,1159,29eb3eba6174fb4edafd4e4c1bfe6ce7036acc7fc382e2ef5003787a3388334f
Corn_(maize)___Common_rust_/RS_Rust 2219.JPG,Corn_(maize)___Common_rust_,1160,b95ec440a39c46e5de18833c34fde604b0daa37fa34263a2c808d08f823e80db
Corn_(maize)___Common_rust_/RS_Rust 2220.JPG,Corn_(maize)___Common_rust_,1161,a885f416f8ba04d81db8168f01f62b47371347630ea2ac6008a3f123eb26daf4
Corn_(maize)___Common_rust_/RS_Rust 2221.JPG,Corn_(maize)___Common_rust_,1162,e7c5a9fe65574608532c580c173f1cab78ccc77fcab9dab38175c7e4bbdda006
Corn_(maize)___Common_rust_/RS_Rust 2222.JPG,Corn_(maize)___Common_rust_,1163,bf4d79d359dc0344d84b21693531d5203ff17ff9f0fad2e6c0f4be09e66c443b
Corn_(maize)___Common_rust_/RS_Rust 2223.JPG,Corn_(maize)___Common_rust_,1164,93833f6807fdf810ec85af719a7ce603c881df7adb47529102699edc40910df5
Corn_(maize)___Common_rust_/RS_Rust 2224.JPG,Corn_(maize)___Common_rust_,1165,07658352013d7b32a3d117574c85ed1d781e9c50046a69369fe8f663ce321d0e
Corn_(maize)___Common_rust_/RS_Rust 2225.JPG,Corn_(maize)___Common_rust_,1166,b541d644c60d17f09c0273db426546752c1ed0f315207536b53a218d26e7e357
Corn_(maize)___Common_rust_/RS_Rust 2226.JPG,Corn_(maize)___Common_rust_,1167,6117630381cfaf7f81f7a55a5d728230886bdeaa111fbc74c1d767ac07663030
Corn_(maize)___Common_rust_/RS_Rust 2227.JPG,Corn_(maize)___Common_rust_,1168,89c499c195f43801bcd10befa31d1b4229bc9575d7858e7af29dbfc556f70622
Corn_(maize)___Common_rust_/RS_Rust 2228.JPG,Corn_(maize)___Common_rust_,1169,3448e8e9ae7d55eedd5b002aa8e4018a0a0a61dc694b66adc64f0c3d98d708a8
Corn_(maize)___Common_rust_/RS_Rust 2229.JPG,Corn_(maize)___Common_rust_,1170,68442d894910471efd34c926145b21bc517574f45bd8f48a18b80cf63b0620cf
Corn_(maize)___Common_rust_/RS_Rust 2230.JPG,Corn_(maize)___Common_rust_,1171,5ae5bb86d572fbfcf92114e6b49558ba8e09cbbc95e0121d504aeaecab84f1bf
Corn_(maize)___Common_rust_/RS_Rust 2231.JPG,Corn_(maize)___Common_rust_,1172,ba46374e17ee5c97430e20a84644da7d70ef1ae9119598458b4a4fc566d46357
Corn_(maize)___Common_rust_/RS_Rust 2232.JPG,Corn_(maize)___Common_rust_,1173,87857691b636907b9f819feb649007409894b8f0447c9762271a521d60700d3f
Corn_(maize)___Common_rust_/RS_Rust 2233.JPG,Corn_(maize)___Common_rust_,1174,b8648279449ecd43e8cc0f23b31f3bd6f3bc18bb3944f3989b0356d0d96dad21
Corn_(maize)___Common_rust_/RS_Rust 2234.JPG,Corn_(maize)___Common_rust_,1175,0cd3dbad932b94986921bbba33fee41712cbecab25f8ce7caf5215f0df6a7d44
Corn_(maize)___Common_rust_/RS_Rust 2235.JPG,Corn_(maize)___Common_rust_,1176,59df20ac226ce68dc818f4c6a47a943bc78b039d63cc57c9c17e853227d5f704
Corn_(maize)___Common_rust_/RS_Rust 2236.JPG,Corn_(maize)___Common_rust_,1177,a3ed8791c24849481057c6c7eb2a4a794ab91d1d89f26653ed6875d931e0d046
Corn_(maize)___Common_rust_/RS_Rust 2237.JPG,Corn_(maize)___Common_rust_,1178,d81cb84da4c3db5fc364cfc41b08b7a8aa948998dd7ad7e04dc234e21a6b7c47
Corn_(maize)___Common_rust_/RS_Rust 2238.JPG,Corn_(maize)___Common_rust_,1179,73890a61be4dda740cc571360b86793b625a4557033d62615eab2af05744825b
Corn_(maize)___Common_rust_/RS_Rust 2239.JPG,Corn_(maize)___Common_rust_,1181,08a1ad60ee1770677c757d4caf2a5e0f5c803e12d7dac054e41ca1e4c4115ccf
Corn_(maize)___Common_rust_/RS_Rust 2240.JPG,Corn_(maize)___Common_rust_,1181,8e9d4603826024488568ab2b9ff67842410780c1c570eb93570d2a2ef7b567ea
Corn_(maize)___Common_rust_/RS_Rust 2241.JPG,Corn_(maize)___Common_rust_,1182,cd67f2b79c3393ddce21a856d5765f1a6e5231563c9fc4387873f3df616d49ac
Corn_(maize)___Common_rust_/RS_Rust 2242.JPG,Corn_(maize)___Common_rust_,1183,535c090cfdebd78bc8a1bfe9d174b7e9581c5ff83af4b165e182e28448729b9c
Corn_(maize)___Common_rust_/RS_Rust 2243.JPG,Corn_(maize)___Common_rust_,1184,ecc91aafe761c41d2b8477c83b2d9ef545af78e89f276e44063bf41d0a387451
Corn_(maize)___Common_rust_/RS_Rust 2244.JPG,Corn_(maize)___Common_rust_,1185,e8d00379d0acf0a6869016fc292be0948f8d9b88a36fb277f3abb0f023b0b3a4
Corn_(maize)___Common_rust_/RS_Rust 2245.JPG,Corn_(maize)___Common_rust_,1186,3c68b4d1af02877cd92a0dbf6df9938d784e161cdaf479317220df6942bb9d15
Corn_(maize)___Common_rust_/RS_Rust 2246.JPG,Corn_(maize)___Common_rust_,1187,82dac5f47ef9ad89b0cd08ae79ebdf725b30b20bc06b6cd696fe5a98bb6c4020
Corn_(maize)___Common_rust_/RS_Rust 2247.JPG,Corn_(maize)___Common_rust_,1188,640c9094d32a68891e3f7ae8d58b3eaca3b3883baf45d9684ae0705d6e70579f
Corn_(maize)___Common_rust_/RS_Rust 2248.JPG,Corn_(maize)___Common_rust_,1189,b9809845c813d0a3e2d25ca1c1e38d1be36792d9d6b10c5cb146395863a9c189
Corn_(maize)___Common_rust_/RS_Rust 2249.JPG,Corn_(maize)___Common_rust_,1190,bf318df16589fd11094242a721b4c729566877f5489132b0fa7dadc65a9ffed6
Corn_(maize)___Common_rust_/RS_Rust 2250.JPG,Corn_(maize)___Common_rust_,1191,a510b5c70ccfb7b319228bf600a50459261e9ba40e0b3a3815d41e66988973ac
Corn_(maize)___Common_rust_/RS_Rust 2251.JPG,Corn_(maize)___Common_rust_,1192,551d054e29b69027d83bac3e18d8096254a5272a7ce98938c79a52ceb24df0e0
Corn_(maize)___Common_rust_/RS_Rust 2252.JPG,Corn_(maize)___Common_rust_,1193,a63b7dfefdbfec41e2e8d975a1f813a7d34e16e4e2584f52170645290854fb21
Corn_(maize)___Common_rust_/RS_Rust 2253.JPG,Corn_(maize)___Common_rust_,1194,738abe061d5f3c24ddffef4847568dfff81072a13c89d98ff81c19cebc810836
Corn_(maize)___Common_rust_/RS_Rust 2254.JPG,Corn_(maize)___Common_rust_,1195,e169df59404ea9ba0eb27fc31899cd6edabaad2da7f1828f66d7d7344bdfc479
Corn_(maize)___Common_rust_/RS_Rust 2255.JPG,Corn_(maize)___Common_rust_,1196,ec0ec6e75e6a894c419b7aa14b80b67a78d08e89af5597234553d7fca0ceab50
Corn_(maize)___Common_rust_/RS_Rust 2256.JPG,Corn_(maize)___Common_rust_,1197,e2e5293fdc444a85cc8771466f16ca300b6247a38f489a920ab9ae05f5ac4349
Corn_(maize)___Common_rust_/RS_Rust 2257.JPG,Corn_(maize)___Common_rust_,1198,d5046156419bed89d6bc486e12e0d7d95b77224d3be8fad7844c39a3204067de
Corn_(maize)___Common_rust_/RS_Rust 2258.JPG,Corn_(maize)___Common_rust_,1199,344bf3c5a50003bd2c21dc4e769ae16325f5d36c0e13e41c3ff34e726e892f1b
Corn_(maize)___Common_rust_/RS_Rust 2259.JPG,Corn_(maize)___Common_rust_,1200,2fd9ad0b36927ec7b4c77e167f67879f7a4400d3d4895cbcd74e3c4f6b621b60
Corn_(maize)___Common_rust_/RS_Rust 2260.JPG,Corn_(maize)___Common_rust_,1201,b0bade48e1dba92df5ade1c7e0a51821cae676dcf3638837712850432324c336
Corn_(maize)___Common_rust_/RS_Rust 2261.JPG,Corn_(maize)___Common_rust_,1202,3d405f246594ac97af792b07ae31494474fe724aaac096e5c5ce327e01dd5ed9
Corn_(maize)___Common_rust_/RS_Rust 2262.JPG,Corn_(maize)___Common_rust_,1203,8313ea19d3d320b8adec0a4b1b90f3407646bfdd41e7c7484012110737ae5565
Corn_(maize)___Common_rust_/RS_Rust 2263.JPG,Corn_(maize)___Common_rust_,1204,2d316466c1e13e60cbc7208c930f09b72b4dbdaf9ad597a5cf387a3549fc4dfe
Corn_(maize)___Common_rust_/RS_Rust 2264.JPG,Corn_(maize)___Common_rust_,1205,cce87a1cd32ea758c6636a59ef4a289640d13d91eeaffd87e3d6e1fcdade77ba
Corn_(maize)___Common_rust_/RS_Rust 2265.JPG,Corn_(maize)___Common_rust_,1206,44faac00788d8e33b76da32ab0e905bdf21d4baf83c585575fa207fcebc6b721
Corn_(maize)___Common_rust_/RS_Rust 2266.JPG,Corn_(maize)___Common_rust_,1207,deac166bbca36463bf6f24432fd2d99bbb10fac298a373413c7e566f663c68e7
Corn_(maize)___Common_rust_/RS_Rust 2267.JPG,Corn_(maize)___Common_rust_,1208,6740b651af17d3baa36a2ec3e3e0f2cd1df6511cb3ba12d498a0bcffbfb074bc
Corn_(maize)___Common_rust_/RS_Rust 2268.JPG,Corn_(maize)___Common_rust_,1209,89a3063d9261c7b99778f5f2dd5680084485578b4c749119c01e0953a4006b37
Corn_(maize)___Common_rust_/RS_Rust 2269.JPG,Corn_(maize)___Common_rust_,1210,a2bf1a50ac55c0b90cee507cd7d2c200c1bd52cd8d923180df63f698a60c7e9c
Corn_(maize)___Common_rust_/RS_Rust 2270.JPG,Corn_(maize)___Common_rust_,1211,16388b4381c85e56fda0bff69d8d80ae952ed12b5802b54d0bab734493f351a1
Corn_(maize)___Common_rust_/RS_Rust 2271.JPG,Corn_(maize)___Common_rust_,1212,254ec021149910c6a028d0806f5a2d64228bfbce987162a98ce1671c079c79b0
Corn_(maize)___Common_rust_/RS_Rust 2272.JPG,Corn_(maize)___Common_rust_,1213,43834f80e466f5210f15a6b1d9054cc2af05d4a801f0fb5680da1f017cf89743
Corn_(maize)___Common_rust_/RS_Rust 2273.JPG,Corn_(maize)___Common_rust_,1214,a9081fabb2e1bca1b6328ee22858d58538fe6eb2a39acbba2ae0884c6ca3ff9c
Corn_(maize)___Common_rust_/RS_Rust 2274.JPG,Corn_(maize)___Common_rust_,1215,367b2b9570315c502e132eaefdff38ffed88b3b0d47b9f91b5cec078f9143ec5
Corn_(maize)___Common_rust_/RS_Rust 2275.JPG,Corn_(maize)___Common_rust_,1216,2ebc778899b14f8a83551ebde235b7b83ca61e46cec7b07a9d3e32f090146679
Corn_(maize)___Common_rust_/RS_Rust 2276.JPG,Corn_(maize)___Common_rust_,1217,c8d74e2b21483bb75a40748fe32b050080db73e3542121080a004491e98303f1
Corn_(maize)___Common_rust_/RS_Rust 2277.JPG,Corn_(maize)___Common_rust_,1218,ffe50cb327ad045cd9ff92b4e94dce95b5f60d617a7ef1734489e123c64136a6
Corn_(maize)___Common_rust_/RS_Rust 2278.JPG,Corn_(maize)___Common_rust_,1219,7d7ea70bf00fed1f054eec201e07c1364713f86ce1dc54000cd2013b290cab5b
Corn_(maize)___Common_rust_/RS_Rust 2279.JPG,Corn_(maize)___Common_rust_,1220,9a113171c9f0423cb069cd2f5da9cb4d14d54cd466c85b2f21483108282a2513
Corn_(maize)___Common_rust_/RS_Rust 2280.JPG,Corn_(maize)___Common_rust_,1221,8ff19f7bf66b51a59ca01bc1234719def97575c60c1dc361c9c4ec424c2fc1e4
Corn_(maize)___Common_rust_/RS_Rust 2281.JPG,Corn_(maize)___Common_rust_,1222,f499d8c268bca4d5e8f2b89e70651d88034555261703633488b26684d43ca2e7
Corn_(maize)___Common_rust_/RS_Rust 2282.JPG,Corn_(maize)___Common_rust_,1223,64f81241cf2fc6dd16c9bba1e7db6315a8f82bbb4cd0586bc16452ac701b2642
Corn_(maize)___Common_rust_/RS_Rust 2283.JPG,Corn_(maize)___Common_rust_,1224,61a82a2dad231f2be616fb1e2debf7024aed7df39bc02d88bff78132b4b3045f
Corn_(maize)___Common_rust_/RS_Rust 2284.JPG,Corn_(maize)___Common_rust_,1225,d6ae95c03b57a0857b5b544535cd50248b154e5bf78246e37dbbddbdcead4f58
Corn_(maize)___Common_rust_/RS_Rust 2285.JPG,Corn_(maize)___Common_rust_,1226,63219c1dc10937500f167e3d7d881a88c953d764a7ad7d28c722bf337856b52d
Corn_(maize)___Common_rust_/RS_Rust 2286.JPG,Corn_(maize)___Common_rust_,1227,a8dc372fbf774982c3242b9f1617b69e6098c31ba9d70dcecab8796a0d754b68
Corn_(maize)___Common_rust_/RS_Rust 2287.JPG,Corn_(maize)___Common_rust_,1228,88dc2caa6cb7572c2a6693c915e01767869b756d5ea2e1f9c1e79b8488481036
Corn_(maize)___Common_rust_/RS_Rust 2288.JPG,Corn_(maize)___Common_rust_,1229,98b400565061bab1b1950dc122a58e03ec00b1bfd21702a8717704e8b5c539f0
Corn_(maize)___Common_rust_/RS_Rust 2289.JPG,Corn_(maize)___Common_rust_,1230,9a55f3dfc9d69e60f4724fc5d6ecc7dfd7e4eb2c4011c664e122f8fae29724bf
Corn_(maize)___Common_rust_/RS_Rust 2290.JPG,Corn_(maize)___Common_rust_,1231,6d0d1e39f09ba7ab70cae2048916a48d398bc22490954d32d3a4b584272ddebb
Corn_(maize)___Common_rust_/RS_Rust 2291.JPG,Corn_(maize)___Common_rust_,1232,38139db9472aa64eb0fa819e9bcf0073318a07d57ce4851468fbf2b106f37816
Corn_(maize)___Common_rust_/RS_Rust 2292.JPG,Corn_(maize)___Common_rust_,1233,5db638a1849e42f66f3c62fcba700ad6d1fc62da1a2f735bf2b398110b8c2982
Corn_(maize)___Common_rust_/RS_Rust 2293.JPG,Corn_(maize)___Common_rust_,1234,9d93f5d4aa449e788c62b0760086a99462f022d61c790283002457d8352f2423
Corn_(maize)___Common_rust_/RS_Rust 2294.JPG,Corn_(maize)___Common_rust_,1235,4c5e49fd3f7800aaaa02f4fec7c094f25685346179d60158169a0f03da53d0e6
Corn_(maize)___Common_rust_/RS_Rust 2295.JPG,Corn_(maize)___Common_rust_,1236,9d89a76630e3384ebb84d7184cf045946a71907045caca7c6d8237b5af9e2865
Corn_(maize)___Common_rust_/RS_Rust 2296.JPG,Corn_(maize)___Common_rust_,1237,fe3eebfab0aabcc69ce6d9416811ee7dac82bc5454acb60d36ac30ea09233e63
Corn_(maize)___Common_rust_/RS_Rust 2297.JPG,Corn_(maize)___Common_rust_,1238,288ef09f6ac0da77741f22725601b856c0dfe3fddb98bb9f9f5fa2218c1b3138
Corn_(maize)___Common_rust_/RS_Rust 2298.JPG,Corn_(maize)___Common_rust_,1239,d9eeac9b545864004b03c36348ccf8c0f5859e0159e861258e955f24480591a0
Corn_(maize)___Common_rust_/RS_Rust 2299.JPG,Corn_(maize)___Common_rust_,1240,a6c942ab25e4695d4917d6236804498353bc3d3e2328d0775f3c31f12158c92c
Corn_(maize)___Common_rust_/RS_Rust 2300.JPG,Corn_(maize)___Common_rust_,1241,e2e21a1ef095cca69e48d622fa2fc9f7a396c65d706bb1240082a1502a5ef68f
Corn_(maize)___Common_rust_/RS_Rust 2301.JPG,Corn_(maize)___Common_rust_,1242,ba8659eb104889573a0fdbcaf032672d32f6ecfc04d5d9cd91b1a1384d33afdd
Corn_(maize)___Common_rust_/RS_Rust 2302.JPG,Corn_(maize)___Common_rust_,1243,e7418bd4d455259d095fed29a94772bdf318611374f98e70b56eadd59a2691af
Corn_(maize)___Common_rust_/RS_Rust 2303.JPG,Corn_(maize)___Common_rust_,1244,3d65c804d7fccc031234bf5d522351e03a741c036355c4728bbbe73fc3be4a4f
Corn_(maize)___Common_rust_/RS_Rust 2304.JPG,Corn_(maize)___Common_rust_,1245,5a10723609ef8a6aa14871d6b44f7cf3ae50ddc225fe88e6f1436bb3f51e1d2c
Corn_(maize)___Common_rust_/RS_Rust 2305.JPG,Corn_(maize)___Common_rust_,1246,4ec17126d3f751e93349d8a7a38a33fa11a3382e19cad6dd7eeaa1237053a901
Corn_(maize)___Common_rust_/RS_Rust 2306.JPG,Corn_(maize)___Common_rust_,1247,b937a952fbe591919f83427f4998be223636cad7275b33bfe952d7c133d5a375
Corn_(maize)___Common_rust_/RS_Rust 2307.JPG,Corn_(maize)___Common_rust_,1248,43d611757cb09406d7ecd6f02073d01b744d758dc1b9dc219a63c34c9980e13c
Corn_(maize)___Common_rust_/RS_Rust 2308.JPG,Corn_(maize)___Common_rust_,1249,b8460106aaa393a43c5b5f40f78addc0a7b248868b37cc05295c55fa149cf31b
Corn_(maize)___Common_rust_/RS_Rust 2309.JPG,Corn_(maize)___Common_rust_,1250,789ffaa2f38de7b3fd85cc3aa89437998717a7f167c08a5571c1c153f561432c
Corn_(maize)___Common_rust_/RS_Rust 2310.JPG,Corn_(maize)___Common_rust_,1251,9de74a3eb7252b79de924b0455ac88eeb1b4fd1972d5758e40449bc2e7cf64b5
Corn_(maize)___Common_rust_/RS_Rust 2311.JPG,Corn_(maize)___Common_rust_,1252,6b5e2ee42a416bc2af0b8a3a85d8168e6da5e43f4ee7c2971915705fe7fd7fa5
Corn_(maize)___Common_rust_/RS_Rust 2312.JPG,Corn_(maize)___Common_rust_,1253,47f237571ba5da1be0d5cb72e3c95a7a0a7bcd3d15f8a3120b7c6401be6d274d
Corn_(maize)___Common_rust_/RS_Rust 2313.JPG,Corn_(maize)___Common_rust_,1254,8c940150a1dd8c578d44b489f2814ad90d4a4aa40d9a0eb41050eba51d09e24a
Corn_(maize)___Common_rust_/RS_Rust 2314.JPG,Corn_(maize)___Common_rust_,1255,e32b76951b59fa18eff69e677aab7ebe1ec1766071f0c96ca2694baaa9b19a4d
Corn_(maize)___Common_rust_/RS_Rust 2315.JPG,Corn_(maize)___Common_rust_,1256,fcd847faf987b1c72586ce597bd1d02d7703d07c76a7de411abf1f36f234a555
Corn_(maize)___Common_rust_/RS_Rust 2316.JPG,Corn_(maize)___Common_rust_,1257,c5e6525392863a5453ca289599cfaa24b5c576ea6a2ef1588c88ae06eda2946a
Corn_(maize)___Common_rust_/RS_Rust 2317.JPG,Corn_(maize)___Common_rust_,1258,d59fca02546fe844ba930d996e38e747f38849dd9020207cd1789b87d4336788
Corn_(maize)___Common_rust_/RS_Rust 2318.JPG,Corn_(maize)___Common_rust_,1259,5b98c03f31823d01bd57617a57ba9854b7ee8a7d93c27050c8b292f9d552c8c5
Corn_(maize)___Common_rust_/RS_Rust 2319.JPG,Corn_(maize)___Common_rust_,1260,c372f8841c1006f6b3c71ae2a5605feb804a9039439368c85bf44e403e526bf9
Corn_(maize)___Common_rust_/RS_Rust 2320.JPG,Corn_(maize)___Common_rust_,1261,6e6f096b5be46bbe56563860d81806d79647298ac63734056cc7e5d4433933ce
Corn_(maize)___Common_rust_/RS_Rust 2321.JPG,Corn_(maize)___Common_rust_,1262,b7b2a9e4e6f10c200202ffba774ae802ccd9de7d15e5c98bd0cc12a4a315e29d
Corn_(maize)___Common_rust_/RS_Rust 2322.JPG,Corn_(maize)___Common_rust_,1263,737c1286115a8346e7faa30977d1518bf87e333d1d36c06a8c57a70e54763376
Corn_(maize)___Common_rust_/RS_Rust 2323.JPG,Corn_(maize)___Common_rust_,1264,793208736b7ff0ee154a707c0e4aa60d1edd3fabc32c56714da6c5bdd23c4af9
Corn_(maize)___Common_rust_/RS_Rust 2324.JPG,Corn_(maize)___Common_rust_,1265,d7064c1be0f4e62d8b285bfd6806c5bc2255d52a636989d0a51ee0944f93c98b
Corn_(maize)___Common_rust_/RS_Rust 2325.JPG,Corn_(maize)___Common_rust_,1266,35726f969180be54d98211e58a5ebdb1532a57b4c742ed4ca4f4cee0ec1dee7a
Corn_(maize)___Common_rust_/RS_Rust 2326.JPG,Corn_(maize)___Common_rust_,1267,ce06270bae15dfafc32f6670fd9519dbb0c5a88da8ebcb6c16fba0aafd590245
Corn_(maize)___Common_rust_/RS_Rust 2327.JPG,Corn_(maize)___Common_rust_,1268,d9051ffe47f048f7e60980a67e9dc6779553fc86ea4ec77812d0863993f6a995
Corn_(maize)___Common_rust_/RS_Rust 2328.JPG,Corn_(maize)___Common_rust_,1269,53d96a38cf3d8120e5e13b96eba3207f569cceca9df720a782b172e3ada01169
Corn_(maize)___Common_rust_/RS_Rust 2329.JPG,Corn_(maize)___Common_rust_,1270,a1b038fa319cc75a9e44f3227a2c8dc96bdd616f33207192a1a6ac1d7d89f34b
Corn_(maize)___Common_rust_/RS_Rust 2330.JPG,Corn_(maize)___Common_rust_,1271,a2c726db90ed580b3e2ad0a255ca00d76b15625c5ad6cf2f05469f892ac9f0fa
Corn_(maize)___Common_rust_/RS_Rust 2331.JPG,Corn_(maize)___Common_rust_,1272,4e1f2c90d6590c163fbd8183c57c7413bf3b128f8cfa6810d822f0011e69d14a
Corn_(maize)___Common_rust_/RS_Rust 2332.JPG,Corn_(maize)___Common_rust_,1273,1257b890ddab90d0866f02ec521f3535a7463174cc09b6b72ad9d7c9d7b25256
Corn_(maize)___Common_rust_/RS_Rust 2333.JPG,Corn_(maize)___Common_rust_,1274,c162e2e61efb8b0a74ab2f3872be8a5d93eec55fb40c39c768b024a5d60e0fa0
Corn_(maize)___Common_rust_/RS_Rust 2335.JPG,Corn_(maize)___Common_rust_,1275,f1570325fa8b60e9984917ec0380d227664b01ab884ba7cecd3ccae8839e1c5b
Corn_(maize)___Common_rust_/RS_Rust 2336.JPG,Corn_(maize)___Common_rust_,1276,434a556ba2529396a699b1def343a3b16233f6f3904f330bf67a3d91c053cc88
Corn_(maize)___Common_rust_/RS_Rust 2337.JPG,Corn_(maize)___Common_rust_,1277,876392c9ceb58e2b9e66c75095abbd2a9ce735c33dd4807c8d9cde46b3e60397
Corn_(maize)___Common_rust_/RS_Rust 2338.JPG,Corn_(maize)___Common_rust_,1278,8dd29cf472dafbfcbad04f240c952c95cbff8e2911dd87178e6d4890894ebf4e
Corn_(maize)___Common_rust_/RS_Rust 2339.JPG,Corn_(maize)___Common_rust_,1279,e5728e1816cec15e929e976d692736f91b1f0575c4cd6de8428e8eaae496245a
Corn_(maize)___Common_rust_/RS_Rust 2340.JPG,Corn_(maize)___Common_rust_,1280,552184e840dcb864b946c05a9a8af66ef98d5d9c433370314656237ad2eb1427
Corn_(maize)___Common_rust_/RS_Rust 2341.JPG,Corn_(maize)___Common_rust_,1281,cf92f762c693d100395810e1edffa51160c8fbb02315a90a095778c7c5afc2c3
Corn_(maize)___Common_rust_/RS_Rust 2342.JPG,Corn_(maize)___Common_rust_,1282,cd4b38d61bd8cea7ee17e269ab82eba71f5ce9a334a51c404febd8af2a988ab2
Corn_(maize)___Common_rust_/RS_Rust 2343.JPG,Corn_(maize)___Common_rust_,1283,3764fa52064a221f5397d509f250416a1672e37245eb2a4eedb398aae9840983
Corn_(maize)___Common_rust_/RS_Rust 2344.JPG,Corn_(maize)___Common_rust_,1284,75c4031eec25cfa3298e29895b9a1440f49df6abbf7ab4bd865d8ae6476ea125
Corn_(maize)___Common_rust_/RS_Rust 2345.JPG,Corn_(maize)___Common_rust_,1285,7c227e5c82d5a101700a0451903fdc0640b92119dbc38a2f362c59096fbb61ea
Corn_(maize)___Common_rust_/RS_Rust 2346.JPG,Corn_(maize)___Common_rust_,1286,491b3c677f748294cc89874382d61c36c54393facde52d83f87aa568d1854ef6
Corn_(maize)___Common_rust_/RS_Rust 2347.JPG,Corn_(maize)___Common_rust_,1287,4283bfeb02511b6268792e230ecacf37a08cd0d19ca22d14c6bc975277eb5d9e
Corn_(maize)___Common_rust_/RS_Rust 2348.JPG,Corn_(maize)___Common_rust_,1288,6dc523e3b174f90f6ca5a44ce16c1a3b1bf0304d950330b03a791f64e30156c7
Corn_(maize)___Common_rust_/RS_Rust 2349.JPG,Corn_(maize)___Common_rust_,1289,1f6fbcdc7b5a06e2df0b698179111ee37fa706a6c02de67d49377b148642c757
Corn_(maize)___Common_rust_/RS_Rust 2350.JPG,Corn_(maize)___Common_rust_,1290,8b972c6532f01236e81c34fc848d221b0c87eee78663fe9b8107108c49a943b0
Corn_(maize)___Common_rust_/RS_Rust 2351.JPG,Corn_(maize)___Common_rust_,1291,9909f16192c0d389fa3d8fe0d4b9f8d3f6cd890000b181e7ce5acdc331face64
Corn_(maize)___Common_rust_/RS_Rust 2352.JPG,Corn_(maize)___Common_rust_,1292,c7a2ebadc5f5ddda1e814399666b0a1a5f3b1dbff72fc603432b48b44f28609f
Corn_(maize)___Common_rust_/RS_Rust 2353.JPG,Corn_(maize)___Common_rust_,1293,fee65bb9e5f18c8f5fb8d2db50fd9adf06926c9839f36077270f3f00932c07a4
Corn_(maize)___Common_rust_/RS_Rust 2354.JPG,Corn_(maize)___Common_rust_,1294,1acb6caf923895d1b7986c8160beae2d6c7324a2768e18c65192bb478428dda9
Corn_(maize)___Common_rust_/RS_Rust 2355.JPG,Corn_(maize)___Common_rust_,1295,7640c2d1fe4264e6da416a7cfb5e6a482cf8927d1167f941a190168dd8799026
Corn_(maize)___Common_rust_/RS_Rust 2356.JPG,Corn_(maize)___Common_rust_,1296,53eae602861cd645b46a0cc20ee5cd722186ea42d2af2ee1a7dca113e35ec63e
Corn_(maize)___Common_rust_/RS_Rust 2357.JPG,Corn_(maize)___Common_rust_,1297,40fb9e258370da746206e67a670487bf8f0a3c874db5de733edc63900e935af6
Corn_(maize)___Common_rust_/RS_Rust 2358.JPG,Corn_(maize)___Common_rust_,1298,b3da369d604332a40858dc0bacd97e5055c589f68541a2bea79990286c44885d
Corn_(maize)___Common_rust_/RS_Rust 2359.JPG,Corn_(maize)___Common_rust_,1299,f64a6f718070b660e068c1b644db3c7cfcd208468c5499b27de9dbc62e647724
Corn_(maize)___Common_rust_/RS_Rust 2360.JPG,Corn_(maize)___Common_rust_,1300,1e08f7433eeca349b3043d40087660139fef640d98f80a2d7c90a967b6dced63
Corn_(maize)___Common_rust_/RS_Rust 2361.JPG,Corn_(maize)___Common_rust_,1301,167b02a326c12e23d3c87cf23dbe2ce17a22f0c263114a8d537d7510ee9003e0
Corn_(maize)___Common_rust_/RS_Rust 2362.JPG,Corn_(maize)___Common_rust_,1302,a8ea8fa402650df445143b8d57a844d517eb688bcbd9f3a66cc6d85e551f18c1
Corn_(maize)___Common_rust_/RS_Rust 2363.JPG,Corn_(maize)___Common_rust_,1303,566066bc5716e425eb492f0ba04917e6f4a40e0a61096e66c86c5717589bf889
Corn_(maize)___Common_rust_/RS_Rust 2364.JPG,Corn_(maize)___Common_rust_,1304,6710af969d7f0297d3d34af7069ccaee560c4f29ad139aa94bbdcf2329ed84c4
Corn_(maize)___Common_rust_/RS_Rust 2365.JPG,Corn_(maize)___Common_rust_,1305,95dee81bcfa07f59c5fcf525f25882395c7a56b001f7894fffba5b9642f4825d
Corn_(maize)___Common_rust_/RS_Rust 2366.JPG,Corn_(maize)___Common_rust_,1306,2480a5360a935eb5762ade07a28ab7256eb893c15baae309fa9a9b591947f2f1
Corn_(maize)___Common_rust_/RS_Rust 2367.JPG,Corn_(maize)___Common_rust_,1307,e23af4907a8444ba40ef5efe72ccc7230a20350671787180b2c17b0ae418ac4f
Corn_(maize)___Common_rust_/RS_Rust 2368.JPG,Corn_(maize)___Common_rust_,1308,851cb2b1ab22fb2998427cbf64fc9cf4e1907ab46b2ebda7756fa004eef3ba64
Corn_(maize)___Common_rust_/RS_Rust 2369.JPG,Corn_(maize)___Common_rust_,1309,554c3df8b65f338893add8cff6e5c6f01c8f13bb09173a8870ee4b5cea2a6673
Corn_(maize)___Common_rust_/RS_Rust 2370.JPG,Corn_(maize)___Common_rust_,1310,dd4dff48036714835103067a3b16fca4ae1d5541079e9e1ffffa686fee2be2de
Corn_(maize)___Common_rust_/RS_Rust 2371.JPG,Corn_(maize)___Common_rust_,1311,b4fad6643b30842fbed8d1b195d07dd5eb8e72213bea458626d0b1bcd4ab3d2f
Corn_(maize)___Common_rust_/RS_Rust 2372.JPG,Corn_(maize)___Common_rust_,1312,8708e34896082d3afe9e3838bccf187f3ecb9ca422fa1757df1248ba3c7cf2ac
Corn_(maize)___Common_rust_/RS_Rust 2373.JPG,Corn_(maize)___Common_rust_,1313,0e3b73209751908f9aad5a54233719e81356527548eb2aec79a88025de48aee1
Corn_(maize)___Common_rust_/RS_Rust 2374.JPG,Corn_(maize)___Common_rust_,1314,016acd6b0b1d8013b43efa29b7fc3d3c24f81969058dfc606dba8c4aaa116c46
Corn_(maize)___Common_rust_/RS_Rust 2375.JPG,Corn_(maize)___Common_rust_,1315,a02e7a764985bfed898e3d462a3236b6aaf4c361198c6a69624795317926b0f2
Corn_(maize)___Common_rust_/RS_Rust 2376.JPG,Corn_(maize)___Common_rust_,1316,f00d6f64077cb8e923c9ae35e64ebb6fb516341c9a65e66660a2226c4630a5f6
Corn_(maize)___Common_rust_/RS_Rust 2377.JPG,Corn_(maize)___Common_rust_,1317,f831507dcc1f6f4e136cf5571b0531353191417d7ae1feba8ccd6fa0313b5857
Corn_(maize)___Common_rust_/RS_Rust 2378.JPG,Corn_(maize)___Common_rust_,1318,9b2b239970d2afc8bc51afd89e55793202f2a4e5f79f109d068d99787b317122
Corn_(maize)___Common_rust_/RS_Rust 2379.JPG,Corn_(maize)___Common_rust_,1319,b292167c8ac650582e86f78b41e8e7130b6a43f098c01cd9d34808c302347981
Corn_(maize)___Common_rust_/RS_Rust 2380.JPG,Corn_(maize)___Common_rust_,1320,370d4eac7229d93666459099615b244993a9eef6c01cdf229343cf8fa7a2b75c
Corn_(maize)___Common_rust_/RS_Rust 2381.JPG,Corn_(maize)___Common_rust_,1321,67eaeb7cb37d19cb5534654b0d3f504f99e49620a44af1f3b9969539f772cef8
Corn_(maize)___Common_rust_/RS_Rust 2382.JPG,Corn_(maize)___Common_rust_,1322,91587f796e55e412e8eb457df1d9188d42cc2ac51619b44b6fe4eff066d8a572
Corn_(maize)___Common_rust_/RS_Rust 2383.JPG,Corn_(maize)___Common_rust_,1323,6dbdd896c49961fb3dd3dc34ed6a94e2c1805fd71ad0f719c6979155b5b07225
Corn_(maize)___Common_rust_/RS_Rust 2384.JPG,Corn_(maize)___Common_rust_,1324,99c0a406953bdeca7138730e2cc5043b75989b044ee2133c721931e98b9799f1
Corn_(maize)___Common_rust_/RS_Rust 2385.JPG,Corn_(maize)___Common_rust_,1325,02dd2dc033ee3e6964548fbed00f6b8fd35d1661f1dac32546e5ed4a2812b32c
Corn_(maize)___Common_rust_/RS_Rust 2386.JPG,Corn_(maize)___Common_rust_,1326,51a5706890836439e3b1eed6d53757d682dcef6a8cb3ccbccf6d459d3c2b990d
Corn_(maize)___Common_rust_/RS_Rust 2389.JPG,Corn_(maize)___Common_rust_,1327,bf5c1b38ce466cbcfedbe1606c71a48a9106462aca15f81ad464bba1b63daa6d
Corn_(maize)___Common_rust_/RS_Rust 2390.JPG,Corn_(maize)___Common_rust_,1328,03e630267703b8483ecd74010d76b0d73bd3caa470e9edb111bed4fff4fc2da4
Corn_(maize)___Common_rust_/RS_Rust 2391.JPG,Corn_(maize)___Common_rust_,1329,d1d80ae04e15183f39492f51ac90aee2907ee298fca509ee5251e7e6e985540a
Corn_(maize)___Common_rust_/RS_Rust 2392.JPG,Corn_(maize)___Common_rust_,1330,a66249ecc168194081c1dd9fb926a883e23fb4c1835ea15d9c5d9c2863db20f9
Corn_(maize)___Common_rust_/RS_Rust 2393.JPG,Corn_(maize)___Common_rust_,1331,aec8e6f262f8194bb3bf7b319eb4cc8630dac8725dc8402ec90ca7eba53d2064
Corn_(maize)___Common_rust_/RS_Rust 2394.JPG,Corn_(maize)___Common_rust_,1332,67f271291f4d91f4cb81004ae83ff18f56c326741fda835a1d9a1a7a88aa03fe
Corn_(maize)___Common_rust_/RS_Rust 2395.JPG,Corn_(maize)___Common_rust_,1333,57bb1c8ca20176e367a38bd976fb475f1db2aa04d83ca8f8f1fdf699adedcb01
Corn_(maize)___Common_rust_/RS_Rust 2396.JPG,Corn_(maize)___Common_rust_,1334,d20a60f4c976adf9743296e5e62ea8417d023e2f855a3729ed2b24acab4383f3
Corn_(maize)___Common_rust_/RS_Rust 2398.JPG,Corn_(maize)___Common_rust_,1335,1300357bfe2da064ec3b99da731fe46319f69e8f5c351875121b3e57cce57c84
Corn_(maize)___Common_rust_/RS_Rust 2399.JPG,Corn_(maize)___Common_rust_,1336,c003d1a52d489da589e9101f1ed1fa0b0820cca9e106182a7bda36233031b364
Corn_(maize)___Common_rust_/RS_Rust 2400.JPG,Corn_(maize)___Common_rust_,1337,fc16cf3998992c826e3bd2aceaccf4836599f8cc1cd03827dddd5f29b2500a50
Corn_(maize)___Common_rust_/RS_Rust 2401.JPG,Corn_(maize)___Common_rust_,1338,b02a0db0705ac33709e42663341a99eba4488036b4f18407cb5508a2f95044ea
Corn_(maize)___Common_rust_/RS_Rust 2402.JPG,Corn_(maize)___Common_rust_,1339,d43b176834d78570f634788f781e39d4bc005ea04521fafb099db69d4f692e84
Corn_(maize)___Common_rust_/RS_Rust 2403.JPG,Corn_(maize)___Common_rust_,1340,aa040ed737a8d7196a3f0a1072fb08ac1088623785a17f10376afb26f81e2a56
Corn_(maize)___Common_rust_/RS_Rust 2404.JPG,Corn_(maize)___Common_rust_,1341,5eff0595edd0ff776b1792489d9d6338831caeca8b6a3e7861ab8bb4ba83f888
Corn_(maize)___Common_rust_/RS_Rust 2405.JPG,Corn_(maize)___Common_rust_,1342,46d0351ad3fdd85fb016731332edcdc0101a53a2f9d1678288db98c8fdca1e47
Corn_(maize)___Common_rust_/RS_Rust 2406.JPG,Corn_(maize)___Common_rust_,1343,bf53b8a8d75c70bf99656f609304727accd821c9d1d57eef9b01d40e47dfb825
Corn_(maize)___Common_rust_/RS_Rust 2407.JPG,Corn_(maize)___Common_rust_,1344,9f28fc72844a65845a7a024608146f3f12559a334fda82c53f3828841e5abcee
Corn_(maize)___Common_rust_/RS_Rust 2408.JPG,Corn_(maize)___Common_rust_,1345,0caf8fafa688d5e708ab671df454480bd7bbc8ffded66f3b158d403ac0859968
Corn_(maize)___Common_rust_/RS_Rust 2409.JPG,Corn_(maize)___Common_rust_,1346,ba3d63f55fde30d038ec3b088e504d7649f4b185bd49b6b20917948a739abf5d
Corn_(maize)___Common_rust_/RS_Rust 2410.JPG,Corn_(maize)___Common_rust_,1347,87ef98fc57894f8ece5e720efaf1593495a65b60c045617353f7c93e4b5f2e29
Corn_(maize)___Common_rust_/RS_Rust 2411.JPG,Corn_(maize)___Common_rust_,1348,8d9075060bc58d4d45540375a591df0519bdf52ad2549d8de60a67ac1caf3638
Corn_(maize)___Common_rust_/RS_Rust 2412.JPG,Corn_(maize)___Common_rust_,1349,9131e06f624b83dc01cc28378eefa952d09271ddb46fcabfa90e3465dcb850fd
Corn_(maize)___Common_rust_/RS_Rust 2413.JPG,Corn_(maize)___Common_rust_,1350,e128f4e474c8343adc32a43173718fac852c4ce26b92ff2eb711b098b1489651
Corn_(maize)___Common_rust_/RS_Rust 2414.JPG,Corn_(maize)___Common_rust_,1351,438ff7078f31fc54e410ac6965b4da9b0d13f37ce0aaccc3b8d28b5865903ba5
Corn_(maize)___Common_rust_/RS_Rust 2415.JPG,Corn_(maize)___Common_rust_,1352,21aabfd2104908ea3497baa65c4f3c06fe36f5de22e0c62367d5900cda8b3508
Corn_(maize)___Common_rust_/RS_Rust 2416.JPG,Corn_(maize)___Common_rust_,1353,643c32a3273adfd6a249d8d5a99436d60e1154bcd95018c5686f989003cdd803
Corn_(maize)___Common_rust_/RS_Rust 2417.JPG,Corn_(maize)___Common_rust_,1354,66510e83841f6e0b2ad86c208af6b47421cd239ed645dc7f93ecfd0d70d9d1fc
Corn_(maize)___Common_rust_/RS_Rust 2418.JPG,Corn_(maize)___Common_rust_,1355,71fbeec16565d7cbc02983ac64ef38b9ebba540792f1011c2c7407c3f5b86439
Corn_(maize)___Common_rust_/RS_Rust 2419.JPG,Corn_(maize)___Common_rust_,1356,a0aa23a9e4b2d5c5ea88e8b5f62a4586facf84b5eeb4d1647761f15086a311dc
Corn_(maize)___Common_rust_/RS_Rust 2420.JPG,Corn_(maize)___Common_rust_,1357,bfade0493c68f2662633666d2e9174c0347822d99cbab17e59f52e0194d9332f
Corn_(maize)___Common_rust_/RS_Rust 2421.JPG,Corn_(maize)___Common_rust_,1358,87f310d67ddca2db6579e67c58efa26da8c1937a8734f19d94e21acb1ee305e6
Corn_(maize)___Common_rust_/RS_Rust 2422.JPG,Corn_(maize)___Common_rust_,1359,13edd44a576e435d417040d22a623f49db10bdde968db539802e7b57968c40d0
Corn_(maize)___Common_rust_/RS_Rust 2423.JPG,Corn_(maize)___Common_rust_,1360,5978589b28d44bd8daa5f2f952a3d2ed2ae75afd83a74a538e371ef3ab22b1cb
Corn_(maize)___Common_rust_/RS_Rust 2424.JPG,Corn_(maize)___Common_rust_,1361,6337f1a703a06fc7e8567bc080b87dafc3bc176fb8fc3a646968e6e87a30b4fa
Corn_(maize)___Common_rust_/RS_Rust 2425.JPG,Corn_(maize)___Common_rust_,1362,2a403960357176bf479e8730d1d943dfb860d4811ec8212f454ce1009954395f
Corn_(maize)___Common_rust_/RS_Rust 2426.JPG,Corn_(maize)___Common_rust_,1363,47cf7af19550f4fa1afc57125aab3267165d241d77fa4ff62bae11201f044615
Corn_(maize)___Common_rust_/RS_Rust 2427.JPG,Corn_(maize)___Common_rust_,1364,b6b5be653c2286322d70cd53ed5efd178f91732bbe0ac1c1e58657f7acdb13ff
Corn_(maize)___Common_rust_/RS_Rust 2428.JPG,Corn_(maize)___Common_rust_,1365,a2574b615ff9f83e23865c1dfe621db8ffd289c7c7d0828e4dd01e66b12d7b22
Corn_(maize)___Common_rust_/RS_Rust 2429.JPG,Corn_(maize)___Common_rust_,1366,78eddc00fa90066704a7f8d83eb59957d958ee90b2249acd8ec3a90915635147
Corn_(maize)___Common_rust_/RS_Rust 2430.JPG,Corn_(maize)___Common_rust_,1367,d5cda42a9980b321bc18a300620183c2e8c378226ea90b1b028483ebf80485c8
Corn_(maize)___Common_rust_/RS_Rust 2431.JPG,Corn_(maize)___Common_rust_,1368,b7aaf95a9b9bf81d5ec66c952c532b9cd6fb1e99a003926a4371016f0c0563bc
Corn_(maize)___Common_rust_/RS_Rust 2432.JPG,Corn_(maize)___Common_rust_,1369,6963868208fe325003d47b59594ebde132d42b5b726b0f151812eaed7d36832b
Corn_(maize)___Common_rust_/RS_Rust 2433.JPG,Corn_(maize)___Common_rust_,1370,873899142bee481118f76ff867c82933a4b321afc3f7a2800ee8edbc8f8af74a
Corn_(maize)___Common_rust_/RS_Rust 2434.JPG,Corn_(maize)___Common_rust_,1371,aa0faada65afc82bd58104c6020e1fe31e42669cd8b038101968a95ac0a31c2a
Corn_(maize)___Common_rust_/RS_Rust 2435.JPG,Corn_(maize)___Common_rust_,1372,511ff500a858b2a8ccf8182ac143962fff062312166aba4a2191f077041fd212
Corn_(maize)___Common_rust_/RS_Rust 2436.JPG,Corn_(maize)___Common_rust_,1373,99f6c7e36eaa65eb0ab8a55ec18b0dc07cf15acb98926c9cbc6a0d6b485777d8
Corn_(maize)___Common_rust_/RS_Rust 2437.JPG,Corn_(maize)___Common_rust_,1374,347fd8133f0551662399b5a6ba68662ba5cb980d6d7fe4f4b331f12f8601ce6a
Corn_(maize)___Common_rust_/RS_Rust 2438.JPG,Corn_(maize)___Common_rust_,1375,b490c5021cca347e683d38f205710d83815211a832afa79df3e4be42cfc4be73
Corn_(maize)___Common_rust_/RS_Rust 2439.JPG,Corn_(maize)___Common_rust_,1376,f1d20a85c0a81ea0a5b080b6617cd3efc524cba547a3506d324ea2abee195fe8
Corn_(maize)___Common_rust_/RS_Rust 2440.JPG,Corn_(maize)___Common_rust_,1377,e6e92577e0f9500644fe915894bf40d2f703c25c058a5ac44fb7c325d304134f
Corn_(maize)___Common_rust_/RS_Rust 2441.JPG,Corn_(maize)___Common_rust_,1378,42de3fe1234f8de3cc5f655e4a9cd079b3fae9ce16be178a1282f65136d05e51
Corn_(maize)___Common_rust_/RS_Rust 2442.JPG,Corn_(maize)___Common_rust_,1379,61b7f2f43d7cdb7690a6764ad4a3a91febb65cc2120a67082a56c40189129c62
Corn_(maize)___Common_rust_/RS_Rust 2443.JPG,Corn_(maize)___Common_rust_,1380,85dd8ae5efeab89319262d50e8b3c0fd65cc51d6def70ae82304c6593b6b92ca
Corn_(maize)___Common_rust_/RS_Rust 2445.JPG,Corn_(maize)___Common_rust_,1381,49999a258c0757fc5fc16d1df1a47bd226e24f0c5b9a9c28485efdff0ac428de
Corn_(maize)___Common_rust_/RS_Rust 2446.JPG,Corn_(maize)___Common_rust_,1382,64902ff435f426c9e2bc7481f701a882c33c86924ad2192d7209cb514f9f9cde
Corn_(maize)___Common_rust_/RS_Rust 2447.JPG,Corn_(maize)___Common_rust_,1383,9eb30a1e3b6f3a207c32fdb7d08918af5ef14040ffc6efa5568e7ba57b260504
Corn_(maize)___Common_rust_/RS_Rust 2448.JPG,Corn_(maize)___Common_rust_,1384,a77af5043cabf893fb711cfe2ba95b1ecbe2ad77282e8de149d982356a33954d
Corn_(maize)___Common_rust_/RS_Rust 2449.JPG,Corn_(maize)___Common_rust_,1385,0670b1fa13ec8779f2129dfdfcfffc669b83ff4ff34c1a7810df3386e825b663
Corn_(maize)___Common_rust_/RS_Rust 2450.JPG,Corn_(maize)___Common_rust_,1386,67f85ed687f78f4af6752497e5d8ee5afa146eb7fdf393b8775ee0fe77974401
Corn_(maize)___Common_rust_/RS_Rust 2451.JPG,Corn_(maize)___Common_rust_,1387,23f914729e9e3705e0e9844cdad21a32b1b5fffbb1fdc44441c123718eb8d32d
Corn_(maize)___Common_rust_/RS_Rust 2452.JPG,Corn_(maize)___Common_rust_,1388,0bee2f0ea8d105da53343b78c65d182278332a4a8ab31ef1723379799e0b4924
Corn_(maize)___Common_rust_/RS_Rust 2453.JPG,Corn_(maize)___Common_rust_,1389,38af349370de33f5a620993b846a966d024a867ce34748f0c5dcd32587d39acd
Corn_(maize)___Common_rust_/RS_Rust 2454.JPG,Corn_(maize)___Common_rust_,1390,7859f265cc17a3d12acc8a601e0cf57f67dd4ce916a5a7bcb7f407ac7727bbc0
Corn_(maize)___Common_rust_/RS_Rust 2455.JPG,Corn_(maize)___Common_rust_,1391,95d6d1f954dbb5570c54f51d3bfa2538a91589038b71eb38477d3d51b3a82379
Corn_(maize)___Common_rust_/RS_Rust 2456.JPG,Corn_(maize)___Common_rust_,1392,29312940bdd7467dcac33d5d79991842c0b3928b4ccf5e1b697bca9b0028b349
Corn_(maize)___Common_rust_/RS_Rust 2457.JPG,Corn_(maize)___Common_rust_,1393,42d3ccb9f4e3de13718ed0ec6209f2a38bcb8558237390ad64071fbb05b9b667
Corn_(maize)___Common_rust_/RS_Rust 2458.JPG,Corn_(maize)___Common_rust_,1394,38fc685cefc7f3f3e3a6b233d1f8455d7cc3bb0cdae821e18166792049a43ba4
Corn_(maize)___Common_rust_/RS_Rust 2459.JPG,Corn_(maize)___Common_rust_,1395,6dbff3ee01befd48eaebea09471b415a6a5ce817b0527450a04bbd59df35db53
Corn_(maize)___Common_rust_/RS_Rust 2460.JPG,Corn_(maize)___Common_rust_,1396,cddb33d621abdf514aa8b989731f421a4d73c24a5fed9c75eee1d4478d5e60a9
Corn_(maize)___Common_rust_/RS_Rust 2461.JPG,Corn_(maize)___Common_rust_,1397,5ad1d4ecea30284d73c5df0b7e91d2d4137d08815af050d52f7496df2b703784
Corn_(maize)___Common_rust_/RS_Rust 2462.JPG,Corn_(maize)___Common_rust_,1398,dd965c9809d0819e083585190b76d094c654ee6bbc21f380455c37d552b31526
Corn_(maize)___Common_rust_/RS_Rust 2463.JPG,Corn_(maize)___Common_rust_,1399,352b633d21319c77aa80dc6381f30d30ee739940b2c793f4a7268a311cfd9c2a
Corn_(maize)___Common_rust_/RS_Rust 2464.JPG,Corn_(maize)___Common_rust_,1400,e832e6c2ce72520e784ec19cd4d815f3f23a585d366d571ebd136c57226f4865
Corn_(maize)___Common_rust_/RS_Rust 2465.JPG,Corn_(maize)___Common_rust_,1401,a09d6cddddf02983d8ef3d016e86e2bfc9fc33643b43fe0a44e838bece787861
Corn_(maize)___Common_rust_/RS_Rust 2466.JPG,Corn_(maize)___Common_rust_,1402,eef8c995d86aa783cee4700be95e98603ccfe16c741f9ab91503ae51b894492a
Corn_(maize)___Common_rust_/RS_Rust 2467.JPG,Corn_(maize)___Common_rust_,1403,ace07401349ffb10402b759aab9c82073662cf813af22fddc1d7a4947313ce43
Corn_(maize)___Common_rust_/RS_Rust 2468.JPG,Corn_(maize)___Common_rust_,1404,e870e9cecacb7ea1afcb99cba204f0c7a89dd1c56eca93904615540aadda5f28
Corn_(maize)___Common_rust_/RS_Rust 2469.JPG,Corn_(maize)___Common_rust_,1405,78749d270e64ced0f66a59b6e3df7323470312c68dc81d73768bc2c1531ef28a
Corn_(maize)___Common_rust_/RS_Rust 2470.JPG,Corn_(maize)___Common_rust_,1406,fc1c7fc40c70e5283a317201b795b2f22fd84770033b4fb06af43dfc6bfa7d8a
Corn_(maize)___Common_rust_/RS_Rust 2471.JPG,Corn_(maize)___Common_rust_,1407,c247974758664442545a0d3e347aae2e70917a5389e32510111752a030e3852f
Corn_(maize)___Common_rust_/RS_Rust 2472.JPG,Corn_(maize)___Common_rust_,1408,4c38afa8b0f4ea74a7613f4c4ef4716ffe9a1ba8190fd533f5e79a836f6277d5
Corn_(maize)___Common_rust_/RS_Rust 2473.JPG,Corn_(maize)___Common_rust_,1409,a9b5d2309ede2d08abfd3d9b6342fae1209642df4c9064b26c9c6ba484f5e607
Corn_(maize)___Common_rust_/RS_Rust 2474.JPG,Corn_(maize)___Common_rust_,1410,024c1c5f2f7f8eda69432fae6ecce80c041bdecf4f3d4cc6dc35217bf57ca663
Corn_(maize)___Common_rust_/RS_Rust 2475.JPG,Corn_(maize)___Common_rust_,1411,3edc21af50b07fd38aa902974309a7e77a72065682659cc061164f08af873b99
Corn_(maize)___Common_rust_/RS_Rust 2476.JPG,Corn_(maize)___Common_rust_,1412,6c9d5193c98709d6065341be00a630a38ed551d965786429a13fa76a58592610
Corn_(maize)___Common_rust_/RS_Rust 2477.JPG,Corn_(maize)___Common_rust_,1413,2f9fb952abd8e07093a5eddd4505a2addd0be6d80373954a84864a5a32eeb396
Corn_(maize)___Common_rust_/RS_Rust 2478.JPG,Corn_(maize)___Common_rust_,1414,440b965a088178254d3ff6e19c902aad0db5a512754ea5d2bdcb35238da00e2d
Corn_(maize)___Common_rust_/RS_Rust 2479.JPG,Corn_(maize)___Common_rust_,1415,d34cc876cff4fe8efb656275cf4d3184e360efd79144e20def49f623241adcdb
Corn_(maize)___Common_rust_/RS_Rust 2480.JPG,Corn_(maize)___Common_rust_,1416,dd9dcd1baa335ad554e34332d9219ca8e779b89c82ee1905000733bcb9b017d3
Corn_(maize)___Common_rust_/RS_Rust 2481.JPG,Corn_(maize)___Common_rust_,1417,fa27d08b06f2ad48a8b092aa0dbca38e695cd794ce44b5b3a6da6fdc932fc777
Corn_(maize)___Common_rust_/RS_Rust 2482.JPG,Corn_(maize)___Common_rust_,1418,49b9ec96792e84a50aaae7f61a55b976726cdd54a2ddd989eb4233773954997c
Corn_(maize)___Common_rust_/RS_Rust 2483.JPG,Corn_(maize)___Common_rust_,1419,1e66a3cf61d279b8f756969aa46af7b31c977f06da4e98688ea6df4166b289d4
Corn_(maize)___Common_rust_/RS_Rust 2484.JPG,Corn_(maize)___Common_rust_,1420,f31610baa574b8e555bd794e2fbebff5a62c35e670d5c8d22d695bb7a018cb42
Corn_(maize)___Common_rust_/RS_Rust 2485.JPG,Corn_(maize)___Common_rust_,1421,6cde0527f0070110880a6032a7b987f6a4010dda7088c001f1804b82920c0876
Corn_(maize)___Common_rust_/RS_Rust 2486.JPG,Corn_(maize)___Common_rust_,1422,e6d30305542346c7726b0f51568a31092742e622ca927174f4af6dc011dd234c
Corn_(maize)___Common_rust_/RS_Rust 2487.JPG,Corn_(maize)___Common_rust_,1423,5a48c8f6b6885f06f5ba2e19b264b7fd9ea0c82fc2ce708f2e5735db6a37e240
Corn_(maize)___Common_rust_/RS_Rust 2488.JPG,Corn_(maize)___Common_rust_,1424,4528e9e23cb232a8e04d6ab906c44199c9ae1a6658e260ac0f9974ee4cbf18d8
Corn_(maize)___Common_rust_/RS_Rust 2489.JPG,Corn_(maize)___Common_rust_,1425,1353ead033070bbeb5571ec434779fd8a8222b12c3c2df69592c1c68bc5611c7
Corn_(maize)___Common_rust_/RS_Rust 2490.JPG,Corn_(maize)___Common_rust_,1426,62fc063d13fe533bf3f87bfbfff803f0caf2dfa55e027d377cec7ff282617c70
Corn_(maize)___Common_rust_/RS_Rust 2491.JPG,Corn_(maize)___Common_rust_,1427,51259fa019c5645d224a543cd9e81e68b82d37fbcb11cd54493ce7228bbd8f36
Corn_(maize)___Common_rust_/RS_Rust 2492.JPG,Corn_(maize)___Common_rust_,1428,45b49efe525ee52a7d49d972a8c12cd2bd53036eaa0504572aee363bddfdd0b4
Corn_(maize)___Common_rust_/RS_Rust 2494.JPG,Corn_(maize)___Common_rust_,1429,413284f77f98855187556c9feb3368b550238abdf1b9a56b747a33dcababe089
Corn_(maize)___Common_rust_/RS_Rust 2495.JPG,Corn_(maize)___Common_rust_,1430,6bf2b4a327d1619278c348657ceafffe2027c17550c0c3444c1e014809f3639d
Corn_(maize)___Common_rust_/RS_Rust 2496.JPG,Corn_(maize)___Common_rust_,1431,4f61ab073add207c660af2f7bd15aef6ff28bd208f9665c394d6b6bf535a2dfb
Corn_(maize)___Common_rust_/RS_Rust 2497.JPG,Corn_(maize)___Common_rust_,1432,230cd95c3e9322899580e9985340c03a75d8c1c8266f65e0eb6de3f281d675f3
Corn_(maize)___Common_rust_/RS_Rust 2498.JPG,Corn_(maize)___Common_rust_,1433,fa1254a909266dcb75513b38c66334fbd09971ccbcec0ab7cf6efaa76d67c0f9
Corn_(maize)___Common_rust_/RS_Rust 2499.JPG,Corn_(maize)___Common_rust_,1434,c4374413ad5256a9a717b212e5df9d1de8cf67d69ef21127ad9a48a7bb15e59d
Corn_(maize)___Common_rust_/RS_Rust 2500.JPG,Corn_(maize)___Common_rust_,1435,57fdef8440c53757b4a378e93ec4a39993d1f6ce32406c919239bfb198471512
Corn_(maize)___Common_rust_/RS_Rust 2501.JPG,Corn_(maize)___Common_rust_,1436,6928494872aaeee6ed8a94998e55d5cc13fdcb94d376f8977ca2ee46ee76b85b
Corn_(maize)___Common_rust_/RS_Rust 2502.JPG,Corn_(maize)___Common_rust_,1437,09e0e3fba2b31ea7242954e24c4b6d69d50382e77396584310863ddd7f09a625
Corn_(maize)___Common_rust_/RS_Rust 2503.JPG,Corn_(maize)___Common_rust_,1438,687bc953abe3f5df17d39a9ee75c7f7eb8e825ef0cdf34c6bbb61fe75699a3f3
Corn_(maize)___Common_rust_/RS_Rust 2504.JPG,Corn_(maize)___Common_rust_,1439,f9ebc2e32f96210686e8361d6d9690121f40b23206f69f3950a67f2b767488bc
Corn_(maize)___Common_rust_/RS_Rust 2505.JPG,Corn_(maize)___Common_rust_,1440,eb661287a5cd67d5ea86b5e8dfab87ede597b36e17284c2c6c5a9aa1794852df
Corn_(maize)___Common_rust_/RS_Rust 2506.JPG,Corn_(maize)___Common_rust_,1441,bb8b133be7bfbe877c9397a4974e2ef9fc2a927de88a264e82a44a38beaeca2a
Corn_(maize)___Common_rust_/RS_Rust 2507.JPG,Corn_(maize)___Common_rust_,1442,0d3f83313224ce31122fd2de5cc6384a179e08e6b3fb1cfce7cb57302fd81e9f
Corn_(maize)___Common_rust_/RS_Rust 2508.JPG,Corn_(maize)___Common_rust_,1443,43658263881bdff16637e43a3cdfd17030403e16615477235d0f9842ec87a5b8
Corn_(maize)___Common_rust_/RS_Rust 2509.JPG,Corn_(maize)___Common_rust_,1444,c547e4cd801f64783a4eb00fd3f96a71a5d121b3adc5b6c1b807cc50e1f080f6
Corn_(maize)___Common_rust_/RS_Rust 2510.JPG,Corn_(maize)___Common_rust_,1445,e0a0fec8e7a9a188ed59f155b45bb3c5cad7786abfee3b111b2934b4408f2048
Corn_(maize)___Common_rust_/RS_Rust 2511.JPG,Corn_(maize)___Common_rust_,1446,4e17c23a89407da737509003b02cdd77ab7b527f54e02d121fe5b21bc78481ef
Corn_(maize)___Common_rust_/RS_Rust 2512.JPG,Corn_(maize)___Common_rust_,1447,f21fd2202a033b90c07b131b6ba47a5d688aea638b5c8773ef0070904fef7550
Corn_(maize)___Common_rust_/RS_Rust 2513.JPG,Corn_(maize)___Common_rust_,1448,3db0c613dded3f61c1afaaba22f585c83b8bdfad704fcb0795ed6223bc69fb9b
Corn_(maize)___Common_rust_/RS_Rust 2514.JPG,Corn_(maize)___Common_rust_,1449,b1733aaf59f31d4fb4db87053bf20dfba9fc32c03b1f716a2d98a057542b0298
Corn_(maize)___Common_rust_/RS_Rust 2515.JPG,Corn_(maize)___Common_rust_,1450,5e4de5b6f656ede07f3a98aff3c4612b927531175f6cc45d736affce61a56b81
Corn_(maize)___Common_rust_/RS_Rust 2516.JPG,Corn_(maize)___Common_rust_,1451,b6ca95251bd1b763dde4596664393b8875cd3928b9566b95bd92ec8e84aaa03e
Corn_(maize)___Common_rust_/RS_Rust 2517.JPG,Corn_(maize)___Common_rust_,1452,6e237155479df4b913b195121030ed700435d67c1f8b6a4a95bbf9761fa83aab
Corn_(maize)___Common_rust_/RS_Rust 2518.JPG,Corn_(maize)___Common_rust_,1453,1de5588a6d6df0f74b17f47cd5b34f74535ded06f9534c711aeeccb2e4d1965e
Corn_(maize)___Common_rust_/RS_Rust 2519.JPG,Corn_(maize)___Common_rust_,1454,32fdb80adf03a77eb5e1f6c54fc9cc98ab9b9197a04d55df867d32236fd6fc1d
Corn_(maize)___Common_rust_/RS_Rust 2520.JPG,Corn_(maize)___Common_rust_,1455,2bd7bd72cdbf139d5e9215f5742da29fb76298e581904f19da7ac6973bf867c7
Corn_(maize)___Common_rust_/RS_Rust 2521.JPG,Corn_(maize)___Common_rust_,1456,d40a5989ae963441ea6edf9cded191ca94efb1436a52ad86b402c574c6b0df33
Corn_(maize)___Common_rust_/RS_Rust 2522.JPG,Corn_(maize)___Common_rust_,1457,750b70aa375bf65bd04cbc65f544fba5819d1979aebf4e90bc81cb75a0f87d88
Corn_(maize)___Common_rust_/RS_Rust 2523.JPG,Corn_(maize)___Common_rust_,1458,acf32218178d8256ad0ba8bfd545bfdec6399c8679ce0df90d47c4200ebe41e1
Corn_(maize)___Common_rust_/RS_Rust 2524.JPG,Corn_(maize)___Common_rust_,1459,65260b6dce7118defe2924ca9651f1f2e822282e8a85c16ad8fb1d2af99e28a4
Corn_(maize)___Common_rust_/RS_Rust 2525.JPG,Corn_(maize)___Common_rust_,1460,6964af43635127adefa788a25c95bda446a7049987ea3851d1498cacf3fde53e
Corn_(maize)___Common_rust_/RS_Rust 2526.JPG,Corn_(maize)___Common_rust_,1461,64606e8dcf131f0ce7e928d07081c244762b505f7c12e5beb53df0870ad8dedc
Corn_(maize)___Common_rust_/RS_Rust 2527.JPG,Corn_(maize)___Common_rust_,1462,3fd0b448734d543f11f0ef64299d29f93c9acefed00e8e8215aa8c688a2bfab2
Corn_(maize)___Common_rust_/RS_Rust 2528.JPG,Corn_(maize)___Common_rust_,1463,15b3136c0c7224232fdbdb70d38dc595627fb641065a9144c61395665b3005b1
Corn_(maize)___Common_rust_/RS_Rust 2529.JPG,Corn_(maize)___Common_rust_,1464,7b9de70256b7a415e6193b1c4f118b66b292240afa72fb44ae73665d154c3cf8
Corn_(maize)___Common_rust_/RS_Rust 2530.JPG,Corn_(maize)___Common_rust_,1465,83d5d9f880bec4bc505465f0793f087b6320881ce44f77f7725bdb67267cad0d
Corn_(maize)___Common_rust_/RS_Rust 2531.JPG,Corn_(maize)___Common_rust_,1466,64026d31677c3913b64396700f8ecf34ea6958f56ff27dd6e70e5ba369a59dc4
Corn_(maize)___Common_rust_/RS_Rust 2532.JPG,Corn_(maize)___Common_rust_,1467,b519aaea85f3093133a3727d44bddd4ef16892b4e0286755eb6117502468d499
Corn_(maize)___Common_rust_/RS_Rust 2533.JPG,Corn_(maize)___Common_rust_,1468,a1447997feeede69fb6ab964c20d200345b4d5b3db268f0d4964473c8faf04dc
Corn_(maize)___Common_rust_/RS_Rust 2534.JPG,Corn_(maize)___Common_rust_,1469,60f99f303f6d38c17a79800295dc7f6f17b47318d4acd06327c0c83d26c696d0
Corn_(maize)___Common_rust_/RS_Rust 2535.JPG,Corn_(maize)___Common_rust_,1470,14e657279fcbe6aa5da3f3f5095d822b1a80c8026fe67e85fe27de0418e522ea
Corn_(maize)___Common_rust_/RS_Rust 2536.JPG,Corn_(maize)___Common_rust_,1471,516346bac904849670f586ebcd525ee00bb3e33a978066e4c0b3d10b0ace1cf9
Corn_(maize)___Common_rust_/RS_Rust 2537.JPG,Corn_(maize)___Common_rust_,1472,3084a7fdaea39f1b5840378791d3994ee1b36b29de17c89158115d4da4492e0c
Corn_(maize)___Common_rust_/RS_Rust 2538.JPG,Corn_(maize)___Common_rust_,1473,bdf22547c0979044222c19cfb0d845a6a5d81bf59dd575eddf1cb196e0a6b596
Corn_(maize)___Common_rust_/RS_Rust 2539.JPG,Corn_(maize)___Common_rust_,1474,ddcdae1f6cd4689445cd9ca8ec9bfa65dcf5012a014f30fef817c362f996d7ce
Corn_(maize)___Common_rust_/RS_Rust 2540.JPG,Corn_(maize)___Common_rust_,1475,2b4a4ed882ea80bb0bdc1417458c0c2a40d99ffdf4d903dff6ec90896dcd5a49
Corn_(maize)___Common_rust_/RS_Rust 2541.JPG,Corn_(maize)___Common_rust_,1476,6262c4ec81916e46657222752ad25eb2ba69e94c6943db0745174249c735d2e5
Corn_(maize)___Common_rust_/RS_Rust 2542.JPG,Corn_(maize)___Common_rust_,1477,e19f122a445b3f8dd568230d9e2b73865379bbcae2ae1456ecfa79c110d53876
Corn_(maize)___Common_rust_/RS_Rust 2543.JPG,Corn_(maize)___Common_rust_,1478,7f9ce38cecf23f4da21e837d1b626383298338fa7770c78debdb48841f0dbfc5
Corn_(maize)___Common_rust_/RS_Rust 2544.JPG,Corn_(maize)___Common_rust_,1479,db403da61b30c5f60b49d329025b3552d01242b9697733f2c269d9ae728913d6
Corn_(maize)___Common_rust_/RS_Rust 2545.JPG,Corn_(maize)___Common_rust_,1480,8efe577f63d95463356557ba79e4f2639d62bab8e7761d43ab25f20f26e2329c
Corn_(maize)___Common_rust_/RS_Rust 2546.JPG,Corn_(maize)___Common_rust_,1481,32cc25d3ade0300800697b9a2f7e95df9d91422ec627ab0d85c71239fb59f41c
Corn_(maize)___Common_rust_/RS_Rust 2547.JPG,Corn_(maize)___Common_rust_,1482,59d0d4df10d604aa950e341e7ef65593a5a959cd268faa24fdd3b10300523396
Corn_(maize)___Common_rust_/RS_Rust 2548.JPG,Corn_(maize)___Common_rust_,1483,76853bf30b50f39f85a987066dedfbb636deb9558b661a64fcc309c5e216661f
Corn_(maize)___Common_rust_/RS_Rust 2549.JPG,Corn_(maize)___Common_rust_,1484,968fdc1f19efa1dc373382bc2c46b7116dd9276cffdaaf516669e67d55939bd3
Corn_(maize)___Common_rust_/RS_Rust 2550.JPG,Corn_(maize)___Common_rust_,1485,2b57a855625a06f7b4a349d8dd64d8912fc4e22c0de8ab99f0d5791f78c4bd7d
Corn_(maize)___Common_rust_/RS_Rust 2551.JPG,Corn_(maize)___Common_rust_,1486,52ef1eb0431578b4d2d011dc951d1f8c5c128422737683c76763ae9a40f47061
Corn_(maize)___Common_rust_/RS_Rust 2552.JPG,Corn_(maize)___Common_rust_,1487,0d8d3eb77f98da0ec8e5424d5bd2c4cf7fcd39b7941405796dd00a64e348e4bc
Corn_(maize)___Common_rust_/RS_Rust 2553.JPG,Corn_(maize)___Common_rust_,1488,f173ed5a0324cbed3f216352a6ae26ca32504e95520933654299579e59677aff
Corn_(maize)___Common_rust_/RS_Rust 2554.JPG,Corn_(maize)___Common_rust_,1489,53e14e43e6051e1db6295155a72cedcb0d200d47f58467bcc9ddfe905e39df12
Corn_(maize)___Common_rust_/RS_Rust 2555.JPG,Corn_(maize)___Common_rust_,1490,232ec63e95761aa695b7a5dc673c3a53c3522e3835fe95f0fd7b6880f61f85bf
Corn_(maize)___Common_rust_/RS_Rust 2556.JPG,Corn_(maize)___Common_rust_,1491,c7638033e254aa5ccbb2859113c1032610a83fb10539ed8dc7b161aa8fc27bbb
Corn_(maize)___Common_rust_/RS_Rust 2557.JPG,Corn_(maize)___Common_rust_,1492,d35222f0d61f71cf98969c74257853e539a51f14205e0690a78b03340befeafe
Corn_(maize)___Common_rust_/RS_Rust 2558.JPG,Corn_(maize)___Common_rust_,1493,4886cdb9748f995d8713a6f50a58444a81b744b5d4ee0c9122cfc989ebd75c88
Corn_(maize)___Common_rust_/RS_Rust 2559.JPG,Corn_(maize)___Common_rust_,1494,4dd36978209219cce48fa8820b3fd8973c761a4a0d9ce35dfd7a0a4268045933
Corn_(maize)___Common_rust_/RS_Rust 2560.JPG,Corn_(maize)___Common_rust_,1495,837df854f363a744618f0a0b9bc2476fcbc1efd1b333634840db3d962c80c45f
Corn_(maize)___Common_rust_/RS_Rust 2561.JPG,Corn_(maize)___Common_rust_,1496,934dde0cd09f97760dea9b4eaa777d61b69beb18cb0d97238839fcb793f956c4
Corn_(maize)___Common_rust_/RS_Rust 2562.JPG,Corn_(maize)___Common_rust_,1497,31ffa1737896243212f7ec8755969f0141615c0043ae255d035ed18676ad2abe
Corn_(maize)___Common_rust_/RS_Rust 2563.JPG,Corn_(maize)___Common_rust_,1498,51da42c3349de94b26f048dfb38101630c7d50f8c00d4bb01fd465e5033cc555
Corn_(maize)___Common_rust_/RS_Rust 2564.JPG,Corn_(maize)___Common_rust_,1499,7a66d3d0d279f5584eb4ba713aa62333f725577078585f430e20c6d16a69fde4
Corn_(maize)___Common_rust_/RS_Rust 2565.JPG,Corn_(maize)___Common_rust_,1500,932ad8e9a5609174bc1bf7f16dd63f51254ba136313929c0148e124b44137fba
Corn_(maize)___Common_rust_/RS_Rust 2566.JPG,Corn_(maize)___Common_rust_,1501,bbd47d63915f328b51dcc15cf4e5d9a8d5b9c12bad7ae3192dcb2c464c12f881
Corn_(maize)___Common_rust_/RS_Rust 2567.JPG,Corn_(maize)___Common_rust_,1502,406812c523e59d5a4b31a8894a29a2bf6620972a62a55ca083cb1a94951a3e53
Corn_(maize)___Common_rust_/RS_Rust 2568.JPG,Corn_(maize)___Common_rust_,1503,cb41a43e9bd10982edbee495d50fdc445a7eb53113025a8dc1658686b573e345
Corn_(maize)___Common_rust_/RS_Rust 2569.JPG,Corn_(maize)___Common_rust_,1504,ce501243f53dfe91e5f1f451e848852284060b33e5db12066a2f94e7000f96c0
Corn_(maize)___Common_rust_/RS_Rust 2570.JPG,Corn_(maize)___Common_rust_,1505,6e9a396253ca30ca7c155a881ac4ecd025d95780fa22a788c680d8fe28956e3e
Corn_(maize)___Common_rust_/RS_Rust 2571.JPG,Corn_(maize)___Common_rust_,1506,65053a440a9c6eaae4aa4674d4ac3a6e3de477a9bca2321e96bc40a13cf86be3
Corn_(maize)___Common_rust_/RS_Rust 2572.JPG,Corn_(maize)___Common_rust_,1507,056cbf92c0ea160a62169f2310ac8b2f6f4298fcb58de768b177dddc81f15b7f
Corn_(maize)___Common_rust_/RS_Rust 2573.JPG,Corn_(maize)___Common_rust_,1508,a62ed243d8bb6498b2e1833332a335ce57ed88bec40116efe8eed693cd1fa87e
Corn_(maize)___Common_rust_/RS_Rust 2574.JPG,Corn_(maize)___Common_rust_,1509,ac9bfaf5ebf887f6fdc1e9e60f80f96dcdf63fbbce169dd2731f91d24f1c6866
Corn_(maize)___Common_rust_/RS_Rust 2575.JPG,Corn_(maize)___Common_rust_,1510,c7d2e915f6338dccf2103664cd97c2dd0193431ecb060b6fe67768b16a8af02e
Corn_(maize)___Common_rust_/RS_Rust 2576.JPG,Corn_(maize)___Common_rust_,1511,822033e5545d6d286d979e20a1e717de8e104df0a42253bced632a1e54f147cb
Corn_(maize)___Common_rust_/RS_Rust 2577.JPG,Corn_(maize)___Common_rust_,1512,79313b18952f06a385707088d341309ea601924302cd0c14b0083602cb293617
Corn_(maize)___Common_rust_/RS_Rust 2578.JPG,Corn_(maize)___Common_rust_,1513,7f52457177b5c839d910ab631c7b251fbabe8c1375835dc0c952a63d031d4414
Corn_(maize)___Common_rust_/RS_Rust 2579.JPG,Corn_(maize)___Common_rust_,1514,c87d2df293f5321af757e863d4f613cad0bee093f94be5af93beb076d0a1b246
Corn_(maize)___Common_rust_/RS_Rust 2580.JPG,Corn_(maize)___Common_rust_,1515,7d8095df56db1d0def3d32d602b1ea00168a3c3de4774aa3b36972b9f40d9c76
Corn_(maize)___Common_rust_/RS_Rust 2581.JPG,Corn_(maize)___Common_rust_,1516,b423a57a72c1bd631998a51825fc89cca7e9a6228ac2a036a318b8f19c0a5a15
Corn_(maize)___Common_rust_/RS_Rust 2582.JPG,Corn_(maize)___Common_rust_,1517,f4ca23c9dd585082a080223d7ae5ee518253bf83bb56446817cfa730b555e871
Corn_(maize)___Common_rust_/RS_Rust 2583.JPG,Corn_(maize)___Common_rust_,1518,fde6f6ae1f7ead83b3c1ee3a5c52e54c23fc746365f2b849cbd5347fe64bb6e2
Corn_(maize)___Common_rust_/RS_Rust 2584.JPG,Corn_(maize)___Common_rust_,1519,5bd4ba5b1d45b542e5e7f321cea39027fa7767d98998c702a81c7365089bec8c
Corn_(maize)___Common_rust_/RS_Rust 2585.JPG,Corn_(maize)___Common_rust_,1520,9941e9a534f74907c7f33116f2add702dd3933e8d15d5015e8d145a7cd5750a7
Corn_(maize)___Common_rust_/RS_Rust 2586.JPG,Corn_(maize)___Common_rust_,1521,60ce4adfd490385b5c44878f69046eda21109a2c781c67c04fdfa6d97d7f5807
Corn_(maize)___Common_rust_/RS_Rust 2587.JPG,Corn_(maize)___Common_rust_,1522,4bc7ae37dad96c0464d201c073a2d148e52a1a9aa9b2f943819d97fadeaa4124
Corn_(maize)___Common_rust_/RS_Rust 2588.JPG,Corn_(maize)___Common_rust_,1523,1ddb2610ace4e3b6f749be4c881b68a6a3b9965bc9d65113b3ace132deae7267
Corn_(maize)___Common_rust_/RS_Rust 2589.JPG,Corn_(maize)___Common_rust_,1524,1e4d2d6caac047bd15e50e86a9eafd70f165d6374462802b26f566579aced052
Corn_(maize)___Common_rust_/RS_Rust 2590.JPG,Corn_(maize)___Common_rust_,1525,9fcbf685b815050b0154938a81c59da7356dfa3f8b1b1dc4b7b221f2efc1950f
Corn_(maize)___Common_rust_/RS_Rust 2591.JPG,Corn_(maize)___Common_rust_,1526,00b9be713d9db53a34ecc1bf7bf02e735b44bd6d7e8bb64aae3642d99883267a
Corn_(maize)___Common_rust_/RS_Rust 2592.JPG,Corn_(maize)___Common_rust_,1527,19bc3109a6d9883bc395fdfde1a8e6d5713d187d35e501866567af038a5fa07f
Corn_(maize)___Common_rust_/RS_Rust 2593.JPG,Corn_(maize)___Common_rust_,1528,85a1a2340ddf9e909cf8944efa57de54a5fc294d41a0be38ad511241580618e4
Corn_(maize)___Common_rust_/RS_Rust 2594.JPG,Corn_(maize)___Common_rust_,1529,5c43a02dc9b3ce10c313407eea7edc0b0ec2ecbbf86de4dca4ea30d83ee54ea9
Corn_(maize)___Common_rust_/RS_Rust 2595.JPG,Corn_(maize)___Common_rust_,1530,db6fcc6c67539cb15a7f8e678c55b9fa486b65aef276f6c373fabd0c06258cb7
Corn_(maize)___Common_rust_/RS_Rust 2596.JPG,Corn_(maize)___Common_rust_,1531,e1c844fe0bef31a7fda79b5b5626e74c9a8d788aac8ff6af88752d44e9e2df51
Corn_(maize)___Common_rust_/RS_Rust 2597.JPG,Corn_(maize)___Common_rust_,1532,fdd6ab2b654f81718c8dcebe89b78f082481ed6e6775683dbc2732e84609f70d
Corn_(maize)___Common_rust_/RS_Rust 2598.JPG,Corn_(maize)___Common_rust_,1533,c60767fac59c3b76ea7b20ee5e04f5a9dff63ab1f382359a09b051a027b05365
Corn_(maize)___Common_rust_/RS_Rust 2599.JPG,Corn_(maize)___Common_rust_,1534,a88aadf8ac274ec227b9f9a77d7cec74f782f616009083af0838438d9e89538a
Corn_(maize)___Common_rust_/RS_Rust 2600.JPG,Corn_(maize)___Common_rust_,1535,554d0ac754249aa3ac2dfb1fb98643591ae0b7cd3d12f0b0c2e4354f23bacc12
Corn_(maize)___Common_rust_/RS_Rust 2601.JPG,Corn_(maize)___Common_rust_,1536,9389b212b3a3e3d78ab7f974acc0314640bf6e7965c2d2c58fe88ab36fc94410
Corn_(maize)___Common_rust_/RS_Rust 2602.JPG,Corn_(maize)___Common_rust_,1537,4f2fe4ccafd0caa5396496fbd8a110d32777a2e445e442c5f9d0211a829efea8
Corn_(maize)___Common_rust_/RS_Rust 2603.JPG,Corn_(maize)___Common_rust_,1538,19883ed277b4d0021c49be8459fc63bf0735d4dc0b51a32606394cc6a33e3f0c
Corn_(maize)___Common_rust_/RS_Rust 2604.JPG,Corn_(maize)___Common_rust_,1539,7095686e1727d5b09349f2f78d46e569cf62ca1a7717363cea9e11b5fd5cca8e
Corn_(maize)___Common_rust_/RS_Rust 2605.JPG,Corn_(maize)___Common_rust_,1540,620ec3d715cf788f53720089e7f2af57cb7e3593a0def4eab5c0dc7050e18dcc
Corn_(maize)___Common_rust_/RS_Rust 2606.JPG,Corn_(maize)___Common_rust_,1541,cb16c391b27f19786eab185225818fe7970da4f20a2d6ca84f6b5f8a4c15ea91
Corn_(maize)___Common_rust_/RS_Rust 2607.JPG,Corn_(maize)___Common_rust_,1542,8afef56658922f544746d42a5f8e036a7ca7a67d3cb5a7766ad55282bea4f166
Corn_(maize)___Common_rust_/RS_Rust 2608.JPG,Corn_(maize)___Common_rust_,1543,0203bc1ff5671eb68f3f9452d6fa740a4c09ad1e67f34f825a9be011844f6947
Corn_(maize)___Common_rust_/RS_Rust 2609.JPG,Corn_(maize)___Common_rust_,1544,db627a760f193f5d0bc095465cc307fec9085d647ce8d9e5c1bd424bb0401052
Corn_(maize)___Common_rust_/RS_Rust 2610.JPG,Corn_(maize)___Common_rust_,1545,f6d04bbde2735a70f11e4c0cfd1999c43e278cf9f7aa7db75494dd6b1fd33ecf
Corn_(maize)___Common_rust_/RS_Rust 2611.JPG,Corn_(maize)___Common_rust_,1546,24e689a407d7fb49dc05483b3f5c42f6bb64ae6a72eaa80cfad84a7e648cc889
Corn_(maize)___Common_rust_/RS_Rust 2612.JPG,Corn_(maize)___Common_rust_,1547,9f107f8d056e097d75f2ca5dccc4e1a200e5ea50cbed8c9d3de47eadd3cb3926
Corn_(maize)___Common_rust_/RS_Rust 2613.JPG,Corn_(maize)___Common_rust_,1548,d9481aff9f97a2cece38b82f89aa12964a08c94dd9e2362a152321729f3089a4
Corn_(maize)___Common_rust_/RS_Rust 2614.JPG,Corn_(maize)___Common_rust_,1549,e93500dea5bbf7838546d86ae4e96031f5bc625f9449a7483148c04f8e999b03
Corn_(maize)___Common_rust_/RS_Rust 2615.JPG,Corn_(maize)___Common_rust_,1550,e3a6b1c2c5f1eb5ea4197339fe2f5ca03ad45042e3ce22a39bf5405f773e546a
Corn_(maize)___Common_rust_/RS_Rust 2616.JPG,Corn_(maize)___Common_rust_,1551,bd431174ed8073d7021de1a6e9fbe647c8d8d7d6bddb8ce09aa88a0702e1d899
Corn_(maize)___Common_rust_/RS_Rust 2617.JPG,Corn_(maize)___Common_rust_,1552,fc1e51bc872135a3d4e20cb34f67a200f1ef03f177daf49aaf1988ddb18d0db0
Corn_(maize)___Common_rust_/RS_Rust 2618.JPG,Corn_(maize)___Common_rust_,1553,dd3dd85358c7b13c8bda166f1d0210ccaf8bada39652f89b742a11fe27df36bb
Corn_(maize)___Common_rust_/RS_Rust 2619.JPG,Corn_(maize)___Common_rust_,1554,de302929d5ac18b814b3f6a7f56652bee04da4e244e992ccb4eed6d12ad1901c
Corn_(maize)___Common_rust_/RS_Rust 2620.JPG,Corn_(maize)___Common_rust_,1555,f4ce26b2d621712a8110852cd48fff6f2e02ab92ae0a47ac8acc43fb30f6648f
Corn_(maize)___Common_rust_/RS_Rust 2621.JPG,Corn_(maize)___Common_rust_,1556,13a241aa0fd7df0af72e0af259613f85432d8a9077e943b1791991af604b55bb
Corn_(maize)___Common_rust_/RS_Rust 2622.JPG,Corn_(maize)___Common_rust_,1557,b60ffeed5284cd8ffa43303622afec903397320de11d1edd0761c9a31fc8ab17
Corn_(maize)___Common_rust_/RS_Rust 2623.JPG,Corn_(maize)___Common_rust_,1558,bdb95a89a53fd1c5c3fe79f35389e8f2ab385cbb458acfccc28f1ff5e3d9a835
Corn_(maize)___Common_rust_/RS_Rust 2624.JPG,Corn_(maize)___Common_rust_,1559,6e16a646ef5cbedb3905b34cd04a73c4b8eb4694451333a05bcb60880e05b5e2
Corn_(maize)___Common_rust_/RS_Rust 2625.JPG,Corn_(maize)___Common_rust_,1560,a0489d49504672fabe3dd456a26b61c9f92a5a3e6d09a9fb8756e6f94830b1df
Corn_(maize)___Common_rust_/RS_Rust 2626.JPG,Corn_(maize)___Common_rust_,1561,fa7e287bd7173d513bd12b808946503b252c97bd7ea08571490828212eadce10
Corn_(maize)___Common_rust_/RS_Rust 2627.JPG,Corn_(maize)___Common_rust_,1562,c11ccbd618cf456a53b1edf09289ab9e08fbf36e401ecc612008af15cdda028c
Corn_(maize)___Common_rust_/RS_Rust 2628.JPG,Corn_(maize)___Common_rust_,1563,c092b931209f8d853fa4d8df6f47ba9dcab2c8ba2530dea2e1c95a8a9bf5a53f
Corn_(maize)___Common_rust_/RS_Rust 2629.JPG,Corn_(maize)___Common_rust_,1564,b6a516e5faadf9dfed5db42f4c937709f8c6d38319dacf0eadd7972001ee0771
Corn_(maize)___Common_rust_/RS_Rust 2630.JPG,Corn_(maize)___Common_rust_,1565,ee91e8587259dbe38fe50f1b305ad9553b1a8c050a28fc52bd99c56dd76110d7
Corn_(maize)___Common_rust_/RS_Rust 2631.JPG,Corn_(maize)___Common_rust_,1566,d7c16253435baafacca144cdd526ec109d06a858f80dbd92c19cc3640288982f
Corn_(maize)___Common_rust_/RS_Rust 2632.JPG,Corn_(maize)___Common_rust_,1567,7a64b0d708664f1663dd849f68622f6df9a54aecf9beaae4413b8bcf4b5afbc9
Corn_(maize)___Common_rust_/RS_Rust 2633.JPG,Corn_(maize)___Common_rust_,1568,7775bce7606d484eb8414762297105835b5ba669b3dc9bc18f7c1d4218bdbb15
Corn_(maize)___Common_rust_/RS_Rust 2634.JPG,Corn_(maize)___Common_rust_,1569,a23837575e90cf6f07bca7085e50bad461c6f6f887ca1a57dbdf1b69ffebb4eb
Corn_(maize)___Common_rust_/RS_Rust 2635.JPG,Corn_(maize)___Common_rust_,1570,04f3e69761fb547f6e73f870aac3e92198887752f50bb0f440a8dc350ba5c4b8
Corn_(maize)___Common_rust_/RS_Rust 2636.JPG,Corn_(maize)___Common_rust_,1571,14402d74b755f172655584cf276ed978774b57426cefd93cffc90141ee4e792d
Corn_(maize)___Common_rust_/RS_Rust 2637.JPG,Corn_(maize)___Common_rust_,1572,051fb2add684015a56869186f4ac992b40922cf5ba3b5011ff2fd7ac86dabef8
Corn_(maize)___Common_rust_/RS_Rust 2638.JPG,Corn_(maize)___Common_rust_,1573,80448f5ec7b7efa001eb32cdbcac1eb4ecaf9ca3290f4b41bc0edead878a8141
Corn_(maize)___Common_rust_/RS_Rust 2639.JPG,Corn_(maize)___Common_rust_,1574,b0379fa49bc45cee91f950cfc3d7ae421322ee4a577ecc00242200b120bb88a1
Corn_(maize)___Common_rust_/RS_Rust 2640.JPG,Corn_(maize)___Common_rust_,1575,64e512369bded26d360aff2b311088838dcb4f354bd4b0b818b5c3cacb5463ba
Corn_(maize)___Common_rust_/RS_Rust 2641.JPG,Corn_(maize)___Common_rust_,1576,b93c04ede2a35e63222720355c528782c575b0e5f61b0b2353c30349a2654d18
Corn_(maize)___Common_rust_/RS_Rust 2642.JPG,Corn_(maize)___Common_rust_,1577,f60038e150eb2418ab8badc78b622d47328b3afbdb6d40a3425b099dc8f3bab1
Corn_(maize)___Common_rust_/RS_Rust 2643.JPG,Corn_(maize)___Common_rust_,1578,5a04032535bb44e63fc12a5c2aa5162c7dff9bef0835c2aede2ef4d3814f0008
Corn_(maize)___Common_rust_/RS_Rust 2644.JPG,Corn_(maize)___Common_rust_,1579,e958c8ecef0d3665189239be87d9ed3b986185dd7b8342b89d774971c7d278db
Corn_(maize)___Common_rust_/RS_Rust 2645.JPG,Corn_(maize)___Common_rust_,1580,c122b831fd4bcec7ec24709d452a9591c060a06ce69841b500faf726ea6331f9
Corn_(maize)___Common_rust_/RS_Rust 2646.JPG,Corn_(maize)___Common_rust_,1581,b1a64117f6cc3d752d30837d81ca103961f6ec8f771bad4a21b3ee3196139a5d
Corn_(maize)___Common_rust_/RS_Rust 2647.JPG,Corn_(maize)___Common_rust_,1582,80b1d880af728e76fd5ae69c7768a591c42747e7df9a51553a98ac2f5e5bb81b
Corn_(maize)___Common_rust_/RS_Rust 2648.JPG,Corn_(maize)___Common_rust_,1583,1d2ff6f6a628e88f5bdf614ee342c22f67db41898b93ab5e2fec07c19993bc20
Corn_(maize)___Common_rust_/RS_Rust 2649.JPG,Corn_(maize)___Common_rust_,1584,dff6111db74191b2c6f136fd7a3c480255c9db5e68f05abc9bf89abd0e5e931e
Corn_(maize)___Common_rust_/RS_Rust 2650.JPG,Corn_(maize)___Common_rust_,1585,a3e863d196685995a3ed5fb4c3ce6d8aaae6b7dcb6a91afacc46bb8f940a9749
Corn_(maize)___Common_rust_/RS_Rust 2651.JPG,Corn_(maize)___Common_rust_,1586,dbe65de5f1194b7efd0b5ffea8be5e9b376690d281645df1781bc4d71cc742aa
Corn_(maize)___Common_rust_/RS_Rust 2652.JPG,Corn_(maize)___Common_rust_,1587,389e12275ddac11ce11c01144eb3763757bdf04d554ea14c9d18b3f794c642ea
Corn_(maize)___Common_rust_/RS_Rust 2653.JPG,Corn_(maize)___Common_rust_,1588,404d5def3578635ea9cd2f16909d657edf44ff97d6e0be9cbb77bb3aecc96aa6
Corn_(maize)___Common_rust_/RS_Rust 2654.JPG,Corn_(maize)___Common_rust_,1589,d4893e2baf8058bb3472b99c176410b7e1b561bf45e2526a90e48e8b1679be90
Corn_(maize)___Common_rust_/RS_Rust 2655.JPG,Corn_(maize)___Common_rust_,1590,dd164c9cd73d2a15e902217a7ecd854f6cfd2899cdb153c52c764672ebc2434f
Corn_(maize)___Common_rust_/RS_Rust 2656.JPG,Corn_(maize)___Common_rust_,1591,8bf3547401f7b2e53384372486b7b2f7997466f0ef9794f6183323b7368b4fb5
Corn_(maize)___Common_rust_/RS_Rust 2657.JPG,Corn_(maize)___Common_rust_,1592,16b6874bd50dcead19839fd17e09ee250f2a87f270f93a3f97abcf6f11615a6b
Corn_(maize)___Common_rust_/RS_Rust 2658.JPG,Corn_(maize)___Common_rust_,1593,b8afbddf72c961843fdceb2ccdadad37c8f42180bd7a02d72b8280e2b519016f
Corn_(maize)___Common_rust_/RS_Rust 2659.JPG,Corn_(maize)___Common_rust_,1594,0ef23daa1eb3b5eb89ed0247019dc00eeef60d63b1b1f5bbe1d30a47cb2d0877
Corn_(maize)___Common_rust_/RS_Rust 2660.JPG,Corn_(maize)___Common_rust_,1595,b3e7f334f7021b9245b0a42365869838eff1ea7702dd5fb54f4c68033ecf364c
Corn_(maize)___Common_rust_/RS_Rust 2661.JPG,Corn_(maize)___Common_rust_,1596,20242f62fb01f82d22d0bbc0075d3323d774693ea821e5454c0fddf3c9afbd60
Corn_(maize)___Common_rust_/RS_Rust 2662.JPG,Corn_(maize)___Common_rust_,1597,0a0c5700e39a1b51215b581993690957e17bc14c9c627eaa082a0b6a4b9e7553
Corn_(maize)___Common_rust_/RS_Rust 2663.JPG,Corn_(maize)___Common_rust_,1598,adecbdb4bea84395a3aa991dcb30e5a64155cf607ef14795de1c6f92dd6fb1ed
Corn_(maize)___Common_rust_/RS_Rust 2664.JPG,Corn_(maize)___Common_rust_,1599,758168fcb0312c631dc6b656adc462bf646374941df563b74752cadc42ff5ca1
Corn_(maize)___Common_rust_/RS_Rust 2665.JPG,Corn_(maize)___Common_rust_,1600,4d1f816d6766f5e4d32af8d6a3e6eec9a01f8f7d4b43a731443b74aa9e98cd81
Corn_(maize)___Common_rust_/RS_Rust 2666.JPG,Corn_(maize)___Common_rust_,1601,1c12fe07ce1a8bf93ae3a5e32fc8664659d994e2a6fb4d05214e97be9731e30a
Corn_(maize)___Common_rust_/RS_Rust 2667.JPG,Corn_(maize)___Common_rust_,1602,2b78185f6bfcb33da31d2577dab34cc52000b972dbb2b800b43b755eb4845a0d
Corn_(maize)___Common_rust_/RS_Rust 2668.JPG,Corn_(maize)___Common_rust_,1603,a689abcb144b11d7fc621a4889ed6a0c71a94c5b3beeef9f7b3ae92aaf128e3b
Corn_(maize)___Common_rust_/RS_Rust 2669.JPG,Corn_(maize)___Common_rust_,1604,6f21bd847f708d6c6bede3a3441d4945b4261d3b8499ec5ca48a09a308d6828c
Corn_(maize)___Common_rust_/RS_Rust 2670.JPG,Corn_(maize)___Common_rust_,1605,f66c843b5a8c79cebe420e3b827433b549e745f8be66aafd941e2c1bfa1f9986
Corn_(maize)___Common_rust_/RS_Rust 2671.JPG,Corn_(maize)___Common_rust_,1606,5b5ea559f9aa32f0e431692bc23a9ad863cea637138227fdba9c902017b0dabb
Corn_(maize)___Common_rust_/RS_Rust 2672.JPG,Corn_(maize)___Common_rust_,1607,f859c51d78ce647ffdefccc825ba0cb3e4b4346371dfbd0a1d4912d788027eea
Corn_(maize)___Common_rust_/RS_Rust 2673.JPG,Corn_(maize)___Common_rust_,1608,99203b4ff820a694e45081ad0ac06ba39438d62e10d87a2ef68006604f55aeb5
Corn_(maize)___Common_rust_/RS_Rust 2674.JPG,Corn_(maize)___Common_rust_,1609,aa2180e410461ca4501054f9fdeb7ebddd85b301ab94cfec1a44767dc384fc8a
Corn_(maize)___Common_rust_/RS_Rust 2675.JPG,Corn_(maize)___Common_rust_,1610,aa174f78e8ab686ba41de04f1376af490c8a633f748088525d44939254b1f01e
Corn_(maize)___Common_rust_/RS_Rust 2676.JPG,Corn_(maize)___Common_rust_,1611,064c51c7f5d6916bcc11f5173214c923dfc3d8807d0660a9c2ee3b7510bd1802
Corn_(maize)___Common_rust_/RS_Rust 2677.JPG,Corn_(maize)___Common_rust_,1612,a6bd9fcb86a523ccfe40afd64ee55abc9db84b0dc148bc17873f8d95010c2f0e
Corn_(maize)___Common_rust_/RS_Rust 2678.JPG,Corn_(maize)___Common_rust_,1613,0ccfc24920eb5f30a94039123ba6162c9e3f7ad6ed37b6dcbfa88d8b67248a24
Corn_(maize)___Common_rust_/RS_Rust 2679.JPG,Corn_(maize)___Common_rust_,1614,c05bacb35a34f78b04062a1e81f371d0cd7a92c66e6cba2f73ec0a88201116fc
Corn_(maize)___Common_rust_/RS_Rust 2680.JPG,Corn_(maize)___Common_rust_,1615,2b39f2b0ef4f735d41073449606ee37b6fe6edf188ddd68bad80dfc7c339ff08
Corn_(maize)___Common_rust_/RS_Rust 2681.JPG,Corn_(maize)___Common_rust_,1616,26ce81c56e28aea1c101bced60180ed926fba0f8955efa450a3d208c4c59f68c
Corn_(maize)___Common_rust_/RS_Rust 2682.JPG,Corn_(maize)___Common_rust_,1617,fc216fa17df2bd2d3c54a470ca5c821ea2072ea24c9cc785a5f1782090e8fc0f
Corn_(maize)___Common_rust_/RS_Rust 2683.JPG,Corn_(maize)___Common_rust_,1618,d3517380b13aefa27968c8c082fa29da04a25e79d5124e2c5cb24faafe680728
Corn_(maize)___Common_rust_/RS_Rust 2684.JPG,Corn_(maize)___Common_rust_,1619,c5594803eaeee8cf56e4b40e1ee363724a72c7f1d0da23956751af1f0976e49a
Corn_(maize)___Common_rust_/RS_Rust 2685.JPG,Corn_(maize)___Common_rust_,1620,2f674499134636acfb36786ee3a8b0bf8f31c3f1225493974bbb0f366477378b
Corn_(maize)___Common_rust_/RS_Rust 2686.JPG,Corn_(maize)___Common_rust_,1621,207c224942c00cd0b1010a000c0566c77d5247b024a13d4a8f5f1a34d8ea81ef
Corn_(maize)___Common_rust_/RS_Rust 2687.JPG,Corn_(maize)___Common_rust_,1622,bb7ddfc03b5687f69a237e607d40e7164221e6dcea88dc9d65b5fa19ab9ca862
Corn_(maize)___Common_rust_/RS_Rust 2688.JPG,Corn_(maize)___Common_rust_,1623,4a9abc3614313ae55da9a727b8ecba6472cfc1913c5f34653e6d8328e9e98af1
Corn_(maize)___Common_rust_/RS_Rust 2689.JPG,Corn_(maize)___Common_rust_,1624,e3d0aa05ed4ea62d98eabc3d61a5b2250bb4029b1dcc6b1514c59b4f3a90a3a8
Corn_(maize)___Common_rust_/RS_Rust 2690.JPG,Corn_(maize)___Common_rust_,1625,ab77335034761377251bd4a68df4248aed4abdc3ff5642578b9905dfca4bf019
Corn_(maize)___Common_rust_/RS_Rust 2691.JPG,Corn_(maize)___Common_rust_,1626,c36806054ee13ef5abaa329d29babce57b9d7adf72e5aa78db2cf4bcee9381f6
Corn_(maize)___Common_rust_/RS_Rust 2692.JPG,Corn_(maize)___Common_rust_,1627,32144fb85628657994668e14c90e405ffc0fcf2a8fe8d7455f9b1bdc8e48e7e2
Corn_(maize)___Common_rust_/RS_Rust 2693.JPG,Corn_(maize)___Common_rust_,1628,257bde63d6e5b13b981a9c1be2738dfc7c1579e6ecb953f390fbef4deaa4773d
Corn_(maize)___Common_rust_/RS_Rust 2694.JPG,Corn_(maize)___Common_rust_,1629,8df98cd0ef65845b860eab16f6d3383c9378bcc8eab1c9e8b768e902ed10a45d
Corn_(maize)___Common_rust_/RS_Rust 2695.JPG,Corn_(maize)___Common_rust_,1630,c611011b04433e4b74e98d6e2ac69bbad1c9da0aa1eccb2b684b794aeeda73e3
Corn_(maize)___Common_rust_/RS_Rust 2696.JPG,Corn_(maize)___Common_rust_,1631,2ee345ebb3f3589e6d79dddc7fab887f2322c542247d048cf039d7eb8462f525
Corn_(maize)___Common_rust_/RS_Rust 2697.JPG,Corn_(maize)___Common_rust_,1660,5209352fdfc35c6c48366ef7f01ae9e46120dec81e6ae0fa91860472dc4280a2
Corn_(maize)___Common_rust_/RS_Rust 2698.JPG,Corn_(maize)___Common_rust_,1633,9d9f483c146c6cd2a76b5afbc158e16872a57dac0b7a117964bac9ef70f7087a
Corn_(maize)___Common_rust_/RS_Rust 2699.JPG,Corn_(maize)___Common_rust_,1634,088177733de1f51cd9ae5d982dd5fa821af01971da80acc023150b7d02e4cdc7
Corn_(maize)___Common_rust_/RS_Rust 2700.JPG,Corn_(maize)___Common_rust_,1635,129b0ade16086146c18b83e98f972f0cf2875322458d804ab0bf995a0cc1c462
Corn_(maize)___Common_rust_/RS_Rust 2701.JPG,Corn_(maize)___Common_rust_,1636,fdd071447c0253cff79f7cce6697db06d336ad950ffbf9304665293dcbcff713
Corn_(maize)___Common_rust_/RS_Rust 2702.JPG,Corn_(maize)___Common_rust_,1637,7d586f06f6909d5e89f9287c88ee86a81cf0d93928eab361879b2142c22b92a8
Corn_(maize)___Common_rust_/RS_Rust 2703.JPG,Corn_(maize)___Common_rust_,1638,e5512b585baf67ed18cb969e948ce0a7cf9c47f28e799cfa9d433d0c5d7ee06e
Corn_(maize)___Common_rust_/RS_Rust 2704.JPG,Corn_(maize)___Common_rust_,1639,b432485075d69aea63a1032384db0ea883f091759a02bef957cc3e1090f405dc
Corn_(maize)___Common_rust_/RS_Rust 2705.JPG,Corn_(maize)___Common_rust_,1640,f3c433f508bcab7a325a02a06c981bc723844b188dbf7f1dcde3ce97e43894c5
Corn_(maize)___Common_rust_/RS_Rust 2706.JPG,Corn_(maize)___Common_rust_,1641,c7b5779213feba65039836a00c92c29de8422f0e79eda347f871a7b378c77e58
Corn_(maize)___Common_rust_/RS_Rust 2707.JPG,Corn_(maize)___Common_rust_,1642,ae8fc81a4a5addd0edc9221f9fb11e67a0ee5355f121ed15ad081184b66f0094
Corn_(maize)___Common_rust_/RS_Rust 2708.JPG,Corn_(maize)___Common_rust_,1643,0552a31dbdf7e12056a31740b32704061a0baae80eb2641004ab3ff516de3c5e
Corn_(maize)___Common_rust_/RS_Rust 2709.JPG,Corn_(maize)___Common_rust_,1644,4ac511971e7bced627f939add4b64b6358b9e5fd0b93ca9c03710262d40f3a9a
Corn_(maize)___Common_rust_/RS_Rust 2710.JPG,Corn_(maize)___Common_rust_,1645,e939a03c171ee919e2648312819502d8e8de906d08176e6717bb778eb186cf29
Corn_(maize)___Common_rust_/RS_Rust 2711.JPG,Corn_(maize)___Common_rust_,1646,7ded0cf1f932619a380f15f66be39ba05bc7c35fcf7528cf7e6f0f8dab7026ad
Corn_(maize)___Common_rust_/RS_Rust 2712.JPG,Corn_(maize)___Common_rust_,1647,e698bcc39a5a65f23623569a22738c946a9de49b88ff97c1155e23d4dfa3b18c
Corn_(maize)___Common_rust_/RS_Rust 2713.JPG,Corn_(maize)___Common_rust_,1648,faedb7a9766a86eadb01ab8f4ed7f9edc763fca68ae992885ca4eb174e7c4318
Corn_(maize)___Common_rust_/RS_Rust 2714.JPG,Corn_(maize)___Common_rust_,1649,435d283d1b2a63fc4af84cbc4347dd35171fb1371df156093c145a3c4e09ce65
Corn_(maize)___Common_rust_/RS_Rust 2715.JPG,Corn_(maize)___Common_rust_,1650,a2cf63107ad9987f27a90d09d0a2a90bc873caa0449353e7531e562a94389b5b
Corn_(maize)___Common_rust_/RS_Rust 2716.JPG,Corn_(maize)___Common_rust_,1651,3299c24d58055c63d2a3a3933a2fdb41bf3c7e12546b1f2931342fd75c89a26b
Corn_(maize)___Common_rust_/RS_Rust 2717.JPG,Corn_(maize)___Common_rust_,1652,cf3c814e4fa8b347ec61233ee77550026201447498227e3bb50bd0a00fd85a31
Corn_(maize)___Common_rust_/RS_Rust 2718.JPG,Corn_(maize)___Common_rust_,1653,013f521833dbf1175f69ca55b56f9450813a18a9f16610c9f4a2022f2f37e281
Corn_(maize)___Common_rust_/RS_Rust 2719.JPG,Corn_(maize)___Common_rust_,1654,2b256b6b68823f04d6a62ff2b41237ba1c4734ea742f7d045693078b85747d5c
Corn_(maize)___Common_rust_/RS_Rust 2720.JPG,Corn_(maize)___Common_rust_,1655,4580d7d2bc78782788c15d21a8960229dabe133dee71b6c9d07030132dd8f2cb
Corn_(maize)___Common_rust_/RS_Rust 2721.JPG,Corn_(maize)___Common_rust_,1656,5ade89aa5cb0b5f48496c2674a61c3b08ab8c90417563258fd528185b600f3fd
Corn_(maize)___Common_rust_/RS_Rust 2722.JPG,Corn_(maize)___Common_rust_,1657,d35e94b187590ee153b57e5c259c9a2a80558574a704ddcdb188f5bcf089d94b
Corn_(maize)___Common_rust_/RS_Rust 2723.JPG,Corn_(maize)___Common_rust_,1658,248629a17d92d02cd5a1cbffbe3b49c90b9281873167d0e3c9e87750db4bccbc
Corn_(maize)___Common_rust_/RS_Rust 2724.JPG,Corn_(maize)___Common_rust_,1659,2eb8b782ee5ada13795f071c8cac2371e54801025530c875f9efa13d5c9694e1
Corn_(maize)___Common_rust_/RS_Rust 2725.JPG,Corn_(maize)___Common_rust_,1660,c724edea8266db18dd6caebe630e5e0300c63a9aa35d94b0c47064eeabb619e6
Corn_(maize)___Common_rust_/RS_Rust 2726.JPG,Corn_(maize)___Common_rust_,1661,b347332beb7c9c6910ab9ccb0b1558077800bea6cefa6f05ffc8ac2f92427c3d
Corn_(maize)___Common_rust_/RS_Rust 2727.JPG,Corn_(maize)___Common_rust_,1662,1be6d39973d344f45bf536c488129aa00d70f5475a8e49220eaf6c2f53a3bd26
Corn_(maize)___Common_rust_/RS_Rust 2728.JPG,Corn_(maize)___Common_rust_,1663,da33a3834120cd4ff5d517186f1fb29c527534101a5ac42a935dac1fdaf58ad4
Corn_(maize)___Common_rust_/RS_Rust 2729.JPG,Corn_(maize)___Common_rust_,1664,a72880cc08346c155a5839366a1878993064bffca1daa50be54b4a795f10a7a1
Corn_(maize)___Common_rust_/RS_Rust 2730.JPG,Corn_(maize)___Common_rust_,1665,d9580b856685fd2175f0a3d7ebb4eaf9d9d70b40505ff79d43f9dd238d67fdd2
Corn_(maize)___Common_rust_/RS_Rust 2731.JPG,Corn_(maize)___Common_rust_,1666,a2a55ee43b835235deab6c167be4b420cd133b5392f637b0c50af1b30a6201e5
Corn_(maize)___Common_rust_/RS_Rust 2732.JPG,Corn_(maize)___Common_rust_,1667,114675e4de1372d1bd9e2b01e7fda41b96f45428900f0238ce8c01786284c45a
Corn_(maize)___Common_rust_/RS_Rust 2733.JPG,Corn_(maize)___Common_rust_,1668,9e8d6dda83508b6c753088ad2c07f61734359593320784bae0fa667521fec903
Corn_(maize)___Common_rust_/RS_Rust 2734.JPG,Corn_(maize)___Common_rust_,1669,3e25b83b81f705e3025860cf824afa79dffd8780d1b0a284ce75ccd787afdf35
Corn_(maize)___Common_rust_/RS_Rust 2735.JPG,Corn_(maize)___Common_rust_,1670,eeea795f3e69c301f25068e5957c7791bc8c7b5c59e5a8889a05dd8bf37f0019
Corn_(maize)___Common_rust_/RS_Rust 2736.JPG,Corn_(maize)___Common_rust_,1671,678abc95ff33da63701fdaa3057400d80255855c4194896d6ac5061bac85cb8e
Corn_(maize)___Common_rust_/RS_Rust 2737.JPG,Corn_(maize)___Common_rust_,1672,d5b105957babe492f9108348253ca4e3a44f90646adc68aa9e0d32211cc1a50c
Corn_(maize)___Common_rust_/RS_Rust 2738.JPG,Corn_(maize)___Common_rust_,1673,bd02b19e1f3ef0ef0a0869b9a01dfda3c8c2e8796decd1960c96c6a48ebaa221
Corn_(maize)___Common_rust_/RS_Rust 2739.JPG,Corn_(maize)___Common_rust_,1674,79c7f84bb2a4a3226eaa0c6951ec5733a2dfbc9bb178b2c70c1d014e5dd799bd
Corn_(maize)___Common_rust_/RS_Rust 2740.JPG,Corn_(maize)___Common_rust_,1675,53012b16c2451946bb0711d67c92e1e74b0e17218e96522724c7c67798559a96
Corn_(maize)___Common_rust_/RS_Rust 2741.JPG,Corn_(maize)___Common_rust_,1676,cb4afae298e9fe39438f501820806d115497a51ee299ec4bcaeda19828c99a00
Corn_(maize)___Common_rust_/RS_Rust 2742.JPG,Corn_(maize)___Common_rust_,1677,f5457ad73f5683965f5e51c1248811cbf53c2eb9e858f57996e0a16ccaa182a9
Corn_(maize)___Common_rust_/RS_Rust 2743.JPG,Corn_(maize)___Common_rust_,1678,315349bf996fff9db1d1ef009186de194052b20663d8896770126410a850f2d3
Corn_(maize)___Common_rust_/RS_Rust 2744.JPG,Corn_(maize)___Common_rust_,1679,87b30373c316832e5bae6a05020c5490a8e5544c2154ce6789d8cb8560d5ea92
Corn_(maize)___Common_rust_/RS_Rust 2745.JPG,Corn_(maize)___Common_rust_,1680,a2ec85b8b69f2fdd61dea6ca60945b95b5e71da92e082c728787d4c7e8457a84
Corn_(maize)___Common_rust_/RS_Rust 2746.JPG,Corn_(maize)___Common_rust_,1681,5704a4b83fed9967844bfe326fc9b68317c7bcf8c9d1f315c971c716e8fbaa49
Corn_(maize)___Common_rust_/RS_Rust 2747.JPG,Corn_(maize)___Common_rust_,1682,50f608f162beffa7ca8b71f80c487c109b2133f2718888c4ee37b47c44ba53e5
Corn_(maize)___Common_rust_/RS_Rust 2748.JPG,Corn_(maize)___Common_rust_,1683,520fd8173ffaff3df90f14ecaeddce864c894962c7ad40f48638ef0c5003acef
Corn_(maize)___Common_rust_/RS_Rust 2749.JPG,Corn_(maize)___Common_rust_,1684,a1826412f9c95ef9a0e2c5841e69b3380b8cfdc8ce61a453c80f0309dffd2b00
Corn_(maize)___Common_rust_/RS_Rust 2750.JPG,Corn_(maize)___Common_rust_,1685,e881a683a5f2cb4769d8f3835432bfd56c71a5a3d5deed293d05cbc7a85b8004
Corn_(maize)___Common_rust_/RS_Rust 2751.JPG,Corn_(maize)___Common_rust_,1686,ef2cd288e89783e1283809841490bfcd70fbe48a56720ee75b57a9380d42c493
Corn_(maize)___Common_rust_/RS_Rust 2752.JPG,Corn_(maize)___Common_rust_,1687,f8532216dd3c6a9cf62fb7ad939bcce7129ed864db4625847ca2e7113a1cb5b5
Corn_(maize)___Common_rust_/RS_Rust 2753.JPG,Corn_(maize)___Common_rust_,1688,7a7f8a16a340b56ef9209b961464d694ac7a188110a4f5d6a87ac6124de2788b
Corn_(maize)___Common_rust_/RS_Rust 2754.JPG,Corn_(maize)___Common_rust_,1689,34113c07b008dd53f66f24ca06d3eb576addab26155a13e00b287eb37a182b94
Corn_(maize)___Common_rust_/RS_Rust 2755.JPG,Corn_(maize)___Common_rust_,1690,674df13a7cb1352bf35b95d8ebd41364050e64beb8c34b387928533efa6fa2ad
Corn_(maize)___Common_rust_/RS_Rust 2756.JPG,Corn_(maize)___Common_rust_,1691,bb174fcf0e8ba92b7993371e49eeb069b55577ecc4797cb2d2b397941cfeca28
Corn_(maize)___Common_rust_/RS_Rust 2757.JPG,Corn_(maize)___Common_rust_,1692,490ddcc93f213b1c8c2797581298bc4579fb4c48676f4f309636473b72ae9e26
Corn_(maize)___Common_rust_/RS_Rust 2758.JPG,Corn_(maize)___Common_rust_,1693,ca580555c4a76a5b6ac36a72eadcadaf21fc09a3059fef0a512fc03fa59c0761
Corn_(maize)___Common_rust_/RS_Rust 2759.JPG,Corn_(maize)___Common_rust_,1694,05559c875572c188ce56fc63d424542131ae2154069052944024cd8251522e86
Corn_(maize)___Common_rust_/RS_Rust 2760.JPG,Corn_(maize)___Common_rust_,1695,7d447893aea5627b191c146d4d71c101f47c779b2a12d55e914644b5aa158180
Corn_(maize)___Common_rust_/RS_Rust 2761.JPG,Corn_(maize)___Common_rust_,1696,2d1ceb93c944e1fe485adb6f07c15024499a8750d3cb6fb233c6b8b01048e934
Corn_(maize)___Common_rust_/RS_Rust 2762.JPG,Corn_(maize)___Common_rust_,1697,81c1fa202be706bb2d1f151c49cd935137d2ef46eeb2cd9b0359375f4a7b76a3
Corn_(maize)___Common_rust_/RS_Rust 2763.JPG,Corn_(maize)___Common_rust_,1698,a6692c3cf7f6d72c8932ec29a5593578c759dd351f1e13f08075bc7d1893f93f
Corn_(maize)___Common_rust_/RS_Rust 2764.JPG,Corn_(maize)___Common_rust_,1699,6531c36a68ec9af7f46c410bb82079151d03d0c25763057a99f00c2cb2f97ddc
Corn_(maize)___Common_rust_/RS_Rust 2765.JPG,Corn_(maize)___Common_rust_,1700,9b6d0a584951971625044de2b800da97994fa5a9a8405ae866669e7590e74566
Corn_(maize)___Common_rust_/RS_Rust 2766.JPG,Corn_(maize)___Common_rust_,1701,7f4705881ba4d0be9bf28e40e404019227014a659e82210b93a400e93c5d3e92
Corn_(maize)___Common_rust_/RS_Rust 2767.JPG,Corn_(maize)___Common_rust_,1702,2e770b1099984821d754a8838324418e52dab8230761e2f6e0d27b9d037703cd
Corn_(maize)___Common_rust_/RS_Rust 2768.JPG,Corn_(maize)___Common_rust_,1703,4f1cc17b42b5d45f0dcf3f6379cc73258eb12c4bd6e8d5f3591220e1c86fdbde
Corn_(maize)___Common_rust_/RS_Rust 2769.JPG,Corn_(maize)___Common_rust_,1704,7d2bb65cb64cbd6ec03bc2b154268f705e8063a5deeaebbba6ce7002724fe9ec
Corn_(maize)___healthy/00031d74-076e-4aef-b040-e068cd3576eb___R.S_HL 8315 copy 2.jpg,Corn_(maize)___healthy,1705,08fead265cb88ae4d4fb05bb9f8ebf4e56d1917b14a60843ed8db75f6344868f
Corn_(maize)___healthy/00665f92-adb0-41eb-bba7-9eeadecfe10e___R.S_HL 8325 copy 2.jpg,Corn_(maize)___healthy,1706,e248578fd042c9ef0a445c89776dac7459d21a3aae816587e650b0c75319d08d
Corn_(maize)___healthy/01c3bf88-d315-42a3-8fa1-fc80a05c97f1___R.S_HL 8189 copy.jpg,Corn_(maize)___healthy,1707,4ef4ef9e5e8056959578408401c8a9b65b4333a31659ace12aea6cfaa7a0295b
Corn_(maize)___healthy/026bd735-b9f4-4eab-86f3-23df15dbec95___R.S_HL 7938 copy.jpg,Corn_(maize)___healthy,1708,2e13237e65d9bb1d8a2f0b4a1239967621794b4387c21f5c7f11210263357530
Corn_(maize)___healthy/028ed539-32f5-4540-a6af-466179837de9___R.S_HL 8212 copy.jpg,Corn_(maize)___healthy,1709,84904b423236bad8edddd412cea1ac4e657b74b60171afbfc144633c62e378f2
Corn_(maize)___healthy/0292a37f-07d0-401f-83d8-cde4c98547d8___R.S_HL 0630 copy 2.jpg,Corn_(maize)___healthy,1710,38262661465ce42987882af10f48a2ec4972e5633620f13eb3b97b20a8cfe553
Corn_(maize)___healthy/02ab8d66-0385-43db-855a-ea5f8811ebd5___R.S_HL 7954 copy.jpg,Corn_(maize)___healthy,1711,3714263db3eb9cd92606dfc19a4788a8b4b7caf1c85bb5374cd7f4e657f16362
Corn_(maize)___healthy/02e76b75-f201-44ee-a694-35edf97cc82b___R.S_HL 8015 copy.jpg,Corn_(maize)___healthy,1712,7ed8a1bb54e23a7525c964a8bf7bff02af721f97667cb751c18112b9c0c9a529
Corn_(maize)___healthy/03000565-29dc-4d56-8132-a5d0d36a8359___R.S_HL 0602.JPG,Corn_(maize)___healthy,1713,f2598015f3d94a345b3904a8e4733d95d3dea4abea3afa91e56eed5a75058888
Corn_(maize)___healthy/0305800e-de91-4742-b923-f9a1c0799392___R.S_HL 8116 copy.jpg,Corn_(maize)___healthy,1714,1d34ab13b81e173605505983f2a420dd7f02ef2ec34d53cbf5dd2db1985ca6d6
Corn_(maize)___healthy/03297f41-30ff-42db-a482-84665adfe4da___R.S_HL 8260 copy 2.jpg,Corn_(maize)___healthy,1715,d6186021ab407c2d2666700b0705e3c4babf80d13f366e20ed15cea3358ccedd
Corn_(maize)___healthy/03fc887f-e206-4233-8829-ff7070bb3449___R.S_HL 5519 copy 2.jpg,Corn_(maize)___healthy,1716,b9d31873588ba3148b3755b883d55ef9c2aae4ed1ace293ecb25e61bf6342799
Corn_(maize)___healthy/04506233-3040-4d4b-9e8f-acdd0a1e9693___R.S_HL 7942 copy 2.jpg,Corn_(maize)___healthy,1717,12356ec81fa6d4daea41db0d7cbba9b264ea99e88db5b06de013453f783187a2
Corn_(maize)___healthy/0487da8b-736c-4310-82d2-fa8acf4aed07___R.S_HL 0646 copy 3.jpg,Corn_(maize)___healthy,1718,ac0ff4c519475d5fa8480e912396cfb6c8141e92820f1d6fb18f4a508e2e8fd8
Corn_(maize)___healthy/04ed222d-d287-4199-b412-f2f07c872bee___R.S_HL 8101 copy 2.jpg,Corn_(maize)___healthy,1719,91c7ec0d0f4d779d937e60ae1bf5d5cf66adf20d8963f59feacf2f0f12532489
Corn_(maize)___healthy/04fd8e07-f450-4a00-ab97-b7b033226ddd___R.S_HL 7952 copy.jpg,Corn_(maize)___healthy,1995,34f699981f200e2c5d4cbeefbf5d498ec65116f60abb221f4dbad31b6034fd3a
Corn_(maize)___healthy/052169e1-a51d-4ff7-8b70-f07f3d2500c5___R.S_HL 0650 copy 2.jpg,Corn_(maize)___healthy,1721,684c8e01b1a6442553b9fb44a866eb0022887ca3c63feeafa71f7d940c25b4a6
Corn_(maize)___healthy/057c048a-6232-4657-8270-5a3e2d468970___R.S_HL 8240 copy.jpg,Corn_(maize)___healthy,1722,ef09e455e53977c1b976cc47c9492a434bd5c0e042a2bc18d8f0ff740a3d04cb
Corn_(maize)___healthy/0618b46e-b4fb-4069-9b95-6c6c2387688a___R.S_HL 0609 copy 3.jpg,Corn_(maize)___healthy,2424,8bb780c3ac6817e804d1f0f3e1a9d7a6e90fa001e0035ddeb6c922022d17423b
Corn_(maize)___healthy/062b0c0f-94fa-4c58-b735-2ba65e4dc9b9___R.S_HL 7947 copy.jpg,Corn_(maize)___healthy,1724,1b00cbcd3cd7ab556ed1c5bbf96cc3b0db57c4ebeecd125960b734e6a1cf2b27
Corn_(maize)___healthy/0630fcdc-33c1-478b-882f-07da48cf8002___R.S_HL 8026 copy.jpg,Corn_(maize)___healthy,1725,4e50c7bb41bff52143cef2e9a1b1cd38cc561a036bb07c50d5f1903f070bc109
Corn_(maize)___healthy/06612347-fe75-4026-9ed0-8cb1587b60a6___R.S_HL 8130 copy.jpg,Corn_(maize)___healthy,1726,618d814fa5a58313a7040686f249dea1675d5abf704fa81352792bd47894dfc8
Corn_(maize)___healthy/0673a42c-74f8-4fe8-b07b-401592875c57___R.S_HL 5536 copy.jpg,Corn_(maize)___healthy,1727,9a0ea01280ef06377e17cc9b47d3098b0cfb1230ab87be6c1c35d4ce58760a53
Corn_(maize)___healthy/068794e5-0a99-405f-bbb9-1f954e11942d___R.S_HL 7909 copy 2.jpg,Corn_(maize)___healthy,1728,148f56843b55d6b0c8b8c5dc5869a6ce1bdfb8c741d80f7df481efdf7bbca7a9
Corn_(maize)___healthy/06ebb8a5-b811-465a-923b-849b27969bad___R.S_HL 0632 copy 5.jpg,Corn_(maize)___healthy,1729,df6d757e720bdf445b650421d40fcc21ebdc1ff7d87bce61f338194a96874c8e
Corn_(maize)___healthy/06ec8081-1520-43e3-bda7-d74467f55992___R.S_HL 7935 copy.jpg,Corn_(maize)___healthy,1730,f7dc3db7128eb847c1fd3908b70556458820f84c217048c8854db7f38167886b
Corn_(maize)___healthy/06f252bb-2ceb-4ca3-a25b-3c8016ee7ee8___R.S_HL 5498 copy 2.jpg,Corn_(maize)___healthy,1731,44b2372bfa2866837e42d5685b2dccbaed85ff32f48f98d475e4d0f98c8c4b0d
Corn_(maize)___healthy/06fc07d3-2c82-4538-9d0e-bff9808cd3fe___R.S_HL 0639 copy.jpg,Corn_(maize)___healthy,1732,8cc9fd9004123d6016314f0a3bb7b7779db35c8342350846c93fd4f64b448094
Corn_(maize)___healthy/07078bdc-44b5-4103-8f13-bf889f7371c5___R.S_HL 8068 copy.jpg,Corn_(maize)___healthy,1733,78cc5bbfc2938e6ea57a980c68aa29b0b1b0bc3410edbe5410ab019cfd1a5296
Corn_(maize)___healthy/07317e94-df27-4c29-bd69-6c5e54a0457d___R.S_HL 7998 copy.jpg,Corn_(maize)___healthy,1734,2b7f9e55821d779ff01cac7d5be1d538a5f44fb2292f5b7fa417a87991ce0ac6
Corn_(maize)___healthy/0761360f-9118-4019-a513-e0b80d871a3d___R.S_HL 8175 copy.jpg,Corn_(maize)___healthy,1735,16536ae13d4fe02cb7ac92c04e4ffa00517f76a1bb1d26578049937623997139
Corn_(maize)___healthy/0788fd06-d2f5-4f2d-9fc0-27eee3f437fc___R.S_HL 8243 copy 2.jpg,Corn_(maize)___healthy,1736,b67cd3bb0bf53278401f3a8b5cf4129b79307747b6fcff83e03bdb751e372188
Corn_(maize)___healthy/07eae7fd-96f5-4f09-ba7a-1b108987c6af___R.S_HL 0600 copy 3.jpg,Corn_(maize)___healthy,2754,68b6f34bbf05f8947d038c7aa8718686f8535afae187b5b023388baef4825926
Corn_(maize)___healthy/0809c606-2a44-4c38-be5b-6321859d8829___R.S_HL 8137 copy.jpg,Corn_(maize)___healthy,1738,d229bbcc72a55ef65754987d7bfa406b2bb7c0202b3acb2a03f8d2730b7a0d48
Corn_(maize)___healthy/0863939a-3e44-41c2-b1a4-e603cb989993___R.S_HL 8014 copy 3.jpg,Corn_(maize)___healthy,1739,bfb6841bf57240826c880172db45da0770214da128baf3a75c0d5be93b6d06a5
Corn_(maize)___healthy/086c8cca-951a-4c1d-93b9-e225b628f2fd___R.S_HL 8024 copy.jpg,Corn_(maize)___healthy,1956,5da03fe49b6be4b953ffbbb3d945c334b896eb4857cc718e3a606e7f486c4c9d
Corn_(maize)___healthy/09282d61-1bed-4af6-8813-88328f2bd312___R.S_HL 8016 copy.jpg,Corn_(maize)___healthy,1741,26f2b185c9e84b3dfab2d553cbd0493bca974166521f340edc8998ab40895348
Corn_(maize)___healthy/093cf670-66a2-4bc6-bdb5-0c3d2ea6dab2___R.S_HL 8302 copy.jpg,Corn_(maize)___healthy,1742,d7a1979a91ca8cdd461a8a7b023b033d9b8fba034e80838b4eb6dbfbe65c959c
Corn_(maize)___healthy/095ac154-37a5-4511-b4e1-4b3853f9c1cb___R.S_HL 0601 copy.jpg,Corn_(maize)___healthy,1743,bc93273fad9e762ad649a3f655963af7ae1f6a3b08f2397c1397fda590906e98
Corn_(maize)___healthy/098a17fd-0351-4f0f-a4a8-6f2a638b4afb___R.S_HL 7897 copy 2.jpg,Corn_(maize)___healthy,1744,ac6cc91daa0888a33e23537f8360aec4dd34cad94e377273f087e514e9e7b091
Corn_(maize)___healthy/0997fbc9-8297-4a33-ab73-6f8096f5bc04___R.S_HL 8186 copy 3.jpg,Corn_(maize)___healthy,1745,705024485f6a4e7fd10e96f65b076371d624a811c40cfde667c9b6599eb63260
Corn_(maize)___healthy/09cc5ed5-8de6-4a45-9cc2-166363c5a1e2___R.S_HL 5558 copy.jpg,Corn_(maize)___healthy,1746,edbf5c431a9128d9122314009860fdb0cda61878355e0bcb8780d8f5739e81e0
Corn_(maize)___healthy/0a1a49a8-3a95-415a-b115-4d6d136b980b___R.S_HL 8216 copy.jpg,Corn_(maize)___healthy,1747,97657260d766f621fcaeecc7dc287a0704006d0847374c142e93678a5c3939e1
Corn_(maize)___healthy/0a2dec45-729b-4825-b814-a73d14e8c7fe___R.S_HL 8211 copy.jpg,Corn_(maize)___healthy,1748,18cfaace8860c723c48ea31a33909dc8c0ddea03d9d0253d038dfc7cd16ab925
Corn_(maize)___healthy/0a5cb475-a6e8-4233-b251-bc5165868730___R.S_HL 7978 copy.jpg,Corn_(maize)___healthy,1749,29cb5ddee2c18130abba7217a3f8dd0f6cd807ee2a83d87514f8aae4fd2e0caf
Corn_(maize)___healthy/0a68ef5a-027c-41ae-b227-159dae77d3dd___R.S_HL 7969 copy.jpg,Corn_(maize)___healthy,1750,c02f6d9ca2907774596d52f36c038e3a2e8e3e47a13c7e7c4f865ce44b36bf68
Corn_(maize)___healthy/0a72d779-4df2-4365-9251-1733a1a1085c___R.S_HL 7992 copy 2.jpg,Corn_(maize)___healthy,1751,c393f833ce99b3ed0e103a8433448c848953ec88d7f9e0045f69b16bb70ab827
Corn_(maize)___healthy/0a966c0b-85d0-41ea-82d2-3121f9325460___R.S_HL 8180 copy 2.jpg,Corn_(maize)___healthy,1752,7652afbeec9515127c90635ede55164531a9a5c05f0d2e8a723b6c9ea5904ff3
Corn_(maize)___healthy/0ad1f85a-765f-43e5-8b7b-4a7521be768d___R.S_HL 5520 copy 2.jpg,Corn_(maize)___healthy,1753,24b2ce20f8b25c7a282ecb5a6ca91760e10c63cd217986f00321842d3b39c958
Corn_(maize)___healthy/0af3d913-471e-4769-9372-e0af517ba507___R.S_HL 5524 copy 2.jpg,Corn_(maize)___healthy,1754,f1764c205dd0f41b8d78db8bee4950449114836d5c9459f0922cb1f145c71df7
Corn_(maize)___healthy/0b03beed-0247-4d38-87ba-eb5b94415312___R.S_HL 8233 copy 2.jpg,Corn_(maize)___healthy,1755,a623ed5f13132bc70b424e82e0222867a2609903052ab55bd55c6cebdc370411
Corn_(maize)___healthy/0b1610fa-438a-42e2-9ba2-274bb64a29ed___R.S_HL 8091 copy 2.jpg,Corn_(maize)___healthy,1756,ed64566e0d25bed48c667e2cd48286ddde04758ccd3d9442214eba7ee219d13a
Corn_(maize)___healthy/0b2282ef-75e9-47e8-878f-6e1557dc1f00___R.S_HL 8312 copy.jpg,Corn_(maize)___healthy,1757,d5fa22a4f721ad4b5f697a1c3936fb628700af4d5f8c0e4dd8f1cb9c2a0a9dc8
Corn_(maize)___healthy/0b703646-9307-401b-bd31-ace32353d467___R.S_HL 5499 copy 2.jpg,Corn_(maize)___healthy,1758,48ee0d606691cd9d70b38014158dea64cb006890116e0b1a3aeaeed44142034f
Corn_(maize)___healthy/0b799242-624f-46fb-acd3-a9352e8b4213___R.S_HL 8216 copy 2.jpg,Corn_(maize)___healthy,1759,35d5adc337bc6353ff3ccee7140df6c161964cb8075cd5ae720474c58da9286e
Corn_(maize)___healthy/0c039121-6d23-423a-9df3-f86b3ee035da___R.S_HL 8082 copy 2.jpg,Corn_(maize)___healthy,1760,2592da1592e561a67d568abfb99291460e1ebdbf799296907897b9717834cf74
Corn_(maize)___healthy/0ca3c51a-3f26-4668-aaad-a7924667f855___R.S_HL 8193 copy 2.jpg,Corn_(maize)___healthy,1761,36727131464ffd5f8e7911992e717e1c3c8fb943362a9847f579be97eba06e1f
Corn_(maize)___healthy/0cdeb628-7351-4bff-abfe-dfe75ad931e4___R.S_HL 8224 copy.jpg,Corn_(maize)___healthy,1762,f61b78d763601eb88940c1959f3ddafc7b6d8170d88203cbe73c27d85454b226
Corn_(maize)___healthy/0cff7eca-bb9e-4cc3-ad7a-23694bdba903___R.S_HL 8289 copy 2.jpg,Corn_(maize)___healthy,1763,46eeda224025e12459576dcd5dc077470158d219b6d505f6a10624bdbf952b2d
Corn_(maize)___healthy/0d0d4a6f-784f-464b-89e8-f962d375e4be___R.S_HL 8253 copy.jpg,Corn_(maize)___healthy,1764,0823b90473c33a9e915b618503baf2765dff90d69e14609ba2b0b2032a9289fb
Corn_(maize)___healthy/0d27e784-5661-4474-9806-3453c7ef3bf5___R.S_HL 5511 copy.jpg,Corn_(maize)___healthy,1765,7d9333cd1cfa6aad1a93d032a32b4d480d88466889c946f57cbdd8e1a2ec5661
Corn_(maize)___healthy/0d61ead9-f316-408e-88f5-fbecdfb11c1a___R.S_HL 8324 copy 3.jpg,Corn_(maize)___healthy,1766,1f3f7a5dd8197f0192ecea1de9059d7465b33b1202eb9010226915e69ff63f2a
Corn_(maize)___healthy/0dbd11d8-bf4d-48e1-a154-bf99de9caf64___R.S_HL 8227 copy.jpg,Corn_(maize)___healthy,1767,de2593e0536294b92e8f43e95f336daae148d18efadd6db075e17212e27048f4
Corn_(maize)___healthy/0e056ce8-3e28-4a07-bae2-33c9e96d1ada___R.S_HL 0652 copy 2.jpg,Corn_(maize)___healthy,1768,c4a1b000c1db3b96f7303bfed34ed2f78e3afaf98bc5d6e52f338972fe2d5a99
Corn_(maize)___healthy/0ee6c8d6-534f-4fc5-92bb-fac9d226c70b___R.S_HL 8011 copy.jpg,Corn_(maize)___healthy,1769,1a0bcec7b2ba69370bb4d59edb98587d7e3b609a2543cbf4d78c5e54d29a4dae
Corn_(maize)___healthy/0f16ec85-220f-4b3f-8a89-6e463676c8b0___R.S_HL 8013 copy 2.jpg,Corn_(maize)___healthy,1770,eafcae38d90bf170631f9e74618a2ad2e275fb55cc929be7950620ee9428f160
Corn_(maize)___healthy/0f1f7e10-1ca9-488c-8c59-a736d0d7fb4d___R.S_HL 8040 copy.jpg,Corn_(maize)___healthy,1771,77db1bfec6ab84db38b1a2197393fa55deb87327a515e8aa015ad43d32660b0d
Corn_(maize)___healthy/0f3ce24e-fcf4-4738-94db-dc39881c0c73___R.S_HL 8038 copy.jpg,Corn_(maize)___healthy,1772,3db710f523e75ede77ec6f994f14231ca5e5580fadb6c1c42ebdf1a9da8f882c
Corn_(maize)___healthy/0f6d1e23-9ac3-4d2d-bd32-9b0cb91bf4e3___R.S_HL 0625 copy.jpg,Corn_(maize)___healthy,1773,adc9fe10ce74397dd3809d6798fbf88809e05feea456cd3caf33962098730564
Corn_(maize)___healthy/0f735e65-a30d-47b3-bf2f-d857a8e5a7d7___R.S_HL 8042 copy 2.jpg,Corn_(maize)___healthy,1774,afd64b719177e10baeb5894192c6289de3264a458630853951bf0d9dce5e6a65
Corn_(maize)___healthy/0f80ca6d-b0a3-4c59-bf37-f89bc3eea6ce___R.S_HL 8018 copy.jpg,Corn_(maize)___healthy,1775,be90c5f9d4074629195ccb6c48f336045f7e79d2016f89656187efe539391c0d
Corn_(maize)___healthy/0f9d8b9a-a49d-4641-b956-dc0963d7b6da___R.S_HL 8148 copy 2.jpg,Corn_(maize)___healthy,1776,fe33b57f621c24dfefa2d86418873b6db8d42f056fff7990f85cab6ae2198cf3
Corn_(maize)___healthy/0fc33543-ee37-47e4-9207-5c4e5ee8302c___R.S_HL 8257 copy.jpg,Corn_(maize)___healthy,1777,2e002f3e270e40ccd29ea8315d4152357e15872298ddff29d092a2a894fbb8f8
Corn_(maize)___healthy/0fc63695-5bae-4313-ae41-9e9e09ce855b___R.S_HL 0620 copy.jpg,Corn_(maize)___healthy,1778,a8e8165e3de4fef801525691ea9a65589796a9cdaa7c88ce1c37ced1692cc6f4
Corn_(maize)___healthy/0fdec9d5-d84a-45aa-94c5-9b66f192dd8c___R.S_HL 8019 copy 2.jpg,Corn_(maize)___healthy,1779,572da7ca800d01bab564ec16436ebbb813da2166409d28453b5db214a81c27e8
Corn_(maize)___healthy/1003bded-8167-4819-a1d8-627449fe7781___R.S_HL 7991 copy 2.jpg,Corn_(maize)___healthy,1780,2c57fb5379ce4f55ab7bfac72984976b4f1ff6c8cba2fdfe7d563af4d84bcd97
Corn_(maize)___healthy/1009c64f-a31c-49fb-9eb4-b6373a588dd0___R.S_HL 5490 copy 3.jpg,Corn_(maize)___healthy,1781,d15f2717fe8f0b7d86b3f7c4c34882c9b8d5fae8463306497128ec896270b025
Corn_(maize)___healthy/1035c09e-6caa-4bab-8faa-d64d539fa9a1___R.S_HL 0626copy.jpg,Corn_(maize)___healthy,1782,c063d1bbd5e2b33b93e8264fb419b9bdaced341f35d0ea97e7294dc2b683430a
Corn_(maize)___healthy/10416d7b-f426-40c0-8661-72d359e51d15___R.S_HL 8328 copy 2.jpg,Corn_(maize)___healthy,1783,4aff6be351513dd3c107d6e96478d9e659ff0772c6fe12c7f93aa7cd8084756f
Corn_(maize)___healthy/106155b4-c159-401a-9ca2-ef3e2f4c2baf___R.S_HL 7983 copy.jpg,Corn_(maize)___healthy,1784,52be1bd1d48e8340651502a7247f4ef0126ad23e773c55b7eb6f5f1e5dc9d90e
Corn_(maize)___healthy/10d94b50-caeb-48d2-8a4d-79a9ccbae1ea___R.S_HL 8104 copy.jpg,Corn_(maize)___healthy,1785,6ef1a3121ac191e0f6d38f601ce79956033ff5aca4735c49340ff88cc92c2d6e
Corn_(maize)___healthy/10f7f563-e9bf-4ac6-8fc9-497ba8d01024___R.S_HL 5495 copy.jpg,Corn_(maize)___healthy,1786,22e0cbcaf3bca53f4f42415bb8c6ac9c7bd6fcebc280d7be1ce885664463d6ff
Corn_(maize)___healthy/115535a9-367c-4769-bd36-cb1485e1fc34___R.S_HL 7882 copy.jpg,Corn_(maize)___healthy,1787,70d2c0104277af44fe8cdd359a46fa024c53afdacb4a97fc9cf1cb61b28b250b
Corn_(maize)___healthy/116ba4e1-7cd5-4d4e-b876-5212a41a0ab3___R.S_HL 8201 copy .jpg,Corn_(maize)___healthy,1788,a61bb1d9cb7c8166cdcee9204adda3a974e8523e050890d4465c1db34992d7f0
Corn_(maize)___healthy/116e19d7-8948-4eaa-8309-617434b47f57___R.S_HL 0615.JPG,Corn_(maize)___healthy,1789,b385f20bd1188cd03a95e5b93fd385896bc791ddf25d78a3e091cc25151e6adf
Corn_(maize)___healthy/11c1e3ce-73d1-4338-8939-473087e9dcbb___R.S_HL 0604.JPG,Corn_(maize)___healthy,1790,f0356c3247495f176f6f6e1cc13420921ee7a7c1456b53c229625a39ee8012af
Corn_(maize)___healthy/11dcda6d-bfdf-457d-8fad-ad169be1501e___R.S_HL 8199 copy.jpg,Corn_(maize)___healthy,1791,477972e12310bb51d42d3f5cbad50bfa0de5c1797f940975d9c11f19e82fa8ac
Corn_(maize)___healthy/1221a054-5c7a-4e8f-b2d3-4396eca5fa5c___R.S_HL 5565 copy.jpg,Corn_(maize)___healthy,1792,336445c2644c227e65c1c7bbb4441bc6ca18a62e1a5fe3fc14f63ee1db5341e5
Corn_(maize)___healthy/12bab18c-050a-4f66-b15d-49a8e19a8d06___R.S_HL 0616.JPG,Corn_(maize)___healthy,1793,4f2ba23f05f28fb774f327ee3d57d8101587ee3251f1142fcae7d5aa1197a1f3
Corn_(maize)___healthy/1383b6ed-14cc-4418-89ae-7262fc41771c___R.S_HL 7924 copy 2.jpg,Corn_(maize)___healthy,1794,53733ddd972dc1d785f250875536cace4e97a36f9aed1889f763c004afe26f81
Corn_(maize)___healthy/139db478-1c5e-4749-9b14-885376bfd8e3___R.S_HL 5493 copy 3.jpg,Corn_(maize)___healthy,1795,f6cbd1bddce82e16e7b1ee040c50d523ff024dffcdd6061bc26857a5abf043d4
Corn_(maize)___healthy/13a3d820-0844-401b-87cf-9350ba351ac5___R.S_HL 7945 copy.jpg,Corn_(maize)___healthy,1796,d382d756650814eb6ee85823460ae0149b81d16125dbc84adc3505dd5c44ba7e
Corn_(maize)___healthy/13b33853-ad75-40ca-a00f-07281811638a___R.S_HL 8088 copy.jpg,Corn_(maize)___healthy,1797,eb3a3235114e8f6847a85d013dc550eca8a37f01c617af0a2e6d5c1c759324e3
Corn_(maize)___healthy/13b74f08-faed-40d7-8771-b1fc384e5e4a___R.S_HL 8259 copy 2.jpg,Corn_(maize)___healthy,1798,7fa0e442d65a4ed72a8cf6dd741dd1ea969a9383248ae2ed5ba7a6cee8545edc
Corn_(maize)___healthy/13e2289b-7e83-417f-90e5-d42f4796ecbf___R.S_HL 8140 copy 2.jpg,Corn_(maize)___healthy,1799,ad12963e908fec3d865598ff57577abb96c54c320b52ef89ebe08922e22f04d4
Corn_(maize)___healthy/13e5c719-6d18-4729-a090-7daf2014188a___R.S_HL 8152 copy 2.jpg,Corn_(maize)___healthy,1800,d28c1ebe1b69629b43ace61cea04667d7e2329bcbe828c79708a46c7f39dbca1
Corn_(maize)___healthy/140c237b-266b-4ea2-a13e-bbc8915dc53a___R.S_HL 5495 copy 2.jpg,Corn_(maize)___healthy,1801,4e3e792f7c56f785d02e8348d575d1e53b30783bef8135e1ec3004a8fd96b057
Corn_(maize)___healthy/1438fbf5-27c6-4104-8fa5-eafd1b1bad86___R.S_HL 8231 copy 2.jpg,Corn_(maize)___healthy,1802,d4600f0563cfe45e7238308b6ec91eb1eb5b933eef66f043cf7bb366451ecd51
Corn_(maize)___healthy/15297d24-b99b-4c9b-91b5-c09057867aef___R.S_HL 8028 copy.jpg,Corn_(maize)___healthy,1803,39023112ef0100fb5e828f3466afedd8d4a3e3ab01e07db9bcee816773a8c489
Corn_(maize)___healthy/154291fb-97ed-47ea-8323-ac0c099f54ec___R.S_HL 8041 copy 2.jpg,Corn_(maize)___healthy,1804,3e7a066a95510e6db4f54eda07c10ef061ecad7f49e715fc015631349221ce0d
Corn_(maize)___healthy/15491a01-b117-46d3-9a89-dd2cbe0db748___R.S_HL 7886 copy.jpg,Corn_(maize)___healthy,1805,fcdf390798c7d5099db5c7f3ddbab8e927799bbb4194edf46922723ee5786a82
Corn_(maize)___healthy/15887cb9-7dcc-4839-ac67-a87cf2cec9c6___R.S_HL 5532 copy.jpg,Corn_(maize)___healthy,1806,b64723eddb4e8fef728beb4cdd0a74184b3580bc3562718d1929404e9ec3e25a
Corn_(maize)___healthy/15ae6db6-3718-49bf-8b93-e0a3d692a3af___R.S_HL 7901 copy.jpg,Corn_(maize)___healthy,1807,187053d8d2e5397bad9a08f9aabb5af2f2d58f60d566eb0db9c93fad7bc1310a
Corn_(maize)___healthy/15bd6d09-98af-40f4-b098-77ec403911d4___R.S_HL 7926 copy.jpg,Corn_(maize)___healthy,1808,ef6699ebbf5274b1ab18e4e6466f7dccbc15386ca6665ac0063490f00d6a8504
Corn_(maize)___healthy/15e8fdce-816e-4a57-ae54-10ba5638fb0a___R.S_HL 0618 copy.jpg,Corn_(maize)___healthy,1809,1ef67c035b390e85bbcd63b5daac7cab87c564e3d8f0250390a792dfebc35bb1
Corn_(maize)___healthy/16013375-da25-4dec-b531-131bed86f025___R.S_HL 5498 copy.jpg,Corn_(maize)___healthy,1810,d5aa7dc832149505a703281ae469f863f2e051f6262c75e957344aaf0891db6d
Corn_(maize)___healthy/16123a33-12e5-414e-9ae0-695b86e6cb3a___R.S_HL 8136 copy.jpg,Corn_(maize)___healthy,1811,9ae0d03a7734cdb2c8c2e9bb5febd5720e7e309e3934b8c55c7780c54eabab67
Corn_(maize)___healthy/161c4466-80c0-49b0-8d4d-b583c4c961b6___R.S_HL 0646 copy 5.jpg,Corn_(maize)___healthy,1812,c848c1d8b34368f03aa0dffc552e1d0063bad63a6282f42929449b0dbd483095
Corn_(maize)___healthy/165473bb-7697-4f40-bf65-c3ca4fb4fd35___R.S_HL 8055 copy.jpg,Corn_(maize)___healthy,2767,e775e82d9e0d33ac2dc682a3c9d1501316d863df385f91efe5fee31848a7231c
Corn_(maize)___healthy/1675b5c5-4f27-47b4-8088-1387b0eb437d___R.S_HL 8095 copy.jpg,Corn_(maize)___healthy,1814,effd468f2e2a033f664e2e584fca85e5eb07164530a24e4c3b997a7b7e87267b
Corn_(maize)___healthy/16826b2f-b614-47ed-bd5c-198c0054723a___R.S_HL 0634 copy 2.jpg,Corn_(maize)___healthy,1815,2052c1900e7cc13d7a02f8617ffa540aa92ec4efd3b74d62688d0236a12b9c32
Corn_(maize)___healthy/1693cd6c-a0ce-4956-bef9-4d64d7c86814___R.S_HL 5541 copy.jpg,Corn_(maize)___healthy,1816,7e90b6bd84186a40893a6c01e8c5c22d4b18ae14e88f670a573c01a41dd2959c
Corn_(maize)___healthy/169f4815-9403-4002-b463-b578b3cf4323___R.S_HL 7929 copy.jpg,Corn_(maize)___healthy,1817,b58dde385e075a7f679582451c4a78a9b0f4e0cdf32e64eee63f8476df4e043d
Corn_(maize)___healthy/16abbd76-6b06-4645-9b18-98ee16e9c067___R.S_HL 8230 copy.jpg,Corn_(maize)___healthy,1818,91277d232e801de4807146f1017fdf7e33633f4eca25c042919742370d71cb40
Corn_(maize)___healthy/16c3cff6-3abb-4af5-979a-9ab375e4a9b1___R.S_HL 5562 copy.jpg,Corn_(maize)___healthy,1819,3a774fbf700c761dbd3a4745f737c250a1b111af1f505210541cb6816c23c537
Corn_(maize)___healthy/16d89a3d-6b80-47f6-b701-7dac2864371f___R.S_HL 8087 copy.jpg,Corn_(maize)___healthy,1820,0b993f59be794cf58ea4831ecca18f18481348af0c86fc923781bfcc35902d3c
Corn_(maize)___healthy/16e1b4a3-65fb-405f-964e-9fa8c45e4e97___R.S_HL 5551 copy 2.jpg,Corn_(maize)___healthy,1821,7e5da13f1f3f29da1e67b4b5acc84477ed95e53484e98f0aba8842e9c3fc2849
Corn_(maize)___healthy/1762fbc2-6b11-4501-9bb9-f0a7d60a5e19___R.S_HL 8052 copy.jpg,Corn_(maize)___healthy,1822,7c68c14b35a8b21711e9f80bb3b43491bcf8d19e6aa51e6c732d274837a296fd
Corn_(maize)___healthy/1786c452-6e31-43f3-b3d7-0ca81fe4434f___R.S_HL 7959 copy.jpg,Corn_(maize)___healthy,1823,141e5d5e9b47b77cbc3bc8cfb29910fee1857be26236d475a2677d9827bb9272
Corn_(maize)___healthy/1825cb9f-8f7b-46ef-a4a0-65a93592b857___R.S_HL 0615 copy 2.jpg,Corn_(maize)___healthy,1824,5e5f8008bedc9a2414a34235547467518f38607aa094d09ffe0720cb46085032
Corn_(maize)___healthy/1831304d-96dd-410b-a246-e267a3f61577___R.S_HL 5524 copy.jpg,Corn_(maize)___healthy,1825,b25c11a487ed152d6add25de8124351a8c5b51f37a72db2dc7323ec61aa51cf4
Corn_(maize)___healthy/184d5681-6ec2-448b-8474-f7392faec235___R.S_HL 7975 copy.jpg,Corn_(maize)___healthy,1826,28d216536e34ff0196b73c3fd6236885d16e31e26c388ddac3edebed7a571883
Corn_(maize)___healthy/185137c7-4f0b-4c82-81af-97a710c89e0b___R.S_HL 7962 copy.jpg,Corn_(maize)___healthy,1827,879e54aad3020ea62cfef0a3095a8edc2c188d7308352f69f9eca426c236defb
Corn_(maize)___healthy/18a8a550-10c1-47e0-8049-fba853f92918___R.S_HL 5497 copy.jpg,Corn_(maize)___healthy,1828,ebaacb34f9124fc607959e08db1a63fed9aca8fbae239926eed02a6a4732f90c
Corn_(maize)___healthy/18bb5247-d11a-40dd-894a-adbb27a73ed4___R.S_HL 8183 copy.jpg,Corn_(maize)___healthy,1829,311b2e0885957832badd9aaf34b539821109def335042f1cdbcaadf86ab2d52e
Corn_(maize)___healthy/18fb5907-fb42-407e-8ad7-baee0d01f60b___R.S_HL 8168 copy 2.jpg,Corn_(maize)___healthy,1830,64bf01866d7956314ad70993da59889b90e53d2a5cab29973705406ecd11ea4d
Corn_(maize)___healthy/191bcfb4-15b4-4ffe-8ebd-b540b52ed136___R.S_HL 8092 copy 2.jpg,Corn_(maize)___healthy,1832,75f789a1e8c6a272a1248ecaad31002ba0f81448227dfa6d050303a476e8ae44
Corn_(maize)___healthy/1921de47-d028-4212-ada1-bdcf8a16e52e___R.S_HL 8343 copy 3.jpg,Corn_(maize)___healthy,1832,d95bcc88812b646cff3578bdd6eb7977697d211568bc9d94121d81321169db3d
Corn_(maize)___healthy/193e6262-e589-4f7d-93b8-c707368ee3b0___R.S_HL 8262 copy.jpg,Corn_(maize)___healthy,1833,a745c10e1f09ff9d952c388bbf4cb9d66577fd7e57ad3d66678fc1ec69381890
Corn_(maize)___healthy/19554ea5-21a6-44aa-8979-2ead3c73dd62___R.S_HL 7932 copy 2.jpg,Corn_(maize)___healthy,1834,839f9047eeb0a2be84a44e2051bfffc9ac5440e1727dd6ccc42f861dfa0337b9
Corn_(maize)___healthy/1970b015-02d3-405a-a1d7-3457a6977557___R.S_HL 7891 copy 2.jpg,Corn_(maize)___healthy,1835,4831f7aea053218a78da77cd5a1f0abf53a75b1e16f6e836aaa9f4ba0de0ea13
Corn_(maize)___healthy/19aea30d-9b0d-44c0-b094-a8260567987d___R.S_HL 8007 copy 2.jpg,Corn_(maize)___healthy,1836,fbb15bfc31401056b3386eeebdecafbf774dafcd9e31e0634786d277ea11a719
Corn_(maize)___healthy/19c7ec0d-0727-4f08-9ff7-b62936c83a19___R.S_HL 8205 copy 2.jpg,Corn_(maize)___healthy,1837,8e8e28c0a36f5b9851de71f1d2948e765e64d85538926868f8f956dba2847b91
Corn_(maize)___healthy/19f6234f-30e6-41e1-90bf-8204612bb150___R.S_HL 8223 copy.jpg,Corn_(maize)___healthy,1838,e390f120839cb6f114f9a7e622f1c72b06fca56687a056f9bd3dfa7702294fff
Corn_(maize)___healthy/1a168fd2-309d-48c9-8253-889361a7a30b___R.S_HL 8251 copy.jpg,Corn_(maize)___healthy,1839,2c973096a3adad3e9b13a71534bab8426ffc902ed6961384477eb91dbf1cce9a
Corn_(maize)___healthy/1a6053ad-4783-490e-bf0f-292af5a4dfa7___R.S_HL 8165 copy 2.jpg,Corn_(maize)___healthy,1840,f4e2304254ce35166e580c30fa45326613dcc37fdc1a53a3ae05f45d1602474a
Corn_(maize)___healthy/1a926013-428a-4f3a-bb9d-71ae74eb5105___R.S_HL 8157 copy.jpg,Corn_(maize)___healthy,1841,570acfd952b8b4f754f91ff562b7509f8cc2a08be78710789935ddec7993ccd2
Corn_(maize)___healthy/1a95abb5-1e21-47ce-a1d9-fc9d235a2da6___R.S_HL 5537 copy 3.jpg,Corn_(maize)___healthy,1842,b7b5d25ca8033ce789cb4e2c4b0ca0891bf4f4a1382575fe1fc26b7fa08e460b
Corn_(maize)___healthy/1a97f807-999a-4215-a0ce-9d2d8ca0f1de___R.S_HL 8344 copy 3.jpg,Corn_(maize)___healthy,1843,091a8522350ef0228939e39c7b4597a879d9f6d66f26ff21059ead7c95b6e666
Corn_(maize)___healthy/1ac52fdf-f093-4495-a668-ff2745f56fbe___R.S_HL 8195 copy.jpg,Corn_(maize)___healthy,1844,d569b14301ee28f6db579b68d1173303bd1b39eef69580747e2da0a60bf60a04
Corn_(maize)___healthy/1b0e7982-54b4-4197-9a3d-5ff8eeb2dee6___R.S_HL 8303 copy.jpg,Corn_(maize)___healthy,1845,bf04ca6180abd19ef15d1cbd48016df0b45746cd7984a6c16f621ef067417cc6
Corn_(maize)___healthy/1b1d1d6a-efe6-4c39-91a6-5d289b4e469b___R.S_HL 5525 copy 2.jpg,Corn_(maize)___healthy,1846,1a21be6fe95cd40316d20af4e7e9e03a20ac4cf4741f150d6bc7036aeae0da69
Corn_(maize)___healthy/1b2f5c24-e2af-47cf-b9c2-f2b8c4c25a3f___R.S_HL 7990 copy.jpg,Corn_(maize)___healthy,1847,c5fedc5c4af05b52c5e1d28eb87ad9c430907deadb1740a900c7a38d0de3c364
Corn_(maize)___healthy/1b875461-1cca-41b8-bc3b-34b5940f33a8___R.S_HL 8036 copy 2.jpg,Corn_(maize)___healthy,1848,47f623659918f06f1dcd14aa7f7c68d2fceaf3eca5659ab09da043cb7df6f56f
Corn_(maize)___healthy/1b969db5-ff14-4340-94c2-c4bafd6e35b9___R.S_HL 0639 copy 3.jpg,Corn_(maize)___healthy,1849,a05d44ed10bcc16674633093f882dc42e8ea2e3ca2722b864971d69be5a0c060
Corn_(maize)___healthy/1c39f76a-ed95-4996-914e-9aeeaa10ff1e___R.S_HL 8011 copy 2.jpg,Corn_(maize)___healthy,1850,0f59a04336bb1ce4ebeb5d72901b84296001e1caf58d3e4c7f888993835666d5
Corn_(maize)___healthy/1c94fdf8-0f7e-4e39-bdae-c542a6c3c755___R.S_HL 8280 copy.jpg,Corn_(maize)___healthy,1851,2e36f1535ff7ffa6630a981c4b7fb5c7dfd2ff1f7d15acb1cd78d8926f10e404
Corn_(maize)___healthy/1ce2a4dc-0c4e-4496-87b9-feae602cc23d___R.S_HL 8204 copy.jpg,Corn_(maize)___healthy,1852,b0959eaa964eb2c5d46bbb8ab0f453dd4186753ddee69db1cf21940b67af861b
Corn_(maize)___healthy/1cf6abd0-261e-4a8c-92b4-92320be88999___R.S_HL 8121 copy 2.jpg,Corn_(maize)___healthy,1853,4f14f6bb8186e02cb79d6ea219a9ccbb0c8b189431725adbbc39911520712bfc
Corn_(maize)___healthy/1d33787c-1186-4728-8e21-6b142c44f767___R.S_HL 0606 copy.jpg,Corn_(maize)___healthy,2446,3ce85a6ebec274efd33e963b369fec4b75747ccfa138f4fff6272a39c05e5262
Corn_(maize)___healthy/1d424e91-e89b-4cf8-a0e9-48fc345cb9c4___R.S_HL 8299 copy.jpg,Corn_(maize)___healthy,2287,ada70f2b21bcdbb72dfd391018646be35e1b24de3f9de4b81bcf0e02c66b00cd
Corn_(maize)___healthy/1d45f289-7aef-4344-82f2-8a53e6fff2d6___R.S_HL 8082 copy 3.jpg,Corn_(maize)___healthy,1856,efd23596efce72ec7684ef9a7ebeb115a785f5ec1cc0206a84c079d6fb1e905f
Corn_(maize)___healthy/1d60142d-84cb-418d-9017-cb443a63bf3a___R.S_HL 7896 copy 3.jpg,Corn_(maize)___healthy,1857,b3885959075c8e4d73042eadac2f33dd65398cecb143632f52617be878fdb832
Corn_(maize)___healthy/1d674419-c828-4f70-86fc-aacd003ad402___R.S_HL 5515 copy.jpg,Corn_(maize)___healthy,1858,6ab7a02f6a49970c4e8723cf70559c331cc75c2b5b567b9a63ccfd23b6ac9d7b
Corn_(maize)___healthy/1d81ce56-55bc-4037-8d1f-6d1ea0f94698___R.S_HL 5530 copy 2.jpg,Corn_(maize)___healthy,1859,bd0f0f10059c9a356e66398da60d52c3a3b8195779c2d7f0e5d6918b1eaf8149
Corn_(maize)___healthy/1db3211e-b730-419d-ae1d-b22cd923333a___R.S_HL 8291 copy.jpg,Corn_(maize)___healthy,1860,1ab28acb32e8a5d07f404271a39e7df7a0c5d79620cc840fa4e5234d2af517cf
Corn_(maize)___healthy/1dbb4503-2025-4c04-98ac-eb8f49c51d12___R.S_HL 8221 copy.jpg,Corn_(maize)___healthy,1861,f9370934c72d6ffbae516a0fd671640878d214d1cf88941c917d409f8b0710e0
Corn_(maize)___healthy/1dc85ac0-f1fb-4acc-b50b-5625d4a53f87___R.S_HL 7900 copy 2.jpg,Corn_(maize)___healthy,1862,c7cf2a682ff2e3067ea77094fac371109c51643886521ad4f656115ca80c223c
Corn_(maize)___healthy/1e79939c-ad56-48fe-b742-bee115562523___R.S_HL 8060 copy.jpg,Corn_(maize)___healthy,1863,4d1562be6eab5379e718c6b3a095552503ba39c69288d421fa55480ef889e708
Corn_(maize)___healthy/1e9a7e5a-0097-41bf-a3ac-e6fead20a83f___R.S_HL 8176 copy.jpg,Corn_(maize)___healthy,1864,eb9f9b622ddfb346910a2ffa6050b8968921374c6b499f3e8568448feb20b584
Corn_(maize)___healthy/1ec14e70-9383-4337-9883-06ecb3cb32e6___R.S_HL 7939 copy.jpg,Corn_(maize)___healthy,1865,149bae3dcb19348ca3ff3dae6db8f423143678967b6ae35f3f19023385d58ebc
Corn_(maize)___healthy/1f5c2a29-e3b6-4d3e-9fbc-019d6bf7ed94___R.S_HL 0614 copy 2.jpg,Corn_(maize)___healthy,1866,5597230de496924e91d618606fab6ac6e78d2acc273bde46f0c00b02481d55f2
Corn_(maize)___healthy/1f618ad4-7c33-4bfc-9054-f1acae89e776___R.S_HL 5504 copy.jpg,Corn_(maize)___healthy,1867,8a494fba9e3f5c6148406cedf7df02ceeb54bd6b3c42c99765ea96e2ece6bdbc
Corn_(maize)___healthy/1fb30be0-c5e0-4e31-a9e4-329194e87cd7___R.S_HL 8134 copy.jpg,Corn_(maize)___healthy,1868,a01e7e60a835f41da6a2953102a298c8b0cd4bad7b47f47ec675c4e4c3697bcc
Corn_(maize)___healthy/20046515-e844-4ad2-b3e0-38d2dabcef66___R.S_HL 8002 copy.jpg,Corn_(maize)___healthy,1869,4492ca80f5e9160cfc4abfbefa22136f7bb8bb950c152c45c90ee102eda3ae04
Corn_(maize)___healthy/201141a7-69a3-40b2-90fd-da538cf10ffa___R.S_HL 7908 copy.jpg,Corn_(maize)___healthy,1870,fef9a376d42f3c458c75f268dcc1f35e71c897d10920af0058b296f08cdec42b
Corn_(maize)___healthy/2012c62b-11b6-4cc4-9483-adebb2f30f81___R.S_HL 8326 copy.jpg,Corn_(maize)___healthy,1871,2269700e5a4ca069d91f6c2e3a26b13e459e472a9f603a4db345d11106e4eabd
Corn_(maize)___healthy/205f8753-7598-4469-86c2-59307f90e85c___R.S_HL 8228 copy.jpg,Corn_(maize)___healthy,1872,ef14748f6eb8ba08232d4c02fb600acad72c505ae704f63e3d45d1ae5053ae20
Corn_(maize)___healthy/2130487a-e25c-4ac3-ac90-a404f2528f91___R.S_HL 8158 copy 2.jpg,Corn_(maize)___healthy,1873,88fcb687aa8586dc9779bec0b1c88d35639ac7cdef44f0334fee2c227211dd81
Corn_(maize)___healthy/21380f6b-1ccb-4aa3-9cf6-af8d85b8925e___R.S_HL 8340 copy.jpg,Corn_(maize)___healthy,1874,e983363c99774379769b40272219cc728060c8649ede6d2db5fe8e12ebe37f66
Corn_(maize)___healthy/216989d3-2721-4c2d-b279-763d393d8c03___R.S_HL 7879 copy.jpg,Corn_(maize)___healthy,1875,cb35bfbdcf00912614b9f7194c36eb5f811ec851bb4cbed5f7151bae35320107
Corn_(maize)___healthy/216cc3ea-7af3-4fa5-a2f6-b3845b749c85___R.S_HL 8113 copy.jpg,Corn_(maize)___healthy,1876,5a77411f74846f8bc2a90c92dd578dd77581d06e4df75bb9739c8f9b7b990397
Corn_(maize)___healthy/21bcd072-87a4-4a25-b6fe-3d6cb261b879___R.S_HL 8012 copy 2.jpg,Corn_(maize)___healthy,1877,a5396b51521308400f75495c36ebea67f3ec9acc1477edab01383c0c7373ee7f
Corn_(maize)___healthy/21f7da6b-c22e-4f1a-9a22-39aaaa6cc38a___R.S_HL 5551 copy.jpg,Corn_(maize)___healthy,1878,02002f9575a927ea372038626e3d74c2ad1790f3726aea60b37ab89f4be0732e
Corn_(maize)___healthy/220d849c-1a18-4743-bf5f-a570d2759818___R.S_HL 7911 copy.jpg,Corn_(maize)___healthy,1879,20e620dab00118c1709da4efc6b97bc23745cd9ea75f5445a369c02f21d91ca0
Corn_(maize)___healthy/2251b665-207d-4500-a396-bc9bb097c34b___R.S_HL 8073 copy.jpg,Corn_(maize)___healthy,1880,9cf5dd6729110572e031dd0bfb36bcef984c89baee4aea1ab48fcbc1ced980bb
Corn_(maize)___healthy/2253e071-f102-481b-9a3d-e5650698e8a6___R.S_HL 7905 copy 2.jpg,Corn_(maize)___healthy,1881,9fd7cd0d6552c33446836eaf41431c28d6fc13cc7649e98b03ae70220c350f25
Corn_(maize)___healthy/2255588b-9281-4d7e-959f-cff61f97eb6b___R.S_HL 0608 copy 2.jpg,Corn_(maize)___healthy,1989,348479afee74db1eab974e13543bf92e6ac3982c3d0c728ef838db6b29dd5b7e
Corn_(maize)___healthy/22e495d5-0daa-4cf6-8555-61f26d091b66___R.S_HL 8061 copy.jpg,Corn_(maize)___healthy,1883,68e7366b98def0ce466b8a62f58bb9c3a05ae49556df340b5571e25af9887dbb
Corn_(maize)___healthy/235b7976-4626-4244-9ed9-add8dc171ee9___R.S_HL 8196 copy.jpg,Corn_(maize)___healthy,1884,c07004db3095d53cf2954aaa1fba696c981e6b5eee175296d50275652fed3f4f
Corn_(maize)___healthy/23e5ca0e-c7c3-4b27-b3b7-a0bb4ecbe177___R.S_HL 8245 copy.jpg,Corn_(maize)___healthy,1885,b958d5930aa3632682389ab67d11073b6f5e595bd383a991a08ed7edbdadc1b7
Corn_(maize)___healthy/247cf021-2864-47ac-9f14-f89e12e4faef___R.S_HL 5514 copy 2.jpg,Corn_(maize)___healthy,1886,ec50a01f9dc9fbf5bf373dfb427821e2dfe01c11e4f116daa2a3fcf025039d82
Corn_(maize)___healthy/24b7217d-11c2-4737-a7ba-355a04e4c284___R.S_HL 8153 copy.jpg,Corn_(maize)___healthy,1887,7defb76c15c5a4afa44f885bf59f8aa5b98447cacfa895133c815c9b1cc96799
Corn_(maize)___healthy/24ff01e1-c073-45df-90d7-da86e8fcece7___R.S_HL 8262 copy 2.jpg,Corn_(maize)___healthy,1888,88905740df341675129955587a4fa2dbee21920c5ed93dfcbc6c8ded563588fe
Corn_(maize)___healthy/2500d247-7e34-424d-b7ec-6eb9c6686ed9___R.S_HL 8112 copy.jpg,Corn_(maize)___healthy,1889,55b1fb738c29c9e1e006d111c656ebcc3b5d88821bee1f76f269da6c249c3815
Corn_(maize)___healthy/2515cbc5-85fa-47cd-81ce-dc2cac6819a5___R.S_HL 8297 copy.jpg,Corn_(maize)___healthy,1890,7f99e06ba285e233ec00b6aa8c573c41aeac00da484e8885ab1f211fbd9c2651
Corn_(maize)___healthy/254d1f23-8a22-4f21-9d5e-0c66733f102f___R.S_HL 8083 copy.jpg,Corn_(maize)___healthy,1891,d071036fb261182c11416783f42ce4939d3f21d1f1f390f5a06915ed0e639f09
Corn_(maize)___healthy/25c17c68-5641-473f-a052-9335b1376557___R.S_HL 8202 copy.jpg,Corn_(maize)___healthy,1892,05628ce9694daaef749b1889a0269c7529761cb96f33309007da5429e5c9a30d
Corn_(maize)___healthy/25c29dbe-f9fd-4e65-a47f-501fd5d7ba86___R.S_HL 8116 copy 3.jpg,Corn_(maize)___healthy,1893,5952a7b19ff4da7086c621c59c0a4d3a228608d9c51366ce7bdd17d853e15513
Corn_(maize)___healthy/26f3cea7-cffe-4d2e-8e72-491a61653fb8___R.S_HL 0626 copy 3.jpg,Corn_(maize)___healthy,1894,5c301882d1b8c742c11b932a745cd84b68bd2dc75880858c93efa9d81bbc0c79
Corn_(maize)___healthy/270ba8ed-21f5-43cc-b401-7b643ce5f65d___R.S_HL 8090 copy 2.jpg,Corn_(maize)___healthy,1895,5ffd10d9df29e8e276730b8f04a021afa696e634ff1cbf6eed70f5a97ac06361
Corn_(maize)___healthy/270c2463-8d8d-48b2-a79e-c5319c5c1763___R.S_HL 8098 copy 2.jpg,Corn_(maize)___healthy,2255,00541056380e0d4c47c446e5f446b187edea55e55b453c7d7ff57c837a0a3286
Corn_(maize)___healthy/2769e7a4-1f58-4534-b0e3-39f5646133e4___R.S_HL 5547 copy.jpg,Corn_(maize)___healthy,1897,5131fd12daadeba217b9d9a2f5c2eb1a037147282cc685605025850c94b0e805
Corn_(maize)___healthy/27cf1dd3-bee1-451d-b100-5a35369192d0___R.S_HL 8298 copy 2.jpg,Corn_(maize)___healthy,1898,ef709e4822ea45f8066c959004111b23e19ce530a482ed5856e9100dd66107dd
Corn_(maize)___healthy/28469ee6-51f6-4e41-b625-fbb7c169b02a___R.S_HL 5534 copy 2.jpg,Corn_(maize)___healthy,1899,b2f1ee797dabe3767d38be82c84edca333b3ccbb77898e21bd0f4d03f880e0b9
Corn_(maize)___healthy/2854f11d-f6ce-4c3e-8a9d-026ae2cc9747___R.S_HL 8179 copy 2.jpg,Corn_(maize)___healthy,2624,db6a4a97853de963c98fdd918c4b638a3bda34b2528900e6dbae0b49a771bc0d
Corn_(maize)___healthy/287efd3b-cc4a-455c-91d1-b95911998873___R.S_HL 7890 copy.jpg,Corn_(maize)___healthy,1901,ca57ec93dd358d00af8e0831ac9740545b19526c27483dc5f3c66dc6d845d37b
Corn_(maize)___healthy/289766de-9eb5-45f9-9959-b344fedecb62___R.S_HL 8295 copy 2.jpg,Corn_(maize)___healthy,1902,fce93802f1429861d354f1a4bed19129057f4780da00b8bdfc9a1f96bf16ec90
Corn_(maize)___healthy/28be876d-e1c7-4c86-8241-0077b1393ac0___R.S_HL 7972 copy.jpg,Corn_(maize)___healthy,1903,1322e3fcc3b0cb17025e3dd509476a170d68777b4bf0f9ee43a310e864dd10ee
Corn_(maize)___healthy/28ca7e31-0f73-4546-b234-98dcaa581d67___R.S_HL 7920 copy.jpg,Corn_(maize)___healthy,1904,cd06076d34fb298c8a094020fa3bf7e69a81061b88f12b1c01540c54f4d79397
Corn_(maize)___healthy/28d6c05f-6bd8-4a26-ab71-8af6418562d9___R.S_HL 0632 copy 3.jpg,Corn_(maize)___healthy,1905,d1eeff9056189032fb60d6cf9b243576e4901ce71abeffa2ec6eaa377dcd972a
Corn_(maize)___healthy/28e63fb7-865f-48d1-9324-e1c214e73f5b___R.S_HL 7979 copy.jpg,Corn_(maize)___healthy,1906,a68bac527d3b64852868be589455dc22af7afe0eab12697424df4b9bd546781d
Corn_(maize)___healthy/28f12cbf-1dfe-4e3b-98b1-006502a20077___R.S_HL 7948 copy 2.jpg,Corn_(maize)___healthy,1907,943371049454bb759719bcd7a29efdbf4baa4af020cfff0352e6382a0b87ef79
Corn_(maize)___healthy/28f3f3b8-45c6-4137-86cd-8c95c871f202___R.S_HL 8288 copy 2.jpg,Corn_(maize)___healthy,2672,710c01987698e5799ce8bbd9e52fc7ff6e4a5698ea6641f957b7fabf68ff0b79
Corn_(maize)___healthy/2900c66f-948b-48df-bfed-76f08a6af9ce___R.S_HL 7938 copy 2.jpg,Corn_(maize)___healthy,1909,1017ef4dd045a9284c15884bf2e8bcb9fc82f006e40ede0dbe03d9df8c3a95d1
Corn_(maize)___healthy/290bb59a-1405-44b8-af6e-8b1384b76e00___R.S_HL 0614.JPG,Corn_(maize)___healthy,1910,62cd36686e783ee1805315c6fbebc13859e07ba41b3474c6ffc51a911a86f526
Corn_(maize)___healthy/2930a76c-f0f6-4880-8ec7-f06aaaf257d1___R.S_HL 8155 copy.jpg,Corn_(maize)___healthy,1911,5d43fef281c81e11cc08e6ae12567263321abd301c9ab2b8ab92a6e9e806dea2
Corn_(maize)___healthy/2950037b-0650-4dfa-8102-26c3f1ff8068___R.S_HL 8314 copy 2.jpg,Corn_(maize)___healthy,1912,82da18c31622119046c80db250e01ccc318af2e14246d41434811c45d8b041c9
Corn_(maize)___healthy/295e7512-bcc4-4412-a786-424d66dd3980___R.S_HL 0596.JPG,Corn_(maize)___healthy,1913,561ff712d6072b91ed8bf88dffd0dd58e286a068469b9b676ed0bc766097602c
Corn_(maize)___healthy/2962f63b-7205-4318-af49-2eb03f16e135___R.S_HL 5522 copy.jpg,Corn_(maize)___healthy,1914,f84eb246f3c0754d06c34d1f3b5c47d6d118e3a0f4a35ebf0dcdd30263f5767d
Corn_(maize)___healthy/29e8bca1-adfb-4f65-ad4d-f412fd3f887a___R.S_HL 7997 copy 2.jpg,Corn_(maize)___healthy,1915,33a14e20359cea9a1f86de8df4cc317e9d37c493c12827f4bff1379547f5fcd5
Corn_(maize)___healthy/2a46f1cb-9c54-481c-a61f-d3729d5cfc3e___R.S_HL 8315 copy.jpg,Corn_(maize)___healthy,2057,9d980f54f2c84d87a4d853e5284e254a45c169c555909c9305c761bcd8192be4
Corn_(maize)___healthy/2af59ffa-49d7-4c0f-963c-d7b8a0dbd852___R.S_HL 8122 copy.jpg,Corn_(maize)___healthy,1917,17769a2a348a644bb00ce5516df5f72f87d9b9619d61088a9db011a66086ee81
Corn_(maize)___healthy/2b1995cb-c5d5-47e7-b0cd-0ec7fa9c2996___R.S_HL 8001 copy.jpg,Corn_(maize)___healthy,1918,aeac1a1f93d7912c5fc57adfe1688246c7b9865d11f7b74e151d4df4e2b4a8ce
Corn_(maize)___healthy/2b3274d3-f41c-4dc7-abbd-13a70e922787___R.S_HL 5509 copy 3.jpg,Corn_(maize)___healthy,1919,ed800aed9f6a13deabde0f9e2fe67475f0d6e9b3e9a6d48d770f47e85c41c51a
Corn_(maize)___healthy/2bbd67e6-0eb0-4569-92fd-bc5fbf4c6570___R.S_HL 8344 copy 2.jpg,Corn_(maize)___healthy,1920,5ce4a123e59855befa99c3a5c26ff2f2e24233e82f76341902706a2e1ffeba4c
Corn_(maize)___healthy/2bc73f3d-9886-4873-8c78-835f1c219878___R.S_HL 7980 copy.jpg,Corn_(maize)___healthy,1921,805e6e7160b76de7011b2406beb0a2d35b9059f4903facdc8d6ec961e8e832cb
Corn_(maize)___healthy/2bcf6ae6-5dcd-4330-9338-e38e54d90f32___R.S_HL 7964 copy 2.jpg,Corn_(maize)___healthy,1922,c1ed0c8b0c4ee619bcc3ed3c0a5521a5ea9b45c787b66094d9e6499425dc58b4
Corn_(maize)___healthy/2be26495-e939-40f5-9ef8-e378543bf2c5___R.S_HL 7962 copy 2.jpg,Corn_(maize)___healthy,1923,2786f514b212a1de0ee086a5a7d281e2d5291fa6f8666f41ef877f46b275f06a
Corn_(maize)___healthy/2c0365a1-85dc-4c0c-85a0-60bd46b267e1___R.S_HL 5516 copy 2.jpg,Corn_(maize)___healthy,1924,49e6fe79a97dc5416e9b9a352ca9171e1c654d69343ac0845a81fc0fd388ef5c
Corn_(maize)___healthy/2c52d7ed-d259-4ce3-b38a-9ecdb86b7e85___R.S_HL 8065 copy.jpg,Corn_(maize)___healthy,1925,b3f41f7aa2cc67837f709ebc3431be3ce7fdcdee489826e18ba33b56f7e86333
Corn_(maize)___healthy/2c832929-4ee6-4e36-b473-436d49f26413___R.S_HL 7940 copy 2.jpg,Corn_(maize)___healthy,1926,72406caecfc4b6c745d9af4a7c418ba432940dacfbd0574693736b3cee886691
Corn_(maize)___healthy/2cc203bd-1fdf-40e1-af08-5ab793586fc4___R.S_HL 7971 copy.jpg,Corn_(maize)___healthy,1927,259b7d988e7c89608ecd4869c425331d38ab9caf33af539d14602a1ac493005b
Corn_(maize)___healthy/2cc2a67b-0c0d-4c8f-8563-23300b76ee1b___R.S_HL 8295 copy.jpg,Corn_(maize)___healthy,1928,f191785f8c0b33048953f92db33d1b7a25549bf1bf7f88050321ccb686accc81
Corn_(maize)___healthy/2cd74832-29e5-441a-84b1-5bc5379c16c2___R.S_HL 8111 copy.jpg,Corn_(maize)___healthy,1929,5911a7cc2c4d24a2b761a2d2a21064f77d40e37d587878bad7e31a72b32c36a0
Corn_(maize)___healthy/2d04e6d6-acd5-4af9-887c-f76fc8371669___R.S_HL 7959 copy 3.jpg,Corn_(maize)___healthy,1930,2c81eb2f0071bcc43556fcac5fe5642c95f8bc812c252fc5f10f7b694801f80b
Corn_(maize)___healthy/2d691af4-7e00-47ef-bf2a-077b6c536881___R.S_HL 5543 copy 2.jpg,Corn_(maize)___healthy,1931,ddb0d4afd5ddd80f78408c1ea723c17ba15568cbbf0fed9e3e3eccbb5def77e5
Corn_(maize)___healthy/2dbc047b-b666-47f7-8aec-c17c4d4c3753___R.S_HL 5533 copy 2.jpg,Corn_(maize)___healthy,1932,d7ae71c202668ce3736fa17cb2a7c285af3d3b3d62cb6aea1837ec4d5b1d4e48
Corn_(maize)___healthy/2dea9c22-b644-47f4-905b-ceaec13c929a___R.S_HL 0632 copy 4.jpg,Corn_(maize)___healthy,1933,2d970c88f3eee98d7feedda09ad3f19ae736e9e65e44259a1fbec2e07a0b528a
Corn_(maize)___healthy/2e065cbc-6888-4ced-b839-bfba2f6c411a___R.S_HL 8021 copy.jpg,Corn_(maize)___healthy,1934,a3c64700a1828397c9c7bdbec387c2a1baca680247e1f4107beb6e7cf362de4f
Corn_(maize)___healthy/2e51c2f0-860b-48f7-81a7-4ae76e8db40b___R.S_HL 7877 copy.jpg,Corn_(maize)___healthy,1935,f3774c992ab1f4c89652b6a50df99211b64d869ab796f08fc9e5653bf0f1b460
Corn_(maize)___healthy/2e53f610-f515-41f0-8065-40eb7fc8362b___R.S_HL 5515 copy 2.jpg,Corn_(maize)___healthy,1936,788dba74872a0c4e5658c187527d2c6fc384b6e2de5f10b7e681276ddc35b16e
Corn_(maize)___healthy/2e5a2c4f-35b2-4b73-aee2-2a43150b7e8f___R.S_HL 8214 copy 3.jpg,Corn_(maize)___healthy,1937,a4370f5131f1979ceb261986ebb2f612393b341a0d26a45cfb1d9ae025803087
Corn_(maize)___healthy/2e92fc34-9521-45e4-8219-3f0aa89650d8___R.S_HL 7907 copy 2.jpg,Corn_(maize)___healthy,1938,0a88fbd6f66e327b5c5f13fdb7d82aa842e6fae3f5641dba85f6a9c26fbb485a
Corn_(maize)___healthy/2ee333db-befc-4ef1-985f-d07df669eddc___R.S_HL 8131 copy.jpg,Corn_(maize)___healthy,1939,cdc8f42e9c1e5844891d2fc4c66e3a9ee402675aafb5b1ef7c36bb49784f2543
Corn_(maize)___healthy/2f149f3c-61b7-4827-ad40-32f971a70d5f___R.S_HL 8258 copy 2.jpg,Corn_(maize)___healthy,1940,2b7f098ec70f91c4e6c4a4ea8e441ad4c034f4a5e9d54bd91c5385b2f7b73e96
Corn_(maize)___healthy/2f20e2f8-b6ba-474b-87eb-84ba8adc3bec___R.S_HL 8131 copy 2.jpg,Corn_(maize)___healthy,1941,ff78c22ffbb05adbd9e99f3f4ae4c3d90ec33d0e2c2b7383da16f035ab94624f
Corn_(maize)___healthy/2f556be0-6966-4d51-a4b6-8931c0cba916___R.S_HL 8217 copy 2.jpg,Corn_(maize)___healthy,1942,e291214391fa730b92bf08ed03d216e46cb14969cdd8a5fe319d875992f06e1c
Corn_(maize)___healthy/2faf15e4-6297-415a-b241-329d8031e2a1___R.S_HL 8193 copy.jpg,Corn_(maize)___healthy,1943,8106bfae312f49b2c2c447f9f3f77f2682a03a3d7d89b4ba50afb3394206a696
Corn_(maize)___healthy/30213a02-eea7-46a3-af9c-0078b93bb2b9___R.S_HL 8308 copy.jpg,Corn_(maize)___healthy,1944,fc2acafff41cb5094e2fbcd17fa5f338b225335900e05953143ee40a1adeeec4
Corn_(maize)___healthy/30a2b405-dfd6-481c-8d3c-a0270d3d0891___R.S_HL 8106 copy.jpg,Corn_(maize)___healthy,1945,3d9aee81deca1546b25966636fdff08f4a8500db1066af18b1d45fae43cf5374
Corn_(maize)___healthy/30c4edae-2957-43ea-b522-88f0f1822fbd___R.S_HL 8209 copy 2.jpg,Corn_(maize)___healthy,1946,4c0c95ba763f0d2108ccf478a883791f4c40e7eee5fc06ceaf2cc212e357cafc
Corn_(maize)___healthy/30cc387b-d8c5-4eb4-bc27-a233be37cf6b___R.S_HL 5548 copy 2.jpg,Corn_(maize)___healthy,1947,d75a57b16797f517a531c9367d5903253869fa9b8e76a5ce82c1222db343ae8b
Corn_(maize)___healthy/30f9746d-b00f-4972-aef2-eec243d317ac___R.S_HL 8016 copy 2.jpg,Corn_(maize)___healthy,1948,7bfc2e953de8cac8d0ed38a4eab0faabb4f78efe406046dcac01880042c12271
Corn_(maize)___healthy/31d66378-9596-4743-89cc-17ea23bdf269___R.S_HL 5548 copy 3.jpg,Corn_(maize)___healthy,1949,6733f9b291c806c636c420c5c4ef0e8d0178c6c7edebd8c116ac1c4a38b42c39
Corn_(maize)___healthy/31ed2f01-16d4-4b0f-8e51-d2b3bf960921___R.S_HL 7987 copy.jpg,Corn_(maize)___healthy,1950,70431ce6d6e3cbb39e7a78021d919e6ff4efe5720fffd06b9902168553e2357c
Corn_(maize)___healthy/32a1562a-00ca-4e01-b8fa-9bb9a964f2fe___R.S_HL 7984 copy.jpg,Corn_(maize)___healthy,1951,f27225d61758beb29beca3d98fba9e779840330d4dadedcb6bf4649104cff566
Corn_(maize)___healthy/3309bae0-abdc-42a2-8c20-4360773f601f___R.S_HL 8217 copy.jpg,Corn_(maize)___healthy,1952,f771c961db8c302ecf005d9e78bf6f1db07d70d1ad4e28598d42300f6ae9790b
Corn_(maize)___healthy/333922bd-09d6-4039-9975-894d77fec8eb___R.S_HL 5496 copy.jpg,Corn_(maize)___healthy,1953,3750e9502b490482d0787b677f72998138a26e9deb4da6aac0d19f38458f6f21
Corn_(maize)___healthy/338fab57-bf99-437b-8c86-6856d2e7bcb5___R.S_HL 8059 copy.jpg,Corn_(maize)___healthy,1954,9ca66170a08c74b0b6b0d1ba29f305fbd4b158a48db602ecded008dc69942ab8
Corn_(maize)___healthy/33ae3386-f7ce-4c52-92d0-13d964f1cfae___R.S_HL 8331 copy.jpg,Corn_(maize)___healthy,1955,b387bbf2421597e856e494c2f212de283345d5643a4e9d10da65b241bfd03515
Corn_(maize)___healthy/34074440-8163-4cbb-9c8b-0bb6408670f7___R.S_HL 8069 copy.jpg,Corn_(maize)___healthy,1956,863ddd25e742c69b10991ceaddaa32948e6d100a66ff034039620599c30e70c9
Corn_(maize)___healthy/34c6b5a7-11ce-4be0-a7ae-e906e548d557___R.S_HL 8256 copy.jpg,Corn_(maize)___healthy,1957,b67ffa5adab1272c4097fb9183cae2efedc543916561cc760bf4c96677b9b183
Corn_(maize)___healthy/3524aed9-a07f-437c-8afe-a938daec4284___R.S_HL 0632 copy 2.jpg,Corn_(maize)___healthy,1958,6f978782186d53cf3cdedc367776960989934a4e86216e6e0ffed9e33bad4f3b
Corn_(maize)___healthy/3530ef6f-503f-4ccc-8122-9b1b84ae01b8___R.S_HL 8178 copy 3.jpg,Corn_(maize)___healthy,1959,5b768c377d871269a6770f112092be4c56aa666717db4de1ce8c8094f6847c19
Corn_(maize)___healthy/354890d4-ba2a-43b3-a97c-f9108c480ccd___R.S_HL 8174 copy 2.jpg,Corn_(maize)___healthy,1960,3f9e39c06de44162987d5b112578f65ee2832649b12d26fd5fd3bd71fa088f28
Corn_(maize)___healthy/35e4b031-57a0-40b1-b234-d96324708a43___R.S_HL 8162 copy.jpg,Corn_(maize)___healthy,2287,7ae0190554a7ea660be10c941c340a092fb6276305e88a97af51da4cd629a58b
Corn_(maize)___healthy/35f5abfd-1feb-4dc6-9607-8a0655a2ab9c___R.S_HL 8175 copy 3.jpg,Corn_(maize)___healthy,1962,2004608412a49237ac0e7d0c6ab1a53c40f4f58590a7b748c363591f1e71eace
Corn_(maize)___healthy/363ba8b2-4b66-4caa-ae2c-df6523aa6da6___R.S_HL 8234 copy 2.jpg,Corn_(maize)___healthy,1963,7706cbce603dec2f94e0889efc13828e9ad5fb510ac12def0cfa2e9dd33cdbb0
Corn_(maize)___healthy/365694a5-6ad3-46c2-a929-5de7b0dce2e2___R.S_HL 8066 copy.jpg,Corn_(maize)___healthy,1964,dfa0291766779e60e9afb6480edcfec6096ffaa9c2205a12fc43e458e883a1f6
Corn_(maize)___healthy/370ef13d-e998-4e6f-a179-5f4a3bf0f054___R.S_HL 0635 copy 3.jpg,Corn_(maize)___healthy,1965,9ae9c452cd1ac8a19bbc76ce2674e2606b2ce724ba5e775caf0e5ca6dcb2b419
Corn_(maize)___healthy/37f6cdf3-3424-4ff9-8106-7840c506ddd8___R.S_HL 8166 copy.jpg,Corn_(maize)___healthy,1966,0ba80e2975e64f224dc2ec36d701f66bdab2634a98a008c5b553f023cc700476
Corn_(maize)___healthy/37fa5c5c-0c0b-4f9e-b3fa-f9fac95639a7___R.S_HL 8191 copy.jpg,Corn_(maize)___healthy,1967,0564e409d059340837c2105eec3a2f8a7f2dd5a46eed5137e50c0bc9ea039dec
Corn_(maize)___healthy/380c63d1-1c28-4ff7-9bba-96a3183f3d01___R.S_HL 0631 copy 2.jpg,Corn_(maize)___healthy,1968,e2d3b7e385e8d6b94a750717bdd02eb5fc5158ae85df23e7d200f1b6656a2f21
Corn_(maize)___healthy/384dee4e-f5d5-4c86-a3f8-279946157984___R.S_HL 8278 copy.jpg,Corn_(maize)___healthy,1969,0600784e804b81a89a09b1f27c88943887b8a2fea9f4328016630514dce4c03a
Corn_(maize)___healthy/38573cac-324c-457a-8c88-2810ebb0f99a___R.S_HL 8316 copy 3.jpg,Corn_(maize)___healthy,1970,7f8b9c75956d3edca571c95c480539a10753f4d0a8e3aac9a26d7d7013886325
Corn_(maize)___healthy/38618a59-09e8-48d9-93a8-3911040d224f___R.S_HL 8195 copy 3.jpg,Corn_(maize)___healthy,1971,d0f785f11a812c2f2cd147661db5795a3f72a0cb121d75328648a428d93bce35
Corn_(maize)___healthy/3865ed98-f848-46b1-b83e-a1f1468b75dd___R.S_HL 8171 copy 2.jpg,Corn_(maize)___healthy,1972,de6adf2b0524551f05c563313464f0ca1ccc552a5739d3af86d140c40838ad69
Corn_(maize)___healthy/388becdf-55dd-4fcb-a32a-b8b5e01de2f3___R.S_HL 8054 copy 2.jpg,Corn_(maize)___healthy,1973,503c952b68aa91ad570a6f2bffc93eca6884df87f543be22f3fdfd9cfa0462e2
Corn_(maize)___healthy/38b16a51-d4cf-4070-b973-47ec6a367d9f___R.S_HL 0653 copy 2.jpg,Corn_(maize)___healthy,1974,f208d509f61400dc28e7c18e609ea871a0b59dccce8bfc2596688da8c216209d
Corn_(maize)___healthy/38eac1aa-9b93-4f9e-83c0-51f47a336fb4___R.S_HL 8195 copy 2.jpg,Corn_(maize)___healthy,1975,5108c0d104940d1c8ce6d08d537fb81d39cb67bd62630abd2561bf293c8db0be
Corn_(maize)___healthy/39569763-d4ed-4687-82c6-c389496b7819___R.S_HL 8183 copy 2.jpg,Corn_(maize)___healthy,1976,57220b8767b1a8c5b36ba2dcbf45b88df599a04cc683f79de0a718cf3809d4a0
Corn_(maize)___healthy/3a172497-2b24-48bd-acaa-cf2acb612db5___R.S_HL 8249 copy.jpg,Corn_(maize)___healthy,2775,3e60dcf908093513d93e27e56bc6d07fcab1b229c3cba4caff04a732b6466e27
Corn_(maize)___healthy/3a188d29-5d0c-4707-bd8d-cfa29fe88eae___R.S_HL 8283 copy 2.jpg,Corn_(maize)___healthy,1978,a91a0d3f1fd2cafa0ec1be14565275ed018b33517d57e6bea56802848eea08ed
Corn_(maize)___healthy/3a2379b9-d453-4d61-a9ff-9b2cfdd70553___R.S_HL 8194 copy 2.jpg,Corn_(maize)___healthy,1979,403ec816826afdfc6d0747a603f946ad7ff4aba18e9a65540bbda369caa0accb
Corn_(maize)___healthy/3a50230b-09b4-4d82-9df7-1ae4b2945464___R.S_HL 8317 copy 2.jpg,Corn_(maize)___healthy,1980,9bb392c0e2367be98bd738f08aa112017916b6528fd8a4735c649da8e5a872ab
Corn_(maize)___healthy/3a668261-388a-45c1-8a8e-584cb3966bf0___R.S_HL 8071 copy.jpg,Corn_(maize)___healthy,1981,73ad06c3391fac434f7cd9435ff09c46ca34122de9309c01e341785f9777023e
Corn_(maize)___healthy/3a7861a7-1fc8-4986-8c21-5bef0ebeb3cb___R.S_HL 8087 copy 2.jpg,Corn_(maize)___healthy,1982,1fe9b98fdd6628aa215104001fe4305955af514c038de33d348e022ef83dc0d6
Corn_(maize)___healthy/3aa0279d-fc00-4ef4-b7a4-d2037915fb90___R.S_HL 8330 copy.jpg,Corn_(maize)___healthy,2459,a83d779dcd4171bc4489cb5b53080e1427082a5be6d1f77513e91a8b1dc031d5
Corn_(maize)___healthy/3aad0bf6-ba84-4d0f-8f52-d54f70446a4b___R.S_HL 5536 copy 2.jpg,Corn_(maize)___healthy,1984,8b59feb03f109ced75b2303f6ebe4fffdfaf62093ecd06314582a417981fbf39
Corn_(maize)___healthy/3ac3f13d-352c-4390-bf06-94b5334cbfd8___R.S_HL 8206 copy 2.jpg,Corn_(maize)___healthy,1985,9954fec9ee9c3b4b27d65264961635cf28a3cb36dcecf4980806ff4610f9cebd
Corn_(maize)___healthy/3acb89dc-1f57-4921-a16c-62f53989bc91___R.S_HL 8134 copy 2.jpg,Corn_(maize)___healthy,1986,e960cb7dcc4312e05e372c2052f8550c04b838a71ff01592f67874c3c7173c62
Corn_(maize)___healthy/3add7f73-c88c-4357-bcb9-a58ea2f92a06___R.S_HL 8221 copy 2.jpg,Corn_(maize)___healthy,1987,f612bfdbc2341c095affdaf5871052f55fe1c5d2497530be8583375cb5b11af6
Corn_(maize)___healthy/3b17dc66-b280-4a74-a698-e0ad3d00ea79___R.S_HL 8168 copy.jpg,Corn_(maize)___healthy,1988,63b6763f75444354b4fd49c5bc20c1793ab757c52a4b9d7464ee7ff7a2af904a
Corn_(maize)___healthy/3b1e3c0f-e493-4d5f-866b-c2274d307471___R.S_HL 0608.JPG,Corn_(maize)___healthy,1989,3687962cc1138f00174d342d4cea521b372ef41ea702abf945a510a135db337f
Corn_(maize)___healthy/3bb783b4-736f-411e-a980-01d4ad88147e___R.S_HL 0648 copy 2.jpg,Corn_(maize)___healthy,1990,c132a1c0f5dd3204d97837369287ab6feb10e17537d9c8ffadf8eda13d989162
Corn_(maize)___healthy/3ca66c86-4b6e-423d-b721-e11ddc503946___R.S_HL 8267 copy.jpg,Corn_(maize)___healthy,1991,c7052f038debc5d8d51070fe553020c2658e46449a046c04f0f3eddd1041cafd
Corn_(maize)___healthy/3cdfb19e-a67f-4944-8b4f-89b60f9f36fb___R.S_HL 8221 copy 3.jpg,Corn_(maize)___healthy,1992,6201e3aa03c18e2ff0933d5d373477b6a3d081035a3e41411bc28e9882d0c01e
Corn_(maize)___healthy/3cf0f532-b296-43d4-a280-d4f665913820___R.S_HL 8305 copy 2.jpg,Corn_(maize)___healthy,1993,e6cd1f75a95d6c8a2a43ab3b65c3da2e0abd982a3f5f4d410b2e2d952582086f
Corn_(maize)___healthy/3d03268f-ed6d-4dcf-af46-0197dd518e4c___R.S_HL 0621 copy 2.jpg,Corn_(maize)___healthy,1994,cc99745da53eea76201437f79d42f33eb1bb0b45b579bf440026b68da1a4797c
Corn_(maize)___healthy/3d233d54-4960-454c-b98e-2febc7019bba___R.S_HL 7944 copy.jpg,Corn_(maize)___healthy,1995,6fd1338123501489dcf91ca5636cd64d1f63d222f1a0eacc117b963b7e1cc683
Corn_(maize)___healthy/3d760d50-9c32-4532-b3a0-e56066a43ef1___R.S_HL 7891 copy.jpg,Corn_(maize)___healthy,1996,4a08df9923042fbb74b773b7c0eba502a6a8d21aba44fc9de4458df3bdd224f1
Corn_(maize)___healthy/3d7b536d-9c3c-4ac4-9027-1e7f3c1be0a6___R.S_HL 8215 copy.jpg,Corn_(maize)___healthy,1997,3f1c6327b6341547dd9c026e6d90829e283f7e574a3d503c7da9d957797a4b7b
Corn_(maize)___healthy/3d7c8677-b8a0-4617-88b9-d248d30f70d1___R.S_HL 5550 copy.jpg,Corn_(maize)___healthy,1998,7369763b5b0c85261fec4cd9d124f713c8784cdb6daa35e75edc0eeb5acf06ef
Corn_(maize)___healthy/3d85d62d-8a88-48eb-85a5-a283c670a453___R.S_HL 7972 copy 2.jpg,Corn_(maize)___healthy,1999,9524f9713790a43f0f52c0ab3be243b8a4fccfc88611baecd8cd61e1f8dd74ec
Corn_(maize)___healthy/3ddb5798-8a7d-47e7-87cc-4189675cae80___R.S_HL 5496 copy 2.jpg,Corn_(maize)___healthy,2000,97a9e6fefa3c69a01b74651466ddbd508b01cf682ed856a5363b53b6584f81a6
Corn_(maize)___healthy/3deca79b-004d-4d83-9e97-25523e492f68___R.S_HL 8265 copy.jpg,Corn_(maize)___healthy,2001,cc2c700cb29bbbb403d332204e53b0ae1e3738447a87c0243efc4117fcd5a1e8
Corn_(maize)___healthy/3e1226c4-baf1-46fa-8253-e777ca911e2f___R.S_HL 8345 copy.jpg,Corn_(maize)___healthy,2002,6c0ecaaae3cd94070cc5acc8afc50807086401c4cd710e5a3ed1792c3c4c9fbf
Corn_(maize)___healthy/3e60a3ab-304e-4620-ac3a-9e255ce0c779___R.S_HL 8207 copy.jpg,Corn_(maize)___healthy,2003,a6e71663d798c83e6ce0d91c8a9cf385779f99a39dd29d9e70e984f693f6faa7
Corn_(maize)___healthy/3eb884a5-e02f-4f39-b406-977e49ce1957___R.S_HL 8209 copy.jpg,Corn_(maize)___healthy,2004,e3af438cd642f766899a63206df975166086473860289583b7ebfe17768033a9
Corn_(maize)___healthy/3ed3e07e-1932-4c33-9613-d31af970986c___R.S_HL 7973 copy.jpg,Corn_(maize)___healthy,2005,4eeed455736c0cd497d668232fd99cd7e35a0777e90e67aaca81acfa68373036
Corn_(maize)___healthy/3f1391a0-85c0-41f2-bd64-7bb9e6e6486e___R.S_HL 0618 copy 2.jpg,Corn_(maize)___healthy,2006,e8c3ae9b3d759a09088ba0862146fed9926dda685f8512849086f874a48ec430
Corn_(maize)___healthy/3fcbe762-9784-4c0d-9e9a-30ce8a97502e___R.S_HL 0605 copy.jpg,Corn_(maize)___healthy,2330,533def71437e6b09560b57f5ec10fdf337658bbe318a0bd45ebd5872cbf09fa2
Corn_(maize)___healthy/3fdabf59-5491-411c-b61e-c3fc0bbb3831___R.S_HL 8097 copy.jpg,Corn_(maize)___healthy,2008,ca83339407074eebb43031352b8b733fb0186db75c0b64e94a320b3b6264fe4b
Corn_(maize)___healthy/3fdcf34b-cddd-4428-912b-251f982ec0da___R.S_HL 5542 copy 2.jpg,Corn_(maize)___healthy,2009,d9bde7d0aba0589ace83b782a16a1485030a631d018df24942e3c5327171682a
Corn_(maize)___healthy/3ff59355-b164-4a03-a51f-4c19dad684a8___R.S_HL 8198 copy 2.jpg,Corn_(maize)___healthy,2010,f9e332456c17452adaec70ce9398769870d4462b958c0420ebe68143a3a364e3
Corn_(maize)___healthy/40016f08-81b6-462f-b6f5-f1c8cf9cc519___R.S_HL 8084 copy.jpg,Corn_(maize)___healthy,2011,df2d0f4f010db7566107848275de8892f07f06b815768ca55e9501df802f79ce
Corn_(maize)___healthy/4003f1ff-d041-4e9e-b021-d7cacb9b016f___R.S_HL 8051 copy 2.jpg,Corn_(maize)___healthy,2012,5a1b7ef84d6000c894605fe9711b86e231f9cad809753085620c421975616d45
Corn_(maize)___healthy/403c1b73-5eef-412c-9913-39909a5cedaf___R.S_HL 0636 copy 2.jpg,Corn_(maize)___healthy,2013,464dc66e008a1e1f459bb93da4156b8d1862c455fdbd6491f8325301a8ae643c
Corn_(maize)___healthy/40457fb6-406d-479f-a788-36851a0ff426___R.S_HL 8303 copy 2.jpg,Corn_(maize)___healthy,2014,d77c20c40985366a7c7582d616551abf870d26476665cb044c63bd7ce14fdefb
Corn_(maize)___healthy/4072df91-b71d-4b65-abc9-e843f61a9544___R.S_HL 8210 copy 2.jpg,Corn_(maize)___healthy,2015,8c25c8b07483919831155151c7fa13dcf86d7f3b9d37c08b86da17273572216d
Corn_(maize)___healthy/40e5e314-1484-40c0-8297-3efde6fb5e89___R.S_HL 0613 copy.jpg,Corn_(maize)___healthy,2016,d6ff9b42f53d9218f8e64358101cd516e4c5877d4afc6ebda5c4c75b7b83d413
Corn_(maize)___healthy/4118e80c-13cb-44ce-9094-df129c141499___R.S_HL 8296 copy 2.jpg,Corn_(maize)___healthy,2017,112dcfdcc36597b2140901a4117a5fe7a16677b0f67cfaa7020362ceb0dce783
Corn_(maize)___healthy/41273258-e17c-44e1-a12d-bf8582235994___R.S_HL 0650 copy 3.jpg,Corn_(maize)___healthy,2018,370e54594d1eae3d3951e754aa7540d361ea6584dc548b59ef8f91fb429c04c9
Corn_(maize)___healthy/4217406b-4bdc-4484-9670-c0c350d854bd___R.S_HL 7976 copy 2.jpg,Corn_(maize)___healthy,2019,78249f48c3381a98d93c015a5fcec72335197dd39047d4fa2981fd8abb9e389f
Corn_(maize)___healthy/422a3a81-fd1c-404e-bda9-2f177d5eb2ec___R.S_HL 7988 copy 2.jpg,Corn_(maize)___healthy,2020,835ac46e24d4c24a70916addeea33b9b4bfc6ccf585964c0f0faed7a5363b76a
Corn_(maize)___healthy/42488140-6d00-4240-9a9a-b9fddedbefdd___R.S_HL 8277 copy.jpg,Corn_(maize)___healthy,2021,7fb666becacf84c55e0b491aa7765876747d8283e20e7f9788edb4ac7a0298b4
Corn_(maize)___healthy/42629a94-b48b-412e-8f60-70f915fe1beb___R.S_HL 8100 copy 2.jpg,Corn_(maize)___healthy,2022,9cbd2689866a32e4535f8e1bc7365c3a2dce1fa45a2532f9a888b73ff9e8552a
Corn_(maize)___healthy/433a363a-c354-4972-bd8c-b3fcee49a336___R.S_HL 8302 copy 2.jpg,Corn_(maize)___healthy,2023,9b9b2d1b09c102fa7c93f30ff82efe60449f6f6b11a5d3189ee595e6be060d0e
Corn_(maize)___healthy/4375eeae-d9d5-49de-be1e-d58d0909013d___R.S_HL 8078 copy 2.jpg,Corn_(maize)___healthy,2024,e89bdaeac5e5cdeb3bf34c4dc133bb3bf704c48aebbc96acd7ae54216cd147d6
Corn_(maize)___healthy/43931e08-e92c-4c68-9334-b8554adb41fe___R.S_HL 8160 copy 2.jpg,Corn_(maize)___healthy,2025,7cc6728c77e76b159df3e7bc8a4599c1e11e154a0ca4f737945a48ca2a4c295e
Corn_(maize)___healthy/43c48ef9-6312-48e2-a6c6-1282ad331cf5___R.S_HL 7960 copy 3.jpg,Corn_(maize)___healthy,2026,8b2a1712a41fd2bc63550dda882e9884d1ffe135eb8848dcf0486c8f37dd37e9
Corn_(maize)___healthy/43c7f0fb-2542-46be-842b-5b4ad6a8cad2___R.S_HL 8218 copy.jpg,Corn_(maize)___healthy,2027,4872743072f74dbfbddf17bdc6d2f2e2cb1d06039025eb2f4abc4770c7598578
Corn_(maize)___healthy/442c3578-cee3-43bf-b636-b447a508a3f8___R.S_HL 8250 copy.jpg,Corn_(maize)___healthy,2028,5913ebefe3fddd0d7a7486784ccb69e1d8a1f83442fae99b2110dfcb4136622f
Corn_(maize)___healthy/445d1b31-6f77-4597-9ded-4b94581dfa75___R.S_HL 5531 copy.jpg,Corn_(maize)___healthy,2029,53f9dd0064eaed30b5603263398562cfc9ec184d4d9a2ecde616d6a992fc9ab1
Corn_(maize)___healthy/44927b10-a45a-4c36-becb-2d410f06d77e___R.S_HL 7967 copy 2.jpg,Corn_(maize)___healthy,2030,37fad3410d9f7015cf935b81bc8a6649a1fd4d689cd5dc4c13dfbd6337bfe940
Corn_(maize)___healthy/44f2a3c4-6e69-40d8-9aec-ba79a37a767d___R.S_HL 5529 copy.jpg,Corn_(maize)___healthy,2031,8f9a1f17f19ebbb1441978f9766fd6c97b9ba750005d1561c80285e0d35aaa1f
Corn_(maize)___healthy/4511c343-1fb9-450f-9991-7fc433034f7a___R.S_HL 7996 copy.jpg,Corn_(maize)___healthy,2032,a7bb535b44f2f99f44dbeaeeba75f68f41f4d3e4ffab8b6acaeec25752f48009
Corn_(maize)___healthy/451cb857-dcdc-45a5-b60f-7c4b99a77023___R.S_HL 8286 copy.jpg,Corn_(maize)___healthy,2033,ff3e6f88c6bbb51525b1ea89feddcfa603bf1d5c5746a8fd8c346f05814aa932
Corn_(maize)___healthy/45287d1a-2fc1-40ca-a80d-d1161985e96d___R.S_HL 0648 copy.jpg,Corn_(maize)___healthy,2034,1ca0ee5dfa6267617fb8b296ed812c4b655ddee725e23ee6a749099357dd3e80
Corn_(maize)___healthy/454783a2-2485-4021-968c-ee775181f1ba___R.S_HL 5493 copy 2.jpg,Corn_(maize)___healthy,2035,65085d729377a87a827691ada08f9dadf62469d7b890f4adbc7cde8c27081ba8
Corn_(maize)___healthy/457d6124-02df-4915-b8b1-21e6d987019e___R.S_HL 7949 copy 2.jpg,Corn_(maize)___healthy,2036,951139c6801bb69838d5a3d7bf46d665e73fdccbda979555ee14f724ef942a04
Corn_(maize)___healthy/45c4f454-dcbb-43f3-9727-18e029a6901c___R.S_HL 5518 copy 2.jpg,Corn_(maize)___healthy,2037,0425205b53b1144ede6cec5c31ca0d94c1ff8902d1253f7fe58c13cf81140d0a
Corn_(maize)___healthy/4619bdbf-5229-4af8-9bdc-1a9b3a25c817___R.S_HL 8263 copy.jpg,Corn_(maize)___healthy,2038,ef28fa5c1c8851969da33f6287dc8fa36e584dde1d8e31dbca55300ec305dd29
Corn_(maize)___healthy/461baed2-cdf3-4ce0-9812-65f34484bb35___R.S_HL 8031 copy  3.jpg,Corn_(maize)___healthy,2039,50ab29a441d0fe89f7202ed87ce4350f50ad3804b8dd8b4a363b9f7eec7ff2da
Corn_(maize)___healthy/46277fc4-d989-4a82-ac74-719142e16f21___R.S_HL 7943 copy 2.jpg,Corn_(maize)___healthy,2040,840cbbb91223d60e84b9dae2af17618b9ef42c89b0ff64d19953cea2fb64ee0f
Corn_(maize)___healthy/4634067c-4205-49d6-adc6-94e34e71374b___R.S_HL 8341 copy 2.jpg,Corn_(maize)___healthy,2041,1d2c237a6ddf7eef2131cef515413f1f60a4fbb037f59a2dadd53e660557edff
Corn_(maize)___healthy/466155e6-ef86-4024-9c0a-de7ca09a1d07___R.S_HL 7986 copy.jpg,Corn_(maize)___healthy,2042,b7ad4e78383515e3c2a25e32e1a217edcb0c5893d29175af08b828fc3c8ac276
Corn_(maize)___healthy/4810995d-308d-4931-9b96-1021194e596e___R.S_HL 8258 copy.jpg,Corn_(maize)___healthy,2043,f8e509ea9f2a041fe579d4ed10d0f789fba9fdf0a64a9a9bcaf0228db21429ad
Corn_(maize)___healthy/482383a3-26f3-468c-807d-91f653941e23___R.S_HL 8323 copy.jpg,Corn_(maize)___healthy,2044,deccbbbd918c533c3a2df435507f6c61699f30d4daea72ac13031abb17226d99
Corn_(maize)___healthy/48296a13-4359-4df3-b19d-d457c14721ba___R.S_HL 8157 copy 2.jpg,Corn_(maize)___healthy,2045,b3aff7ef9ed2c8628819bb64cd3b2dc430818d8d4522ec4ac015aafe22a69d27
Corn_(maize)___healthy/482efe83-cbc6-474d-87c5-e28a3a528541___R.S_HL 8273 copy 2.jpg,Corn_(maize)___healthy,2046,9ce156e3bd2c7baf481c99a70a768e458d50d33b28f9a8d24749755382836840
Corn_(maize)___healthy/49231c3a-0132-451e-820d-d3357618a3eb___R.S_HL 8019 copy.jpg,Corn_(maize)___healthy,2047,00a17aa1f7df29160c0fce5a48079e6658eb4f5539a648985687ebe55c527ac1
Corn_(maize)___healthy/495d4205-e476-48c0-9791-ff947e0d6fc6___R.S_HL 8077 copy.jpg,Corn_(maize)___healthy,2048,f2dc89fa6a0bf1f6867dbb0d5afd180117f04c407481a9bf2f40bd7d864a062b
Corn_(maize)___healthy/4976825c-af34-4ba8-9e2d-2a6c25eae077___R.S_HL 8269 copy.jpg,Corn_(maize)___healthy,2049,2047a03e10406aad19053071dab2ca41fbe9c64cf1b0ca1bd040a43ecc8b2720
Corn_(maize)___healthy/49bbfde1-06f5-41fb-baeb-4008a097a021___R.S_HL 5538 copy 2.jpg,Corn_(maize)___healthy,2669,57b4afb8c971dd6144b0412bb3752df7ce254cbf11879b1a87281d6238ce0abf
Corn_(maize)___healthy/49ecc957-9ec7-45f7-a3c9-d1e63cf224df___R.S_HL 0607 copy 2.jpg,Corn_(maize)___healthy,2219,f5256e8babb2d4f392c19a40c9ffb166d5827504ffd65595134586e3f316cd71
Corn_(maize)___healthy/4a54e4fc-cc6f-47f9-b41e-f9d34c94abbd___R.S_HL 8200 copy 2.jpg,Corn_(maize)___healthy,2052,85aa3d8d46c9cdb1ae341d6bea74de74a6c36e517be87a0fb48954aacccca9ee
Corn_(maize)___healthy/4a6aa530-32c7-49fe-a18b-a069bc49073d___R.S_HL 8304 copy.jpg,Corn_(maize)___healthy,2053,83a652cfd3a4598533a14a3fc7ce93628aa360bb8f8367972e6fa6fa47a2d5d4
Corn_(maize)___healthy/4a771d9d-4dc5-48dd-9b05-239246a8dc66___R.S_HL 5494 copy 2.jpg,Corn_(maize)___healthy,2054,63548c9a61e70d8b447eec56938716c7e0565171abe58b76875bc0273d46f0a9
Corn_(maize)___healthy/4a960b84-d0be-4118-83bf-24c46678b7f6___R.S_HL 0624 copy 2.jpg,Corn_(maize)___healthy,2055,d28bf233c5a70e8f995b71d1fa2f35f8d2cc536a64e616bb70fb1b790b398c91
Corn_(maize)___healthy/4a98a740-26d6-412e-bd44-1936c506906a___R.S_HL 8273 copy.jpg,Corn_(maize)___healthy,2056,38db89a25121fc55205e798de6293d82f0f338064d70c2c5dd0e58e54a56bd42
Corn_(maize)___healthy/4ae99990-fe39-4a48-bdec-5ed4b1e0ea5c___R.S_HL 8316 copy 2.jpg,Corn_(maize)___healthy,2057,c0e31c3044e24803359a5499288b7af95f6d1a6691f255a8c3503b865ccded4b
Corn_(maize)___healthy/4b7e28c4-2353-40f0-b09e-a7a60167ef75___R.S_HL 7936 copy 2.jpg,Corn_(maize)___healthy,2058,b7152b797284bd593a0a1f35becae9ad4c150eb9c00cd19698911d23b9b9bc6d
Corn_(maize)___healthy/4bf9482d-8953-49ca-bc10-ed2742d40e9c___R.S_HL 5522 copy 2.jpg,Corn_(maize)___healthy,2059,527b4b39ec6c9bb66f8bce2c864ef0adf612e716ee41ed0457db6f980909e4ec
Corn_(maize)___healthy/4bffb932-0f73-4ea5-b1b3-ffbef8c5f07d___R.S_HL 7895 copy.jpg,Corn_(maize)___healthy,2060,65a5d47416aadfec71ec8403619540de7d5ab0fdcf5ffde58833fb84cc034ea2
Corn_(maize)___healthy/4c32154e-bea7-4a62-bd5f-fa8e3cf14c20___R.S_HL 0609 copy 2.jpg,Corn_(maize)___healthy,2061,4726694dff61f81140b5f9a09ba883e367708494855601c24d59d2b50b824b46
Corn_(maize)___healthy/4c5a712f-aed9-462c-af79-4a5e215c3bf2___R.S_HL 8175 copy 2.jpg,Corn_(maize)___healthy,2062,f118476a434dfcb48ac96ae7af3fb2819e59a0e5c6e300063bbe28a04dd5c146
Corn_(maize)___healthy/4c7c0c9d-eade-4f48-9c77-da0e1b5f587e___R.S_HL 8104 copy 2.jpg,Corn_(maize)___healthy,2063,6416635b6ddfc1ca08f77e1da70c0bc3f40b51300c20736c68ed3a216b46ffa3
Corn_(maize)___healthy/4c7db7c9-685e-4b99-ac79-f37f5b5f1974___R.S_HL 7946 copy 2.jpg,Corn_(maize)___healthy,2064,e1e143ad02ae64f6314f0e15b35f5706424299437247706ff91aa0da9526f2e9
Corn_(maize)___healthy/4c8d1ae5-019c-45ef-9151-ed904f18ca00___R.S_HL 7909 copy.jpg,Corn_(maize)___healthy,2065,08305a30b8b096a98c316a43a0e86733e26dece5b7693302742392d654c326a0
Corn_(maize)___healthy/4ce0824c-0f77-4c6c-b7b8-40f0cd51d320___R.S_HL 8236 copy.jpg,Corn_(maize)___healthy,2066,851a36400cb92ccb0c6e03426b268f3b06ab4522542566041085092217c69c65
Corn_(maize)___healthy/4d603dbb-3e1e-4acd-ab00-8bdf858191a1___R.S_HL 5535 copy 3.jpg,Corn_(maize)___healthy,2067,a03f53e9be202f4b80710cb6bb84ffaf53ac8aff3c9825e46a02fa2ec6209f70
Corn_(maize)___healthy/4d96707c-8202-40cb-a6bf-c2ccce2dded0___R.S_HL 8081 copy.jpg,Corn_(maize)___healthy,2068,31a21fa099462e9a522bac711eef46e1f1d1a0c9d5d9032b54226fae23f85cdb
Corn_(maize)___healthy/4da561ff-1720-4174-be49-d9680cc1cec3___R.S_HL 8321 copy 2.jpg,Corn_(maize)___healthy,2069,654ea06faa86dd77630c7dca7d942cc9d7fb0853fbe206fbdd7aba805f71764a
Corn_(maize)___healthy/4dd0d54d-37bf-48cf-a3be-420949d5b2fd___R.S_HL 8235 copy.jpg,Corn_(maize)___healthy,2070,7e55f8e3207a9a0b7bbd9d897bfd2e79a2b7324109a15b970cc1f6118ae5902b
Corn_(maize)___healthy/4ddd376b-7972-4a58-88cc-63aac4b33a1a___R.S_HL 7894 copy.jpg,Corn_(maize)___healthy,2071,1b63add375440bcb3b56c9aee5ef09a111801f37d5729c35943c6022f38e315d
Corn_(maize)___healthy/4de6bcf9-a5d6-4cca-b412-c9cb1fabf34f___R.S_HL 8284 copy 2.jpg,Corn_(maize)___healthy,2072,bce6df78475d3d4b6eceb23c8510daa1efdaa389c95b57cbd9b699a8d3b435af
Corn_(maize)___healthy/4dfc51c1-3466-4717-b63c-5bd448a68819___R.S_HL 8220 copy 2.jpg,Corn_(maize)___healthy,2073,bb38094d8f62228721f804c15c48efb34219f8aa69fc26abcfb5eed26a256b24
Corn_(maize)___healthy/4e65846a-3154-486c-b58c-cbaf698e0f97___R.S_HL 8151 copy 2.jpg,Corn_(maize)___healthy,2074,c5bc1f9540473666e07f103ae1266b286983a4c45ac1979d1353e13e209de063
Corn_(maize)___healthy/4e78f502-e486-4057-b157-3065dd4abd86___R.S_HL 7993 copy 2.jpg,Corn_(maize)___healthy,2075,4a5f8c3fc03d2161a7de7ee3046e089e11286bf68f1f4c631e98a2f42a8b40cc
Corn_(maize)___healthy/4ea4d667-2e5d-4440-83ee-5b0d68217272___R.S_HL 0651 copy 3.jpg,Corn_(maize)___healthy,2076,31f062e70ea5a092c590cb263ee67b85eafac5d89fbb533d2a85a2da3c185514
Corn_(maize)___healthy/4f27ff1a-29dd-439d-8445-a5b73998da5c___R.S_HL 8044 copy.jpg,Corn_(maize)___healthy,2077,17596420cd0fa453340b01a5481415271ee87739b97adba9e17b6c9285c1e863
Corn_(maize)___healthy/4f3347e6-ed68-4659-aa26-5591ea8c923e___R.S_HL 5505 copy.jpg,Corn_(maize)___healthy,2078,639af85f1984d8fc39fafc85a5dac8736238ce32ccdc227282f99a6a7afcadc7
Corn_(maize)___healthy/500c13c7-2b8e-43ea-b842-154de7cf7f50___R.S_HL 8003 copy 2.jpg,Corn_(maize)___healthy,2079,85692af0dc4dad1866af6e14aa1ba9ae5edec21f6dfb9bb307386ac8dd0915cc
Corn_(maize)___healthy/5048e022-c5a7-4215-a55c-c9576e45f4e2___R.S_HL 0602 copy.jpg,Corn_(maize)___healthy,2080,e6cc9894806fd025d0413372d815a8772a0c1aa48de767dd825fa698fcc27d92
Corn_(maize)___healthy/508527ca-609b-427f-9b08-7ac3f3d45034___R.S_HL 8112 copy 2.jpg,Corn_(maize)___healthy,2081,cac58a8bac0f1bbc0edd824b6a6af949a790e127fcd49570bc2e90cee0bbd16c
Corn_(maize)___healthy/50d502de-24fe-4929-bd9d-9bbe9bdb6541___R.S_HL 8052 copy 2.jpg,Corn_(maize)___healthy,2082,65acc9fa5a9583e306e1e23e09fecf862610ef2dfafa97d631473494d66d3826
Corn_(maize)___healthy/50e026e1-cee6-4382-9664-5cd5be377e91___R.S_HL 8314 copy.jpg,Corn_(maize)___healthy,2083,4633d7cb482dacd35a9df71778b6be0a1ecb58266f93213f8fe730b1b988ef38
Corn_(maize)___healthy/50f1396f-52da-4f95-84e0-aaa2a4fa9121___R.S_HL 0648 copy 3.jpg,Corn_(maize)___healthy,2084,f99f8708f186efaae6a12032dd6c27a85656b4293b26bf2e94b155cf90f596c8
Corn_(maize)___healthy/50fe7549-e9f5-4104-abdc-b78630c0483e___R.S_HL 8185 copy.jpg,Corn_(maize)___healthy,2085,0c1a4d722b89b64c3a312e881580440ec23c428222534f3fce31fe69b24302d4
Corn_(maize)___healthy/5120c19c-8834-4b88-b406-f26c0784b74e___R.S_HL 0649 copy.jpg,Corn_(maize)___healthy,2086,813ce5878ead04e6e5647575192698f1fe13d585a3612b6f2b20f9b87afca019
Corn_(maize)___healthy/51261199-c0d9-43e1-a6cb-4275e6879b2e___R.S_HL 8089 copy.jpg,Corn_(maize)___healthy,2805,86fd299fc0537b4c4487ba4ee1cbc9c5afd318fbb079127799ae88a5caaf56fc
Corn_(maize)___healthy/512a6f84-c287-4f78-bfbe-311bbf1ca548___R.S_HL 0626 copy.jpg,Corn_(maize)___healthy,2088,caaa06593ea85ea89e04f14b71b31392b6d8edd61ef44df5a9321a4a445f3010
Corn_(maize)___healthy/512c7244-c0d0-4900-9b23-2f0256fd1d1d___R.S_HL 8165 copy.jpg,Corn_(maize)___healthy,2089,9209c733a30737332cdd659d16980f49437dc224f95328a76971cba04054f83e
Corn_(maize)___healthy/5151362d-b000-4d78-86f3-5fa2109612a2___R.S_HL 7928 copy 2.jpg,Corn_(maize)___healthy,2090,c127bb051cdde1ba10ee571253c93f2039e89b78296e3db4495ee2198fb333f2
Corn_(maize)___healthy/515cfd7f-995c-4843-93f7-dc2c012db476___R.S_HL 7877 copy 2.jpg,Corn_(maize)___healthy,2091,a5f48ee9322a85a4cd133ffb8e972e3c6ea0da6380f4addda278d5008c398b07
Corn_(maize)___healthy/51f761a5-df28-4a44-bb1c-abd0ac8fe3f9___R.S_HL 7894 copy 2.jpg,Corn_(maize)___healthy,2092,a8f9455b461b4cde355cde9a77df4dc402087e67c528e6ce6104a2f8a39c712c
Corn_(maize)___healthy/5243e506-339c-4c97-8e1a-86f146aa5684___R.S_HL 8057 copy 2.jpg,Corn_(maize)___healthy,2093,dde4f49b81a42dec719cb48edb55076599422fddd00d1fa4a3196809ae62e474
Corn_(maize)___healthy/526e6386-1a1f-4ac3-a49b-770d588faf4f___R.S_HL 7961 copy 2.jpg,Corn_(maize)___healthy,2094,b51e8d36a95ff1386588915afe3c0de1881e7eff301c4966e645c3d4a808040e
Corn_(maize)___healthy/5307bb57-584b-4af3-a3a6-af59b60d1944___R.S_HL 0629 copy 3.jpg,Corn_(maize)___healthy,2095,df9ae9442138ff64dd01a35b7e5b46cd8d2d0104c7a5614e4e4ec108e953a38d
Corn_(maize)___healthy/537f6d91-ea08-4055-8736-60cc5cdf666a___R.S_HL 8154 copy 2.jpg,Corn_(maize)___healthy,2096,be3652092c78ae381c85548bcd5fd2727c16c0856411c01cb18fa15b5b97bc68
Corn_(maize)___healthy/53b73553-110a-4dc1-8320-332c4773b8e9___R.S_HL 7907 copy.jpg,Corn_(maize)___healthy,2097,51726ee9b751bf6f90b7e44f518770526b47c7b86f8861c734f15f159a9b4433
Corn_(maize)___healthy/53be8546-8213-4568-a469-31e19edd1ec4___R.S_HL 7892 copy 2.jpg,Corn_(maize)___healthy,2098,94441d594a310a078f0b44b09ee689a6a430f00980f9181d98348afa7361b713
Corn_(maize)___healthy/53c211a4-96bc-4f7b-baa2-25eb66878c3a___R.S_HL 5514 copy.jpg,Corn_(maize)___healthy,2099,b978b2267407c49dcb2c70f2791a0aca0e8a3ec8b747ed991d8238f9942e0865
Corn_(maize)___healthy/53ed74e8-9420-429f-8f49-ad5c40eed3a7___R.S_HL 7944 copy 2.jpg,Corn_(maize)___healthy,2100,69c59c803efb835c8b5acfc17d34657fb5f7ae4b414bb0085c0c9694b3a26e83
Corn_(maize)___healthy/5417243a-8492-4bf5-9c54-9b930dd54bff___R.S_HL 8069 copy 2.jpg,Corn_(maize)___healthy,2101,1b4ed8a14b641ee3f1ef86c8ca1130f39615b9c8f91b4fa2e07ccf1483963cf6
Corn_(maize)___healthy/5467efda-f4ec-4f5e-94b8-8bc0fd19c7ac___R.S_HL 8148 copy.jpg,Corn_(maize)___healthy,2102,be8727bbebf7278eec642e6bf15bbf725f2983c6a1391eb4b92ed16655f2f9c4
Corn_(maize)___healthy/54771de1-8262-4207-b15f-ad48a1362ea7___R.S_HL 8249 copy 2.jpg,Corn_(maize)___healthy,2103,71ce65f2998d85d25b22c6c07d68cbced65cb17be91298b76c528afc6b4e1d22
Corn_(maize)___healthy/54d2d5bb-a3b0-4039-ad5a-2736e821ea8e___R.S_HL 7965 copy 2.jpg,Corn_(maize)___healthy,2104,c5f44212c02f847738762ad6f839f26c0ba752a833153a68d4a74ad9232c4b81
Corn_(maize)___healthy/55558508-0071-4e16-89ca-5e42716988e9___R.S_HL 8170 copy 2.jpg,Corn_(maize)___healthy,2105,8fd07fab4683cf95060757b5e4ba1cd99f9d8bbaecb84ab652a862459530fd61
Corn_(maize)___healthy/5558853b-3853-4ef2-9824-a73060db0b30___R.S_HL 0631 copy 3.jpg,Corn_(maize)___healthy,2106,228ba4ef4ef98c2223bc0eb0129732ba9cd6195cfde2cbd7271fa955b42f11dc
Corn_(maize)___healthy/55dc128d-a5c8-4a38-8462-498f377f9e9c___R.S_HL 0610 copy 3.jpg,Corn_(maize)___healthy,2107,465368519d45b5e6717d1e6d81a2c927f72e30b8ec25b51bfd753cd8b4a50e8c
Corn_(maize)___healthy/55ea99a3-17b3-4971-8159-0fa4e369c0d7___R.S_HL 8219 copy 2.jpg,Corn_(maize)___healthy,2108,53d9e23cd1b27ba475e9b9dd09b372b46c1f4c5923bb3996782f6214915a8c48
Corn_(maize)___healthy/55efba35-9d8a-4fae-9096-dfe1ade5b381___R.S_HL 8184 copy.jpg,Corn_(maize)___healthy,2109,41d77332f432c80a48169480a1c170ee9aeb0ca16281b2da40590f39e1376b8b
Corn_(maize)___healthy/56572312-831a-4242-91f0-31b816ade9d9___R.S_HL 8067 copy.jpg,Corn_(maize)___healthy,2110,8028aa22c08a382b7dacce918aa75172928979517281e4cd3e2f6a2cdae0193c
Corn_(maize)___healthy/56e3464d-39d5-4694-b34a-2af5866c949a___R.S_HL 5563 copy.jpg,Corn_(maize)___healthy,2111,1724e0c7f70b3e1c5ee38a5f07aeb604be9faac71060fa4e8b02a9ad0a94772d
Corn_(maize)___healthy/57414792-9bc5-40c2-b7cb-b764a2531225___R.S_HL 8152 copy.jpg,Corn_(maize)___healthy,2112,a278ad000e752a044c76c7deb84b8d9ecb727808828243f5bb53a3acca492a3c
Corn_(maize)___healthy/5756c0d0-91eb-425a-90cb-cc6364d64fd4___R.S_HL 8046 copy 2.jpg,Corn_(maize)___healthy,2113,b60ad9798f915620dd992faca80c1d8caf7d50ba6d0406c66b99e9dbe8a12ed5
Corn_(maize)___healthy/57625493-7f34-47eb-b7d4-591b39701edc___R.S_HL 0620 copy 3.jpg,Corn_(maize)___healthy,2114,61714422a67aa23ecf8ed53e366286598748dfadb607e47de29a439ad9e667cf
Corn_(maize)___healthy/57e69775-d8c7-4701-9f93-f88dfa27e7f2___R.S_HL 8190 copy.jpg,Corn_(maize)___healthy,2115,168e4acb131a8be91d99dae566eb9d637641d6605846c93ed4f16017b15dc48c
Corn_(maize)___healthy/57f92b15-58ae-4e5f-a979-1c83f9c0be94___R.S_HL 8008 copy.jpg,Corn_(maize)___healthy,2116,f8b1b8853d13db1f4443e6f76471281d45b1bfb7e4c06cbe5fa270858afa849e
Corn_(maize)___healthy/58d32b43-d61e-40b1-a28b-ad80c58e7811___R.S_HL 7918 copy.jpg,Corn_(maize)___healthy,2117,847d1274ff2fed219d962720d8878c395b2e25f43d0623785770831a0de1faba
Corn_(maize)___healthy/58f71b31-7e05-4036-985d-ffa20976c668___R.S_HL 8063 copy.jpg,Corn_(maize)___healthy,2118,0e33343a77c6d582f518208a6460fcaccae0b69510f8db0e3924640401db36a1
Corn_(maize)___healthy/592b6242-4900-41f6-8ec0-d2549c3bcb73___R.S_HL 8043 copy.jpg,Corn_(maize)___healthy,2119,c107df5a7167e481cc964f1005c56bd7d285080ca9eb01362d90a9c063c9374d
Corn_(maize)___healthy/59453ef6-bc9e-4b40-8a2c-e40e39cfd893___R.S_HL 8153 copy 2.jpg,Corn_(maize)___healthy,2120,11cf8ae778d134d5713fff43a7f4c49286980ee44763e7f4dab387d518360dc0
Corn_(maize)___healthy/5961441a-a52d-4648-a08b-4965caf11c20___R.S_HL 8328 copy.jpg,Corn_(maize)___healthy,2121,d18027623a6a3028f1d43925ed6cbf6ddd030060ac61c8baa04977e84d394ef5
Corn_(maize)___healthy/59633534-1c22-49c5-a8c8-909653945bf7___R.S_HL 7912 copy 2.jpg,Corn_(maize)___healthy,2122,858b35a3c32965e16e00164e4357998994fc663b73c3ee0a28a7c70a55dc80c1
Corn_(maize)___healthy/596f6046-a290-45e2-8c1b-7a60e191f640___R.S_HL 7966 copy 2.jpg,Corn_(maize)___healthy,2123,c62c0e466322703f2dca8e2edb9b91261e6ff95a6377cb20bb3d43c621c199ba
Corn_(maize)___healthy/59bc56e1-31cb-410e-a8bb-4afafb0fac7d___R.S_HL 0599 copy 2.jpg,Corn_(maize)___healthy,2124,3ee9b7cb7fc3b4774a24f18c4dbb289736cd09a9a3244ea984d380da8b604870
Corn_(maize)___healthy/59c6e1f0-eef8-4e82-a113-07f5056a5f37___R.S_HL 8030 copy.jpg,Corn_(maize)___healthy,2125,d0db309372799e1b8783d177d65de344dda750e938c55366581959d7b7dfb8e8
Corn_(maize)___healthy/59d025eb-f3a8-4a92-a5bb-dfc3acf3515b___R.S_HL 8206 copy.jpg,Corn_(maize)___healthy,2126,3e7a20c7761026956ec88ed5e25965c895de53017d52696f208b5ed3f4215e6e
Corn_(maize)___healthy/59d8a372-0690-4767-9795-ea96ac386393___R.S_HL 0596 copy 2.jpg,Corn_(maize)___healthy,2127,c2ee56d1f0d9b29efd8101c9a214438673931f11de335ee95adcd0cf55c356f9
Corn_(maize)___healthy/59f7744f-c282-416c-8387-cdbbb195cd4f___R.S_HL 7928 copy.jpg,Corn_(maize)___healthy,2128,777f9e6429aae910c8683973100ea742465be7f8186c8b2529eb69829c79876f
Corn_(maize)___healthy/5a09057d-7d3d-46b4-9ec8-e182f6f4afef___R.S_HL 7947 copy 2.jpg,Corn_(maize)___healthy,2129,07727e5479751cf14f6eaf47a0168ebbea7fbd06ffc2c8b6445233f9047d67f0
Corn_(maize)___healthy/5a1567d9-a5ee-49fe-8c0c-78a9fe25b213___R.S_HL 8164 copy 2.jpg,Corn_(maize)___healthy,2130,231b64feab518122b00440cd2fdf71c410e0053a105c9092c2d3b9d973a8e2b2
Corn_(maize)___healthy/5a2800a4-15ed-43a5-864d-01d16d37ed67___R.S_HL 8219 copy.jpg,Corn_(maize)___healthy,2131,a3a2e3d70e7d469d846d9bda5dc3f878f3ed212195c4410bdf60edb05d8db3f6
Corn_(maize)___healthy/5a92ab9e-726b-4f63-9629-736509128ae0___R.S_HL 8294 copy.jpg,Corn_(maize)___healthy,2132,2cad0f9119c596aee363143028e505ded2a971f1e613e1c14992ddc75c0b4222
Corn_(maize)___healthy/5b34f21e-9ae1-4213-80b1-b7dfc281e251___R.S_HL 5493 copy.jpg,Corn_(maize)___healthy,2133,651c7bff9ddb254a9f91bd09ec3bad3426dc22192e0f7e762e8d5a6abe98a00a
Corn_(maize)___healthy/5bed19a9-9318-4160-926f-c2c641995c1e___R.S_HL 8167 copy 2.jpg,Corn_(maize)___healthy,2134,66eae3b0aeb915ad57c7167f801552a28919101fd81075050bc3b5cb2c2b21c9
Corn_(maize)___healthy/5c007cea-468b-4e33-aa6c-803932baf906___R.S_HL 8145 copy 2.jpg,Corn_(maize)___healthy,2135,9457a2aea5d4234af339fd50773d798f00713b4f6d676ace6b455a6629cb8bcc
Corn_(maize)___healthy/5c0d54a3-39dd-4720-ace7-d571ec6e7b61___R.S_HL 8048 copy.jpg,Corn_(maize)___healthy,2136,d8e1acea7bf5b05811f874063b144278c5d312297fe379a6a32be741227ad7f9
Corn_(maize)___healthy/5c0f3b34-c38c-440e-80b4-202662c1e9c1___R.S_HL 8070 copy 2.jpg,Corn_(maize)___healthy,2137,28113285f6a27cf00c4356dce6a21085d122b5247f5cae0f6a46e9a4fcfd930c
Corn_(maize)___healthy/5c179b07-7853-4f7e-a274-c981090d2e0c___R.S_HL 0600 copy 2.jpg,Corn_(maize)___healthy,2138,703c0e3e2f397ceb371f85a8eb49ebb95f296c2738a957d4687c7ce5bdd0c879
Corn_(maize)___healthy/5c2c74b7-5687-4109-a5ce-0694f72f8095___R.S_HL 5534 copy.jpg,Corn_(maize)___healthy,2139,361ec31641410f1f0cb33ca7f6d8715f505b7a68ab2aa894c7721c5a0081c597
Corn_(maize)___healthy/5c4c7615-f758-4dfd-a277-1dc94aa94a95___R.S_HL 8343 copy.jpg,Corn_(maize)___healthy,2140,4691a35028c9407cf98e98db171b6ffe18708de0a44d09fabd86db8e6b7e363e
Corn_(maize)___healthy/5cbf30da-f68e-444e-a68a-c7b8eb385421___R.S_HL 7902 copy.jpg,Corn_(maize)___healthy,2141,5e21a209322f231477ef134f0b54dc778addace8d87a6647110a16d5d4db8634
Corn_(maize)___healthy/5cea75f9-09bb-4840-8646-35fe12841bf3___R.S_HL 8127 copy.jpg,Corn_(maize)___healthy,2142,5af2a39ab6770cd89ec5d0c8c7c22708576b4b3280ccd8b4d7152ebb7601407e
Corn_(maize)___healthy/5d0e77eb-3821-403d-897d-5da32bd13656___R.S_HL 5513 copy 2.jpg,Corn_(maize)___healthy,2143,fe14ef6759a16ca12269b4f29f947f95989cd1883df01d6e666a89fc3ed8d4f0
Corn_(maize)___healthy/5dd5c601-a601-45bf-90e9-1335869056cc___R.S_HL 0621 copy.jpg,Corn_(maize)___healthy,2144,efffea04a318bba06f938d57234a6da9a27119dd5857a6c5da68db8b5c2eb10a
Corn_(maize)___healthy/5df427b4-e962-426c-8572-3a173e109832___R.S_HL 8338 copy 2.jpg,Corn_(maize)___healthy,2145,669374f0faa60327a573f5561c9dd3009ef3ee0857c6a194ba67a46f715fd2e6
Corn_(maize)___healthy/5e6256f1-0221-47ca-8805-c3c843f67307___R.S_HL 7989 copy 2.jpg,Corn_(maize)___healthy,2146,86268d1c5a3596266ad3cd604372e6841184309a4d29d2d6b374081b8c10b08f
Corn_(maize)___healthy/5e6a8bf0-16ea-4404-a9cf-04fa9abd43ce___R.S_HL 0606.JPG,Corn_(maize)___healthy,2446,47f9d65f251030587958bccdc3297918c8562b346c91dc47cf56dd0b81363174
Corn_(maize)___healthy/5ebfcbfa-3db5-4f11-a121-4b3b2fc402cc___R.S_HL 8250 copy 2.jpg,Corn_(maize)___healthy,2148,69aeddcb9f8518d2498b8181dc0282937d27fc27b566d9fb5f12742cd6999b53
Corn_(maize)___healthy/5ee644af-b8a1-43b3-8a61-6446260556b2___R.S_HL 7906 copy 2.jpg,Corn_(maize)___healthy,2149,bcb13322340ef9105406a3c618d820edf13626994237ebea2cd99a1d5f5df2ea
Corn_(maize)___healthy/5eedbe64-af14-4a60-97ba-2f75e9914d2a___R.S_HL 5541 copy 3.jpg,Corn_(maize)___healthy,2150,1320f7a7a7e6bd438f8a704a4b2bf4ad5bd7a1596971e4d6318a100a2aca8574
Corn_(maize)___healthy/5f0dff79-a1f4-4498-9165-c4b752a108f7___R.S_HL 5506 copy 3.jpg,Corn_(maize)___healthy,2151,757033b8797a15300a87eeb49dc7e93425993c97b5fe8b85ea687fe04ba0c707
Corn_(maize)___healthy/5f4e7326-54e9-4aa4-beac-7fce5b4ff97e___R.S_HL 8197 copy 2.jpg,Corn_(maize)___healthy,2152,06078eb3f0f7334d105f7269d99fd796a4952d72a2b443f82b9223bb37b2d3fc
Corn_(maize)___healthy/5f5bea51-4735-46f8-9e41-d885172532b7___R.S_HL 8325 copy.jpg,Corn_(maize)___healthy,2153,b33aaa3fc6aea5a06088bf731c6d2f5b739eb664eabe190444dcf2109641db5e
Corn_(maize)___healthy/5face5cd-e150-42f5-8ae6-eef79c43b05b___R.S_HL 8010 copy 2.jpg,Corn_(maize)___healthy,2154,055c3bf468d0c8dcf34e92281a8421009402d86f9afc715b98034eec6b543e8f
Corn_(maize)___healthy/5fb83fde-b027-465f-a126-f62ebf450be3___R.S_HL 5502 copy.jpg,Corn_(maize)___healthy,2155,176f4c8a7cb2c25227889de2a2bf851c7c062a803afb29d3ed5386a6c0cb8ce5
Corn_(maize)___healthy/5fd226ef-ae5a-45e8-bacc-c34f6d9aa94f___R.S_HL 8327 copy 2.jpg,Corn_(maize)___healthy,2156,8ac0dba32497efc700f2a18cc81be937aa3521a65f58a7bf541077d3f74bdd88
Corn_(maize)___healthy/5fdb2c07-65e6-43d4-9279-b05f6efd53ba___R.S_HL 8050 copy 2.jpg,Corn_(maize)___healthy,2157,b39ada9c01a225805cf0991ae5c4616aca123eeb6b3f5d7a0760e4d40db834db
Corn_(maize)___healthy/5fff81b5-afe1-4743-a94b-4dce92ddc524___R.S_HL 0651 copy 4.jpg,Corn_(maize)___healthy,2158,57ff91b35324e056c467b90038b6bb12d242d4eb7a95d30f474a3be6f25ca85e
Corn_(maize)___healthy/600f5c3a-2156-4485-b74a-c14a16534706___R.S_HL 7958 copy.jpg,Corn_(maize)___healthy,2159,2ff3c7f1c91aa7063013c3133ea6a09eee4203e2762f244462f91f35a3630388
Corn_(maize)___healthy/602d933c-1e3f-4e3e-a408-760cc9d94be9___R.S_HL 8304 copy 2.jpg,Corn_(maize)___healthy,2160,9b34099aaf097b662236e4997fc41e956a5c51bf59428055703f861079494cbb
Corn_(maize)___healthy/607524f1-b59a-4a36-b842-e1d7225758da___R.S_HL 7920 copy 2.jpg,Corn_(maize)___healthy,2161,af94edc12934358d2ea7fa515d23b5c0fd0bb61e246280f7c314ee255dfa03a8
Corn_(maize)___healthy/60c28fba-748e-4979-9338-4d7d16a92e60___R.S_HL 8324 copy.jpg,Corn_(maize)___healthy,2523,ab2dee17ee32021ca72fe98ce7847e94976fc8420c5f0a576123bbb6d39b5f71
Corn_(maize)___healthy/60d41965-10bc-4799-815e-5b1f099fae4b___R.S_HL 8003 copy.jpg,Corn_(maize)___healthy,2163,d714923a97165def6e7f53d9399b5336d43d2740ea5bcd664282551237d756c4
Corn_(maize)___healthy/60e614c6-47f5-49c6-9058-00c1558a382e___R.S_HL 0646 copy 2.jpg,Corn_(maize)___healthy,2164,84722b990606a8df2bc991a23fed2257679583825b3219632f99bbcb8cb86ddc
Corn_(maize)___healthy/61088927-8b39-475f-a426-15b4f9969871___R.S_HL 7996 copy 2.jpg,Corn_(maize)___healthy,2759,e61fb9debb89f37cd848bb32488bba808aa1526eb9400911f9550513b4ac60f6
Corn_(maize)___healthy/61824665-0adc-4976-b974-5d604c2e1bec___R.S_HL 7949 copy.jpg,Corn_(maize)___healthy,2166,3815bd2fa859a81b53b8008be5d36398e6cfc3bd6c2d4101c6406bd0d79115b0
Corn_(maize)___healthy/61cbb621-c692-408b-810b-dd09d7d7e1bf___R.S_HL 8330 copy 3.jpg,Corn_(maize)___healthy,2167,36b561d9753224e8f791252d36337ba6ca75b93a0c48b4dbaf1b6717b17059cf
Corn_(maize)___healthy/6209dc85-5419-4943-ac11-9a72191c4f51___R.S_HL 7916 copy 3.jpg,Corn_(maize)___healthy,2168,e95e790cfe33e21c27f0bc6872ff13d810f919824ebc9cb2345ff607d68f5b6b
Corn_(maize)___healthy/620e70fd-98d9-40c4-b9a9-803080d1d371___R.S_HL 7968 copy 2.jpg,Corn_(maize)___healthy,2169,5a566179cd6578e755daacc9c2b55bffcece6a151cfa0c6aa9b8683d54249d47
Corn_(maize)___healthy/62448b26-b1ad-4670-9f8f-1c320a3187f8___R.S_HL 8260 copy.jpg,Corn_(maize)___healthy,2170,ab184acb6e0775ee61e0493c5b5d662678aadf8cb6561ed959c6ae0057f571d5
Corn_(maize)___healthy/624c0cfa-3729-4f6c-9236-1c3a4ee66431___R.S_HL 8214 copy.jpg,Corn_(maize)___healthy,2171,e6194d0f0965f10374bb5ecbb06da15f30ce619e3d09ee63fb397950636c2686
Corn_(maize)___healthy/625ae925-ee23-46fb-a5fb-535b92c248be___R.S_HL 5543 copy.jpg,Corn_(maize)___healthy,2172,1a801419d8524dcadb58e85975eb9fd01bf1dc4c7d805e541846c5e6da887fdb
Corn_(maize)___healthy/62811a1f-4c27-4775-abe6-bf0c00bfeacd___R.S_HL 8128 copy.jpg,Corn_(maize)___healthy,2805,08d22200085be045f5c7ff1d46d95b2e757481d489fda9b023464df6e7366109
Corn_(maize)___healthy/62d6481b-2d3f-4998-83f9-7071b5fd9446___R.S_HL 8290 copy.jpg,Corn_(maize)___healthy,2174,659e0043cb1614399514894479cf46fe24fc5eb1c27abff295603f724af41e7d
Corn_(maize)___healthy/63067c56-0462-4548-9b58-ffec723a5875___R.S_HL 7915 copy.jpg,Corn_(maize)___healthy,2175,47ed8f07e5ed4937eadbc0fdccd1577ee3dd009eda517b9dc9a88da424e285de
Corn_(maize)___healthy/63339f97-990b-47a4-8280-32adff315499___R.S_HL 0616 copy 2.jpg,Corn_(maize)___healthy,2176,551c56113b9f08ff055e35b6816e615dd482ebc47396b899afda5c34073063fc
Corn_(maize)___healthy/63646c02-49e3-4a0b-b3f8-a63a9e29422c___R.S_HL 8266 copy.jpg,Corn_(maize)___healthy,2177,1fcda4e7f68e0e88d6ee4c8c6d9e8b370dd9d56db446d89a1237014c1f85316e
Corn_(maize)___healthy/6376db56-3188-411e-a53a-275517e271e1___R.S_HL 7978 copy 2.jpg,Corn_(maize)___healthy,2178,b655021e151311867a5b36ec24c9efc941949265c97e76f79b3b8c70e93373b4
Corn_(maize)___healthy/639a8321-f780-4a3d-aeb6-7f08b61cf6c5___R.S_HL 8246 copy.jpg,Corn_(maize)___healthy,2179,339e4325561e5b26ecd7f2285d7b46cea283785b137f11c9792f00df2601537d
Corn_(maize)___healthy/64150a14-e8fa-4301-a7ba-52ca7d592b4a___R.S_HL 0599 copy 3.jpg,Corn_(maize)___healthy,2315,1ca22fbfd1daf3bde55e6341838302c498c59259308e83d0f0825c0e7d41cd57
Corn_(maize)___healthy/641fd2fc-a98e-44c7-bac6-5e626aad8747___R.S_HL 8140 copy.jpg,Corn_(maize)___healthy,2181,51a594edfcc8acf9bafec4b397809062dbbe3c85970527eeb3810154a8d5b5df
Corn_(maize)___healthy/642c6d64-e53b-4d7b-951a-d00aaf805c32___R.S_HL 8213 copy.jpg,Corn_(maize)___healthy,2182,eb203beaf51204f86e1ed21a305bba5266c5abf51dd9b9248cc2c5751ea2a6ae
Corn_(maize)___healthy/642cc7a8-2e3f-465f-9bb2-ca5a31cd6475___R.S_HL 8001 copy 2.jpg,Corn_(maize)___healthy,2805,46c3421398cfe527d09d4535f5fd4df9fca47aae47d106706c979a2b5b43955b
Corn_(maize)___healthy/6485e415-6e67-4be7-a198-9c3c6d3edc5c___R.S_HL 5528 copy.jpg,Corn_(maize)___healthy,2184,1a9c92cbf4b6a9b6fa4aac48d08c6651704bc231226a23ec5e7d28202ce07377
Corn_(maize)___healthy/64bc2a39-3715-4de9-8fd7-453017c61517___R.S_HL 0639 copy 2.jpg,Corn_(maize)___healthy,2185,3cb03f6ef2ad8730ca0ba5a01d89fd93f69a3e9465b296f321e085bef2f3963c
Corn_(maize)___healthy/64d75b51-f153-4bb5-84b4-d7fcb8279f25___R.S_HL 8018 copy 2.jpg,Corn_(maize)___healthy,2186,938cd836809979c557dedb5ce2eb549df64403377ac9cf08291157405a4beeba
Corn_(maize)___healthy/650d4770-c4b9-4854-8476-681d9d93034c___R.S_HL 5557 copy.jpg,Corn_(maize)___healthy,2187,fcbf29e45e0ad23f2c21f8a861a42cb337356ac75d24b1d9bc94f27236c3249a
Corn_(maize)___healthy/65182820-6207-4a47-b757-9b5ae02b80ef___R.S_HL 8218 copy 2.jpg,Corn_(maize)___healthy,2188,dd2a2933a617ab49432e2d5d52111042ec9d34886fbcf5db14743c64b8338ba7
Corn_(maize)___healthy/659a0087-4ac1-4956-800f-d14c619bcf47___R.S_HL 7900 copy.jpg,Corn_(maize)___healthy,2189,68d5deff7118472b1b8ad0dee0c0f1c8525c9d2d50bdd2daebe729865edb1fbe
Corn_(maize)___healthy/65deda93-1bde-4adc-a57e-b7e1b8372101___R.S_HL 0603.JPG,Corn_(maize)___healthy,2303,73ee512dccc048d99070e243de9e8d513a60591166138a57d5b014bc531bf6e9
Corn_(maize)___healthy/660085ff-5593-4fdf-9830-ebc93bf21a27___R.S_HL 8203 copy 2.jpg,Corn_(maize)___healthy,2191,86b83197f5e001dc93f0c33c7856f061417b239ec914f4fbd6e594b735b811cc
Corn_(maize)___healthy/662b5ad2-c80d-4c4b-ba98-7075c52698ac___R.S_HL 8008 copy 2.jpg,Corn_(maize)___healthy,2192,5b2559cecccbb4acd480dbe678f58a377ff12291d2736e9e18089fc30fed703e
Corn_(maize)___healthy/6647a8ea-ccea-4acc-b40c-ef520817b955___R.S_HL 8098 copy 3.jpg,Corn_(maize)___healthy,2602,cef806339af795598b9012d4f6ec3743b937e94d53ee3dcfc65966e1b32d6a26
Corn_(maize)___healthy/6672927f-9c4b-4c78-a733-1b6a9607764a___R.S_HL 5512 copy 2.jpg,Corn_(maize)___healthy,2194,1cc6a2cf998292de82d58e6ef68b6d0654a6976abb2b5e8a4d3c0919573b2705
Corn_(maize)___healthy/667700ea-1ef7-47ce-839e-422c9c4fd6a0___R.S_HL 8285 copy.jpg,Corn_(maize)___healthy,2195,f769abb4d70e5a0eddc1b97ee47ba40e5d000291311667e5ec45d295d074a331
Corn_(maize)___healthy/66f145a0-f412-48e1-b597-1ce50255116b___R.S_HL 7923 copy 3.jpg,Corn_(maize)___healthy,2196,61bb88fd8dfb893b9114b045b2442e56b1b5bc1c9e15112b990cefe49bb03eae
Corn_(maize)___healthy/671e7602-81f4-4fae-9b2e-36f78463ae66___R.S_HL 7994 copy.jpg,Corn_(maize)___healthy,2197,d35634c0589d2159b1cd8ee3e14f3ed2f6abee46569fe648a2ed7619777eed1c
Corn_(maize)___healthy/6747992a-6f4b-4ecc-bc4e-69a6fa3f71da___R.S_HL 5492 copy.jpg,Corn_(maize)___healthy,2198,59580f786f56da45df62a23dbdac1adf06f4203be4b437dbd62e52ec817cf9f5
Corn_(maize)___healthy/6757fd53-7558-407f-bd79-b52e7c0286b0___R.S_HL 8160 copy.jpg,Corn_(maize)___healthy,2199,763ca0561a4f4c68a3a9fa1a0b0efc4a997ce3331cebd7ecd4c429abe8904edc
Corn_(maize)___healthy/67580ca9-48d4-485a-8f99-bd68c56e89c2___R.S_HL 8340 copy 2.jpg,Corn_(maize)___healthy,2200,a3681a73676375dc183c97a9e8300f54d5089571ad3e30bf131c90d1faf0bb14
Corn_(maize)___healthy/6792a3b8-444b-48fb-bc25-85529d7c2693___R.S_HL 8319 copy.jpg,Corn_(maize)___healthy,2201,83bfb2977634d2cde830c82b38468074a4908ec84b9d6e87509e6e7849342510
Corn_(maize)___healthy/67c6930f-deba-4f88-81ac-969155f5765b___R.S_HL 8079 copy 2.jpg,Corn_(maize)___healthy,2202,b787a9cd8d68e45d923f501065192eb3154c306cef80392963261640dc46d9e1
Corn_(maize)___healthy/67f39579-aba1-4989-a9b8-6e85544cf210___R.S_HL 7991 copy.jpg,Corn_(maize)___healthy,2203,87fc821ca2afc6c3437d6f4313e196e4f9e18365442f5e5aaa774c59cd0c1850
Corn_(maize)___healthy/689cae64-bddb-4e2c-af15-3231f8818ed3___R.S_HL 8208 copy 3.jpg,Corn_(maize)___healthy,2204,bb7e1e631185e3d23d9a5dbfec864afca5b58191e7a03829c0e1268aa444cadd
Corn_(maize)___healthy/689e24f2-7175-49a7-9721-7461e1b977d9___R.S_HL 0649 copy 3.jpg,Corn_(maize)___healthy,2205,c776daf10155d452908ee5d821db38fb8d330ff5da05658f9bf22b0c20a430ef
Corn_(maize)___healthy/68a2cb35-42af-4760-ab0d-0abf06e2429a___R.S_HL 8270 copy 2.jpg,Corn_(maize)___healthy,2206,91053efd416b313286c5950d1eb6bc369e75d04b2f779796d1a8299dec59dc37
Corn_(maize)___healthy/68b3c76b-d08f-498d-bc5e-ddf54af4fd73___R.S_HL 8027 copy.jpg,Corn_(maize)___healthy,2207,ed6ce0c3841c13184c87ab42a7ea7a836c7816992b254359c512218df1527a8c
Corn_(maize)___healthy/68d6e3a4-795c-4c01-8020-8d927ff82c49___R.S_HL 8220 copy.jpg,Corn_(maize)___healthy,2208,dbd187cda10111ee2db5ac55352956dba70b305f8c54cf8d680d05c65137a135
Corn_(maize)___healthy/690aa499-e65c-42a5-ac1a-2eeebeb9ee9f___R.S_HL 5554 copy 2.jpg,Corn_(maize)___healthy,2209,a00c28acb0c3bd025a1272ee7bfdb3fea5dc6092ee2c710a478507cbe61f316c
Corn_(maize)___healthy/69164aa5-b1d2-4f9c-af47-54b6fa610296___R.S_HL 8080 copy 2.jpg,Corn_(maize)___healthy,2210,a4b4b005c71a38a767c4992b94db8dcc578e425963794c6ce4efb4b7ebc3bd4d
Corn_(maize)___healthy/695000c6-5857-45af-a8cb-470bfeedf274___R.S_HL 7970 copy.jpg,Corn_(maize)___healthy,2211,1609d3f138475736a29f014d0520ca781eeed3a56a9db1752ad5521178eef93b
Corn_(maize)___healthy/69a9dfab-d6fd-42da-a0fe-6f46b4bb0a1e___R.S_HL 8272 copy 3.jpg,Corn_(maize)___healthy,2212,48027b5a1e21e794066705aae946612a6be967b808e277c253a2961e738f8677
Corn_(maize)___healthy/6a03e78b-bfa6-4fd5-9927-1b8171f5367a___R.S_HL 8132 copy 2.jpg,Corn_(maize)___healthy,2213,48b8cfc5a40d41ed19cec9e61f879ace2e3d89b31f9e09ca16e728b502b310db
Corn_(maize)___healthy/6a380e65-c86d-44a4-a9d9-91ee9ab8cd69___R.S_HL 8124 copy 2.jpg,Corn_(maize)___healthy,2214,9810fe479eb9f71c118a8be87069797d01281f0da3098a6a695ca2dd4d1bf363
Corn_(maize)___healthy/6a570f29-0710-4baa-87ef-84ee12414eab___R.S_HL 0617 copy.jpg,Corn_(maize)___healthy,2215,b7da4b473398513402bed7bdc655cf7f7b9b3a4d6f3ff5d0ade8f2262410f466
Corn_(maize)___healthy/6a73943d-1b22-417e-b810-2b3c65d6f320___R.S_HL 8280 copy 2.jpg,Corn_(maize)___healthy,2216,8d8f88ffea3f80c8ec946aa0e8e3ce8c6f74acfcf9f70e725a9c24d5ed74368a
Corn_(maize)___healthy/6a94d8f3-e2c7-4c1b-a0fe-04f2d01241a5___R.S_HL 8125 copy.jpg,Corn_(maize)___healthy,2217,04cc77ec8e3e6358d09741eece7d8415a899918b69e0b23f1d8ad68b55d2aecf
Corn_(maize)___healthy/6aa92f1b-d5bd-4dcc-a130-925034576462___R.S_HL 8071 copy 2.jpg,Corn_(maize)___healthy,2218,0d8ae7f0ad33e76d5b86bed9af134bd672ac6cc94d59d0006bbbef202446115a
Corn_(maize)___healthy/6aaf943e-fb16-4f8f-86c5-dc36724e25e5___R.S_HL 0607.JPG,Corn_(maize)___healthy,2219,4790713869ece61c5f9d0c348d989374d208bd3868c72f35caf596eeea5828f5
Corn_(maize)___healthy/6ae624a6-83c8-4437-ba23-2a7b0460c7a4___R.S_HL 8332 copy.jpg,Corn_(maize)___healthy,2220,286f36435b6ae390e743bea1bd19f3143d8192c13124d421fdc77370e70cbf45
Corn_(maize)___healthy/6af462af-d8d2-4ecb-9ff3-a512c64dfde6___R.S_HL 7888 copy 2.jpg,Corn_(maize)___healthy,2221,73a62dcfc701bd87af1fa6f6bc27f44a04ce3b087825202b35f9175eae4b6a25
Corn_(maize)___healthy/6afc378d-e62e-4bf5-9f99-3efd664cd377___R.S_HL 8270 copy.jpg,Corn_(maize)___healthy,2222,e0395d61fb9a21c2cb08153717011ff8c43f7973110c4ef6c3e4d4c546165a81
Corn_(maize)___healthy/6b1b41a1-16f3-4d6f-ae52-de5d93b6c368___R.S_HL 7959 copy 2.jpg,Corn_(maize)___healthy,2223,6dea4e3ce1aff6335204d66a75d9be5aa148d1dbe9a49bcd1ccda5e77c2c8a51
Corn_(maize)___healthy/6b6bcf84-35e5-417a-95cb-f1b7d227eab2___R.S_HL 8189 copy 3.jpg,Corn_(maize)___healthy,2224,837a6f937c17a040025ad884e2bb929dd05a50be540d5b97eb5246668a0b7208
Corn_(maize)___healthy/6bb4c303-7e34-43a6-8eca-20a171672c31___R.S_HL 8089 copy 2.jpg,Corn_(maize)___healthy,2805,471c36be0ce0b3ce0b459d8d96164047963e0350dd6ddb6ca5f0e5a56487f9bb
Corn_(maize)___healthy/6be24373-115c-42d4-9e57-35a7b208a021___R.S_HL 0614 copy.jpg,Corn_(maize)___healthy,2226,9619b91293d02315fe4f8617934ba6a3c4bb443bcda8d788e402a1734bcb6db0
Corn_(maize)___healthy/6c602efb-367c-4f64-bd31-35bbf6b5e9a7___R.S_HL 8284 copy.jpg,Corn_(maize)___healthy,2227,29a3d93a97e8cadbc5f68a7ed26c34c78b9c921b9e7c470ef71b668aef3129e9
Corn_(maize)___healthy/6c6400e5-cbd1-496f-afae-e8e448ee5a39___R.S_HL 8028 copy 2.jpg,Corn_(maize)___healthy,2228,3c8cc11c64fdcc98d05f9ac96503ac3f8bd1ab62d9f417e242f430c91257e06a
Corn_(maize)___healthy/6cace6d8-9be3-43f8-9e54-3b66d1491af0___R.S_HL 8109 copy.jpg,Corn_(maize)___healthy,2229,8e5cf96f33d82ef9f17c7d5635fd9db7286c9a6a4f554a941ad1a1e0346e6c9b
Corn_(maize)___healthy/6cc79c8d-90b8-4343-94da-98c8edc968e3___R.S_HL 5553 copy.jpg,Corn_(maize)___healthy,2230,9ad86d5026b25412adfddffee3612324a500b9111d474796b1412ca642c2b2db
Corn_(maize)___healthy/6cfd6ab1-91fa-4b07-ab39-d3fba8b174cb___R.S_HL 7889 copy.jpg,Corn_(maize)___healthy,2231,981c5df9abad9fea2df9aa1643307c80df36889e9f4acb854b1bd0bf16406a67
Corn_(maize)___healthy/6e0ab8d1-e0f8-4e5d-bf51-72232be658e2___R.S_HL 5491 copy.jpg,Corn_(maize)___healthy,2232,c98ce34362c6ac1fdb202561efe22ad4f31a380974fde885077404109b6ba0b2
Corn_(maize)___healthy/6e2c71be-4f38-4f6d-94d1-278fac293638___R.S_HL 8068 copy 2.jpg,Corn_(maize)___healthy,2233,31c2be24181f64efa05ada26180ba9c2c89fad66d9d3847298524ebb5220a255
Corn_(maize)___healthy/6e32f66d-c54c-4df4-9894-e7aa3ff748d9___R.S_HL 0620 copy 2.jpg,Corn_(maize)___healthy,2234,51bd45d95797755e4c9a77f3f608a9889d96b08963ba8e9f688d36e03f3a62dd
Corn_(maize)___healthy/6eb1c523-f86b-4e13-9391-73573d0b0665___R.S_HL 8119 copy.jpg,Corn_(maize)___healthy,2235,d6a505962e00aa6b7ba702c555a0bc22f49459112783f764d6d20437045cf257
Corn_(maize)___healthy/6eb8d5db-f4ea-4337-a765-7dbf6b568ff3___R.S_HL 8342 copy.jpg,Corn_(maize)___healthy,2236,7a6f7c27d418d670b2d795edabbebd78eb36c5ad341f341ee63602bfbce41a56
Corn_(maize)___healthy/6fa2365c-475e-4fae-aab3-f2b49aaf1a09___R.S_HL 8144 copy 2.jpg,Corn_(maize)___healthy,2237,089e8a2743760d104668aa014909eb5efa11ce5a5c0837cb040192216e3062b1
Corn_(maize)___healthy/6fe6882b-fa5b-4e99-a1c8-3d227ceb4b40___R.S_HL 7958 copy 2.jpg,Corn_(maize)___healthy,2238,f416a63a8f9087f780e9ce717a21bf5d0378a9cc5344c55c5b5ca3de4fb83ee1
Corn_(maize)___healthy/702dd799-fed6-46a4-a6c9-6f0e42186823___R.S_HL 8091 copy.jpg,Corn_(maize)___healthy,2239,9cba5800340127ba0aeb9cc1fb7c8e5f6efb5e41215c4c1c91c74c88bdc2f647
Corn_(maize)___healthy/70381b2f-7964-4252-a44a-f63a2c35a71c___R.S_HL 7914 copy 2.jpg,Corn_(maize)___healthy,2240,5467f993734bdd6b33a3138286f3790394b98e4b8791a293966510c60270d8b5
Corn_(maize)___healthy/703c143f-5b27-4dc5-8a0f-70e29ee1cd85___R.S_HL 7957 copy 2.jpg,Corn_(maize)___healthy,2241,906baf7882e4a1b5a98a00f31fc30f182116cf68ca4048e6b6eb986599c2f4fc
Corn_(maize)___healthy/705e4964-204c-4a80-bc0c-fd7ce6d96ba7___R.S_HL 0649 copy 2.jpg,Corn_(maize)___healthy,2242,90a08502dfdcdbaba61e95c1722217c332e0200fe88835835b700b7d9d0b3042
Corn_(maize)___healthy/70b37163-3817-4d1e-98eb-75ba4ef240ea___R.S_HL 7927 copy.jpg,Corn_(maize)___healthy,2243,e726bb33c678f352210f20b73267f0134ed944d34c60ddf9307f48773fe718ea
Corn_(maize)___healthy/70e40ed3-9913-451d-8484-8155d38dac04___R.S_HL 7916 copy.jpg,Corn_(maize)___healthy,2244,e1796ddd4a93e07a3106a40b83a981445712e5c9dbeb7e852a3cfff79d67af13
Corn_(maize)___healthy/7104ad51-e018-4c0d-b767-33014cefe392___R.S_HL 8232 copy.jpg,Corn_(maize)___healthy,2245,46d077515423633990f511fb3d896f736e846453fb183ff82f8a7633c3382efb
Corn_(maize)___healthy/71288499-1409-445f-b3af-40310f50471c___R.S_HL 7904 copy 2.jpg,Corn_(maize)___healthy,2246,0c67a9f4edf1b0b096508d4ddc80d9b03b8e50ee9e50e13ed11906a4d775e213
Corn_(maize)___healthy/721f6f6c-9f41-487d-82cc-1bbe2fa55b61___R.S_HL 0617 copy 3.jpg,Corn_(maize)___healthy,2247,bc22891403976d653d630eb9ab6dc39723e690831eb3297dfd88dbd4d85464fe
Corn_(maize)___healthy/7252dde0-c959-483b-a17e-5b3aac4100ab___R.S_HL 7995 copy.jpg,Corn_(maize)___healthy,2248,f57a750408ddfcf0a70fa4f0616374a36b4a8f2b1efa837e54df0d3eed6f27ce
Corn_(maize)___healthy/735da592-2081-42bd-9652-3d12e19210cc___R.S_HL 7918 copy 2.jpg,Corn_(maize)___healthy,2249,45a5aa91b83af2d1478a93cc753b79d20b4049bfd949d0fdb443db595fadc985
Corn_(maize)___healthy/7377ca1f-38a7-4b2e-a53a-05483fb319e6___R.S_HL 7940 copy.jpg,Corn_(maize)___healthy,2250,d32ccf46beb4a9cc6b7720098079d4fe2f113e227a813c25ee30fe64b8041c60
Corn_(maize)___healthy/7399e301-9493-4e45-8674-aa1f676d6d92___R.S_HL 7900 copy 3.jpg,Corn_(maize)___healthy,2251,27c97dc1b71a1be5d3a9d3011dadd733394d5f06655e1f15c902bce2fe068b6e
Corn_(maize)___healthy/740f12a2-c86a-4bed-93a0-8ee39297eea4___R.S_HL 5531 copy 2.jpg,Corn_(maize)___healthy,2252,60bb9d53862a72d647455162c0dae9f43b8a3b24daea6cab41dedb6f42d7f4fd
Corn_(maize)___healthy/74a4c1f4-26e2-4861-bcc8-16d26f215387___R.S_HL 8300 copy 2.jpg,Corn_(maize)___healthy,2253,cc40b7f6409cd43f18fa75cb24fb7e52b8c9f846c3f18102b8b1ed1d75478cf2
Corn_(maize)___healthy/74b73acb-62f4-435b-bc40-295d4fc117ad___R.S_HL 8292 copy 2.jpg,Corn_(maize)___healthy,2254,375498412c458b77b984910b03b8783fe9ba4e948d3e3e3b19e47bf34f1031a9
Corn_(maize)___healthy/74c048f5-c421-427c-a63a-df0f5db11af3___R.S_HL 0616 copy.jpg,Corn_(maize)___healthy,2255,eea5c1d3fa197994f41e7323b3d8bbfad81a6d916256134c4bfe5cdb091875a8
Corn_(maize)___healthy/74d0b40e-57a6-4467-b0d8-98b3bb0b1c16___R.S_HL 8229 copy.jpg,Corn_(maize)___healthy,2256,cf086c657a6ddefc691dda9717559b13237ff1cb7c4316cbdcba36e6a6a7c15b
Corn_(maize)___healthy/74fd304e-662f-4b5c-a6d5-22b293c99a4d___R.S_HL 5492 copy 2.jpg,Corn_(maize)___healthy,2257,a0d8f28aa160dbd7361b0c57710d7bdaee58098cf42c30e43d2c49c9d894cb6f
Corn_(maize)___healthy/7528601d-d6bf-4f8b-9d63-db0c185d58d9___R.S_HL 8254 copy 2.jpg,Corn_(maize)___healthy,2258,eb6dfe52c1d22410f3fbaadbaad38ba1cb4bd7f577f21cc01feafaefbafc6bf7
Corn_(maize)___healthy/753b1a00-7ef2-42dc-9475-c030958cb2bd___R.S_HL 7937 copy 2.jpg,Corn_(maize)___healthy,2259,f7dc7023d16458950980266a1bf73b97265094096344b5e082ff3d92fbb0c6dc
Corn_(maize)___healthy/7574fb64-c68d-44ec-8d50-ec02b88dccff___R.S_HL 8118 copy.jpg,Corn_(maize)___healthy,2260,8b64545df1ffd189544612e074bdf750b14bfce0984576558ba612c8e5bb89ad
Corn_(maize)___healthy/7586c29e-a9dd-4f71-8358-b465df203a53___R.S_HL 0646 copy.jpg,Corn_(maize)___healthy,2261,71459b469d75480000fcd570d5d8d7352d2fbba45e2f744b0704509a24b52d97
Corn_(maize)___healthy/75fad611-5be6-49bc-a0b1-fb7e99e862f0___R.S_HL 8161 copy.jpg,Corn_(maize)___healthy,2262,ce8b911a326c3b239522465687c2bc70c8569232d64fb51c24ff063818d3f77f
Corn_(maize)___healthy/7623c2f0-68ee-4b41-819d-d49029987c5c___R.S_HL 8125 copy 2.jpg,Corn_(maize)___healthy,2263,d32e75f32a5680d29e4b7885eeca8c3bdb8edc86a0c8fe78613d408907f8dcc6
Corn_(maize)___healthy/76384c2b-bc52-4237-b6ca-0c7b34099ea8___R.S_HL 8215 copy 2.jpg,Corn_(maize)___healthy,2264,da0e833e22bcda83654dd46ee497d54cf8044d26f07b17725f9aa8a4222ed708
Corn_(maize)___healthy/764ab13c-df6b-44f5-993c-180aa14ed89f___R.S_HL 7911 copy 2.jpg,Corn_(maize)___healthy,2265,1a6d50fa8266baaf7cf514119e59aabfa3d94aa784c0aefc49a1e77bd488e7e4
Corn_(maize)___healthy/765876b6-89e3-45dc-b3f0-1879028a9a1b___R.S_HL 8129 copy.jpg,Corn_(maize)___healthy,2266,64f731a0d763fe8ebb92e2ea238e423782bce3eb69a39ae7090a9a2394445295
Corn_(maize)___healthy/76bada1b-94ff-4c8c-a9b9-2f4b894faebf___R.S_HL 8133 copy.jpg,Corn_(maize)___healthy,2267,9d4f3b30c890d009fb528e88545aea8e4b444d7681e22c878a655bdc19653e85
Corn_(maize)___healthy/76cfe0ea-3e95-4b4c-9e63-ce238496a2e9___R.S_HL 5519 copy.jpg,Corn_(maize)___healthy,2268,859cf27e35e24e4b08f21897a5ad699122331d2fede54dd5726c9782c2b6f771
Corn_(maize)___healthy/7784be50-f9e7-4268-aa17-80359bc7688a___R.S_HL 8231 copy.jpg,Corn_(maize)___healthy,2269,8932a23ecf523a93b4b59bbfcc58d0fa75343f00debdc4c3cb026831b361513e
Corn_(maize)___healthy/77b65e0c-f32f-4c5d-9753-0dff4d9e64c2___R.S_HL 0632 copy.jpg,Corn_(maize)___healthy,2270,b423a7d294a3d5c9f79df5ba93b15c7a4e95c994546c8ce7fbd1f926e0165795
Corn_(maize)___healthy/7822a499-ca5f-479b-b90a-f3308f262f6a___R.S_HL 0597 copy 2.jpg,Corn_(maize)___healthy,2271,d1318a43d6d53fcdd759ad51c2cd2c2e2d06e153abad4af168ed0c8952e4c97a
Corn_(maize)___healthy/78a25387-e76b-4b03-a7dd-edbad217ffd1___R.S_HL 8252 copy.jpg,Corn_(maize)___healthy,2272,7c04f926cfd52bd642d8758fac1415c55d6cc6979b124a895064fdafc6ada969
Corn_(maize)___healthy/79548859-be87-4f81-b6db-62fbd2505b9c___R.S_HL 7916 copy 2.jpg,Corn_(maize)___healthy,2273,31813048292329acbb3834040d2dcddafe19ab2290c30fbea71bda932acb9826
Corn_(maize)___healthy/799436ad-dbb3-4019-b150-db9e005a03a8___R.S_HL 5502 copy 2.jpg,Corn_(maize)___healthy,2274,3fcbc8d56090f7860a08b000d963b24a3927174ac0d5f00f6bc48fad07d42d52
Corn_(maize)___healthy/79a3c505-b637-4ebb-b7e9-61f46bc0eb0b___R.S_HL 7922 copy.jpg,Corn_(maize)___healthy,2275,649693d8215fcc6d4e0f8aaa3767e17cfb0b83654a73a942959771987a500f7d
Corn_(maize)___healthy/79fbc9f5-464f-447e-b623-6cbfa7ddfa17___R.S_HL 5542 copy.jpg,Corn_(maize)___healthy,2276,f0f5d20832cdd612b3ce12a45002b969caf441305f32b7629cac58c7d93ea253
Corn_(maize)___healthy/7a326001-2b9c-4a22-a7d6-53b91e7d79f9___R.S_HL 8192 copy 2.jpg,Corn_(maize)___healthy,2277,3b338e17759b2a0846bb4b79889e2e592fc0f5d4cc3c9113a0d028a24cf9c9b8
Corn_(maize)___healthy/7a587578-6d36-4265-b1aa-dabbe9a2826e___R.S_HL 8247 copy.jpg,Corn_(maize)___healthy,2278,4bc8ab418f3f804e5b8678e431b4749c80fc3b254d1619862ba989a0f59b7e82
Corn_(maize)___healthy/7b7b075b-67a9-4053-922f-6aab6152dc6c___R.S_HL 8128 copy 3.jpg,Corn_(maize)___healthy,2279,31ff90ea5cf41b96fde0c5505562e011fbafcb1fd657c5d4f899fbc9492a66bc
Corn_(maize)___healthy/7b7d23f9-d59c-4602-a79c-2012ff6f8f7f___R.S_HL 8239 copy 2.jpg,Corn_(maize)___healthy,2280,5a75a7bced1d5cfe2ea66b096677df0477eedc1fa0c34db1f8757092614adb78
Corn_(maize)___healthy/7b876e0e-d6bd-4b8c-952c-d0899053246c___R.S_HL 0604 copy 2.jpg,Corn_(maize)___healthy,2281,35b86193aec5eba0d513da07461462625d7dca7667c59e6f6d43488480234ae0
Corn_(maize)___healthy/7ba505f3-b357-4e48-be7b-29ebaf50ef9b___R.S_HL 5526 copy 2.jpg,Corn_(maize)___healthy,2282,e6b5952bfcd9b3093fad5cfe248ffb4d5cd11d19319b880e31c66e2c39dbb675
Corn_(maize)___healthy/7bedea19-5d9f-4bee-a1a1-091a168d4672___R.S_HL 8139 copy.jpg,Corn_(maize)___healthy,2283,b95d2d4e206b1a9f43ea68a70b841b8936c36786e61a994e24590c7e6ee11118
Corn_(maize)___healthy/7c09e620-aa1a-4516-b97c-fafecba84622___R.S_HL 0637 copy.jpg,Corn_(maize)___healthy,2284,e30b83ca7dee2b286b831c3cec890977f44fad26eaf93efe14767f37fba019a2
Corn_(maize)___healthy/7c1d9131-4e97-4e81-97e6-496bab9d9134___R.S_HL 8093 copy.jpg,Corn_(maize)___healthy,2285,a2805e50f5fab86eaa62650ba0dbe0e63cd1f1dfc45c454c15070f9e7e27e39f
Corn_(maize)___healthy/7c28a1e2-08fb-406d-9fad-769be3096e85___R.S_HL 0603 copy 2.jpg,Corn_(maize)___healthy,2303,f61f48c13eba4865e98eed394de4a65762bc150e09cdcdd65cec07d1d5e113be
Corn_(maize)___healthy/7c7e1c48-88cd-4ea5-8e34-ce9a2a164880___R.S_HL 8300 copy.jpg,Corn_(maize)___healthy,2287,aaefbca411ad89bed8bc98ef5a7333304dc616ac0012a03fafbbe4dad81c3ed8
Corn_(maize)___healthy/7cb008fd-2be4-415d-bc80-912dbf959aa4___R.S_HL 7884 copy.jpg,Corn_(maize)___healthy,2288,750ff69c15e97484ec2ad69110b422e2bb1b895b044d35329829566915e13276
Corn_(maize)___healthy/7cc7e4e5-6fb2-4620-8d6f-0e92b1fdf82b___R.S_HL 8049 copy 2.jpg,Corn_(maize)___healthy,2289,1995d66a3831003832a5e92866b3623710c811f7dc6cdfd3f8561d90403f59b9
Corn_(maize)___healthy/7d1ec17f-c68a-43dc-a2b6-d372d9adc5dc___R.S_HL 8136 copy 2.jpg,Corn_(maize)___healthy,2290,21e302fc75d6e6746a4076f5c7cb3fcf11ff9b6b0c5081f4bfa407994779938d
Corn_(maize)___healthy/7d6650bc-9627-4e3b-bc7e-d247808e6f08___R.S_HL 7913 copy 2.jpg,Corn_(maize)___healthy,2291,301da3e5ddbb4a2b0102832677657c247023f08f28e4691be637311b252acc00
Corn_(maize)___healthy/7d8c90b7-a84f-4c35-a43f-7d199bbfb493___R.S_HL 0608 copy.jpg,Corn_(maize)___healthy,2292,8e7600a80e5a85f2c477a534c6126811803409bd864f2532bd10738a1ceefed5
Corn_(maize)___healthy/7d9ba686-3d31-41d2-a078-588d1bcf3aee___R.S_HL 5555 copy 2.jpg,Corn_(maize)___healthy,2293,cd93ed284172a2ded00c98e28127b6bf2da7c9dd8a5979625a0ed3941cbefd57
Corn_(maize)___healthy/7d9bd969-4031-45d2-b07a-26020da47471___R.S_HL 7924 copy.jpg,Corn_(maize)___healthy,2294,2704254f6cb1224c52377f0f31673f3e221c022e8299422db650eed376c549ec
Corn_(maize)___healthy/7de08764-f878-43c3-9b8e-99a57612174e___R.S_HL 0625 copy 2.jpg,Corn_(maize)___healthy,2295,7a7543580ac2c23f1a2ab33aab23f6b9cc778c857928ed3dc21ce82931a1659f
Corn_(maize)___healthy/7e705f3a-846b-4815-bb4a-99c7024030ab___R.S_HL 7989 copy.jpg,Corn_(maize)___healthy,2296,7c42e31b963da7b70d878fd3f8d58bbd8a7e6b82361d31e96de36a361b92c524
Corn_(maize)___healthy/7ebb0c77-b07d-421f-b593-3e2dc3f92254___R.S_HL 8306 copy 2.jpg,Corn_(maize)___healthy,2297,f1bcf6ca282faae7d7f786c2fd6d2e3bd56604b6a92d34e020cc3564cde6c7e4
Corn_(maize)___healthy/7f350929-dc92-4c8d-a01c-ab561579bfb8___R.S_HL 7999 copy.jpg,Corn_(maize)___healthy,2298,7cc317eef446bd3ea23ad007056c79155b9cee22b78353bf46af9e1fac17073c
Corn_(maize)___healthy/7f350cf2-c946-4546-a5e0-1ae22389530c___R.S_HL 8146 copy 2.jpg,Corn_(maize)___healthy,2378,0e013653f1991c61502c5f322acaa5767a143cfefd2eeea2182b92d206eed8d8
Corn_(maize)___healthy/7f467853-2961-4e1f-ae5a-e4819e418c77___R.S_HL 7899 copy.jpg,Corn_(maize)___healthy,2300,ffff83d33436e26f4bf5b1701cf6d913bc312baf315360924918c639419208e5
Corn_(maize)___healthy/7fc25a23-0432-469b-88a8-a5747f216b14___R.S_HL 8203 copy.jpg,Corn_(maize)___healthy,2301,3351e7e6b77ecfc84f62beeb27cab1b66e06cf7fdcb06639bd5568dfadf47f1c
Corn_(maize)___healthy/80114b85-eb92-46f3-bf88-5befec2a72a5___R.S_HL 8181 copy 2.jpg,Corn_(maize)___healthy,2302,f336189930c8ba4b2a27ae99466ee2f43a8fd064b797e298ce3901edfe8aae05
Corn_(maize)___healthy/801ec1d8-e4e4-4682-85ff-fddfeaeae8c6___R.S_HL 0603 copy.jpg,Corn_(maize)___healthy,2303,be77e4d681a447bcd667a7c70b0f3d25b7e38c0aebbbd5da6d54d44991b5072f
Corn_(maize)___healthy/8032a314-0525-4400-815d-14b39d793eb9___R.S_HL 7960 copy 2.jpg,Corn_(maize)___healthy,2304,f995b832c83b1d4e003a715be981b768fc575aa00cdf7d570199b592ad6e89d7
Corn_(maize)___healthy/8063bae7-2a39-449b-b3f4-7004e86c45de___R.S_HL 8277 copy 2.jpg,Corn_(maize)___healthy,2305,e9ada7fca014c8744d4ed7471aeb272c0500f8c3544144768593cd37b5e690a5
Corn_(maize)___healthy/806c416d-90b9-4f7c-b6a0-80d75d84c156___R.S_HL 7972 copy 3.jpg,Corn_(maize)___healthy,2306,b67c6b1b70d8ac9cd8c993e159bfba1c4f40a3735078358b4ad6cc55068f05cc
Corn_(maize)___healthy/80a8d332-7750-4167-833e-af5ffe5c8831___R.S_HL 0622 copy 2.jpg,Corn_(maize)___healthy,2307,65c65a40ca4c77b004a0fc168be52df90596e256586bbd7280263f8270ad1bbe
Corn_(maize)___healthy/814ab6c3-0b7d-42ab-8058-53cde59f0daf___R.S_HL 8312 copy 2.jpg,Corn_(maize)___healthy,2308,a9b7a4328404d6a7b07cab6df91233dfceb167ac26b82a9fe984a640ba66e0b4
Corn_(maize)___healthy/816bd8fe-3209-4aa5-8e10-10da14f78508___R.S_HL 7967 copy.jpg,Corn_(maize)___healthy,2309,e4b3ad010f86cdc80611d754caa35dbcf4c1d438f386c8e8a7bfae2073dbfe5e
Corn_(maize)___healthy/81b0d8bd-b21a-448a-8aca-a1bf971bf014___R.S_HL 8029 copy 2.jpg,Corn_(maize)___healthy,2310,4afc5ab68fbf7157554c7ba227f73f9ea7f905b99bb352026f2a8b75be8fa97d
Corn_(maize)___healthy/81ddfdc4-79fe-462c-b438-d176abad814b___R.S_HL 8041 copy.jpg,Corn_(maize)___healthy,2311,a4a84ba0789542e1e372cc35b3c3dd19d9d81f89aaee4f5a1c70ca1878ec74f9
Corn_(maize)___healthy/81ec1ee6-7ff1-4811-8bf0-f97870a71a84___R.S_HL 8133 copy 2.jpg,Corn_(maize)___healthy,2312,f1027b64340cb2191a3a8aca592701963a95a4bc9dae763305b9eafd118484d2
Corn_(maize)___healthy/82183af9-1261-4bba-8a8b-0eb57b4d42a8___R.S_HL 8096 copy.jpg,Corn_(maize)___healthy,2313,c5c1210ecb612f93664605c9ec00f09c7125d943bb9264cd2c778e93f8e8080f
Corn_(maize)___healthy/8247acdb-3c47-4f4d-b1fc-bf806dc581ee___R.S_HL 5544 copy.jpg,Corn_(maize)___healthy,2314,43950b1d1d4140f97a6952112085414b648342f98a64ee888fb14cb387f62a6d
Corn_(maize)___healthy/8254e846-2b6a-47bd-87a0-23a1b435eb20___R.S_HL 0599.JPG,Corn_(maize)___healthy,2315,da5b711afd5654b00f44310d2de001150182e8548bf9b6e751b1adea2a922dba
Corn_(maize)___healthy/829c135b-d65e-4a25-b2e1-3e32781a3e06___R.S_HL 5513 copy.jpg,Corn_(maize)___healthy,2316,6619ca55206c58fb5503f81c8a872e459426abcf98a0d74a47656ea4660a90d4
Corn_(maize)___healthy/82bee6cc-67db-4e6c-a430-30791dfc0c60___R.S_HL 0629 copy.jpg,Corn_(maize)___healthy,2317,c75693b42a8f4d0c7948010fe24b93749ba2e8c49d52128fc434e471d34d89d1
Corn_(maize)___healthy/833d16ec-bdc3-47ec-9a67-d5080a6e0c91___R.S_HL 8106 copy 2.jpg,Corn_(maize)___healthy,2318,99003fca8d55f8108a57b739c79acd923f8679e52d11582ad107e8aa1ea16731
Corn_(maize)___healthy/83b4342a-c9b5-4fd5-8310-327f935e08c2___R.S_HL 8024 copy 2.jpg,Corn_(maize)___healthy,2319,ba6d9f71522dbaf0b16ce68ab13c5b40ce6229f54204ba0948672937010a24c8
Corn_(maize)___healthy/83bd7012-4dff-4fe3-862d-c4e59ce02216___R.S_HL 8062 copy 3.jpg,Corn_(maize)___healthy,2320,9b322303875c2952243b029867d0046f3e0581d630e44581d421ce96e72e87a7
Corn_(maize)___healthy/83bfb1ea-c04f-4e9e-baff-396ae2b01fc3___R.S_HL 5537 copy.jpg,Corn_(maize)___healthy,2321,78c0fff73d3e55139b5765165eb6062bcabbd748be6d17a8b46c0a2574348344
Corn_(maize)___healthy/847fd306-e1a9-4e3f-a8b5-3e8eca322535___R.S_HL 8226 copy.jpg,Corn_(maize)___healthy,2322,43adb2dc40adc9d86ae3f3cfc0d1998f3fc19342318d9bb6ff856f5f976aeacb
Corn_(maize)___healthy/849ba0ac-0883-4fbd-a94d-ba7489e5d614___R.S_HL 8241 copy 2.jpg,Corn_(maize)___healthy,2323,4147b7f6600c4ee078a7df49dff65a0db82f83c2f15333d5139baa79fae01fb5
Corn_(maize)___healthy/849fb38b-c077-4bb7-a067-21824d5bb817___R.S_HL 8080 copy.jpg,Corn_(maize)___healthy,2324,3b0e8d14ff36c4d662b1457425dd065931d3896c80c861a96b64fb50c81a531d
Corn_(maize)___healthy/84cd474e-d359-45af-bd3a-f9c434a7a58f___R.S_HL 0598.JPG,Corn_(maize)___healthy,2325,b4cd35b8517799681ff4e0ff0fba658ad1f8905e4222fe511fc6025f8e79a157
Corn_(maize)___healthy/84d7e6fa-a943-4513-97d7-f0e7a0480db2___R.S_HL 0631 copy.jpg,Corn_(maize)___healthy,2326,885198d06ff2d65395cfae322e3109ae2b98e0746535d2c4a7e8a416bcc374ae
Corn_(maize)___healthy/84f0155f-4c23-4c3a-8f67-bba9d355d608___R.S_HL 0611 copy 2.jpg,Corn_(maize)___healthy,2843,2b741a1d2a04e2d84132f186654984339174de251133dcddb29fee03728a9263
Corn_(maize)___healthy/852e8e42-c48b-4a49-9f06-cae0ecb7747e___R.S_HL 8271 copy.jpg,Corn_(maize)___healthy,2328,6408108a219123af5a23147f77cbdc82919d5adb8ec822c75edf843954570e9b
Corn_(maize)___healthy/854c7bc4-5439-432a-8131-4e37bcb660b3___R.S_HL 7964 copy.jpg,Corn_(maize)___healthy,2329,580fb79981b1c7e13696567a3bed5aafc56becf4cbeb137b1c9cf4530c5a7111
Corn_(maize)___healthy/85581bfb-0508-4cea-a76c-b929fea867a1___R.S_HL 0605 copy 2.jpg,Corn_(maize)___healthy,2330,1f21f42dd7c29d874c17262aaa08045805faa6c69ec41d71417935c97b16f1be
Corn_(maize)___healthy/8585131c-7e29-4631-9eca-086f591dc43a___R.S_HL 8276 copy 2.jpg,Corn_(maize)___healthy,2331,10fde8a08e46f5e8fb64884285ecd02eb0e3792ebfda6a4c7854c6b93e4d1437
Corn_(maize)___healthy/85e4fe16-e125-4f1c-8bda-d085106cce47___R.S_HL 8246 copy 2.jpg,Corn_(maize)___healthy,2332,64dd1a2e4fbf70c5fb6ced2dc29a87e63657a1603a2664294a8430c31dfe7756
Corn_(maize)___healthy/85f2fc5b-e087-4614-9e22-1c264bcc6584___R.S_HL 7981 copy 2.jpg,Corn_(maize)___healthy,2333,0440bf55230e37c5237587b4ebe25a742bc0b064f8ac23641277260129be1db0
Corn_(maize)___healthy/8622c384-bb0c-4942-9f5b-679610511408___R.S_HL 0653 copy.jpg,Corn_(maize)___healthy,2334,962852aa6eba4262333c1dfe5b32c064ccbc7d5fbd77de7b989c5fdbf5f24653
Corn_(maize)___healthy/8639d32c-4fe2-4eb1-ae6b-a2cd6608363b___R.S_HL 0623 copy.jpg,Corn_(maize)___healthy,2335,710a30e1816c8c5960d6e573063598e210c113064bfc7e9eafc03536f5766cb0
Corn_(maize)___healthy/867d1311-1976-4387-8fb0-28c9ce135f0b___R.S_HL 0595 copy.jpg,Corn_(maize)___healthy,2336,c78a01b05d2d5796533756e5eb323395274152cbc0f609a3a34142db8aa37af3
Corn_(maize)___healthy/8700c11f-8e1b-4107-8554-00fa3e279805___R.S_HL 7974 copy.jpg,Corn_(maize)___healthy,2337,aca266d13018d5c709287d4e407f1bb418b6628466b1c18ff5cc62d59a8168b9
Corn_(maize)___healthy/874dd6c4-2b34-4b55-b278-011d6fa3eede___R.S_HL 0607 copy.jpg,Corn_(maize)___healthy,2338,18db48ebe52e7f5b4787576238b852dcaa342b3dabc43fadc47453f6713c74ed
Corn_(maize)___healthy/876c414d-eb4b-4929-819f-851476525934___R.S_HL 7930 copy.jpg,Corn_(maize)___healthy,2339,cb38679bb0ccf45f97af827ab08d5e2a1eac358ae9026df87843413a0c3e9884
Corn_(maize)___healthy/87b57066-e08a-4f04-93b3-4e760100d6f5___R.S_HL 7989 copy 3.jpg,Corn_(maize)___healthy,2340,2ba9c882b2a467c20bed9f839052f748413e1ad42cfd38415ea0b16fba7aa6b2
Corn_(maize)___healthy/87f58832-076a-41b1-b8d0-181077b5f478___R.S_HL 5560 copy 2.jpg,Corn_(maize)___healthy,2341,baf20aae1bebc1d765ec0a9efd594f70b9d236ec8b017f618702a9ac33bfcc91
Corn_(maize)___healthy/88221039-f7c7-42aa-9249-ee621623d676___R.S_HL 0598 copy.jpg,Corn_(maize)___healthy,2342,5a6a4667afc41a477f275ed80c1b05a16ff7954ff303b8175849eff8c30aca86
Corn_(maize)___healthy/88233463-6195-4ed3-8f4f-8dbc5631c4fd___R.S_HL 7898 copy 2.jpg,Corn_(maize)___healthy,2343,fe95b045ecb69b4ba0e098689e2f1de1991fccbbae5ca7c991e77a28b7f55a12
Corn_(maize)___healthy/8827a986-23d2-4990-8100-eb9fd875fa3e___R.S_HL 8335 copy 2.jpg,Corn_(maize)___healthy,2344,9e0ffdde90292832c57d473d2abf33937f66ee83ddcf6c1e4094d6bd49c9c186
Corn_(maize)___healthy/888320cd-1305-4d03-9323-a82d8a334414___R.S_HL 7885 copy.jpg,Corn_(maize)___healthy,2345,04a86712709702a59d3185dc874f89717e5290bf2dfd30131d30cb7879b13fb5
Corn_(maize)___healthy/88935f3f-d71e-451d-8fd4-ccf4c11ab1c7___R.S_HL 8142 copy.jpg,Corn_(maize)___healthy,2346,dcd3a2dd295fc544a811db7e9d2252c878531ed977dcb5ae68d2bd4d38095004
Corn_(maize)___healthy/88966c55-4abc-4e8b-9b21-353186513806___R.S_HL 7953 copy 2.jpg,Corn_(maize)___healthy,2347,dce5a5a255dbd3c478ece68fc5448900c17f29e6b65351ee0ef34de16726185d
Corn_(maize)___healthy/88bb3bc0-d78d-4446-8a5e-e050c3a60e14___R.S_HL 7888 copy.jpg,Corn_(maize)___healthy,2348,5a8da68f89c80bd604594d81152a615e6543abf4892a394ea6f4ad43116efdb9
Corn_(maize)___healthy/88ceaf86-c010-42d0-b1d2-8ee4f17655d5___R.S_HL 8210 copy.jpg,Corn_(maize)___healthy,2349,9bea095a7a008ee26922ab940d7eb265e0ddd4bd7c0eaf0e1ac72efa07ae2e3b
Corn_(maize)___healthy/88d705bb-1928-4323-9258-77ac3c2183ea___R.S_HL 8045 copy.jpg,Corn_(maize)___healthy,2350,0f5e56aac741c0273e9e57b90dd7c19438c7c34183e6339a13f1f0891cf9ab54
Corn_(maize)___healthy/8927572e-48ce-4933-a9f8-0a491d7b5bc2___R.S_HL 8310 copy.jpg,Corn_(maize)___healthy,2351,f02417a715fe3471694a6fd6e5f48c702d683de91d6138e613917600d247a158
Corn_(maize)___healthy/8977f9a8-3384-4a8c-ac81-ebb180d7a442___R.S_HL 8035 copy.jpg,Corn_(maize)___healthy,2352,3ce6f8c4bec669d526b821b4ec78d574865589c95621a9e560fd7656ea28fb81
Corn_(maize)___healthy/89bb38f9-2b37-446f-97db-58e856f339ad___R.S_HL 8281 copy 2.jpg,Corn_(maize)___healthy,2353,a575488abfcb17f3bdb3d8be17bf103f31a12e467f90eae4ced1515ee748c326
Corn_(maize)___healthy/89c03f8d-109b-4e13-87a9-00deb0f7a4a7___R.S_HL 8242 copy.jpg,Corn_(maize)___healthy,2354,8a4508615fc8868afa1f325e8a25095ee850bf93ecc151a14f3999014d119180
Corn_(maize)___healthy/8a08b66c-17a6-4689-a64e-bf22d57cc60a___R.S_HL 8173 copy 2.jpg,Corn_(maize)___healthy,2355,3185b4c856b3c221d8051e821830503bed9d70ce175c585b881188731037d04e
Corn_(maize)___healthy/8a18b631-169d-4623-9cab-24e243f47a64___R.S_HL 8256 copy 2.jpg,Corn_(maize)___healthy,2356,73b2c5a4405c9cd1707352c67678b105e25ce572f1eb166d9accbb5fac40cf7e
Corn_(maize)___healthy/8a28b72d-78e5-4929-b7d9-3b4449159af9___R.S_HL 7939 copy 2.jpg,Corn_(maize)___healthy,2357,c12baf559f71ad5f20b62abf954965a9952a6c1bec283af0e285a2e637bed2c5
Corn_(maize)___healthy/8a51e664-e6dc-4f0e-b3ee-bcd37fac243a___R.S_HL 7953 copy.jpg,Corn_(maize)___healthy,2358,5dd012fcb9f60a5292961605c120a3a8f4781130094f239819a51e02528c61c8
Corn_(maize)___healthy/8adb9e1d-8e13-4814-b06e-9a4dd1e000c6___R.S_HL 8282 copy.jpg,Corn_(maize)___healthy,2359,0a7941540651de00b46548c5724ee0f1832b61e2cec505a940fe3a8d2353ea6c
Corn_(maize)___healthy/8afc9635-c5e3-41be-aac0-74109d6112ed___R.S_HL 0601 copy 2.jpg,Corn_(maize)___healthy,2741,269adda16f0a1295747ebd5df39a844d7d241ad93153b972112e0ab2505723f2
Corn_(maize)___healthy/8b05f3d8-87a6-4a3e-8ff9-62bce57f9047___R.S_HL 8057 copy.jpg,Corn_(maize)___healthy,2361,932560a3c51d5246f98e9d7aa9dcc49c8a9528b617c0794000c90d2925ee7f80
Corn_(maize)___healthy/8b18084e-2976-426f-805a-bfcee0e1133a___R.S_HL 8102 copy.jpg,Corn_(maize)___healthy,2362,39da8995d576d4d3f27e4f932da0ec328db7548c6e570b0854d4e6add64cd1b9
Corn_(maize)___healthy/8b45016d-73d8-4376-a5db-5657262df8b7___R.S_HL 8032 copy.jpg,Corn_(maize)___healthy,2363,0eeaa37141aee4b3262125a945e8c75ff56bd256683c9f865e86285d423bb288
Corn_(maize)___healthy/8b4dc6b9-d18a-42bf-b417-e2f3da7d3864___R.S_HL 8276 copy.jpg,Corn_(maize)___healthy,2364,e632dad41f73d4f42f97488b954ca21945b2d5991316accff3d6ed070a041e5a
Corn_(maize)___healthy/8b6204cd-cbf2-43b0-90cc-255815f7beb7___R.S_HL 8156 copy.jpg,Corn_(maize)___healthy,2365,3ec6b870e8b359c063afe68933fcb9efd8846324b5f077d3b331628286a07cf5
Corn_(maize)___healthy/8c3c8212-cfa7-4e17-8c88-c3b5d274889f___R.S_HL 8208 copy.jpg,Corn_(maize)___healthy,2366,675ba5f87de299a00f9a4c429f76d314bb04687ad86c593946d0440e1ca61f4b
Corn_(maize)___healthy/8c9c52f6-f03a-41e5-ab65-f4ccf30fd5d5___R.S_HL 5559 copy.jpg,Corn_(maize)___healthy,2367,e0e375f39d68e4e47e028b8096baf6bcb8a056ea124450defba745ae80ac55b9
Corn_(maize)___healthy/8cdec02e-6273-452f-8681-1319a74d3698___R.S_HL 8185 copy 2.jpg,Corn_(maize)___healthy,2368,a3e6ce87afc6a14e83759cad3e51873e13f26d5dd3369675245be32a29d3b55e
Corn_(maize)___healthy/8d131c52-5327-4883-bb72-9b3df34dd7a9___R.S_HL 8220 copy 3.jpg,Corn_(maize)___healthy,2369,dbdce36fa60955ef0f2b842bd001f010b719483f7245bbd64e3010141cb2c8ee
Corn_(maize)___healthy/8d41c88f-764d-4cdf-b12a-f71226f88c20___R.S_HL 8078 copy.jpg,Corn_(maize)___healthy,2370,98974e4b8986572ce30516a280bf93c9ed93a69bc8ba3150ae1e884b16c6354b
Corn_(maize)___healthy/8d68626c-c183-469b-8c91-3905b6e0bff9___R.S_HL 8151 copy.jpg,Corn_(maize)___healthy,2371,d1103c3d90d44b9901bb4cca0de23eb0c27eedb79cde5a307f24c634b7fcd289
Corn_(maize)___healthy/8d6e7517-6adb-4301-88ea-ded52dae7da8___R.S_HL 8172 copy 2.jpg,Corn_(maize)___healthy,2372,011a50513b33d260f9032d0ff37db682e254a51864eb6ecd9f10b990c6a9b912
Corn_(maize)___healthy/8d6f1315-ca04-46ac-a566-528838390308___R.S_HL 5539 copy.jpg,Corn_(maize)___healthy,2373,0e5fb14ff3328ca29c69a150412b4843474265a2e5a8ce83c99c19bae8e5fb75
Corn_(maize)___healthy/8d853d00-62b0-445e-b33e-788503eacd05___R.S_HL 8099 copy.jpg,Corn_(maize)___healthy,2459,5bafff42545c7b8467c2f73f7cc6257797b70f3014395cf30d07f8bcc8d0963a
Corn_(maize)___healthy/8d87d0de-3d92-4927-8c76-c8873c58f24d___R.S_HL 8047 copy 2.jpg,Corn_(maize)___healthy,2375,efa0aec611e61756e1c78bde4741e6ea18570a54614a0940b9a82ee35b4484e8
Corn_(maize)___healthy/8da335ea-37c5-4b1d-8805-79cb369f08d1___R.S_HL 8313 copy.jpg,Corn_(maize)___healthy,2376,94a8ee51e2a3a3ea76544cdefa6efa63e2a278012f624fb776f4148613203a4b
Corn_(maize)___healthy/8e1480d8-2b13-4b0e-83a0-6f8d8e37d888___R.S_HL 7911 copy 3.jpg,Corn_(maize)___healthy,2377,80502bb152146472b941191b9d3b12f4cf8709174a0e21f51e96220d4bdd2c04
Corn_(maize)___healthy/8ebcdebd-d838-43da-b6fe-395879008848___R.S_HL 8145 copy.jpg,Corn_(maize)___healthy,2378,6265a55c76c1668e749d176c46bf7a3920fa05f8c33045b2334a6795c904a9fa
Corn_(maize)___healthy/8edc3c56-97f0-4bcd-8f77-968048928cdd___R.S_HL 8042 copy.jpg,Corn_(maize)___healthy,2379,33c36199920f752893b1ee3693c4a9e85450667fb0e944803d0c778787683875
Corn_(maize)___healthy/8f37159d-ef5f-45c7-8d10-42534761761a___R.S_HL 8261 copy.jpg,Corn_(maize)___healthy,2380,8cd47decd39d3ed316138d5dda49e88b93cd6f7a8f04df3eaa125e1156c4e0b5
Corn_(maize)___healthy/8f5c3f84-4ecc-4298-a5a0-d8a853f991dd___R.S_HL 8147 copy.jpg,Corn_(maize)___healthy,2381,a38ad3e5d89c2735359464f2718251bce3382cab2c358ee7762befcce5bad844
Corn_(maize)___healthy/8f9ad6d1-d9f0-40da-a2c4-e03234a5bbb0___R.S_HL 8037 copy.jpg,Corn_(maize)___healthy,2382,97948231ae24d7470c463654ba8cb2c8665f835dd46863b3319dc06c899d70d9
Corn_(maize)___healthy/8fe2c73e-d36f-4120-9d76-86ea660c00dc___R.S_HL 5528 copy 2.jpg,Corn_(maize)___healthy,2383,a4cc8b2063d72d048f82401f2abb7ca1962cca9797b8e8b12aa69985a8f23dad
Corn_(maize)___healthy/90320770-39a7-458e-a4d7-398858827faa___R.S_HL 8093 copy 2.jpg,Corn_(maize)___healthy,2384,27ebdae731380b78f23b7e3db9bb86734567d8bd9cf5d46611a99dbd84de05e9
Corn_(maize)___healthy/90548ed6-1573-4a72-9f60-6188a1fbd2ff___R.S_HL 8150 copy.jpg,Corn_(maize)___healthy,2385,c5928b5e0b895ec2beb7774c1da9b0285bc39fff43bdcf0326218997820c1103
Corn_(maize)___healthy/90b89fc7-f605-4ec1-b7db-1fa781cbbc57___R.S_HL 7912 copy.jpg,Corn_(maize)___healthy,2386,9e443881069c28e256c735542bc47ff7bb28c486b97f9a07f00371085fe47fdc
Corn_(maize)___healthy/915745f2-1da9-4e98-aba1-8a892cb1a863___R.S_HL 0597 copy.jpg,Corn_(maize)___healthy,2387,f64b7c493b47a86a0350f3e906b48b0715d2d924b3e4126a0460e77b2b814b6a
Corn_(maize)___healthy/91efc716-495f-4292-a29d-0819af024515___R.S_HL 8009 copy.jpg,Corn_(maize)___healthy,2388,5e50567054eb62a398e67fcd64ec44cbfbbbcddc92fadde5a68295e2d8bc8e59
Corn_(maize)___healthy/9202cb6d-a5bd-4cb7-860e-47f7299712ef___R.S_HL 8117 copy 2.jpg,Corn_(maize)___healthy,2389,cfb18fb8adbbbec3ddce1c85d55d16aabd9b59e218a5943f2644b9d723d7d788
Corn_(maize)___healthy/92487305-9d20-46f4-addb-4f50b77e08b8___R.S_HL 8178 copy.jpg,Corn_(maize)___healthy,2390,a1152293588d29a977941473dffe2d1064a674bd56608302b72e8e7e46920ed8
Corn_(maize)___healthy/9275afa7-daf0-4052-b092-47d36132e69d___R.S_HL 8189 copy 2.jpg,Corn_(maize)___healthy,2391,0d55ec2c470e7d6840fec2406d15e3b5cb3d46a8e2defef6503d432f3b6b3aef
Corn_(maize)___healthy/92827c16-ebfc-4336-b86a-82ec2925c188___R.S_HL 8330 copy 2.jpg,Corn_(maize)___healthy,2392,0722a29e74c816561e7e2bd1044440874ea4af4be2575e1d1deb731f94a18101
Corn_(maize)___healthy/937045bf-b8e0-4bc1-b630-34b683a23cda___R.S_HL 5554 copy.jpg,Corn_(maize)___healthy,2393,ded37b1f8568747834eae2d29bfeb6b447b574dbcfedf94142e31ec79dd574e5
Corn_(maize)___healthy/93b1bb29-3a7c-4465-8fbe-ca961c1b9bb0___R.S_HL 8121 copy.jpg,Corn_(maize)___healthy,2394,7faea506d48c61d9ffc35292025b6c16702eb08adbe92ac466c12e9cf2f3b169
Corn_(maize)___healthy/93cdde3d-f06f-4fdd-8dfa-1b889cab8044___R.S_HL 0619 copy.jpg,Corn_(maize)___healthy,2395,3921baa1418e79134eccc4c1722ca07ce3b875814504fb64924580bb0b878e1d
Corn_(maize)___healthy/94203353-1fc1-4092-95d1-c8672077776c___R.S_HL 0635 copy.jpg,Corn_(maize)___healthy,2396,62e447cb273c969ef54f4ffc066646eeae133592f1f4d557ce8f5dcfc2941321
Corn_(maize)___healthy/94ca39a0-d4df-44c6-b5cc-a38a754506e5___R.S_HL 0601 copy 3.jpg,Corn_(maize)___healthy,2741,fd1970bc26387e9e8f22ae75600b170290e012c961246d7e70c2435c6d1bcf84
Corn_(maize)___healthy/9528e518-5767-42b6-9ece-d647dfe6b5d6___R.S_HL 8014 copy 2.jpg,Corn_(maize)___healthy,2398,3ac5df922f3442be7ac0f911760b08aafc7c7fcb7a847e22c979c1c83853c4ce
Corn_(maize)___healthy/959b7332-37bc-4e70-8639-77e9089892a1___R.S_HL 8322 copy.jpg,Corn_(maize)___healthy,2399,c1ce419099a2483419f1b858cab212fe0bc1b037075a0c434f52e0c354b4566a
Corn_(maize)___healthy/95a91761-f9f5-43ca-9c8f-f901c149b117___R.S_HL 5508 copy.jpg,Corn_(maize)___healthy,2400,b7f7483e4d173f61daf072f75b4ac15ac073c6c04998cb8f08a65d82894958b7
Corn_(maize)___healthy/95afbc6c-3e3a-4d1f-8933-d7cd73f1e8a1___R.S_HL 0612 copy.jpg,Corn_(maize)___healthy,2401,dc62cfc04ed4ff84ac093db59ab23d4db1252204d1476f8bb772ac5564e18ed6
Corn_(maize)___healthy/960290a7-64f3-4d17-88b2-de8772c5810b___R.S_HL 5509 copy.jpg,Corn_(maize)___healthy,2402,05bf3488198001e4bbe243b60101aedaecf74f3df9a407130af8fb3a3cf5f900
Corn_(maize)___healthy/96159fdf-b6cd-4219-af1a-f2d4f6712073___R.S_HL 8334 copy.jpg,Corn_(maize)___healthy,2403,523fddcb1f213a8f89bae35d56808e804b82d7121dd48f4f2d156dc680d04602
Corn_(maize)___healthy/965d2fb1-0fc2-46ff-86a6-3d72c176187f___R.S_HL 5550 copy 2.jpg,Corn_(maize)___healthy,2404,7341956ec821fa647a6fa403601d70b02e37300720ccdbbb584a8b55f38e8782
Corn_(maize)___healthy/96d3f95b-bef6-4bdd-a53a-f7049ccff3d1___R.S_HL 7933 copy.jpg,Corn_(maize)___healthy,2405,3dcbbf61c1d4fc9d577549d21654f3b517d8cfbde486319be43e67b7658648a5
Corn_(maize)___healthy/97433b9f-77bb-4279-b9d2-7b7bd6e12f5d___R.S_HL 7941 copy 2.jpg,Corn_(maize)___healthy,2406,9815a70a15b9ab11ffa2fd43d791800fd1476ecff99fe304bb282855a6aba4ed
Corn_(maize)___healthy/975bf2e2-458b-48e0-a941-7afccabd69cf___R.S_HL 0634 copy 4.jpg,Corn_(maize)___healthy,2407,a2e0e95f23e463e5b4d5891fd0fdeabb14106288527c31e6690a9f3e0504466b
Corn_(maize)___healthy/9822967e-a218-48cd-9c31-632481bb8091___R.S_HL 8008 copy 3.jpg,Corn_(maize)___healthy,2408,27e0902d2628fa7473f02de9ef1e36f2cd47915bbb1bea5e0b62d24c3ba78a26
Corn_(maize)___healthy/99020386-3a33-4b62-b707-2986786393c3___R.S_HL 8200 copy.jpg,Corn_(maize)___healthy,2409,433cf033ddb4763a588a862a5cd4a610cac1d6043d187f305f0c6bdc661066ac
Corn_(maize)___healthy/99089d6e-ec29-4731-8b88-f6aebfd2fb93___R.S_HL 5504 copy 2.jpg,Corn_(maize)___healthy,2410,9938bcc176379b8745182463155d60bf7af5237ed2d8401d968843b5d10af782
Corn_(maize)___healthy/992ddc51-df49-400f-afd5-cf311bc1d558___R.S_HL 8007 copy.jpg,Corn_(maize)___healthy,2411,f893a4ec3e77230eaa12b9332353fefdf69e779642314422307f4ef830269146
Corn_(maize)___healthy/993fce59-927c-405d-9761-784d15d8c799___R.S_HL 8064 copy 2.jpg,Corn_(maize)___healthy,2412,fe6de53239c9391821f9008a817927e9f857c2fec9a6489b3a5e7102b6b6912c
Corn_(maize)___healthy/994066d4-bb51-4aaf-8b52-03459d375a03___R.S_HL 8129 copy 2.jpg,Corn_(maize)___healthy,2413,84e1eb59bdd503264273fd0aca6ca2446ad164f18fa211e5165dcfaf5a5916f6
Corn_(maize)___healthy/99df00ea-3fb2-4da9-82e6-972dbfd9e6c2___R.S_HL 0605.JPG,Corn_(maize)___healthy,2414,24d9ed82165bc9287b70a4042a69a22a788a06998a013c491cc3a4c000b005e8
Corn_(maize)___healthy/99f5a97f-3c9a-4adf-a246-134a8150c8c7___R.S_HL 8199 copy 2.jpg,Corn_(maize)___healthy,2415,0735874f91939f6aeda3e0c3d9666ea989fa3884895f1d9a750dca24562452e9
Corn_(maize)___healthy/9a11606d-02ed-43d3-af4b-da7414dfb4e7___R.S_HL 0597.JPG,Corn_(maize)___healthy,2416,83c525b30c0bc18f0366d83e584fe630bff68e1131dc88df99f38e17ca99ef68
Corn_(maize)___healthy/9a23af0b-d4ca-4be2-a6cb-8e21af0feb70___R.S_HL 8236 copy 2.jpg,Corn_(maize)___healthy,2417,9be51aba6df9510f0335ee4a2f07bea13542687e99f82de0c4ff658b0ed26748
Corn_(maize)___healthy/9aa6a76b-0385-4574-88a0-50f22b46fa3e___R.S_HL 8296 copy.jpg,Corn_(maize)___healthy,2418,726bc153097557f9d1dd04318c9cdaeb471b7216d0f0d137788347ef52d6867f
Corn_(maize)___healthy/9ac5877f-875c-4fa6-9962-6011f7767ba0___R.S_HL 8094 copy 2.jpg,Corn_(maize)___healthy,2419,7dff5e40b8b763c26be269e725a65c0cdcb6e1fb3a78404be858780225c2032a
Corn_(maize)___healthy/9ae59070-5406-477c-b806-028e83e60cb0___R.S_HL 8234 copy.jpg,Corn_(maize)___healthy,2420,f7afe7939bac530ff73e33ef5c6ecac11d3bde7cf260ef5121965a5c9f88fdfb
Corn_(maize)___healthy/9b5d313a-6815-4b9d-ad5d-27114e767112___R.S_HL 8268 copy.jpg,Corn_(maize)___healthy,2421,b0f225cbc52093d2347c43910fc6a9a4628186080b3cbdfb3d13abab1c81a4c3
Corn_(maize)___healthy/9b6f7782-2244-4575-8226-d5083c2d0223___R.S_HL 8144 copy.jpg,Corn_(maize)___healthy,2422,6dcef49d6b167fe5c3ac0faad905a91040c49b7023c4cb9ddd00a4920cd71539
Corn_(maize)___healthy/9b75245d-d020-4508-a032-f7aa0e8d5589___R.S_HL 7995 copy 2.jpg,Corn_(maize)___healthy,2423,552925a0af64a03d58a63e2a86a5ef3f521b972fd8d12b4d39eae0dce506e2ba
Corn_(maize)___healthy/9b89434d-522e-49de-9587-80055bef7a7d___R.S_HL 0609.JPG,Corn_(maize)___healthy,2424,a6fa2d21e227a1dff9b7a3a441bd01cd8ef3e6c700b1a22093ba21fa401217bc
Corn_(maize)___healthy/9bf79f09-b182-4092-b4a7-b1a00830ecfc___R.S_HL 0627 copy.jpg,Corn_(maize)___healthy,2425,c45980d06a8f32da3be8e5752bfe03d5e2bd9b6cad8f9110a8aa0e02db0d30f6
Corn_(maize)___healthy/9c105dce-7d64-426d-ae77-bdbe703f1815___R.S_HL 8096 copy 2.jpg,Corn_(maize)___healthy,2426,67c6ea8e29d8dd602374af013406ab66868078b1535a0b39bd7eef844d771f76
Corn_(maize)___healthy/9c392db4-4a68-4a6b-8555-a822eec85ca7___R.S_HL 8177 copy 2.jpg,Corn_(maize)___healthy,2427,46eeef4283988de418425954a0f06ab64d5fa0b46ec634dfb6c8b4afdabdc658
Corn_(maize)___healthy/9c774ac1-c09e-4365-bb0e-eee0dd61ac3c___R.S_HL 0637 copy 3.jpg,Corn_(maize)___healthy,2428,e69b2a60904b8a2931df203406b721c89e4b4431da72afc794824632d0d427e8
Corn_(maize)___healthy/9c7cf8f8-4ca0-43b6-826b-f8a9344b6a01___R.S_HL 8202 copy 2.jpg,Corn_(maize)___healthy,2429,7501fd80fcec7438f522d584bb964443f5fb11e222f1e0295f501f3040611a07
Corn_(maize)___healthy/9cd620cd-c044-4da1-aa74-7656bd38b68b___R.S_HL 8335 copy 3.jpg,Corn_(maize)___healthy,2430,01ff1ab813eddbdac6cd5311777f61c494d30ebbfb3e33c1323f8a3501815858
Corn_(maize)___healthy/9d205e36-c1d6-40d6-93b8-ebd1c732ff00___R.S_HL 8085 copy 2.jpg,Corn_(maize)___healthy,2431,9886284c96d86e81472b86cf735f7fad0e16e10f001fc3c94bc7a8845c576e94
Corn_(maize)___healthy/9d37aa23-994e-41b8-8f4c-1e11a05506cf___R.S_HL 8046 copy.jpg,Corn_(maize)___healthy,2432,2c9554c6e8f84c1664ca173ebb4092eddca4e75b8dc83542f63db0c7074465ba
Corn_(maize)___healthy/9d47547e-512f-49d0-9589-081a50333382___R.S_HL 7985 copy.jpg,Corn_(maize)___healthy,2433,a675ad117274002d36aa62141e7ae6c37b0354116429e6c614794c1015be5f1d
Corn_(maize)___healthy/9d7fe0ec-48b6-4b1e-83ea-391d53de37af___R.S_HL 8210 copy 3.jpg,Corn_(maize)___healthy,2434,e4eaf9f9f651bc7c7c8d5c90e497e1dc42d962c7bd23e50a7856e13ac5a630c5
Corn_(maize)___healthy/9d894f77-304d-49a1-8933-184967320c28___R.S_HL 7884 copy 2.jpg,Corn_(maize)___healthy,2435,5bae4d23d0493b78339a0eea7dde13f8fcb32ca1c6ffe203ccba66321ef8ebdf
Corn_(maize)___healthy/9dec2bf1-3c97-4866-a2de-871e7860d505___R.S_HL 8188 copy.jpg,Corn_(maize)___healthy,2436,d12de061750e680498a3edb39e70b5964ed86504cb34f42e011ef1c7254ce201
Corn_(maize)___healthy/9dfbeea0-0afb-4f03-ae40-5c4508141a6a___R.S_HL 7913 copy.jpg,Corn_(maize)___healthy,2437,e85b89b7e97fb9a544b96c7b119d42f3915b3c18e6bddac348e43f0791fe276e
Corn_(maize)___healthy/9e5babf1-042a-4272-aa78-c29f30041a47___R.S_HL 7910 copy 2.jpg,Corn_(maize)___healthy,2438,ae6c09fc5187f525475578d517fe2616656434f02ccaec063b27612e2e333a8e
Corn_(maize)___healthy/9e5d6522-3dc0-4851-84d7-5ee6a6981fb0___R.S_HL 8171 copy.jpg,Corn_(maize)___healthy,2439,a89686bfdc1bd5eb3a03a280874fb8d2bb80ae1f626f8bf83e4f8f41c13d0d9c
Corn_(maize)___healthy/9ea8e303-02c0-457b-a5ae-b48052a8aee1___R.S_HL 8264 copy 2.jpg,Corn_(maize)___healthy,2440,5707eebeda71c568897bc64577db1cccbff0401e2af13af25093cc5bc7f27110
Corn_(maize)___healthy/9eb04276-feae-45fe-815d-9c64ff452827___R.S_HL 8006 copy 2.jpg,Corn_(maize)___healthy,2441,505447981a31ab07ebb2098c09bb5aef673d1e4e7a62db9d767651b1473fd37d
Corn_(maize)___healthy/9f0564fa-2184-4df2-b0b9-bec3f36294e8___R.S_HL 0651 copy 2.jpg,Corn_(maize)___healthy,2442,9f3a9a63effc7e6e5dec9dc9baee4dc545b1d9e5eebcbc571e93ffad3b53cc96
Corn_(maize)___healthy/9f180540-3445-4b8f-8c7e-6a07d7b6aca5___R.S_HL 8272 copy 2.jpg,Corn_(maize)___healthy,2443,bd03f0c48cf5aa97ac2993c357250c2c96b40fdebd24d44a6f29a6b96af6e6e8
Corn_(maize)___healthy/9faacf6a-f638-435a-8994-f1418b332199___R.S_HL 8102 copy 2.jpg,Corn_(maize)___healthy,2459,184e9d6e247537a099fd7c6d3089baf8f5ae51c6c361f5807c354c66adbe7805
Corn_(maize)___healthy/9fc7cf37-b583-491c-adc3-a391edc73aae___R.S_HL 7973 copy 2.jpg,Corn_(maize)___healthy,2445,7f2f095a81a29f4afc31c3f83a0e97a99c56a45c8b76599b6a637d19046f161e
Corn_(maize)___healthy/9fcbdd37-3bc2-44b1-aa8a-08a1f85ea5bf___R.S_HL 0606 copy 2.jpg,Corn_(maize)___healthy,2446,e22120c233c6f045416fa66dbddbb37c26b059bdec7e0b6aea13695a88682077
Corn_(maize)___healthy/9fd2b7a7-1ac4-4e6e-9c6a-34bacd208df2___R.S_HL 8341 copy.jpg,Corn_(maize)___healthy,2447,4a48929339220fdaf75190643955f7e93d6cac3e34d5c6618dc3d44072cc4d5a
Corn_(maize)___healthy/9fd94da5-5b0b-436a-8097-2288ec52a0f1___R.S_HL 8110 copy.jpg,Corn_(maize)___healthy,2448,eaa5b0b5ca75b99875528dcf46928da1b86ed23481ed8a8310a33d457cccfd32
Corn_(maize)___healthy/a00ac760-e369-4945-a88d-298aff55e014___R.S_HL 8124 copy.jpg,Corn_(maize)___healthy,2449,31ee0fb5666136470b32d3bf6fb669d458dcc5382f64e663666fbea214022778
Corn_(maize)___healthy/a0737ce0-3cdb-4773-95eb-377efa68bc06___R.S_HL 8174 copy.jpg,Corn_(maize)___healthy,2450,3446015930fe75dc5208888161be4c15a95f4308506331f0894d4fe5c6bd8ecd
Corn_(maize)___healthy/a07d9b98-d0e6-42be-8a97-b3b9470b384c___R.S_HL 7921 copy 3.jpg,Corn_(maize)___healthy,2451,c6415946e957c9c6909d5ba4660362eda683ceaf76ade51c5ef95e8c9a7bef21
Corn_(maize)___healthy/a0940ca1-3040-4432-99a6-83979e94cdf5___R.S_HL 8035 copy 2.jpg,Corn_(maize)___healthy,2452,51458227c17db504a2e443138ea5811b8a750693d6707d1163de278ad3ba0c5a
Corn_(maize)___healthy/a0bac4e0-eb5f-4165-9f45-1d3fc0ac32c9___R.S_HL 5501 copy 2.jpg,Corn_(maize)___healthy,2453,8acb6afe1ac43696499463a8ea7d0a0fc0079de729e7c40c2f6d434f5c11f9b0
Corn_(maize)___healthy/a0cf00c4-33bf-4461-98b5-2115631d786b___R.S_HL 7878 copy 2.jpg,Corn_(maize)___healthy,2454,b56c7dceea5e6d2c1a6ca2b88643dffe61a608ae7456d0ec229be99482e83746
Corn_(maize)___healthy/a0f081ea-f0cb-495f-a864-b2343470cae1___R.S_HL 5562 copy 2.jpg,Corn_(maize)___healthy,2455,dfcd60049e78b3e1567c9f9ecfed991e00c8f8c8b16444644c9bedf9e33c5cb2
Corn_(maize)___healthy/a0fbdc10-db9a-43d3-9ef7-87e07e106ba8___R.S_HL 8167 copy.jpg,Corn_(maize)___healthy,2456,9521ead499e451d97f9185c08f67be337718d58bc00ffa542dc3e9394532ada7
Corn_(maize)___healthy/a20456bd-0ca9-4999-9a10-cda7915d280c___R.S_HL 5527 copy 2.jpg,Corn_(maize)___healthy,2457,be6bd400d8d074017d45363c1647058b975181221a32c4edbdda8534e50ef8e8
Corn_(maize)___healthy/a249e3ec-00e8-4086-8c82-ab872fcbb4fe___R.S_HL 8342 copy 2.jpg,Corn_(maize)___healthy,2458,63de3c2a2161df87ad1979759aa7c1e9b885cd28ecca99a4e363c18b48635902
Corn_(maize)___healthy/a2686a31-5b86-43b3-843b-2061d4e975a7___R.S_HL 8103 copy.jpg,Corn_(maize)___healthy,2459,927d6d7ba86cd19ead5b8023cee82fd4cf3ee2cf2bcbc467f419b0997e4452e8
Corn_(maize)___healthy/a30b3484-0f97-474a-92f5-5e6dc55885cd___R.S_HL 8000 copy.jpg,Corn_(maize)___healthy,2460,7d593901df88d1bb783ed7eb73f9d44dbddcd279f1c5b85c594b29c6c4ea1efb
Corn_(maize)___healthy/a31089a1-47b6-417f-b9ce-41465ff8279e___R.S_HL 8031 copy 2.jpg,Corn_(maize)___healthy,2461,8f33d2f6f41e9308c3ed8a154194dd56303c2eba54e397eee330a90ee9906c7f
Corn_(maize)___healthy/a357846d-9d74-425c-bd00-9f41a36ffc08___R.S_HL 8191 copy 2.jpg,Corn_(maize)___healthy,2462,a1e154ff839d46b093104f73ca25fcfc0e29951199975175f8196f28d6161cf7
Corn_(maize)___healthy/a359473f-0671-4c8d-babd-64921e1babe1___R.S_HL 5552 copy.jpg,Corn_(maize)___healthy,2463,9cb1ab0e1876536df699e3ec5e4b16892df592485743e613b9b2204b10afda11
Corn_(maize)___healthy/a35d50c8-99a0-486c-85f4-2eaa3b8395c8___R.S_HL 0626 copy 2.jpg,Corn_(maize)___healthy,2464,9ec9bd1141407b4581ae71a0ffff959590d35d84943edbb3bfb74be33c857e0c
Corn_(maize)___healthy/a3682b13-aca2-47d1-8e75-d7640e97af0a___R.S_HL 8006 copy.jpg,Corn_(maize)___healthy,2465,9bba2e4047618a8e1821114795d78fd84d131b553305b7a7cdcb89c35c1080e6
Corn_(maize)___healthy/a4314e17-4aab-4f16-9ab2-78450618f178___R.S_HL 7910 copy.jpg,Corn_(maize)___healthy,2466,3bb39f535cae377b2f44af07ca01b8d3f4d507fb0393d7c13a720c5438b69ab0
Corn_(maize)___healthy/a4403c1b-ad05-4b03-9d13-7367a2d16a16___R.S_HL 8272 copy.jpg,Corn_(maize)___healthy,2467,a548891e010dee7241e4e520ed2fc4547e324e442c9f9fe2abca2183e46cf4a2
Corn_(maize)___healthy/a44d7b6a-f02f-4e2b-b43e-afe21be8f8d1___R.S_HL 8115 copy 2.jpg,Corn_(maize)___healthy,2468,2628e72e64439c0f1d90bc3025af2f18d295db414cb984936659dc1fb2819953
Corn_(maize)___healthy/a4933b63-666a-4214-84a7-7712bb32b8b6___R.S_HL 0633 copy 2.jpg,Corn_(maize)___healthy,2469,01a08db49b37544eea801572f2613f8a783ab6f8cbbe9bc5068cada23a6c66b1
Corn_(maize)___healthy/a55e07ea-e11d-443d-bc3d-d88aa8038d2e___R.S_HL 7923 copy 2.jpg,Corn_(maize)___healthy,2470,2176d667ac3b9e59e78f223584edfbac90663cdc5ba088151a84ae0125787db9
Corn_(maize)___healthy/a5756fdb-9819-4654-acf8-f430ede8410e___R.S_HL 8193 copy 3.jpg,Corn_(maize)___healthy,2471,0b3a2a5b94898382695f4bad7765db32732eb2ebad608da631786c00cd762ae0
Corn_(maize)___healthy/a5964bbc-97ad-4ee7-a5e4-2463d49b2d5a___R.S_HL 8214 copy 2.jpg,Corn_(maize)___healthy,2472,b1e744882b7a389fffaf434862f46dc02f4152c2afc6ac202b8a5e02be9031d3
Corn_(maize)___healthy/a599c53f-dd93-4629-b2b4-0b16c9714bd8___R.S_HL 7963 copy.jpg,Corn_(maize)___healthy,2473,bbb1289e7ae405968f014c4a9904f9bce7c34fc762098793ca1411a3a29407e9
Corn_(maize)___healthy/a5a5c12f-ed24-4ed0-9b27-fc582210b907___R.S_HL 7937 copy.jpg,Corn_(maize)___healthy,2474,742ac880e8bc92840ddade1dfd1b60a775751bc4f94f8c6d5b366ddba772321d
Corn_(maize)___healthy/a5a8e949-a121-4093-b1ca-2ef99c8824e5___R.S_HL 5526 copy.jpg,Corn_(maize)___healthy,2475,d436e050e1836c2dd818584c59d537cea2bbc0e691e25483eb6370873064a4b4
Corn_(maize)___healthy/a5c6b475-da4f-4f43-a383-20fbaae78616___R.S_HL 7950 copy.jpg,Corn_(maize)___healthy,2476,34d9224877c3d7c8e1cc777973e29761e8841c82764bd2dff65f147583951f58
Corn_(maize)___healthy/a5e0272b-cf5e-4860-9b12-93f00f85164f___R.S_HL 8072 copy.jpg,Corn_(maize)___healthy,2477,3d0e4cc6852270281bc1d5add016265bd6d917ec4589e7d2fbf71e150abc64b7
Corn_(maize)___healthy/a6180128-2b88-4e3e-8964-76186593e1ca___R.S_HL 8196 copy 2.jpg,Corn_(maize)___healthy,2478,2185551f8f1532507e95e94f97f070c28d7e2f7667a6b733d743261040929783
Corn_(maize)___healthy/a63a23d0-2830-4962-b5a8-2776e9c3ba1d___R.S_HL 8184 copy 2.jpg,Corn_(maize)___healthy,2479,378e93f1c93447682b5737eb2563abd17835ff68c72ce7d70312813fb55d3bce
Corn_(maize)___healthy/a694e61f-3a63-40ac-9a31-66732cf9921d___R.S_HL 8116 copy 2.jpg,Corn_(maize)___healthy,2480,9175c41c304122192a150dae4fb1b452630f526ef205b8260dc267368853cf32
Corn_(maize)___healthy/a69fb110-6abc-4025-b22a-9ce26e02a4e4___R.S_HL 7961 copy 3.jpg,Corn_(maize)___healthy,2481,a8769fec8519a03c6a84c4903075881aa835ed888c358b8937002abe68ce8068
Corn_(maize)___healthy/a6af632c-f017-40b4-a16a-182269a5a0d7___R.S_HL 0652 copy.jpg,Corn_(maize)___healthy,2482,ee1653654928bef27fa940febcdced8ec2097b84fa2e58b037ae5134d3079568
Corn_(maize)___healthy/a72de5a7-34e6-484d-b4a9-b047ae3a77b2___R.S_HL 7881 copy.jpg,Corn_(maize)___healthy,2483,1b506a86c8e24a8dccb0eed9d037bc41b9d1f902cd652682a4f7a8e2ff40f315
Corn_(maize)___healthy/a734f999-8a2c-404e-a46c-7fc8d6f7883a___R.S_HL 8047 copy.jpg,Corn_(maize)___healthy,2484,0a0e7de6536d869f41a2482420c9dc94f7c849a452d6b842a84b5f26ee9e3d0a
Corn_(maize)___healthy/a797dcca-bb84-42ae-bb58-18020c6c3f52___R.S_HL 8343 copy 2.jpg,Corn_(maize)___healthy,2485,b0e55cf45515f39053725d4dbb53c3ab84d257e8f3881317d970e51ee384151b
Corn_(maize)___healthy/a7f5fc47-53d2-412b-9198-98fa1d049fae___R.S_HL 8146 copy.jpg,Corn_(maize)___healthy,2486,03da3ed6d96006bf2da84211cd3fb54b9a1cec92dd495c4e43ec6bbd93a12dc2
Corn_(maize)___healthy/a8474109-c782-4c89-ab64-616c1aaea061___R.S_HL 7965 copy.jpg,Corn_(maize)___healthy,2487,fb176b384c8db2002d2e55681b4d8e50549b9c7ace6c5a5f32b06881d055b614
Corn_(maize)___healthy/a869710f-363f-45bd-b4fd-f8de0380f405___R.S_HL 8170 copy.jpg,Corn_(maize)___healthy,2488,b8b8a1b17060db9f8ff5f4e773eb75db46fe7c89d7bed4fc25e073c55634621f
Corn_(maize)___healthy/a8ce309e-86b8-4a8c-ad2e-0def8c89382c___R.S_HL 7890 copy 2.jpg,Corn_(maize)___healthy,2489,15fe92b5b2d2dc6366f7b14068281596fefa9e20a9d84ed99dddc740e2f4dc00
Corn_(maize)___healthy/a9b8dca9-da3d-4206-94b9-38fd2781bfc7___R.S_HL 0619 copy 2.jpg,Corn_(maize)___healthy,2490,866f3f8343d88736ffa0238121da764619e4e780a300eb80a8f021dd8a45d2ea
Corn_(maize)___healthy/a9fb7f08-cb01-431e-ae32-cbeb1279e866___R.S_HL 8313 copy 2.jpg,Corn_(maize)___healthy,2491,5992244060a27ec7af8b3d746576cc68d571a8735956856358b22b62240f1710
Corn_(maize)___healthy/a9fcf4e5-73f1-4c51-a3ef-a5800cc6df62___R.S_HL 8025 copy.jpg,Corn_(maize)___healthy,2492,44a2a53a90ba43e83eabb09c8b88ecc84df5ec9eb0bfaf5e19b29c4007dd0cbe
Corn_(maize)___healthy/aa330d9f-d7a0-4bad-8f95-d6e11a1f95bf___R.S_HL 7893 copy.jpg,Corn_(maize)___healthy,2493,25ab60640996abb83e962aeb9f1a7146e7e722ec1c9fb3a201dc22c5aa52ef6d
Corn_(maize)___healthy/aa34113c-7980-4116-be01-e7a302144ead___R.S_HL 8279 copy 2.jpg,Corn_(maize)___healthy,2494,9da4e6fb3cc32ea6087d0297df3cd6c894e29277b5e9beb59b527c7cfc46d046
Corn_(maize)___healthy/aaac1cf2-e773-4bbd-84ed-da23df25fe03___R.S_HL 8287 copy.jpg,Corn_(maize)___healthy,2495,037988be669a27a7e902b83503376a7706c292762f46be0d08207857ef0ac22b
Corn_(maize)___healthy/aaad7ba5-1d5a-4852-a39c-f4c4e91c7876___R.S_HL 8172 copy.jpg,Corn_(maize)___healthy,2496,3a201c7d0c6edd957ca0a4780afe7605535ca143607c1f9171ed714f415d1059
Corn_(maize)___healthy/aabcc73c-187b-4fed-b318-3ad529e6ee15___R.S_HL 8244 copy.jpg,Corn_(maize)___healthy,2497,6db291a514c5d233f13f9b19a08daa22801f91b42a9df3529932b3d9f865b9fb
Corn_(maize)___healthy/aad5f376-fca2-4eed-8174-b9bc86654441___R.S_HL 0629 copy 2.jpg,Corn_(maize)___healthy,2498,2b71af83170ec25b9950109d6e88f9e38145adf4e65151c0166465aec79884ab
Corn_(maize)___healthy/ab077499-4113-4aec-b483-e2e23f9ff109___R.S_HL 7931 copy.jpg,Corn_(maize)___healthy,2499,d16a31e490ee38fa876bfdf64fb81dc88db6a7e4ba63ccb2eb71c6275a351fec
Corn_(maize)___healthy/ab0fc79a-bd95-406c-a008-21985ddcb71a___R.S_HL 7985 copy 2.jpg,Corn_(maize)___healthy,2500,fcaa73312f2065a0e810f840d4c94942afc9f5641c82019b4a0f77d8fe81306a
Corn_(maize)___healthy/ab90a3d7-ab29-4efe-a5f1-b9817b09d4e2___R.S_HL 5541 copy 2.jpg,Corn_(maize)___healthy,2501,1d13e5962cafc0a3f5cb0aa52914115df490dec8e5f0c14e356fdd289d00764a
Corn_(maize)___healthy/abcb076f-c7b8-4feb-98aa-2e65669af656___R.S_HL 7886 copy 2.jpg,Corn_(maize)___healthy,2502,1097d1ad906738839c400d00f38dad55a058443d11d870da229342611a5efa05
Corn_(maize)___healthy/ac10769f-266b-452e-b8ab-671bd3df69c2___R.S_HL 8344 copy.jpg,Corn_(maize)___healthy,2503,19ac25ce6560d70fca1a7d0dbf3318fbf879ca640af592748fde86056d8425d4
Corn_(maize)___healthy/ac3f03da-04fa-4c1d-a025-a547ed3a2368___R.S_HL 8243 copy.jpg,Corn_(maize)___healthy,2504,8f61032317e29f1a89d01256c8767b340e10c9c254554e972ad9a9a9e7cd29d0
Corn_(maize)___healthy/ac51fdb7-7110-4d50-b95f-19613eb22c15___R.S_HL 8317 copy.jpg,Corn_(maize)___healthy,2505,0e57cfc64bdbbf5fc606de144a20f67a15b2293d1705a123ef8e8f7fd01872a3
Corn_(maize)___healthy/ac697b79-40fa-4d91-91e6-775982de76e5___R.S_HL 5507 copy 2.jpg,Corn_(maize)___healthy,2506,2e0f115e198c23f314ca211b2022779e10b16fc3278963214f53afc2557b40b8
Corn_(maize)___healthy/ad07f4f7-c5a1-42f3-8007-bda26301a4c7___R.S_HL 8111 copy 2.jpg,Corn_(maize)___healthy,2507,6cca2ed95d2c7b6084a07be6bd781d35a16410c8e55df72011f07c6922b96391
Corn_(maize)___healthy/ad1fe4c1-9eb7-4159-968f-d2f0e85c0870___R.S_HL 8253 copy 2.jpg,Corn_(maize)___healthy,2508,7e92b14429e72fec96ad690ec883fc7f410a8247e11d8e3adf03f32eaa763e25
Corn_(maize)___healthy/ad678aed-6e1c-40fd-8fef-41a44389f8fd___R.S_HL 0638 copy.jpg,Corn_(maize)___healthy,2509,ab33e77cf38551ed40541e35ed487a2da07e587a4dd587ca8d5aa7bf9487951a
Corn_(maize)___healthy/adda5157-0c8f-4077-b89f-8be51e8cb9d8___R.S_HL 8262 copy 3.jpg,Corn_(maize)___healthy,2510,0cef5f668591e1af2867ee0aeba507d7db9d0cef394910f8a6f55bb8b46354cd
Corn_(maize)___healthy/adde8d22-15d9-42a5-a75d-6befa661ff4d___R.S_HL 8012 copy.jpg,Corn_(maize)___healthy,2511,61354764cfa1b12ca49b2e26df06221c9b039877349c3cbb8ad9b96045dfceb5
Corn_(maize)___healthy/adf0af30-e4b2-4b2e-ab74-105b6fabc813___R.S_HL 7993 copy.jpg,Corn_(maize)___healthy,2512,4a95412b89e045ff3bc8d3fc3772d114c5d1189c40e4235ba24fe371c7b0cc36
Corn_(maize)___healthy/ae06c7e3-e283-4359-9d98-2c97a1dd3e83___R.S_HL 8062 copy.jpg,Corn_(maize)___healthy,2513,c0b17498e352224131a5e279bbde83f91b53a804dbda59274b2bd7a9472938ea
Corn_(maize)___healthy/ae0b825e-8484-4e9e-a912-96fb693a4b10___R.S_HL 8208 copy 2.jpg,Corn_(maize)___healthy,2514,3a300ae897c978bdb3bdee0a5dface5c95d87482c5a510030002e8169aac922c
Corn_(maize)___healthy/ae2d73a4-c6e2-4b85-aaa7-3027e2a2c6a9___R.S_HL 5564 copy.jpg,Corn_(maize)___healthy,2515,8de2c31a1c4b8be6ac241480043114c88df19feb42741df3a5002db18af4ca95
Corn_(maize)___healthy/ae434cb0-c0f3-4dc4-86b2-580a5d066df3___R.S_HL 8083 copy 2.jpg,Corn_(maize)___healthy,2516,0d07978288beb44475a7e71225d0001531f33a86f336194cc9a12cb5d02b413d
Corn_(maize)___healthy/ae544c0a-4743-426e-a311-883311bceddd___R.S_HL 7882 copy 2.jpg,Corn_(maize)___healthy,2517,38b90420e3f90afa975fa6f7d5814cc5e31b04383c475ab3e78065334b906ee9
Corn_(maize)___healthy/ae6d6958-016c-4a24-8963-558bcf7db294___R.S_HL 5509 copy 2.jpg,Corn_(maize)___healthy,2518,5bf443738c555f8a3458e758be272b76a4f4ebb71ee7e4620778cc12f35e17e6
Corn_(maize)___healthy/ae81a3e8-f4c3-4929-a915-6f09b6961b11___R.S_HL 8107 copy.jpg,Corn_(maize)___healthy,2519,206d434110279706e1fe80ed52f0cc26f99676f90049b3fe79c331e44ba11e04
Corn_(maize)___healthy/aeb277f0-d22a-4c97-b9ba-4cd7f8c9f716___R.S_HL 8271 copy 2.jpg,Corn_(maize)___healthy,2520,2d9c3bf852cba65942d47e676f3fb7c9fe407cb97e6c5c21209660dc801558f7
Corn_(maize)___healthy/af25549e-f09a-4fa5-958b-aa9c49ac6119___R.S_HL 8122 copy 2.jpg,Corn_(maize)___healthy,2521,dd9daa615ac9da8c561fa8b0ef2e99528608080c3c17387026acbcc3ae214c2c
Corn_(maize)___healthy/af57ac04-46ad-4655-81f3-4fc4a01d1c1a___R.S_HL 8238 copy 2.jpg,Corn_(maize)___healthy,2522,6281258e7a48162b321a9fde1980e9ddf80ff7728819bac61bd899a4f930370b
Corn_(maize)___healthy/af647b0e-db3a-459e-915c-4e522cb46c6c___R.S_HL 8101 copy .jpg,Corn_(maize)___healthy,2523,9f9ff3b0cb1432d8ed5e8ccc73558b76cbd14ca4251bbe7f20058c65349b76d6
Corn_(maize)___healthy/af6b065b-791b-427b-b606-eafec65635ae___R.S_HL 8318 copy 2.jpg,Corn_(maize)___healthy,2524,4c1f77a437e9be32a4dd63403d214defe56d9363e43d5c4421997a64d88d7652
Corn_(maize)___healthy/af6b3f3d-7d7d-4120-8c37-bb196cc3aed3___R.S_HL 8070 copy.jpg,Corn_(maize)___healthy,2525,ee255011d70680d867e4c613ebca084f8f038aaac6bae51c731f81c1fe759690
Corn_(maize)___healthy/af750927-82e2-4089-a40f-b4c86eec3118___R.S_HL 7883 copy.jpg,Corn_(maize)___healthy,2526,89f9be51ab10938c402135c9dbef5b9abf07c3b7ae3cd0bb9fc4943b3ac26eda
Corn_(maize)___healthy/afa06f0f-ee50-4291-bb66-fe535affef23___R.S_HL 8225 copy.jpg,Corn_(maize)___healthy,2527,decbf2959236e028f43d6620a56568ba627b072d2885f9a45d0fcdcb627df458
Corn_(maize)___healthy/afa863a3-deb8-4391-9478-ae877c49ad00___R.S_HL 7982 copy 2.jpg,Corn_(maize)___healthy,2528,93e3c65b28c1b336444ac3abf5f4f5f59277712b7bd7b61e7613d1f3cc3d9371
Corn_(maize)___healthy/aff53dc4-7545-4109-a8b3-eabc57d8deb7___R.S_HL 7921 copy.jpg,Corn_(maize)___healthy,2529,487df8ab75ab00c7aecb7cce0fe1781b69e01d0a0a1214818b696e0ba52897b6
Corn_(maize)___healthy/affe3a8d-596f-41d9-b2ab-2d494c3eaac1___R.S_HL 8141 copy.jpg,Corn_(maize)___healthy,2530,2d5377fbd93b9b59ca9455d3bf98c110d0a443da6f12d937347442440dc9a911
Corn_(maize)___healthy/b018b098-e68c-4ad7-88b8-371959829b79___R.S_HL 8245 copy 2.jpg,Corn_(maize)___healthy,2531,b3482e344475c7786d72fe669f8ae5b3361f139d9d84b3615758812889119cc9
Corn_(maize)___healthy/b0222ee7-9fad-4204-8738-15eb8e879001___R.S_HL 8062 copy 2.jpg,Corn_(maize)___healthy,2532,e32fe9880ae759dc312c5189cd31b531e0b3997df1c164d0831c1b492633d2ed
Corn_(maize)___healthy/b027698d-850a-4adf-b70e-8c700dfdde5d___R.S_HL 8023 copy.jpg,Corn_(maize)___healthy,2533,c311807af2b775dcedce116202960d291f846eb24a648912f5e787fe4591617d
Corn_(maize)___healthy/b033bcf3-4dda-4e41-ba7a-e1daf6f40dbb___R.S_HL 7941 copy.jpg,Corn_(maize)___healthy,2534,a693dd6645580b000e9d8275d5aa9837a1a672260fc77555f58ac29add696d8e
Corn_(maize)___healthy/b0a8752f-204b-4282-ac8e-5f3667beb7c3___R.S_HL 8265 copy 2.jpg,Corn_(maize)___healthy,2535,a6fe15cd5212e0eafc819860055dda8e77fdc3e2deb9ddf0191994751b9a28bc
Corn_(maize)___healthy/b0d24620-42b3-4ad9-88c8-400f5652ab44___R.S_HL 8074 copy.jpg,Corn_(maize)___healthy,2536,3b670fd21c54d7f1e93615fdb5b2efba0ac5b2cb1af2a02290b89947e16f8f9a
Corn_(maize)___healthy/b1034c8c-c98d-44ca-a702-a0053e16d7c7___R.S_HL 8252 copy 2.jpg,Corn_(maize)___healthy,2537,bb694ab52a9336cef8abf687764c597c8876261f4f5befeef9ebb60487f8f700
Corn_(maize)___healthy/b14bcb73-04d0-4e27-8cf3-9d26bdc1a8d7___R.S_HL 0612.JPG,Corn_(maize)___healthy,2538,4120cf5fd5a7dff263efa2782a42d4034642094d72fd322fc7d1518cb87e22cd
Corn_(maize)___healthy/b1565e81-b8c3-4ba3-8b57-94395f82a3f2___R.S_HL 0595 copy 2.jpg,Corn_(maize)___healthy,2539,49e9192b9997ba2b5cbe8e4b507f50c2d01d3f7d832a6d9c2e28d49e9bf44a3e
Corn_(maize)___healthy/b16016da-ada7-4a6e-897b-5dba6b42a6cd___R.S_HL 8119 copy 3.jpg,Corn_(maize)___healthy,2540,0f5f9317a499b7d963c17fdd04249df485a5876965895f7720227e48697d6761
Corn_(maize)___healthy/b16d14f2-4fb2-42dd-a6d1-08bbb242fccb___R.S_HL 8082 copy.jpg,Corn_(maize)___healthy,2541,851c8c97e08afbf31d8596db87fe7f43f162f378c976efbd321688d47d86620f
Corn_(maize)___healthy/b1b0761e-ff5f-490b-ba2a-c2df04fe2e4f___R.S_HL 8159 copy.jpg,Corn_(maize)___healthy,2542,83d539a9e4c323827c48b5894a11d1c197524fe8886832ba0bb4fd005c5f8159
Corn_(maize)___healthy/b1fabb44-7f7a-4cfd-852d-d22f68edc77e___R.S_HL 8213 copy 2.jpg,Corn_(maize)___healthy,2543,881c18fc981aace17e3a74abf74327b2848ea84df65556acdc7eef4219d6e864
Corn_(maize)___healthy/b21a07b8-8ede-4038-a837-6a7798b51327___R.S_HL 7917 copy 2.jpg,Corn_(maize)___healthy,2544,e4877bd929060a6797cb48bbf10913670d0592d954ad9cd882a783a8f493f35f
Corn_(maize)___healthy/b236dd22-5384-47ab-992e-b82369beb417___R.S_HL 0624 copy.jpg,Corn_(maize)___healthy,2545,f40022003aa125451a546443be7030cdcb53eef942ccd11bb40b593e9e5d75ac
Corn_(maize)___healthy/b2495f66-78f3-40d5-b3e0-1a02545825cc___R.S_HL 5510 copy 2.jpg,Corn_(maize)___healthy,2546,d0a0ee0c80ce7bd1d22fc9d87555a7f80267df9d825bff64ace9b3d4d6e61374
Corn_(maize)___healthy/b2504449-0995-421c-b91b-ab3c6d90df41___R.S_HL 8186 copy.jpg,Corn_(maize)___healthy,2547,a204e2dd8024d4fa5364c792430fcc5f6aca684a32bd24af7570007149edefbb
Corn_(maize)___healthy/b25fb640-7a6b-4df9-baff-55bb4941540a___R.S_HL 8255 copy.jpg,Corn_(maize)___healthy,2548,c4314da10187f93e7df8a3f60aed80936e5ce9bf7a5da8a12611c1f5b28da1ff
Corn_(maize)___healthy/b27ca23d-e90c-4087-8421-dec6e1876c89___R.S_HL 8075 copy.jpg,Corn_(maize)___healthy,2549,a5ff0d7c1cbb253591353134e823948fb37850215d5a144c7e349d5543c49129
Corn_(maize)___healthy/b2df7a91-eb90-4263-9305-c91d53019da7___R.S_HL 8005 copy.jpg,Corn_(maize)___healthy,2550,faa6adf330a09f8048a686f20dc931faef4aa018311f7b486af245c1af068eb9
Corn_(maize)___healthy/b31834af-a313-45a2-82ff-b6d6ecc2d853___R.S_HL 8233 copy.jpg,Corn_(maize)___healthy,2551,b73a436e8f950b269f56f8167a53dd62d012640b51277dc1d41b44f09fec8423
Corn_(maize)___healthy/b363f87e-e6ee-48e4-a0e8-6efe6e1ab592___R.S_HL 8201 copy 2.jpg,Corn_(maize)___healthy,2552,d339d63e3a63df283549f5ca490a35c8158a7014a70847eaa1e4882a7ed88c56
Corn_(maize)___healthy/b3ff7fcd-955e-4a4d-9278-9642ac737f73___R.S_HL 0638 copy 2.jpg,Corn_(maize)___healthy,2553,95527d5e54968be0dd1c12ca711e6efbd727563dbded2541b0752a957a057089
Corn_(maize)___healthy/b4b60243-de84-444a-973f-f2ce191527f5___R.S_HL 7981 copy.jpg,Corn_(maize)___healthy,2554,0ea1d5b469a922b90e3ad868b1f02acb0262283ce696679b2b3cabc9b75eb204
Corn_(maize)___healthy/b4f7d270-984f-4bac-807c-d804ae7b7de2___R.S_HL 8241 copy.jpg,Corn_(maize)___healthy,2555,29f689b9c3c5f062a7cbe2a6a88cb99b1f9d4348f3aad89142ec406cd64f8110
Corn_(maize)___healthy/b5069c6e-a377-46a8-a53c-1275896c3036___R.S_HL 8235 copy 2.jpg,Corn_(maize)___healthy,2556,a164d991f9ccb9e0ec995e2c046c55086b900c99b13aa31669dfe2b3aa4c3ba8
Corn_(maize)___healthy/b54a855c-999d-4e7a-9e0d-9da3d66f1273___R.S_HL 5490 copy 2.jpg,Corn_(maize)___healthy,2557,00a5d559eece5377ef663ffefcbf6707bba650880e36474f11575064ca489253
Corn_(maize)___healthy/b557da0d-48ca-4f2c-b820-7dc94f3d907d___R.S_HL 0604 copy.jpg,Corn_(maize)___healthy,2558,ac17a23c89f0c2145bc716be33a9ca39577bae8f9af87f27b079d61c31a4a802
Corn_(maize)___healthy/b56492b5-3a78-4553-8897-2a1931dd0d9e___R.S_HL 7914 copy.jpg,Corn_(maize)___healthy,2559,476347a7700efc6d00ce391b8565892ce3c69f22e6f6b2f817b3b7ec1e9e6976
Corn_(maize)___healthy/b588f60d-fc74-4b76-95b6-aa03ed513532___R.S_HL 8264 copy.jpg,Corn_(maize)___healthy,2560,c30392339e726508f6f5c3f0274e93fc716b9fc349e44005fa417dfdd2dad862
Corn_(maize)___healthy/b5d17070-3fed-4c0f-a88b-3552c4eaae80___R.S_HL 5523 copy.jpg,Corn_(maize)___healthy,2561,e5aa15ad5d006a35af241cdbef94d5b78843f4b50e33a496bf6bb45af87256cd
Corn_(maize)___healthy/b5e0a574-7a3b-4ee4-ac41-21ff1ff70bf7___R.S_HL 8179 copy.jpg,Corn_(maize)___healthy,2562,764016565ac0adf8c6dd20678d825d4555e822943ec2867081cf943e93fafb9c
Corn_(maize)___healthy/b5ec1705-1a9d-40c2-ad94-9aa3ef4852f3___R.S_HL 5500 copy 2.jpg,Corn_(maize)___healthy,2563,540bd2ef890175974148be41ea626ba33f3091a32c6a1d0cc0c82618ecf80416
Corn_(maize)___healthy/b5f20d48-e6ab-401c-81b4-58e5147576b3___R.S_HL 8141 copy 2.jpg,Corn_(maize)___healthy,2564,c724168c59e6db6f36b997c4d67749eaf1c37e4c6a20bca451748e7ba17a821c
Corn_(maize)___healthy/b64f0fd8-4000-4675-81f9-e692a477a3ac___R.S_HL 8067 copy 2.jpg,Corn_(maize)___healthy,2565,294c4d252760730fa83dd36fad44e36989cee6094f9cf1c06546051f57fbb6d8
Corn_(maize)___healthy/b6502343-1e16-4343-81cc-ec9fc1a212d1___R.S_HL 8238 copy.jpg,Corn_(maize)___healthy,2566,2c42edb028e8be2f59cf474e96f5cc3f4d1f06b355ef464ce7b1ccba080a86c4
Corn_(maize)___healthy/b665c826-905b-46de-903e-3946b3e65365___R.S_HL 0633 copy.jpg,Corn_(maize)___healthy,2567,77bc33f31fbb5708a0f79c5ceb23007fbfa2db932682d6256e2c45eb0c7c96be
Corn_(maize)___healthy/b6a4900e-03ae-41c6-b2a3-dc1345aaaddc___R.S_HL 0615 copy.jpg,Corn_(maize)___healthy,2568,260cd2f50250fbbd71292e29c3ac724f76655397c35d5b36c1806b10f2c1cbfe
Corn_(maize)___healthy/b6b9231f-639a-49d3-b8ae-0cde9047a17f___R.S_HL 8311 copy.jpg,Corn_(maize)___healthy,2569,7391232d8b64aa95d110b6c8e3446ac57ae708702068ea46f2b964bcfd576851
Corn_(maize)___healthy/b7214149-73ad-481e-9227-c9fe77f10477___R.S_HL 7896 copy 2.jpg,Corn_(maize)___healthy,2570,e0ecc33c61bd6d0e61aa009523a0c51fa239eb27f51a9535d89f89cdce08f9ef
Corn_(maize)___healthy/b77d2f7f-6323-44d3-9316-f83fc75ff208___R.S_HL 7935 copy 2.jpg,Corn_(maize)___healthy,2571,dc085684aed8d72e7b6b297defd6acd239b28ee2a1b2fdfb3a508fb936716369
Corn_(maize)___healthy/b789776e-6be7-407a-95b3-fd6783c5f03d___R.S_HL 8022 copy.jpg,Corn_(maize)___healthy,2572,1b72f9ac06880c22634984306031acf4a059dc6c22f62ced34e9b71a16eec4ef
Corn_(maize)___healthy/b7d46732-7d3c-4802-8312-1cc4bea8758d___R.S_HL 7880 copy.jpg,Corn_(maize)___healthy,2573,a4699ecbb059b91faf99ba5c9b46d7cd3277bb9bcc73fe7da0a643fda3a99852
Corn_(maize)___healthy/b7df1206-ad1f-47cb-9a91-be31e18fd091___R.S_HL 8092 copy.jpg,Corn_(maize)___healthy,2574,d9a5b9b64de2dd39e4eb036f0eeec44d8f433b08209d8fa21e061f19956c3a0f
Corn_(maize)___healthy/b8bffa6b-fda9-491f-a757-56b51caf5157___R.S_HL 8135 copy 2.jpg,Corn_(maize)___healthy,2575,2c7d63a616221221950cc1b6330b0671818873b48f3ab542b3bf9db4df552a68
Corn_(maize)___healthy/b8fb9a89-c0d5-4b9a-b364-3ca75d007322___R.S_HL 8150 copy 2.jpg,Corn_(maize)___healthy,2576,e8441974119c9ba4104c4a63c8b8edd53f2cbbf8790ab8384851c7a120fc60d9
Corn_(maize)___healthy/b914d1d7-db9b-4db3-9360-1ba44beef18b___R.S_HL 8176 copy 2.jpg,Corn_(maize)___healthy,2577,3dafdadb577457f33f9fe10b64d1e27ef369155288cd9fab7354c600f23dbb8e
Corn_(maize)___healthy/b95b7b6e-c0a8-4a3f-aec1-f235b9328078___R.S_HL 5544 copy 2.jpg,Corn_(maize)___healthy,2578,80a7f1dc6afe9cc73a6379593d8c078f3057a3b2aa8f529ccb27be3355b5f9dc
Corn_(maize)___healthy/ba5545b4-4812-42ed-94ee-73fa785156ad___R.S_HL 8227 copy 2.jpg,Corn_(maize)___healthy,2579,43e0f96faa2160e8d3a9a4c724cb71c8f3bb70525789fb6b96797f03e027cd2c
Corn_(maize)___healthy/bacefe60-7898-4940-82b3-2d26001e3ba9___R.S_HL 8186 copy 2.jpg,Corn_(maize)___healthy,2580,59da715a6e4e3b9a4438902c8c7c4770464aaf4266739169856fbfe4f8c058eb
Corn_(maize)___healthy/bad97c4f-6d48-4637-b496-0d74f579db66___R.S_HL 5549 copy.jpg,Corn_(maize)___healthy,2581,bd4c8992130c4c04ebe7fbcc81d0d362726f583d857b16f64ad5aa769382ecb0
Corn_(maize)___healthy/bafc5f95-f5c7-422e-a728-6db014fb35f0___R.S_HL 8212 copy 2.jpg,Corn_(maize)___healthy,2582,b45ed218f6282dabfa133930102a5cf007d04954c8298814b11e2e1644410111
Corn_(maize)___healthy/bb0f8a9d-1c38-46a7-b922-2bbd3ba72fba___R.S_HL 7942 copy.jpg,Corn_(maize)___healthy,2583,661e69b244880281001776c3faedfa993f0961939f3bec09600fd2af391be2f3
Corn_(maize)___healthy/bb63915e-8282-4c2b-ae08-0f0777ce27b5___R.S_HL 8074 copy 2.jpg,Corn_(maize)___healthy,2584,52263928b4780f006e34173c4b40e47941ca09149bf6e8a16cca24e25da17dfc
Corn_(maize)___healthy/bb8f35ea-47d6-410e-911f-8bde0e62d6be___R.S_HL 7923 copy.jpg,Corn_(maize)___healthy,2585,56fc3e5abb71c2f827c63885b06371a0a2beb170e4e5622c3839d3c81095d2be
Corn_(maize)___healthy/bc2d6546-a407-4353-b903-93c5b68bfa2a___R.S_HL 8254 copy.jpg,Corn_(maize)___healthy,2586,22cdce74df72e5b7e6fa6695226ec880006cbaeba99de1f88d24a8b6aea60c39
Corn_(maize)___healthy/bc45e1c9-7937-4fe6-9601-371df46a60da___R.S_HL 8025 copy 2.jpg,Corn_(maize)___healthy,2587,8faa6dae2cb7615194f52f35c938a689e1e3e6ea50a0079f2591f92ef4f798eb
Corn_(maize)___healthy/bc95ac1d-48c4-4a4b-a303-7441a09751d9___R.S_HL 7887 copy 2.jpg,Corn_(maize)___healthy,2588,cc22ec7f675f75f6c3f9b1655cb86764fb860a0e8bcdca691db42ce8b7ff3999
Corn_(maize)___healthy/bd16cdda-2c8d-4577-a597-a46c0222d841___R.S_HL 8281 copy.jpg,Corn_(maize)___healthy,2589,3ba0a1becac842a9e0238f887c195c1098fdf5a316713b618cfff87277f7c4dc
Corn_(maize)___healthy/bd387a28-3b26-47d8-827b-062ae0a0f234___R.S_HL 7990 copy 2.jpg,Corn_(maize)___healthy,2590,7bc1a2cd5997e6826c136ea3da7ee0a56a2f83bdd556df6d9b41415aa5788932
Corn_(maize)___healthy/bda08b6c-bbd4-446c-900e-ba832f139434___R.S_HL 0613.JPG,Corn_(maize)___healthy,2591,5d89a1f2557eb30f43d40d96437894b2b626ab49ec92061791137983f3214550
Corn_(maize)___healthy/bda64a31-97b6-4a99-8182-acca2dc14e96___R.S_HL 8094 copy.jpg,Corn_(maize)___healthy,2592,c2acea8d2e0948cbea70fd7393724e2634ba511bf0d76f1f0a69a2125d072ce5
Corn_(maize)___healthy/bda652f8-90f3-46c1-b5bd-bda8577761d7___R.S_HL 8149 copy 2.jpg,Corn_(maize)___healthy,2593,8d6c067c2940f464d2b1ba745d2f681dfa2fbe774afc6b655f9142bf0d4d259f
Corn_(maize)___healthy/bda90983-a55a-40d2-bcbc-f2279e82d937___R.S_HL 8320 copy.jpg,Corn_(maize)___healthy,2594,8e60dd5b722c150ad35cc300f30bfca151e75dfa44c2a42361723a6fc8de0a1e
Corn_(maize)___healthy/bdd57318-4414-4d35-9993-f2911e94f2f5___R.S_HL 5510 copy.jpg,Corn_(maize)___healthy,2595,a0c79b62b47c4a46e07d0457aecdaf481297433994c78d40b293b0674f845b3b
Corn_(maize)___healthy/be5032bc-eb0c-4c05-9f3b-18204a7ba055___R.S_HL 7901 copy 2.jpg,Corn_(maize)___healthy,2596,c6408276276ea7b3d76e6692bb4a9d430bd9a75c35f1b98db84a64d458baf7f8
Corn_(maize)___healthy/be6d71ee-50b2-4d39-9710-a314214240a0___R.S_HL 5507 copy 3.jpg,Corn_(maize)___healthy,2597,d641e1d4594a75f6113f6f719bf2cc3401ff5bd977561d7ef2ab29026a66898b
Corn_(maize)___healthy/be7c9d7f-2a89-4364-9173-76eecdd3d29e___R.S_HL 8298 copy.jpg,Corn_(maize)___healthy,2598,05ffb6b37fb088c269bf86419cd6e06c7b21bae12d8d4974da764a2421b7ecc4
Corn_(maize)___healthy/bea16309-36c9-4d03-a8de-747e29cba604___R.S_HL 8187 copy 2.jpg,Corn_(maize)___healthy,2599,f8a4616012a25a419cd18962c6771c0c1d310200a75ec28e01b5552670fa9176
Corn_(maize)___healthy/bea3239f-b794-42ee-bc3b-249fa2a53669___R.S_HL 8100 copy.jpg,Corn_(maize)___healthy,2600,9136804227cbcc4bf5924877aca7fe75333d78af96284924c439fbd7e722e015
Corn_(maize)___healthy/bebf32c0-2daa-484c-804b-a6552f30d58d___R.S_HL 5532 copy 2.jpg,Corn_(maize)___healthy,2601,61c186350496fcfcb18d3b22424388c0b6371dafc2f172d3aec3b7791b4c09a1
Corn_(maize)___healthy/bec2693a-e731-49a6-8ff8-cc07170bed12___R.S_HL 8098 copy.jpg,Corn_(maize)___healthy,2602,5433d29fa88fbc46d03bac207e57500a32f30eaa29efa438f651c8bfc4007871
Corn_(maize)___healthy/bec8d29c-5eb4-488b-a4fb-baef5ae7a2ec___R.S_HL 5521 copy 2.jpg,Corn_(maize)___healthy,2603,2c2bf9f0a25a32095294fc672e88c18fd4c59626ea8f1f8cf5e59646be5d9ed6
Corn_(maize)___healthy/bf3bdd27-ed83-4347-8ca0-4e7cf8530f80___R.S_HL 8333 copy.jpg,Corn_(maize)___healthy,2604,8293e5f613df09206d8d25bc70cafd04a817add9bb581f0a931ff410dcba514d
Corn_(maize)___healthy/bf91d1c5-83ae-42d4-bb95-a4a994ea8ed9___R.S_HL 8257 copy 2.jpg,Corn_(maize)___healthy,2605,b46d2b43157eb242f212ea490d937fd180c092f350e17ecc27311ab4136ef026
Corn_(maize)___healthy/c0c11e94-597e-4a17-94f2-8cb6e06ddb7d___R.S_HL 8086 copy.jpg,Corn_(maize)___healthy,2606,32af1ba7f338954ae0ce78235d078e5577962d9ec5ae1af933864deb139a3f58
Corn_(maize)___healthy/c12df11f-fd72-43ea-98b6-b42bd71b9ed9___R.S_HL 8048 copy 2.jpg,Corn_(maize)___healthy,2607,fb90808ef930ef2d42ad9e0c9db32a558206f2994e22cd1bf08838c79314b490
Corn_(maize)___healthy/c1948f0e-eef5-4833-a45b-8bb0aa3ffcb5___R.S_HL 8051 copy.jpg,Corn_(maize)___healthy,2608,296c1a91c361fb5f4bce497a8627ab52c701b737867fc6c1f58ff17de8046565
Corn_(maize)___healthy/c1a74057-c9e7-416e-b31a-17a670d7c1ee___R.S_HL 0599 copy.jpg,Corn_(maize)___healthy,2609,0916c1e86cea97fa74accc2c344071a1cf2ec5ddd324ad543d4ab5a5d6a4f15c
Corn_(maize)___healthy/c1b92121-7167-4380-905c-ba816d19c11d___R.S_HL 0598 copy 3.jpg,Corn_(maize)___healthy,2610,cf37b6989deaceb2f9e3c01aa89b83391990a624b568d8a853ef63c2c9371cbe
Corn_(maize)___healthy/c241d808-09a7-4775-8330-789b11e71638___R.S_HL 8190 copy 2.jpg,Corn_(maize)___healthy,2611,71831d4da60aa26fa59db26ff5aca93f4fdd5d88bd55944746a997dde2d24782
Corn_(maize)___healthy/c26d104a-87bd-4fc0-a94b-5df3a638a3a4___R.S_HL 8039 copy.jpg,Corn_(maize)___healthy,2612,58fac0187f522906141d905962cdea47418a9a6fb309962c2af4de2e93ef8aed
Corn_(maize)___healthy/c2baa455-80e8-496b-af3a-c3237b11d28e___R.S_HL 7902 copy 3.jpg,Corn_(maize)___healthy,2613,22ec471a00238b90484048a6318c36d333c2d4d47e07a206b2eba50131adb76a
Corn_(maize)___healthy/c2c77995-0b78-4864-9dc6-2f6cb2183347___R.S_HL 5499 copy.jpg,Corn_(maize)___healthy,2614,76f8f0e5d05664ce02129d31da6a0f0d60af56d5d17252867279856e9386a0c3
Corn_(maize)___healthy/c3479d2a-e11f-4b3d-8152-930ae6e24d5c___R.S_HL 7904 copy.jpg,Corn_(maize)___healthy,2615,cebc5f4855ebf5df9df98cb1438bd0a24c1860f4657bebdc8cbcd3a273c8fa97
Corn_(maize)___healthy/c479a63d-cd2c-450b-807b-e85bce7a0af8___R.S_HL 8213 copy 3.jpg,Corn_(maize)___healthy,2616,a93568c6a236e05ccc0219100053089896bb602402e45c5a2821ba060a9bf241
Corn_(maize)___healthy/c48488e9-03c9-4cae-8d74-d69d36891854___R.S_HL 7927 copy 2.jpg,Corn_(maize)___healthy,2617,f9d281d0a867fdc9c8b03a15c6fdd7542d95d47a549697bb314249ded37992e6
Corn_(maize)___healthy/c4a93031-f6c0-4a14-803d-04d2bb536718___R.S_HL 0596 copy.jpg,Corn_(maize)___healthy,2618,fa5fd74c9c26ac514900b398650dce54c85e2d9eadf39759aecb8154f283af51
Corn_(maize)___healthy/c4b6565f-e6df-47c4-8426-d98081757564___R.S_HL 8013 copy.jpg,Corn_(maize)___healthy,2619,d111edecbd43c08a3471f0c18de60cab138f6af4fcae55ef8ef2eac36ca20475
Corn_(maize)___healthy/c4ebc11a-57d3-4218-9044-cfe4ea0427ef___R.S_HL 8198 copy.jpg,Corn_(maize)___healthy,2620,868c4f5b1a004e5f1344dfd12333ccc590724d9c3f3f97227748eba3f46d13fd
Corn_(maize)___healthy/c51a737e-6394-4f87-aa13-b38711252409___R.S_HL 8053 copy.jpg,Corn_(maize)___healthy,2621,07ba6805286bedc18ae254f3f1dbc81cc67f31e4af4018dd262e63a74c144d0a
Corn_(maize)___healthy/c5a2c1de-cd48-417c-ae48-0394fe2f39ae___R.S_HL 7883 copy 2.jpg,Corn_(maize)___healthy,2622,b22a423b99e16f48a4503dbae4ad5d44074c80b108ed1141c0ea060109411e1b
Corn_(maize)___healthy/c5bb2153-fbb8-4394-a911-1fbe186cafe5___R.S_HL 8044 copy 2.jpg,Corn_(maize)___healthy,2623,b1bec974494163acc73dbc1d2afa8ae3d70229017d59fa6e2921cff150ab00e4
Corn_(maize)___healthy/c5f181df-88f9-4b33-8e95-d17a3de8a80f___R.S_HL 8178 copy 2.jpg,Corn_(maize)___healthy,2624,23a08d1479671acd7989f0dd7c9c08db210baac89b164bee913580e2b0c46485
Corn_(maize)___healthy/c61a25a0-5163-4c93-b487-f73220bc90dc___R.S_HL 5560 copy.jpg,Corn_(maize)___healthy,2625,2aeabc0d9e233b146df46ed593142ba2b3deaf12e635c6209b08987bc25062b2
Corn_(maize)___healthy/c671c535-9c69-4935-9cc8-0f187b4df44e___R.S_HL 8045 copy 2.jpg,Corn_(maize)___healthy,2626,1976a2fd370d62abdfb05e1dde62417c4b2d15b7f00e202c8c05a25afa928b4e
Corn_(maize)___healthy/c68a8c80-fe05-4fd5-a9dc-d9e746f86519___R.S_HL 7966 copy.jpg,Corn_(maize)___healthy,2627,ac7f35601c78aa69b9add537295decb16dd6c085cb5e93c735661d49bd956266
Corn_(maize)___healthy/c68b1b16-887b-4647-bb13-70474fd7e5ae___R.S_HL 0633 copy 3.jpg,Corn_(maize)___healthy,2628,a7faae3c0d7873614347f4933e65a2fcbc34bb7742978d3baa32b2bf2ead2f5e
Corn_(maize)___healthy/c6d72b1a-9f34-4d50-8c80-a5628f60fc21___R.S_HL 8117 copy.jpg,Corn_(maize)___healthy,2629,289f47d5046300e1abf80b5c6c2b1f0798933f5166c16f364bc18925b5140540
Corn_(maize)___healthy/c71e7906-fa3e-4689-9061-b9ff4a827c92___R.S_HL 5514 copy 3.jpg,Corn_(maize)___healthy,2630,43717865d5848d204f051f9bca0df46dfbd6ae856dac0b3792bd6fbe1550f12c
Corn_(maize)___healthy/c7356006-ca58-4bfd-acb1-5ccd6dbf9d4b___R.S_HL 8310 copy 2.jpg,Corn_(maize)___healthy,2631,ca1158166ddb7c2b18b43f81c220852aaada08e6112e6f724977cf3714451e4b
Corn_(maize)___healthy/c73b4c12-ccbf-4ba9-8dd9-aba377680518___R.S_HL 5497 copy 2.jpg,Corn_(maize)___healthy,2632,06ed9c7610a6056f2037dbd962af9d411f6df27b9616222ed5d80e71ef9661b2
Corn_(maize)___healthy/c7f3bbd2-2aec-4031-9af0-9fb7653e6ae9___R.S_HL 8188 copy 2.jpg,Corn_(maize)___healthy,2633,88e79c839b321bf0fdb56178b29f083830fd215d30b3e037c07025354b324340
Corn_(maize)___healthy/c80028fb-0d2b-4090-b858-a22720145dc2___R.S_HL 0627 copy 3.jpg,Corn_(maize)___healthy,2634,337c2edf70a8edb4348012cfbfad4b78c783c10dd02a7e0ed77cc5ee5803a703
Corn_(maize)___healthy/c9223f42-46af-4fa7-bf4e-40a771dafd9f___R.S_HL 0621 copy 3.jpg,Corn_(maize)___healthy,2635,1c88208b8cb4d485f28c14caae9e4d719f4b267e02d4e59245b8d7ebfefcfba1
Corn_(maize)___healthy/c9272300-fc37-4b47-b09f-6a0f4e59f1bf___R.S_HL 7887 copy.jpg,Corn_(maize)___healthy,2636,8f5ec0e3b637aa39c447a114beee7614ee315937fe74144143d538e7a0c84e32
Corn_(maize)___healthy/c936eeae-4d4b-4c8c-8ef4-5cb2277a85a5___R.S_HL 8222 copy.jpg,Corn_(maize)___healthy,2637,88225ef634db9a9c92580f61546f4d73448ba0315bcbf65c8d02c98dcb61cd3a
Corn_(maize)___healthy/c9a59c8c-b828-4a5c-a3d3-ecf4833a02d2___R.S_HL 5494 copy.jpg,Corn_(maize)___healthy,2638,872f4d52d715f78e6cd531d01428e029a32f8e3ef300dd88dc231f99894a4ad5
Corn_(maize)___healthy/c9c333a8-30ed-4163-adf1-c65379dac7ac___R.S_HL 7907 copy 3.jpg,Corn_(maize)___healthy,2639,04e71df09165fb92d6c8cd689f827f9c1066bc1408faa979a403f3cb6c32b5e7
Corn_(maize)___healthy/c9df4a59-99bf-479e-a3dd-7aef4c6706a5___R.S_HL 8211 copy 2.jpg,Corn_(maize)___healthy,2640,79d669e6f7e4f466b5359e91e057b1018d0ee31116bf527b75887c8ba7778218
Corn_(maize)___healthy/ca005f55-ec22-41ef-b162-66724347da83___R.S_HL 5518 copy.jpg,Corn_(maize)___healthy,2641,943f7a1cabc2afa9e20a8111f4d0531bf5f50978982e5fb7a05f318a84efc675
Corn_(maize)___healthy/ca270450-47d5-49a6-8fc5-881bef1b36af___R.S_HL 8059 copy 2.jpg,Corn_(maize)___healthy,2642,07bb76a5a86779a7ab28723d940d08ee35edb43a02ea5c5e7f56d951b5b5640e
Corn_(maize)___healthy/ca38172d-5f4b-42aa-bef9-e88b94f7f47d___R.S_HL 7932 copy.jpg,Corn_(maize)___healthy,2643,2edd58a1f16907203276547800d3c579b15376cd372d053036e1296fc4fb83a4
Corn_(maize)___healthy/ca48bf18-8687-40b7-93b2-c85adf03e507___R.S_HL 5546 copy.jpg,Corn_(maize)___healthy,2644,c788e07f99aebc2e12fcf21100b8fec6e958ee5076d4f26e8bf4ad6a0fdad2fc
Corn_(maize)___healthy/caf84ecd-be68-434b-8a0c-86cdccd4eb94___R.S_HL 8036 copy.jpg,Corn_(maize)___healthy,2645,07fb7786cbcedba691bd03fbba108dd3c267644d8c79ae55e5b8b5cafe48751b
Corn_(maize)___healthy/cb08f6cf-4701-475a-b589-d3f486a672a5___R.S_HL 7898 copy.jpg,Corn_(maize)___healthy,2646,aee65dca0045e9d92ef5e547a43733ed0cb46baa1e70e33a5078d118617bb24c
Corn_(maize)___healthy/cb4a3d83-e307-4eb7-8723-21ae84d4fb64___R.S_HL 8244 copy 2.jpg,Corn_(maize)___healthy,2647,fc76dbb67c34193ce92595bb3a224d229d7549e7a66c768836f26a29ca4701b4
Corn_(maize)___healthy/cb4cd602-6771-45f2-9235-6e6590707998___R.S_HL 7896 copy.jpg,Corn_(maize)___healthy,2648,666f1d6ed17e99852b30e43ec8cdbeab66c013efdcec88ac4f3644302e186a82
Corn_(maize)___healthy/cb88517b-a05a-410c-aac7-ba6d54fb8e56___R.S_HL 8030 copy 2.jpg,Corn_(maize)___healthy,2649,ada66184fe74a9d096a979c4c95fec0955f4570d97e1e967d028fff1aa7777d8
Corn_(maize)___healthy/cba024bb-6180-4f1e-ad79-57b35c035a60___R.S_HL 8237 copy.jpg,Corn_(maize)___healthy,2650,19abb4aac58d62a681a3c84943eb4df3c3a4607bbbf6f2d820071e129b800c4f
Corn_(maize)___healthy/cbea79a3-7a68-4d16-b509-c84f333f9a38___R.S_HL 8137 copy 2.jpg,Corn_(maize)___healthy,2651,0f9766de7a58cb4da954ade3243698e3316fa876271d7179c38f6bc930b7c337
Corn_(maize)___healthy/cbf3bab4-8c89-4025-b844-9bd9a120bcfb___R.S_HL 8339 copy.jpg,Corn_(maize)___healthy,2652,57f479df0782963bbed6226d7f05fca02df3a54d2539a3b9f7c654a41cd0db75
Corn_(maize)___healthy/cbf52e27-af4f-485c-9bd3-5c33655a3873___R.S_HL 8322 copy 2.jpg,Corn_(maize)___healthy,2653,88e13da3dcfff55f424cd8238ee53478c0d640eee9ad12df0f98b5cbef379858
Corn_(maize)___healthy/cc668ee3-06c8-4bdd-8fbc-231ffb7e56c8___R.S_HL 8113 copy 2.jpg,Corn_(maize)___healthy,2654,7d6188f202c48e0929999be9deaa9f8e106116067926c2303f83dddc1545bb6b
Corn_(maize)___healthy/cd3cda5b-be94-430f-b8be-066b1b544cc7___R.S_HL 8294 copy 2.jpg,Corn_(maize)___healthy,2655,3e3443a46650ff5428154f34c0947c181896def815a269f0c09f45ffe4880ed4
Corn_(maize)___healthy/cd7d0886-6486-4689-b45c-5e60ea79fdb2___R.S_HL 0623 copy 2.jpg,Corn_(maize)___healthy,2656,ecaf2ae7bec1e43c850d3079b54d634fac89d97d2fe7274673d1ac240dd28985
Corn_(maize)___healthy/ce35ae6e-3f27-4105-adc8-a661a1157170___R.S_HL 5556 copy 2.jpg,Corn_(maize)___healthy,2657,ced7179a483a1199d2906ad093d7c7c7697672560d4165436400e7504f6db56f
Corn_(maize)___healthy/ce377cfd-9953-4754-ae9a-fb715b01e421___R.S_HL 0610 copy 2.jpg,Corn_(maize)___healthy,2658,7179b8ae22512912dbba5754e0acb89df4dbf8bf8433796d6cf691f19cdc133f
Corn_(maize)___healthy/ceebdf43-7611-422c-b083-cf1eb7ad640a___R.S_HL 0627 copy 2.jpg,Corn_(maize)___healthy,2659,42fd86f5995b95f1d142bbdd8d442f1d26e7ea5dc29a3baa815050480d1fad19
Corn_(maize)___healthy/cf13f3b8-d610-4b17-ace1-07a382cb620b___R.S_HL 8318 copy 3.jpg,Corn_(maize)___healthy,2660,589296ccc73196b284f54235d080aaf2239d51498e083c109254c03d121f3626
Corn_(maize)___healthy/cf700a80-b413-4b95-ad88-d916bc9ffc93___R.S_HL 7946 copy.jpg,Corn_(maize)___healthy,2661,c0a78da2da6d86b1aa353150a82b82121eae46cdca133ca7302e1a8f680f013e
Corn_(maize)___healthy/cf974821-c385-44d0-a833-7f816e51b98d___R.S_HL 8050 copy.jpg,Corn_(maize)___healthy,2662,69f850e55e1ae233374b170e92fe734829126869e9f10890d89babcc7cd70f7c
Corn_(maize)___healthy/cfa7d11e-1df2-4e9f-a90d-1feb1bbdb55d___R.S_HL 7895 copy 2.jpg,Corn_(maize)___healthy,2663,004de1ce5ed3aaf376fe971e96c3aa4e70595ec54efb430869ceb91b4a0abc71
Corn_(maize)___healthy/d0378d5a-47f6-4340-950b-18b4c2a8a598___R.S_HL 0600.JPG,Corn_(maize)___healthy,2664,b660e95def5f7d2f1d1cec0005a509b0c639cb6c8c4390167507904399078ddf
Corn_(maize)___healthy/d0e16874-80b3-4f2a-8511-15d5e69d33c6___R.S_HL 8056 copy.jpg,Corn_(maize)___healthy,2665,de772391c8cfa4ab6df88dde41fe712f8f060955c5823b468e990ab636da28be
Corn_(maize)___healthy/d0ed7e16-a6f5-403e-9b26-d0d9d74e1a32___R.S_HL 8004 copy.jpg,Corn_(maize)___healthy,2666,69b554694bcd5c0c23bf5cece01d8e59751a5edccbfa8f421086a4cb324b756e
Corn_(maize)___healthy/d128a635-3090-4ca1-904d-d471f67134e3___R.S_HL 0623 copy 3.jpg,Corn_(maize)___healthy,2667,45eb834ec09cc4c1e9eb42f7696257676e4b3050bc74e1751564d2e5cb8fe109
Corn_(maize)___healthy/d12e9409-9a3d-4045-9042-729b5c29a7cd___R.S_HL 8090 copy.jpg,Corn_(maize)___healthy,2668,ac498ea4bae209fd2df4df29247f5ea125e4cb30ea3f6d55a468de6e09d75a8b
Corn_(maize)___healthy/d16351b3-76fb-4d80-b2e4-2809bcf06380___R.S_HL 5538 copy.jpg,Corn_(maize)___healthy,2669,ccaad9ca7a2b6a7394efb4b71eb7825bb293a185c97c94d37e279f07f40b2669
Corn_(maize)___healthy/d29534b3-d6b4-4a08-8c52-823b47c1f03e___R.S_HL 8288 copy.jpg,Corn_(maize)___healthy,2670,615b35fb1829e083191dcee44d4ebf444c20591aa189899ea5cc1b992709fc37
Corn_(maize)___healthy/d2cb6bf0-184a-4e5b-be04-d447f509436c___R.S_HL 7936 copy.jpg,Corn_(maize)___healthy,2671,45ce4f4500a380a0dfb25f573f8616ab224a049845ac0954eb9e6d75665c6f1e
Corn_(maize)___healthy/d2d6eb51-8cff-426e-9ca1-6802f880b120___R.S_HL 8287 copy 2.jpg,Corn_(maize)___healthy,2672,1b59475d87988b0ad7884cff388fe7878df8e438d86b6243ad08bf4800bb9629
Corn_(maize)___healthy/d2eeaaf5-97f6-4fc0-a2b5-09e98e483648___R.S_HL 0630 copy.jpg,Corn_(maize)___healthy,2826,428c3b153f036e01e261b795998b37d9ecab2627d22cb2b7fa8d50fae8c14b78
Corn_(maize)___healthy/d309322f-f78c-4ccf-a1cd-8e4e82ba44b5___R.S_HL 5555 copy.jpg,Corn_(maize)___healthy,2674,4e986f44098acffe12668eddbc69a6a9502779eaa8a8d060e9e223a9ceede555
Corn_(maize)___healthy/d3acd928-1f63-4192-8da5-8ebc84caacc2___R.S_HL 5521 copy.jpg,Corn_(maize)___healthy,2675,2c165c895bbdf5cd21dcec3c94ca394538fca3b1969676a116e2139068bc34db
Corn_(maize)___healthy/d47b58e9-1131-425b-a1da-1d607caef89e___R.S_HL 8014 copy.jpg,Corn_(maize)___healthy,2676,f032c2abfdd969538a279ab590a0acf574e7e681c4d48cbe226047b93e861fa7
Corn_(maize)___healthy/d4859241-3885-48bd-ace7-b888773dc5db___R.S_HL 0637 copy 2.jpg,Corn_(maize)___healthy,2677,a669ed86632ccc24dd952fdaffcb5e4edaee6f2b0c5da630167362f56ae8e406
Corn_(maize)___healthy/d497c6d2-6bfd-4de6-be98-5d3d4ab525fd___R.S_HL 8338 copy.jpg,Corn_(maize)___healthy,2678,f98f0ea7da2e1b0bc0354d25cfaeb457301d79bbac1893d3017863948d0c9aa3
Corn_(maize)___healthy/d4ec84d5-69d6-45e9-a846-c8976446d31a___R.S_HL 7906 copy.jpg,Corn_(maize)___healthy,2679,32e4cdc9a99975dc41eabc646f63a9387bfa37e9c1915dc1e2258306e42b3196
Corn_(maize)___healthy/d5048e5d-a5d4-435c-bac2-7e56d622f4fd___R.S_HL 8205 copy.jpg,Corn_(maize)___healthy,2680,9429a56077bf2acfa822bcd787586253183e2490072ef28531cd35a583624b2d
Corn_(maize)___healthy/d518aedb-9e6e-4567-bb79-1f019415d61c___R.S_HL 8010 copy.jpg,Corn_(maize)___healthy,2681,ae365426cbbe46412e90e6d2b923489ad26d7e69920d0573983ab26c3494ec25
Corn_(maize)___healthy/d51a4307-22ad-4959-a7f9-c02caa7ae675___R.S_HL 8188 copy 3.jpg,Corn_(maize)___healthy,2682,50382a0b827c9d12a697f483694dda42c100586f17f838ce25c8d3b202dbdc7a
Corn_(maize)___healthy/d51f3036-3389-4f44-96f6-e88f5f04604d___R.S_HL 8058 copy 2.jpg,Corn_(maize)___healthy,2683,75090841c551416b38d987f565b7a8b3fa36410dcf5597bc03c20fa6de4d0641
Corn_(maize)___healthy/d552ad85-4b43-430b-97fc-eaeddbaa78f6___R.S_HL 5506 copy.jpg,Corn_(maize)___healthy,2684,745d13f3ba818caa5832a632f58718196443043065720f8ef5ff02b4945a9680
Corn_(maize)___healthy/d564cdcd-8b83-4ef1-b44d-9a1ac8f0a9f7___R.S_HL 7970 copy 2.jpg,Corn_(maize)___healthy,2685,448d919923136e66e1be70a1442ef0018e9df9d06535875424ea9c2fcfbb4b74
Corn_(maize)___healthy/d5a1d7a3-ac25-4f41-b51c-d8e675909775___R.S_HL 8132 copy.jpg,Corn_(maize)___healthy,2686,40e17fb7904610c696226a135be34597b9a11920c3783fad3b753c9848f8d7d8
Corn_(maize)___healthy/d665d2c7-6f91-4852-a1e5-923a9b494ae5___R.S_HL 7992 copy.jpg,Corn_(maize)___healthy,2687,a23e0f85f1e0875b1d7b6ab6a74a8b7c8e5ef5a851c3970063160ef87d96bb23
Corn_(maize)___healthy/d68393c8-5c76-43cb-90a7-32e7b7e423b6___R.S_HL 0602 copy 2.jpg,Corn_(maize)___healthy,2688,f921120eb741663ee8cbc9557378a8678c1fe5054fbb8bf33612f5b9c4ea887b
Corn_(maize)___healthy/d6b7b823-ea04-4b02-a687-f08a4df9d374___R.S_HL 8049 copy.jpg,Corn_(maize)___healthy,2689,1bed401b407bf4c4a822fc1aac8c80592588970d367e2138ae20020dc9f3d316
Corn_(maize)___healthy/d6f5c14c-3cba-4378-9b58-928a6d679946___R.S_HL 0622 copy 3.jpg,Corn_(maize)___healthy,2690,eaa52c748a3379ba86296841e6b9e60856090608eb50b3ac4c04b7a05a72f9a7
Corn_(maize)___healthy/d712361e-bd7c-47e4-a9d2-9d9265ddf849___R.S_HL 8201 copy.jpg,Corn_(maize)___healthy,2691,77887f0c974f7ecefaa0d044d461e4c92ac9689375ece1edcec94c9aabe82f73
Corn_(maize)___healthy/d792cd67-6f5b-45aa-9e77-b6286057eac0___R.S_HL 8123 copy.jpg,Corn_(maize)___healthy,2692,ecd872e970f5da28292e03ded7e247fe194e591a18251dc6e41399616d77370d
Corn_(maize)___healthy/d7978832-fc72-492d-bfb1-73270bd24ba6___R.S_HL 7929 copy 2.jpg,Corn_(maize)___healthy,2693,f2cc0f8f907c4b3eafdb9a9d80cb697b0e8e3c7835a555e2f6885683e03144c3
Corn_(maize)___healthy/d81b52fe-50d6-460b-88c0-64392ffdc901___R.S_HL 8054 copy.jpg,Corn_(maize)___healthy,2694,63d25edd93d379d09382ebc9eaf0f9fe7adc9c3cecd08ff145f8ac7b8c46ad31
Corn_(maize)___healthy/d82d7716-06d0-4309-8a57-ce73370ddad7___R.S_HL 8308 copy 2.jpg,Corn_(maize)___healthy,2695,609b9c2131dc7d1007fcc90e78fadd4dd809f2aa852ce79fcdcdbc3c0f0fb88d
Corn_(maize)___healthy/d83ea494-b075-49d2-9c86-07e988bd6033___R.S_HL 8095 copy 2.jpg,Corn_(maize)___healthy,2696,5e7ef709b4deb1a807f9c74cdff2a1f19d2805f2c7159a39d8ceb43bf4e5f26f
Corn_(maize)___healthy/d8490a8b-8301-44b8-ae58-875358b8ce94___R.S_HL 8029 copy.jpg,Corn_(maize)___healthy,2697,31bee6b06bfff6d42045e521a58257c42afd1776e78f64e00c7d08eff6b8db8b
Corn_(maize)___healthy/d85d07c3-0a4e-4f50-836e-8c884cd58c75___R.S_HL 8064 copy.jpg,Corn_(maize)___healthy,2698,b8eaa68c91fc088d8f073b6243c2db5977698c55029ff02bc2d4119babbc8043
Corn_(maize)___healthy/d8951584-3661-4841-916c-faa8457e443a___R.S_HL 8158 copy.jpg,Corn_(maize)___healthy,2699,1041aa857454f8c0663c9c55d6bb7988eb0090dedc6611d7deec98c4847493ef
Corn_(maize)___healthy/d8a72016-5579-43da-841b-d13030eaae6d___R.S_HL 7968 copy.jpg,Corn_(maize)___healthy,2700,f5b136ae9a15177c72b8bb5f71069d949a6b8a413727037dd42e772e29bc2364
Corn_(maize)___healthy/d9427888-3c45-426a-8211-944d9ed62977___R.S_HL 8200 copy 3.jpg,Corn_(maize)___healthy,2701,a9a327b36ca77380d4521f5262df4064a2ff077ccae417fcbd2ab9f721f5ed52
Corn_(maize)___healthy/d94448c4-ba78-4793-bd14-5d90e531e260___R.S_HL 7903 copy.jpg,Corn_(maize)___healthy,2702,afe4eacb3aa2ec9e9009ae477e61929ffd80987eb51caf610edc5e3e6f1c94a2
Corn_(maize)___healthy/d94dfd11-4ccf-4d0a-a28b-8166ea4ed49d___R.S_HL 8120 copy.jpg,Corn_(maize)___healthy,2703,908b2a5d6dc94a0af89ee09ad1a6ad2c87e84a87859042dcf82da5722289ff80
Corn_(maize)___healthy/d96a3d7e-3c5d-4b22-9506-6451660bb8bf___R.S_HL 8182 copy 2.jpg,Corn_(maize)___healthy,2746,02cc14d92075b555ca8b2919a5188178c54a4cd34aa51176d9c5545c260321e1
Corn_(maize)___healthy/d976fc74-23c2-4c34-a068-db120a61fe0f___R.S_HL 5561 copy.jpg,Corn_(maize)___healthy,2705,f7c99961c639c6d092895a1a1cb9f18e56600b8fe54f339fd862b5a98b4cb450
Corn_(maize)___healthy/da416e40-8b10-4d39-86ed-9da9396d98f0___R.S_HL 8278 copy 2.jpg,Corn_(maize)___healthy,2706,ffdad21169499e6acc033370794202ac0e903a15b69fae5358ee8d9e1ec43337
Corn_(maize)___healthy/da6eb23a-534c-47cd-ac20-4c3de9c54d67___R.S_HL 8056 copy 2.jpg,Corn_(maize)___healthy,2707,f1d5ba422789cfb826c858cf6ac03064d3bd067a8c109d9535c348cf9b96b961
Corn_(maize)___healthy/da7362e5-f442-44f3-aeb8-6523e0a2d9c1___R.S_HL 7957 copy.jpg,Corn_(maize)___healthy,2708,31e6b6acdec433d45b5d59d227cd3f3eae006d6c339b720014ca97afbfe602df
Corn_(maize)___healthy/dac954b8-99cf-4550-badc-e3ac9fe759e8___R.S_HL 8334 copy 2.jpg,Corn_(maize)___healthy,2709,c92a1bf43db835f2702000adffdc4a98ef8e1ae4b1cbc5bef1969e55c34de7a6
Corn_(maize)___healthy/db66adfd-cc22-4c44-bf5d-856827ef14b4___R.S_HL 7977 copy.jpg,Corn_(maize)___healthy,2710,42c0fb40b519daab52fdf9c084de74e2056aeb2fc696c0ebb2132a4adde4eb01
Corn_(maize)___healthy/db9acaef-81ac-43d5-9cc2-74ca5182726a___R.S_HL 8318 copy.jpg,Corn_(maize)___healthy,2711,8fc425adcc348b75bd82b2e8a92067b2e214c752d1cb3c64070cb9a8a850ea4f
Corn_(maize)___healthy/dba56e1c-72a6-4285-b7de-b23471e1f8a5___R.S_HL 8221 copy 4.jpg,Corn_(maize)___healthy,2712,233f14a449959f04aba477c6fbdf1c13df9e2225c669023a2e700a9761d064ba
Corn_(maize)___healthy/dbb7d398-3ac0-45d4-8447-829c48f9bc64___R.S_HL 8099 copy 2.jpg,Corn_(maize)___healthy,2713,9b3888e9acc7080ef9fac671683cda8b38b22392eb756f7566d3c3a13206b344
Corn_(maize)___healthy/dbbbc6e0-d26e-443d-a962-5ee4dc35ba79___R.S_HL 0636 copy.jpg,Corn_(maize)___healthy,2714,a41bb61b17426bd3a62dc6d36b1acbda6b2e9a07f35d7189c138ba727771fa7f
Corn_(maize)___healthy/dc1b347c-03b4-468d-9c9a-bebdc467d3c0___R.S_HL 0650 copy.jpg,Corn_(maize)___healthy,2715,2b8798c6f94b6f116e7d25ea4a180c1a6e718e3465546eb139249f46dd0b76c7
Corn_(maize)___healthy/dc54c33e-cef2-44ae-85ff-c393d4b98cae___R.S_HL 0595.JPG,Corn_(maize)___healthy,2716,dec7ff12ce585218f72960050c960ef6109f7bfc97602ef9212ef13fde7072a8
Corn_(maize)___healthy/dcac2db4-95f4-4209-97fc-bccef6b0acca___R.S_HL 5537 copy 2.jpg,Corn_(maize)___healthy,2717,5d97958eb697816af338225cb076261be187a38896b628570a63b5a88a44028d
Corn_(maize)___healthy/dcf1eb1d-f35f-4dfe-9f07-028ddf3abbc3___R.S_HL 8293 copy 2.jpg,Corn_(maize)___healthy,2718,258fbe64e2c6a93c140c171f49dc9b0080bca8c290732a7c5b96f6df2cbfb359
Corn_(maize)___healthy/dd0c0a2c-ed38-4ea1-aa13-077389adb7ea___R.S_HL 5553 copy 2.jpg,Corn_(maize)___healthy,2719,053e1a9bbba96f131627df99875473cc2ae43d3bf63db9b0275d56dab0946293
Corn_(maize)___healthy/dd2b30e8-3e85-400c-bdbd-fcfb19549a5a___R.S_HL 8336 copy 2.jpg,Corn_(maize)___healthy,2720,6121540d65ea0426e8599c7ccb59d9350e51ff0d7c07c64ee39cca5db9d598b1
Corn_(maize)___healthy/dda330f5-b5af-4cb0-9df3-83186cc879cc___R.S_HL 8205 copy 3.jpg,Corn_(maize)___healthy,2721,bf2420d2c3a9629d82ec29375a6f97f96ca71ef0a90a27a891165b1dd4354985
Corn_(maize)___healthy/ddf11a05-a096-4b9b-a3f9-f12714edcb50___R.S_HL 8333 copy 2.jpg,Corn_(maize)___healthy,2722,c6f7ecc8a230c7a0acd97f0fc36b452a5ecdb4b1a68e370de291cbb12e3963a0
Corn_(maize)___healthy/de0baaf0-bd8c-40a4-924b-e7b3ad0a83d4___R.S_HL 8107 copy 2.jpg,Corn_(maize)___healthy,2723,75b2482cbb136cdef555e9caaaa11e3233ea652c2e21c3cd99844ca6f1eeeca1
Corn_(maize)___healthy/de4648fd-1910-4929-a644-af090a8031ab___R.S_HL 8242 copy 2.jpg,Corn_(maize)___healthy,2724,64709ae28e7520721b379c998d00fed53b1837d3fba14664a32caf959915f1cd
Corn_(maize)___healthy/dea7aabe-2263-41ea-8c14-4edb19ada67e___R.S_HL 5516 copy.jpg,Corn_(maize)___healthy,2725,647a2e4417e47dea8ddb52a34b969d038766eb92dedf0d97d5c827b61686c24c
Corn_(maize)___healthy/deb6c76a-4778-4cf2-bfc0-9750451bc9fc___R.S_HL 5512 copy.jpg,Corn_(maize)___healthy,2726,102185c42b859500e6b5c7afb312bba4e6de8786c7e840db444f97990afb5936
Corn_(maize)___healthy/dfadedc1-b741-451c-9871-a8f7ba9db906___R.S_HL 7969 copy 2.jpg,Corn_(maize)___healthy,2727,6e1b008ed81200d8192c786e006bb57063bfbfa79b46e79d6b8a741472e4e5b9
Corn_(maize)___healthy/e02d16a0-9933-4ec4-9904-de703aee599e___R.S_HL 8159 copy 2.jpg,Corn_(maize)___healthy,2728,7b628360869aa77dd1b4faeb0b65302e174ef5ce205a39a4c546234e3e9af354
Corn_(maize)___healthy/e03d14c1-b022-46a2-9ce6-145c83653c8b___R.S_HL 8181 copy.jpg,Corn_(maize)___healthy,2729,9c34f03e76ad836988c6a680aeb2214a805cd34d084aaab4208851cf55afe262
Corn_(maize)___healthy/e0458a0b-eb48-4384-b16b-117706bbe0be___R.S_HL 8192 copy.jpg,Corn_(maize)___healthy,2730,72994c848d591c86b15f4f6c8a03d09d86d6f202c34e98f444594b18814280fe
Corn_(maize)___healthy/e07b298d-7dff-4297-a884-06c20a77e453___R.S_HL 5503 copy 2.jpg,Corn_(maize)___healthy,2731,98fe4fde1b07d33db4c726f8a7e745a9140a1c47f926f369e17800f0344e52ba
Corn_(maize)___healthy/e1059625-eff1-402f-87e0-01ed187dc8b6___R.S_HL 8185 copy 3.jpg,Corn_(maize)___healthy,2732,924dc7dfb0fb610e3421deb73dd261bf69bc1f522180ed2d8e3f588d62262041
Corn_(maize)___healthy/e163c122-d4eb-4a3d-b34d-4911aa4fd267___R.S_HL 5549 copy 2.jpg,Corn_(maize)___healthy,2733,2632896b967a9655b4dd37f519c5addbefbda2b5aee0fc2f1ff85e917b67c909
Corn_(maize)___healthy/e1b7f0d4-be03-417b-8edb-77c4e7b37e53___R.S_HL 8297 copy 2.jpg,Corn_(maize)___healthy,2734,e03205227eb639a25b2ffd20d0122e0ea93fdb40f79d45f7a65ed2d2e3c5876f
Corn_(maize)___healthy/e23676bc-f581-4cde-b33d-2960daffc210___R.S_HL 8255 copy 2.jpg,Corn_(maize)___healthy,2735,c35b685f550da8954bef608c4bfe341ce235805210be950a6bf7b0a789e0e513
Corn_(maize)___healthy/e2735878-7aa1-4db0-9013-6bf31f6e4e43___R.S_HL 0598 copy 2.jpg,Corn_(maize)___healthy,2736,8d07b1e8d0c31d96ec54e8c01ab39da38a7926b62de40cf6ab54cb6318b8eb1b
Corn_(maize)___healthy/e2819ae6-5e1f-4b49-96dd-5f130d73983c___R.S_HL 8282 copy 2.jpg,Corn_(maize)___healthy,2737,3ca68b2f10b83b9c44ee45600cbc9feb7bca0372fac02f79018af128d2cea7b8
Corn_(maize)___healthy/e29df32e-9fec-4ef4-b0fd-e71cf4f567ce___R.S_HL 5527 copy.jpg,Corn_(maize)___healthy,2738,e18c8358204cd8aacdb7f22782ab20ce9d9bb66be8e33ca3b93b16905f866327
Corn_(maize)___healthy/e2b6e2e6-4b4a-46be-8459-153661e95d35___R.S_HL 5535 copy.jpg,Corn_(maize)___healthy,2739,b1209aae9098c35cea506ab15e1932bb549aebc53de2f9167fee31b4d286d9b5
Corn_(maize)___healthy/e2e6d3f1-9f01-44e6-a466-0272b8663f8e___R.S_HL 8307 copy.jpg,Corn_(maize)___healthy,2740,0f20dc1d69df2698c0b9dec708721591edeb4ef8c1bc93099afc628dd8be5f2b
Corn_(maize)___healthy/e2f25942-e7f3-4ca8-8177-f029da9ca151___R.S_HL 0601.JPG,Corn_(maize)___healthy,2741,c1b02be119178bb9838fda3065d1bbea07ed11c3a3ce9b8379911a11d6df1223
Corn_(maize)___healthy/e30f6f58-1ca0-44a0-bfd6-e3472122a5c7___R.S_HL 8305 copy.jpg,Corn_(maize)___healthy,2742,dc82c5eb79d5f31b3cd6a883414791719120e7b9fa636527455a3b454b504e9e
Corn_(maize)___healthy/e3423491-ff2a-4fcc-ad1b-2c0eb5b9adac___R.S_HL 8316 copy.jpg,Corn_(maize)___healthy,2743,9a63bbac3535665a0e3c81b2c86c6a8477c414639bcfdfa4e146ebbea51c708d
Corn_(maize)___healthy/e3648674-ef3f-464a-b79c-655aca1d755f___R.S_HL 5505 copy 2.jpg,Corn_(maize)___healthy,2744,6f9021bf6f5672a0145a45e6ad53c0b5a03368537eb3956ac5b26514e6c6f0c1
Corn_(maize)___healthy/e3881e5b-b266-413d-89fd-4ee6eca1f00b___R.S_HL 0646 copy 4.jpg,Corn_(maize)___healthy,2745,d5969370a0bee2aca1e7731f036b02bfc7aa1381b195953f172060fe2451eb1f
Corn_(maize)___healthy/e3cd8f06-0635-4a93-adb4-21fe7b7fd714___R.S_HL 8226 copy 2.jpg,Corn_(maize)___healthy,2746,8c61d41512bc66e81eda10499f08042cf32ff4742b2f7d3ad396992da3e212dd
Corn_(maize)___healthy/e42713c5-7a30-4564-821a-32ed19f0efc0___R.S_HL 8194 copy.jpg,Corn_(maize)___healthy,2747,8caf1a50b9f45e71b09ead52dd36cd01ccb29308e9cc68bc00077513b1025827
Corn_(maize)___healthy/e42857cd-7a60-4b42-9bbb-28d3154fe7f1___R.S_HL 8138 copy.jpg,Corn_(maize)___healthy,2748,984f7535738d85ff18daa450ec8e1cd83c9b405287c689b707b589f81438f3b2
Corn_(maize)___healthy/e42a64c8-fb93-47b0-bd2a-33ce669d13e2___R.S_HL 8149 copy.jpg,Corn_(maize)___healthy,2749,3da6b9c0bdc635f2e19084ea8c7117e6057a16d92f8a4cfd86fd300f99f74a64
Corn_(maize)___healthy/e45eb0fd-208b-4447-b4f4-1eaafcb45596___R.S_HL 0610.JPG,Corn_(maize)___healthy,2750,5843d11b6f806188042e368c94eb6847e351934d2ffc77328182e3a84ec22676
Corn_(maize)___healthy/e4b7c7b7-0bd1-4ca1-8bfa-3768801269b1___R.S_HL 8292 copy.jpg,Corn_(maize)___healthy,2751,42b1c2088f66a87c17f9ac6a4716a8b563912326764d491261b768d333b95bf6
Corn_(maize)___healthy/e4b84e79-9126-4f19-984a-3105c07b9029___R.S_HL 8055 copy 3.jpg,Corn_(maize)___healthy,2752,6d51f661962d7f3f64fc2e1788fb14e56109d63c76828b508043b316b6a20fab
Corn_(maize)___healthy/e517d2aa-8ab5-4c2b-833d-5c7d3afc7783___R.S_HL 8163 copy 2.jpg,Corn_(maize)___healthy,2753,fe6224f01978656e426472d6effa3486dd571770f942713520b0bcb01850c7a7
Corn_(maize)___healthy/e546154c-1e6e-4914-bcbd-557eb212f63f___R.S_HL 0600 copy.jpg,Corn_(maize)___healthy,2754,4b05270a76c6e3b4fda7237a8846870c27c9b8867b0f2fc19efbc00163f8044f
Corn_(maize)___healthy/e55e0dbd-5b63-463f-8556-ae18f1e50f7e___R.S_HL 8222 copy 2.jpg,Corn_(maize)___healthy,2755,e3a47a32e3b8add659afb25a19d6d39c18a2eb6104f1e49ec152d0599c0df59d
Corn_(maize)___healthy/e5a2b441-8173-4c41-a56f-d359b1196719___R.S_HL 8119 copy 2.jpg,Corn_(maize)___healthy,2756,2ecd97770028d8c8cf31a74141f7fa18f402d934490c4c72c6e89f9a947fdf7c
Corn_(maize)___healthy/e6064f5e-a864-44e5-8738-e6adf8f7f991___R.S_HL 7903 copy 2.jpg,Corn_(maize)___healthy,2757,de8e9bb9d9be02e6163c1d707a463e788ef86bf833b35c464995a134cf5c28b5
Corn_(maize)___healthy/e6a2fef5-35f9-4583-be40-ea0a89a43bad___R.S_HL 8128 copy 2.jpg,Corn_(maize)___healthy,2758,1d2cfbd219a29bd71a1e2511bb223778fbe8961fe72081b135c8a55680cea3b6
Corn_(maize)___healthy/e6b194e0-46a7-44d0-a99f-d48840ee3fd6___R.S_HL 7945 copy 2.jpg,Corn_(maize)___healthy,2759,f7001ea9631748d5ee45ddbd2d7ba4378d3a74ee793df65c4b16d5dc9ca598b7
Corn_(maize)___healthy/e6c0401b-b514-4443-85b4-3bbc8b6a96bd___R.S_HL 7922 copy 2.jpg,Corn_(maize)___healthy,2760,351693829e0af80a46c2531525b845ed51f9d7836cd0532e62b8726d718740f5
Corn_(maize)___healthy/e6f7d1d1-3233-472b-bc11-597eeb02a120___R.S_HL 0596 copy 3.jpg,Corn_(maize)___healthy,2761,7ba2bd9b93182b0367a2cf7f6c86cea334ae6e9378026029ba3e00b74e475a42
Corn_(maize)___healthy/e71c667a-19c0-45c4-91db-6dd38f946dce___R.S_HL 8058 copy.jpg,Corn_(maize)___healthy,2762,2a07f18ce44f59b313c6c1739948e5387cb0052249000165cccbc0669fc3c3d3
Corn_(maize)___healthy/e7390b09-74e0-4ce3-af38-95aa97c78e34___R.S_HL 8263 copy 2.jpg,Corn_(maize)___healthy,2763,1da2c2384e0b8d3bf2eb075a45c7c4940f54de84dd00f4d14f344c7622f0c9a1
Corn_(maize)___healthy/e753f9e0-cfa5-482f-a361-ab3ad2ab151e___R.S_HL 7921 copy 2.jpg,Corn_(maize)___healthy,2764,3df339c8de96b763c7405e9fe9f544ff3d46323d6cec7650cbe52a689d9ef379
Corn_(maize)___healthy/e786d1da-3a80-4f33-89cd-b5fdee3d3318___R.S_HL 8197 copy.jpg,Corn_(maize)___healthy,2765,69ea55395a6e4546f2ca21a60e42855fb09ab6dd49a18a24bb2169c33e017d51
Corn_(maize)___healthy/e79d33b8-9a57-48d3-b2bb-523ff0f4a384___R.S_HL 8337 copy.jpg,Corn_(maize)___healthy,2766,e38a80951158f492f1358867ccf8467044fa44e9079dff2132d0a30e655422c7
Corn_(maize)___healthy/e7a4c459-f737-4efb-b13c-13c31662f1d3___R.S_HL 7976 copy.jpg,Corn_(maize)___healthy,2767,f4ac7331da7eb660d4b672e1e7d05d08e06db75a156f13e6a8f7fc0b56b1ef18
Corn_(maize)___healthy/e7aa584e-4bbb-470c-9bd0-ffae20349a96___R.S_HL 8169 copy.jpg,Corn_(maize)___healthy,2768,26aea203e01d46efa2e8cbb608b2ede197b8038f0bfd6e8457198c8fbf73afa9
Corn_(maize)___healthy/e7acc1f5-27d0-4e72-aec0-a5b102cd9403___R.S_HL 8180 copy.jpg,Corn_(maize)___healthy,2769,3a4f8b8d0de857ece4ca4c00ae941e306920b777d3945f08da721d0dec55959d
Corn_(maize)___healthy/e7f68761-74d5-4947-a40e-1ad45db8aec1___R.S_HL 8161 copy 2.jpg,Corn_(maize)___healthy,2770,d0b939f9f6b352e1f1291e40f2138049e8ee370ff79c6c2375851fb9c9879c3b
Corn_(maize)___healthy/e83663a8-93f0-470c-8f43-7366bb3d8233___R.S_HL 7908 copy 2.jpg,Corn_(maize)___healthy,2771,8f5471f962c6ef7d285dc274277571c56feaef72cfa47402df59cee274446ab9
Corn_(maize)___healthy/e8b34671-6d1a-40e2-a888-981c0e047b14___R.S_HL 8143 copy.jpg,Corn_(maize)___healthy,2772,81f043354a0021898505b51cb61692d9460baf33fd303c58b27654ecd0e91efb
Corn_(maize)___healthy/e905b0c6-95c0-446b-a2b0-c49d66704923___R.S_HL 0634 copy 3.jpg,Corn_(maize)___healthy,2773,d0a8106c6e3f804d0a20a23ecf92fe3b2bf565837396fa54d22feaa293cd7aa2
Corn_(maize)___healthy/e955d722-98b7-4d5f-bc44-f5ca0c8bb73f___R.S_HL 0609 copy.jpg,Corn_(maize)___healthy,2774,ae1a89115b7cc3eb7c43b17bc4e5b899b63d9f0c972b3b09c2e860054f99a270
Corn_(maize)___healthy/e9866172-d8db-4cf8-be09-8a94e31d45ee___R.S_HL 8248 copy.jpg,Corn_(maize)___healthy,2775,1a274e71d6f7c3bd3c6c4b98fdb31337681785d105a15d320abf0217b460e6ae
Corn_(maize)___healthy/ea2d7b2e-16d9-4d40-8b88-9013fa8cd711___R.S_HL 8034 copy.jpg,Corn_(maize)___healthy,2776,87c0054fbc4b15ccbc6626182f0482cded36ae54513cf0311eb427718c902ed0
Corn_(maize)___healthy/ea72ea68-be45-4961-ae56-32fc6b63d0e6___R.S_HL 7889 copy 2.jpg,Corn_(maize)___healthy,2777,446616c9efc15278d38cd21ec9c9652e7d3f2c89cf43d473104f3da4b6ebb74c
Corn_(maize)___healthy/ea90bcc4-599d-466d-9d37-bb43079cb1e6___R.S_HL 8289 copy.jpg,Corn_(maize)___healthy,2778,bb1810fc5c72471894320f43e19c6e427118beb804a09e989091a603a94e78f5
Corn_(maize)___healthy/eafca683-d2e8-4edd-b62d-3e1a31bba4cb___R.S_HL 8267 copy 2.jpg,Corn_(maize)___healthy,2779,99450057058be1985da62bd9a9a232ea2a04ac95093035a96268fbccb871b2e8
Corn_(maize)___healthy/eb4095e8-2f8e-40a8-bf8f-b49d3dd66c27___R.S_HL 8237 copy 2.jpg,Corn_(maize)___healthy,2780,5952ee9ced73bb4a1913a7b21830b25b5b399133b6521e3b34a4cb2860673c28
Corn_(maize)___healthy/ebd40048-5e19-48d7-a154-1db8da3edddb___R.S_HL 8319 copy 2.jpg,Corn_(maize)___healthy,2781,56c2532c1e259e4b355906ed989cd01a28777175ee1308f3218df55d5b6273ac
Corn_(maize)___healthy/ec1634bd-5b87-4072-9306-176a85f58ba6___R.S_HL 8202 copy 3.jpg,Corn_(maize)___healthy,2782,80e99ce54b54f868ec862f8307ce0169d86236935e9ced99c67c21bfdc952123
Corn_(maize)___healthy/ec6bd63a-a722-4986-9d47-c7d8c07915d3___R.S_HL 8031 copy.jpg,Corn_(maize)___healthy,2783,a827608cf235af8d3e0e9e61f7feed505cf154e509245b7ac881c628ac9f8c36
Corn_(maize)___healthy/ed1a380e-aee9-46db-b967-93f25bbfdbff___R.S_HL 7961 copy.jpg,Corn_(maize)___healthy,2784,1a07a8ec0eec28add918603edba6dab800fe3bee813ee61cbfcdbab240b9daa3
Corn_(maize)___healthy/ed4e7959-4be3-4897-915d-4031532fb056___R.S_HL 8259 copy.jpg,Corn_(maize)___healthy,2785,e9a6a9db978a87c91a8dfeb98571d259d982d1f20932257b83221ea19e7052ce
Corn_(maize)___healthy/ed78d0eb-66a2-4e3c-833e-c8b094bbd322___R.S_HL 5503 copy.jpg,Corn_(maize)___healthy,2786,3f25e64850968fd4ee611095226f92a142468bfb878ade9ffa80e3d1ef6147b8
Corn_(maize)___healthy/ee069f8c-3110-446b-827b-f7a229833db6___R.S_HL 8154 copy.jpg,Corn_(maize)___healthy,2787,121f4a8619134218b25459c2c26cd3de4f014b997cd82644a84e9488f193364e
Corn_(maize)___healthy/ee886864-6980-42b0-b849-c99dce1b636c___R.S_HL 7893 copy 2.jpg,Corn_(maize)___healthy,2788,c2386b35533897f68d3753db7b79e83d0ac89f6f9116d3c248b1b18116635a56
Corn_(maize)___healthy/eea6fb7d-469e-446d-9383-92098c9f495b___R.S_HL 5511 copy 2.jpg,Corn_(maize)___healthy,2789,e73ea3de5ee74c4411916cdffc9c20122882e8653e5e2ed7b380580fd81293ab
Corn_(maize)___healthy/ef061910-eea2-4ebb-9523-d2c0510e3031___R.S_HL 0623 copy 4.jpg,Corn_(maize)___healthy,2790,9d561d581c4bd61893f068e9e4e31a437b0c390abcf3c0fed1081f3af3b880f4
Corn_(maize)___healthy/ef21bc27-7f69-4eba-87e2-6b1f348cc846___R.S_HL 8279 copy.jpg,Corn_(maize)___healthy,2791,2d7e10a1bd9e8e7a1e5bd3a133585d1d004c7ba8f3f2e0c428c998dc9ac5e4e5
Corn_(maize)___healthy/efcf3042-4788-4043-802d-c4bc9661fd37___R.S_HL 8301 copy.jpg,Corn_(maize)___healthy,2792,d7eb6f90c168a93e182d06a8b6a3c55ce455e269d1f4e94c554ddf791cd9af90
Corn_(maize)___healthy/eff27c22-9bab-484e-bdd7-125c0319c7ba___R.S_HL 5500 copy.jpg,Corn_(maize)___healthy,2793,94f4b06d28f63bae90504caa44300487cc2555081240ed081ead339c9433f0fe
Corn_(maize)___healthy/f04a787c-6669-4a8e-8b8c-5d01d46ca724___R.S_HL 8105 copy.jpg,Corn_(maize)___healthy,2794,9704029b724429fd9f8218019c8fcaf4655157fc50ad587352617db41bb936bc
Corn_(maize)___healthy/f066fbc0-7910-46af-bcff-cb06cef2177d___R.S_HL 7951 copy.jpg,Corn_(maize)___healthy,2795,75fb35d6cf69e29a35d2a7f09be1df644b8461f93f0c3ff3b24dfc5d22161406
Corn_(maize)___healthy/f07047fa-af9d-4f33-afcc-bda603f4c568___R.S_HL 5523 copy 2.jpg,Corn_(maize)___healthy,2796,546902e266ef04e29c551529fe6b69041c01ee3eeb8d278b5c6da499d1c7e93f
Corn_(maize)___healthy/f092f9e8-3b8e-4ec5-b5a4-024f74c1d5f6___R.S_HL 7997 copy.jpg,Corn_(maize)___healthy,2797,5d0c89cd3ecc1b116eebeecf3cb2e3117d6f3916670286a54c3b10ff9481d055
Corn_(maize)___healthy/f09ff96a-fb4b-47c4-887e-2734dadb7feb___R.S_HL 8166 copy 2.jpg,Corn_(maize)___healthy,2798,1a98b837c3cb3b98f61952420beae62fb85d3de91875b9925136c14af4116964
Corn_(maize)___healthy/f0fedb37-88fb-4631-a69c-573c849ced9c___R.S_HL 7892 copy.jpg,Corn_(maize)___healthy,2799,711caf8408115603941d46e63a883aad2257ddfde3504044addda0f1865ee35c
Corn_(maize)___healthy/f107d1f3-52c3-459b-ad51-5fb0719368da___R.S_HL 8283 copy.jpg,Corn_(maize)___healthy,2800,86b2d7465566d01d261324bd7b3a1add5b785243dd6bae5aa2e166d06bae2a4d
Corn_(maize)___healthy/f16bde19-7f34-4681-bd41-a3cf36f83c29___R.S_HL 7992 copy 3.jpg,Corn_(maize)___healthy,2801,28cb1d0a4c73abb872900fce7ec9a4959625e612ac5c3fc54ca6373ad2d4bb4b
Corn_(maize)___healthy/f1fae7bf-f759-4712-82ed-3e5fb548252f___R.S_HL 8079 copy.jpg,Corn_(maize)___healthy,2802,528e10f3d521bff5221af7a4a869b5e7e967857e88b678f2a659975a22440590
Corn_(maize)___healthy/f21eae95-ba11-4eeb-bd33-e003535bbaea___R.S_HL 8164 copy.jpg,Corn_(maize)___healthy,2803,6bdf3c9f205473170f793eb7e409d34bb07b660a661ea75478a9919a09483a94
Corn_(maize)___healthy/f257156f-70da-49fd-857b-0d3918c99c2f___R.S_HL 0651 copy.jpg,Corn_(maize)___healthy,2804,f2031c8547370255a89b94936aa24bcbac1c9afb1f232eb09e6ad60d227fef13
Corn_(maize)___healthy/f268527f-b057-44aa-b455-b62612469032___R.S_HL 5506 copy 2.jpg,Corn_(maize)___healthy,2805,c37666bb376c485182dcfbb25d8b81e9ed2e19bbc6cb419fa2bc4ff567c0e70e
Corn_(maize)___healthy/f29a6d6b-c2b2-496a-8463-06ce5f44327a___R.S_HL 8076 copy.jpg,Corn_(maize)___healthy,2806,5002260c8a13eb90aa598bd8878c4e66fce575f70392cb0fa89d5776a5560884
Corn_(maize)___healthy/f3102f6c-af30-41a5-80b7-fcfa86635651___R.S_HL 8324 copy 2.jpg,Corn_(maize)___healthy,2807,07e5c5b30e2e08a9a532c1c4d3f71a688ec8b56d262ceebeeb3358f578499f97
Corn_(maize)___healthy/f327dad3-e4af-42f0-ab8f-94c1b57c0203___R.S_HL 8088 copy 2.jpg,Corn_(maize)___healthy,2808,2160b4de36c676fb46df1a29d077b39406eff830a03c39d2fd840d6b96d9937a
Corn_(maize)___healthy/f3315b22-9d16-42b3-82ec-7a4e18ef647a___R.S_HL 8118 copy 2.jpg,Corn_(maize)___healthy,2809,ed80ed8be49c2c902c3ec618c4afc8540953a4c292357819a2107e1057907a4e
Corn_(maize)___healthy/f3742e1c-689f-427e-9d32-e7aeb3c96e3c___R.S_HL 7925 copy.jpg,Corn_(maize)___healthy,2810,97794cb65ee72992da3fcba47edf6936288f8258790bf685e2ef4220d44be320
Corn_(maize)___healthy/f388e446-0281-457c-bc62-f96ec5461854___R.S_HL 8187 copy.jpg,Corn_(maize)___healthy,2811,8d1a3861721332937070d3b0748d92280958daa3e01efbea5c48b14a936a1b67
Corn_(maize)___healthy/f3944213-7339-4b29-a00a-c235b4c5a2c1___R.S_HL 5533 copy.jpg,Corn_(maize)___healthy,2812,106ef64b0c8ebbdcd09b22d8b24b859f7df53f48b0042fb880f2d713628a40cc
Corn_(maize)___healthy/f3ab8b7c-5cb0-4802-bd1e-4c0003d4569c___R.S_HL 7917 copy.jpg,Corn_(maize)___healthy,2813,c0c6e20c0c961f3695a758dcfde1b22c04e1d15cce6f9142fd3af5597540f80f
Corn_(maize)___healthy/f3afeaed-3b7a-4dad-b46e-a2144cfea6ea___R.S_HL 8299 copy 2.jpg,Corn_(maize)___healthy,2814,fb35eec32a185cb84f038994f36e006174e38b02b0bb655210c8d673488d3c44
Corn_(maize)___healthy/f3c516b2-43df-4646-a8fc-a6fe2a81b305___R.S_HL 8332 copy 2.jpg,Corn_(maize)___healthy,2815,a1175bd857cc816c495c55204cccdfd1088b0a820429df830336ac02fa73acaf
Corn_(maize)___healthy/f3ff0afe-f5e0-4ece-9e0c-615910fe7738___R.S_HL 7933 copy 2.jpg,Corn_(maize)___healthy,2816,2d43796fad63904a043be1fa3076996b60584a43f90bd2f529a8d26a66f4f594
Corn_(maize)___healthy/f538f7b9-6522-4def-a7e9-907baec0591c___R.S_HL 8229 copy 2.jpg,Corn_(maize)___healthy,2817,6724fafac8b9595d6428ca0c41904bb55327fca315195dc94fea5286473494d2
Corn_(maize)___healthy/f5b5175b-c367-4f3e-aaf5-5bb4540cab20___R.S_HL 8105 copy 2.jpg,Corn_(maize)___healthy,2818,f15ae68de2b06bc672c7fa2f11981d26e79580af4eb7ae9e2ac5191aed6ee394
Corn_(maize)___healthy/f60d1557-0903-41b0-a640-be7f4353636a___R.S_HL 8345 copy 2.jpg,Corn_(maize)___healthy,2819,8f331e8f26be236a5971f32fd254e5edb02db8056ef7951d422e6b755f822c94
Corn_(maize)___healthy/f6244bb0-89ef-4256-bc25-701f6a66f1fa___R.S_HL 5508 copy 2.jpg,Corn_(maize)___healthy,2820,5b44875fb409436c06254c2b5cbb1565b980bbc547b612d0b522a8ded220c132
Corn_(maize)___healthy/f6701648-427e-41ff-a375-96821ff63f26___R.S_HL 8076 copy 2.jpg,Corn_(maize)___healthy,2821,50c0fb987779c78fd47f1d6068825ea46816300d9bd6dd43ad346cf88774e07e
Corn_(maize)___healthy/f67649f1-0d9a-4015-a943-e13a79ace489___R.S_HL 5490 copy.jpg,Corn_(maize)___healthy,2822,abcffcd881f5540e67919073d1e0b3b0612756d02800434e1aa2b7e8eb42251a
Corn_(maize)___healthy/f6c25b27-60b4-43fe-879d-355b39d0d6e5___R.S_HL 8163 copy.jpg,Corn_(maize)___healthy,2823,077680e1d6d95e5d00a8c9e25554331d2d7fb41c900e31cbe2c21aa9b8415751
Corn_(maize)___healthy/f6c931a8-b023-4368-bb35-0e7a62a74f48___R.S_HL 8033 copy.jpg,Corn_(maize)___healthy,2824,63b0c47b9bd554bf06f68ac5e37b6b1057b9feae0ce2b08064b9cab5e7d65bc1
Corn_(maize)___healthy/f6cd4802-4035-4eab-8a4f-a3ffa6f5f6c0___R.S_HL 8321 copy.jpg,Corn_(maize)___healthy,2825,34ddb9e213e76eeb718c913ee97ce17d4275e15cb0405613dc8365d0581c624a
Corn_(maize)___healthy/f73f38b8-0938-44f2-a229-6baa3114fe40___R.S_HL 0630 copy 3.jpg,Corn_(maize)___healthy,2826,687dea9785c49e3e57e768d4ff531a6acb0d7f69977104af1dc0c4cb510b7c11
Corn_(maize)___healthy/f741de14-0e76-4922-8c59-3281d55f019a___R.S_HL 5491 copy 2.jpg,Corn_(maize)___healthy,2827,19996245edbc8d5046c35fbfea5b3478b2f1dd22fee6c07cea21c7a787460595
Corn_(maize)___healthy/f7f289da-cdf0-4f65-b4f8-1afc4507a32f___R.S_HL 7880 copy 2.jpg,Corn_(maize)___healthy,2828,bb10f951902b6494b73950a4f91001082eaaea7710244eae4d86b91c3ce66c80
Corn_(maize)___healthy/f82f0eb7-b399-4983-b69b-8b2ac5f0c7f5___R.S_HL 5491 copy 4.jpg,Corn_(maize)___healthy,2829,bb560866fb4e78bceb78362b5ed23f00201c0c5dccd0b97483c4a9f376308fbd
Corn_(maize)___healthy/f85a5f36-d0f7-4aaa-9d28-9ff33d092385___R.S_HL 8207 copy 2.jpg,Corn_(maize)___healthy,2830,b99f2c1aab482916aeee7d0aa27d3504870ed395b99e3927c628ba05c91a920d
Corn_(maize)___healthy/f8a466eb-a6f3-448b-9d05-a859d87d3f27___R.S_HL 5558 copy 2.jpg,Corn_(maize)___healthy,2831,81be3fdd9c8452ab9f5bcc90ac538ec7248d76afca7bd1c11acf5491da0efa2b
Corn_(maize)___healthy/f8cfcbb0-78fc-4610-9555-24b5774003b3___R.S_HL 8274 copy.jpg,Corn_(maize)___healthy,2832,9ae258cc183cd853bf7317518b3fd092ea3824191e235489dabd250706f43dcf
Corn_(maize)___healthy/f8f2663a-df9b-4c0b-bddc-0f0c6fc5c7cf___R.S_HL 8126 copy.jpg,Corn_(maize)___healthy,2833,f65a4dbd0051c71592cf44747aa902370c3d14945f32d241ba8161ad055d093b
Corn_(maize)___healthy/f8f42808-dfeb-4d02-9a92-cdb138ad28b5___R.S_HL 7988 copy.jpg,Corn_(maize)___healthy,2834,71174eae6d7fe0837dfaff6813c04409abe86d47dfe5709c8fc09bd3960002cd
Corn_(maize)___healthy/f924ef4a-eb10-4bc8-9a3d-24a2a3090798___R.S_HL 8336 copy 3.jpg,Corn_(maize)___healthy,2835,d80222543d2ccff6c034994165e3e271e35550883a4893b54aafd0049a0a9dd9
Corn_(maize)___healthy/f9b74a5f-2ccc-4c11-8472-c5270ddfbee0___R.S_HL 5517 copy 2.jpg,Corn_(maize)___healthy,2836,c86f46e7a4c944c17eac035bd443e0aec094df45c21694f3811ca39b32ab9744
Corn_(maize)___healthy/fa68b0df-6b2d-4f63-b780-757a63e16e34___R.S_HL 8329 copy.jpg,Corn_(maize)___healthy,2837,b474543b50344cf066db62b107b8743f7a0456e4fcc2d034db0c6589a806d491
Corn_(maize)___healthy/fa7637b2-bfae-41c0-ba18-b9f3d0778ec3___R.S_HL 0622 copy.jpg,Corn_(maize)___healthy,2838,dde171c457163406ebae36bc0e04af91cdcf4d2345035717c0a060edb2919258
Corn_(maize)___healthy/fa7d8ffc-4e21-4a6d-9042-63fa7e4a1df0___R.S_HL 0636 copy 3.jpg,Corn_(maize)___healthy,2839,31ea535b4c9660e16ce0e6662fa0841da735769e99a729afaedbebc095cc024a
Corn_(maize)___healthy/faab655c-70a6-4888-9a14-48a4bfedc46e___R.S_HL 5556 copy.jpg,Corn_(maize)___healthy,2840,cb55e7d42ebba479eb62c4e69c20d2397fe768d7d0b11fdaeb1ed6df8975008e
Corn_(maize)___healthy/faf9f997-3a4d-4723-bb16-ce26362afd77___R.S_HL 8114 copy.jpg,Corn_(maize)___healthy,2841,168e198f222998ab096d0ac8375b4b2c10d0ca46d306f70e8299c8ab6ab96d44
Corn_(maize)___healthy/fb47273a-ffa1-460e-982f-05cb4be25094___R.S_HL 0635 copy 2.jpg,Corn_(maize)___healthy,2842,574ab717e5ad846f08b0d0defc7422c08e1d40bf4b5039f3077b8bf5de5a38b9
Corn_(maize)___healthy/fb65bef4-b6c2-49d8-86dd-be1e72bdb43d___R.S_HL 0611 copy.jpg,Corn_(maize)___healthy,2843,0687aed3c3e89cf5aec0f717ce64fc8410050fb61b41b6deb23c40afae6926fa
Corn_(maize)___healthy/fb7c73e2-6f3a-4dcc-bc31-217f37512d68___R.S_HL 8293 copy.jpg,Corn_(maize)___healthy,2844,0ffe3f3a14d24bd3cafd8d7b8e36075377c56b1b54f394f3bac9449060e635ac
Corn_(maize)___healthy/fb8ff65c-92ef-4607-9a43-ee2e2f8f4c05___R.S_HL 7997 copy 3.jpg,Corn_(maize)___healthy,2845,8b56b07fd8a0867d3eae91a69c58f726c7346dd730589194877a35c238762a70
Corn_(maize)___healthy/fb9ebab9-26e6-459c-8b74-8fd04fbf0f89___R.S_HL 7960 copy.jpg,Corn_(maize)___healthy,2846,cb3aacfb95f6db10757f9f7e97ec77488aa355b9a4d345c2fc85795d83dbcb66
Corn_(maize)___healthy/fcb98d78-51be-4ecc-bcef-970180fa8c5f___R.S_HL 5561 copy 2.jpg,Corn_(maize)___healthy,2847,cb47842ff1a67555053e48ff118c780a71dc3b700f85188eb983935cc021973e
Corn_(maize)___healthy/fce4ba31-79ff-4a4e-8666-7341f9fde957___R.S_HL 8061 copy 2.jpg,Corn_(maize)___healthy,2848,be973bf4db57a5e83d0069bd101e12726d52877edc978dbbbfb99c3b17fba9ba
Corn_(maize)___healthy/fcfa46d6-10f0-43ba-a5e6-de37e62ccfb0___R.S_HL 5557 copy 2.jpg,Corn_(maize)___healthy,2849,23784f56a571b398c1fe9629c2465f341546982ccd1dc6523202f8de00c137a0
Corn_(maize)___healthy/fcfa5fad-9788-4104-8a33-bd981661ae3d___R.S_HL 8320 copy 2.jpg,Corn_(maize)___healthy,2850,8dfc4b1e069812b8f0fc5e5d63edf5f5c9a29df4c93a9b66479d57eec45b9ba7
Corn_(maize)___healthy/fd5e4e95-b324-47c3-89d1-2eee2f82fa38___R.S_HL 8330 copy 4.jpg,Corn_(maize)___healthy,2851,1055120e87845c761567b093b2ad3b4d7aeac97f2e0db0ed19d2daedfe8a4af5
Corn_(maize)___healthy/fd97c512-f9cf-42ce-9a67-48951418db99___R.S_HL 7935 copy 3.jpg,Corn_(maize)___healthy,2852,f57563e16cfac0937fd311c55be4c88c3d592e7ab3a8a7d691647efc7f3dbfea
Corn_(maize)___healthy/fdcf2bae-41a2-4c83-897f-31dd0b4e540c___R.S_HL 8225 copy 2.jpg,Corn_(maize)___healthy,2853,e42156fe0f4b27eb370aec560707f3c892508813ed22207c600f6a032c7d0a7c
Corn_(maize)___healthy/fde63485-cc2d-4774-9cf3-a77073790552___R.S_HL 8309 copy.jpg,Corn_(maize)___healthy,2854,409e73751f6505090f69bfdce8ee8c59d78093fc41cc2dccf3a2c8702ee9a180
Corn_(maize)___healthy/fdf1ccaa-1464-4159-bb51-5cf5dfb4b3c9___R.S_HL 7902 copy 2.jpg,Corn_(maize)___healthy,2855,ca2529b672852b3f3b3549db1419ee7b8eef22adf887a794fba8b5400c9b4617
Corn_(maize)___healthy/fe301311-6c07-49d8-933a-aa10287b205e___R.S_HL 8220 copy 4.jpg,Corn_(maize)___healthy,2856,2cdf37e02ef3d64436331f924182f1ab4ec16469e79f6fac242e8d60662a0e16
Corn_(maize)___healthy/fe50a4b4-0e43-47d7-afdf-de6544ebbec9___R.S_HL 7952 copy 2.jpg,Corn_(maize)___healthy,2857,9d7137fc740c4c06eabc0ebe046a9245adde1b6908f25c8259b6da9816d6cc37
Corn_(maize)___healthy/fe6ae74d-1f06-41bf-b4e9-30cac4019986___R.S_HL 8020 copy.jpg,Corn_(maize)___healthy,2858,57f1814ee4788fd7f6a04ecccae4562b872cdc2998b1dd507e471c67b626efe3
Corn_(maize)___healthy/febf9991-3178-49f7-a46d-fe4177e8502a___R.S_HL 7982 copy.jpg,Corn_(maize)___healthy,2859,ee2635101ea89688e563dfa17e15b8c72eb0adf741e847df93743a194f3a3e6f
Corn_(maize)___healthy/fec7d3b4-736b-4d95-92cb-2e8b302f7488___R.S_HL 8306 copy.jpg,Corn_(maize)___healthy,2860,453cae50e0ae836c15447d515c7f6e2350a80aa0a16895d608f6fc0cba879b63
Corn_(maize)___healthy/feddfdfa-14e3-4919-a527-814888364871___R.S_HL 5530 copy.jpg,Corn_(maize)___healthy,2861,44f8606bd102f6c32af9d9f3f3e8353170f4b1ba0aa82bdc072d894360b3a01b
Corn_(maize)___healthy/ff339e47-52bb-4e16-8338-d056f7dcf525___R.S_HL 8108 copy.jpg,Corn_(maize)___healthy,2862,dbe13f2237dbf663aab7a407659b0772f4e25d261728e52e6c481c895406f082
Corn_(maize)___healthy/ff3d5051-494b-414e-adac-dd9c0e313dda___R.S_HL 8055 copy 2.jpg,Corn_(maize)___healthy,2863,9e8e8d975aa45204be42bf83956e4f0004d0e1ab54632b5e276568a30bbdf909
Corn_(maize)___healthy/ff78bd79-1823-4a96-8d42-e7cf12dc3127___R.S_HL 5546 copy 2.jpg,Corn_(maize)___healthy,2864,ee9b03c92656dd6cd3edd9917684ae096a26e946ea5c85d152010556c0f95c5d
Corn_(maize)___healthy/ffabec8d-50da-4a43-a3c6-a16c57700cf6___R.S_HL 5547 copy 2.jpg,Corn_(maize)___healthy,2865,e437a33e72b52c8e13e8211e9b972e890966ca3277ea2293f104adffea3559a6
Corn_(maize)___healthy/ffe53930-c98f-4c81-b82c-3eeab5da42a5___R.S_HL 8327 copy.jpg,Corn_(maize)___healthy,2866,14c537fad96b2d0bd8c485342d02149fdeff54221d466270cff6f73956fa9593
Corn_(maize)___Northern_Leaf_Blight/005318c8-a5fa-4420-843b-23bdda7322c2___RS_NLB 3853 copy.jpg,Corn_(maize)___Northern_Leaf_Blight,2867,314ccd5ea9e83c1589f020ee1be6130bdf9a52b1f70a06250b0bcf79f2c22887
Corn_(maize)___Northern_Leaf_Blight/0079c731-80f5-4fea-b6a2-4ff23a7ce139___RS_NLB 4121.JPG,Corn_(maize)___Northern_Leaf_Blight,2868,83603f7ebab40769cea0148d0ec2cc3d478df8e85dcd77147a624ad02c14c5ed
Corn_(maize)___Northern_Leaf_Blight/008d9af0-7568-4a67-bb1a-0e915836ddc0___RS_NLB 4165 copy 2.jpg,Corn_(maize)___Northern_Leaf_Blight,2869,79b76ef168c0355b35d6c4628f2addaa3efc1228b4d1262421104eac7a4e7184
Corn_(maize)___Northern_Leaf_Blight/00a14441-7a62-4034-bc40-b196aeab2785___RS_NLB 3932.JPG,Corn_(maize)___Northern_Leaf_Blight,2870,aa69fca37d03be783f209e75187460dccd454283c48a8a7af693be418470989e
Corn_(maize)___Northern_Leaf_Blight/00a55069-3fa3-405b-8d87-4d3408a6ed98___RS_NLB 3645.JPG,Corn_(maize)___Northern_Leaf_Blight,2871,883a734d87e3e21fa0c2b727426e354e5ae0b3a8ecb7e9a130566991dbbcee8f
Corn_(maize)___Northern_Leaf_Blight/0118e276-ee7b-4fed-961d-057590ae9f7f___RS_NLB 4666 copy 2.jpg,Corn_(maize)___Northern_Leaf_Blight,3084,858c88af4a614df72e30fe773ef55c5aa46861d3f0ed1f73d7a8a8b6400f2a71
Corn_(maize)___Northern_Leaf_Blight/011b766d-7744-420d-a1a1-57bdff9b4ddd___RS_NLB 4128.JPG,Corn_(maize)___Northern_Leaf_Blight,2873,ad94740dc505974d5b42506ea9efb22040d01afcdf9621a6190a9bae5368a4fb
Corn_(maize)___Northern_Leaf_Blight/019e3ef7-aae4-4fd3-b95f-b4e914df7a39___RS_NLB 4284.JPG,Corn_(maize)___Northern_Leaf_Blight,2874,b80e74753541563980bb596385c544f3a6b0b3170efa1164c6c7e56047db2bf9
Corn_(maize)___Northern_Leaf_Blight/022817bd-6a93-4b0a-ac39-1cc4094128b1___RS_NLB 3476.JPG,Corn_(maize)___Northern_Leaf_Blight,2875,a3d3322b2d2da47c73267764ea1d83338167a00471112d4cf585cbdb1dea86fb
Corn_(maize)___Northern_Leaf_Blight/024fb674-fdcb-4777-a8d6-8a13abb58d8f___RS_NLB 3992.JPG,Corn_(maize)___Northern_Leaf_Blight,2876,f6a0c63181e11849db210e2d90a8ed6c1bdc00e08ef356ad26bfa175f0a38d29
Corn_(maize)___Northern_Leaf_Blight/02504be2-4192-42f3-957d-df2841103562___RS_NLB 3955 copy.jpg,Corn_(maize)___Northern_Leaf_Blight,2877,ba37d900f71979e7d039aaa8e2907e7da843a646b6980aa9803b094d81c56057
Corn_(maize)___Northern_Leaf_Blight/028159fc-995e-455a-8d60-6d377580a898___RS_NLB 4023.JPG,Corn_(maize)___Northern_Leaf_Blight,2878,d188dac9dfffbad0727a8d92c99ae2feb5c3f3ad96ced26e7800d91502be3ba5
Corn_(maize)___Northern_Leaf_Blight/028a7e62-b520-42fe-8607-ee4d4bc6764d___RS_NLB 3844.JPG,Corn_(maize)___Northern_Leaf_Blight,3299,90862caf38023336486c91b17377e6f42f959019aa39e4a8e740aa0b516ee9d3
Corn_(maize)___Northern_Leaf_Blight/02eee796-1a1e-4d63-8247-a6aac6bfb272___RS_NLB 3546.JPG,Corn_(maize)___Northern_Leaf_Blight,2880,6d1519db516c0193e5fc7f62c614bfc212d9743ed65528fc163a6e6ac481bfda
Corn_(maize)___Northern_Leaf_Blight/033219ed-54a8-4f95-ab72-c87b90189006___RS_NLB 3818 copy 2.jpg,Corn_(maize)___Northern_Leaf_Blight,2881,6fd8252c5a7493b37462a91325b0f31593f49b2102a5dc05e94e5d48d919ede9
Corn_(maize)___Northern_Leaf_Blight/035ce877-baf8-4ce2-b7c4-d262c577d628___RS_NLB 3934.JPG,Corn_(maize)___Northern_Leaf_Blight,3002,54f702d351d0fa85b40bd4deaccad06a092058796558788fa32c2f1f7bad5faa
Corn_(maize)___Northern_Leaf_Blight/03c49c3c-6b9a-4253-b496-c9d5bcd819a9___RS_NLB 4249.JPG,Corn_(maize)___Northern_Leaf_Blight,2883,ed1ec3bc60eeb14c9ccd2bbbb157a62ee9aa462a663224744198d52a4238c400
Corn_(maize)___Northern_Leaf_Blight/03c4fb76-81ce-4430-9927-9df7aad2c9e3___RS_NLB 3602.JPG,Corn_(maize)___Northern_Leaf_Blight,2884,e92dfde9756237ec2c6552480ab73e070386f03c66f2ddae803e416d0e8afb98
Corn_(maize)___Northern_Leaf_Blight/04d8e1d6-766e-4fcc-9bac-42efb9e6ad33___RS_NLB 3620.JPG,Corn_(maize)___Northern_Leaf_Blight,2885,70426ce7d2b0500884e106639d1e1e81793b1724ef95ea6881c54e68c98accf9
Corn_(maize)___Northern_Leaf_Blight/050342b4-44fa-4fba-8c56-88e3b575a78e___RS_NLB 3887.JPG,Corn_(maize)___Northern_Leaf_Blight,2886,e35ebc16d6deabe6dd5c569dd929936e13604abf07582f2dad10e704820d0187
Corn_(maize)___Northern_Leaf_Blight/0527ab7c-4ebe-4fd5-8254-ceea1b147005___RS_NLB 3925.JPG,Corn_(maize)___Northern_Leaf_Blight,2887,9f9f0ef6330c5c2dbacd630bca36e6e03ab6ea0df1861f58be6963722c5a1e28
Corn_(maize)___Northern_Leaf_Blight/053eadf4-34ce-4bdb-8dd8-b75f5d572583___RS_NLB 3788.JPG,Corn_(maize)___Northern_Leaf_Blight,2888,faf5987565e0b4352b8670191f35fd64b1ce5c5111f33482aa3006cbe8ca5864
Corn_(maize)___Northern_Leaf_Blight/055934ae-8875-4c5e-8c7b-d72287ae967c___RS_NLB 3637.JPG,Corn_(maize)___Northern_Leaf_Blight,2889,c40520bd6b0f77e80dedaed499918e87fbb1829bc6f04e94bd779336f15a88ce
Corn_(maize)___Northern_Leaf_Blight/0569f31d-50e6-479a-bd60-4e3282c152e4___RS_NLB 3599.JPG,Corn_(maize)___Northern_Leaf_Blight,2890,75294161a239f82c1ff853f1029ca4d935485a4e78f43bc2f1ab837a32c86290
Corn_(maize)___Northern_Leaf_Blight/057c3f91-c15e-464b-b4ba-66b16dbe5149___RS_NLB 3565 copy.jpg,Corn_(maize)___Northern_Leaf_Blight,2891,abd044e300b3d4704325f78a8eca584affcd2d332b61a481913a60452857649e
Corn_(maize)___Northern_Leaf_Blight/05973221-132c-410e-bd61-06effeb07a8e___RS_NLB 3561.JPG,Corn_(maize)___Northern_Leaf_Blight,2892,008b11fef106c68ae9b4c0778e6043fed062fd7df72e62ccebe4924fbaa22798
Corn_(maize)___Northern_Leaf_Blight/05a7db2d-66b0-4a03-baad-730d04226aba___RS_NLB 4051.JPG,Corn_(maize)___Northern_Leaf_Blight,2893,1bd834ad4a7862b45876ce2ba40d1bc7e6d4579a577cc14f25a9f969f640cdeb
Corn_(maize)___Northern_Leaf_Blight/05eb5da2-11b6-4cce-9e01-724ca27cb99c___RS_NLB 4272.JPG,Corn_(maize)___Northern_Leaf_Blight,2894,a9cf355445beaac320fcd3c3462340b6073d00d97590c4892e4aa518cb1d4455
Corn_(maize)___Northern_Leaf_Blight/060f9d88-a58d-43d9-9c97-90acc56627ff___RS_NLB 4227.JPG,Corn_(maize)___Northern_Leaf_Blight,2895,fb2e26ab55adcffdfcd3c74768dba50a0ee0033c74e0310c5bdcdf0e95a38caf
Corn_(maize)___Northern_Leaf_Blight/0654aea3-e038-4876-8088-30a1b693fe6c___RS_NLB 3574 copy.jpg,Corn_(maize)___Northern_Leaf_Blight,2896,7524708ffabe060e0a6373dd8107c25e364032e933b2007eca7d9ef3d4b51724
Corn_(maize)___Northern_Leaf_Blight/06c4ba4a-6a5a-460f-910e-2d42562a1a93___RS_NLB 3891.JPG,Corn_(maize)___Northern_Leaf_Blight,2897,4690764e80b4547525e4e53ae660d70546de8e7aaf7b3650dfbe542c4bb832ac
Corn_(maize)___Northern_Leaf_Blight/0709f6e5-8e0f-47e0-af57-ab5cfcd1cb63___RS_NLB 4055.JPG,Corn_(maize)___Northern_Leaf_Blight,2898,e916ce710651269da754ad34a415afd81f7e524536f550d6d1c4e2c0fbe7b324
Corn_(maize)___Northern_Leaf_Blight/071e0e62-6d68-4369-9723-d6e3f5f1545d___RS_NLB 3893.JPG,Corn_(maize)___Northern_Leaf_Blight,2899,305687d7932ba914c7fcf2f99bf0bbdac3cb656525f2572b7a465ce9aeb3b8d1
Corn_(maize)___Northern_Leaf_Blight/07d88aa9-1c25-46c9-a48a-85db9d970905___RS_NLB 3976.JPG,Corn_(maize)___Northern_Leaf_Blight,2900,9a9f0d8aa87a0a4a6deb6c0598f488efe67fc8c91f8db583fb4fbbebfc63518c
Corn_(maize)___Northern_Leaf_Blight/07f5df82-5df0-446f-a13a-d35a2ef9b2df___RS_NLB 4226.JPG,Corn_(maize)___Northern_Leaf_Blight,2901,7971d1ab489d34e699f2978e321bacc536aed457bb156edd3a2f3d57b56014f0
Corn_(maize)___Northern_Leaf_Blight/08afb40d-4814-481d-a0a7-760034a2e81b___RS_NLB 3657.JPG,Corn_(maize)___Northern_Leaf_Blight,2902,a5f1985e75a5419500d7c2276ad49396da08aa58b2b8246af1cf30414dc97543
Corn_(maize)___Northern_Leaf_Blight/08bbb4db-b722-41ea-a292-90bafcb8e77c___RS_NLB 3787 copy.jpg,Corn_(maize)___Northern_Leaf_Blight,2903,174e5223c7e212f4c006bf645ea1eb781efb189fb23b271c37ec35f106cd15de
Corn_(maize)___Northern_Leaf_Blight/08d875b9-7d0d-48af-9b27-e1fe9d1de96c___RS_NLB 3957.JPG,Corn_(maize)___Northern_Leaf_Blight,2904,9697d37b5067defaeb7b500bbfb8e6ce68d1e88745b6a1eeb61689226778cc1f
Corn_(maize)___Northern_Leaf_Blight/09140ec5-e485-4770-9c5d-dabd9727d6d7___RS_NLB 3721.JPG,Corn_(maize)___Northern_Leaf_Blight,2905,18cd926f9e7a95bf9c2f5004aa46826843943048e94af6a6442e263f4a641e17
Corn_(maize)___Northern_Leaf_Blight/09160fba-83ce-4cec-887f-dce0abb79d08___RS_NLB 0832.JPG,Corn_(maize)___Northern_Leaf_Blight,2906,8f3d5c0a963fa0b55a7420cf5e284259dfebea022605ec402f00db768c076746
Corn_(maize)___Northern_Leaf_Blight/0a11f9e8-7357-48c2-8550-daeae59a1e76___RS_NLB 3588.JPG,Corn_(maize)___Northern_Leaf_Blight,2907,c898269f20fdb2f86d1dd74be9d9aa76e705121ece242c6692887cc935426444
Corn_(maize)___Northern_Leaf_Blight/0a62fe5a-22db-42e2-bca0-53a8dcfd8129___RS_NLB 0810.JPG,Corn_(maize)___Northern_Leaf_Blight,2908,34a734a25c26edec16d86483e88c2ef5b8a3d6ef036b1b4a391aa87b17047406
Corn_(maize)___Northern_Leaf_Blight/0abbec2f-123f-4ae1-a9b7-8babbe8d0e89___RS_NLB 3685.JPG,Corn_(maize)___Northern_Leaf_Blight,2909,9cad3057aff87659393ec7c99259712b442ac90387389e21f7a1ebf18f97c939
Corn_(maize)___Northern_Leaf_Blight/0ad77173-546c-4957-be8e-344a8cd492c3___RS_NLB 4118.JPG,Corn_(maize)___Northern_Leaf_Blight,2910,2a5962e7547335e39adbcacc78ab7459493eb7feeeeb05fe4bacf02fbc76456c
Corn_(maize)___Northern_Leaf_Blight/0b002029-36c3-4ef4-b46c-29e45bf486d4___RS_NLB 0819.JPG,Corn_(maize)___Northern_Leaf_Blight,2911,586adf96ef6207464eebac770ba8bebdfac0885c72ade9a14cc0162c69c23261
Corn_(maize)___Northern_Leaf_Blight/0b112f62-54d5-4395-9f7c-d7ef05290be4___RS_NLB 4196.JPG,Corn_(maize)___Northern_Leaf_Blight,2912,3ae058643d47c1662d6e873b1ab9c4c6b71919bef1b98ffde93f7de3d99fd8d5
Corn_(maize)___Northern_Leaf_Blight/0b3a35d8-25af-44ae-beed-398f591d5c1b___RS_NLB 0833.JPG,Corn_(maize)___Northern_Leaf_Blight,2913,07ad1eb812f68a5090d74a2bd298909d1e7be044a4cd854f71e9c6a33ed78d47
Corn_(maize)___Northern_Leaf_Blight/0b4fb93e-1a74-42ae-9227-18d900c04bd7___RS_NLB 3670.JPG,Corn_(maize)___Northern_Leaf_Blight,2914,0bb19123db037b11d08c17fe566107705c4dc5916d995886aa10717267c1f9ae
Corn_(maize)___Northern_Leaf_Blight/0b54aa70-56aa-4329-9e8d-b3c62c893f14___RS_NLB 4689.JPG,Corn_(maize)___Northern_Leaf_Blight,2915,4cad42d9fcad0a6ab0bc9e0aeb1899070b6414b3a196e2a050d8f8721c54059d
Corn_(maize)___Northern_Leaf_Blight/0b5eb8db-3477-488b-9cce-6a7712d895ab___RS_NLB 4232.JPG,Corn_(maize)___Northern_Leaf_Blight,2916,28b38a5e0755349eb7cb23a6625d21cae3b4802765efe6c307639680e341e3d2
Corn_(maize)___Northern_Leaf_Blight/0b8d588c-325b-4995-b7ba-4cf2b09b5cba___RS_NLB 3617.JPG,Corn_(maize)___Northern_Leaf_Blight,2917,770885b0ebff11744cfc7c645876c37a9894ed4970a17835cc5dab0a3effe498
Corn_(maize)___Northern_Leaf_Blight/0bab8cf9-7645-4c21-b006-2b82a0c84e6e___RS_NLB 4191.JPG,Corn_(maize)___Northern_Leaf_Blight,2918,128f86ce9ecc33bb59063e6c2614f4bb319cfd62559762ce9a641f5af2267e5a
Corn_(maize)___Northern_Leaf_Blight/0be917c7-7340-40f3-af7f-3343a45d7621___RS_NLB 3942 copy.jpg,Corn_(maize)___Northern_Leaf_Blight,2919,d41211d6a0d3add427be6148f07e3d8b1fb624cff1f551f01e786c7915ba565f
Corn_(maize)___Northern_Leaf_Blight/0c28faf9-15f7-4e78-bb72-0a1035d95f1f___RS_NLB 4236.JPG,Corn_(maize)___Northern_Leaf_Blight,2920,2d2ba70e7488af0ef6cf36cca59eb24c543fd966e66f760016a276ad8e6615b7
Corn_(maize)___Northern_Leaf_Blight/0c3300b6-e4ca-401c-b34b-a9bf3dfa0a57___RS_NLB 3572.JPG,Corn_(maize)___Northern_Leaf_Blight,2921,89b7a3ebd039cb00e35bde195a664b8592c3a397c98a051a0f63d571f97f8071
Corn_(maize)___Northern_Leaf_Blight/0cf406f1-3004-4e13-87cb-e6bc02f67e51___RS_NLB 3566.JPG,Corn_(maize)___Northern_Leaf_Blight,2922,964e0e337eef0f4663e3b67fb9c98c7125419b764cf558ea3263d6c1a05baed8
Corn_(maize)___Northern_Leaf_Blight/0d0f6d14-be5c-4cb8-adb4-2cfd4d5f8540___RS_NLB 3642.JPG,Corn_(maize)___Northern_Leaf_Blight,2923,770f286121e2f9fc4206d45ec979651679f6aac3fb7eb8afb91d9754b19003d9
Corn_(maize)___Northern_Leaf_Blight/0da62220-7007-447a-8260-816c2b3afe7d___RS_NLB 3982.JPG,Corn_(maize)___Northern_Leaf_Blight,2924,97719d272a9d967c8f738be91671d4078641a5b4a7418c708f61d112360cf6a3
Corn_(maize)___Northern_Leaf_Blight/0da79f56-07f6-4494-a5ba-9722919ee8ad___RS_NLB 3962 copy.jpg,Corn_(maize)___Northern_Leaf_Blight,2925,3894043d75c66a5400859b59e9e5d9b55cc5f92020140f3f9ae605cc01af2aec
Corn_(maize)___Northern_Leaf_Blight/0db9d2c1-46d7-4cce-aa6a-299ad6fd367d___RS_NLB 3608.JPG,Corn_(maize)___Northern_Leaf_Blight,2926,f9b2b4c19bb7172ef56309c892983d30ad3ec4dd17cc2b9da7a8dbdea58d302e
Corn_(maize)___Northern_Leaf_Blight/0e4a16ba-4a67-4d0d-8c54-79108e3ddae2___RS_NLB 4165.JPG,Corn_(maize)___Northern_Leaf_Blight,3832,17c121716b95edfe209097e6d2a5c152fb4a21e9e02e8f4f21afc643c18c9d17
Corn_(maize)___Northern_Leaf_Blight/0e9f32b5-3423-4412-a9b6-69ba653db207___RS_NLB 3565 copy 2.jpg,Corn_(maize)___Northern_Leaf_Blight,2928,9835236ac1ab72407c88a766e365adb91c8e1d710b423e04e25cc389ab9816df
Corn_(maize)___Northern_Leaf_Blight/0ea6082b-93ed-4823-a7c5-acd907695d6f___RS_NLB 4080.JPG,Corn_(maize)___Northern_Leaf_Blight,2929,24c172f124e6491cf0dcb9facdc5e06a1978405a491bc7e7e01969fa7a75fa19
Corn_(maize)___Northern_Leaf_Blight/0fb76874-6a95-4071-87aa-aa1bfe63f815___RS_NLB 3979.JPG,Corn_(maize)___Northern_Leaf_Blight,2930,5d4a9c096741f1fb543397807305fb87e17c0e101c4f7c943e9558b89595d05a
Corn_(maize)___Northern_Leaf_Blight/0fc1bc0b-2d7b-4c17-b32b-c7cc8301795e___RS_NLB 0829.JPG,Corn_(maize)___Northern_Leaf_Blight,2931,a81e0cc4b2523927dd4a02047b9f4a48111de502e81c51f9af475d94f03cb36f
Corn_(maize)___Northern_Leaf_Blight/0fcc66f2-db0d-4b65-95df-a2e9c6d8f395___RS_NLB 4049.JPG,Corn_(maize)___Northern_Leaf_Blight,2932,e4a5b5c0ba97561611b5c880bab6307a237f3abf3c673834c3e216e47397325b
Corn_(maize)___Northern_Leaf_Blight/1048748e-af83-48d0-ac54-2956ba4dc2e0___RS_NLB 4024.JPG,Corn_(maize)___Northern_Leaf_Blight,2933,c584eb09f86e99e085d39e5f17d15f4cf79b23090d88a0a167000830882f2781
Corn_(maize)___Northern_Leaf_Blight/10b05173-08e7-4470-a581-a64898a6af88___RS_NLB 3799.JPG,Corn_(maize)___Northern_Leaf_Blight,2934,96843508f27848e423902265662ef4dff3da8e2ff22e9554702e9f1ab440ce97
Corn_(maize)___Northern_Leaf_Blight/10b5dd23-2d00-4bc6-9552-79c5b9c2f063___RS_NLB 4036.JPG,Corn_(maize)___Northern_Leaf_Blight,2935,851ac951e96714fe60f9f62a9d92708b7c8fb64973a3e30f5bdfbfdaa421e927
Corn_(maize)___Northern_Leaf_Blight/10c52456-18c0-43ec-afeb-0ff505b912cb___RS_NLB 3505.JPG,Corn_(maize)___Northern_Leaf_Blight,2936,4ebef6d0a62c127f9a2f604387c964af4a9512d79d1769a96addfba864a0ae02
Corn_(maize)___Northern_Leaf_Blight/1120da51-a165-47bc-b982-2a054f15186c___RS_NLB 3734.JPG,Corn_(maize)___Northern_Leaf_Blight,2937,e227a5160e3b35198402893fca6b9e199d79ade6769ed5dbd1bc2f463671b94b
Corn_(maize)___Northern_Leaf_Blight/11b9b0d7-738b-407b-8ca4-4c6500e6aebd___RS_NLB 3892.JPG,Corn_(maize)___Northern_Leaf_Blight,2938,72345b64205b741a431229c9555f64bcc2b92882fcc10726da7175912eac2802
Corn_(maize)___Northern_Leaf_Blight/11c62026-d2e9-425a-9374-563ef644e194___RS_NLB 4218.JPG,Corn_(maize)___Northern_Leaf_Blight,2939,8bfeeaa6cea767325e29ec671f5e73a88e155c782eb53bfc6c5b6d63701eebe5
Corn_(maize)___Northern_Leaf_Blight/11d96d18-2ccd-488d-a831-266871ee59b5___RS_NLB 4124.JPG,Corn_(maize)___Northern_Leaf_Blight,2940,e724ebed4f57ca1d4ed41340f68e5be1057b8438bf5b4d07ece8bb600eba936a
Corn_(maize)___Northern_Leaf_Blight/11da9571-9614-487a-8150-7c998f2b2ae8___RS_NLB 4102.JPG,Corn_(maize)___Northern_Leaf_Blight,2941,e7ae31f8b0b9c9c4249b74104376580f0c3960dd9a85ee41d186a6ea1f52b262
Corn_(maize)___Northern_Leaf_Blight/11e65380-6628-446b-91af-ae42d998d5ff___RS_NLB 4220.JPG,Corn_(maize)___Northern_Leaf_Blight,2942,448e7ec68f6da802f84b3ca351ac1708eabdf5dfea394730d83139c0b7df0119
Corn_(maize)___Northern_Leaf_Blight/1268904c-797f-4e33-bb41-afb58f369c6b___RS_NLB 3755.JPG,Corn_(maize)___Northern_Leaf_Blight,2943,2fecf6e1b3c7bf251fd18ce93fbf799445c1b4917dec754c590ddf209564d36f
Corn_(maize)___Northern_Leaf_Blight/13547fc2-2290-4be8-b212-3b96e0435db6___RS_NLB 4247.JPG,Corn_(maize)___Northern_Leaf_Blight,2944,e486d674d2c2cde2834075062e94b8e8bb758086bb2d7dbc68df399938f24cfc
Corn_(maize)___Northern_Leaf_Blight/1398ccad-700f-476f-ae12-fee3ccaa1931___RS_NLB 3978.JPG,Corn_(maize)___Northern_Leaf_Blight,2945,cb59ac0e09814ab5501542fe40aac9c67fd51a37bd1e116b2455fc596fcf9f55
Corn_(maize)___Northern_Leaf_Blight/13bd65f1-fbdc-4863-9550-51a1bdb4afe7___RS_NLB 3707.JPG,Corn_(maize)___Northern_Leaf_Blight,2946,5f682c84549f82f3a8be467591c09e53d5a8d4be833bc0132b6b8e3e902c7fb3
Corn_(maize)___Northern_Leaf_Blight/142cd767-835c-4465-9ac9-4c569c5ea542___RS_NLB 3822.JPG,Corn_(maize)___Northern_Leaf_Blight,2947,6df1fa2c745d2c10b9e05048cabf74592d9a92c3b5098c7ce17ea5568a21c501
Corn_(maize)___Northern_Leaf_Blight/143ff440-2efd-4bc9-8312-265363c0872f___RS_NLB 3625.JPG,Corn_(maize)___Northern_Leaf_Blight,2948,d058ce737a967df3c6666f7c9a3c52b529ae45c874180be56ee52899e13965ff
Corn_(maize)___Northern_Leaf_Blight/14576526-37d0-49cb-a775-fc9b4504127e___RS_NLB 4267.JPG,Corn_(maize)___Northern_Leaf_Blight,2949,5faff886630179d7bd717c4e3c28f574a797e80ad4dfc755a19c04c29cc4626c
Corn_(maize)___Northern_Leaf_Blight/14734668-ea31-458a-81dd-da6b177c4d26___RS_NLB 3694.JPG,Corn_(maize)___Northern_Leaf_Blight,2950,eeff669624840cf295284aa7adbedaa0065511d95eb92656f1c5add6b0ddeb7e
Corn_(maize)___Northern_Leaf_Blight/14c0cb10-f1bc-49d5-b03e-65a81805140c___RS_NLB 3826.JPG,Corn_(maize)___Northern_Leaf_Blight,2951,ebc8bbd8a7904237c810495cb1fb4c102c4d7dd51289c3e5586bc56ca63ba3d1
Corn_(maize)___Northern_Leaf_Blight/14db59c3-03bf-4d81-80b0-19e778ed17e7___RS_NLB 3542.JPG,Corn_(maize)___Northern_Leaf_Blight,2952,7c572dbc490842b90a688d5e17740760b489756d98b5cfa5bda80bd130f22320
Corn_(maize)___Northern_Leaf_Blight/1517209e-897b-4ad5-b43a-8c9a8573c862___RS_NLB 4156.JPG,Corn_(maize)___Northern_Leaf_Blight,2953,754d9b9f6e3bd37e6b1d5b753e52e47915e5337f9917df02946b6f2d166562c9
Corn_(maize)___Northern_Leaf_Blight/15484387-5b5e-4248-928b-f5d4c98e8133___RS_NLB 3479.JPG,Corn_(maize)___Northern_Leaf_Blight,2954,db1f2c3ab322a005ab8308a27dd1afc16890d5c3482998dfdfbb052aca86bed4
Corn_(maize)___Northern_Leaf_Blight/15803dee-8071-49f1-81b6-fd3dedbc1c58___RS_NLB 4020 copy.jpg,Corn_(maize)___Northern_Leaf_Blight,2955,f1dfe0e0217e15623afc526d8ff432ee7163b2d0eef256743ebd021e8a83442f
Corn_(maize)___Northern_Leaf_Blight/1600d5c2-b322-475d-bdf2-5609095bee27___RS_NLB 3499.JPG,Corn_(maize)___Northern_Leaf_Blight,2956,bb6b8110a1fdf68a589de5b2d68cbe9217e57be2dcf6d51ee49d10cc226bb91d
Corn_(maize)___Northern_Leaf_Blight/162b2f34-0fa5-49ca-8996-ef495e8ef6c6___RS_NLB 3484.JPG,Corn_(maize)___Northern_Leaf_Blight,2957,47e1d8545319e2fe698b9371e6743050cebbed1a24a0242971d5fdd17b53fa15
Corn_(maize)___Northern_Leaf_Blight/17cc72b5-9af2-4988-8b4d-f79a4054e26d___RS_NLB 3968.JPG,Corn_(maize)___Northern_Leaf_Blight,2958,7810de36012be9aa28cb6dc7565a8073eb2cfb9033e697524a994ead017d93b5
Corn_(maize)___Northern_Leaf_Blight/180b911a-5c9f-4c76-972a-999e81d3b772___RS_NLB 3710.JPG,Corn_(maize)___Northern_Leaf_Blight,2959,816ba09db82fc54b308eebf54a743e7c4a8b06523e1e16d3ea4b48a3a7d7c88c
Corn_(maize)___Northern_Leaf_Blight/18bfb36b-a816-43b4-8338-fe8793d91f04___RS_NLB 3665.JPG,Corn_(maize)___Northern_Leaf_Blight,2960,fcbb023cfa479fdf9b9a9a73c4594d7ee4697c2b215a2266b6df450fc43a3e88
Corn_(maize)___Northern_Leaf_Blight/18c8ef79-bb1f-4021-aef3-1604fca63949___RS_NLB 3495.JPG,Corn_(maize)___Northern_Leaf_Blight,2961,97783a4bf22f04f7a2d110ae4182459e994bd9f1eca3bacfde17c5f7af109b51
Corn_(maize)___Northern_Leaf_Blight/1955cc33-ecd0-4853-9743-3620d815bbfd___RS_NLB 3577.JPG,Corn_(maize)___Northern_Leaf_Blight,2962,138ee61cbbc0cfd6422e3cce5e7e2e44a1eb078cd6e1b5e3996d88e21bbf2067
Corn_(maize)___Northern_Leaf_Blight/1987a377-5cf3-4b21-85af-a738b76cd0ee___RS_NLB 3886.JPG,Corn_(maize)___Northern_Leaf_Blight,2963,6e028d44db29bf010cad3945d8d8f812086da80f99b31f7c5018f72050332f28
Corn_(maize)___Northern_Leaf_Blight/19b752b4-9c83-48ab-96dc-d6756644680a___RS_NLB 3581.JPG,Corn_(maize)___Northern_Leaf_Blight,2964,7791f5f5ed4239e824d9d792875f9062d956153a06390ff0ca3598126d952d26
Corn_(maize)___Northern_Leaf_Blight/19d09715-275b-473b-a1e5-4febed1421db___RS_NLB 3703.JPG,Corn_(maize)___Northern_Leaf_Blight,2965,9e3bcbe05fd33cc8744fe897809ac126497ceffd2ea450a9d61f09deeee8370e
Corn_(maize)___Northern_Leaf_Blight/1a11d38d-9be6-425c-bc0a-c0f158d6f5d8___RS_NLB 3667.JPG,Corn_(maize)___Northern_Leaf_Blight,2966,b8a1e8ae4d38bde750d0cece0ba913e0d3efa94f80a60bf58b7f263ae5915cc4
Corn_(maize)___Northern_Leaf_Blight/1a34574c-0e97-4cb5-8dc6-34cee4f9d455___RS_NLB 3869.JPG,Corn_(maize)___Northern_Leaf_Blight,2967,3327526423496c0d46b6a057cca67d8f6859af106718ec5bd65b93f8d5b1df08
Corn_(maize)___Northern_Leaf_Blight/1a367958-51c4-4ebf-86ae-d6a5dc7e1114___RS_NLB 0770.JPG,Corn_(maize)___Northern_Leaf_Blight,2968,85b0d2c160fd5b18ae9a6cf2267b0095c33c0855f3b316fb72deff93da076478
Corn_(maize)___Northern_Leaf_Blight/1a6b22db-27fe-4c78-b014-64f1879976dc___RS_NLB 4062 copy.jpg,Corn_(maize)___Northern_Leaf_Blight,2969,d7db7bfca784a184679cf27018372493d25a63f63d583c99aa8bd8dc2389f296
Corn_(maize)___Northern_Leaf_Blight/1a799c4e-7e2d-4af5-8a0c-17f5319fa60a___RS_NLB 3949.JPG,Corn_(maize)___Northern_Leaf_Blight,2970,40991ec2fed0573db7ccdbeaba5ed9e1aed732955b2e83bbc606ba3a23455848
Corn_(maize)___Northern_Leaf_Blight/1aab2df1-0705-4ca5-a93a-42e93aa240f4___RS_NLB 0804 copy 2.jpg,Corn_(maize)___Northern_Leaf_Blight,2971,e93d2e09349493e15fd97e58140a732ea00ed38049850f1fd52813eb1331857c
Corn_(maize)___Northern_Leaf_Blight/1ae12a5e-1f91-4aec-a508-b6e05d78a8ff___RS_NLB 3908.JPG,Corn_(maize)___Northern_Leaf_Blight,2972,ee9908a65afe60b935c172dc80dc1e12746f791749a368987e1809662d0dc092
Corn_(maize)___Northern_Leaf_Blight/1b0ee938-dc5b-44a2-9d22-37aae22aada4___RS_NLB 4129.JPG,Corn_(maize)___Northern_Leaf_Blight,2973,d1d5c9452fced83e84dd41fa19e10f288bc7536644914e7e6878eb51fff5a800
Corn_(maize)___Northern_Leaf_Blight/1b48b86b-f9ed-4df8-9a3d-213e188d3ff9___RS_NLB 3806 copy.jpg,Corn_(maize)___Northern_Leaf_Blight,2974,0d53ac9e040278aebcc642c7be35f59141296ec6103fc1119a86488ef45d5628
Corn_(maize)___Northern_Leaf_Blight/1bb3a6f8-06a6-4325-946c-b6bf11eac3c1___RS_NLB 4012.JPG,Corn_(maize)___Northern_Leaf_Blight,2975,e07277f0d629148df3ce240325eff2aaa080f0a817d7a06071745536c283ef0b
Corn_(maize)___Northern_Leaf_Blight/1bc4fef1-35f3-40da-9675-8b6a986839a1___RS_NLB 3791.JPG,Corn_(maize)___Northern_Leaf_Blight,2976,e3b18b0ae69d80bc1b6dfc5a05d2b2d48cc7a69670577c241867136d13b537af
Corn_(maize)___Northern_Leaf_Blight/1bd14889-1157-4e89-854b-c4078917ae23___RS_NLB 0805.JPG,Corn_(maize)___Northern_Leaf_Blight,2977,6c72b7e2db2cf68f478a0c15f4987348fc3dff9434ccd767b38a93b75bc22e50
Corn_(maize)___Northern_Leaf_Blight/1ca58163-0570-48af-bdef-2fd3a751dc0a___RS_NLB 3927.JPG,Corn_(maize)___Northern_Leaf_Blight,2978,df34cdd31eaf9a324c9265970319b98ef1eae1a4e0ea96590fd755518d406794
Corn_(maize)___Northern_Leaf_Blight/1d1ba3d0-5ac6-40ac-93ea-e59845dee598___RS_NLB 4092.JPG,Corn_(maize)___Northern_Leaf_Blight,2979,372903e36310837d08b9b39a61feab11f2ef3072850ded5bb42bb4de5039cfe4
Corn_(maize)___Northern_Leaf_Blight/1d53e037-ce69-43af-b814-769eedde54c8___RS_NLB 3628.JPG,Corn_(maize)___Northern_Leaf_Blight,2980,ba289f91b29bb74f5d19b92388526cd3e68b403cf7c27dfbba45b794b8b138a7
Corn_(maize)___Northern_Leaf_Blight/1d5e0e56-5aa0-4c7b-9edf-e7a51110e6c4___RS_NLB 4113.JPG,Corn_(maize)___Northern_Leaf_Blight,2981,34cec9165cf0c9da4ca73008274348651bdd9ee6b9761c2eab73aae971f183ec
Corn_(maize)___Northern_Leaf_Blight/1deab1d3-6e84-4b2e-95cd-1f907660e59a___RS_NLB 0791.JPG,Corn_(maize)___Northern_Leaf_Blight,2982,1e4608234dab957d092215737166e31f74d6d1759772561f566b2eccdcb56f39
Corn_(maize)___Northern_Leaf_Blight/1e880696-d92b-4dbd-83d7-9ca9f8f00965___RS_NLB 4275.JPG,Corn_(maize)___Northern_Leaf_Blight,2983,3bf5e41897246844a055f3a82b42b9fe2e239d9ab52585c088b72e62116e3d1c
Corn_(maize)___Northern_Leaf_Blight/1e974f0a-834e-4288-bba8-134c860882f5___RS_NLB 4268.JPG,Corn_(maize)___Northern_Leaf_Blight,2984,f5e9d67ea014d22759821f780e97fdabe1692c8f868cfe14831850fa95a1f63f
Corn_(maize)___Northern_Leaf_Blight/1eb43526-92fa-4fbd-b09c-899511d7a79c___RS_NLB 4039.JPG,Corn_(maize)___Northern_Leaf_Blight,2985,4d766c0696b15a7079aa56ba4e3323c0fbbcad9d0e812d364841de6ddcae7c3a
Corn_(maize)___Northern_Leaf_Blight/1f36d729-d193-4824-a159-a6085f2b7159___RS_NLB 3741.JPG,Corn_(maize)___Northern_Leaf_Blight,2986,44d2d979a02d958b25dd943714035377a15c7a4640f82d62b732c1d916ab73b6
Corn_(maize)___Northern_Leaf_Blight/201bc21a-5372-4c91-a263-ea36ed96665a___RS_NLB  4628.JPG,Corn_(maize)___Northern_Leaf_Blight,2987,ca0ba0c662262898d2bdb9a898de82741c8693a0734776dfda10ad1545cbdecd
Corn_(maize)___Northern_Leaf_Blight/203e38d5-5a1b-463a-85b8-cba4aa1da1b6___RS_NLB 0806.JPG,Corn_(maize)___Northern_Leaf_Blight,2988,a8b4112a1b138f2185c4e494af7e7041c5dc01a7714d30587e91f5862ecfb559
Corn_(maize)___Northern_Leaf_Blight/2089ec7d-2deb-45cd-aa47-191528fb7b03___RS_NLB 4115.JPG,Corn_(maize)___Northern_Leaf_Blight,2989,b192f14ee21e1f2b7c41ca1a32f4f4dced2a88c0d96198dc4924afc0198c0bf5
Corn_(maize)___Northern_Leaf_Blight/209d61fa-710d-4b89-8f1e-83d3dff44c05___RS_NLB 4097.JPG,Corn_(maize)___Northern_Leaf_Blight,2990,5400b99759fee89b38613f8c71de26e964cd6306cbae3b18391ef5f7be7059dc
Corn_(maize)___Northern_Leaf_Blight/2144ae7f-b1b6-4f09-ab5e-954db9df1f6b___RS_NLB 4053.JPG,Corn_(maize)___Northern_Leaf_Blight,2991,05c4ac99e7ca2f1d616215b0ceddd4cc3d7925c867d7a13ceb40e3037aca7496
Corn_(maize)___Northern_Leaf_Blight/215a8c48-d6ef-4751-b23b-800bc8692ca6___RS_NLB 3503.JPG,Corn_(maize)___Northern_Leaf_Blight,2992,a802a80f4aba84730e79611339d34789b6626bf2b5734f2a257fb8a5e56af4b7
Corn_(maize)___Northern_Leaf_Blight/21ad1ffa-d979-4a16-98cf-dea287acb35d___RS_NLB 3823.JPG,Corn_(maize)___Northern_Leaf_Blight,3123,8d9ace72cbbcf0f3a42eac64c2cb5d919fa1127ef5e570c5c3a05331b05b7928
Corn_(maize)___Northern_Leaf_Blight/21e76128-1306-4a69-a0ff-60d4a824040f___RS_NLB 3661.JPG,Corn_(maize)___Northern_Leaf_Blight,2994,53f32f42dcbd83f0620eaaeb72fca73474614d8eb65f1dd8916db3734dccb7f7
Corn_(maize)___Northern_Leaf_Blight/2206258a-43f1-481e-ace3-f55851e4c9a9___RS_NLB 4114.JPG,Corn_(maize)___Northern_Leaf_Blight,2995,d57b9c7ace8ec5fe688f008cc33860622eb272b0b3bb82b7169eb7d4aa30f186
Corn_(maize)___Northern_Leaf_Blight/2270041a-e14b-4b57-9906-c5a3991a1b09___RS_NLB 3556.JPG,Corn_(maize)___Northern_Leaf_Blight,2996,07933a4e6722be63669f40ab0390b159bcbea097032563d00da888f480aafa34
Corn_(maize)___Northern_Leaf_Blight/22d215df-2361-481f-b3a7-27e3e2d5cebb___RS_NLB 3587.JPG,Corn_(maize)___Northern_Leaf_Blight,2997,8f12b53100f2bddbac6d5a53a12a6d830280097b5059406e9aead087a363ecd5
Corn_(maize)___Northern_Leaf_Blight/230579e7-a090-41dc-bc71-e796d898523a___RS_NLB 3616.JPG,Corn_(maize)___Northern_Leaf_Blight,2998,1a767c2d5c1f9dcbf53e926a40033fe156d697267d69dc3788dea2434785f9db
Corn_(maize)___Northern_Leaf_Blight/235cb141-61ea-48ef-b556-4ea7453d5ca3___RS_NLB 3731.JPG,Corn_(maize)___Northern_Leaf_Blight,2999,4cdb39db934958691869d248cc4aabc51c996a5ccef6b033ae85d5c6916d0516
Corn_(maize)___Northern_Leaf_Blight/236182d1-2b87-43d0-ac15-73c7059c70b8___RS_NLB 4239.JPG,Corn_(maize)___Northern_Leaf_Blight,3000,e638cfe4afd56a2373c6dd868c43fad5ba069e24abcaabaeeb40e4f7f50a2c13
Corn_(maize)___Northern_Leaf_Blight/23f7ce7f-23fc-42b1-86d0-69c7f7010812___RS_NLB 3639.JPG,Corn_(maize)___Northern_Leaf_Blight,3001,356c99f997a67d8f850e0e3c0ad62c4829a5bd445c7c42a7081e7599ad4f122c
Corn_(maize)___Northern_Leaf_Blight/2405c6b8-97e3-4223-bd26-b43f7db3e167___RS_NLB 3933.JPG,Corn_(maize)___Northern_Leaf_Blight,3002,1ebf14863b5eac43dfd7d799c879b4edecfbaf10816641cea033afc76d6c1773
Corn_(maize)___Northern_Leaf_Blight/24074ddc-4302-4dab-9cd4-c34e3f071dc8___RS_NLB 3836.JPG,Corn_(maize)___Northern_Leaf_Blight,3003,7c3805b543b0e9d593b4c9c9fe1608e6a2646bf38f2258697673b9e0a4a11c73
Corn_(maize)___Northern_Leaf_Blight/2418712a-bebb-45ca-b632-4f0548133221___RS_NLB 3477.JPG,Corn_(maize)___Northern_Leaf_Blight,3004,5f5fb8b6568b5d2a8385f1aa2f8ff3d09356c645e93c2f46a6af65c4de899e72
Corn_(maize)___Northern_Leaf_Blight/24357ee1-a329-4fac-ad7d-1dfbaec7d7f3___RS_NLB 4027.JPG,Corn_(maize)___Northern_Leaf_Blight,3736,99ca6159c158aa720a2bc6c8251cdb2e788c1c15a52b8458d4a0324ee02a785c
Corn_(maize)___Northern_Leaf_Blight/246652d1-e8a5-4dc9-a252-6199fcc5fb34___RS_NLB 4221.JPG,Corn_(maize)___Northern_Leaf_Blight,3006,306d834a9d617dab85cd644d3f55019160e06ba3e36c1ea8cac5461b1bb9f0be
Corn_(maize)___Northern_Leaf_Blight/248e2b4f-4a50-460a-8ef4-cc8fe3c8bd12___RS_NLB 3872.JPG,Corn_(maize)___Northern_Leaf_Blight,3007,c5d362f8a1da362d1bed3fa2787e28bd4d4b3fc2eb79350b1ede6da1a5170c00
Corn_(maize)___Northern_Leaf_Blight/24da71bd-3323-41f8-a6e2-7d1a4a438608___RS_NLB 3537.JPG,Corn_(maize)___Northern_Leaf_Blight,3008,f1c066628d88248c43bc9a8bd2a73fadc5f1e736ad476bf94cfd626345964572
Corn_(maize)___Northern_Leaf_Blight/24fee780-a78e-47d7-a48f-604dadf295ce___RS_NLB 3498.JPG,Corn_(maize)___Northern_Leaf_Blight,3009,93222b2e1df6b308fbd61af74d40c13b6500e68045315e0da5032e8bc2d6bb7c
Corn_(maize)___Northern_Leaf_Blight/253f721d-33bf-4c54-a267-277965e95257___RS_NLB 3633.JPG,Corn_(maize)___Northern_Leaf_Blight,3010,ac73ffb38c265ff4ad960488262539ba13abfc08b321b19b93d5a2d9aba3b589
Corn_(maize)___Northern_Leaf_Blight/2542d6b3-83d2-4329-ae21-9cea6d9c6133___RS_NLB 0814.JPG,Corn_(maize)___Northern_Leaf_Blight,3011,f1ea90fc761d724c67fbe8ea7f9ca01f57d6457dcf7d6a2fe4203a76055886d5
Corn_(maize)___Northern_Leaf_Blight/256309a9-91a3-4282-9531-0b7d20db013e___RS_NLB 4209.JPG,Corn_(maize)___Northern_Leaf_Blight,3012,c327cccc2786af6646a00e3a59cd625e19e13397c243211fdf168c8a1b8e637f
Corn_(maize)___Northern_Leaf_Blight/25d61835-1eda-4e54-b316-a0993c72f919___RS_NLB 3918.JPG,Corn_(maize)___Northern_Leaf_Blight,3013,42804003b9fa3099a72b21583464d86d0ab12f4b8895ea42d05e3a4a30a273c0
Corn_(maize)___Northern_Leaf_Blight/2646db6b-dba9-4de7-b569-adbc96d3f127___RS_NLB 4269 copy.jpg,Corn_(maize)___Northern_Leaf_Blight,3014,c7496260759672249f0da58b1777f74c83d6e4d279e5d71b7953c32755c036fd
Corn_(maize)___Northern_Leaf_Blight/267d9755-8549-46d6-b6f2-270b70ebe5f9___RS_NLB 4059 copy 2.jpg,Corn_(maize)___Northern_Leaf_Blight,3015,700417ebd3763b17264585197e941450bf89bbd888a6321e86a6b8b79ec415e7
Corn_(maize)___Northern_Leaf_Blight/27904b34-8f94-4646-8bb8-f2734c53cb1e___RS_NLB 3789.JPG,Corn_(maize)___Northern_Leaf_Blight,3016,c31b629b56174909ffe8278b487a2b6d54a69c853eb21c0d24e736c6c2562ed2
Corn_(maize)___Northern_Leaf_Blight/27aa7fa8-c66c-45b6-a57d-96a14e05af99___RS_NLB 3564.JPG,Corn_(maize)___Northern_Leaf_Blight,3017,cc08be564a4f93c634cfc659ca79c8e9c7588a91e11ec45cd7eb076d6b0b6d6d
Corn_(maize)___Northern_Leaf_Blight/27fcbe5e-c444-4516-b936-c95871a2e2c4___RS_NLB 3533 copy 2.jpg,Corn_(maize)___Northern_Leaf_Blight,3018,56912324cafef1646a91e558dc46af7e0f509fa0fc90b3ca9882f6951733fde2
Corn_(maize)___Northern_Leaf_Blight/281807e5-a1db-4bff-88f9-dbb7535a1b53___RS_NLB 4177.JPG,Corn_(maize)___Northern_Leaf_Blight,3019,7d693893a46b80ef0eed6631f056a6ff272a89993495a2b87285e88db22f778b
Corn_(maize)___Northern_Leaf_Blight/282df623-9898-4233-913c-ce9e88613cf7___RS_NLB 4015.JPG,Corn_(maize)___Northern_Leaf_Blight,3020,e637c34d9c2cb120a1a7f7a7729d8ed1c3468efd088d13f6a5482ad6df9106ae
Corn_(maize)___Northern_Leaf_Blight/28b85992-4e5f-4330-aea3-94c6fb9ed845___RS_NLB 3701.JPG,Corn_(maize)___Northern_Leaf_Blight,3021,aeb118fda1263ae2be2ba950d8b3baf159e00c2af99881f06e95d273e686e71a
Corn_(maize)___Northern_Leaf_Blight/290ebdd9-0ba3-4ffc-a254-bbd5004d315b___RS_NLB 3655.JPG,Corn_(maize)___Northern_Leaf_Blight,3022,96b37df8289879616d5d0c05c933f3ed784b128a3bb65490881c82cdfecfa018
Corn_(maize)___Northern_Leaf_Blight/29450131-41f6-4bd4-92c7-c4973ae445da___RS_NLB 3787 copy 2.jpg,Corn_(maize)___Northern_Leaf_Blight,3023,17215ca4a1247cf6c2d3754f97e0d4b35860a722ba32f7dbb5ef1faa41ce885d
Corn_(maize)___Northern_Leaf_Blight/297448cd-10e7-4f57-bb1c-ae02d6134565___RS_NLB 3849.JPG,Corn_(maize)___Northern_Leaf_Blight,3024,3680fd88b9756aefe794b6bcbc33f609b7b4f4f6382c69307bca3222100a1e23
Corn_(maize)___Northern_Leaf_Blight/2992f778-be2a-49f0-8319-0a82c7422d0a___RS_NLB 3775.JPG,Corn_(maize)___Northern_Leaf_Blight,3025,25bdb6bce75ec7613ba18deed81f1f0d241769f781c89f64c3499ede04a1a3b2
Corn_(maize)___Northern_Leaf_Blight/29955528-2271-4b76-9ca9-99a48405f40e___RS_NLB 3603.JPG,Corn_(maize)___Northern_Leaf_Blight,3026,3ad3320820449ba8de58c6ee100820a87a997c99f399fb9305a71a3639a33c61
Corn_(maize)___Northern_Leaf_Blight/29d09796-3790-450a-97cc-ba6db0cf368f___RS_NLB 3487.JPG,Corn_(maize)___Northern_Leaf_Blight,3027,da68a13f974026dcd72399620c1dcdafc4c120128a95e8b3b4130a7b14f7eab8
Corn_(maize)___Northern_Leaf_Blight/29f7602f-8243-4415-912d-425b21963f56___RS_NLB 4668.JPG,Corn_(maize)___Northern_Leaf_Blight,3028,21261c39c7f6624ce6cf43a0233660edd0ea6bc2037bbc58d7632fddd66de317
Corn_(maize)___Northern_Leaf_Blight/2a1f3a15-26be-4a24-b62e-e47626e462ef___RS_NLB 4203.JPG,Corn_(maize)___Northern_Leaf_Blight,3029,3cb9ac9a01659ea4e4f99ed9b4f321c5d846543f1533e52c6af5fc63f097c25d
Corn_(maize)___Northern_Leaf_Blight/2a4b3fe0-6858-459b-b620-cd01d0cd6333___RS_NLB 4273 copy 2.jpg,Corn_(maize)___Northern_Leaf_Blight,3030,03a5a596c10de0d25ec3cd99dee07da2e53e48bdff6f18e3ef58e4816b1244c0
Corn_(maize)___Northern_Leaf_Blight/2a5c2a7a-c078-43ce-b50b-8a4f33049415___RS_NLB 3474.JPG,Corn_(maize)___Northern_Leaf_Blight,3031,d9dc38f35e84ef7d1f3b557de0e182a1fdafc300e4c6c8a9898aaefe1df8795d
Corn_(maize)___Northern_Leaf_Blight/2a5d32e1-5b7f-4fc0-8078-87fd4de96375___RS_NLB 0794.JPG,Corn_(maize)___Northern_Leaf_Blight,3032,a9164a703c0bbb781647549faf45a96e8ade417fa28ec681bc74b6207fc99643
Corn_(maize)___Northern_Leaf_Blight/2a877980-8d25-4dbf-8b84-458094529054___RS_NLB 3970 copy 2.jpg,Corn_(maize)___Northern_Leaf_Blight,3033,1117e293602241ff45cbf7ae9848cc1c2ae67ef98a4bec3196ee79e33d99a336
Corn_(maize)___Northern_Leaf_Blight/2afe409f-5bae-46f0-bcec-9eeb69ecd12c___RS_NLB 0812.JPG,Corn_(maize)___Northern_Leaf_Blight,3034,319c02cc9c6759d4cc133f64b52915b8cc33bebc5fa3a66bfcd26063989a254e
Corn_(maize)___Northern_Leaf_Blight/2afecd32-d0a3-44d2-b7fb-daa25989701a___RS_NLB 3524.JPG,Corn_(maize)___Northern_Leaf_Blight,3035,acdb491dec3c18d3796528558b7e2dfbfbcb1c1d330b29b6e7dadabd7bc31459
Corn_(maize)___Northern_Leaf_Blight/2b13f4ca-099f-46c1-8c5f-381d025127cb___RS_NLB 4240.JPG,Corn_(maize)___Northern_Leaf_Blight,3036,d7e2f9fa1bcd127fc3ca035229827e3b48a2ac5ea3910fbe627db1e34b4a5ef0
Corn_(maize)___Northern_Leaf_Blight/2b2f19f2-757c-47a0-a519-4cec0095a840___RS_NLB 3708.JPG,Corn_(maize)___Northern_Leaf_Blight,3037,b43e82073b6b8d6e577509ed87dcee2b67b44ab9e0d257ce6613216a2afaeb85
Corn_(maize)___Northern_Leaf_Blight/2b7de414-15f7-44ef-aef3-12e75819ac31___RS_NLB 4188.JPG,Corn_(maize)___Northern_Leaf_Blight,3827,cf176031fe39c2397fdd2f12c88c07103c499050cc61c13f29fca788844362f2
Corn_(maize)___Northern_Leaf_Blight/2bad1ec2-1bd5-431c-919d-31247d9f32e2___RS_NLB 4180.JPG,Corn_(maize)___Northern_Leaf_Blight,3039,dbfc0e5d18f5e8126b91e0596d6166a05bc36ca2046bdc62f4bc5d8ad170ae76
Corn_(maize)___Northern_Leaf_Blight/2c2dd54a-38b2-4b9b-833a-52c5ed1ccede___RS_NLB 4050.JPG,Corn_(maize)___Northern_Leaf_Blight,3040,94c0b92f181137e485c15f26d92065b7810c44d3a805e8702060ce92ca2eebf0
Corn_(maize)___Northern_Leaf_Blight/2c827454-4902-4ff2-9237-687281600a19___RS_NLB 3736.JPG,Corn_(maize)___Northern_Leaf_Blight,3041,6be8270b86c0afc743a7e81165a5b9648186291a179547e1b8c9abb62fd00fd6
Corn_(maize)___Northern_Leaf_Blight/2e1013a9-88bb-494f-9ed5-7e8e79f9a7ca___RS_NLB 3606 copy.jpg,Corn_(maize)___Northern_Leaf_Blight,3356,7d77d8c041ff6cd2b8d90cc7994ec4796f3b40e89390f7edcd576208f02330e3
Corn_(maize)___Northern_Leaf_Blight/2e594c45-c4c7-43b1-ab19-100945e7a2a7___RS_NLB 4020 copy 3.jpg,Corn_(maize)___Northern_Leaf_Blight,3043,771402ddb19f74980ad83aa4767a8e938cb8cedf6b9b1364f0087b4d679df930
Corn_(maize)___Northern_Leaf_Blight/2e72b3e0-8e8e-471e-9ece-5157e2ef2f22___RS_NLB 3654.JPG,Corn_(maize)___Northern_Leaf_Blight,3044,fa8be36160244ed5ec9f9065205f41629a0753d505198a12124c5d964df83f2d
Corn_(maize)___Northern_Leaf_Blight/2ea20efb-b8d6-4ff9-8e72-418fd4a239f0___RS_NLB 4022.JPG,Corn_(maize)___Northern_Leaf_Blight,3045,ee29350d1b27935f45f4df77d84bb761654e6e2341d7a211f19dbcf6f3871816
Corn_(maize)___Northern_Leaf_Blight/2f266f09-ce50-4cc6-b2e5-5846e3595bd4___RS_NLB 0760.JPG,Corn_(maize)___Northern_Leaf_Blight,3046,4a5450b04cdfc91d3afd7d571a072ec474e065654f3202ad888ad0a2a9d2c84e
Corn_(maize)___Northern_Leaf_Blight/2f712faf-6cc2-45b8-8dc3-fb81df57a428___RS_NLB 4173.JPG,Corn_(maize)___Northern_Leaf_Blight,3047,a59ddfda1e760d1e9a488346664a17fa1aaf703dee06e9a64429cdb9df51163d
Corn_(maize)___Northern_Leaf_Blight/2f80ba76-4fdc-41cd-9b6d-4b1255a29b83___RS_NLB 3687.JPG,Corn_(maize)___Northern_Leaf_Blight,3048,42c34b27b21c1d6175dab0f5933b3d87f37e766a8da00b5f17433815dd4e8130
Corn_(maize)___Northern_Leaf_Blight/2f91a397-315c-45bb-9d88-3d1389c82d98___RS_NLB 3508.JPG,Corn_(maize)___Northern_Leaf_Blight,3049,9aac706ad1b4a77819ffd4cf3060ddee9ca84391ac43dd1977877c86f5cbf15d
Corn_(maize)___Northern_Leaf_Blight/2f9acce2-8616-4cd3-8aac-b57cd9a03084___RS_NLB 4228 copy 2.jpg,Corn_(maize)___Northern_Leaf_Blight,3050,ec59a90a3f6fffb9cd82e638fbde0c4bc6e2f63127810e8e0c517424ed392866
Corn_(maize)___Northern_Leaf_Blight/2fbb25c1-446d-4d0e-9a01-646bbcecd416___RS_NLB 3856.JPG,Corn_(maize)___Northern_Leaf_Blight,3184,01584ab7a01048a80f61af07f1a5812f35ff2986289307784ff3e4662851f18f
Corn_(maize)___Northern_Leaf_Blight/2fd737f7-bba3-4df7-8bd9-8c1d78b96bf3___RS_NLB 4127.JPG,Corn_(maize)___Northern_Leaf_Blight,3052,159cbd8c99f1367da200e3b92e016dda87c771488fb081b3529fd44ae102e613
Corn_(maize)___Northern_Leaf_Blight/2fe2160f-0dad-4387-8f68-ff7a0ed18c49___RS_NLB 4161.JPG,Corn_(maize)___Northern_Leaf_Blight,3053,1b7a9073fdcd9dcc35262f642fe7ce8a7ba496a79721f72edac0685dcfdb14fb
Corn_(maize)___Northern_Leaf_Blight/30749f41-c345-4c08-b3a8-12bd37d492e1___RS_NLB 3738.JPG,Corn_(maize)___Northern_Leaf_Blight,3054,1cb02d6e16d2e3b8bc43f4e44f5d2cdba23fdadbff1f8232b7696800f91fd9f1
Corn_(maize)___Northern_Leaf_Blight/30f2767e-d618-41c6-ae4f-d7ddf806318b___RS_NLB 4068.JPG,Corn_(maize)___Northern_Leaf_Blight,3055,db6fe6260cb233407ce95cca5ef19a5c149cef23d6f9ce35455556a048e07302
Corn_(maize)___Northern_Leaf_Blight/30f5e05c-9d93-47d1-b3b4-9358de08d63f___RS_NLB 3863.JPG,Corn_(maize)___Northern_Leaf_Blight,3056,7942a3ff4989788a4c9d8f3b05d14ac2fa6d18de17cb10c1fc07363e88bd5b7a
Corn_(maize)___Northern_Leaf_Blight/3103f262-0222-41f6-9ce3-8f18e8aa855c___RS_NLB 4243.JPG,Corn_(maize)___Northern_Leaf_Blight,3057,afd6db0461401b61a9ee8d9e3c80573cac351839829fb0dbe37f2344e89a1c56
Corn_(maize)___Northern_Leaf_Blight/31104df7-10fe-4dea-a3fe-2c65ecbf2b1f___RS_NLB 3991.JPG,Corn_(maize)___Northern_Leaf_Blight,3058,5bf386c98d669cc4fcad7c6bd4f68ef040330f65c33ef41275633dacedfda92c
Corn_(maize)___Northern_Leaf_Blight/311621c2-ce96-4e4d-ae49-b303619e1f9f___RS_NLB 3632.JPG,Corn_(maize)___Northern_Leaf_Blight,3059,820f41c1ae2894a10676693e306ab0cc001ff97fa567d00f3abc82bfc5dafb5a
Corn_(maize)___Northern_Leaf_Blight/3138c754-7a79-4d77-8556-edbbf78184d4___RS_NLB 4084.JPG,Corn_(maize)___Northern_Leaf_Blight,3060,838d80a8ca985ef50f90964015aadd31bcfcaee9e4d0d0b3ce04f4496524ca12
Corn_(maize)___Northern_Leaf_Blight/3146b6fc-7fe8-4b26-bc9f-faf642acc8b5___RS_NLB 3829.JPG,Corn_(maize)___Northern_Leaf_Blight,3061,37b94845152439c409a7bbeffaeec50d8401585567f83d54ef86aae192638246
Corn_(maize)___Northern_Leaf_Blight/3146c9fd-b7eb-4e06-b063-6d9de01a645f___RS_NLB 4222.JPG,Corn_(maize)___Northern_Leaf_Blight,3062,1a5bfc5803895262f54094444d38d9ca3b870d5f842fb89d8a9a6e08da16c247
Corn_(maize)___Northern_Leaf_Blight/315d38b6-f633-4d3f-b85f-69fc6999daa8___RS_NLB 4212.JPG,Corn_(maize)___Northern_Leaf_Blight,3063,8a0766e3d340b65ef495672803a887c7559ecea7aad2d23c71742b0c443898e1
Corn_(maize)___Northern_Leaf_Blight/3164b99c-5a51-4a73-8716-8e2f6548bf8b___RS_NLB 3541.JPG,Corn_(maize)___Northern_Leaf_Blight,3064,1be73b299b9bb6513452de0427f676f805df8d176151ddd0d3e17ff00d39989e
Corn_(maize)___Northern_Leaf_Blight/31a49b40-0f0a-496d-a3bc-cf566bbbe845___RS_NLB 3568.JPG,Corn_(maize)___Northern_Leaf_Blight,3065,761a0c8936934aade239aa785f8859326a772300255af14d7069852e88953427
Corn_(maize)___Northern_Leaf_Blight/31a6d935-89b5-4feb-8fc6-44300ab3639e___RS_NLB 3640.JPG,Corn_(maize)___Northern_Leaf_Blight,3066,83eab82075643b9bbef6055e45059c675459ce3702450860d3af1d646b6184cb
Corn_(maize)___Northern_Leaf_Blight/320dcbe6-2ac8-47bb-a5ac-06c966674732___RS_NLB 4281.JPG,Corn_(maize)___Northern_Leaf_Blight,3067,1ed4fda0cc8c7c3222d3c0225479c7bbce52f0d4b82877d20290f734114d8ec3
Corn_(maize)___Northern_Leaf_Blight/3276b41a-3a52-4c98-9e4e-66eb6be6a432___RS_NLB 3884.JPG,Corn_(maize)___Northern_Leaf_Blight,3068,1afba2c84c8ab1309497efffa21b0da1d77464089b3431b7d0e433d29fc84237
Corn_(maize)___Northern_Leaf_Blight/32a99994-e15d-460c-818c-4b02afa5c880___RS_NLB 4179.JPG,Corn_(maize)___Northern_Leaf_Blight,3069,12e568185e847edcfa929efc2511d2e9c4e8e8a65b8430ca14ff31ae9c011350
Corn_(maize)___Northern_Leaf_Blight/33a7194b-aa45-492e-bb6e-52f4cbcbc7cc___RS_NLB 3483.JPG,Corn_(maize)___Northern_Leaf_Blight,3070,74430827b48751aa4ae0726e4be33a87aa8ea21b528165f519d9398fc7010081
Corn_(maize)___Northern_Leaf_Blight/33e8b3c6-b103-48a4-b18a-79f5f9714404___RS_NLB 4029.JPG,Corn_(maize)___Northern_Leaf_Blight,3071,577ae0d8b6dca081764887a1d328a7bb85f36a3fd0a0745c2adb5789c180e65d
Corn_(maize)___Northern_Leaf_Blight/33f7df2b-c637-49f5-9c1d-7e0356471425___RS_NLB 3777.JPG,Corn_(maize)___Northern_Leaf_Blight,3072,16965c19f35fc1c8110f5eb7bc3fb892726a6b7d70f45259fe11de13cd014daa
Corn_(maize)___Northern_Leaf_Blight/34044e49-72de-456b-8a9f-668a89f9d3cf___RS_NLB 3905.JPG,Corn_(maize)___Northern_Leaf_Blight,3073,209682373d569b3419a123ad0cdb56d3cb51f191bd7e712b30067274ee49ab0b
Corn_(maize)___Northern_Leaf_Blight/3428ab03-a782-43d1-8d21-8f3405666867___RS_NLB 3916.JPG,Corn_(maize)___Northern_Leaf_Blight,3074,67d118f69758aa2f9b3a54eb9e977269e56a243795736f189d35e9b57367e2e3
Corn_(maize)___Northern_Leaf_Blight/343bc1c5-f48d-4594-ad8c-c7e32a648723___RS_NLB 3906.JPG,Corn_(maize)___Northern_Leaf_Blight,3075,d279937c312553c70530221111fdd597a54a0808b2a3e28ced0aba523b6e48d6
Corn_(maize)___Northern_Leaf_Blight/34ae03ee-4314-47b1-a568-f3537bc2afba___RS_NLB 3672.JPG,Corn_(maize)___Northern_Leaf_Blight,3076,ff32e823e4f913c0f1fc4a50f3221f058603da7c7be4385f622c925828d4ef78
Corn_(maize)___Northern_Leaf_Blight/34affa73-9797-4d0e-9cd6-916f8a6c3df3___RS_NLB 3521.JPG,Corn_(maize)___Northern_Leaf_Blight,3077,fe11383c8cdf6f664d023ff2c2be58cda02612ac87841912e2ee8612fb12ce7b
Corn_(maize)___Northern_Leaf_Blight/34c5e998-0704-44f3-9427-f49687dab175___RS_NLB  4508 copy 2.jpg,Corn_(maize)___Northern_Leaf_Blight,3078,d8e05f614636e909b5442257fcc8b29e0ef100928381bc71978cfc26e921e007
Corn_(maize)___Northern_Leaf_Blight/34e1850b-628c-46eb-b8b0-9618025b1f84___RS_NLB 3729.JPG,Corn_(maize)___Northern_Leaf_Blight,3079,4d67c6dd2ea2fa92beaa8b78424b8f1d8bcd106e8b23cc30e0f64c2cb3d41a60
Corn_(maize)___Northern_Leaf_Blight/3513a96e-7db5-4a2b-9dd8-79847c92e75b___RS_NLB 4045 copy 2.jpg,Corn_(maize)___Northern_Leaf_Blight,3444,0ad1a073ce0b555bc76a3a357f83284db244d4625be40602b01396550f429d0d
Corn_(maize)___Northern_Leaf_Blight/35aaee78-3936-4cf4-87cd-5fd74a1d031b___RS_NLB 3889.JPG,Corn_(maize)___Northern_Leaf_Blight,3081,f539fb447b146652a9ae20a09470dc7b10fdebc00e374721c1528ef8f9fa8941
Corn_(maize)___Northern_Leaf_Blight/361f06a6-6dbc-4ea0-b954-c3a1e6b9b481___RS_NLB 3653.JPG,Corn_(maize)___Northern_Leaf_Blight,3082,3d65782fde5b15a4bfe12e45980940f1b29fea07e03421d2278db33491ab05a8
Corn_(maize)___Northern_Leaf_Blight/369b969a-f820-40ec-a43c-7500df90e6d1___RS_NLB 3615.JPG,Corn_(maize)___Northern_Leaf_Blight,3083,0ceead2fe0622ec3798455f8e4681ce7a9c5ca6c144fff5e79b9c21f85c23fba
Corn_(maize)___Northern_Leaf_Blight/36c5fd81-d688-4013-8635-19d0fd14eeb9___RS_NLB 4666.JPG,Corn_(maize)___Northern_Leaf_Blight,3084,c1e4ed369415d54d77632271a5d7c741200ccb9357d4e9fceee7db3cb028f8dd
Corn_(maize)___Northern_Leaf_Blight/36f36ace-ecdb-49af-b1ec-a29d8b0ae918___RS_NLB 3836 copy.jpg,Corn_(maize)___Northern_Leaf_Blight,3085,95419a43319716bb05b0b9ebaf7214257ca68f8503b62b97b542acd5f8807af4
Corn_(maize)___Northern_Leaf_Blight/376463e7-2d06-4f1c-a89d-48f2210031ed___RS_NLB 3971.JPG,Corn_(maize)___Northern_Leaf_Blight,3086,bfb1c8001e6f4a696bab14db7fa95aa83b13bb032388b13304871eb24c1edf73
Corn_(maize)___Northern_Leaf_Blight/37665d4b-1063-4929-b9e1-88fb5439cdfb___RS_NLB 0765.JPG,Corn_(maize)___Northern_Leaf_Blight,3087,a1c5106dd879e0e37d84ccc940deedb71428ddc15be2b31c6ce267b009ecff5f
Corn_(maize)___Northern_Leaf_Blight/37da66ff-ddaf-4848-a9df-f48bd43da831___RS_NLB 4214.JPG,Corn_(maize)___Northern_Leaf_Blight,3088,7baf11256a5c34e1bcbd31e8efdbcd143f24f3a55fd39fc16913851129eca965
Corn_(maize)___Northern_Leaf_Blight/37ebdf5b-d6db-4a9b-a5b2-1f16eb266f92___RS_NLB 4060.JPG,Corn_(maize)___Northern_Leaf_Blight,3089,9b1d9cf1deefc5dda626ba25639dc81b02c1a58ef1e111a85917ca8bf4bfe752
Corn_(maize)___Northern_Leaf_Blight/381bb492-a362-4423-8e51-f59050a82d83___RS_NLB 3981.JPG,Corn_(maize)___Northern_Leaf_Blight,3090,43db236420fc892ebb43fed8a12ed7332d521a999b92f97de0fa5af9ee1ba5b7
Corn_(maize)___Northern_Leaf_Blight/38b794a9-d3c7-4861-9cff-4465ed936f48___RS_NLB 3948.JPG,Corn_(maize)___Northern_Leaf_Blight,3091,04fbb3b989804de9e76aeed2690e49046a3e94faf1df21d85a588df2bc6873de
Corn_(maize)___Northern_Leaf_Blight/38ee65f9-32f9-49e7-83f8-277ad34fff0d___RS_NLB 4090.JPG,Corn_(maize)___Northern_Leaf_Blight,3092,7df7de4984ba7eb4fd1a2951630d0a4f5ce989f08401d7166370d74ebeb83f1d
Corn_(maize)___Northern_Leaf_Blight/39204770-c7aa-4ca0-bd41-2acd39cb699b___RS_NLB 3712.JPG,Corn_(maize)___Northern_Leaf_Blight,3093,93ce5cbbbcd711a962324320658b66b4704382b498fb0e2c272e5c66f7ba9d64
Corn_(maize)___Northern_Leaf_Blight/3949d36a-42a7-4d40-a096-0b7d32698b04___RS_NLB 3502.JPG,Corn_(maize)___Northern_Leaf_Blight,3094,3c760dcad04e41e5fa6538b7f50b40680762dfa7cec1ad8dc138dd60d16c776b
Corn_(maize)___Northern_Leaf_Blight/3966eebb-e814-4cc8-90c8-2f91fa5d5ba9___RS_NLB 3897.JPG,Corn_(maize)___Northern_Leaf_Blight,3095,853556fb1da113ee8b442a2e34b78d2c812edcf42fa382a2865402a19ecfa39a
Corn_(maize)___Northern_Leaf_Blight/398fe3cf-ca89-421f-ad3e-b16c720835c3___RS_NLB 3723.JPG,Corn_(maize)___Northern_Leaf_Blight,3096,7d4975c07cfdbbca7ece979de640f9ee38f29e49e3278c197b6265ea622ec87c
Corn_(maize)___Northern_Leaf_Blight/39adac5b-ad7c-4ebd-b1de-a583229cc845___RS_NLB 4244.JPG,Corn_(maize)___Northern_Leaf_Blight,3097,612cd1c5ee0caf5fd91d48b813c8a58073b17d19e7cba92a5da92ccdd5cdb3e5
Corn_(maize)___Northern_Leaf_Blight/39bbce49-e9e0-463b-8c87-a3c0b1204050___RS_NLB 4011.JPG,Corn_(maize)___Northern_Leaf_Blight,3098,fc2a3f5eeec7277750aa5fcb750ddeca6ec5303aeb8c6143a5accd0b7ce1bfa3
Corn_(maize)___Northern_Leaf_Blight/39d7cc50-1271-4196-8a7b-ac11b470fe1f___RS_NLB 4163.JPG,Corn_(maize)___Northern_Leaf_Blight,3099,d5b31ce75a3fc088afd9ab9a20472925ba5c6eaf87a1cb064a029a5b779cbe1d
Corn_(maize)___Northern_Leaf_Blight/39facd4b-a088-4d14-8261-5e54beabc108___RS_NLB 4201.JPG,Corn_(maize)___Northern_Leaf_Blight,3100,075625229e08ae93e44b53e055fce873c59d551504d2605cc1609863a6d1850e
Corn_(maize)___Northern_Leaf_Blight/3a0c570b-dfd1-4681-97be-658151e7279f___RS_NLB 4099.JPG,Corn_(maize)___Northern_Leaf_Blight,3101,ae62d29b1b890186673893aed9f64f806f99aebfa108a171fcb3786c1aa620e6
Corn_(maize)___Northern_Leaf_Blight/3a29a411-e364-4a88-8c32-14051876ec60___RS_NLB 3713.JPG,Corn_(maize)___Northern_Leaf_Blight,3102,23cd3ab50292b90c63d6943ea4df815c3fa57d4cd303d55316a4ce6bd1d0719a
Corn_(maize)___Northern_Leaf_Blight/3b8446bd-30df-4ff8-87e3-bcddae3b4e7a___RS_NLB 4108.JPG,Corn_(maize)___Northern_Leaf_Blight,3103,1172e989237dd6b3738b88ccb2bcc61672514771dd904d54fd87a4946d055d51
Corn_(maize)___Northern_Leaf_Blight/3b98ec11-30cb-47c0-89c0-05677d9f0b9d___RS_NLB 3877.JPG,Corn_(maize)___Northern_Leaf_Blight,3104,c49e6da2134ee812cd7a5736699731597601c5e10f9b4677bc8f7e274c296711
Corn_(maize)___Northern_Leaf_Blight/3c423b70-c265-47ab-9aad-9f5235ccd343___RS_NLB 3819.JPG,Corn_(maize)___Northern_Leaf_Blight,3105,5b121e704a80869525113c44379fd5b10409363ca74c6b062723328f6dabd906
Corn_(maize)___Northern_Leaf_Blight/3c69c109-b2f0-4bcc-92a8-b2e499825b8e___RS_NLB 4241.JPG,Corn_(maize)___Northern_Leaf_Blight,3106,371aa56d9ecec86de2e99886ec9de196f6a94227b672a4e04eea0d23af1c8f47
Corn_(maize)___Northern_Leaf_Blight/3cb5b2ea-1eb2-4b94-9300-2aceb0863d75___RS_NLB 4138.JPG,Corn_(maize)___Northern_Leaf_Blight,3107,bb198120acc7810bc063e7c45d822dfcaae888eaed0bb0de3ac27431e4d10e3d
Corn_(maize)___Northern_Leaf_Blight/3d1e353f-522f-4f28-aa52-bb137584cb54___RS_NLB 4043.JPG,Corn_(maize)___Northern_Leaf_Blight,3108,1765bda57764e030e80f9c8c98fed36742f5a9f81f67eff73c4779dbf9a58302
Corn_(maize)___Northern_Leaf_Blight/3d867eaa-5cba-43af-b43f-80ca2768f697___RS_NLB 4162.JPG,Corn_(maize)___Northern_Leaf_Blight,3109,2f65e9baa9e6c8a83b83edf9fa998b259b2e3629c4fff4e0dcbc1bed04572e78
Corn_(maize)___Northern_Leaf_Blight/3ddba6ba-0467-45e1-b3d7-24b97ee2c767___RS_NLB 3720.JPG,Corn_(maize)___Northern_Leaf_Blight,3110,830a8a0b9ef4666c51b51cbf94599b282eb91caf0ea8f74fc6a2920e564fba0b
Corn_(maize)___Northern_Leaf_Blight/3de521e5-5424-4e7e-a8e3-725ad64d9a8f___RS_NLB 3828.JPG,Corn_(maize)___Northern_Leaf_Blight,3111,df1d3ed4d5c7fffb4c0fa39d1da98f4563389398d024b6c86202605e5537ef10
Corn_(maize)___Northern_Leaf_Blight/3f494938-cfae-4d4e-9cc6-d7fdb15429ea___RS_NLB 3530.JPG,Corn_(maize)___Northern_Leaf_Blight,3112,0fa8163e999dabda4a09122330f635d732bbd1aa6eae4ab66f9a62bfe66228b8
Corn_(maize)___Northern_Leaf_Blight/3f5a69a5-b918-4f7c-84e0-d74cc857698d___RS_NLB 4143.JPG,Corn_(maize)___Northern_Leaf_Blight,3113,fb19bb753134020f213d6a723d7e4846c60d7e23c6578f37ff9a44f65f72c5c3
Corn_(maize)___Northern_Leaf_Blight/3f7bc1d3-ac03-4c5b-99e5-3164830cdd7d___RS_NLB 3950.JPG,Corn_(maize)___Northern_Leaf_Blight,3114,4822b1cb20ad305191aef899d44f39c8f2421ac468b2a5fb1f4a8a3eac38d4df
Corn_(maize)___Northern_Leaf_Blight/3f7ded82-d9d3-4b3d-9beb-58c5a43f894c___RS_NLB 3656.JPG,Corn_(maize)___Northern_Leaf_Blight,3115,362e3f874127f51fbea6f52e96a723b1f53947b39fe593e535df7392d9c36a44
Corn_(maize)___Northern_Leaf_Blight/3fb57074-5e53-45e8-9219-bc0cee74f440___RS_NLB  4597.JPG,Corn_(maize)___Northern_Leaf_Blight,3116,5d2b36c08ad1bafd48dd227656760e29985d54205a66389b403b3adc858d8fec
Corn_(maize)___Northern_Leaf_Blight/3fdd99f1-a3df-4498-8b6a-b844621a72ca___RS_NLB  4670 copy.jpg,Corn_(maize)___Northern_Leaf_Blight,3117,ad61c6914f1def767270cd4425bda9b902ee7d250a77d18ee1d4c154e14df46a
Corn_(maize)___Northern_Leaf_Blight/40898b2d-a10d-46d9-a8db-eb98d9f1e9d1___RS_NLB 3947.JPG,Corn_(maize)___Northern_Leaf_Blight,3118,9d12045058b18b20656534f7b8e12d33f0a65bea609c9419ea8ba4179e565d72
Corn_(maize)___Northern_Leaf_Blight/40c2375e-92e1-4259-b268-d2433137e456___RS_NLB 4009.JPG,Corn_(maize)___Northern_Leaf_Blight,3119,87a7059f0e9851e8b8eb779a9a3fd8c0249bfd7adbbfe8fb58c5e96feaf4b8e4
Corn_(maize)___Northern_Leaf_Blight/40ca043f-ee3d-4327-95ee-09d7b41ebfc4___RS_NLB 3890.JPG,Corn_(maize)___Northern_Leaf_Blight,3120,c9ae4c3fb2d551a3ec8a742b37e0ff727ffa02d67bc7bb5c2fcd3a505ac48296
Corn_(maize)___Northern_Leaf_Blight/4218c656-20b5-46e9-a24a-d69e6ceafb05___RS_NLB 3548.JPG,Corn_(maize)___Northern_Leaf_Blight,3121,3ed6795b1781d31955ed0ba26b60c014ffded6248ac12a2ae7767adc1e43d818
Corn_(maize)___Northern_Leaf_Blight/4266e4a0-2364-4d9b-9dcc-9f4a5b60a5ba___RS_NLB 3658.JPG,Corn_(maize)___Northern_Leaf_Blight,3122,9d4d49822fcddd951bf3898183baf84518c2357fd17bfc9eacb15001791cf0f6
Corn_(maize)___Northern_Leaf_Blight/426fad97-a40f-4629-bac8-01488bca3507___RS_NLB 3821.JPG,Corn_(maize)___Northern_Leaf_Blight,3123,29343354fc88167d68f018ef089a3abfb0b3f49f53c9137f155078fb658f10c9
Corn_(maize)___Northern_Leaf_Blight/4284aa42-8c36-4674-8ecd-70a7eb6ddd80___RS_NLB 3730.JPG,Corn_(maize)___Northern_Leaf_Blight,3124,bccd96e970ac0926b5766e3cd1f319785cc3487226389f97d0fe39ef94e9ec7d
Corn_(maize)___Northern_Leaf_Blight/429213c9-31f8-49e0-bf27-5ffe7c43100d___RS_NLB 0802.JPG,Corn_(maize)___Northern_Leaf_Blight,3125,805a0bebc4056c4d69ffe1a402a6bd9a9e9de638e0a80143d37acf3123605523
Corn_(maize)___Northern_Leaf_Blight/42a931c8-e325-4d2b-9cc8-14babf382689___RS_NLB 4023 copy 2.jpg,Corn_(maize)___Northern_Leaf_Blight,3126,babe8e6993f3438b89909dc3a5531cd1b08c118b54495b0cb86bd923358b2fbf
Corn_(maize)___Northern_Leaf_Blight/42e5960b-f56e-430d-b729-e48a543a136f___RS_NLB 4072.JPG,Corn_(maize)___Northern_Leaf_Blight,3127,775fccdd0f17d0cddc0604bb416aa8e33b132ad9bcf26f06d35307e7e8b2885b
Corn_(maize)___Northern_Leaf_Blight/431a8c6c-3eed-4079-ba49-5bc7a12b94b0___RS_NLB 0766.JPG,Corn_(maize)___Northern_Leaf_Blight,3128,8fcd945c41b6ca1fecd0f41ea36fd377cc793ec3a628c4722dd36d01220535b2
Corn_(maize)___Northern_Leaf_Blight/432d152d-dd08-40b4-ba2f-2cbf2352d29c___RS_NLB 3586.JPG,Corn_(maize)___Northern_Leaf_Blight,3129,d798472add85aeb2ec986f4c3e962ef33ab8dcd0d651df5e0684aa15b0fdc70b
Corn_(maize)___Northern_Leaf_Blight/43571006-641c-4942-ab72-35df2e9ebb2e___RS_NLB 3922.JPG,Corn_(maize)___Northern_Leaf_Blight,3130,c03274a6d079007c1b9975a36fce0f758188e29a649c77f7fb721796b099d200
Corn_(maize)___Northern_Leaf_Blight/43587b1b-344c-4034-9420-3875c4a1f13e___RS_NLB 4023 copy.jpg,Corn_(maize)___Northern_Leaf_Blight,3131,831fb8491facdc93152b407c8a203554abebb002ad92f7d7c67a4ca6e8213304
Corn_(maize)___Northern_Leaf_Blight/4376c828-f03e-4953-a2db-bd6405eadc68___RS_NLB 4061 copy 2.jpg,Corn_(maize)___Northern_Leaf_Blight,3132,34381ec51c73f0f83cf4fb92c4b19df83f3646b8e7c3dd7978f8320f382281d2
Corn_(maize)___Northern_Leaf_Blight/4454fe11-5b0f-48b2-9c16-090100c6332e___RS_NLB 4037.JPG,Corn_(maize)___Northern_Leaf_Blight,3133,3f6114388c09b7bf3408ac503ee20643a1ea59d7f76938e5cfed7715a38138e5
Corn_(maize)___Northern_Leaf_Blight/45b08cd4-63ef-428d-b220-3b8bb147291b___RS_NLB 3679.JPG,Corn_(maize)___Northern_Leaf_Blight,3134,e95d286c2bf0cc436718fc1a57036874e93e48def43689768c967e37d674e05f
Corn_(maize)___Northern_Leaf_Blight/45e4a1ce-cd3d-4702-9b46-4e6fa1fd2c44___RS_NLB 3969.JPG,Corn_(maize)___Northern_Leaf_Blight,3135,cc388ba41136f6770be0a2a47a78e400dc761500559c0803d46f1ca63c620270
Corn_(maize)___Northern_Leaf_Blight/474797d0-3298-4480-ba05-7c49026ffbbf___RS_NLB 3529.JPG,Corn_(maize)___Northern_Leaf_Blight,3136,7d80e0b594cbb1048f788332c3025d1ac33392a22da840d0bd6da2ee8cff979f
Corn_(maize)___Northern_Leaf_Blight/4750f625-023b-46c8-8236-9a3c6bb93c73___RS_NLB 3471.JPG,Corn_(maize)___Northern_Leaf_Blight,3137,09fb6a163e9f897bb5fc93259105b12370b47e76135de04224061283b6aec176
Corn_(maize)___Northern_Leaf_Blight/476e3e28-06e0-47ba-980c-4eb5e1fbbfe9___RS_NLB 4235.JPG,Corn_(maize)___Northern_Leaf_Blight,3138,57011fa7beb24c3a403059e2d16482c54455ee9017ee61ae978b31ed29fbf472
Corn_(maize)___Northern_Leaf_Blight/47a01d34-e691-4337-8d17-cbe8ee34b843___RS_NLB 4164.JPG,Corn_(maize)___Northern_Leaf_Blight,3139,0e4cdd6379d09d45fd2a227f9634cfd4cada05864f0e5083178f020fb200bae6
Corn_(maize)___Northern_Leaf_Blight/47e485da-d2e2-440f-ab6a-b17bcb0a83cb___RS_NLB 0808.JPG,Corn_(maize)___Northern_Leaf_Blight,3140,9bc81991792313c29696977930d4a42fdee19d9c34b8246247af83fc4b782e7c
Corn_(maize)___Northern_Leaf_Blight/47eca8a9-befb-4c5e-b2da-991655be867b___RS_NLB 3838.JPG,Corn_(maize)___Northern_Leaf_Blight,3141,b16e896c3afb79f263972a5b593ba1d32a314016783efead04185e6072d33d37
Corn_(maize)___Northern_Leaf_Blight/47f24ceb-34e8-4c13-acac-e48549bc7cfa___RS_NLB 3932 copy 2.jpg,Corn_(maize)___Northern_Leaf_Blight,3142,3428af922ee9877bdc6d0eed721d72baf30f2b587969c47d7a4d62293a3ca145
Corn_(maize)___Northern_Leaf_Blight/4832c7a2-532b-4d5e-9949-fd295d171cfa___RS_NLB 3660 copy.jpg,Corn_(maize)___Northern_Leaf_Blight,3143,8b6fb25e85efd4fdc767850b432b7f39a1dcf33cc7f7361f8ee29b010419a7cb
Corn_(maize)___Northern_Leaf_Blight/484d5173-c460-4601-8d9b-c02d1cea5bb3___RS_NLB 3880.JPG,Corn_(maize)___Northern_Leaf_Blight,3144,a65ff12d01505b65c1e6d4627bee652d03b6ae59c5f7c8d73bf0caaff82e858b
Corn_(maize)___Northern_Leaf_Blight/48d6bed0-2514-4d2a-b207-ebff452a62a8___RS_NLB 4269 copy 2.jpg,Corn_(maize)___Northern_Leaf_Blight,3162,5aad94abd7b113d9b8ae446e3c84d1fe91da824354a26013f5a6799c31dc8a32
Corn_(maize)___Northern_Leaf_Blight/49093468-8fcf-4adb-9787-610b6b216b4b___RS_NLB 3692.JPG,Corn_(maize)___Northern_Leaf_Blight,3146,3e40bdf4ceb05ece509239598dafe81ea49d36ad21c18ac3720d83ee08bf5471
Corn_(maize)___Northern_Leaf_Blight/493500a1-d3d1-4cf9-b354-78540b3e3044___RS_NLB 3689.JPG,Corn_(maize)___Northern_Leaf_Blight,3147,358d6ede8f968eb2418ce3a8ed8d8565ed101b05226cf2fe7e82f65b35b95164
Corn_(maize)___Northern_Leaf_Blight/4947341e-7e47-406b-a0ea-e1eb61a3a480___RS_NLB 3902.JPG,Corn_(maize)___Northern_Leaf_Blight,3148,77fdf42c6bb40fe2b7399fc68ebf0885c94330ce3dc2b5969e3e55ba2030dac0
Corn_(maize)___Northern_Leaf_Blight/496510d6-dd7c-4dda-8379-d66a89b1b42f___RS_NLB 3793.JPG,Corn_(maize)___Northern_Leaf_Blight,3149,c45fa3a3636b79292ee39b6f41beade2fc4d9787b9e5c8d0a36a0f906445b941
Corn_(maize)___Northern_Leaf_Blight/49d8ec4d-4600-4f2e-a04b-01dabb76aa21___RS_NLB 3735.JPG,Corn_(maize)___Northern_Leaf_Blight,3150,14c220dc9dbde688e0de5523f0162d0c664a217200556c6b44d96629df2abde6
Corn_(maize)___Northern_Leaf_Blight/49ef0291-35d7-4306-84f2-1351fd8d1349___RS_NLB 3907.JPG,Corn_(maize)___Northern_Leaf_Blight,3151,d45fece19e654a8b3956808e4fadad5e8651795e8375275359082cf14441f0c2
Corn_(maize)___Northern_Leaf_Blight/4a8adf2a-73d4-4555-8621-1292de40b194___RS_NLB 3547.JPG,Corn_(maize)___Northern_Leaf_Blight,3334,ac01e4c4824ff19bbe38a290113e3716754913fdc330fbbe717afb3df6b32a48
Corn_(maize)___Northern_Leaf_Blight/4aa754cc-c896-44de-a528-62f66cfcbe12___RS_NLB 3956.JPG,Corn_(maize)___Northern_Leaf_Blight,3153,31ae7591191b411c430f8b0d8f0e07a87b76e8507eeb9e226c22c42e92f7a9b4
Corn_(maize)___Northern_Leaf_Blight/4af2c376-1e04-4649-85f2-a2c69463388e___RS_NLB 0759 copy 2.jpg,Corn_(maize)___Northern_Leaf_Blight,3154,ee47dfe3a7e44032be1920f97a27de13060f52d517b2a4b570a1c9b8dbd6ebfb
Corn_(maize)___Northern_Leaf_Blight/4b25878b-a6c8-4f88-8cb0-cf701d7f3c3f___RS_NLB 4000.JPG,Corn_(maize)___Northern_Leaf_Blight,3155,1f44fac8d8da0097b8e6d105c69e97de2275c4f63b0f9ba8e06f757fbf550ba1
Corn_(maize)___Northern_Leaf_Blight/4b79b80a-6ad9-41b3-9d6a-7b493c5c75a0___RS_NLB 4258.JPG,Corn_(maize)___Northern_Leaf_Blight,3156,dcf24df85ef656b79f5158050dbe178208d1132ab4f61b6f6e061d2085705951
Corn_(maize)___Northern_Leaf_Blight/4c640c66-bb10-4f7c-ae15-6be2b885c6d2___RS_NLB 4006.JPG,Corn_(maize)___Northern_Leaf_Blight,3157,e4ef62f21c50c9ea8e5b6478d6658768bc984cd499162b5694d80b96f4b736eb
Corn_(maize)___Northern_Leaf_Blight/4d439804-01e9-4f5a-bfec-1ef99c882369___RS_NLB 3945.JPG,Corn_(maize)___Northern_Leaf_Blight,3158,cf40c3857e954b62d397518f26edc836a6f63c8c4cbd0b68f199a5ea13539944
Corn_(maize)___Northern_Leaf_Blight/4d669c56-5dff-4b5b-9395-85fd4ec204fc___RS_NLB 4266.JPG,Corn_(maize)___Northern_Leaf_Blight,3159,39ac94f2a997315dfdf5ea6d3f5e500ac53144f2d90e456807a4e563d81423a8
Corn_(maize)___Northern_Leaf_Blight/4d8cfcae-64e2-49e0-964f-01f6b39a23b4___RS_NLB 3631.JPG,Corn_(maize)___Northern_Leaf_Blight,3160,b9ea92849529c6ae4554ba014ca57f1247dcafa351f6eb4851e5733d6f2abb13
Corn_(maize)___Northern_Leaf_Blight/4ef8e489-cafb-4d59-9fc9-00f8087f0cac___RS_NLB 4172.JPG,Corn_(maize)___Northern_Leaf_Blight,3161,b1fdf8d7b13fd5e7714c532d45bc820aef50b1d833e2266567f545ac6c0a90bc
Corn_(maize)___Northern_Leaf_Blight/4f18b762-1a20-4367-bce3-41a58620a6d2___RS_NLB 4269.JPG,Corn_(maize)___Northern_Leaf_Blight,3162,4350be846fec732e7ae31d5c8b29ecd33736a3f1570b2c4b7d47e5eb3c883c94
Corn_(maize)___Northern_Leaf_Blight/4fb94993-2201-4b0f-bd6f-864b76774df8___RS_NLB 3835.JPG,Corn_(maize)___Northern_Leaf_Blight,3163,32a98dd470826f799d0cf5135a0f1517fa13f7bf10f8df8a5df5a95b6242cd68
Corn_(maize)___Northern_Leaf_Blight/4fbae838-e991-4294-9126-7ab7d7838349___RS_NLB 4046.JPG,Corn_(maize)___Northern_Leaf_Blight,3787,8a029a83af9dbb012d0f3ff917fc487f60822fbad6ea97f62b8d7842cde87782
Corn_(maize)___Northern_Leaf_Blight/4fd7db79-097d-4344-a4fa-3657421fe654___RS_NLB 0800.JPG,Corn_(maize)___Northern_Leaf_Blight,3165,80c0f4f25abe99dad3ea97c5b7fce3a7cdeb808efcebe57a4fd7f5260aa9626f
Corn_(maize)___Northern_Leaf_Blight/4feaacb9-a17f-4b39-85d5-85e5fb9997a3___RS_NLB 3575.JPG,Corn_(maize)___Northern_Leaf_Blight,3166,ef8f0332f4436fe075645a3aa62887412ce9e4ef896e6b1d2563e2c4adbe5e38
Corn_(maize)___Northern_Leaf_Blight/505ce513-98a9-4100-b7a0-f0767eb598c8___RS_NLB 4206.JPG,Corn_(maize)___Northern_Leaf_Blight,3167,1d4746d17e8320459cc63ebdd995ceaa72659b591fa578ec0e2e85e218b2db78
Corn_(maize)___Northern_Leaf_Blight/506d1785-00e5-476a-94e1-a3e96dd22cb5___RS_NLB 3739.JPG,Corn_(maize)___Northern_Leaf_Blight,3168,9f111afd52938719f5a73fb6e1326aaa45e05a9fb3c0f08b5fdb2f3ecf16d989
Corn_(maize)___Northern_Leaf_Blight/50f917f3-8a84-4379-adc3-ee0501043f4c___RS_NLB 3718.JPG,Corn_(maize)___Northern_Leaf_Blight,3169,006c251199c0d9efe06f799641b9d01dec7fba7ba9762b8d92adc4296fdaffbb
Corn_(maize)___Northern_Leaf_Blight/516ebf4e-2572-4ba9-aefe-4d11fbb374b5___RS_NLB 4082.JPG,Corn_(maize)___Northern_Leaf_Blight,3170,44759a40604954461ee1d12539e7d4eed36b86b5f2761193530aa68681e9fc79
Corn_(maize)___Northern_Leaf_Blight/520410b0-012a-4c6e-af78-a6971ddfb612___RS_NLB 3835 copy 2.jpg,Corn_(maize)___Northern_Leaf_Blight,3171,fbdff1c14be7b203f969680eab1f68d47feb33ce6a244c5e941189283076a410
Corn_(maize)___Northern_Leaf_Blight/528ff748-bf1c-4b75-99ac-643c91a92fa7___RS_NLB 3970.JPG,Corn_(maize)___Northern_Leaf_Blight,3172,be8ebcb4c7590d8002975e7a7dde857a367ce7e7d82166150308b6fdac369625
Corn_(maize)___Northern_Leaf_Blight/534e86f0-1e17-4fa0-b042-b0b26ab53eb4___RS_NLB 3745.JPG,Corn_(maize)___Northern_Leaf_Blight,3173,f68ecfb79fbb52605be8f5c4b2aff4eec96768cee6a07aa9b32c6621d9092181
Corn_(maize)___Northern_Leaf_Blight/5376d36b-07e3-42b8-9b5f-1ec2d9e720ed___RS_NLB 3684.JPG,Corn_(maize)___Northern_Leaf_Blight,3174,7a55e3d7b04f9da338dc65ade9c695137dba0ed781716702d620a4d8fbe6edbf
Corn_(maize)___Northern_Leaf_Blight/5388d277-8739-49ac-9d60-f842621fdeac___RS_NLB 3682.JPG,Corn_(maize)___Northern_Leaf_Blight,3175,f2ff16578acb3c2a1bc85f474b72749fe3a89f8cf08a51d85335c86eb4494434
Corn_(maize)___Northern_Leaf_Blight/53cd35a7-f989-4813-9c79-a3af9d175b90___RS_NLB 0758.JPG,Corn_(maize)___Northern_Leaf_Blight,3176,fc4fa7a27b78478d5db7ddd4ff280f607f12759b91935f4a9bace91d759c5de3
Corn_(maize)___Northern_Leaf_Blight/5400a487-4b38-40d1-bfb0-7d9e89f58de9___RS_NLB 3610.JPG,Corn_(maize)___Northern_Leaf_Blight,3177,73f1fe0b11e6fd1ecf38dafec271b44f997cce8f60a65a8fceff235723eee97e
Corn_(maize)___Northern_Leaf_Blight/5447ab85-f4ba-46cd-81ab-433d7624300c___RS_NLB 4058.JPG,Corn_(maize)___Northern_Leaf_Blight,3178,d206b0dc0849563cfcdc50b47c61e5228a51570f32b214d527e5766c8a7557a2
Corn_(maize)___Northern_Leaf_Blight/54c5e426-34e0-4545-a562-b30e179c01e7___RS_NLB 0785.JPG,Corn_(maize)___Northern_Leaf_Blight,3179,d44eb9688aead4463ce059f1cf51d2281b9b3561d93fa90371703df49bc06de4
Corn_(maize)___Northern_Leaf_Blight/54cac376-96d8-4029-91a5-935cd1c8d24b___RS_NLB 3845.JPG,Corn_(maize)___Northern_Leaf_Blight,3299,39037195157e4155b8db91b8fa5b27512efc0d91c36d83ba7c14e7d43cbe763d
Corn_(maize)___Northern_Leaf_Blight/54f0ca3b-248f-4faf-91b0-8e29e800231e___RS_NLB 4031.JPG,Corn_(maize)___Northern_Leaf_Blight,3181,9ea1eefc1c0e683ddd90f1085faf77b9b762409a276126b1b7666a0dda0a4ca0
Corn_(maize)___Northern_Leaf_Blight/5544871e-cc3b-47ba-92fb-d189b04d3b2e___RS_NLB 3728.JPG,Corn_(maize)___Northern_Leaf_Blight,3182,f89bb71e35b05e014a17e982ca818154f2524758ea06bc8dc20eb809bf85be4a
Corn_(maize)___Northern_Leaf_Blight/5586393a-7c4f-458c-86b2-13673384a87a___RS_NLB 3496.JPG,Corn_(maize)___Northern_Leaf_Blight,3183,8d4265cb3c1c67be419d5793e58f01e8dfc789867f090f3fe682988d0cf5327c
Corn_(maize)___Northern_Leaf_Blight/558f943a-5384-470f-a480-88b565a3c476___RS_NLB 3855.JPG,Corn_(maize)___Northern_Leaf_Blight,3184,9c45bde782419ff632e26b8afd7635fab3193e76a4eed996463e5d2b244d5ee1
Corn_(maize)___Northern_Leaf_Blight/56a583b2-13e9-4b37-9afb-473a2146889f___RS_NLB 4210.JPG,Corn_(maize)___Northern_Leaf_Blight,3185,e1f39e434a6701dd9b24a1679499ed527c7543b08e6af59f5f5838acd737718e
Corn_(maize)___Northern_Leaf_Blight/571927a9-3b0a-4c5e-be0b-a3c9859d66fa___RS_NLB  4443 copy 3.jpg,Corn_(maize)___Northern_Leaf_Blight,3780,3aa0c53a6fe1d8c0c3e8ba8831e2f5e76588eda192d3be57b866a937e3e47dd7
Corn_(maize)___Northern_Leaf_Blight/571d15d7-e0eb-43f4-aca7-abcdcf1e80a5___RS_NLB 4213.JPG,Corn_(maize)___Northern_Leaf_Blight,3187,295ca9ed8383896a36c9848d965b47a04162620e3e2921fac2c56f88d19742e0
Corn_(maize)___Northern_Leaf_Blight/5736fa21-65b4-4068-88a4-7913a4d75769___RS_NLB 3888.JPG,Corn_(maize)___Northern_Leaf_Blight,3188,3d6bc844201d8093a75d2e9cb9e9e43dd1b33c8d58dbe46f60d1fcfcd7c8ef97
Corn_(maize)___Northern_Leaf_Blight/57d6fe49-6ac4-4672-ae90-02729f1430fb___RS_NLB 4197.JPG,Corn_(maize)___Northern_Leaf_Blight,3651,86b8366e8d0827e3178b28bcc9ea25b96142fd92fc0ae6d80456ed5c39044973
Corn_(maize)___Northern_Leaf_Blight/57f091c3-1247-4679-8676-cce0cda8a27a___RS_NLB 3935.JPG,Corn_(maize)___Northern_Leaf_Blight,3190,ea8115f989413cdcadb00fc0b1ea085f463d61191e9f1a62f487953f33bef83c
Corn_(maize)___Northern_Leaf_Blight/58392979-d178-4238-816f-b1e40e216188___RS_NLB 3843.JPG,Corn_(maize)___Northern_Leaf_Blight,3193,03719ea85448691b84ff5057261968dbdd8de438837d283c1e4905bd4c9b3b6f
Corn_(maize)___Northern_Leaf_Blight/592130da-ac4b-4026-b774-f9ff76a0379f___RS_NLB 4067.JPG,Corn_(maize)___Northern_Leaf_Blight,3588,24fbf0bd8988344e27b4dcfd9e7046012ed75704278045c59258933f987a76c5
Corn_(maize)___Northern_Leaf_Blight/599ee05a-0659-4159-a65f-43278e6f8f55___RS_NLB 3841.JPG,Corn_(maize)___Northern_Leaf_Blight,3193,d8e84755b11f9ef085241883463dcaf83f51db7627afff843081779ee390edf8
Corn_(maize)___Northern_Leaf_Blight/59b2026f-6b96-4a60-9461-6da43560b2df___RS_NLB 0811.JPG,Corn_(maize)___Northern_Leaf_Blight,3194,367b97e702b88595b6bbe0c313f39dfa53429a638d7ebc4e1c5df8bceb7f1800
Corn_(maize)___Northern_Leaf_Blight/59b2c9f9-6a26-4870-aaf9-a613d960efe8___RS_NLB 3875.JPG,Corn_(maize)___Northern_Leaf_Blight,3195,a2347d69a3260d6b0d9bde57248c4a538e5c90d3d271c5f0df187d53b8f178df
Corn_(maize)___Northern_Leaf_Blight/59bc212e-6b39-4712-b9c9-6edc3fa3e05f___RS_NLB 3604 copy 2.jpg,Corn_(maize)___Northern_Leaf_Blight,3196,aafc551c04e52491188796a4855553a311961e177e28a141d45617aa5d2589e5
Corn_(maize)___Northern_Leaf_Blight/59d0b355-5722-4c98-9498-83264f1e9a84___RS_NLB 4020 copy 2.jpg,Corn_(maize)___Northern_Leaf_Blight,3197,a1d948aa736f6ecf466672de973257515c241d963152e5d478403fda8a8fa7a5
Corn_(maize)___Northern_Leaf_Blight/5a2e998f-6157-42a7-a2b3-bfb972a8c94e___RS_NLB 4111.JPG,Corn_(maize)___Northern_Leaf_Blight,3198,bb0ddb98b3ee648db28888fd81d4b0f3bf89639ec6936ab49c1150d80c869001
Corn_(maize)___Northern_Leaf_Blight/5a341520-f90d-40eb-89a7-e557aa572200___RS_NLB 0764.JPG,Corn_(maize)___Northern_Leaf_Blight,3199,bd5bce0a7d21873b716c288a41f00618b759d67a419f3d960dde75cbb54d169c
Corn_(maize)___Northern_Leaf_Blight/5a6c652d-93e0-4de5-8214-caaadb09c840___RS_NLB 3848.JPG,Corn_(maize)___Northern_Leaf_Blight,3200,d61a25687b6684d87660be01f39551f9dcd0fedae24407989299bd2775e7db8e
Corn_(maize)___Northern_Leaf_Blight/5a7153bc-6cad-4b5d-8ee1-23fdba51ab2d___RS_NLB 4219.JPG,Corn_(maize)___Northern_Leaf_Blight,3201,46053b32f9a85c46c54f1d18c57688b5b28896891a993e898b8faa87128d64f8
Corn_(maize)___Northern_Leaf_Blight/5a9feebe-b5b4-40e2-a717-1b5ea0666356___RS_NLB 3833.JPG,Corn_(maize)___Northern_Leaf_Blight,3202,a742709b1e023a34d0c99e313bf01450a490dfdad079b4e8ede2254c68d46ff1
Corn_(maize)___Northern_Leaf_Blight/5ab0a55a-509c-4c16-8e16-cb2880f0677d___RS_NLB 4105.JPG,Corn_(maize)___Northern_Leaf_Blight,3203,88da8a131f5b3afb6b8bf30d92e7ffa6084f24608ee5475a54983e3624291b01
Corn_(maize)___Northern_Leaf_Blight/5ab44c38-1773-4f3d-bc14-cc1ccf8c88a6___RS_NLB 3512.JPG,Corn_(maize)___Northern_Leaf_Blight,3204,20ddd4a37dfdcb7db2b1f0e7e6737893e50c3c9a0d2190c99e2e7b18dad039b6
Corn_(maize)___Northern_Leaf_Blight/5b019e22-e0b0-4430-b238-50876180cd07___RS_NLB 3717.JPG,Corn_(maize)___Northern_Leaf_Blight,3205,48bb97ef6abca3c18ec1bd788ac5c8b68d6166cc58f218da394b81387b823097
Corn_(maize)___Northern_Leaf_Blight/5b08c1fc-7f88-4537-acbc-d5924f74f865___RS_NLB 3636.JPG,Corn_(maize)___Northern_Leaf_Blight,3206,f729285622340128e72c75502ad2d19a241f8212f6f7ca8f8292a1b830088aee
Corn_(maize)___Northern_Leaf_Blight/5b4f7b36-0ce5-491c-93bb-ac81b21b13c6___RS_NLB 3824.JPG,Corn_(maize)___Northern_Leaf_Blight,3207,2001b69894ea9d4bea7d4646e56155fbf56cc5768d49642214e75308da8a913d
Corn_(maize)___Northern_Leaf_Blight/5b74708b-f016-4826-b7b6-6d9a3ec4aaba___RS_NLB 3589.JPG,Corn_(maize)___Northern_Leaf_Blight,3208,5d0f99b719d410d349eaeb239dc8e836ce346d2aaabdfd9ee53c2c737aef9f64
Corn_(maize)___Northern_Leaf_Blight/5bc3264f-8e2a-4294-a940-e607cdc68f3b___RS_NLB 3939.JPG,Corn_(maize)___Northern_Leaf_Blight,3711,a8ce529c9d940ef9d0402e7e5460ea2b184b79dc01ed8ca27d39a047ff8c5d89
Corn_(maize)___Northern_Leaf_Blight/5c203214-e08c-4af1-9b9a-0d947c6f4741___RS_NLB 4155.JPG,Corn_(maize)___Northern_Leaf_Blight,3210,c3bd9372ef10d4707ad82580315685c281182329220eb2298b0224822b5081cb
Corn_(maize)___Northern_Leaf_Blight/5c339413-2b34-4c09-8343-c88e216a29eb___RS_NLB 4193.JPG,Corn_(maize)___Northern_Leaf_Blight,3211,19541b091e55ddce9d3c903ebdee0c23c7a2c9422f175f1f7dddc80cb8e7a334
Corn_(maize)___Northern_Leaf_Blight/5c867753-033e-4b36-b7dc-bc6470842130___RS_NLB 4233.JPG,Corn_(maize)___Northern_Leaf_Blight,3212,673bd15a083b611961d1ca195662d7d92aa5a82cdba5abd5dc88990b4bf01d3a
Corn_(maize)___Northern_Leaf_Blight/5c9325f7-10c4-4628-a6e5-f5932f1d4122___RS_NLB 4261.JPG,Corn_(maize)___Northern_Leaf_Blight,3213,f9e96413ae05cdbbf7893b6fe01430aed8684fd8c9943a5ce5ea20eed6cb06f8
Corn_(maize)___Northern_Leaf_Blight/5c9adc70-1f97-4b53-a7cf-149c5c98664e___RS_NLB 3663.JPG,Corn_(maize)___Northern_Leaf_Blight,3214,f250a0834aea5efa9b79168290d374fbbe55c98bd3ca880882835a2034752392
Corn_(maize)___Northern_Leaf_Blight/5cb67eaf-e897-4fa2-91d3-83f7175918da___RS_NLB 3673.JPG,Corn_(maize)___Northern_Leaf_Blight,3215,81c79cc214563c605bdd723df7c835957dfdd646cb4e974c7cebe19dfddbf50f
Corn_(maize)___Northern_Leaf_Blight/5cfb5a57-6c25-41a8-b953-a8f8c11b5665___RS_NLB 4134.JPG,Corn_(maize)___Northern_Leaf_Blight,3216,04cbeb3baf842c03baaed4b594ab74ef2e05c75971ee4dee4083ce84c0320fa5
Corn_(maize)___Northern_Leaf_Blight/5d204d2a-292f-4862-a704-cb03145ca5b1___RS_NLB 4057.JPG,Corn_(maize)___Northern_Leaf_Blight,3217,012b85625b9b147f7b369b1732f4257114fa5aad54a6e4e432db9424ba53a5f0
Corn_(maize)___Northern_Leaf_Blight/5d3b81a4-890c-4792-a96a-66f19cf44750___RS_NLB 3883.JPG,Corn_(maize)___Northern_Leaf_Blight,3218,6181c45f7cfeb5dab109e3ccdf19a4740647eee881a56158ec41797e7162b090
Corn_(maize)___Northern_Leaf_Blight/5d8533b8-c57e-49af-aa9e-e4ab9f28f92b___RS_NLB 3691.JPG,Corn_(maize)___Northern_Leaf_Blight,3219,a9b4fcb203ab37332800fd19b98594bf56d43637497d00bf964d54f6b97b9919
Corn_(maize)___Northern_Leaf_Blight/5dc9613c-fcbf-42ce-a95a-6520bf780872___RS_NLB 4225.JPG,Corn_(maize)___Northern_Leaf_Blight,3220,49f0f7fa2c8f673dde226bf8d3a19a36d1914f0b434c613b824abf8f408d0f28
Corn_(maize)___Northern_Leaf_Blight/5df7a420-aeab-4eb0-959a-290e4bb2a944___RS_NLB 3514 copy 2.jpg,Corn_(maize)___Northern_Leaf_Blight,3221,ecd63947aeb73eab7a9a4f5ac7f7659a867f5ada56a929100e734ac6c5bea7c7
Corn_(maize)___Northern_Leaf_Blight/5e1b2b72-fe1d-4bf2-a5ed-b3a013ffabe9___RS_NLB 3696.JPG,Corn_(maize)___Northern_Leaf_Blight,3222,0d197ff28832cd54a2fa8c8459c5855fa9c96f7a1211cfd884a1b78eedd78264
Corn_(maize)___Northern_Leaf_Blight/5e1f4323-b9cb-4ee3-8bf2-82bdd2df71d5___RS_NLB 3915.JPG,Corn_(maize)___Northern_Leaf_Blight,3223,0a17a1560e89f49658e4ba98ae8f2ad544bd54bf9d77c7c7f06ea75be3633785
Corn_(maize)___Northern_Leaf_Blight/5e324c24-0a77-4f76-9870-b320acb4b265___RS_NLB 4126.JPG,Corn_(maize)___Northern_Leaf_Blight,3224,d797a4dfd91412d2fbcdc7945a6872d253d49008316539b2e1d8348b2d7b51e5
Corn_(maize)___Northern_Leaf_Blight/5ea1de01-683f-4080-a341-6eafb3d41bc4___RS_NLB 4154.JPG,Corn_(maize)___Northern_Leaf_Blight,3225,ec1e77a4ed293c4b1110f942cc4811514098695c5a717f228f250908272dfbf1
Corn_(maize)___Northern_Leaf_Blight/5ea8975f-1cb5-4452-b04b-1f63453d1e2f___RS_NLB 3803.JPG,Corn_(maize)___Northern_Leaf_Blight,3226,79e2de43fb43cc58df1c58357393dfe847f586edc51c37c1eb0f73f6cc058ed7
Corn_(maize)___Northern_Leaf_Blight/5f0d808c-526d-44be-b7f5-f87cbb333168___RS_NLB 3943.JPG,Corn_(maize)___Northern_Leaf_Blight,3227,2cc87f651add216652377a10d76efd69b06163c96986ff7dbcdd2078cdf7b1eb
Corn_(maize)___Northern_Leaf_Blight/5f1fc34e-15d7-4529-b136-3c35c12bf645___RS_NLB 3648.JPG,Corn_(maize)___Northern_Leaf_Blight,3228,8471e3988c42edd3d31b839f27f10fd6cb86b93585cf65206668e4bce0d31ecf
Corn_(maize)___Northern_Leaf_Blight/5f2a5580-11f2-41c1-841c-a2f912fb7a05___RS_NLB 3817.JPG,Corn_(maize)___Northern_Leaf_Blight,3229,a0f9d5205557b608786a1ac6f06661c2f6740da973effc2bf1488cfe5c828ea1
Corn_(maize)___Northern_Leaf_Blight/5fc48a9b-7aee-4262-adf3-1102e354dd61___RS_NLB 3690.JPG,Corn_(maize)___Northern_Leaf_Blight,3230,9824a597fd49812a47b86f8826ea108478c907f6e307850a6077eea8bfec241e
Corn_(maize)___Northern_Leaf_Blight/5fe9d333-4801-4913-a1a2-aedb25def4d0___RS_NLB 3714.JPG,Corn_(maize)___Northern_Leaf_Blight,3231,6f3e310a6c295c77c1e39f39c25d79dc7505c148ced29ce4e838bfb3c79e17d1
Corn_(maize)___Northern_Leaf_Blight/6089948d-346f-4745-af12-4355a7ef3dea___RS_NLB 3800.JPG,Corn_(maize)___Northern_Leaf_Blight,3232,b3ce3ec72e0668e4978d390fc5e54b0423828bb9c91505c156e6bf9fc545b49c
Corn_(maize)___Northern_Leaf_Blight/608bf7ea-b20e-446d-8bbd-862d91ee8e16___RS_NLB 3675.JPG,Corn_(maize)___Northern_Leaf_Blight,3233,1396c8d9c891f8e95044930068ac9df8b7819c18c92c3c77c4826ad63c569e9f
Corn_(maize)___Northern_Leaf_Blight/60fb1e70-5368-4b1f-ab46-12c5add010e6___RS_NLB 3839.JPG,Corn_(maize)___Northern_Leaf_Blight,3234,e12679ad83b26767d039d89bf198df29ce92080f6f9fcb4cc29454e2e3f1950d
Corn_(maize)___Northern_Leaf_Blight/6150b5d0-047c-4f46-8832-9760d8359730___RS_NLB 3669.JPG,Corn_(maize)___Northern_Leaf_Blight,3235,6a4e15f884c969a92e4afa95c990879c18138464a1cc46495f04ac3318b53ab8
Corn_(maize)___Northern_Leaf_Blight/61d2e3ab-91a7-4bbc-93a2-c2376b3c434d___RS_NLB 4264.JPG,Corn_(maize)___Northern_Leaf_Blight,3483,df95115c9bfee717a50f3f85759b55784c1dad5da2cfb8a1c25ae8b5ae6af171
Corn_(maize)___Northern_Leaf_Blight/61e17b1e-9858-4d1f-b51e-a017eaaeae08___RS_NLB 3920.JPG,Corn_(maize)___Northern_Leaf_Blight,3237,702aa4f877c6334a9fde38c0a77debadbff0e4bf66aa0abeb6fcc05244d46214
Corn_(maize)___Northern_Leaf_Blight/623dcf1e-68f1-4de1-a69c-c94b23ec11cb___RS_NLB 0776.JPG,Corn_(maize)___Northern_Leaf_Blight,3238,8c3cee13369ebeb2d9fe664dc4babe653d58d366785aabeea1d1b921223efe59
Corn_(maize)___Northern_Leaf_Blight/62be90ae-831c-4e09-af81-8e73ab7f56c7___RS_NLB  4442.JPG,Corn_(maize)___Northern_Leaf_Blight,3557,f24e0ada58aa7484617e5d0e1c1db8cb497535e5292cecde0f4ebf85e37f57c5
Corn_(maize)___Northern_Leaf_Blight/6313736d-ff6e-4180-8f38-8c9e635d9da9___RS_NLB 3865.JPG,Corn_(maize)___Northern_Leaf_Blight,3240,6ece99576eca5b8425c1b84d98b095c3bea4ad92022ac40a7bc15cb0c2945177
Corn_(maize)___Northern_Leaf_Blight/633dc7b2-959b-4537-a9fe-eb88067611f7___RS_NLB 3996.JPG,Corn_(maize)___Northern_Leaf_Blight,3241,089a6f465726fa9b98c0e762551f35acfec15e3bf08023fc8ac907ef7243ba26
Corn_(maize)___Northern_Leaf_Blight/638d3d39-85a8-4e52-8a6b-e04f12fc8ce9___RS_NLB 4016.JPG,Corn_(maize)___Northern_Leaf_Blight,3242,247ef25b963234cd1f66ab6f11c381f781d7beceee77d6a7c0c5c55d60d375a1
Corn_(maize)___Northern_Leaf_Blight/63d75f8e-ad04-46d0-bc14-9c40a6961a80___RS_NLB 4185.JPG,Corn_(maize)___Northern_Leaf_Blight,3243,d2f9668f953cdf1855e56c458c961f8c9ef6c5c4f96f16ca3e7ff7f847242180
Corn_(maize)___Northern_Leaf_Blight/640ff351-7941-4dd0-8276-d2325150dfad___RS_NLB 3513.JPG,Corn_(maize)___Northern_Leaf_Blight,3244,b4768fd1e7f77f62417f50d9a89a5078ea169ee06bde488f5b59184d5e598225
Corn_(maize)___Northern_Leaf_Blight/64a4c503-5296-4349-990c-e27650afa296___RS_NLB 4216.JPG,Corn_(maize)___Northern_Leaf_Blight,3245,0931989e4106796a8ddd2e8609481173b246084ecd1eaa5a3c34ce9df05533f9
Corn_(maize)___Northern_Leaf_Blight/64e040bd-4462-4a59-b670-36ed3156ed38___RS_NLB 3901.JPG,Corn_(maize)___Northern_Leaf_Blight,3246,7262ff871ce199741cdda19049b9b880f3eb0386eddbfc30669855649f24f3e2
Corn_(maize)___Northern_Leaf_Blight/64ee3cf0-bfc0-4899-b444-badac4603804___RS_NLB 3923.JPG,Corn_(maize)___Northern_Leaf_Blight,3247,1ab1f3f7d26655ac31174da229e23fc114b0aa41128fe4cc79fcdc29909d7ef4
Corn_(maize)___Northern_Leaf_Blight/6522ad4a-5629-4510-ac5e-bf854c42d3fb___RS_NLB 4034.JPG,Corn_(maize)___Northern_Leaf_Blight,3248,8c8ac6b8242e094c3a1b81d342875df7ecbd61043fc5ffa6e3ca017d678297c7
Corn_(maize)___Northern_Leaf_Blight/653472ab-cec4-4253-a85e-6d1318f1c15f___RS_NLB 4054.JPG,Corn_(maize)___Northern_Leaf_Blight,3249,e4c1b6fedf921655230ce7c2747d51e5fdc9ad611975e2b9cb321e42485724ad
Corn_(maize)___Northern_Leaf_Blight/653a38de-840f-4905-83f2-34a96410bb99___RS_NLB 3853 copy 2.jpg,Corn_(maize)___Northern_Leaf_Blight,3250,46a4c0d242d209a937066eb5d4e9db64c044476398518a547d4ad9c7bbb2ef7a
Corn_(maize)___Northern_Leaf_Blight/6544d35f-ffb9-4a00-8240-c6f50c4e5e41___RS_NLB 3500.JPG,Corn_(maize)___Northern_Leaf_Blight,3251,193e2764a791f81cf6bf0436946c65f3d063662dfc02594a31da64e397a2b64f
Corn_(maize)___Northern_Leaf_Blight/6578fc09-44ed-4f4b-8ba9-d420a169e824___RS_NLB 3983.JPG,Corn_(maize)___Northern_Leaf_Blight,3252,41ead3316d8e4528fecc7436f08df6b8916221b1ad8a7fe43510ccb8cb20b1d7
Corn_(maize)___Northern_Leaf_Blight/66045b64-9ade-42cc-b572-2683245d6816___RS_NLB 4074.JPG,Corn_(maize)___Northern_Leaf_Blight,3253,b8b41c7d60a286af287472b9e20fe77a324b6322e1e5dba601933b4ac5bac604
Corn_(maize)___Northern_Leaf_Blight/66abbb46-1197-46c1-984e-0141246142b8___RS_NLB 4245.JPG,Corn_(maize)___Northern_Leaf_Blight,3254,9fac0dcc4e3d920fd5dbdb1ac5e5e8f03b45ef299a0e7d1385dad2d336c807a6
Corn_(maize)___Northern_Leaf_Blight/66fb9e0e-39cb-4a5f-8780-1bcfbda5577c___RS_NLB 3919.JPG,Corn_(maize)___Northern_Leaf_Blight,3255,33cf20e1ce0c0e306ccdf70445fbe39f0ce3737340751f48f85245c0463e23a6
Corn_(maize)___Northern_Leaf_Blight/6728afe3-9ab4-4235-b7e3-5b9ee80b6675___RS_NLB 3605.JPG,Corn_(maize)___Northern_Leaf_Blight,3256,ba82eb753c8f49dbf05863ea6891f53b3fde20abda9eaddf09dc4fb395279043
Corn_(maize)___Northern_Leaf_Blight/67352cb5-36c2-4548-99b6-4138741f0b08___RS_NLB 0792.JPG,Corn_(maize)___Northern_Leaf_Blight,3257,dcd78ef4a71d201b0ac7e068bddeb64b13e262526f3612a0943548adae41ae00
Corn_(maize)___Northern_Leaf_Blight/674c432b-e349-45e5-9261-c04478409834___RS_NLB 3963 copy 2.jpg,Corn_(maize)___Northern_Leaf_Blight,3331,75c80b935cefdae8cfd186006d0e71cd776314769e3a8b7ffbcdee8d0b06b723
Corn_(maize)___Northern_Leaf_Blight/67760849-7e8d-4a93-b72f-e951d597476f___RS_NLB 4059 copy.jpg,Corn_(maize)___Northern_Leaf_Blight,3259,1ce7fe6d8e054f839d8e891f35081fde78bba00280f4677b267bfdca413f1ef0
Corn_(maize)___Northern_Leaf_Blight/6779fd7c-58f3-4f20-bf7e-3f80596f61c3___RS_NLB 3622.JPG,Corn_(maize)___Northern_Leaf_Blight,3260,8e79fe8d6dba1f8efe9b235d07042a8db3978867a66463bdd7c24907723ecc15
Corn_(maize)___Northern_Leaf_Blight/67a78d0c-6fc8-423f-a50d-ca3f3ca386bd___RS_NLB 4238.JPG,Corn_(maize)___Northern_Leaf_Blight,3261,0c20d7877ae76c03453193ecf93a9e21108e7bcd51aa486fcae3054ccd73d2aa
Corn_(maize)___Northern_Leaf_Blight/6868de8b-1a90-448d-93e8-265f2fa401dd___RS_NLB 3929.JPG,Corn_(maize)___Northern_Leaf_Blight,3262,e9fb34c4278100ba9603917a36d5ddd2814be3d10c839d8c52dd605deef125b6
Corn_(maize)___Northern_Leaf_Blight/6880b763-1f12-4d80-9aa8-a2b8eecaed1a___RS_NLB 3543.JPG,Corn_(maize)___Northern_Leaf_Blight,3263,5686233d055318ee8f4330996c20172baa73e084bf579980d22a2fd2cf27980b
Corn_(maize)___Northern_Leaf_Blight/699bf6c9-fe54-4f33-84c2-559329820008___RS_NLB 4083.JPG,Corn_(maize)___Northern_Leaf_Blight,3264,5a1e20fc89cf54e6d5ee9a801875c80723b5ce28bc26351ee6656e51c55ec966
Corn_(maize)___Northern_Leaf_Blight/699c9da1-1968-469b-aab5-35b9856c04b4___RS_NLB 3776.JPG,Corn_(maize)___Northern_Leaf_Blight,3265,fcf47920980aabd83d7e0c108a12a6cc6ce0b90d09088b3fc4c1e6b18249ceb1
Corn_(maize)___Northern_Leaf_Blight/69ac9833-5f27-4fd4-b117-8ca2de2a2db3___RS_NLB 3482.JPG,Corn_(maize)___Northern_Leaf_Blight,3266,45bb08a250e78304d6d7418a740c4470c66034d1d59a65a4d52ca1b2de86428b
Corn_(maize)___Northern_Leaf_Blight/69ba838d-6ea2-4845-8d69-53d9a437d56e___RS_NLB 4171.JPG,Corn_(maize)___Northern_Leaf_Blight,3267,3ec1d1d91c6c2db545146d5520ecfbb121e11b1dae3db858ede26fe005629c93
Corn_(maize)___Northern_Leaf_Blight/69ebacf6-aff4-40d5-82de-95624c131503___RS_NLB 3526.JPG,Corn_(maize)___Northern_Leaf_Blight,3268,7642569b8c7cff9e82ccfdd8df193506b3849814d96ed2be8d849e83ac9d03b8
Corn_(maize)___Northern_Leaf_Blight/6a43e0eb-5366-4170-9782-12c16a853d04___RS_NLB 3519.JPG,Corn_(maize)___Northern_Leaf_Blight,3269,e9aa02b66d4d6fea9bf9bdf602e45091ccb6da4ba4fa448f1acd3696062d4a2f
Corn_(maize)___Northern_Leaf_Blight/6a721f5c-1637-4926-b19c-43a82b064100___RS_NLB 4274.JPG,Corn_(maize)___Northern_Leaf_Blight,3270,038a31fa2b48ecc31ac5f0920829130b08be75cb3893a4d62c0c2c62069c95fe
Corn_(maize)___Northern_Leaf_Blight/6a72d38e-1bde-4d45-892d-891574de8ca1___RS_NLB 3576 copy.jpg,Corn_(maize)___Northern_Leaf_Blight,3271,2abfb845b831a8dd80dcc16243597247f68759b6d621687e725d58cf1ae94c90
Corn_(maize)___Northern_Leaf_Blight/6aa24d2e-df4b-495b-a246-91f14df01f68___RS_NLB 3516.JPG,Corn_(maize)___Northern_Leaf_Blight,3272,7f3ec6ace5fad9d1f124d91f8f250b9a5c5401080a1bcd3af2796553c23d2813
Corn_(maize)___Northern_Leaf_Blight/6b1af2e2-fa9a-49db-8986-22f9a4472d01___RS_NLB 3744.JPG,Corn_(maize)___Northern_Leaf_Blight,3273,8e08f8f3e8d92c42a27fd74d689765b200c98929a9c8006c3a62dc5c635db163
Corn_(maize)___Northern_Leaf_Blight/6b2ebc67-09f1-4d57-bdb4-65f5f5a6c7a2___RS_NLB 3876.JPG,Corn_(maize)___Northern_Leaf_Blight,3274,c2433d9a2616a4ebd3a214443986d0783c1f923e2f45a1fc24ceafd5ad4390f1
Corn_(maize)___Northern_Leaf_Blight/6b885bcd-1cf3-410a-81e7-49b2d63201e2___RS_NLB 4044 copy.jpg,Corn_(maize)___Northern_Leaf_Blight,3564,664a1f91479ef2902bc2ee72f34af6e0c8fb0c9513fef4c5dca239e80932b765
Corn_(maize)___Northern_Leaf_Blight/6c8c49d0-1730-4829-aa21-ccff3079881e___RS_NLB 3540.JPG,Corn_(maize)___Northern_Leaf_Blight,3276,d8b1eb98cdf7205abf2a0b4e939a1ddecfe7c273ed43d11aaf2da583f0643fe8
Corn_(maize)___Northern_Leaf_Blight/6c9054a8-bdcf-4e48-8baf-cc4638b9cea1___RS_NLB 3747.JPG,Corn_(maize)___Northern_Leaf_Blight,3277,209416cd7b908876a44a4438f0ba5a28c962e0cc3daa089831e1fc69e2dc0537
Corn_(maize)___Northern_Leaf_Blight/6c9a344f-a84c-4b4f-8b0b-498fb9d39e62___RS_NLB 3926.JPG,Corn_(maize)___Northern_Leaf_Blight,3278,d2f38e18cff68e5715d116c2164ee3432dcc035a0456004d92f6e97947d11b8d
Corn_(maize)___Northern_Leaf_Blight/6d307b49-1d24-48da-88ba-51d4753aed3f___RS_NLB 3988.JPG,Corn_(maize)___Northern_Leaf_Blight,3279,7bb7e4187ab384ff27a845839367a5d18835baf86955e49cd9f3f911be46353e
Corn_(maize)___Northern_Leaf_Blight/6de48e30-eda0-403a-b24a-74642b4d9825___RS_NLB 4186.JPG,Corn_(maize)___Northern_Leaf_Blight,3280,c0d09335b8315b36100fc3fad73e5a03aa7ce1b2773210c55bffd45244d792de
Corn_(maize)___Northern_Leaf_Blight/6df77be8-1f73-4fb0-a7fe-8b10f12a73cf___RS_NLB 3896.JPG,Corn_(maize)___Northern_Leaf_Blight,3281,eb0d2c335c419f71cd171133ce26d92c35f5aedc4d05761a9e0c48c13c8ee0d4
Corn_(maize)___Northern_Leaf_Blight/6e9d79b9-3d43-4e52-86b9-e131d62407ec___RS_NLB 3743.JPG,Corn_(maize)___Northern_Leaf_Blight,3282,e629a052207b92e8f6f7443a9130c829b8acabfa68e2b7e004b275f4006581d3
Corn_(maize)___Northern_Leaf_Blight/6f129430-750d-4d02-b509-1ec760ae8aaa___RS_NLB 3486 copy.jpg,Corn_(maize)___Northern_Leaf_Blight,3810,a5778b6f26c7c6df8f48048a6f32cc203cc09b039480fda08a0bf73ddb6de17f
Corn_(maize)___Northern_Leaf_Blight/6f24eec3-fd4e-478f-9688-717515242cea___RS_NLB 4278.JPG,Corn_(maize)___Northern_Leaf_Blight,3284,fb05418dc3414f85b4285c428c6623b80e8ef88fe701fcb475dccbd02884d052
Corn_(maize)___Northern_Leaf_Blight/6f25e428-12b2-43ab-ad91-6e20df3c35af___RS_NLB 3899.JPG,Corn_(maize)___Northern_Leaf_Blight,3779,76cf93de85a9fcfe7b5677ef89fae471984b34ddd5c0f6418ebef5c6f3ddce3c
Corn_(maize)___Northern_Leaf_Blight/6f370eac-7a90-40a3-be93-62147f32041c___RS_NLB  4608.JPG,Corn_(maize)___Northern_Leaf_Blight,3286,2f6bbc225ea039f80479076a378cf8679f31fbe1bc4f952336216824d5ae5858
Corn_(maize)___Northern_Leaf_Blight/6f484030-13f8-4607-a036-ea329d1ef931___RS_NLB 4144.JPG,Corn_(maize)___Northern_Leaf_Blight,3287,b15abccaf56a129dd9d41111c95452398daa41d064e0e403d6974f81ccaed3a9
Corn_(maize)___Northern_Leaf_Blight/6fd2d660-7294-4a2c-8626-27228b1c8b70___RS_NLB 3627.JPG,Corn_(maize)___Northern_Leaf_Blight,3288,7f530678eabdac21be46f6ba4313d4fc448f9fe050b7fbbb2361eee859fa4439
Corn_(maize)___Northern_Leaf_Blight/70cfac48-3bf0-4134-984a-3e9a19e2cdf0___RS_NLB 4089.JPG,Corn_(maize)___Northern_Leaf_Blight,3289,d07db11cfac25346b6d5d7f3ea0c843826d6fe98b13a0fdc2083ea2907b3dce7
Corn_(maize)___Northern_Leaf_Blight/70e430b3-75ca-4317-bc22-78674a825341___RS_NLB 4025.JPG,Corn_(maize)___Northern_Leaf_Blight,3290,50aa79c74ba1cd40a1b847790718cc267f8580603f1bc9d0e00d029649d8e1e8
Corn_(maize)___Northern_Leaf_Blight/7220bfaa-b955-46c6-994b-00810d0e65b3___RS_NLB 3964.JPG,Corn_(maize)___Northern_Leaf_Blight,3523,9cdfafb7ec74ba5d1f9e7b22ab5cfa8439744b4f2e3a7b574146dec96cccb9ce
Corn_(maize)___Northern_Leaf_Blight/72588a71-5b19-4867-a1d4-1a3addca8ab4___RS_NLB 3553 copy 2.jpg,Corn_(maize)___Northern_Leaf_Blight,3292,2be1a715affa5ed0bf1015e74e9a30536b9060077b207919c44ed595720e6b51
Corn_(maize)___Northern_Leaf_Blight/7272d46b-b201-4ffc-8634-1555b87e23ff___RS_NLB 3472.JPG,Corn_(maize)___Northern_Leaf_Blight,3293,9d3dcd6f59f34c338c40c704304260134df17e742b2b69cf7380b819362aaec8
Corn_(maize)___Northern_Leaf_Blight/72b09e95-0595-408e-8167-d765d21c6766___RS_NLB 3585.JPG,Corn_(maize)___Northern_Leaf_Blight,3294,b54f34f32a1bb316a1ea80f08ff96676d9dd0d0fe7ee25f68fc60b3dde00fdc3
Corn_(maize)___Northern_Leaf_Blight/72bbfeba-b355-47d3-aa0e-3c9a148575aa___RS_NLB 3912.JPG,Corn_(maize)___Northern_Leaf_Blight,3295,2fd8d08d0da717fbdb61d802286526d8c2ea4974fd0d900996878e4ace5ef163
Corn_(maize)___Northern_Leaf_Blight/7325478b-3516-4cb0-8635-57f785b6262d___RS_NLB 4109.JPG,Corn_(maize)___Northern_Leaf_Blight,3296,3ee29e2e8057678b38afab3b5ff76458ca05c6167e777abf48a48eddc59821e4
Corn_(maize)___Northern_Leaf_Blight/7348d45f-96ba-454e-b0eb-084d0284f718___RS_NLB 4242.JPG,Corn_(maize)___Northern_Leaf_Blight,3297,033f615c96acb4b03f36b3c51a91c76c0059013b4cd28b0f844369064388b382
Corn_(maize)___Northern_Leaf_Blight/739f7cf2-2f79-473b-864f-1a35916dc5a7___RS_NLB 4094.JPG,Corn_(maize)___Northern_Leaf_Blight,3298,cdaa1b4a7adc90108d55f29ea3f7bec2bfdc4d05b54eebc9ab30b234da614aca
Corn_(maize)___Northern_Leaf_Blight/73a8b159-a494-458e-8177-225cf3cb4618___RS_NLB 3846.JPG,Corn_(maize)___Northern_Leaf_Blight,3299,9d07d15d23178f1ee486d4e4957a21a29b8f46bb327ef73d4ad66a3644380d96
Corn_(maize)___Northern_Leaf_Blight/73cacf2f-57c4-4947-ae9b-69a9931d068c___RS_NLB 3910.JPG,Corn_(maize)___Northern_Leaf_Blight,3300,2f0a02bcc86c166138f09428776f0a635862316ab59c31a495ed697e99ee29d1
Corn_(maize)___Northern_Leaf_Blight/740b35ad-1f29-4a5d-b0db-f521992ce04c___RS_NLB 3917.JPG,Corn_(maize)___Northern_Leaf_Blight,3301,0892077deecd4fb5aa39ade98c8e919206d7f175df377623122fb899b54cf1f2
Corn_(maize)___Northern_Leaf_Blight/747bb71f-c1d5-47d7-bb5c-4dff1f1b3c9c___RS_NLB 4136.JPG,Corn_(maize)___Northern_Leaf_Blight,3302,cb76f35ab56f84e7f460f03af125e720648f4231ea3db427e6e0ff942855c48d
Corn_(maize)___Northern_Leaf_Blight/747fb09f-a7c2-4465-833f-537b32edd8ea___RS_NLB 4123.JPG,Corn_(maize)___Northern_Leaf_Blight,3303,79a0bece5ab35852a628873a1da668a592ea3eefed84d4dc7f8ae7f13db70b59
Corn_(maize)___Northern_Leaf_Blight/74c8a3a5-7a9d-40a4-9ec7-4003ef2a6eed___RS_NLB 4251.JPG,Corn_(maize)___Northern_Leaf_Blight,3304,f8a175ab5d36abd53f6dd053f61edf50d9c89ec364987fb61f429a3f2dd3b22a
Corn_(maize)___Northern_Leaf_Blight/751475e8-516b-4708-8509-7137931ad7ae___RS_NLB 3597.JPG,Corn_(maize)___Northern_Leaf_Blight,3305,15aafcfcb9475429502a067f04c83ddea09143ecf4c81295a3ce734eac52dd75
Corn_(maize)___Northern_Leaf_Blight/75820bce-be66-4da7-ba84-987bafe3afc5___RS_NLB 3752.JPG,Corn_(maize)___Northern_Leaf_Blight,3306,e605a1fe51c15cc43b9eb1347db31762af8762d6d69bea282184bda59457f4d2
Corn_(maize)___Northern_Leaf_Blight/758e48c7-b766-4cca-bad2-41aa729a1d86___RS_NLB 4094 copy.jpg,Corn_(maize)___Northern_Leaf_Blight,3307,f48e51e451116ce8bbe3bf7596873cfc180f684d9e0fcd531b935b89b7702e22
Corn_(maize)___Northern_Leaf_Blight/75a77d0c-e8a1-4b09-874f-55e391175542___RS_NLB 0818.JPG,Corn_(maize)___Northern_Leaf_Blight,3308,32f437ac6c85a7275a266edde986d8e3f5ad17aeb1f62eb3fdaa21a8e74c2046
Corn_(maize)___Northern_Leaf_Blight/75bae5d9-4007-4f94-94f9-7fc9e7fd4ad5___RS_NLB 4132.JPG,Corn_(maize)___Northern_Leaf_Blight,3309,55025a2f3dced2169ab9fc3623f39fa57f3ec6b2bed42b5e72f9c57644c2dcd0
Corn_(maize)___Northern_Leaf_Blight/76071bfd-f326-4e3d-b3b9-c2d364ec2d49___RS_NLB 3623.JPG,Corn_(maize)___Northern_Leaf_Blight,3310,3a4b94999c54e5bfabc3bb0ba1245defef7936dd6714969475e4f132ed213cff
Corn_(maize)___Northern_Leaf_Blight/76773e2f-9cd1-46d1-aeb5-f6481d3066ee___RS_NLB 3998.JPG,Corn_(maize)___Northern_Leaf_Blight,3311,8edd2b9b5b4808af4159de616a9b721643fc7abe15e49e3ac6f87e9b8db63b6e
Corn_(maize)___Northern_Leaf_Blight/76ac9115-7016-46bb-93a2-cbc420792406___RS_NLB 0782.JPG,Corn_(maize)___Northern_Leaf_Blight,3312,36837c4423a4851f84adf05cd76561cf2047f4719de7b184351e818161bea219
Corn_(maize)___Northern_Leaf_Blight/76ffac09-0eab-4e97-9500-3d8237910165___RS_NLB  4627.JPG,Corn_(maize)___Northern_Leaf_Blight,3313,d8dea9e84745686163f63e16de13a78f8146d513cae4a733d09d8eaedc6cbe48
Corn_(maize)___Northern_Leaf_Blight/77179782-2d6e-4056-ad95-f8263be229ab___RS_NLB 3674.JPG,Corn_(maize)___Northern_Leaf_Blight,3314,5cf58ae5014f118423592d5023f5e999e33f6302bbc2908e178514157e011bdf
Corn_(maize)___Northern_Leaf_Blight/772c92e7-3535-4f03-a85b-67b843123079___RS_NLB 4125.JPG,Corn_(maize)___Northern_Leaf_Blight,3315,e301a01d0e97a1e7f7f8c0abaa307516602bb76b54958e7f7a0a795b3c21f01d
Corn_(maize)___Northern_Leaf_Blight/77798831-63a1-44a6-81ba-a86e673b9cf1___RS_NLB 3489.JPG,Corn_(maize)___Northern_Leaf_Blight,3316,23bc4546ac72f98cd79f3138255643b57b9a5ee4b8635dda1c4d0fb6453437ab
Corn_(maize)___Northern_Leaf_Blight/7856bc05-e462-4f51-b945-b2801236d17c___RS_NLB 3881.JPG,Corn_(maize)___Northern_Leaf_Blight,3317,71dad478d0ee9016da1eebbf705290c1d25bf570184c6fc12a34b28174ffa21d
Corn_(maize)___Northern_Leaf_Blight/787cbc30-5598-46f4-b757-a9d65f0d5803___RS_NLB 3972.JPG,Corn_(maize)___Northern_Leaf_Blight,3318,185fe26fc94d754a45a65220c2e0ad5d8dbb56be66f79f5a53febb2c4e82507a
Corn_(maize)___Northern_Leaf_Blight/78815e51-d6e3-481c-8b68-a856a5ed14ce___RS_NLB 4032.JPG,Corn_(maize)___Northern_Leaf_Blight,3319,258ccc4da2fd7c5d979b5658b009e9e15d45703306a58fa0d94716c022757979
Corn_(maize)___Northern_Leaf_Blight/788e0b65-df14-4960-b819-dda874f15c03___RS_NLB 3993.JPG,Corn_(maize)___Northern_Leaf_Blight,3320,ee76bc3f5a343f3797bbecff118eda306253186ea40f1769e64029a5d3018340
Corn_(maize)___Northern_Leaf_Blight/78a41efa-70c1-44d3-bf24-d8f873e863b3___RS_NLB 3676.JPG,Corn_(maize)___Northern_Leaf_Blight,3321,3d15d78ec1ccc4d28f8aecb158891c8f57b2f048d244ff1359d97caeb3983c08
Corn_(maize)___Northern_Leaf_Blight/78d28bb5-2b07-42eb-aff8-d205eaf38fc9___RS_NLB 3967.JPG,Corn_(maize)___Northern_Leaf_Blight,3322,e4b81c4dbafffc813893a8d1e5b30d69ce9fd1d8005a385f722b907a5cb944a6
Corn_(maize)___Northern_Leaf_Blight/7925918d-440d-4a55-92c1-6d912f119994___RS_NLB 4665.JPG,Corn_(maize)___Northern_Leaf_Blight,3323,bdf0548390f1c5b3417888f552abbfc59d7d453b1d4f72b5239f58b95e41cb67
Corn_(maize)___Northern_Leaf_Blight/794d90ef-521a-4231-894c-4a37fc66503d___RS_NLB 4017.JPG,Corn_(maize)___Northern_Leaf_Blight,3324,877c42325d1510643ae38c7579ab610e43c0cf616e7592733359b8841c90fb5f
Corn_(maize)___Northern_Leaf_Blight/79d78748-a6b6-489f-813d-5bceb0e9988b___RS_NLB 3666.JPG,Corn_(maize)___Northern_Leaf_Blight,3325,525cc2ee72462657cdfa0b6f33326e0acfb2006e024874d201fbd99ab6526772
Corn_(maize)___Northern_Leaf_Blight/79dc5a4e-60d1-4185-add7-0abca4a2205e___RS_NLB 3549.JPG,Corn_(maize)___Northern_Leaf_Blight,3326,67b73885cb05dca0ca3e80207b58e08a0282da7e8806333d4550cd2807aaf888
Corn_(maize)___Northern_Leaf_Blight/79e82d45-5edf-4143-b21c-f60f560ff75d___RS_NLB 3614.JPG,Corn_(maize)___Northern_Leaf_Blight,3327,be9fd2bf23b13cecb66229e51e211ef5cbf72fb8b5540a71f4cbd140021c8d35
Corn_(maize)___Northern_Leaf_Blight/7a044a04-7cfa-4677-aaa1-52f3686a5a2c___RS_NLB 3594.JPG,Corn_(maize)___Northern_Leaf_Blight,3328,3051591d91fa603cb8839eea9c4a75f1737da5e9dc19c0c3d976389de5795381
Corn_(maize)___Northern_Leaf_Blight/7a11c0e6-191b-42c5-be90-cb31c43a1dea___RS_NLB 3946.JPG,Corn_(maize)___Northern_Leaf_Blight,3329,3a09d013df8632c846273d6ebab56da6ecd16cbf5542a04bb1f89749cfe50313
Corn_(maize)___Northern_Leaf_Blight/7a1e1c85-a9e3-4520-9349-8e374740c40a___RS_NLB 3753.JPG,Corn_(maize)___Northern_Leaf_Blight,3330,d2d309f77cd5aa650c56173b3c24ec84a28159bf291bf90dcfbec51259041aa5
Corn_(maize)___Northern_Leaf_Blight/7a424cb3-7a0b-4ec7-9560-1f040db08639___RS_NLB 3963.JPG,Corn_(maize)___Northern_Leaf_Blight,3331,8ab213989053fff2cf51905155c44379bbed4102a0ace6bb759d4bc6a27b6a35
Corn_(maize)___Northern_Leaf_Blight/7a846f18-cdd6-42b2-ae54-91e874fec475___RS_NLB 3835 copy.jpg,Corn_(maize)___Northern_Leaf_Blight,3332,c01d08d8b869c16db604983f5736c9240ea34564281c1654789836a401d69bcf
Corn_(maize)___Northern_Leaf_Blight/7ad6bd48-7732-4487-8182-8b1d11b10a07___RS_NLB 4270.JPG,Corn_(maize)___Northern_Leaf_Blight,3333,0074325543c066de34b2721f7408803d8a1496b08edf345198051bcabca4c8d0
Corn_(maize)___Northern_Leaf_Blight/7b45e9ce-9199-4f4f-9831-ef52e7c61816___RS_NLB 3547 copy 2.jpg,Corn_(maize)___Northern_Leaf_Blight,3334,2aae06514f4951ad0db642654a940d9c043445d1aba75f3ad902c3abd716b9b0
Corn_(maize)___Northern_Leaf_Blight/7bfceeb5-366f-4cdb-8b5c-9bde0bab6b01___RS_NLB 4010.JPG,Corn_(maize)___Northern_Leaf_Blight,3335,48944c63c957d23215a3902e5fde8a1df47dc1ebcdc3c766f7fbdf6406c5d8ec
Corn_(maize)___Northern_Leaf_Blight/7c2262ee-b83a-4f5c-97d8-e1bf57ac4a60___RS_NLB 3681.JPG,Corn_(maize)___Northern_Leaf_Blight,3336,e2f533620e07a0c2b3d3cffabfd76f73991427d98021f9ae967af4c83604cef5
Corn_(maize)___Northern_Leaf_Blight/7c3b05fe-d387-4542-8a0b-d027d7c9a72c___RS_NLB 0821.JPG,Corn_(maize)___Northern_Leaf_Blight,3337,3e6a11b8b9d15fc364ad891a741933c5cfcc0fa02ec2116164a8594e5887573c
Corn_(maize)___Northern_Leaf_Blight/7c9fff54-416b-49f4-8afa-bc8e1980e02d___RS_NLB 3583.JPG,Corn_(maize)___Northern_Leaf_Blight,3338,4f276e7f37e838c6d90caca9fc6f8239724a43ca18ba89868e38798643899fb3
Corn_(maize)___Northern_Leaf_Blight/7cb45f15-0315-4cb4-88fa-c0bcef1a5a73___RS_NLB 0777.JPG,Corn_(maize)___Northern_Leaf_Blight,3339,394f65b3f40c16386c231c82188df5e72bb0793a93dc0a53dfa5f1002091a421
Corn_(maize)___Northern_Leaf_Blight/7d027426-d1bb-40b5-9d82-55a7f78045bb___RS_NLB 3960.JPG,Corn_(maize)___Northern_Leaf_Blight,3492,d710083658936638444adf0a6f95172f8afe821842ec0bc43403f7f512119f4f
Corn_(maize)___Northern_Leaf_Blight/7d55a6f5-5101-4103-b34c-5e3d764d2757___RS_NLB 3592.JPG,Corn_(maize)___Northern_Leaf_Blight,3341,0024a015776ef9867fc9c25fbca8d9dfb2ab38c46b0f5d38aff4f102523eef0f
Corn_(maize)___Northern_Leaf_Blight/7d5fedec-591d-4f0c-a759-1984b5366e1c___RS_NLB 4691.JPG,Corn_(maize)___Northern_Leaf_Blight,3342,f54be74fe57b0979df4e6339c29a4c086f3930d63ef56517b248ffffa5c0b544
Corn_(maize)___Northern_Leaf_Blight/7dcf62d0-3500-4902-bfe8-e5eab0dcdcaa___RS_NLB 4119.JPG,Corn_(maize)___Northern_Leaf_Blight,3343,664cda5163225ad644ccb75e6478163b9043f75844c55d119c489ce1f97c812d
Corn_(maize)___Northern_Leaf_Blight/7df4e119-8ef5-43db-a3dd-7e9a0303eff7___RS_NLB 0799.JPG,Corn_(maize)___Northern_Leaf_Blight,3344,18078a896cb1d97ba1a71e4f2db11269d0de5fd330d07721dfeb1f3a50feeddf
Corn_(maize)___Northern_Leaf_Blight/7e166c87-7c2a-4469-bd43-b5782f740700___RS_NLB 3837.JPG,Corn_(maize)___Northern_Leaf_Blight,3345,e2cf6bdf7b82d3e9548cfd3c939a5188b0c9a9c5b6f74421246b49bb5d974de5
Corn_(maize)___Northern_Leaf_Blight/7e4e9a08-b9c5-46ec-b92b-ebd0cade32e3___RS_NLB 3942.JPG,Corn_(maize)___Northern_Leaf_Blight,3346,8d7deba4a685e07c3720fe10ab34249d91a1cd6a00dd3e508058c6665f31e6ed
Corn_(maize)___Northern_Leaf_Blight/7f308111-9ef3-4ee0-b820-0af9743f8040___RS_NLB 3547 copy.jpg,Corn_(maize)___Northern_Leaf_Blight,3347,8fcafb39b175ecfb98a1c1951386179f430e9fb5ed7139a4e385a955e17fc9e7
Corn_(maize)___Northern_Leaf_Blight/7f52f749-dad1-4042-8c73-52fc7e3ac99e___RS_NLB 3778.JPG,Corn_(maize)___Northern_Leaf_Blight,3348,39f39d0403797e90687be1dc6bb3fe73902a311207fb02325c4e11582bc29049
Corn_(maize)___Northern_Leaf_Blight/7f5a02de-b04a-4476-8bfe-dc0980913892___RS_NLB 0804.JPG,Corn_(maize)___Northern_Leaf_Blight,3349,f6199d7d0eeff6c70c7a7250a79228b896c156883888023e0688619317f8889b
Corn_(maize)___Northern_Leaf_Blight/7f6ca3f9-1023-45f1-9f1c-bd530355367f___RS_NLB 4175.JPG,Corn_(maize)___Northern_Leaf_Blight,3350,1c1a9a4c86be90e2c634a7614eb0fba907408bc3c3a495cdafd42142114977e7
Corn_(maize)___Northern_Leaf_Blight/7f79300d-eb62-4e8d-8eeb-6c6097afea01___RS_NLB 4045 copy.jpg,Corn_(maize)___Northern_Leaf_Blight,3351,f23f4995061026f9045fd913634b7046303d1e16d9a51b0242d217575c6fd124
Corn_(maize)___Northern_Leaf_Blight/7f948f93-322e-4ef4-b43f-1b17d83ea983___RS_NLB 4041.JPG,Corn_(maize)___Northern_Leaf_Blight,3848,381d55d1be384b9e5bf71fcfab7fbb7bf376cb00de6af99eb6bceb81138cb421
Corn_(maize)___Northern_Leaf_Blight/7fb389d4-38a3-49de-8f68-72a87ff4ae0a___RS_NLB 3716.JPG,Corn_(maize)___Northern_Leaf_Blight,3353,50ca7cfed851d8f3f8ad3597ed054ad3d7c24229273a209b944a6c0f17233628
Corn_(maize)___Northern_Leaf_Blight/7fc13d9f-316e-41ff-b216-5665c08357e6___RS_NLB 0784.JPG,Corn_(maize)___Northern_Leaf_Blight,3354,0b0d144e1238f0475abe5913a8b1468308b1a2a45059fc763e26b127344ea715
Corn_(maize)___Northern_Leaf_Blight/8084d22b-8026-4f2a-9820-2e4f4aba659f___RS_NLB 3520.JPG,Corn_(maize)___Northern_Leaf_Blight,3355,fb9b9d3de5570562dd23dea8e69b38460db332adf02785f4055bfbe0990b1442
Corn_(maize)___Northern_Leaf_Blight/8115e99a-13a1-4d49-91aa-15189fea7a28___RS_NLB 3606.JPG,Corn_(maize)___Northern_Leaf_Blight,3356,8c8e114bdb1ac62295d4400f4edaa9eabb53d7ca0759aa7382bd3e8eb408fab6
Corn_(maize)___Northern_Leaf_Blight/81194232-6686-4910-8fb3-f5e2ec369684___RS_NLB 3984.JPG,Corn_(maize)___Northern_Leaf_Blight,3357,7a229653b26ef572ae8215fad427a3e2fd5da8bc01cbe063a00a906d6d6a9a29
Corn_(maize)___Northern_Leaf_Blight/811ac5c3-9079-43aa-ba29-8b1bc35dd156___RS_NLB 4069.JPG,Corn_(maize)___Northern_Leaf_Blight,3358,f0ac67ae7ebb169773ec94ae7f43319a5c97e707170523eb77bbafec1bf9b1de
Corn_(maize)___Northern_Leaf_Blight/813ee203-b638-4b3e-af2f-237218a58b8d___RS_NLB 4157.JPG,Corn_(maize)___Northern_Leaf_Blight,3359,4807cf7b3494117ac9e3040d3184caf2ad7b59fd65cae6c711672678475efd03
Corn_(maize)___Northern_Leaf_Blight/8152eff1-a36b-4377-96f8-424ff6a97f35___RS_NLB 3727.JPG,Corn_(maize)___Northern_Leaf_Blight,3360,4191dc12f0a0cfe03554a645019f67b9be01a4bfa7a56985c95acade22525125
Corn_(maize)___Northern_Leaf_Blight/8164afe9-7944-4e39-a7e8-f84904c09715___RS_NLB 0780.JPG,Corn_(maize)___Northern_Leaf_Blight,3361,c7c5bdb8246ab3715b02c3d63a37b5c267e4684fd9e99927c22a90d59947d265
Corn_(maize)___Northern_Leaf_Blight/8187d1cd-0de8-48d9-bd90-48c718ce090d___RS_NLB 3702.JPG,Corn_(maize)___Northern_Leaf_Blight,3362,6456bd9e293062297bf9dbf3b87fd81ee02c6add7fe66c718336f1b99eccdada
Corn_(maize)___Northern_Leaf_Blight/81b33e60-d234-4e3a-90d7-900927e74d7f___RS_NLB 4166.JPG,Corn_(maize)___Northern_Leaf_Blight,3665,1135a73d953df542ff8ea27d4dd0ba085d59f284d03ba4e0009befbec5b8e18d
Corn_(maize)___Northern_Leaf_Blight/81d3043b-914e-47fb-b681-a73900025e2a___RS_NLB 3958.JPG,Corn_(maize)___Northern_Leaf_Blight,3364,619b03bc33bbf0bda4b6b8652858dc154af754d53f1687bd5b52c419f1663716
Corn_(maize)___Northern_Leaf_Blight/823df39c-56d2-4a28-b757-61d19db5152c___RS_NLB 4235 copy 2.jpg,Corn_(maize)___Northern_Leaf_Blight,3365,126d0bd3659bc3e8296ae1f45dbc01c0dd1dfc0ca263f32eb48ce067d0cd99b0
Corn_(maize)___Northern_Leaf_Blight/824f1625-2e71-4df7-ab63-e0093d9a46a0___RS_NLB 3850.JPG,Corn_(maize)___Northern_Leaf_Blight,3366,62936540938daf3595faaf29b04ab2291a2b654dab5aef4aa4d52b8baec3639c
Corn_(maize)___Northern_Leaf_Blight/82627249-dfdd-4afc-aa5a-6653a6d68824___RS_NLB 3954 copy 2.jpg,Corn_(maize)___Northern_Leaf_Blight,3367,c02e32cdc5f34e5d69df3a33056bed57266ba1e690041052abc826d8f9d12721
Corn_(maize)___Northern_Leaf_Blight/828594dc-1ed5-4b8b-84a4-90e0d7225969___RS_NLB 0790.JPG,Corn_(maize)___Northern_Leaf_Blight,3368,9a00b6654f8de4cfe133af0abf6a26af06eb069d0bb0fb3d42a8278bca2df76e
Corn_(maize)___Northern_Leaf_Blight/82950cdc-cb72-437c-b1da-3e6988b9078d___RS_NLB 4131.JPG,Corn_(maize)___Northern_Leaf_Blight,3369,487597d20d0ed1f05aceec7ba3b098c7ae4eb2eac93fe584f05a873b827cf879
Corn_(maize)___Northern_Leaf_Blight/82cbd4a0-2616-4375-addc-ad4a83ef95ec___RS_NLB 3595.JPG,Corn_(maize)___Northern_Leaf_Blight,3370,179dd15943cc680c718a974de6378f753383a9e5f447a2478d8eedcf99e4f213
Corn_(maize)___Northern_Leaf_Blight/83327a8d-9bfd-49d6-9fc9-bc065a379bce___RS_NLB 4044 copy 2.jpg,Corn_(maize)___Northern_Leaf_Blight,3564,2521c5cff0f831b830e0171eadbd2982a6b20c73a72932879ea0a7856a489e00
Corn_(maize)___Northern_Leaf_Blight/839ba99e-e297-43b4-9067-69b74ab61ab7___RS_NLB 4063.JPG,Corn_(maize)___Northern_Leaf_Blight,3372,768ce3b664e0c2afeb1b416f8e7f817a43c20fe6be22df42b9f3e10384a5eb70
Corn_(maize)___Northern_Leaf_Blight/8442e3a8-1010-4dbb-8293-3f427e1ddeb3___RS_NLB 4001.JPG,Corn_(maize)___Northern_Leaf_Blight,3373,12f3821a28b59f8562c648c274571893765f1c888858aa8b08d6c1cbe0cfa151
Corn_(maize)___Northern_Leaf_Blight/844fe769-fd03-46df-973e-e9b0b37891d2___RS_NLB 3858.JPG,Corn_(maize)___Northern_Leaf_Blight,3374,2eb003c1b75da94b76dbf83550550ed567c413e89e728a825bf56977c586d450
Corn_(maize)___Northern_Leaf_Blight/845ece89-ec44-4727-b5f4-8df8407b6fea___RS_NLB 4039 copy.jpg,Corn_(maize)___Northern_Leaf_Blight,3848,00b1684dd9d04cc53e65d7cd2dc111dcdddcd347bbe1ec7852066b35ff3eb68c
Corn_(maize)___Northern_Leaf_Blight/85f5a1b1-18bb-492e-834b-b908bebd3607___RS_NLB 0772.JPG,Corn_(maize)___Northern_Leaf_Blight,3376,7d7a6e9407a4ae040ea51dba0a0b9495b484fdbc2d1999b0b0a75afe2d472f8b
Corn_(maize)___Northern_Leaf_Blight/8602c5b9-6f3c-455d-8a8a-c80f237395bc___RS_NLB 3659.JPG,Corn_(maize)___Northern_Leaf_Blight,3377,0f2805e56ef62307a18286c2a56baa9e89e44cc2e6a9b1d185061ecd9d0d0df8
Corn_(maize)___Northern_Leaf_Blight/86062894-9b3a-475f-b321-28b4cf9074ae___RS_NLB 3903.JPG,Corn_(maize)___Northern_Leaf_Blight,3378,bb7f20222a5e3b07ad4bfb98c9b3cbb3fc7ffa21a15e8c4bc28cea558aa8c0ee
Corn_(maize)___Northern_Leaf_Blight/869f3ccf-c9f3-44f8-8214-4a513d4eb2df___RS_NLB 0779.JPG,Corn_(maize)___Northern_Leaf_Blight,3379,9d8cd263887d32962840a139ddc641df87e40853300bb5cdc8ddb36d2fc15c08
Corn_(maize)___Northern_Leaf_Blight/86c4280e-2954-4d0c-b9d5-711cab634904___RS_NLB 3641.JPG,Corn_(maize)___Northern_Leaf_Blight,3380,0cf308d34db4261185b97a5421460427a0e200f850a433efa360e14663c1630b
Corn_(maize)___Northern_Leaf_Blight/87127781-0ffa-401c-8a40-476533092885___RS_NLB 4667.JPG,Corn_(maize)___Northern_Leaf_Blight,3381,5831508727ac0c9571817e2103b2716332e6f28784ac1cda11e7290f844745b2
Corn_(maize)___Northern_Leaf_Blight/875cab84-af2a-474c-8f2a-a1127fb1847c___RS_NLB 4167.JPG,Corn_(maize)___Northern_Leaf_Blight,3382,089ecdb6aacdc65d570e87461829acfbdb31a4db707b6e8686afa322c2f2cdfe
Corn_(maize)___Northern_Leaf_Blight/87705bdf-957a-4abb-b8b6-159d64de4e02___RS_NLB 3985.JPG,Corn_(maize)___Northern_Leaf_Blight,3383,06418b35643b538434fea65071d98fe757eab08d5d38b50a77e5cf215b1c0156
Corn_(maize)___Northern_Leaf_Blight/87ae7169-5770-493e-93c2-761f6e885bad___RS_NLB 0816.JPG,Corn_(maize)___Northern_Leaf_Blight,3384,8de5b39f5452faffcc8fcd0b2e0340bc4f3934f1838abb3507c63f30947c9b3e
Corn_(maize)___Northern_Leaf_Blight/8808dc45-6683-4e50-a324-938dbb78afc9___RS_NLB 3754.JPG,Corn_(maize)___Northern_Leaf_Blight,3385,4e42276136a76d72d9439aed4d82fb353e5c53e1bc3e018693e74b569a555e89
Corn_(maize)___Northern_Leaf_Blight/8970b98a-13dc-4293-8795-33436cef05e7___RS_NLB 3559.JPG,Corn_(maize)___Northern_Leaf_Blight,3386,c413e35d10bf19ef723de06755f41fee743f85ab5995090c408506a8b0117667
Corn_(maize)___Northern_Leaf_Blight/89926d8f-aad1-4918-9d37-e1f3e0a4c6b6___RS_NLB 3861.JPG,Corn_(maize)___Northern_Leaf_Blight,3387,a3ab7f6aed323c3374ab733cbafcb611ff965812de700e85954e05d96a30607b
Corn_(maize)___Northern_Leaf_Blight/89faef04-7b28-41bc-a910-d89890f028d1___RS_NLB 0795.JPG,Corn_(maize)___Northern_Leaf_Blight,3388,fbff54ee3b6c561c1460c7343cd512fb96e579610c46bdb75fd76fb89a1e05f6
Corn_(maize)___Northern_Leaf_Blight/8a326726-b032-482d-a75a-2c9401f57fae___RS_NLB 4145.JPG,Corn_(maize)___Northern_Leaf_Blight,3389,67871afc2fb5a1d5afc89dbfc6756f442c16dd817ddf4e6d6adbc24fc1228de7
Corn_(maize)___Northern_Leaf_Blight/8a672c1e-45ea-4ee1-ae48-8dd1c14b0a83___RS_NLB 0826.JPG,Corn_(maize)___Northern_Leaf_Blight,3390,fa1870fd6be4754990bd0071e1400fdb0dd1180a396e9fb1e543a1897370ea8d
Corn_(maize)___Northern_Leaf_Blight/8a936e9c-617d-4f4c-834a-6b4cb40db290___RS_NLB 3660.JPG,Corn_(maize)___Northern_Leaf_Blight,3391,08f6918504d52dd5a51e78d9b132e82ffd398a830ab779e79546bca385e3b873
Corn_(maize)___Northern_Leaf_Blight/8b09fccc-2ee5-41dd-ac51-99e82e2f81f6___RS_NLB 3518.JPG,Corn_(maize)___Northern_Leaf_Blight,3392,50b58dca5aacc817fa3c09c57da4a7029037962ddab37b8aa9101236aedd218e
Corn_(maize)___Northern_Leaf_Blight/8b2c9cfc-a522-4675-8fb0-87c627849b83___RS_NLB  4672.JPG,Corn_(maize)___Northern_Leaf_Blight,3393,fde7f3aebda15e8f43e1ff866e7917b766b5b8288ad28cbd5554aa60700f3a46
Corn_(maize)___Northern_Leaf_Blight/8b83a278-e88c-4efa-a203-2c43a7085aec___RS_NLB 4094 copy 2.jpg,Corn_(maize)___Northern_Leaf_Blight,3394,54f203dc51c628aa43f12836845417b1bfe6c8f1b244075761c1db4bd07fb42f
Corn_(maize)___Northern_Leaf_Blight/8b9ae2cf-fcc9-44f8-889a-4868014c70b4___RS_NLB 3936.JPG,Corn_(maize)___Northern_Leaf_Blight,3395,3e1d591c9e5f9c1e62f07b6c50ad106f94984599cf8e4db13c2dfd4c02eaeca6
Corn_(maize)___Northern_Leaf_Blight/8bd5dce4-b65c-456f-95b1-a86ff17f4f94___RS_NLB 3894.JPG,Corn_(maize)___Northern_Leaf_Blight,3396,4c13735ba9424a41af747827e3c2433813e1ddb14f60188f6b389dbcf8551113
Corn_(maize)___Northern_Leaf_Blight/8bfe3fc0-c082-49e0-98b0-ff84aee8595e___RS_NLB 3842.JPG,Corn_(maize)___Northern_Leaf_Blight,3397,920093f3751fad60b9f10c92712927e1cefb9da74c09d8e08fab2487089cd323
Corn_(maize)___Northern_Leaf_Blight/8c22c962-864b-4d20-9b94-660407f90533___RS_NLB 3619.JPG,Corn_(maize)___Northern_Leaf_Blight,3398,e822feadcd708a986d5b706c354d56abaa1fefd6225d5e0629042c237ce9a4e6
Corn_(maize)___Northern_Leaf_Blight/8c3fa556-9a06-4f43-bfe6-17bcfabb1d8e___RS_NLB 0809.JPG,Corn_(maize)___Northern_Leaf_Blight,3399,19e95163ec2422bcdd4a53ea9ba049735805b6a24c9b75dd5131b9df35b3f741
Corn_(maize)___Northern_Leaf_Blight/8c4c376b-1f9a-4dde-88f3-453f6154c25f___RS_NLB 3987.JPG,Corn_(maize)___Northern_Leaf_Blight,3400,1408470ffb11359aa962ebf5764bd16bfddfdb28e429742f680a63c7f9688553
Corn_(maize)___Northern_Leaf_Blight/8c674c27-dcc1-4ce3-a3e7-669f9dd3521b___RS_NLB 3867.JPG,Corn_(maize)___Northern_Leaf_Blight,3401,6a21124c06752f40a55cd65bde2eb811b996b7f53d200479ec60825da93173ec
Corn_(maize)___Northern_Leaf_Blight/8c84fa5e-9ec4-4bdc-a6da-5f817d0461c8___RS_NLB 3931 copy 2.jpg,Corn_(maize)___Northern_Leaf_Blight,3402,eef5a57824278ec80ddf58e5daa1eb7bc3064d6750854292b4886621791ec148
Corn_(maize)___Northern_Leaf_Blight/8d420db3-e5d3-4537-a3f9-d57263843f21___RS_NLB 4073.JPG,Corn_(maize)___Northern_Leaf_Blight,3403,79c9bccd2b8f4fe45690887b6a2a13b24d05679d2d72c99472a2b300bd74becc
Corn_(maize)___Northern_Leaf_Blight/8d85e89c-69a7-472a-8a60-9cea0c6e13e8___RS_NLB 3611.JPG,Corn_(maize)___Northern_Leaf_Blight,3404,838e77b9381ce33125b7113d654832bba87f091f2dc8ab4e211449cd4cb0f3ee
Corn_(maize)___Northern_Leaf_Blight/8e0669bb-1959-4f28-b98d-da3c2d85396c___RS_NLB 3678.JPG,Corn_(maize)___Northern_Leaf_Blight,3405,98714af8e2a846b0566c83899e259629531eecdc6278b12dad2a6ec8d967f2c7
Corn_(maize)___Northern_Leaf_Blight/8e425c04-d739-4b31-8736-92fddf56aef3___RS_NLB 3807.JPG,Corn_(maize)___Northern_Leaf_Blight,3406,781cb0d1b91159877f448a8a3bc4b4d98a0ccc547098202bffe010764067d816
Corn_(maize)___Northern_Leaf_Blight/8e4fd84d-73d6-4dbd-b049-d0e01b8cd8bd___RS_NLB 3913.JPG,Corn_(maize)___Northern_Leaf_Blight,3407,6f8914ac04dd91d968b9472a725b186732483dff5acac79ae5ae2a7445fe4190
Corn_(maize)___Northern_Leaf_Blight/8f0fc373-ecfa-4420-bd93-d8693409dc3b___RS_NLB 4021.JPG,Corn_(maize)___Northern_Leaf_Blight,3408,5ffb387ee5929f9628b12badc48467d8bb3cbfe2ffb7504b9e746b1f224c061e
Corn_(maize)___Northern_Leaf_Blight/8f633697-a90c-45ed-b056-8c69f3e32eaa___RS_NLB 4265.JPG,Corn_(maize)___Northern_Leaf_Blight,3409,720fa66f8586a5b0795c147aa83da18da7fc7ad9f1c861e1087462c39e8bc26e
Corn_(maize)___Northern_Leaf_Blight/8f9ac1a8-f91f-4895-ba02-a2ff696fa43e___RS_NLB 3486.JPG,Corn_(maize)___Northern_Leaf_Blight,3810,6fb3ac72f6bcae59e68b8d59823c2cd0f1d6e02b4ebdb104582bb4f174ca3f40
Corn_(maize)___Northern_Leaf_Blight/900c8aee-0d1d-4963-aa84-42d9be09b665___RS_NLB 4112.JPG,Corn_(maize)___Northern_Leaf_Blight,3411,57aba29eabf3c3b92ac1f6620aa428bff9cbf18c295d25b60afc7edf91b40c56
Corn_(maize)___Northern_Leaf_Blight/90dd4436-0614-4f6b-ad3b-b8db56ce4de8___RS_NLB  4673.JPG,Corn_(maize)___Northern_Leaf_Blight,3412,9d18d58f60c881feea6254a9b482346d7c6740ff5652a78527a7578a887fdba5
Corn_(maize)___Northern_Leaf_Blight/9135c535-4123-4e5e-af3f-98ba6723c678___RS_NLB 4078.JPG,Corn_(maize)___Northern_Leaf_Blight,3413,2701d80629f0d55b950c9d6e1fa20d7ee80d162895afeeb83a00866b647f4ee6
Corn_(maize)___Northern_Leaf_Blight/91646911-a079-4183-bc96-f0ea25e8a847___RS_NLB 3492.JPG,Corn_(maize)___Northern_Leaf_Blight,3414,11b98345d8191c9cef438f46d7ef9c94604fea04bdea2ff2643e630a0eca1321
Corn_(maize)___Northern_Leaf_Blight/919505a0-7e06-4a89-8faf-f308bd644a6a___RS_NLB 4141.JPG,Corn_(maize)___Northern_Leaf_Blight,3415,8c8e1566169ca892463edcf1e1ca145e237b312056b93fde588f1b044fc026c3
Corn_(maize)___Northern_Leaf_Blight/921bc4df-da29-4371-bbd6-489e87ff3c49___RS_NLB 4133.JPG,Corn_(maize)___Northern_Leaf_Blight,3416,40f881325181270e34e51fb826489dcb763ace9c1e0c1db05aa2f3bedb1ae1ee
Corn_(maize)___Northern_Leaf_Blight/92274867-1466-479b-81df-23eac6437781___RS_NLB 4047.JPG,Corn_(maize)___Northern_Leaf_Blight,3417,15e515f5c07655b26bcc3c7885f720659b7828858ac3d2f6c0f039d63ac34d9a
Corn_(maize)___Northern_Leaf_Blight/92ace470-d37c-45c6-9416-c03b6ea60f6f___RS_NLB 3882.JPG,Corn_(maize)___Northern_Leaf_Blight,3418,c1c04fbbad822809c33231d5d617b09e10a4b631c0556ea87a1afcc396c81485
Corn_(maize)___Northern_Leaf_Blight/92cfbad9-bad0-428a-b9e1-d3aa67d0c063___RS_NLB 4217.JPG,Corn_(maize)___Northern_Leaf_Blight,3419,f24b693f787bb47f52da1bcc1589b4fd24f8105c22dd9364b46cd9e2c7048e0f
Corn_(maize)___Northern_Leaf_Blight/92d654a4-bd4d-48ed-9bdf-1750662ae4af___RS_NLB 4088.JPG,Corn_(maize)___Northern_Leaf_Blight,3420,b8027b1112b08cfb22127af5264accb5a402291b3e69ba8927013bdc8656ed0a
Corn_(maize)___Northern_Leaf_Blight/92e0ba47-165f-457c-9be0-baa37eb16d40___RS_NLB 3624.JPG,Corn_(maize)___Northern_Leaf_Blight,3421,f67ebb4a252a9373e8c298e5eda94a9a53a42f7c2240cdc4e6e28e494c3aeb74
Corn_(maize)___Northern_Leaf_Blight/92e77a3d-1547-480e-8811-694533238c01___RS_NLB 3944.JPG,Corn_(maize)___Northern_Leaf_Blight,3422,615e17f90dfcb94b3528c22536d1a00d3db12ab76c4234a4c45cae995b5965a5
Corn_(maize)___Northern_Leaf_Blight/931b2ec6-2ed7-4a70-8309-7bce6a01d0fd___RS_NLB 3757.JPG,Corn_(maize)___Northern_Leaf_Blight,3423,f6d1434a03bf799e00d5a6b25ca379741d082283aee961a86738b466946d480a
Corn_(maize)___Northern_Leaf_Blight/933d0774-c65e-4d66-b659-8813ecd3fcce___RS_NLB 3782.JPG,Corn_(maize)___Northern_Leaf_Blight,3424,72abe1c972f0ceb612f363e1ddb0327bd68c6144528d84170f547a3dc8351c09
Corn_(maize)___Northern_Leaf_Blight/937bf586-316f-4916-9a51-c9addfc9ff2a___RS_NLB 3733.JPG,Corn_(maize)___Northern_Leaf_Blight,3425,4e465fb16882b550418ba8ae95331a3d13dafbe64312b6062cfe1b68a48b19f6
Corn_(maize)___Northern_Leaf_Blight/937c02c2-e783-4c8b-a04c-ce5411970236___RS_NLB 3911.JPG,Corn_(maize)___Northern_Leaf_Blight,3426,86e82ce602b0aa6177d017a6dcc7e1b1ed2d86270cef3db3d05c5946cbbd5ebb
Corn_(maize)___Northern_Leaf_Blight/9476e78e-6838-4592-af6c-931e899a90b1___RS_NLB 3885.JPG,Corn_(maize)___Northern_Leaf_Blight,3427,72aff61456bd46f3a6c5c883cb1db7d13558ff08fd6da4cfda9d9da5d8967842
Corn_(maize)___Northern_Leaf_Blight/948adb0d-8641-48ee-ba43-53e34b33bece___RS_NLB 3590.JPG,Corn_(maize)___Northern_Leaf_Blight,3428,c4932cd37ca8ae7d576b13c7aabe295baadd0c2ecfc39ae27d52e0dca9ccc7b5
Corn_(maize)___Northern_Leaf_Blight/94c9fcc4-a643-4a7e-b56e-5a952bb7c791___RS_NLB 3999.JPG,Corn_(maize)___Northern_Leaf_Blight,3429,5910681f8b3aee2ca398b5113517a60f60822f3d77b1940cccdee01d7dd9556d
Corn_(maize)___Northern_Leaf_Blight/952a1717-81d6-482d-b13b-3897a420fd47___RS_NLB 3994.JPG,Corn_(maize)___Northern_Leaf_Blight,3430,1c064f651ae7dde9e6913df826af32b115088e40ef1562bcd2abcc72bb314b8a
Corn_(maize)___Northern_Leaf_Blight/9545cf19-5eb2-48ca-ba90-2117f1d3af49___RS_NLB 3792.JPG,Corn_(maize)___Northern_Leaf_Blight,3431,3599379c905b370ab5b7930aaf3fbf4c6e7c986bf013b71628336665baf7049c
Corn_(maize)___Northern_Leaf_Blight/95786afb-4b8e-4837-a396-0157ec1a2245___RS_NLB 0767.JPG,Corn_(maize)___Northern_Leaf_Blight,3432,08fa84150832cc3d17ff8b8e3bb6b7934f503893f3c7aa41d7ce6a0d40ea4a30
Corn_(maize)___Northern_Leaf_Blight/95a60f50-bad5-4561-a1aa-94cf1e315083___RS_NLB 3853.JPG,Corn_(maize)___Northern_Leaf_Blight,3433,2a0aeae35defaf2aece05cd857a08b0f0dd1dfe6024cdf23e84cfa9b61487aed
Corn_(maize)___Northern_Leaf_Blight/95b2bcb7-56f0-47e0-82d1-7328e6863de9___RS_NLB 0787.JPG,Corn_(maize)___Northern_Leaf_Blight,3434,8fc552ceeb446267d6137f1af25d911b92c12f4470a950fdcf0aa672b91ab2a2
Corn_(maize)___Northern_Leaf_Blight/95eedb2c-7ebc-438c-82ad-99d2009e7f6a___RS_NLB 4077.JPG,Corn_(maize)___Northern_Leaf_Blight,3435,b4df1ce9b560203d577db7efbef05bfd4edb12e31b2628c81e2836c69c6faa22
Corn_(maize)___Northern_Leaf_Blight/9617c741-671f-4193-bf4d-de62642d7d85___RS_NLB 4064.JPG,Corn_(maize)___Northern_Leaf_Blight,3562,ef5f76888a0e7b72684ba6a4ff0de4be13e7fc33b62092e2aa4aa23add241e84
Corn_(maize)___Northern_Leaf_Blight/9634137b-5b5b-49eb-875a-82da77a5bc54___RS_NLB 3697.JPG,Corn_(maize)___Northern_Leaf_Blight,3437,89633c036d54407d128d5549555c7ac99115646227009257d4ab7b109b0ddb28
Corn_(maize)___Northern_Leaf_Blight/9691fbda-c8f7-4e2c-b1e8-a95038599794___RS_NLB 3900.JPG,Corn_(maize)___Northern_Leaf_Blight,3438,835d289e703477843515b1c204550bf47f0f73544481cb26ef81e29e931644ac
Corn_(maize)___Northern_Leaf_Blight/96ad24f7-d865-433f-b3ef-798ed8cc78f1___RS_NLB 3819 copy 2.jpg,Corn_(maize)___Northern_Leaf_Blight,3631,d765cb7875fc23f597583899578880351302fe508ee67834bc7bd6466de32dd0
Corn_(maize)___Northern_Leaf_Blight/96e81d2a-1f67-423a-905e-6b0b3543f120___RS_NLB 3576 copy 2.jpg,Corn_(maize)___Northern_Leaf_Blight,3440,b48752157d59c85d7dd2826c42efdd873e3456d532d6674e63e5d3856f890ccf
Corn_(maize)___Northern_Leaf_Blight/97bb609b-99f9-4dd8-9468-cb24cb17bf7c___RS_NLB 3497.JPG,Corn_(maize)___Northern_Leaf_Blight,3441,4e69aa8c0b5b7d06cd679428ebf6d6342f56d21a6cffc38d61444c24f52e211e
Corn_(maize)___Northern_Leaf_Blight/98c96eff-fa58-48bd-a2ae-3b2f2bfa7989___RS_NLB 3751.JPG,Corn_(maize)___Northern_Leaf_Blight,3442,0ff881b984617dc7e6b10d62cf413c7fd9c3b290ce1b6b375636cdeb0bc4ccaa
Corn_(maize)___Northern_Leaf_Blight/98f774a9-df98-45d1-903a-b0c4f6fe6b59___RS_NLB 4211.JPG,Corn_(maize)___Northern_Leaf_Blight,3443,82e3d0cd160713e14c5d764ec82cdc95c13c01bc6dab8132505a3ab184ba1fe7
Corn_(maize)___Northern_Leaf_Blight/9943cc83-f708-487b-b45e-a9ac23ee3973___RS_NLB 4045.JPG,Corn_(maize)___Northern_Leaf_Blight,3444,db69d8c010c4712299de0f0037469bbd9d08bdef51a57e6c8a3b4afe52e4c186
Corn_(maize)___Northern_Leaf_Blight/995678f2-e77e-4db2-a858-49cfc0f2d423___RS_NLB 3609.JPG,Corn_(maize)___Northern_Leaf_Blight,3445,03d221fe5f9577529433b4b25602f31960582e1d3a4f8217925678d8a4e5d7f9
Corn_(maize)___Northern_Leaf_Blight/9986cb1f-ac94-4f95-b9a1-3815296b66cb___RS_NLB 3806 copy 2.jpg,Corn_(maize)___Northern_Leaf_Blight,3446,451d887c747b611795f7227a55bc519449930a54274a39d0f02d48eb9a8d1738
Corn_(maize)___Northern_Leaf_Blight/99ee381f-c18c-4cf4-b62a-af315af69d5d___RS_NLB 3493.JPG,Corn_(maize)___Northern_Leaf_Blight,3447,99a1b33d02bc8d184b833418055761b99a91244d024847173d3f1636650369ea
Corn_(maize)___Northern_Leaf_Blight/99f77104-ed40-46c6-aed2-91c58cc3ffa7___RS_NLB 4246.JPG,Corn_(maize)___Northern_Leaf_Blight,3448,d9777de8cc3c545d36292a8b184802ea2d1de8306d4d896113be50e02b3f416d
Corn_(maize)___Northern_Leaf_Blight/99ff5228-10ed-433b-bb50-1a1c7869a58d___RS_NLB 4253.JPG,Corn_(maize)___Northern_Leaf_Blight,3449,905c9c0ad517f327ef0f9343930400ec1a09ca072fcb7e613a033b06f23b2dc7
Corn_(maize)___Northern_Leaf_Blight/9a16ff5e-7227-4739-8e42-f1bc3e478acf___RS_NLB 3699.JPG,Corn_(maize)___Northern_Leaf_Blight,3450,6b834df34083ab7ef955bccbf57c4f22b1714ae26d0c58427cef95c3aba959c7
Corn_(maize)___Northern_Leaf_Blight/9a4feadf-4940-4c42-9dd8-18f0e98c4c58___RS_NLB 3539.JPG,Corn_(maize)___Northern_Leaf_Blight,3451,a877229b5c38644d85737d9d98166c09265e0f2d8f0b4074fc4e40a92835dc9e
Corn_(maize)___Northern_Leaf_Blight/9b49dc45-f159-4d0e-af91-daa06f792e8b___RS_NLB 0797.JPG,Corn_(maize)___Northern_Leaf_Blight,3452,6b63e4dfc680e40b8e3bbdfaa283357cda473ff0ecf9748ea7927aefe8c1a2ff
Corn_(maize)___Northern_Leaf_Blight/9b687075-05f7-43ad-86f3-3c0a784743ab___RS_NLB 3909.JPG,Corn_(maize)___Northern_Leaf_Blight,3453,5d6ad682584302bc817e4c56ec6975bf8e2af3a5040c00507ebab21e92e986cd
Corn_(maize)___Northern_Leaf_Blight/9bc5549b-6193-4d07-961c-e9a3a3f639ba___RS_NLB 0788.JPG,Corn_(maize)___Northern_Leaf_Blight,3454,449fdf26b94b36cf919a2207c51bd7a84dccdb4153cc000ba91510667271a1f2
Corn_(maize)___Northern_Leaf_Blight/9c75d1f3-9a11-4b76-90cc-ade68ea91ce9___RS_NLB 0824 copy 2.jpg,Corn_(maize)___Northern_Leaf_Blight,3455,dd4dbb784f2f9df1129c44ef0fe11aa8daacb0f301d722a55007ddd82ca898e0
Corn_(maize)___Northern_Leaf_Blight/9c7b6913-1640-4ee7-85b8-5e457fab550e___RS_NLB 3509.JPG,Corn_(maize)___Northern_Leaf_Blight,3456,bd37bb0c746c9aa0b1b4f1f59b9548260336ece976e647077a2b55c6bf114ff0
Corn_(maize)___Northern_Leaf_Blight/9ccccf8b-44fe-4ecb-81df-191fa6be8772___RS_NLB 3780.JPG,Corn_(maize)___Northern_Leaf_Blight,3457,e1733e58a76e1eedb0f78598b7d7b6af005ae82c85ec487abaadc02d16c4bbd8
Corn_(maize)___Northern_Leaf_Blight/9ce41fa1-3d14-4b66-9a13-da488a8727d7___RS_NLB 3997.JPG,Corn_(maize)___Northern_Leaf_Blight,3458,8f20f627ce3c4ce97d2bc9f25074a8fdff371f10b49908418df2930614c99b59
Corn_(maize)___Northern_Leaf_Blight/9d2d967e-cd83-4407-96ee-4620a979b00b___RS_NLB 4283.JPG,Corn_(maize)___Northern_Leaf_Blight,3459,181b43916db9485932e35d1959265d9ce47b3edca271e269b2862ec0bc080482
Corn_(maize)___Northern_Leaf_Blight/9d5c72fa-9b60-45fa-aca8-98db5ef39f0b___RS_NLB 4098.JPG,Corn_(maize)___Northern_Leaf_Blight,3460,8ada57cd09e3d93d84437f392ecc9d5364afbc681b3e19ad742ba83b1af979fa
Corn_(maize)___Northern_Leaf_Blight/9da84745-3a29-48c0-a809-3137e8ad1258___RS_NLB 4257.JPG,Corn_(maize)___Northern_Leaf_Blight,3461,1dc487bb3d80e492e5eaed6fe1358ef5d6273f2e53af4ba46e9c29d5f0123023
Corn_(maize)___Northern_Leaf_Blight/9dffdf42-2221-4cab-8228-35b011956849___RS_NLB 3567.JPG,Corn_(maize)___Northern_Leaf_Blight,3462,3bf7a06090c3e19846a13a932336b5e4b85080ae247533864b3a27c8ba28d1d6
Corn_(maize)___Northern_Leaf_Blight/9e657ac4-0de6-4ba4-b10c-49a5e8a1fa4d___RS_NLB 4174.JPG,Corn_(maize)___Northern_Leaf_Blight,3463,a0ac9f38f2f3531fe4d6cf57ef93f79cf668e01457a8c033fd8ed637f28da16d
Corn_(maize)___Northern_Leaf_Blight/9e99be96-fd57-4fee-930c-340ccdad9a20___RS_NLB 4178.JPG,Corn_(maize)___Northern_Leaf_Blight,3464,9f9644e26079b32ace4de6ebed97be643c5f2c89c5745671edb8ae86f125582d
Corn_(maize)___Northern_Leaf_Blight/9ebe7867-1d2c-4d72-8a7f-ff45ea5fa534___RS_NLB 3672 copy3.jpg,Corn_(maize)___Northern_Leaf_Blight,3465,b8c6f7cd4e71d8b1ab240e95326bc0c34d73a1d2966039bd69b26a90bf57fe83
Corn_(maize)___Northern_Leaf_Blight/9ed2cd87-1fa0-4425-bd07-d09cae22a936___RS_NLB 3525.JPG,Corn_(maize)___Northern_Leaf_Blight,3466,26710633b9398f7b913330a268cc778566fb3db84ffe62d715dabca0ce288641
Corn_(maize)___Northern_Leaf_Blight/9f0a304d-0d47-4c7c-b64f-a9fff5c09c42___RS_NLB 3938.JPG,Corn_(maize)___Northern_Leaf_Blight,3467,706c9229d12f8f2015abb12b157800e057325d90f3591e8a12a28e19847f09a4
Corn_(maize)___Northern_Leaf_Blight/9f0cbfae-ce1e-48c7-8fdc-496c57e4d9d0___RS_NLB 4153.JPG,Corn_(maize)___Northern_Leaf_Blight,3468,e7352d1cb2f762f9b9c734e1134d697195ff967833bbf918954b125d7fb5a5cc
Corn_(maize)___Northern_Leaf_Blight/9f5b5f44-b2cb-40d9-87ba-46376528f25e___RS_NLB 3852.JPG,Corn_(maize)___Northern_Leaf_Blight,3469,45a213a4f21d2f4edb1adb8180382e8c686e592726b3c5bad7a26280af136314
Corn_(maize)___Northern_Leaf_Blight/9f9bba25-9ffb-472d-8fb7-b887ba59de51___RS_NLB 3980.JPG,Corn_(maize)___Northern_Leaf_Blight,3470,b61e35ae93908234a3d8cdc1b97e578fabf29118b7c9ec3d1cc55dfc1783351a
Corn_(maize)___Northern_Leaf_Blight/9f9d4aba-57b8-4c76-9d3f-f029e1728461___RS_NLB 4135.JPG,Corn_(maize)___Northern_Leaf_Blight,3471,387297bc29bdbf052bc0e79f3fd8004b15613c82b02474d864e7ea8a03dbcb04
Corn_(maize)___Northern_Leaf_Blight/9fa592aa-6724-4d4d-b00c-9f933918ab92___RS_NLB 3785.JPG,Corn_(maize)___Northern_Leaf_Blight,3472,4df8a1823e0431f9750c60d97a5b648d87cc8af26867d568923dfdfa5dde31cd
Corn_(maize)___Northern_Leaf_Blight/9fec4d0d-462f-4b8f-8731-be6961908639___RS_NLB 3612.JPG,Corn_(maize)___Northern_Leaf_Blight,3473,8a7853c45c4e7b173ff5a28451d30f375817413c31674c924aff515dbe163e9f
Corn_(maize)___Northern_Leaf_Blight/a04d47a2-1cca-41c5-aef8-875158c78531___RS_NLB 3646.JPG,Corn_(maize)___Northern_Leaf_Blight,3474,fdf37af901c76d1426b913d0d3d1c43d66ce2c9ce07f1d5d7d19238a0d4d50dd
Corn_(maize)___Northern_Leaf_Blight/a0d31f49-895a-4921-afb7-a546f6589433___RS_NLB  4670 copy 2.jpg,Corn_(maize)___Northern_Leaf_Blight,3475,4a2fd0beb1b15e6c98d455dc8965d9b4d71dac85b121596c00537400c67bd829
Corn_(maize)___Northern_Leaf_Blight/a1239833-7c07-4f71-b81a-44bbdf370f1a___RS_NLB 3825.JPG,Corn_(maize)___Northern_Leaf_Blight,3476,965394b8f520cb90d9a8378defce93d39ca92fdb51fc3cf142c6b5086cfde977
Corn_(maize)___Northern_Leaf_Blight/a21bb11c-f4e4-4a84-bd86-6e089bb40ad3___RS_NLB 3870.JPG,Corn_(maize)___Northern_Leaf_Blight,3477,e03d4e38b9daee20a559259bb391ca62aa322429a05d4c79659f3020ecf759e8
Corn_(maize)___Northern_Leaf_Blight/a256faa3-f55a-4419-884b-1f7e01b77d10___RS_NLB 3871.JPG,Corn_(maize)___Northern_Leaf_Blight,3478,43be70506c4563434df40a729c37ae2572b1e956520aab3465b0c3f6983335b7
Corn_(maize)___Northern_Leaf_Blight/a25e0982-60a0-4282-bedf-0512171e2fde___RS_NLB 4061 copy.jpg,Corn_(maize)___Northern_Leaf_Blight,3793,b5faa3f3733441adfd0885d5e5b8ab6d287159b7067be5ea32e35709e78f2a67
Corn_(maize)___Northern_Leaf_Blight/a294edd3-2e37-4901-b35a-454480f4cea1___RS_NLB 0768.JPG,Corn_(maize)___Northern_Leaf_Blight,3480,b100823a5e5edd3978c2b14ceaa42fc93463d1ca06c1274f4039359b4b470f35
Corn_(maize)___Northern_Leaf_Blight/a2b1b321-40f4-4636-be16-bb69912b6e40___RS_NLB 0798.JPG,Corn_(maize)___Northern_Leaf_Blight,3481,0c08d2c100044bff4a4247a1a3ad746a56739dbd717181dc415b320c894fbde7
Corn_(maize)___Northern_Leaf_Blight/a2dfefdf-9983-46a3-b6b2-8a0aebbf390e___RS_NLB 4147 copy 2.jpg,Corn_(maize)___Northern_Leaf_Blight,3482,1e097ddce04cca01159b0bc4754c327ada85c3b99ae9e0c51e7fdc9cd8110034
Corn_(maize)___Northern_Leaf_Blight/a3155868-d50e-45d7-a0bf-870d3f5d16eb___RS_NLB 4263.JPG,Corn_(maize)___Northern_Leaf_Blight,3483,2b38f65a2614f19e03ff2eed75a590fe5430e9a4819e8cb52a4f192badeb9c40
Corn_(maize)___Northern_Leaf_Blight/a3359351-66b0-4774-8165-6e002c8fb96f___RS_NLB 3634.JPG,Corn_(maize)___Northern_Leaf_Blight,3484,cae698962470a4165a3bc8c47c2885a2e76ef919f2b350a1c8400901992a08c4
Corn_(maize)___Northern_Leaf_Blight/a34e16c2-cab4-43ca-9ddb-b877ea3228b7___RS_NLB 4189.JPG,Corn_(maize)___Northern_Leaf_Blight,3485,90027e7834e9369816881cd4277cf9d8f0a0dd14de1716a2ed2b8d3c4d1b6bdc
Corn_(maize)___Northern_Leaf_Blight/a34edad5-bf33-4d6c-bf2b-68a35c3f6987___RS_NLB 4181.JPG,Corn_(maize)___Northern_Leaf_Blight,3486,9e54fa027ff697a1fb7e9c3489f58739d1dccde853c7e347584665a28f5ca3f2
Corn_(maize)___Northern_Leaf_Blight/a3597d3e-d2db-4068-aa85-d09464197fe2___RS_NLB 4137.JPG,Corn_(maize)___Northern_Leaf_Blight,3487,941ccac4c0238eadfcf888e6b04a65ce144e0cc85ae174503005303a860297f0
Corn_(maize)___Northern_Leaf_Blight/a39fa20e-9f78-4064-96a9-e1926964e19a___RS_NLB 4120.JPG,Corn_(maize)___Northern_Leaf_Blight,3488,125bac0a96900116302007e618422b44c41a1a073637979901316375ece2aa33
Corn_(maize)___Northern_Leaf_Blight/a3a57aa7-6785-48a8-9bb6-f2726d365f9f___RS_NLB 3686.JPG,Corn_(maize)___Northern_Leaf_Blight,3489,d581dbb4660306ade847356cf95dccd3b31ed7a5822e9cb83d4a6548457bc33c
Corn_(maize)___Northern_Leaf_Blight/a3b588f0-1c34-4a1e-ad47-c2202a896173___RS_NLB 3834.JPG,Corn_(maize)___Northern_Leaf_Blight,3835,0ff132c5c6ea2e02fad2e2e8b0e2187772a6cc69d8e06ec69d977707845e4625
Corn_(maize)___Northern_Leaf_Blight/a3be7c5c-5a5c-4b66-87f9-d74a9d5d409d___RS_NLB 4228 copy.jpg,Corn_(maize)___Northern_Leaf_Blight,3491,a797afb98becf8f004daa9e2ed30948dce3bc4f3c03fa148e4f0104fa58bafcf
Corn_(maize)___Northern_Leaf_Blight/a3bffb58-3110-4063-b2dd-738d38597858___RS_NLB 3961.JPG,Corn_(maize)___Northern_Leaf_Blight,3492,aa83a92be49be62399114b59b60fce2c73f2ddc95142868d55fc41eb96123811
Corn_(maize)___Northern_Leaf_Blight/a3d50e22-77d3-4bde-a749-0b9f3d7448f7___RS_NLB 0796.JPG,Corn_(maize)___Northern_Leaf_Blight,3493,ac63c773b8cff4b8d883d6377869008da1038d32a716f3bbd061cc0ac4325e83
Corn_(maize)___Northern_Leaf_Blight/a3e748ad-0428-4758-8fdd-8887432b9724___RS_NLB 3864.JPG,Corn_(maize)___Northern_Leaf_Blight,3494,8cd859226026850b9a57dbc3aba9c7b97d66f9bd6681076166023ff951dbaff6
Corn_(maize)___Northern_Leaf_Blight/a41e31a6-c07f-43d0-8b62-c7aae76262e6___RS_NLB 3951.JPG,Corn_(maize)___Northern_Leaf_Blight,3495,186914b841bc81ffe0ae04f379f410796e137e9bdbdb95b3e982b4a335e69bd1
Corn_(maize)___Northern_Leaf_Blight/a46e1d1c-13bb-419b-b69c-a03dec0d53c1___RS_NLB 3790.JPG,Corn_(maize)___Northern_Leaf_Blight,3496,c5c8d22dfae6e92186fc7c18f26155d2374119e4be049d2f9cadbf5450d9657a
Corn_(maize)___Northern_Leaf_Blight/a4feb7a4-f0e0-4e95-8756-a50e893a0436___RS_NLB 4103.JPG,Corn_(maize)___Northern_Leaf_Blight,3497,ba720b3f8da3f6efaa2fa6f02704407bf705cc815c9c4d76301c835147752228
Corn_(maize)___Northern_Leaf_Blight/a523ac3f-ae53-4da7-a3e1-7cce38714f75___RS_NLB 3812.JPG,Corn_(maize)___Northern_Leaf_Blight,3498,4f135326c0ef1ca26f441a45dc476b3d7fefdf464f403c75c556346abdecc438
Corn_(maize)___Northern_Leaf_Blight/a5427e24-26fc-4d4f-af7d-882b9ca2bcdc___RS_NLB 4228 copy 3.jpg,Corn_(maize)___Northern_Leaf_Blight,3499,931b5b79222c525b432630951d986e732fa12f62d7f65882bad790644c31a6a6
Corn_(maize)___Northern_Leaf_Blight/a5ebf2d4-0bbc-4dda-9755-3519b14212e5___RS_NLB 3952.JPG,Corn_(maize)___Northern_Leaf_Blight,3500,2c8a5002ebb68e8d4be3e62ebc01b6b74e7d27797caff81dd1b6bc7256b57cee
Corn_(maize)___Northern_Leaf_Blight/a68b5b3a-40a9-4600-99d3-7ff995ae5742___RS_NLB 3638.JPG,Corn_(maize)___Northern_Leaf_Blight,3501,2623f213db6aa8aded27b2038f56575e64cf8f679b8c89d10e2339f26e3c91e9
Corn_(maize)___Northern_Leaf_Blight/a690d434-444c-4e06-bb9d-6661e8c6ba89___RS_NLB 3598.JPG,Corn_(maize)___Northern_Leaf_Blight,3502,0c109fdf6ca1dd34d4a432690f9a03243b7128a87f5eb02a3dc80ddd18621d75
Corn_(maize)___Northern_Leaf_Blight/a70d7087-a41c-4f67-a6a6-0f48c8bd4700___RS_NLB 3709.JPG,Corn_(maize)___Northern_Leaf_Blight,3503,5f131296c01cb930804c5a8e0879d5574c9750a0310b02c7cb6bdb6452956e1c
Corn_(maize)___Northern_Leaf_Blight/a74f0a0e-7067-4e6d-9030-d576034f1736___RS_NLB  4508 copy.jpg,Corn_(maize)___Northern_Leaf_Blight,3504,1bd67afe4e19166c6d64359b4a7bd4f03507475aab2a45955e660cf8eee6d337
Corn_(maize)___Northern_Leaf_Blight/a7a2af2d-ec31-4567-ac30-e6cc593e1cb9___RS_NLB 3995.JPG,Corn_(maize)___Northern_Leaf_Blight,3505,b091e3221b09bd81fe8e6fc495deb336d9f998b17ca5e9a9838c2ab5cb3c90b8
Corn_(maize)___Northern_Leaf_Blight/a7a738f0-39e4-4541-828d-92c5dd42ee86___RS_NLB 3544.JPG,Corn_(maize)___Northern_Leaf_Blight,3506,3c50c5b584f33d4b071ef97994394c15c444c28c2ea1978c4d7688e70f6f7323
Corn_(maize)___Northern_Leaf_Blight/a87efc8b-924b-4b99-820a-c4738bbdc446___RS_NLB 4259.JPG,Corn_(maize)___Northern_Leaf_Blight,3507,b3a456c2f581626bb6d27f6baa1d1f2aed15a304f22e31383b2bd0ca3c0271d2
Corn_(maize)___Northern_Leaf_Blight/a895ebbb-d81d-4900-b75c-740407e5bf6d___RS_NLB 3510.JPG,Corn_(maize)___Northern_Leaf_Blight,3508,260b3fb78d963bc017153c1b9510753fe20a64d166ade01a358dc8096ab0c289
Corn_(maize)___Northern_Leaf_Blight/a8eba89e-be4a-4976-bf12-8386f0caa338___RS_NLB 3740.JPG,Corn_(maize)___Northern_Leaf_Blight,3509,00add95fe9b501f35d01baf7fae3f61aa580dd838972207fa58ce6b929424041
Corn_(maize)___Northern_Leaf_Blight/a93c2cd6-b663-4a65-9ea6-85956441efd4___RS_NLB 4280.JPG,Corn_(maize)___Northern_Leaf_Blight,3510,6774411a0dfc31689273288a4a48432cb14575f0ba68449b3c7df27805443720
Corn_(maize)___Northern_Leaf_Blight/a94fbbbf-b604-48f0-b0c8-b0450769e9ce___RS_NLB 3830.JPG,Corn_(maize)___Northern_Leaf_Blight,3511,a3e89bab7180fb15729c561d333868b1f055c520b4e2493e96c9ea9f8ece05a5
Corn_(maize)___Northern_Leaf_Blight/a974dc85-29d7-4441-afa1-06a47d12df6a___RS_NLB 3629.JPG,Corn_(maize)___Northern_Leaf_Blight,3512,95433c4c0b8683ed7a83ad9f7ffd365d35f99800634aa153662c0d5825bb454b
Corn_(maize)___Northern_Leaf_Blight/a9d8c701-7c8d-4615-9486-6b8d78918ebc___RS_NLB 3866.JPG,Corn_(maize)___Northern_Leaf_Blight,3513,653a09244f12be02c4940ee378adcbd44460aa3bf496324a079bc970aa51ea2e
Corn_(maize)___Northern_Leaf_Blight/aa89ced6-2f16-48c3-8cb6-d0782dca70ba___RS_NLB 3805.JPG,Corn_(maize)___Northern_Leaf_Blight,3514,314cb6de570e01a3a7ab10f2e23a741a129f6053ed951dcacecf289e7a640fa9
Corn_(maize)___Northern_Leaf_Blight/aab5319c-f249-41e2-86c1-ce96c4c89ca0___RS_NLB 3504.JPG,Corn_(maize)___Northern_Leaf_Blight,3515,1736eb1b1cd0c0ee0f8a2cc5dd70a2c7abf08f87eb67356228b8ff7d6cfa5d50
Corn_(maize)___Northern_Leaf_Blight/ab2c2346-36e9-46ee-8762-2444560774eb___RS_NLB 3532.JPG,Corn_(maize)___Northern_Leaf_Blight,3516,1bcae73a79761046d69a1ceb54ac9d949b3d2fa54e89a2b6efb102733f4081c5
Corn_(maize)___Northern_Leaf_Blight/ab5c0be9-dfdc-41b0-8275-6f28255fd2b0___RS_NLB 3818.JPG,Corn_(maize)___Northern_Leaf_Blight,3517,3eea177b5818bae2c1bc096e27d89d99a66a354b3e068d6466f83e20c00df52c
Corn_(maize)___Northern_Leaf_Blight/aba00298-7a74-47e3-a5b3-9dc6db347265___RS_NLB 3591.JPG,Corn_(maize)___Northern_Leaf_Blight,3518,a52e52dd711f78d8c7e0c81729c8533828305fff65d3c56b2f607043a4ec04ee
Corn_(maize)___Northern_Leaf_Blight/abb52b8e-2034-4060-8f45-9d5220cd0906___RS_NLB 3931.JPG,Corn_(maize)___Northern_Leaf_Blight,3519,1540ae24bb5b56d3371bcf66a9ab5ee0691c3d1fea002b7efb1afbf36c48526e
Corn_(maize)___Northern_Leaf_Blight/abc2c275-7eff-4cab-846a-fd3d2ad7f964___RS_NLB 4664.JPG,Corn_(maize)___Northern_Leaf_Blight,3520,0ab57703117e8c7b61463ff7274eb33e0c381afb8c90ee4a1ed4ef3cdfbba965
Corn_(maize)___Northern_Leaf_Blight/abd4ee1e-822b-4ff5-a8f8-2a7a27aa6584___RS_NLB 3517.JPG,Corn_(maize)___Northern_Leaf_Blight,3521,63d7c2d5cfd1854af16d891a37bb59884a8ea74e2bf2ea8cbf43405dd352ff4d
Corn_(maize)___Northern_Leaf_Blight/ac38d408-9cc0-4979-966e-b4bf6413e84c___RS_NLB 3732.JPG,Corn_(maize)___Northern_Leaf_Blight,3522,519087152f5710a468a0781f07bb9d5a2812059904b90c0475c27cedf7c8cf43
Corn_(maize)___Northern_Leaf_Blight/ac42d899-17ee-4807-a822-dbb105fd88eb___RS_NLB 3965.JPG,Corn_(maize)___Northern_Leaf_Blight,3523,8dfef525efae724eade30a354690fb76d5707f9a9c68bb9271b256113d06c00b
Corn_(maize)___Northern_Leaf_Blight/ac9b63b9-d14c-4d9d-bf6f-6888b6092d3c___RS_NLB 3921.JPG,Corn_(maize)___Northern_Leaf_Blight,3524,f4869bc312bf7e7fb37239d58cbededc3d098c0ba5b389232392f0c1031234d0
Corn_(maize)___Northern_Leaf_Blight/acb55b5e-ed74-48b1-8853-0f44e943abe0___RS_NLB 4104.JPG,Corn_(maize)___Northern_Leaf_Blight,3525,0c9e82570bc9cbaf276a8f2b3d07d90cc4c3c0f862161cb25b43ff70ace073d2
Corn_(maize)___Northern_Leaf_Blight/acfc653f-44e2-41f6-85cd-3595a6fd7455___RS_NLB 3840.JPG,Corn_(maize)___Northern_Leaf_Blight,3526,b3b6411d14f40d5575347e4ccfc64c49bbc495fad4cd9fb47887109e328aa317
Corn_(maize)___Northern_Leaf_Blight/ad159032-2941-402b-bd42-5d79bd3fa9a8___RS_NLB 4116.JPG,Corn_(maize)___Northern_Leaf_Blight,3527,65769c3993ae7f705534cdc7df3c48d0d396c2eecf27844458e6fc38df264358
Corn_(maize)___Northern_Leaf_Blight/ad75b9e5-d8c8-4719-8bfa-61bad83ff706___RS_NLB 3565.JPG,Corn_(maize)___Northern_Leaf_Blight,3528,233149e1c660c4b9b4afa75274aa33fb791063cec48e30d5287fed215fd61b93
Corn_(maize)___Northern_Leaf_Blight/ad8b4ef5-2f8c-4cef-819e-cbe0ec19ae17___RS_NLB 4199.JPG,Corn_(maize)___Northern_Leaf_Blight,3529,3c15d768525a7b3ef7c0273c1f46702a04d9c387fe3d01ab387d645f58bb0a37
Corn_(maize)___Northern_Leaf_Blight/add115ab-8070-4694-9aa7-6113253da96e___RS_NLB 3706.JPG,Corn_(maize)___Northern_Leaf_Blight,3530,27490a8e6a8561e79da55e03579ef261bd7361a353d53e22d13b689581663b0a
Corn_(maize)___Northern_Leaf_Blight/ae554dde-24e0-44df-82f1-5e4a1b3dd86c___RS_NLB 0775.JPG,Corn_(maize)___Northern_Leaf_Blight,3531,d14840875160bee9b703db43b3675d067561be81bc8a1f962f45a00be3adfcae
Corn_(maize)___Northern_Leaf_Blight/ae72095b-62bd-4930-b83c-ef4d8264f437___RS_NLB 3895.JPG,Corn_(maize)___Northern_Leaf_Blight,3532,f92d33acd56db96b83352685faf1bb04a2f106721674487b38199e38722b3c6a
Corn_(maize)___Northern_Leaf_Blight/ae7fbdce-0d55-41d7-bbc9-a8f043771636___RS_NLB 4669.JPG,Corn_(maize)___Northern_Leaf_Blight,3533,9d65d7d2bdc6f8171deb453593dd2888d2e7328f4ac930126e946f054d9fcf04
Corn_(maize)___Northern_Leaf_Blight/aec48247-935f-4062-a1ba-7018ee81f5a7___RS_NLB 3579.JPG,Corn_(maize)___Northern_Leaf_Blight,3534,c6dc26160b3b4e527f64b8f9cf09c4f722e8d88e8a54cd31ddc7cd5357e293d2
Corn_(maize)___Northern_Leaf_Blight/af44d1ff-8fae-49a0-ad5a-2b08204e397c___RS_NLB 3722.JPG,Corn_(maize)___Northern_Leaf_Blight,3535,dfae5ccf5a91ffaccec833b324b7b47a877741146c1b592b61c9306bec1d913f
Corn_(maize)___Northern_Leaf_Blight/afa9db47-da6a-4914-b218-5612baf34d87___RS_NLB 3501.JPG,Corn_(maize)___Northern_Leaf_Blight,3536,9f448f9cee72106e54e7b8afec5b8eb65b5d5a81abb7cb8d43e6f20e15451e33
Corn_(maize)___Northern_Leaf_Blight/b044fcc0-9215-42c8-beac-4e67b1e7eee0___RS_NLB 3523.JPG,Corn_(maize)___Northern_Leaf_Blight,3537,68961550d32f1d79a19b571cb4d1f3d8333199af7da64cfb5e0952e9abb558c9
Corn_(maize)___Northern_Leaf_Blight/b05a1bee-0b31-4c32-8091-8257ce42abd0___RS_NLB 4207.JPG,Corn_(maize)___Northern_Leaf_Blight,3538,36e2a7104819fe45cf4fb7827e33b6d06a7e761bb9650552cb360bd11fa0a8f5
Corn_(maize)___Northern_Leaf_Blight/b0a2b2fe-4113-4498-9350-ef9580d7bed6___RS_NLB 3832.JPG,Corn_(maize)___Northern_Leaf_Blight,3539,1b6a22c9d84e160b2dab1533e989137253091245357f09b3364a547111725ac0
Corn_(maize)___Northern_Leaf_Blight/b16c0215-4f50-400f-9251-ae74284a41dc___RS_NLB 4057 copy.jpg,Corn_(maize)___Northern_Leaf_Blight,3540,ac324714d5c93657439ca53e5031a475d4620dfd55db67443160f5f99a7ac8e1
Corn_(maize)___Northern_Leaf_Blight/b20f5280-a83b-46c0-a611-0febe7199789___RS_NLB 4038.JPG,Corn_(maize)___Northern_Leaf_Blight,3541,42331c832b55c3ae27f04964be40259b1f8e13a2c43b3955431d96748fbfc0fa
Corn_(maize)___Northern_Leaf_Blight/b289a3cb-17e1-4889-8b12-bbee01d7b4e8___RS_NLB 3724.JPG,Corn_(maize)___Northern_Leaf_Blight,3542,4181319bd71cccafae7eb1aec2a44a0313ca3331209d96a865c1416f071a3f4b
Corn_(maize)___Northern_Leaf_Blight/b2dadd42-82b1-415a-8305-d6a720707912___RS_NLB 0771.JPG,Corn_(maize)___Northern_Leaf_Blight,3543,8dff84e6cc1210d459439ede38c39f2dd46f9108e271cfd10463f3a55e0ce587
Corn_(maize)___Northern_Leaf_Blight/b2f77b0d-b331-4fa6-81b1-fa5d56674a64___RS_NLB 4076.JPG,Corn_(maize)___Northern_Leaf_Blight,3544,019f67323f7c158212cb8226b0ba398aedba820bdeb8b17b003c187c2837d31d
Corn_(maize)___Northern_Leaf_Blight/b34cc20b-1efb-4df2-bb33-6005963eaedf___RS_NLB 3683.JPG,Corn_(maize)___Northern_Leaf_Blight,3545,33e5de4e98518bdd85b3eb5526a200df9667b26c2fe50f01eaf444d4dc6304e7
Corn_(maize)___Northern_Leaf_Blight/b373622c-c171-47f4-adcb-c08ea46dad12___RS_NLB 4237.JPG,Corn_(maize)___Northern_Leaf_Blight,3546,817884c06e963249232f50283797829238d343f2193ea1ee55f8782a75d00b29
Corn_(maize)___Northern_Leaf_Blight/b3828c2f-54ca-4673-91e0-3c531a5a8be5___RS_NLB 4282.JPG,Corn_(maize)___Northern_Leaf_Blight,3547,1436556a31ca0b6f1586bacb5a1f3ce7b948e06a2c4fa541e7433bd9185ac32f
Corn_(maize)___Northern_Leaf_Blight/b38b6bec-d15d-4ae2-bff4-a903feb636a3___RS_NLB 4139.JPG,Corn_(maize)___Northern_Leaf_Blight,3548,588aeec48e925668b1ffc894266250ba2889f2cdfb46056fad7cbe8ee64d9014
Corn_(maize)___Northern_Leaf_Blight/b3e0815f-d7dc-4481-850e-53d917c244d7___RS_NLB 3569.JPG,Corn_(maize)___Northern_Leaf_Blight,3549,7149b185eace593ff70ebe57f7ad9496ace1f8200478c9c550d21674f5e0e660
Corn_(maize)___Northern_Leaf_Blight/b3e502f1-8ab4-4591-938d-35774dcd5fbc___RS_NLB 3962 copy 2.jpg,Corn_(maize)___Northern_Leaf_Blight,3550,8de1ba9bd187e4578aba6c692feedacc7377d72e5b653df1a15067ed6cc3c7a3
Corn_(maize)___Northern_Leaf_Blight/b4c32f6a-4be5-463d-9616-48f4d999a310___RS_NLB 3693.JPG,Corn_(maize)___Northern_Leaf_Blight,3551,671eb4325ec7d540aaaa9b120690eee85316b4d0bcc3b0d7dff35dacd7770526
Corn_(maize)___Northern_Leaf_Blight/b525d51d-7e0b-4999-ae36-272ddd899fbb___RS_NLB 3737.JPG,Corn_(maize)___Northern_Leaf_Blight,3552,b59e97f63159f892b1fe35582e0bc27eb7296f9eb4aa839b11286538acc3d81f
Corn_(maize)___Northern_Leaf_Blight/b5721e14-a2cf-4010-96cf-9716630155e1___RS_NLB 3552.JPG,Corn_(maize)___Northern_Leaf_Blight,3553,2f544aa56ed520aae0ecc4d18df8d74818d168fdd080301d09d1fcdf014e98e7
Corn_(maize)___Northern_Leaf_Blight/b5836ce1-7bc3-425b-b311-ed8e5ea47ab9___RS_NLB 3515.JPG,Corn_(maize)___Northern_Leaf_Blight,3554,de5c7b7875c3a70bf0f9831e7b2ef3337e86788906a86711d0f47b944f34dc5c
Corn_(maize)___Northern_Leaf_Blight/b5b55dee-bcda-4cec-b76c-6a21f0d344bd___RS_NLB 4042.JPG,Corn_(maize)___Northern_Leaf_Blight,3564,991ba03e08a5ef59d53086fd86ea34eb469d52c7d6b81cea6a1a8b7fcdb4fd57
Corn_(maize)___Northern_Leaf_Blight/b669564b-720d-462c-bd15-225764698119___RS_NLB 4277.JPG,Corn_(maize)___Northern_Leaf_Blight,3556,2d5d3936eaaae499409cb20792e6d362db61f623641513ce02cf314244e3c5ed
Corn_(maize)___Northern_Leaf_Blight/b680b01a-256a-4cd9-97f0-1a52d688e82b___RS_NLB  4441.JPG,Corn_(maize)___Northern_Leaf_Blight,3557,dd365c8cf8b506d8b02062da0842b2c234332898732c2126026df79b4219eb41
Corn_(maize)___Northern_Leaf_Blight/b68a6a63-8711-4f14-a5c6-ddcd8a2cae3e___RS_NLB 3847.JPG,Corn_(maize)___Northern_Leaf_Blight,3558,1c504649ad455b8b0ac701313b943ab3c800637dc0b43efa647788410d5d08e5
Corn_(maize)___Northern_Leaf_Blight/b7006121-2aa1-4f79-a5e2-e731a1c1eb60___RS_NLB 4093.JPG,Corn_(maize)___Northern_Leaf_Blight,3559,ec0fe4e9196217b540674b316de97deffe71ea6f0bf04c88acb98a1c0a344209
Corn_(maize)___Northern_Leaf_Blight/b7494cf3-21b0-4673-9df9-18841854c3af___RS_NLB 3930.JPG,Corn_(maize)___Northern_Leaf_Blight,3560,63004480ac56b027f1e35fba43d2f8921c8f7c03477aeb5e1fab3c3fe5f95a65
Corn_(maize)___Northern_Leaf_Blight/b761537f-f90f-43a6-a816-6d515dfa0e26___RS_NLB 3797.JPG,Corn_(maize)___Northern_Leaf_Blight,3561,bac336a0e919908e1ec3627aa73b9a20c75d01bfe5eb2d3abeac55aad9f2d279
Corn_(maize)___Northern_Leaf_Blight/b7cbd856-9fad-43a3-9b98-64b7b31c0f76___RS_NLB 4065.JPG,Corn_(maize)___Northern_Leaf_Blight,3562,6d6da75cbfcf1533e60ca92057ad06e851adb824329ce343537d940306df55f7
Corn_(maize)___Northern_Leaf_Blight/b7cc5fb5-a617-4137-bd5f-2236413ec4bc___RS_NLB 3794.JPG,Corn_(maize)___Northern_Leaf_Blight,3563,8f40eda063da85c27006f240902ec8913738a56e54fee50ff7a3554d636cf61c
Corn_(maize)___Northern_Leaf_Blight/b7ec2193-2a49-43b9-9962-7a13d472e668___RS_NLB 4044.JPG,Corn_(maize)___Northern_Leaf_Blight,3564,50f7015247fbf8a3944203f2b3d74bdb6f83263d13e90dfbd2bcfff643dadf51
Corn_(maize)___Northern_Leaf_Blight/b7fc574e-e12e-4dc5-94c2-698892884e66___RS_NLB 0817.JPG,Corn_(maize)___Northern_Leaf_Blight,3565,b56346b64a98cc4ac43f30be692e047752910082c3a544becb6d724414263bbd
Corn_(maize)___Northern_Leaf_Blight/b8313909-4b3a-4d5e-9d9b-616e5749bf3d___RS_NLB 4086.JPG,Corn_(maize)___Northern_Leaf_Blight,3566,68b61c7b210dea3a52e6227084672cd96c045bf8ba979212b550bced7ebcd025
Corn_(maize)___Northern_Leaf_Blight/b84feecb-e6b0-44e2-a1eb-7be061ac28b3___RS_NLB 4079.JPG,Corn_(maize)___Northern_Leaf_Blight,3567,f93d1a72951bac47cee67276d45838be2c93d482f0fc829df56703a184467434
Corn_(maize)___Northern_Leaf_Blight/b8819a07-cfd6-4884-adb4-065421c7de44___RS_NLB 3859.JPG,Corn_(maize)___Northern_Leaf_Blight,3568,80fa855e091aee63a26d4a28e47e4ef241a1f04e9030f8103d208765f69b148f
Corn_(maize)___Northern_Leaf_Blight/b88f09d6-6951-48bc-ac61-ca9cc9e988fa___RS_NLB 0828.JPG,Corn_(maize)___Northern_Leaf_Blight,3569,8671a6a4b6aeb4c3284b0868f63bec52ae08518eb446268c9f94504dbc4b328b
Corn_(maize)___Northern_Leaf_Blight/b8b9d76a-31a4-4e15-b96c-3a22a9f8c40a___RS_NLB 4231.JPG,Corn_(maize)___Northern_Leaf_Blight,3570,069ea6bea41d222ed7ebcb53449e8068fda8d5e9c9e6184cd90c0df35aaae6b6
Corn_(maize)___Northern_Leaf_Blight/b8dc4415-0b18-441b-af91-2d7741539b5d___RS_NLB 3514.JPG,Corn_(maize)___Northern_Leaf_Blight,3571,d2659d7a36badbdffc2a59e11f318d29abe3d091363fa2b103a0b3e9c2a9fcc5
Corn_(maize)___Northern_Leaf_Blight/b927fa6f-d9c6-4fa0-b93f-ca77f7cec655___RS_NLB 3827.JPG,Corn_(maize)___Northern_Leaf_Blight,3572,fc761a9581858e8635a96784c1248d693fbbb02cc26f3ce91a12de2d3d0a0604
Corn_(maize)___Northern_Leaf_Blight/b9aed562-345f-4010-b898-33359c4c85db___RS_NLB 4202.JPG,Corn_(maize)___Northern_Leaf_Blight,3573,8b1226a349d07a85fe97ff8b49e3a92fa1eace459bc581950f217ed2caae072c
Corn_(maize)___Northern_Leaf_Blight/b9f34f6d-5d5f-4638-a2f0-d45ac2ea71c3___RS_NLB 3959.JPG,Corn_(maize)___Northern_Leaf_Blight,3574,0e2133a6a9a5a220c03bd4e31b4f2ae57746322ee87ee7d7e639733b9d652808
Corn_(maize)___Northern_Leaf_Blight/ba2884c9-c118-441a-8095-9a287f8a865d___RS_NLB 3954 copy.jpg,Corn_(maize)___Northern_Leaf_Blight,3575,4245811c063a3ac85c08cfa8165bac6894c99f5c93c123030d3abb2b9c632938
Corn_(maize)___Northern_Leaf_Blight/ba97ee35-01d7-4cb4-a44c-913c329ca328___RS_NLB 4149.JPG,Corn_(maize)___Northern_Leaf_Blight,3576,865bbdaaff6b8a45ac515534101ca848d62ab6a4f737c167179d2892bb8629b4
Corn_(maize)___Northern_Leaf_Blight/ba99509a-8a3b-48b5-b298-748ab3c2bb63___RS_NLB 3719.JPG,Corn_(maize)___Northern_Leaf_Blight,3577,ea1e129260e8481e13de22c684c5feb3bf27b2db9d464b1392bba5662a9bd8e1
Corn_(maize)___Northern_Leaf_Blight/bacc8c75-6b9e-4d50-a4f2-4c543b759b71___RS_NLB 4273.JPG,Corn_(maize)___Northern_Leaf_Blight,3578,7d3e2914e998072f5386c7a64d7de105d375a4755dd74b42caebc600073e6976
Corn_(maize)___Northern_Leaf_Blight/bb45a9ae-144d-4aa1-a863-76969dc9a84b___RS_NLB 3527.JPG,Corn_(maize)___Northern_Leaf_Blight,3579,b184f8f484b1036b3d9eaad52be36f361d16fd4a13aa570efe33f986143100dc
Corn_(maize)___Northern_Leaf_Blight/bbd889d4-9b31-4c2e-9b53-549f2020e6f4___RS_NLB 4170.JPG,Corn_(maize)___Northern_Leaf_Blight,3580,c9cc885c6f00b1b9553d14091accc258b6d1d8ae4a91db228933967f1101b854
Corn_(maize)___Northern_Leaf_Blight/bc0f795a-8434-4184-8564-8e9c9e642356___RS_NLB 3578.JPG,Corn_(maize)___Northern_Leaf_Blight,3581,d75f7c9c0d5488400c88d141ae8db52d8859770d8d4a4cbeb46f1665456bddf9
Corn_(maize)___Northern_Leaf_Blight/bc6c495b-3b17-45fa-8ff6-2e8bd528c5a5___RS_NLB 3562.JPG,Corn_(maize)___Northern_Leaf_Blight,3582,2cc5f76ba2212c0b0ffc625a506cfb995864737e94ef6fa5e5c88a14e643d71b
Corn_(maize)___Northern_Leaf_Blight/bc7bfe40-cae1-4eea-aeaa-09c0ee99eba2___RS_NLB 4061.JPG,Corn_(maize)___Northern_Leaf_Blight,3583,fe7c2cc9ff49c53a76e0140e0674f5e4be2f5ef912a06fdb476ccc51bf38c631
Corn_(maize)___Northern_Leaf_Blight/bce0336e-2867-4e62-8169-145bc711cba4___RS_NLB 3878.JPG,Corn_(maize)___Northern_Leaf_Blight,3584,43f77a334f8d5481d28cb408b85184ee79929f774b9861aee48ab90c7bf38284
Corn_(maize)___Northern_Leaf_Blight/bd00b453-4675-428d-ad49-ade22d21ae9d___RS_NLB 3787.JPG,Corn_(maize)___Northern_Leaf_Blight,3585,3908a7924faf7d45ce849142ba238876839a882a0bc6a50e0c056b98dc2b2b3a
Corn_(maize)___Northern_Leaf_Blight/bd30a64c-92a4-422c-9bc1-7752f09e2809___RS_NLB  4507 copy.jpg,Corn_(maize)___Northern_Leaf_Blight,3586,6f30cc7dc6675481813c57dc423d811052f551b8b7a8c611c42b0b4e10234d61
Corn_(maize)___Northern_Leaf_Blight/be7a6052-bb7e-4348-bc97-5591277fa769___RS_NLB 4273 copy.jpg,Corn_(maize)___Northern_Leaf_Blight,3846,34ff6929ab6e59866442f658591f7124cc7d90212e62f5ad65959e58500c5996
Corn_(maize)___Northern_Leaf_Blight/be9a5e2b-5416-40de-bbb7-c5cbd2c488d2___RS_NLB 4066.JPG,Corn_(maize)___Northern_Leaf_Blight,3588,e97525592f286b0dd593010fe970a8f35935e3a28e8c76d9f3b73339ebbaff59
Corn_(maize)___Northern_Leaf_Blight/bef2e8ef-dbd2-4ae1-aab7-ab1f0a5f9fba___RS_NLB 4168.JPG,Corn_(maize)___Northern_Leaf_Blight,3589,9ea02dfc19bc82fb1fbcf471c92e207adeb6a3d98904a47c607c0de75883d684
Corn_(maize)___Northern_Leaf_Blight/bf03fb8c-faeb-46e5-afe9-227289738dc4___RS_NLB 3749.JPG,Corn_(maize)___Northern_Leaf_Blight,3590,3054baff365e52f0189ddf1702711f9a84e7b83f3c74cf57c0f07992050eada1
Corn_(maize)___Northern_Leaf_Blight/bfa4998b-ab2a-439a-8e65-3501db446811___RS_NLB 3704.JPG,Corn_(maize)___Northern_Leaf_Blight,3591,eb5d997d0a26051fd5e218b4ab8166499b011f7280794937402748df7e5877de
Corn_(maize)___Northern_Leaf_Blight/bfd70e3b-3556-4dab-b5c2-64a6b0dfa9b5___RS_NLB 4110.JPG,Corn_(maize)___Northern_Leaf_Blight,3592,2f3c37d8bbb0611a43a00350507471c0f4f6211f7077b3b468496ea355c3fe6a
Corn_(maize)___Northern_Leaf_Blight/bfe59dc5-c1fd-4fb0-8c6f-ed9b1d9da11b___RS_NLB 0786.JPG,Corn_(maize)___Northern_Leaf_Blight,3593,8b0ec3b1449f654f6b2c0503ae5dcf36d9c87a695eeb2f02b8671f27f11184d3
Corn_(maize)___Northern_Leaf_Blight/c00aaa9f-85ca-4cb0-9734-b55296153840___RS_NLB 4081.JPG,Corn_(maize)___Northern_Leaf_Blight,3594,c58b814b82c40a90be76d002db705b8d5bc68c134c76f0c7aaea3b7806332129
Corn_(maize)___Northern_Leaf_Blight/c0b461c8-cb13-47c8-8e35-25996de22e7e___RS_NLB 3618.JPG,Corn_(maize)___Northern_Leaf_Blight,3595,26f2cd0dbb90d02b79b72e25315f74a97d5e849424f0ed171dc1525a8a1130a9
Corn_(maize)___Northern_Leaf_Blight/c0c7e666-4b2b-46f1-b315-274cfee65342___RS_NLB 4014.JPG,Corn_(maize)___Northern_Leaf_Blight,3596,5a98cdc9194b65b6844177ab6ebfd61b41853fc09a4ebbc2a6a7d5bb9bcb0ed4
Corn_(maize)___Northern_Leaf_Blight/c0d0dfd0-2167-4cde-b90e-170703d962f0___RS_NLB 4255.JPG,Corn_(maize)___Northern_Leaf_Blight,3597,ca7f6d8068d9c423127b8c09f9898823e690c5b77d2ff5bcfa04461771c9433a
Corn_(maize)___Northern_Leaf_Blight/c12432b0-42be-456f-abb0-8cf30437498b___RS_NLB  4610.JPG,Corn_(maize)___Northern_Leaf_Blight,3598,416eaa8624ba281721eeef02b45c4bf17ba416a2f392fc7abaedda0484b6b9e5
Corn_(maize)___Northern_Leaf_Blight/c141f6bd-5696-4388-abd0-cd413e43dfe1___RS_NLB 4208.JPG,Corn_(maize)___Northern_Leaf_Blight,3599,9806607b074c07d4193249aa6156abcc86f40093013e8a380b54c25ee809de0d
Corn_(maize)___Northern_Leaf_Blight/c1438787-efba-4893-9690-0e14bd3c54db___RS_NLB 3480.JPG,Corn_(maize)___Northern_Leaf_Blight,3600,96ddc76a1845c454da0fe0ba26af8c9e023509f78928b0ea82714585c3b04a3f
Corn_(maize)___Northern_Leaf_Blight/c2e5ab9e-e705-4f13-9c50-1243e8ea0255___RS_NLB 3555.JPG,Corn_(maize)___Northern_Leaf_Blight,3601,9deb7f8f574413145ec69b286e488bd354c59a8d6ec8845447a8bac2f1d22fc9
Corn_(maize)___Northern_Leaf_Blight/c2ef8b22-9934-4a61-b2d3-13521bef65b5___RS_NLB 3973.JPG,Corn_(maize)___Northern_Leaf_Blight,3602,a909e9f5abe0077ef7c4e45c1326390983a81becc20b6fe578d38879eccc857e
Corn_(maize)___Northern_Leaf_Blight/c3243ab3-820e-45ae-876c-56e40ff54332___RS_NLB 3868.JPG,Corn_(maize)___Northern_Leaf_Blight,3603,6f68bc1d26a6d681b86e0b448ee505cfa41ee8066c4b745f9ff42ab07a41d57e
Corn_(maize)___Northern_Leaf_Blight/c35eae34-63ef-4f1d-acc6-7dd2aa23deb6___RS_NLB 0825.JPG,Corn_(maize)___Northern_Leaf_Blight,3604,8a9fdbadbc7926ac008e3356e462e6fd8b38c87c9d1377fc8bb8b084810ad2af
Corn_(maize)___Northern_Leaf_Blight/c37ac9c8-61ef-4b63-9475-766b6bfc3dfb___RS_NLB 3644.JPG,Corn_(maize)___Northern_Leaf_Blight,3605,14b2d766a11d4fc792ef63f4a3e910925ae5b788a097c68e41da65fdcb02fb2d
Corn_(maize)___Northern_Leaf_Blight/c3b2b118-3ee2-46cf-8c21-4d93523f4ccb___RS_NLB 3671.JPG,Corn_(maize)___Northern_Leaf_Blight,3606,5e789626865e168ed089d8d59e38879e3ec29fc585813066e460cae62a79cb17
Corn_(maize)___Northern_Leaf_Blight/c3c358d5-4ca3-4dcb-9725-4d6f022c41e1___RS_NLB 3522.JPG,Corn_(maize)___Northern_Leaf_Blight,3607,7a086b08472575d16f488b125dcaeecb6ace12692412234cb130690a9cd050ff
Corn_(maize)___Northern_Leaf_Blight/c452d1b2-28c7-49ae-a358-2d1ed64db113___RS_NLB 3977.JPG,Corn_(maize)___Northern_Leaf_Blight,3608,54d0f1e131e56ec2c547dd7fe9e79459399c5ec64415acf6e64d7d2d275b0811
Corn_(maize)___Northern_Leaf_Blight/c46d21be-77a3-441e-b301-de0da5b99898___RS_NLB 4234.JPG,Corn_(maize)___Northern_Leaf_Blight,3609,8f7893e91d4b475b220c0768298f305b9d00133711667e901859b977d429094b
Corn_(maize)___Northern_Leaf_Blight/c487cfa8-40c6-4a10-80af-21658a0c8c64___RS_NLB 3538.JPG,Corn_(maize)___Northern_Leaf_Blight,3610,3543a3b8c599657233ee398faf636d5e63329d0a96020fe0e035589d010ea442
Corn_(maize)___Northern_Leaf_Blight/c4eb96b2-1345-46d0-a796-161042da21df___RS_NLB 0824 copy.jpg,Corn_(maize)___Northern_Leaf_Blight,3611,04caf724d7843de13c479206e4442038b21b54b2b36b6cac29a38fb073f7efe9
Corn_(maize)___Northern_Leaf_Blight/c58adcec-6938-4e1b-9a47-5b09f8d4e0b1___RS_NLB 4147.JPG,Corn_(maize)___Northern_Leaf_Blight,3612,3d2835ff8a1d03384c9257664dfb9e84e5230ca3a7d115955396733b4315473e
Corn_(maize)___Northern_Leaf_Blight/c5e23efb-7f78-47c4-8de8-a00d5a925af1___RS_NLB 3626.JPG,Corn_(maize)___Northern_Leaf_Blight,3613,1b2416416c1b30c5627de056b3678efa48686d1e509bab3de00b97dd079d4976
Corn_(maize)___Northern_Leaf_Blight/c5f896e0-5526-4016-b74e-65c6f8629e8a___RS_NLB 3593.JPG,Corn_(maize)___Northern_Leaf_Blight,3614,f61e07e128b4b992e260d16198ef07589a88f56bf5a3cc385dee131f0e8fa08d
Corn_(maize)___Northern_Leaf_Blight/c65c728d-d83d-4bd5-ba44-c27fa1adb9c8___RS_NLB 4052.JPG,Corn_(maize)___Northern_Leaf_Blight,3615,fba766754197a5160520ba921d936d1fdccb4a5d00208d8b51bc3cd9d1eea80d
Corn_(maize)___Northern_Leaf_Blight/c67f21bc-3f5a-47e6-b985-938405acf735___RS_NLB 4215.JPG,Corn_(maize)___Northern_Leaf_Blight,3616,74a1890813a2236b0544e842d87efa2a968c6ddffc00e3f29a69da4ea0ae8543
Corn_(maize)___Northern_Leaf_Blight/c685ee7f-627d-4476-b927-7b753553081d___RS_NLB 3986.JPG,Corn_(maize)___Northern_Leaf_Blight,3617,66fa440c6bd2b9ceea66fbddf88377f394f90f51e9bc000a148d175a3487834d
Corn_(maize)___Northern_Leaf_Blight/c6a1af06-ead5-4632-a07d-97983065ac89___RS_NLB 4130.JPG,Corn_(maize)___Northern_Leaf_Blight,3618,3ce976acaefa95c6a63ecf13c0ff5020918090bde1682f8ed573d1a3dd416036
Corn_(maize)___Northern_Leaf_Blight/c72b436a-2b40-4e4c-8a87-275ec5c90bea___RS_NLB 0827.JPG,Corn_(maize)___Northern_Leaf_Blight,3619,a8c795d653254fa0c97beac6f4e44f5a02bedb46bd52c0378db072f93e66a162
Corn_(maize)___Northern_Leaf_Blight/c7d6c84a-13a2-447d-a8db-58054f9bae0e___RS_NLB 3962.JPG,Corn_(maize)___Northern_Leaf_Blight,3620,a7606c90d0470c0f6df559475cfcee14fc5de36e0c64c1a264b0aaaf4ba5b989
Corn_(maize)___Northern_Leaf_Blight/c8065a64-9129-4730-aada-3e531e1a8b25___RS_NLB 4190.JPG,Corn_(maize)___Northern_Leaf_Blight,3621,c61be972908f848a71870d94f3479b3694652c285b781eff65a3590e45020191
Corn_(maize)___Northern_Leaf_Blight/c8132bc8-730e-4920-a9f2-a0d05985d3dd___RS_NLB 0801.JPG,Corn_(maize)___Northern_Leaf_Blight,3622,3d9002d5784bd10b5edf4aa1a5f86b97263049730ac8a4ffea775e1f85304db8
Corn_(maize)___Northern_Leaf_Blight/c820ac4f-54d2-4046-bb70-b53fa649f648___RS_NLB 3680.JPG,Corn_(maize)___Northern_Leaf_Blight,3623,7774285e354694f7c80eb93375ed3b7a008225e8b1c05a0a5c22128da2585e67
Corn_(maize)___Northern_Leaf_Blight/c8b11ed7-bf90-4eec-aa68-45c577c30896___RS_NLB 4046 copy 2.jpg,Corn_(maize)___Northern_Leaf_Blight,3787,0e9c6ca75204b33828793db93b5060061c05f256ea9ec4f803c9a2935ff9b2bf
Corn_(maize)___Northern_Leaf_Blight/c8e9361a-fc77-4adb-ba39-3a08d859340f___RS_NLB 3560.JPG,Corn_(maize)___Northern_Leaf_Blight,3625,bc94765c34a48a9e2cd4d92a9043a1eadb541c8f0db00b40271721998e1eebd1
Corn_(maize)___Northern_Leaf_Blight/c9155ccc-9e80-4d80-9926-baa5a9a8f614___RS_NLB 3635.JPG,Corn_(maize)___Northern_Leaf_Blight,3626,03c57b4bd5127cdf1e596d22cf7e3a81aba7f72563f31b26e1d57185d6f537fc
Corn_(maize)___Northern_Leaf_Blight/c94c8b78-b8e1-45cf-bac8-80d8a0c6b64d___RS_NLB 0781.JPG,Corn_(maize)___Northern_Leaf_Blight,3627,ca7bd00e15e96ee727ca545a13e95fcfd7264d0d9b574b15905f791532847fcc
Corn_(maize)___Northern_Leaf_Blight/c9611299-771d-4f9e-831c-cf1194f48ef2___RS_NLB 4148.JPG,Corn_(maize)___Northern_Leaf_Blight,3628,573427dfd5dfd3dd59bc51fec8f58f2b96a94a4127efc8b6c69927cca544612d
Corn_(maize)___Northern_Leaf_Blight/c9c8abd4-f8e9-45b7-9660-afeccb515539___RS_NLB 4235 copy.jpg,Corn_(maize)___Northern_Leaf_Blight,3629,5a681dc835d2a347216339b8cfe7861d1c484c6d1e15a9d3da6656aae97a8cf6
Corn_(maize)___Northern_Leaf_Blight/c9e1c49d-7989-43bd-8680-989ecd8c0914___RS_NLB 0762.JPG,Corn_(maize)___Northern_Leaf_Blight,3630,ca44f1abc4571726f95183db759c4f1b9b0212f6ee2fcacc578df8dd8e61382b
Corn_(maize)___Northern_Leaf_Blight/ca030ee1-dbaa-496d-a111-98927d15de23___RS_NLB 3819 copy.jpg,Corn_(maize)___Northern_Leaf_Blight,3631,c02c5a0a8de3914b349fdddbe74a7d71a88712bf02677bf1a9fe18bc0ef72509
Corn_(maize)___Northern_Leaf_Blight/ca1ab144-fb79-45cd-9cd4-c43408a26b49___RS_NLB  4626.JPG,Corn_(maize)___Northern_Leaf_Blight,3632,b1fdf03de22a4d1d20f0a4db115c09f72eebffe564ef27b6893ce9432892a08f
Corn_(maize)___Northern_Leaf_Blight/ca3919bb-4e04-4fb2-a2d9-22e798d6ca60___RS_NLB 3970 copy.jpg,Corn_(maize)___Northern_Leaf_Blight,3633,9cfc5796255cc6cb8f949fd79ccbca298693003b425fcd763e117efbbda1018d
Corn_(maize)___Northern_Leaf_Blight/ca52142c-e23d-4445-881b-dd95e94cb208___RS_NLB 3652.JPG,Corn_(maize)___Northern_Leaf_Blight,3634,a7aae33c35985dca370c85b94fe8c7b686029887e62f0562c0be15e5fdd30b7a
Corn_(maize)___Northern_Leaf_Blight/caee29c3-dc6d-4fed-a4cf-3d025990c3ef___RS_NLB 4159.JPG,Corn_(maize)___Northern_Leaf_Blight,3635,044c148ccd48d95f8693897299c111cd680f4b2c81e0536e49a12e0079c0078a
Corn_(maize)___Northern_Leaf_Blight/cb5c61df-e4de-4667-88d2-85b43d708b59___RS_NLB 4075.JPG,Corn_(maize)___Northern_Leaf_Blight,3636,d7d21c3a7df7c8317055818d398439aaf15669131b6fb289a0ec3fc24995834b
Corn_(maize)___Northern_Leaf_Blight/cbbfa41d-6452-4d3c-8f95-340ff1a00ed6___RS_NLB 0807.JPG,Corn_(maize)___Northern_Leaf_Blight,3637,cb36da59d8fbe98f1e99674285c788c943de665d9ab5be96baaa9dfe38b91a27
Corn_(maize)___Northern_Leaf_Blight/cbd7b12a-7a46-4493-bba9-4712c54a3657___RS_NLB 3700.JPG,Corn_(maize)___Northern_Leaf_Blight,3638,2d9b24bd63658c77f078022774394be3c0aaec483f81c2c8307e83a4aa8ff3b5
Corn_(maize)___Northern_Leaf_Blight/cc16b64e-a394-4485-a7b6-9236d5601e2c___RS_NLB 3781.JPG,Corn_(maize)___Northern_Leaf_Blight,3639,d9e909580b25de58d89c9c2f85215ec9ecd8956b263b004b4f24a6cc12797747
Corn_(maize)___Northern_Leaf_Blight/cc3c5678-ed5a-43f6-bf74-5c13e9ee71ee___RS_NLB 3651.JPG,Corn_(maize)___Northern_Leaf_Blight,3640,16c2d28237202e9266d471aa912049ea8e2e08720c04ef05a57fd518ffd9fcfe
Corn_(maize)___Northern_Leaf_Blight/cc76de91-e4bf-4d71-a74f-0f2a28ce7f9b___RS_NLB 4013.JPG,Corn_(maize)___Northern_Leaf_Blight,3641,a4b87a8d84ef10a2ae267232c253741ed3336153b05fc57790dd9e5e36e12dd6
Corn_(maize)___Northern_Leaf_Blight/cc926ea7-7824-4f6d-8c2b-837771ffdbee___RS_NLB 4142.JPG,Corn_(maize)___Northern_Leaf_Blight,3642,5d99108c855ad2ee6f27d4b421be75df87ef26ee0f178d407945a8e6a3912990
Corn_(maize)___Northern_Leaf_Blight/ccb8b8c4-840f-44b4-9a6e-43109f828b8c___RS_NLB 4091.JPG,Corn_(maize)___Northern_Leaf_Blight,3643,6e1ea8afbe58928c137b3b2020e7a923ec4eb2d00dd1f660d033e3faa002aa47
Corn_(maize)___Northern_Leaf_Blight/cce27cf2-5ec0-4418-bbc1-493c1f899a38___RS_NLB 4204.JPG,Corn_(maize)___Northern_Leaf_Blight,3644,3b2b28a4a538d89a88c0876c3d7f0c35d35df1115d9c7651395d97f10e0b7277
Corn_(maize)___Northern_Leaf_Blight/cd0b6059-1250-4230-bdd6-488f75143df6___RS_NLB 3596.JPG,Corn_(maize)___Northern_Leaf_Blight,3645,3e3205cc377a5973e40b54f5c63d6a1962af00dfe9b81e9db3ca42060912d67c
Corn_(maize)___Northern_Leaf_Blight/cd2c4993-7fe9-42dc-a96e-7a8892f4b2d8___RS_NLB 3834 copy 2.jpg,Corn_(maize)___Northern_Leaf_Blight,3646,8627af66ef8a6704c4d59f38790d61d8ffa3cf1b24ac84897426d43b407ca6ce
Corn_(maize)___Northern_Leaf_Blight/cd8e6562-3a13-4c9c-9fdb-55df3e8f578a___RS_NLB 3854.JPG,Corn_(maize)___Northern_Leaf_Blight,3647,0b8b4cb561c732a0df2d536bb04ef39c95ca5e97695f92cecbcd8ef9187cf299
Corn_(maize)___Northern_Leaf_Blight/ce1af083-ea99-4aeb-9f66-c3bd1ecd6be3___RS_NLB 3485.JPG,Corn_(maize)___Northern_Leaf_Blight,3648,9e8687e75bc29869d5a65a22348ec24e9c3eae1048963a82f6c8ac03008ecbcb
Corn_(maize)___Northern_Leaf_Blight/ce1bbcb3-e17b-4b81-bf54-9c5d14d3faee___RS_NLB 4248.JPG,Corn_(maize)___Northern_Leaf_Blight,3649,fb0ff0f282f8fdf4b6d6448d472a2a87fdc067d85f84cdc82a941207dd7ff745
Corn_(maize)___Northern_Leaf_Blight/ce4627e8-f9b6-4b61-87e0-d168ad43b265___RS_NLB 3607.JPG,Corn_(maize)___Northern_Leaf_Blight,3650,0e7926789255e1e20800780b93f9ef8371ba14e2501a50be61f00d873dd91a02
Corn_(maize)___Northern_Leaf_Blight/cea4e177-947e-466f-9b0f-fc2adae6a02e___RS_NLB 4198.JPG,Corn_(maize)___Northern_Leaf_Blight,3651,5b5a27d81da8ec6b86be327a111ab60a6fade1c34c4459ec0c9be53e85af224f
Corn_(maize)___Northern_Leaf_Blight/cebcbe6b-0ed3-4397-b94a-bd40ab1094e7___RS_NLB 3698.JPG,Corn_(maize)___Northern_Leaf_Blight,3652,689d07e909976ffed6ef5abfe4beaec29d94bd25fc99af3ec3cd571d24681120
Corn_(maize)___Northern_Leaf_Blight/cf3d2eeb-aa81-4956-bd18-fa7e10e8ba25___RS_NLB 4085.JPG,Corn_(maize)___Northern_Leaf_Blight,3653,b55da6396d3f766693f673752592690e51fb037f7c073021d0725504f0d23169
Corn_(maize)___Northern_Leaf_Blight/cfa52648-e9ac-45da-8046-e96046ff948a___RS_NLB 0804 copy.jpg,Corn_(maize)___Northern_Leaf_Blight,3654,52a8bc47bc8264f16be3016c34630768c3f5d4a49845255e460d233b86938c75
Corn_(maize)___Northern_Leaf_Blight/cfec0626-7a50-4411-a6b9-f63a49e4d2eb___RS_NLB 3746.JPG,Corn_(maize)___Northern_Leaf_Blight,3655,dd6a0b3882e0d1fd946105956bda5c692b5d0a9641054cec4e94ae144a14b73c
Corn_(maize)___Northern_Leaf_Blight/cff04564-1693-49ef-b5c0-6bbe4ff92d6b___RS_NLB 3475.JPG,Corn_(maize)___Northern_Leaf_Blight,3656,82d30bda22ed6202fa30f67654574ba623884713f3c3de5c5ea123245c21f67a
Corn_(maize)___Northern_Leaf_Blight/d048f7c9-4398-4df3-a437-6ee08b579e87___RS_NLB  4507 copy 2.jpg,Corn_(maize)___Northern_Leaf_Blight,3657,29c4201b088b4be805e19bb936b10bb6bf441d4e0a5571dce37ebc2527fbf4ff
Corn_(maize)___Northern_Leaf_Blight/d08114ac-a98f-41eb-82f9-fdfa91446ed7___RS_NLB 4062.JPG,Corn_(maize)___Northern_Leaf_Blight,3658,af62115079bb516c0ba9995106f8db8def3cd48a6ed67e50a6e1e6845574f9f7
Corn_(maize)___Northern_Leaf_Blight/d0aa3b59-046b-490d-a333-8049b87d5db9___RS_NLB 4147 copy.jpg,Corn_(maize)___Northern_Leaf_Blight,3659,2433a1113ae9f4fb34d95d72689b0659a95698f04dbd9bfbf5fb49d6d1069064
Corn_(maize)___Northern_Leaf_Blight/d0ec3b78-8ea4-4938-bf6d-1baf5f0d640f___RS_NLB 4250.JPG,Corn_(maize)___Northern_Leaf_Blight,3660,012a04856355c8661e9560a8316fe573a056929d18e35b72378eda099acdf00b
Corn_(maize)___Northern_Leaf_Blight/d1265756-90d5-4126-943b-4bff5b1e8277___RS_NLB 3904.JPG,Corn_(maize)___Northern_Leaf_Blight,3661,32acb18d421d6386ca2eb1f2b411eb55f815f9fc0440c85602f6a95d9ad2880b
Corn_(maize)___Northern_Leaf_Blight/d1718bf2-fb43-42c8-a143-a78ea89017a7___RS_NLB 3491.JPG,Corn_(maize)___Northern_Leaf_Blight,3662,dc4a8aaff55eac7162436ae15288d04c47907d40baf9a873afa4ca6ee910cc83
Corn_(maize)___Northern_Leaf_Blight/d1c32303-12e4-4de5-b04a-811bcacfae3b___RS_NLB 3831.JPG,Corn_(maize)___Northern_Leaf_Blight,3663,d662999577e745e03b8bd1c388033e7b4b2b421ab6cc3c7d282ad54d7b17ae43
Corn_(maize)___Northern_Leaf_Blight/d1dc8657-22f9-42f8-a467-0dc1f0e2ed2e___RS_NLB 3643.JPG,Corn_(maize)___Northern_Leaf_Blight,3664,e1fd356587f20b36bf855738e1297c23adef42611968c52649aa1a83b4ef7e40
Corn_(maize)___Northern_Leaf_Blight/d1fbc905-f7df-4f45-b228-0a94b00f16ee___RS_NLB 3488.JPG,Corn_(maize)___Northern_Leaf_Blight,3665,ba64f5b699b26849250d4a500d995203694fa2d2d85371ddd50973a73ddb3c79
Corn_(maize)___Northern_Leaf_Blight/d22ff633-ea78-4d2f-ace7-cea0035e48d9___RS_NLB 0778.JPG,Corn_(maize)___Northern_Leaf_Blight,3666,2a850e05d1b20d65613486c9d16026c9d58b00aacee67c00c3aed3bd1c5be734
Corn_(maize)___Northern_Leaf_Blight/d281dba8-6b57-4bec-9e86-4b5638f4d4dc___RS_NLB 3860.JPG,Corn_(maize)___Northern_Leaf_Blight,3667,02a2e7148ea90378d8f6bf61ab68c70aa8bbe577c501906cd8d65aa1fdad14bb
Corn_(maize)___Northern_Leaf_Blight/d28d2dbe-d02f-4a44-80cb-365cdc3ae019___RS_NLB 3650.JPG,Corn_(maize)___Northern_Leaf_Blight,3668,a4325d7b8c5c710495077960c7b92c970220fa38150145214977e6470fa70350
Corn_(maize)___Northern_Leaf_Blight/d2dc8342-2ba5-4bad-b579-0360316fabe0___RS_NLB 3805 copy.jpg,Corn_(maize)___Northern_Leaf_Blight,3669,b602dae65b4cb04861c53a3ca3fdb32dd235ca12b87d7f37c7f422e4ba6be71b
Corn_(maize)___Northern_Leaf_Blight/d312ede5-f6d0-4446-8b4d-d0ae6e13864f___RS_NLB 4169.JPG,Corn_(maize)___Northern_Leaf_Blight,3670,7c535905a3447e000dd899df226b53d4bfc958225727ef12ee6fc00d05420d95
Corn_(maize)___Northern_Leaf_Blight/d317e749-6b6b-44b2-9db8-6ad489cf8d2e___RS_NLB 3750.JPG,Corn_(maize)___Northern_Leaf_Blight,3671,c63c294fbe4090f6ece67c7593a7b4d9e0a82d7f3692da6df74ba1ac49ed8320
Corn_(maize)___Northern_Leaf_Blight/d330ac59-dc5f-49d4-9529-a4ebbc34d46b___RS_NLB 3531.JPG,Corn_(maize)___Northern_Leaf_Blight,3672,e7d87c63420bb135f3bb05d77ea1ea1e4428c667ab84025b3df38723e2839cb4
Corn_(maize)___Northern_Leaf_Blight/d334d37f-a75c-47d9-ad48-3d37c32ea3c9___RS_NLB 3582.JPG,Corn_(maize)___Northern_Leaf_Blight,3673,3db338692dbc0eceaa459b218104524b317a8cee4963f6270e7088b7b11a2033
Corn_(maize)___Northern_Leaf_Blight/d36dfeef-82b0-4bfc-b202-0abe50242a21___RS_NLB 3928.JPG,Corn_(maize)___Northern_Leaf_Blight,3674,971cb72dcabcefeffe3979e1f5f10b640e4cb2316fbb8b0cafdb328e4a46a0c3
Corn_(maize)___Northern_Leaf_Blight/d39e45b5-4091-4e0b-b218-3c36a6360179___RS_NLB 3779.JPG,Corn_(maize)___Northern_Leaf_Blight,3675,93c4d357f22f8a84ab3a5aacb32f55f52bfac71e5df74a77618fc27fa997376f
Corn_(maize)___Northern_Leaf_Blight/d3cac9cc-2933-4c51-a3cf-005b717ad180___RS_NLB 0830.JPG,Corn_(maize)___Northern_Leaf_Blight,3676,39797d13ee65fa08b69557e0429006feee3e1e9c59f1efca922a05addfb38ae4
Corn_(maize)___Northern_Leaf_Blight/d3d7a5a3-ee3f-4654-8e90-8e722d433972___RS_NLB 3553.JPG,Corn_(maize)___Northern_Leaf_Blight,3677,043f95d5382848fb25fa6c7010bbc280cceb96d830abe0987ca2992989f5be1c
Corn_(maize)___Northern_Leaf_Blight/d3e6dd24-b056-4371-90c9-ee41bdbfbe71___RS_NLB 3788 copy 2.jpg,Corn_(maize)___Northern_Leaf_Blight,3678,c6acc7eb47f198961ddfdc2f3ed5148e2bfa90ff9ef43a39da7debc3280e7d2c
Corn_(maize)___Northern_Leaf_Blight/d40ae12e-eb1f-405e-b266-8a9970f4cd75___RS_NLB 3874.JPG,Corn_(maize)___Northern_Leaf_Blight,3679,3b52a5a51f4f49d11fb25bd980aeededf08052484613b70c2953c5358ec506cc
Corn_(maize)___Northern_Leaf_Blight/d413b5ce-75a2-4e7a-977a-72318cdbf476___RS_NLB 3668.JPG,Corn_(maize)___Northern_Leaf_Blight,3680,51ab12dde09d493786ab6730df27d91de1706c45ab34cca24c9bbac18604f62c
Corn_(maize)___Northern_Leaf_Blight/d44bc80c-3578-49e8-8f66-418d7b30132f___RS_NLB 4004.JPG,Corn_(maize)___Northern_Leaf_Blight,3681,34712be4e6eb9ac2757a1d2290022720763d3cc01e9f22eeb938bb41439b9b02
Corn_(maize)___Northern_Leaf_Blight/d469389c-709c-485f-867b-a0243aaa1c88___RS_NLB 3756.JPG,Corn_(maize)___Northern_Leaf_Blight,3682,5f19790ae04915c0d6edfb457922ae9a35dddc94eb9f8e722a4c15c4ed3d420a
Corn_(maize)___Northern_Leaf_Blight/d46fe184-72f6-4b05-8376-b6e17edc5458___RS_NLB  4671.JPG,Corn_(maize)___Northern_Leaf_Blight,3683,c96937b4580691f50ab122bd9cebef0105d1af58af04d781bb625ec17225359e
Corn_(maize)___Northern_Leaf_Blight/d4e0ed9b-03b3-487a-9fc5-1a1be771367f___RS_NLB 4256.JPG,Corn_(maize)___Northern_Leaf_Blight,3684,e06d5aca2cb69daecb62d28928d4c3b3c59a5b605d1734859c9aa6b7190f29f8
Corn_(maize)___Northern_Leaf_Blight/d51a6187-b667-4848-9aed-c73387186696___RS_NLB 4146.JPG,Corn_(maize)___Northern_Leaf_Blight,3685,b34c6b525ed7b7b3878f70260d9fb30fcdf50442409cc8f0820c172826624299
Corn_(maize)___Northern_Leaf_Blight/d51c7157-2d00-4535-b22f-a82238b8b1cc___RS_NLB 0759 copy.jpg,Corn_(maize)___Northern_Leaf_Blight,3686,e1a77619291d17691a3c1b76a7a2f168cd670a5761b4e9f111b2596e11ad3118
Corn_(maize)___Northern_Leaf_Blight/d5e92223-9fac-4b99-9021-f8867c378fba___RS_NLB 3563.JPG,Corn_(maize)___Northern_Leaf_Blight,3687,e26f9209a5bce3ce979d924151656e66b2d0abeb305df364118fdef2c9c4be09
Corn_(maize)___Northern_Leaf_Blight/d5ecb0c7-cdd5-46f4-bced-94f35423a245___RS_NLB 4194.JPG,Corn_(maize)___Northern_Leaf_Blight,3719,92298ec3883166ec41b7cb7a48bfbb1a03dd6fa47c82fe3326adf828772a811a
Corn_(maize)___Northern_Leaf_Blight/d612943e-54f2-435d-ade7-973c02e234e9___RS_NLB 4026.JPG,Corn_(maize)___Northern_Leaf_Blight,3689,be85702d4f519ea21878a12537ef85a263e8b8cf4e2aabeb1a5e4ca527baba4f
Corn_(maize)___Northern_Leaf_Blight/d62e34ed-d8ff-4678-9534-fbcadfb91703___RS_NLB 3726.JPG,Corn_(maize)___Northern_Leaf_Blight,3690,ba18919f23dd6b130b51e04e473a5d1ffcf427d7b04fb4dfbecfc2daf143f3ec
Corn_(maize)___Northern_Leaf_Blight/d66d0212-e2bc-48d4-a7ba-8f0bc6549280___RS_NLB 3621.JPG,Corn_(maize)___Northern_Leaf_Blight,3691,b7789022396c7b1ee2a02424c01223dc330f601312acf725b2c28a62bfbdc61b
Corn_(maize)___Northern_Leaf_Blight/d675c185-9018-4693-9bb3-d5f325cd0c2c___RS_NLB 3551.JPG,Corn_(maize)___Northern_Leaf_Blight,3692,efe9c20a0195b05495bdd85fb26ccf75f2b5352144f90933fcb5796bad2edda5
Corn_(maize)___Northern_Leaf_Blight/d6fa356e-05e8-45fb-9084-54f7cc7db81e___RS_NLB 0822 copy 2.jpg,Corn_(maize)___Northern_Leaf_Blight,3693,66f3f6444b615f5ab92778cd0d47a78d65671cfebcd8e5ef007f8de23f37bd20
Corn_(maize)___Northern_Leaf_Blight/d77fa827-9282-439b-8e87-5759c64cc852___RS_NLB 4285.JPG,Corn_(maize)___Northern_Leaf_Blight,3694,50f3c4c9c0b48bb8f22af3c8ec850902af864a45a50bec1bbcbb8a8a5a9398ae
Corn_(maize)___Northern_Leaf_Blight/d7937bfb-4767-4cb4-a2f4-85cd144240fe___RS_NLB 4690.JPG,Corn_(maize)___Northern_Leaf_Blight,3695,25cd0aff003258c7ea03ac2cd633da88af53c8414d2cfb56063b37024afcf34c
Corn_(maize)___Northern_Leaf_Blight/d7b57a7e-957c-4225-acdd-c923e38056f4___RS_NLB 4059.JPG,Corn_(maize)___Northern_Leaf_Blight,3696,34f9be8bff9ed3e0faad56e33bd54dd710123e0a06f5c1ab47ca958c9ea550b9
Corn_(maize)___Northern_Leaf_Blight/d7fdbb58-9e9b-4d2e-8b50-9da0e6a8a8cf___RS_NLB 0807 copy 2.jpg,Corn_(maize)___Northern_Leaf_Blight,3697,3a140515105bcb614a7787ea96d9b73b042712735ef2ffb6bf30b5d79be17cb5
Corn_(maize)___Northern_Leaf_Blight/d808adb1-8f84-4b4c-84ca-d3f93a349650___RS_NLB 3534.JPG,Corn_(maize)___Northern_Leaf_Blight,3698,f43ca9f08b1d00c63e75b90e47961ca2208763744d9fee9ce25ba1e7c7559be8
Corn_(maize)___Northern_Leaf_Blight/d82213a9-eff4-4d5c-a2a4-c55cc8a034e3___RS_NLB 3748.JPG,Corn_(maize)___Northern_Leaf_Blight,3699,5c8e84666af189c83c8e9c993415b3caef3779d1545b834a5cfa78c9a92ea6d3
Corn_(maize)___Northern_Leaf_Blight/d8a2c04c-5d2b-485c-aaff-1440c0cd65e1___RS_NLB 3695.JPG,Corn_(maize)___Northern_Leaf_Blight,3700,ee1903e03d173283daddc12c83015578880f23b610e3f24884b75c926500afab
Corn_(maize)___Northern_Leaf_Blight/d90d1012-715f-4cf5-8e47-7fe6b73ce859___RS_NLB 3715.JPG,Corn_(maize)___Northern_Leaf_Blight,3701,84d829fd065be92b324c3e9156f4a84f46746aba2f2b7870a9c9ce12116bedd2
Corn_(maize)___Northern_Leaf_Blight/d95f6c9c-1c62-47d6-a643-093cd3402162___RS_NLB 3942 copy 2.jpg,Corn_(maize)___Northern_Leaf_Blight,3702,ddfdaae4fc8488e3164e10c5be872629ade79a76749a8e9be98b48e258637de6
Corn_(maize)___Northern_Leaf_Blight/d9987503-f4fb-4ed8-a766-dcc4bc973fb0___RS_NLB 4070.JPG,Corn_(maize)___Northern_Leaf_Blight,3703,7ffe687a8d064382fca19d9fec52805b9a54686db418fe7681cda844a5698616
Corn_(maize)___Northern_Leaf_Blight/d9b926c7-d24d-4773-b1c6-c6b911984121___RS_NLB 3600.JPG,Corn_(maize)___Northern_Leaf_Blight,3704,30a88afbe5c86295bdb421b00f160daf3a09afca0cec3cf97f11d86b18745e91
Corn_(maize)___Northern_Leaf_Blight/d9d14fdf-8f10-4023-8caf-c6ed6fd77b0f___RS_NLB 4003.JPG,Corn_(maize)___Northern_Leaf_Blight,3705,bf65279b92c34fd6eb6dd6f2b1611b55c1ab4314a67059e5e0cf3c2a618ae79d
Corn_(maize)___Northern_Leaf_Blight/da061484-a583-40ad-bbbd-cab07dd81d80___RS_NLB 3536.JPG,Corn_(maize)___Northern_Leaf_Blight,3706,f060b9352b2879052e213fd6655210edafeb4a0f355d2d9e79706112b7cc887c
Corn_(maize)___Northern_Leaf_Blight/da24c7cf-a119-46e9-b34a-049d21fe610c___RS_NLB 0831.JPG,Corn_(maize)___Northern_Leaf_Blight,3707,7f7f64aace16dae2bb2cc3331c61ad2ce911738ae3939915d8019d576d72c184
Corn_(maize)___Northern_Leaf_Blight/da98944f-f66b-4734-9d09-58dbb072eb85___RS_NLB 4033.JPG,Corn_(maize)___Northern_Leaf_Blight,3708,838e10234270ae6f028dd674d4de59914a5946b9874ed65ef86e815e05a3fd46
Corn_(maize)___Northern_Leaf_Blight/da9a467c-be7b-4164-81a2-74b82f268bb6___RS_NLB 4122.JPG,Corn_(maize)___Northern_Leaf_Blight,3709,9174eb7a0ea3898a519cc547d823061ceb52a3fd60197196ac41b53ee318905a
Corn_(maize)___Northern_Leaf_Blight/dac28004-9243-45ab-a3ff-03edff04e8d1___RS_NLB 3613.JPG,Corn_(maize)___Northern_Leaf_Blight,3710,9f93335af0e4e7a2063e36f8d335efb224f88305476b1d9177c9d208f8e535a6
Corn_(maize)___Northern_Leaf_Blight/daf1c801-8722-44d6-9f3f-be0250d952e6___RS_NLB 3941.JPG,Corn_(maize)___Northern_Leaf_Blight,3711,0509d4e25cdf71a4137353b7cb2ad6660538a655bc3e3767938c5c19b762992b
Corn_(maize)___Northern_Leaf_Blight/dafabebd-c6d1-4f69-a7a9-45f5c959f9a1___RS_NLB 3571.JPG,Corn_(maize)___Northern_Leaf_Blight,3712,471aa674fb6b95ce7f899fe7cacdfde7a73662fc914ac86df878713aa249cda0
Corn_(maize)___Northern_Leaf_Blight/db19f539-05e8-4cd8-a9bc-57fb97ce0f41___RS_NLB  4443 copy.jpg,Corn_(maize)___Northern_Leaf_Blight,3713,4757a657f500bcee7507f6deb5f5f4f0e9403a1bc133bac8a4a0ead97376ec3f
Corn_(maize)___Northern_Leaf_Blight/db43f70c-19bc-4913-b8ae-90c7dca09411___RS_NLB 4035.JPG,Corn_(maize)___Northern_Leaf_Blight,3714,5a75c1acc5c76f56178f4714f15e091ec47d73da86ce48b518379d95a8a83a82
Corn_(maize)___Northern_Leaf_Blight/dbc0dc71-c477-4d79-9c13-479bbbe783c8___RS_NLB 3931 copy.jpg,Corn_(maize)___Northern_Leaf_Blight,3715,8f831ae669a8a73c45fb563051e6ef3ba8e41248702f571c3a04b2e59d3d18db
Corn_(maize)___Northern_Leaf_Blight/dc425939-95f6-4cec-b669-73d61947c66b___RS_NLB 0834.JPG,Corn_(maize)___Northern_Leaf_Blight,3716,c8a8b4ddd37141f85867af4095d032e5273b0f697b55289585a996462a8b4db8
Corn_(maize)___Northern_Leaf_Blight/dc5013d6-de04-4079-93f1-320d6b765cd3___RS_NLB 0822 copy.jpg,Corn_(maize)___Northern_Leaf_Blight,3717,aa1169c24e2e3f44090fbf1984910a26584197d219e8e3fddb2de3d444696cb4
Corn_(maize)___Northern_Leaf_Blight/dca191ee-4869-454f-a67e-6af114398edf___RS_NLB 3647.JPG,Corn_(maize)___Northern_Leaf_Blight,3718,9c9f46d6fdfd0ffe8d414a9d6c2fc2bcbc0e70447a8f4e44b58ffed2d5ad600d
Corn_(maize)___Northern_Leaf_Blight/dd430eb3-4f5c-45a9-9f18-c5ee82073ec4___RS_NLB 4195.JPG,Corn_(maize)___Northern_Leaf_Blight,3719,00f65bbf6acafdf9688862bd5efbcbb65c2e6cc9a68caca65dfd3242b0d74545
Corn_(maize)___Northern_Leaf_Blight/dd75c294-d976-4be5-8efc-889f8b00883f___RS_NLB 4030.JPG,Corn_(maize)___Northern_Leaf_Blight,3720,2aa7219f327bd3764b0a28a1ffc50748f707f151a4ebeb4a3b1d7d317444594e
Corn_(maize)___Northern_Leaf_Blight/dda73df7-96ed-453c-8d53-21549a980bc7___RS_NLB 4182.JPG,Corn_(maize)___Northern_Leaf_Blight,3721,41c02ad8ea4535c509859cc12b69bcc81ebf87e940d50cba776007af655b1103
Corn_(maize)___Northern_Leaf_Blight/ddd3bb1b-ef88-4426-a7bb-2b61422df6e2___RS_NLB 4057 copy3.jpg,Corn_(maize)___Northern_Leaf_Blight,3820,a9994dc4a92e04bda8b8561870b4db112362c91307aa810e802fe69540e63f30
Corn_(maize)___Northern_Leaf_Blight/de023021-3b7a-4b88-bb83-7bcb09f80b6a___RS_NLB 4666 copy.jpg,Corn_(maize)___Northern_Leaf_Blight,3723,93578126a3a0652ce4915a3a9e30485e342511a5d3febf98f7ec468de02cf93f
Corn_(maize)___Northern_Leaf_Blight/de06fdbb-04cf-4e7b-9e1d-6162f11b3dea___RS_NLB 3481.JPG,Corn_(maize)___Northern_Leaf_Blight,3724,917a1f231cdda7433f50368c3b803eb07a3160104ce7ec8bab3f31618363f84b
Corn_(maize)___Northern_Leaf_Blight/dee1d236-d052-475e-a34e-dfdc75d12412___RS_NLB 4223.JPG,Corn_(maize)___Northern_Leaf_Blight,3725,c3a5a0a3823a4a8a42c49525b248546a145572afaf8c99eb6065e5ece01dd9ec
Corn_(maize)___Northern_Leaf_Blight/def2064a-8470-447e-bfb2-f76ecb3006cd___RS_NLB 0789.JPG,Corn_(maize)___Northern_Leaf_Blight,3726,2beef824a322147918b6df19c405817a7b396a44c84e768b72bd760fe6a33bc7
Corn_(maize)___Northern_Leaf_Blight/df1c48d9-2413-4d2d-8a0a-b60a708d32f2___RS_NLB 3955.JPG,Corn_(maize)___Northern_Leaf_Blight,3823,2f7f2b5279b7ef07b63c5dc4869df28679170ef3c15a90335583d9a34fe9f138
Corn_(maize)___Northern_Leaf_Blight/e0246bcb-949d-4ea8-b517-f6dfb7e7526d___RS_NLB 4107.JPG,Corn_(maize)___Northern_Leaf_Blight,3728,9d74ed811cf1ebc7890125d21741ab0bada573816b7970405be94896bf007bab
Corn_(maize)___Northern_Leaf_Blight/e04b792b-62d1-4447-b9e2-cf3b8f565883___RS_NLB 3879.JPG,Corn_(maize)___Northern_Leaf_Blight,3729,eb52c9f53eacbdad0aa676c125bb710f6018c4f00826cadc4c40a3a6c2789b31
Corn_(maize)___Northern_Leaf_Blight/e09f88c6-ca04-4f63-bc86-e18a6cbad85d___RS_NLB 3574 copy 2.jpg,Corn_(maize)___Northern_Leaf_Blight,3730,88d46d0864c1f42bff19a7942a5c211a52828f7414a550595955c43a22809416
Corn_(maize)___Northern_Leaf_Blight/e0b458e7-cea5-4d65-9b14-2aa51ba38438___RS_NLB 3857.JPG,Corn_(maize)___Northern_Leaf_Blight,3731,f9c0b1ea33c16c974e85282d7cf31ef899571a12149ad5677b7440e62dd0a1c2
Corn_(maize)___Northern_Leaf_Blight/e11c9b3e-d9bc-48b7-8d05-c1d99ba2da52___RS_NLB 3851.JPG,Corn_(maize)___Northern_Leaf_Blight,3732,3c0bf4b5f8ecdfa0241e8c048bed998ebf8f9be66370b316d6c1e2385d11a3b6
Corn_(maize)___Northern_Leaf_Blight/e15e053c-4b0a-48a3-a622-c2395bd93b64___RS_NLB 4008.JPG,Corn_(maize)___Northern_Leaf_Blight,3733,f3144c51e06d9a4a6a305fe0374666e5ae0dc95fe5e2fd4b1b9c711ee46a2986
Corn_(maize)___Northern_Leaf_Blight/e20d6d7c-2508-4a75-9143-5c49d0c02d12___RS_NLB 3604 copy.jpg,Corn_(maize)___Northern_Leaf_Blight,3734,c32940e51b08d745cc74bf3e62a21f7a5caeec58e876f0fbd88f6aaddb02068d
Corn_(maize)___Northern_Leaf_Blight/e22976d4-ff48-4672-ad70-e17d50b65b1c___RS_NLB 3688.JPG,Corn_(maize)___Northern_Leaf_Blight,3735,00126ef33b1f603fcf705fe5b3d186f7932d2348fe52aca404752233586a86e7
Corn_(maize)___Northern_Leaf_Blight/e2456029-abe6-4789-a1da-9f1a884c1ab6___RS_NLB 4028.JPG,Corn_(maize)___Northern_Leaf_Blight,3736,8996192fb3c7f5f559705259e28c193cb912fe6d0528789c0b198fefe199b5b8
Corn_(maize)___Northern_Leaf_Blight/e2d99dbe-c4ff-46d8-8e09-38a19f10d2b5___RS_NLB 3533 copy.jpg,Corn_(maize)___Northern_Leaf_Blight,3737,bb0b338c4aa15b644cf1d503588733337c18e1b38ec67cae9c9dc06545d6ef16
Corn_(maize)___Northern_Leaf_Blight/e2faa2e3-433a-4ee3-9b64-8de4ad2947e1___RS_NLB 3795.JPG,Corn_(maize)___Northern_Leaf_Blight,3738,460f30a666c3051947c13e0468d79810a2feb8ab9c9e7530030ff72b7d477d89
Corn_(maize)___Northern_Leaf_Blight/e2fc31a8-6b0e-4c15-9fba-2024d2295827___RS_NLB 4229.JPG,Corn_(maize)___Northern_Leaf_Blight,3739,a001bacea996a9347e11c520c19b1a3eaeb64a8d247a38ca69d2b67b2a2254ce
Corn_(maize)___Northern_Leaf_Blight/e379b939-5325-400c-97ea-393159297fc0___RS_NLB 4184.JPG,Corn_(maize)___Northern_Leaf_Blight,3740,2d579f3d89c0a6d58cbd836d788c7c83f0b5ebbfae4d6f07530e0a8473de681d
Corn_(maize)___Northern_Leaf_Blight/e39b074e-6702-4444-aa07-d5a9b3bd5446___RS_NLB 4002.JPG,Corn_(maize)___Northern_Leaf_Blight,3741,755fba7776d8feff44fb2914c5004c5fdc1ba9751e52116627512677fa4e7ba8
Corn_(maize)___Northern_Leaf_Blight/e4113b41-f147-44d9-a531-2824bf5cad3c___RS_NLB 4048.JPG,Corn_(maize)___Northern_Leaf_Blight,3742,e64be6f5bbbe45dd3e9c170a0ffe15d57cdde31566f809516ad33719a3a49d5f
Corn_(maize)___Northern_Leaf_Blight/e468a247-3cc3-414b-8d9b-efde65b2aad6___RS_NLB 3937.JPG,Corn_(maize)___Northern_Leaf_Blight,3743,69a6970385907e2cf4b12fab1f54f61c74441f09b3efa5e3895bfb798986a1ce
Corn_(maize)___Northern_Leaf_Blight/e472dfcf-e2c6-4e5b-9d93-b31921cb5f07___RS_NLB 3974.JPG,Corn_(maize)___Northern_Leaf_Blight,3744,67dddefe7050be07eab8c0d530ef6a837d742999a41b33e5a828042bed69b5ff
Corn_(maize)___Northern_Leaf_Blight/e4a1bfbf-22a0-4455-98e2-a1bd0a243a94___RS_NLB 3975.JPG,Corn_(maize)___Northern_Leaf_Blight,3745,03f632e7b2a904878fe460c76dd840761e5768de7e2734256d19b75a47e2aaed
Corn_(maize)___Northern_Leaf_Blight/e521bbbd-09cd-4ff3-9060-60491b8128b0___RS_NLB 4005.JPG,Corn_(maize)___Northern_Leaf_Blight,3746,44dfd6df6e68f495aa039e073a6fcaf38f16bbd2a344144e8ef290848ec26492
Corn_(maize)___Northern_Leaf_Blight/e59d2407-e225-47d5-96a7-6cdcc3868499___RS_NLB 4100.JPG,Corn_(maize)___Northern_Leaf_Blight,3747,4c21d10ff5e6494f3a4ca1e50db964f09d236537e7f660f43e856f69e9d449aa
Corn_(maize)___Northern_Leaf_Blight/e5e4cd23-60b4-4b94-bd47-31495d8e7263___RS_NLB 3514 copy.jpg,Corn_(maize)___Northern_Leaf_Blight,3748,1a7baf922273dbfd520ea90c32f27f9d5c47912a6c0d8f66871699e215fa076b
Corn_(maize)___Northern_Leaf_Blight/e60c841c-2a10-4a27-a2e9-2604fb9ead83___RS_NLB 4192.JPG,Corn_(maize)___Northern_Leaf_Blight,3749,c4e82342ef80571c7b46acede36d436b73b570e80c33da9cd6d2a0e7c97843c8
Corn_(maize)___Northern_Leaf_Blight/e617de29-f6fb-4c0b-9995-49127fb4573c___RS_NLB 3601.JPG,Corn_(maize)___Northern_Leaf_Blight,3750,cd7119d358711fe3e76d82c7630c0e70719a2146f016557ea46e36a1a8816a5f
Corn_(maize)___Northern_Leaf_Blight/e63578a0-74d4-4634-b377-aaaf3c135324___RS_NLB 4200.JPG,Corn_(maize)___Northern_Leaf_Blight,3751,33552cb755b7947738e3db033320906f2d7602df0f6065865d78fe48b4708bb4
Corn_(maize)___Northern_Leaf_Blight/e6efd4ab-64e8-4001-9665-e177c273ea3f___RS_NLB 3804.JPG,Corn_(maize)___Northern_Leaf_Blight,3752,b56212de316eca0d6b2688800abe28593c31e9d74f087acfcfb77cfa98f01256
Corn_(maize)___Northern_Leaf_Blight/e6f10c6e-9cd7-4ad1-98d8-0fb8038e4c1a___RS_NLB 0820.JPG,Corn_(maize)___Northern_Leaf_Blight,3753,84fc38fcdd0cfaedc455efb2f22da3eb2780350be750b16375e4d2a19502f61e
Corn_(maize)___Northern_Leaf_Blight/e7510f80-69fa-49d3-b6c5-037a43c0622a___RS_NLB 3570.JPG,Corn_(maize)___Northern_Leaf_Blight,3754,4a4e59a8d8f9c7eb0c551976b53dbe5f3fe2946398c8dc361aa7e864fd7f5615
Corn_(maize)___Northern_Leaf_Blight/e76e03e7-ee83-4c2e-9780-188e6fde75a1___RS_NLB 4007.JPG,Corn_(maize)___Northern_Leaf_Blight,3755,67103f60e5161f55ac275147fd66217c4a3b5942730447fe85bf4304e1ae5fce
Corn_(maize)___Northern_Leaf_Blight/e7f21b10-34e7-408e-a434-2b5d9e5e4eeb___RS_NLB 0761.JPG,Corn_(maize)___Northern_Leaf_Blight,3756,7cbedde6f503f8ea65ac4d98e13313153d9d9f0f2ae232f3e191ca61419744eb
Corn_(maize)___Northern_Leaf_Blight/e8527ec9-d83a-49c6-b0ed-1833e6350e23___RS_NLB 3796.JPG,Corn_(maize)___Northern_Leaf_Blight,3757,3a4c7f3fe4fce5cb01a5af2dfb237e909e38b3560f713ce3496896ca156de7b4
Corn_(maize)___Northern_Leaf_Blight/e863323a-5d81-42c8-8503-dbdb00452e59___RS_NLB 3554.JPG,Corn_(maize)___Northern_Leaf_Blight,3758,f06317144ac6152473fb5b7e7c14ed4bd96b676ff2d1098a9c22bbe382f36153
Corn_(maize)___Northern_Leaf_Blight/e8fe9001-df63-40de-bc41-fc250863a705___RS_NLB 4205.JPG,Corn_(maize)___Northern_Leaf_Blight,3759,bfe59c7ffee3e97992df70508524beb0cac2723cae9b6f2e82028db838951cb0
Corn_(maize)___Northern_Leaf_Blight/e941ff1a-22c8-42ef-8ccb-bc5899e6764b___RS_NLB 3802.JPG,Corn_(maize)___Northern_Leaf_Blight,3760,01c98955fb4e8d0f63048ba4c86dc141eacdaa5378c0f673fe57862473490ffa
Corn_(maize)___Northern_Leaf_Blight/e949a093-bf0c-4456-a15b-5c67a02480b1___RS_NLB 4096.JPG,Corn_(maize)___Northern_Leaf_Blight,3761,ae4ab3d66a430dcbf46d0a7e7767da39d4245d74be53bd1a628f81ffe4a0b3f2
Corn_(maize)___Northern_Leaf_Blight/e9922bf3-c8dc-460b-bb52-65bba02ff618___RS_NLB 3478.JPG,Corn_(maize)___Northern_Leaf_Blight,3762,686dfa96f95cceae2eb740033584a1b7d9c76d3d02e47bf5f840e6d1ce6d2d5a
Corn_(maize)___Northern_Leaf_Blight/e9b6bee3-c097-4823-b057-c7ed167f072c___RS_NLB 4151.JPG,Corn_(maize)___Northern_Leaf_Blight,3763,1042f405376c7b6d773e27a4ded85d5c555d69ce76b03d83bd9c1fbfbc973daf
Corn_(maize)___Northern_Leaf_Blight/e9c01f8e-6d45-4243-b274-6036ab3e5529___RS_NLB 0774.JPG,Corn_(maize)___Northern_Leaf_Blight,3764,76b588e778cd04c76c7685528eab6f9040088a44e0686e153dc3d8cbbd9f2c49
Corn_(maize)___Northern_Leaf_Blight/e9c3b693-1824-41bb-803c-2730cd06f9e5___RS_NLB 4152.JPG,Corn_(maize)___Northern_Leaf_Blight,3765,9b24842815bb1b1c6ebbbf70d56ea2c9fbb9bf67d014e440eb55dc0217dfee5b
Corn_(maize)___Northern_Leaf_Blight/e9d3e128-7cbe-4b6e-b2b7-08f90fe5cc99___RS_NLB 4276.JPG,Corn_(maize)___Northern_Leaf_Blight,3766,acacf7f31b5a0bef8a538871fcf9c7ced0ce138ccb4ef49bbb8190ed797aa70c
Corn_(maize)___Northern_Leaf_Blight/ea41c5a7-8436-4ee5-b528-4c0f5b656e82___RS_NLB 3786.JPG,Corn_(maize)___Northern_Leaf_Blight,3767,05e1de87057a60d009e24bd596e3f723d0a19d5927213913c3f5aabdb95c762b
Corn_(maize)___Northern_Leaf_Blight/ea5341a5-d8b9-4e96-a3c8-7785e02d0341___RS_NLB 3816.JPG,Corn_(maize)___Northern_Leaf_Blight,3768,8e91149a3d5b94240c36dd2797a413fdecfde57a2aacfd710db256f10d494191
Corn_(maize)___Northern_Leaf_Blight/ea9ba5b2-e8e7-48c8-ac16-d594a9e5cc51___RS_NLB  4443 copy 2.jpg,Corn_(maize)___Northern_Leaf_Blight,3769,44c3d69f3639c4907edd464d995b9e083f4ea2c5cbb5d502a8db9b74d5f5d238
Corn_(maize)___Northern_Leaf_Blight/eac45516-3f72-4dac-bf0f-566a663c1409___RS_NLB 3580.JPG,Corn_(maize)___Northern_Leaf_Blight,3770,af9fcdb4784a8b00e14c910e5ac505d873aed768cd2ca1c00929a1f51e883d6a
Corn_(maize)___Northern_Leaf_Blight/eaf93f13-37be-489a-9405-b7602bf59f8a___RS_NLB 3963 copy.jpg,Corn_(maize)___Northern_Leaf_Blight,3771,2395c8e99b7f3171819bd090fea375f5cbfd9efbadcce2f99203b0c0a3e031df
Corn_(maize)___Northern_Leaf_Blight/eb3708a1-b2b4-4e03-b8ae-59c14ef89e67___RS_NLB 3818 copy.jpg,Corn_(maize)___Northern_Leaf_Blight,3772,d0a60e857d0971bcaad6ee38864067c26d11ac72ec631ad8e07eae50509d7218
Corn_(maize)___Northern_Leaf_Blight/eb6f2ea5-4633-44ab-beda-4fd993d7f76d___RS_NLB 4071.JPG,Corn_(maize)___Northern_Leaf_Blight,3773,fd8a2132908db7c09b05050b398af6af73c304e76e3ece7692c231428697b8a2
Corn_(maize)___Northern_Leaf_Blight/eb732e90-d7a6-4b28-9491-ced833cc9750___RS_NLB 3940.JPG,Corn_(maize)___Northern_Leaf_Blight,3774,9c081ab69d846c0405a61d55f76104ce20e3152abe5c6d40ed70d7371f2ccc79
Corn_(maize)___Northern_Leaf_Blight/ebb837be-867e-417a-8a0a-04fd3f0570ba___RS_NLB 4087.JPG,Corn_(maize)___Northern_Leaf_Blight,3775,c47828bb8d9ef5c28a4f382a56259dceb374c3309bfd5fc1b6d4d787357540e8
Corn_(maize)___Northern_Leaf_Blight/ebc76210-8a22-44bc-8ef4-ff8c12357398___RS_NLB 4101.JPG,Corn_(maize)___Northern_Leaf_Blight,3776,c57552ee90c86050eed8953aab7c516aa964a63dddfca8ef2189d012b14b8189
Corn_(maize)___Northern_Leaf_Blight/ebcfe20f-f00e-49ad-a470-4b4cc40b815c___RS_NLB 3742.JPG,Corn_(maize)___Northern_Leaf_Blight,3777,61a0d328b7234bb4c8737cea689ecc3a5e4cff388289c28909f5f2b0c8a92037
Corn_(maize)___Northern_Leaf_Blight/ec769dd1-532c-4f81-b677-6b7b4d0d7606___RS_NLB 4140.JPG,Corn_(maize)___Northern_Leaf_Blight,3778,536fe17524790effb3e866c734666288f114e2d0730919953460cc4399911ceb
Corn_(maize)___Northern_Leaf_Blight/ecaf0f9a-338f-4065-bc84-7185d8394552___RS_NLB 3898.JPG,Corn_(maize)___Northern_Leaf_Blight,3779,fa506b39a803fa47b45cc740098674738002424dbd53a888d4e50e95c97a953e
Corn_(maize)___Northern_Leaf_Blight/ed02da2f-8b98-49b1-a65d-ff7e47d61331___RS_NLB  4443.JPG,Corn_(maize)___Northern_Leaf_Blight,3780,28e343bc7770ab8a6436239257bea0d48464b5aeaed27bc1e2e431036281a1c5
Corn_(maize)___Northern_Leaf_Blight/ed1e71f3-0007-458d-bdd0-eaceeee65707___RS_NLB 4224.JPG,Corn_(maize)___Northern_Leaf_Blight,3781,4fd65de14b28c696822a80fcd3f1df0194bdb06f14873d290d7114ede42245d8
Corn_(maize)___Northern_Leaf_Blight/ed3a9e57-8d8c-471c-bb5a-7ef5a205bc19___RS_NLB 3711.JPG,Corn_(maize)___Northern_Leaf_Blight,3782,3fada639b121eb24f7db80d496782171af8307f50e7bcd1f4bc69d72aecb90a2
Corn_(maize)___Northern_Leaf_Blight/ed700cb4-fa84-4c56-bcf4-f2c21ce53e12___RS_NLB 4040.JPG,Corn_(maize)___Northern_Leaf_Blight,3848,14b832ef64bac058333432c6d721b8ad77d6c6419bd5f96aa37716d9f8d42cdd
Corn_(maize)___Northern_Leaf_Blight/ed711fe2-468f-4c9b-b2fc-32761db16c94___RS_NLB 3953.JPG,Corn_(maize)___Northern_Leaf_Blight,3784,d9b760ff530a06ad3064b04417b044a5c640019c61420eec6634107f2a7211e1
Corn_(maize)___Northern_Leaf_Blight/ed87978b-71f0-4ab8-b1d3-e7038c0dfa16___RS_NLB 3494.JPG,Corn_(maize)___Northern_Leaf_Blight,3785,073638ae9b808c0a63d8dd9b01576ea6fc0a8b0f94464fdc4be67d8ac7817ee6
Corn_(maize)___Northern_Leaf_Blight/ed8c1c19-dbd4-4c65-9ec0-e5c206667ac1___RS_NLB 3801.JPG,Corn_(maize)___Northern_Leaf_Blight,3786,0f741304106b95b0424552023b3787849ced6b211e0206a90ab546c4140faa89
Corn_(maize)___Northern_Leaf_Blight/ed966f7f-71e9-4dc2-9689-32654a609956___RS_NLB 4046 copy.jpg,Corn_(maize)___Northern_Leaf_Blight,3787,8aace910c1cb5a05645d1e50d573ab7c7904403c910c1b8304b1293c472e0f08
Corn_(maize)___Northern_Leaf_Blight/ee389c10-aaf2-42d5-bd7e-aabfb9acd42b___RS_NLB 4183.JPG,Corn_(maize)___Northern_Leaf_Blight,3788,ff7cc61c17449f7832a8fa59414b059912ea1abacc88df9153e8b84ba2eecf70
Corn_(maize)___Northern_Leaf_Blight/ee4269d5-9492-4863-a283-17396a086e0d___RS_NLB 3672 copy.jpg,Corn_(maize)___Northern_Leaf_Blight,3789,b63becd3bfbab32bd719daf3bba354faad0d4b9efc2a49696e647545093e60b7
Corn_(maize)___Northern_Leaf_Blight/eebc39f9-9bb0-4509-91ae-135a4f0563f2___RS_NLB 3677.JPG,Corn_(maize)___Northern_Leaf_Blight,3790,f055dfa3d3acff566af6f472f04a9430d271b8c1dc4d86e58309ca78156b4eba
Corn_(maize)___Northern_Leaf_Blight/eec9990b-4a18-451c-a750-1c85b5da84f8___RS_NLB 3630.JPG,Corn_(maize)___Northern_Leaf_Blight,3791,20e3e5b4c11d4d59a59156f2fc31363848761a0744de19df375826e00d828335
Corn_(maize)___Northern_Leaf_Blight/ef2883c1-77cd-4b12-98bc-db371e596eb7___RS_NLB 3989.JPG,Corn_(maize)___Northern_Leaf_Blight,3792,54cf69a3a4079ec224076878abc4f9683bec7ddc9d2ca6f8fb38fc80a599c8bf
Corn_(maize)___Northern_Leaf_Blight/ef51615e-208a-4af4-a392-29abe4c5d008___RS_NLB 4062 copy 2.jpg,Corn_(maize)___Northern_Leaf_Blight,3793,cf54928fe86b17ce201f9f5fc336ee71edf5df31c6d4c227b68fc185eb42ac2e
Corn_(maize)___Northern_Leaf_Blight/ef5c7a36-4a79-419f-94e9-ad1120a68dad___RS_NLB 3932 copy.jpg,Corn_(maize)___Northern_Leaf_Blight,3794,40668cb3be0a0d8325c168285c4ed88f480f6af173b7b953627a63c621f5307a
Corn_(maize)___Northern_Leaf_Blight/efb9c96a-22d4-4217-bf2b-7c0f5d97d277___RS_NLB 4057 copy 2.jpg,Corn_(maize)___Northern_Leaf_Blight,3820,c6342b138b1bc67a654ff36dacb37e122bbf85fe8f9d7b31d92d4c3f0da9d749
Corn_(maize)___Northern_Leaf_Blight/f06ca1ec-25c8-4d0f-ae7c-6bb0ffb7e0b0___RS_NLB 3584.JPG,Corn_(maize)___Northern_Leaf_Blight,3796,ae00e375d7e9e82f0ee33fbd7a50b616c157f0369bd5b0a2ef4a05c3d96f42ad
Corn_(maize)___Northern_Leaf_Blight/f07ee21f-940b-453a-953d-00f53482b7f0___RS_NLB 4095.JPG,Corn_(maize)___Northern_Leaf_Blight,3797,3b6e4b35ef99dcdc34aa6d0e71fbd283514798e0a266ea99030ea9833540b3f2
Corn_(maize)___Northern_Leaf_Blight/f09c5304-da39-4f77-a7d5-8c101b286509___RS_NLB 4019.JPG,Corn_(maize)___Northern_Leaf_Blight,3798,e8dd1a04169948338d3fde26b4bca841c15dab9ed21abbaa0a936652aa90a4b0
Corn_(maize)___Northern_Leaf_Blight/f0b49686-1a0f-4c01-9b60-e816c513215f___RS_NLB  4506 copy.jpg,Corn_(maize)___Northern_Leaf_Blight,3799,b895ea491e10f0f5f5c29f9c4b7ed95370e5b39cc1523294373f17b9966b455d
Corn_(maize)___Northern_Leaf_Blight/f0edc304-8a96-4b71-bf5b-2a379967ba27___RS_NLB 4018.JPG,Corn_(maize)___Northern_Leaf_Blight,3800,fd4dcaa8d80e918725e9baa03ff46975739d672950f13b1d1113de40c9dff981
Corn_(maize)___Northern_Leaf_Blight/f11dc904-3bec-47ac-8db0-a9b7dff5897f___RS_NLB 4279.JPG,Corn_(maize)___Northern_Leaf_Blight,3801,47528d3dd8355d5f922c199ce6954f26eeb6b1a81991db6372dd516032362170
Corn_(maize)___Northern_Leaf_Blight/f13d43cb-e365-4df6-aac8-746e4d6d7dab___RS_NLB 3528.JPG,Corn_(maize)___Northern_Leaf_Blight,3802,9efcfd5e38cedd2a7a55a57ca74a6b9e50e6af5be067653aeb01368501811d19
Corn_(maize)___Northern_Leaf_Blight/f23ac0bb-a341-45d3-9e3d-8180658ddc96___RS_NLB 4230.JPG,Corn_(maize)___Northern_Leaf_Blight,3803,51c8063bbfdfa227fd7aa76767244511572e2de9e90ba2739eae93f16bc3f317
Corn_(maize)___Northern_Leaf_Blight/f2486598-1ee4-4fde-9d9a-5684f2cbdae3___RS_NLB 3784.JPG,Corn_(maize)___Northern_Leaf_Blight,3804,aac80dc2dc2016415baa115ae465871a5f00ae8ea05e986928df0236f01a2d1f
Corn_(maize)___Northern_Leaf_Blight/f24a6c41-64fd-42c1-a0ea-501441fcbf64___RS_NLB 3805 copy 2.jpg,Corn_(maize)___Northern_Leaf_Blight,3805,c57bbd7deda94a19f9cda0a007d2012045611e281704a610f15d81d7d5046f6e
Corn_(maize)___Northern_Leaf_Blight/f25476a1-6701-4519-a20e-075643e5359e___RS_NLB 0815.JPG,Corn_(maize)___Northern_Leaf_Blight,3806,138012a1b05609a93b281a6445db41ae6587e6f8ab8101b1bb1225e100d0813e
Corn_(maize)___Northern_Leaf_Blight/f283c7ad-19cf-4e5f-a2cb-d1123610b077___RS_NLB 3573.JPG,Corn_(maize)___Northern_Leaf_Blight,3807,dd16a6b189c9237cd4b7bc1615a0d88b2a7e14cfaf660ea6a381d6c090f27323
Corn_(maize)___Northern_Leaf_Blight/f291f62a-d6f6-4f1e-92af-d6177b154263___RS_NLB 3662.JPG,Corn_(maize)___Northern_Leaf_Blight,3808,2ee2e7eac843e9f92b8e05d7b8f51aa4702567089d86314b1070fe1ef538a093
Corn_(maize)___Northern_Leaf_Blight/f301b26e-ec9c-4d03-94fa-28a2a8fe617a___RS_NLB 4254.JPG,Corn_(maize)___Northern_Leaf_Blight,3809,287951c77d89b9abb51a955b145abcf62a58ae749b2fc0ceb06890281f7126cd
Corn_(maize)___Northern_Leaf_Blight/f3141371-5c55-4cf4-988a-6c322de0c6ec___RS_NLB 3486 copy 2.jpg,Corn_(maize)___Northern_Leaf_Blight,3810,9dc5ea7bee1bb9904bd0742da5ee657c4b49efdcc218a79f76128b28d3b2d6ef
Corn_(maize)___Northern_Leaf_Blight/f339c8f8-0de3-427f-86ce-2d3258794ad2___RS_NLB 4176.JPG,Corn_(maize)___Northern_Leaf_Blight,3811,ae139e69f128e29ae7f5fdedf3251ebdfa338fb6b36e15b98e4daeb8a896094a
Corn_(maize)___Northern_Leaf_Blight/f38dbeb3-7140-4470-911f-7545b495776f___RS_NLB 3473.JPG,Corn_(maize)___Northern_Leaf_Blight,3812,3c3500d84f1d5889fbb7652bf5bb5e677b3a1af329bbba93ba95d0f987b25a4b
Corn_(maize)___Northern_Leaf_Blight/f3a574c8-043a-4804-bdba-addb50450720___RS_NLB 3553 copy.jpg,Corn_(maize)___Northern_Leaf_Blight,3813,a5e0620ebee84bf68d2e316caf56351a0299cba57cacbf4605a75e37ece57e9c
Corn_(maize)___Northern_Leaf_Blight/f437c2b5-6299-454b-bb73-b09ebb30cbb3___RS_NLB 3664.JPG,Corn_(maize)___Northern_Leaf_Blight,3814,540998dc8c62bdf5971bfc9fce7e69064a65045507d931d69d139d321e793603
Corn_(maize)___Northern_Leaf_Blight/f4a5c19b-23ae-44f2-8e19-badb0f573f1b___RS_NLB 3535.JPG,Corn_(maize)___Northern_Leaf_Blight,3815,3d7b91b87f5284dc33bcb34dea5bc501c76fd7769794641d6cba9c993581e675
Corn_(maize)___Northern_Leaf_Blight/f51cd705-475e-4ced-877a-53422d0d2854___RS_NLB 3808.JPG,Corn_(maize)___Northern_Leaf_Blight,3816,83a34dae7e1549cd195ae128e6f1d63fa87b7d0b4ab34360c9d2a73608a19e45
Corn_(maize)___Northern_Leaf_Blight/f52ec293-3749-4e11-bcab-2935dcd6eb6d___RS_NLB 4150.JPG,Corn_(maize)___Northern_Leaf_Blight,3817,6da2ed3e854bd458ac535bd3aa066be8c8dc4c43540416b7a15d598e04721319
Corn_(maize)___Northern_Leaf_Blight/f546ba30-4b0b-4906-a527-bb4834df87cd___RS_NLB 3558.JPG,Corn_(maize)___Northern_Leaf_Blight,3818,0fefaab57eb53fe22fbce421b25781030d37d45d4e4fb41328554bf23f13b5f7
Corn_(maize)___Northern_Leaf_Blight/f553d7cf-9c9f-46bf-b99a-8e3505afd96d___RS_NLB 3873.JPG,Corn_(maize)___Northern_Leaf_Blight,3819,c3e3920d85471836c61fd6274e0c00b42b13bf7bdbf02b7b4ae129231132d0a2
Corn_(maize)___Northern_Leaf_Blight/f5773153-728e-4631-8cc8-1bc06412df89___RS_NLB 4056.JPG,Corn_(maize)___Northern_Leaf_Blight,3820,1d1ee169e60efad368df3effae416698d48fca49241c5b0cf4a60a4f6412b8bf
Corn_(maize)___Northern_Leaf_Blight/f586f423-9d98-4050-8c90-0b6a3a5e89f8___RS_NLB 3862.JPG,Corn_(maize)___Northern_Leaf_Blight,3821,a32462b283176209f411a23399a0065a7adfe41871055680084296a0c050d72a
Corn_(maize)___Northern_Leaf_Blight/f683a321-4962-4bba-ad92-002edcbc1be6___RS_NLB 4160.JPG,Corn_(maize)___Northern_Leaf_Blight,3822,13358c0828fdfc32779836fd66d3e47e7661db690d32d0cee5cca1cdb6081461
Corn_(maize)___Northern_Leaf_Blight/f69b1b10-dd7f-44c0-b084-1959316e4f2a___RS_NLB 3955 copy 2.jpg,Corn_(maize)___Northern_Leaf_Blight,3823,e9663732ef042db247af05d84a989d2e4e06d2b0690362e38891d1da4b4e510d
Corn_(maize)___Northern_Leaf_Blight/f6b47d16-cfbc-4786-bc6d-78a2bc037a43___RS_NLB 3545.JPG,Corn_(maize)___Northern_Leaf_Blight,3824,38699164247733496c041b4b92db5ee37072201a902845ecad0f0d177346dd82
Corn_(maize)___Northern_Leaf_Blight/f7cf0608-2278-4a38-a37e-1356bd359651___RS_NLB 3490.JPG,Corn_(maize)___Northern_Leaf_Blight,3825,98dcfa70e19ad1b40514ef234cb2660ae0452a38e59212c14c7463197227be6a
Corn_(maize)___Northern_Leaf_Blight/f7f43a8d-2f8f-49c1-ad47-c01d9396bd78___RS_NLB 4117.JPG,Corn_(maize)___Northern_Leaf_Blight,3826,39ddd95e275e88c29c9bff1a200846f3bce78b7696e9284a7d0f65167871bd7e
Corn_(maize)___Northern_Leaf_Blight/f81a1119-4ccb-46b6-aff7-29998828be59___RS_NLB 4187.JPG,Corn_(maize)___Northern_Leaf_Blight,3827,38f26574c16d10285cc2f800841b7c9e5b0daa539d6fbf07fd2a444abce35213
Corn_(maize)___Northern_Leaf_Blight/f89ead10-10be-4102-82f8-35810eb4a3d1___RS_NLB 3557.JPG,Corn_(maize)___Northern_Leaf_Blight,3828,42310fec072a95ebf58d436255ad88783200d89d7511b5c8fd341b100824fb8c
Corn_(maize)___Northern_Leaf_Blight/f9276b30-6706-47b2-9396-3799808cc29a___RS_NLB 4262.JPG,Corn_(maize)___Northern_Leaf_Blight,3851,585feaa2ae93d66a3ce67f0e8c90404f00cdcadbe437be7ec523c6028852b480
Corn_(maize)___Northern_Leaf_Blight/f9e08c76-e2fe-4498-9f90-0b47ffac0e62___RS_NLB 3820.JPG,Corn_(maize)___Northern_Leaf_Blight,3830,9beae58a7fce4ae8749ce21430cf2983b3e95bff57f14aaffe88427b76c05e69
Corn_(maize)___Northern_Leaf_Blight/fa30c8e9-b74d-49a2-8611-c9b9098e21c3___RS_NLB 3507.JPG,Corn_(maize)___Northern_Leaf_Blight,3831,9cc9ad50d27cd2a7278c071032ab2f803d5e5227837932c5727d966e489f4713
Corn_(maize)___Northern_Leaf_Blight/fae01c0a-db82-4189-9193-bdad09ede531___RS_NLB 4165 copy.jpg,Corn_(maize)___Northern_Leaf_Blight,3832,04812fb142968b3f0f45b20020602437dc9860694da96cd26f0ebb9ac096796e
Corn_(maize)___Northern_Leaf_Blight/fb1e8075-1546-4c0a-bef1-e18642415358___RS_NLB 3966.JPG,Corn_(maize)___Northern_Leaf_Blight,3833,4bb00d78d78418d80b682a63bcc1bbdb83eec7538aa456c0efa51ac8335d278f
Corn_(maize)___Northern_Leaf_Blight/fb83c22d-b379-48c7-bccc-aebdfd19eda0___RS_NLB 4252.JPG,Corn_(maize)___Northern_Leaf_Blight,3834,29c325bdd31501670374775619036910cf914b9da9a33426bdf3e0d347d98757
Corn_(maize)___Northern_Leaf_Blight/fc19258c-634e-4cc0-b6cf-0144c550ed80___RS_NLB 3834 copy.jpg,Corn_(maize)___Northern_Leaf_Blight,3835,cae903a3f0017c3d3c87a09a5f19fdbd8f7a710e0ab9f749bb452dcea2543e6b
Corn_(maize)___Northern_Leaf_Blight/fc1c72a4-1aff-4ebf-83ed-909a7b9dc382___RS_NLB  4670.JPG,Corn_(maize)___Northern_Leaf_Blight,3836,d30cb6d476631605591317f21601eef73338127026cadfd4fbdb3b9704fd8547
Corn_(maize)___Northern_Leaf_Blight/fc6b2569-68e4-49cc-bd4b-c27e037bd3c9___RS_NLB 3806.JPG,Corn_(maize)___Northern_Leaf_Blight,3837,04abbfeb39f6b0a1e89b6ba9598261a1e59b5636a4a9165a1d7f281d2efd77ed
Corn_(maize)___Northern_Leaf_Blight/fc84ca09-d6c7-493e-957b-c46b2055b702___RS_NLB 3836 copy 2.jpg,Corn_(maize)___Northern_Leaf_Blight,3838,23f474ab689ae61c24d2836f3e53bb383d3debc97bc26c0218b93aa209815fcb
Corn_(maize)___Northern_Leaf_Blight/fcd349a6-5361-40b6-a650-f8319a6d1d58___RS_NLB 3783.JPG,Corn_(maize)___Northern_Leaf_Blight,3839,465c312ed3fb5fe30e23b70df644d1e2061daf3c02028ae9ecff7ef090a14d50
Corn_(maize)___Northern_Leaf_Blight/fcdc4514-7dfa-4003-aebd-27692e0853dd___RS_NLB 3705.JPG,Corn_(maize)___Northern_Leaf_Blight,3840,94bf3f28cb136a33c23e2857055df350a3fee2990cd2157c26d73f2184dd5f58
Corn_(maize)___Northern_Leaf_Blight/fd4eff3c-6bfb-42ad-bc34-5ae0f7e30c0f___RS_NLB 0769.JPG,Corn_(maize)___Northern_Leaf_Blight,3841,4603a03501b23d87610f5a2f651d7a3ee1540d2bd16ea1bfe1f612e9195e9eea
Corn_(maize)___Northern_Leaf_Blight/fd9c7938-4f3f-448d-851b-042e287515f0___RS_NLB 3990.JPG,Corn_(maize)___Northern_Leaf_Blight,3842,ca23af2dd4c515972919449220e95d3898b2956825cfc13d7ecc0bd02bb52333
Corn_(maize)___Northern_Leaf_Blight/fda22c64-49ee-4863-a94e-6e16ca177099___RS_NLB 3798.JPG,Corn_(maize)___Northern_Leaf_Blight,3843,f88061215c09af570120552ef83e39fb0fdecf92a962aa30516e3b346a7c230a
Corn_(maize)___Northern_Leaf_Blight/fdca88b7-bd2e-472a-b48f-7a5347d72f04___RS_NLB 3511.JPG,Corn_(maize)___Northern_Leaf_Blight,3844,cbe2bf606428f0316b181f610e36012b462d26faad62d37944dfd8b9b0c93250
Corn_(maize)___Northern_Leaf_Blight/fdff294e-df6e-42eb-9bcf-edecf4002891___RS_NLB 4158.JPG,Corn_(maize)___Northern_Leaf_Blight,3845,2d6de00b445626b1e6412e45749d60768a5eb1051e0c94fb717ba6cb1645c2ef
Corn_(maize)___Northern_Leaf_Blight/fe2aa542-8ace-4e0d-8315-48d4c6d023ef___RS_NLB 4271.JPG,Corn_(maize)___Northern_Leaf_Blight,3846,b3edcd26a3f4e91720497b149c4d463218e484fd0556c60dbfbc90c1d33f091e
Corn_(maize)___Northern_Leaf_Blight/fed381d0-4407-4ec5-a178-d70ec1ca93d3___RS_NLB 3914.JPG,Corn_(maize)___Northern_Leaf_Blight,3847,be946f83a5b353e8c325f02525182c00310be2500bf830ea887b1241fdc4b9bc
Corn_(maize)___Northern_Leaf_Blight/ff1721eb-609e-4476-983d-a372b7469ab0___RS_NLB 4039 copy 2.jpg,Corn_(maize)___Northern_Leaf_Blight,3848,55f02728739315c61a1c9d28b976226bfb5ae951e363d13f99dfe73816fc17ab
Corn_(maize)___Northern_Leaf_Blight/ff8577c3-ad10-4272-84f6-b7c6d6042d1f___RS_NLB 3506.JPG,Corn_(maize)___Northern_Leaf_Blight,3849,48e4efc7c6d20dc6b3be52820f5075e9d3d865d9d280ad6d3d544b8c91deeff7
Corn_(maize)___Northern_Leaf_Blight/ffa82f14-8320-469b-a621-6475c92a4bb8___RS_NLB 3649.JPG,Corn_(maize)___Northern_Leaf_Blight,3850,a81c21e4bb8334601a8106da31838f558bbffd6c6b272c4bb95c08d30c3f0b45
Corn_(maize)___Northern_Leaf_Blight/ffbc3745-0a6d-4145-8f92-781edc626d9f___RS_NLB 4260.JPG,Corn_(maize)___Northern_Leaf_Blight,3851,4d79ff89b64e8344c57cf445caa94cd3b4e0e8892a67617e97843ebb41aa0ca4
