path,class,group,group_size,nn_cosine
Bacterialblight\BACTERAILBLIGHT3_001.jpg,Bacterialblight,878,8,1.0
Bacterialblight\BACTERAILBLIGHT3_002.jpg,Bacterialblight,974,8,1.0
Bacterialblight\BACTERAILBLIGHT3_003.jpg,Bacterialblight,1547,30,0.9974
Bacterialblight\BACTERAILBLIGHT3_004.jpg,Bacterialblight,1019,10,0.999
Bacterialblight\BACTERAILBLIGHT3_005.jpg,Bacterialblight,1339,32,1.0
Bacterialblight\BACTERAILBLIGHT3_006.jpg,Bacterialblight,1339,32,1.0
Bacterialblight\BACTERAILBLIGHT3_007.jpg,Bacterialblight,968,8,0.9964
Bacterialblight\BACTERAILBLIGHT3_008.jpg,Bacterialblight,968,8,0.9969
Bacterialblight\BACTERAILBLIGHT3_009.jpg,Bacterialblight,872,4,0.9938
Bacterialblight\BACTERAILBLIGHT3_010.jpg,Bacterialblight,970,4,0.9962
Bacterialblight\BACTERAILBLIGHT3_011.jpg,Bacterialblight,959,9,1.0
Bacterialblight\BACTERAILBLIGHT3_012.jpg,Bacterialblight,972,9,1.0
Bacterialblight\BACTERAILBLIGHT3_013.jpg,Bacterialblight,959,9,1.0
Bacterialblight\BACTERAILBLIGHT3_014.jpg,Bacterialblight,972,9,1.0
Bacterialblight\BACTERAILBLIGHT3_015.jpg,Bacterialblight,878,8,1.0
Bacterialblight\BACTERAILBLIGHT3_016.jpg,Bacterialblight,974,8,1.0
Bacterialblight\BACTERAILBLIGHT3_017.jpg,Bacterialblight,1019,10,0.9985
Bacterialblight\BACTERAILBLIGHT3_018.jpg,Bacterialblight,1547,30,0.998
Bacterialblight\BACTERAILBLIGHT3_019.jpg,Bacterialblight,1339,32,1.0
Bacterialblight\BACTERAILBLIGHT3_020.jpg,Bacterialblight,1339,32,1.0
Bacterialblight\BACTERAILBLIGHT3_021.jpg,Bacterialblight,884,4,0.9964
Bacterialblight\BACTERAILBLIGHT3_022.jpg,Bacterialblight,980,4,0.9976
Bacterialblight\BACTERAILBLIGHT3_023.jpg,Bacterialblight,886,8,0.9949
Bacterialblight\BACTERAILBLIGHT3_024.jpg,Bacterialblight,886,8,0.998
Bacterialblight\BACTERAILBLIGHT3_025.jpg,Bacterialblight,888,3,0.9766
Bacterialblight\BACTERAILBLIGHT3_026.jpg,Bacterialblight,890,8,0.9931
Bacterialblight\BACTERAILBLIGHT3_027.jpg,Bacterialblight,890,8,0.9956
Bacterialblight\BACTERAILBLIGHT3_028.jpg,Bacterialblight,27,1,0.9431
Bacterialblight\BACTERAILBLIGHT3_029.jpg,Bacterialblight,819,4,0.9901
Bacterialblight\BACTERAILBLIGHT3_030.jpg,Bacterialblight,894,4,0.9958
Bacterialblight\BACTERAILBLIGHT3_031.jpg,Bacterialblight,990,4,0.9945
Bacterialblight\BACTERAILBLIGHT3_032.jpg,Bacterialblight,896,4,0.9909
Bacterialblight\BACTERAILBLIGHT3_033.jpg,Bacterialblight,992,4,0.9935
Bacterialblight\BACTERAILBLIGHT3_034.jpg,Bacterialblight,898,4,0.9962
Bacterialblight\BACTERAILBLIGHT3_035.jpg,Bacterialblight,994,4,0.9924
Bacterialblight\BACTERAILBLIGHT3_036.jpg,Bacterialblight,36,4,0.9975
Bacterialblight\BACTERAILBLIGHT3_037.jpg,Bacterialblight,36,4,0.9867
Bacterialblight\BACTERAILBLIGHT3_038.jpg,Bacterialblight,1358,24,0.9952
Bacterialblight\BACTERAILBLIGHT3_039.jpg,Bacterialblight,1358,24,0.9977
Bacterialblight\BACTERAILBLIGHT3_040.jpg,Bacterialblight,904,4,0.9914
Bacterialblight\BACTERAILBLIGHT3_041.jpg,Bacterialblight,831,4,0.9965
Bacterialblight\BACTERAILBLIGHT3_042.jpg,Bacterialblight,943,6,0.9961
Bacterialblight\BACTERAILBLIGHT3_043.jpg,Bacterialblight,1040,6,0.996
Bacterialblight\BACTERAILBLIGHT3_044.jpg,Bacterialblight,1363,18,0.9949
Bacterialblight\BACTERAILBLIGHT3_045.jpg,Bacterialblight,1004,6,0.9952
Bacterialblight\BACTERAILBLIGHT3_046.jpg,Bacterialblight,947,6,0.996
Bacterialblight\BACTERAILBLIGHT3_047.jpg,Bacterialblight,1044,6,0.9975
Bacterialblight\BACTERAILBLIGHT3_048.jpg,Bacterialblight,949,6,0.9947
Bacterialblight\BACTERAILBLIGHT3_049.jpg,Bacterialblight,1046,6,0.9913
Bacterialblight\BACTERAILBLIGHT3_050.jpg,Bacterialblight,1048,12,0.9965
Bacterialblight\BACTERAILBLIGHT3_051.jpg,Bacterialblight,1048,12,0.9966
Bacterialblight\BACTERAILBLIGHT3_052.jpg,Bacterialblight,1371,16,0.9958
Bacterialblight\BACTERAILBLIGHT3_053.jpg,Bacterialblight,1371,16,0.9966
Bacterialblight\BACTERAILBLIGHT3_054.jpg,Bacterialblight,954,6,0.9933
Bacterialblight\BACTERAILBLIGHT3_055.jpg,Bacterialblight,1053,8,0.9947
Bacterialblight\BACTERAILBLIGHT3_056.jpg,Bacterialblight,920,4,0.9949
Bacterialblight\BACTERAILBLIGHT3_057.jpg,Bacterialblight,1016,4,0.9956
Bacterialblight\BACTERAILBLIGHT3_058.jpg,Bacterialblight,922,4,0.9938
Bacterialblight\BACTERAILBLIGHT3_059.jpg,Bacterialblight,1018,4,0.9962
Bacterialblight\BACTERAILBLIGHT3_060.jpg,Bacterialblight,924,4,0.9983
Bacterialblight\BACTERAILBLIGHT3_061.jpg,Bacterialblight,1020,4,0.9988
Bacterialblight\BACTERAILBLIGHT3_062.jpg,Bacterialblight,926,4,0.9977
Bacterialblight\BACTERAILBLIGHT3_063.jpg,Bacterialblight,1022,4,0.9979
Bacterialblight\BACTERAILBLIGHT3_064.jpg,Bacterialblight,928,5,1.0
Bacterialblight\BACTERAILBLIGHT3_065.jpg,Bacterialblight,1024,5,0.9968
Bacterialblight\BACTERAILBLIGHT3_066.jpg,Bacterialblight,928,5,1.0
Bacterialblight\BACTERAILBLIGHT3_067.jpg,Bacterialblight,930,4,0.9943
Bacterialblight\BACTERAILBLIGHT3_068.jpg,Bacterialblight,1026,4,0.9968
Bacterialblight\BACTERAILBLIGHT3_069.jpg,Bacterialblight,861,2,0.985
Bacterialblight\BACTERAILBLIGHT3_070.jpg,Bacterialblight,860,2,0.9931
Bacterialblight\BACTERAILBLIGHT3_071.jpg,Bacterialblight,934,4,0.9959
Bacterialblight\BACTERAILBLIGHT3_072.jpg,Bacterialblight,1031,4,0.9954
Bacterialblight\BACTERAILBLIGHT3_073.jpg,Bacterialblight,974,8,1.0
Bacterialblight\BACTERAILBLIGHT3_074.jpg,Bacterialblight,1409,30,1.0
Bacterialblight\BACTERAILBLIGHT3_075.jpg,Bacterialblight,1019,10,0.9988
Bacterialblight\BACTERAILBLIGHT3_076.jpg,Bacterialblight,963,2,1.0
Bacterialblight\BACTERAILBLIGHT3_077.jpg,Bacterialblight,1339,32,1.0
Bacterialblight\BACTERAILBLIGHT3_078.jpg,Bacterialblight,965,2,1.0
Bacterialblight\BACTERAILBLIGHT3_079.JPG,Bacterialblight,968,8,0.9916
Bacterialblight\BACTERAILBLIGHT3_080.jpg,Bacterialblight,967,2,1.0
Bacterialblight\BACTERAILBLIGHT3_081.JPG,Bacterialblight,970,4,0.9939
Bacterialblight\BACTERAILBLIGHT3_082.jpg,Bacterialblight,969,2,1.0
Bacterialblight\BACTERAILBLIGHT3_083.jpg,Bacterialblight,972,9,1.0
Bacterialblight\BACTERAILBLIGHT3_084.jpg,Bacterialblight,1409,30,1.0
Bacterialblight\BACTERAILBLIGHT3_085.jpg,Bacterialblight,972,9,1.0
Bacterialblight\BACTERAILBLIGHT3_086.jpg,Bacterialblight,1409,30,1.0
Bacterialblight\BACTERAILBLIGHT3_087.jpg,Bacterialblight,974,8,1.0
Bacterialblight\BACTERAILBLIGHT3_088.jpg,Bacterialblight,1409,30,1.0
Bacterialblight\BACTERAILBLIGHT3_089.jpg,Bacterialblight,1547,30,1.0
Bacterialblight\BACTERAILBLIGHT3_090.jpg,Bacterialblight,1409,30,1.0
Bacterialblight\BACTERAILBLIGHT3_091.jpg,Bacterialblight,1339,32,1.0
Bacterialblight\BACTERAILBLIGHT3_092.jpg,Bacterialblight,979,2,1.0
Bacterialblight\BACTERAILBLIGHT3_093.jpg,Bacterialblight,980,4,0.9827
Bacterialblight\BACTERAILBLIGHT3_094.jpg,Bacterialblight,997,4,1.0
Bacterialblight\BACTERAILBLIGHT3_095.jpg,Bacterialblight,886,8,0.9944
Bacterialblight\BACTERAILBLIGHT3_096.jpg,Bacterialblight,983,2,1.0
Bacterialblight\BACTERAILBLIGHT3_097.jpg,Bacterialblight,984,3,0.9516
Bacterialblight\BACTERAILBLIGHT3_098.jpg,Bacterialblight,889,4,1.0
Bacterialblight\BACTERAILBLIGHT3_099.jpg,Bacterialblight,890,8,0.9854
Bacterialblight\BACTERAILBLIGHT3_100.jpg,Bacterialblight,987,2,1.0
Bacterialblight\BACTERAILBLIGHT3_101.jpg,Bacterialblight,819,4,0.9901
Bacterialblight\BACTERAILBLIGHT3_102.jpg,Bacterialblight,989,2,0.9849
Bacterialblight\BACTERAILBLIGHT3_103.jpg,Bacterialblight,990,4,0.9675
Bacterialblight\BACTERAILBLIGHT3_104.jpg,Bacterialblight,991,2,0.9772
Bacterialblight\BACTERAILBLIGHT3_105.jpg,Bacterialblight,992,4,0.981
Bacterialblight\BACTERAILBLIGHT3_106.jpg,Bacterialblight,201,2,1.0
Bacterialblight\BACTERAILBLIGHT3_107.JPG,Bacterialblight,994,4,0.9921
Bacterialblight\BACTERAILBLIGHT3_108.JPG,Bacterialblight,995,2,0.9643
Bacterialblight\BACTERAILBLIGHT3_109.JPG,Bacterialblight,36,4,0.9975
Bacterialblight\BACTERAILBLIGHT3_110.JPG,Bacterialblight,997,4,0.9928
Bacterialblight\BACTERAILBLIGHT3_111.jpg,Bacterialblight,1358,24,0.9918
Bacterialblight\BACTERAILBLIGHT3_112.jpg,Bacterialblight,999,2,0.9885
Bacterialblight\BACTERAILBLIGHT3_113.jpg,Bacterialblight,831,4,0.9965
Bacterialblight\BACTERAILBLIGHT3_114.jpg,Bacterialblight,905,4,0.9829
Bacterialblight\BACTERAILBLIGHT3_115.jpg,Bacterialblight,1040,6,1.0
Bacterialblight\BACTERAILBLIGHT3_116.jpg,Bacterialblight,1041,4,1.0
Bacterialblight\BACTERAILBLIGHT3_117.jpg,Bacterialblight,1004,6,1.0
Bacterialblight\BACTERAILBLIGHT3_118.jpg,Bacterialblight,1043,4,1.0
Bacterialblight\BACTERAILBLIGHT3_119.jpg,Bacterialblight,1044,6,1.0
Bacterialblight\BACTERAILBLIGHT3_120.jpg,Bacterialblight,1045,4,1.0
Bacterialblight\BACTERAILBLIGHT3_121.jpg,Bacterialblight,1046,6,1.0
Bacterialblight\BACTERAILBLIGHT3_122.jpg,Bacterialblight,1047,4,1.0
Bacterialblight\BACTERAILBLIGHT3_123.jpg,Bacterialblight,1048,12,1.0
Bacterialblight\BACTERAILBLIGHT3_124.jpg,Bacterialblight,1049,4,1.0
Bacterialblight\BACTERAILBLIGHT3_125.jpg,Bacterialblight,1371,16,0.9951
Bacterialblight\BACTERAILBLIGHT3_126.jpg,Bacterialblight,1481,24,1.0
Bacterialblight\BACTERAILBLIGHT3_127.jpg,Bacterialblight,1053,8,1.0
Bacterialblight\BACTERAILBLIGHT3_128.jpg,Bacterialblight,1054,4,1.0
Bacterialblight\BACTERAILBLIGHT3_129.jpg,Bacterialblight,1016,4,0.9832
Bacterialblight\BACTERAILBLIGHT3_130.jpg,Bacterialblight,1055,4,1.0
Bacterialblight\BACTERAILBLIGHT3_131.jpg,Bacterialblight,1018,4,0.9864
Bacterialblight\BACTERAILBLIGHT3_132.JPG,Bacterialblight,1019,10,0.9954
Bacterialblight\BACTERAILBLIGHT3_133.JPG,Bacterialblight,1020,4,0.9948
Bacterialblight\BACTERAILBLIGHT3_134.JPG,Bacterialblight,1021,2,0.9917
Bacterialblight\BACTERAILBLIGHT3_135.JPG,Bacterialblight,1022,4,0.9897
Bacterialblight\BACTERAILBLIGHT3_136.JPG,Bacterialblight,1023,2,0.9843
Bacterialblight\BACTERAILBLIGHT3_137.JPG,Bacterialblight,1024,5,0.9908
Bacterialblight\BACTERAILBLIGHT3_138.JPG,Bacterialblight,1025,2,0.9953
Bacterialblight\BACTERAILBLIGHT3_139.JPG,Bacterialblight,1026,4,0.9905
Bacterialblight\BACTERAILBLIGHT3_140.JPG,Bacterialblight,1027,2,0.9874
Bacterialblight\BACTERAILBLIGHT3_141.JPG,Bacterialblight,1029,2,0.9908
Bacterialblight\BACTERAILBLIGHT3_142.JPG,Bacterialblight,1030,2,0.996
Bacterialblight\BACTERAILBLIGHT3_143.JPG,Bacterialblight,1031,4,0.9886
Bacterialblight\BACTERAILBLIGHT3_144.JPG,Bacterialblight,1032,2,0.9899
Bacterialblight\BACTERAILBLIGHT3_145.JPG,Bacterialblight,1464,10,0.9901
Bacterialblight\BACTERAILBLIGHT3_146.JPG,Bacterialblight,1034,2,0.9944
Bacterialblight\BACTERAILBLIGHT3_147.jpg,Bacterialblight,1035,2,0.9855
Bacterialblight\BACTERAILBLIGHT3_148.jpg,Bacterialblight,939,4,0.9923
Bacterialblight\BACTERAILBLIGHT3_149.jpg,Bacterialblight,148,1,0.8775
Bacterialblight\BACTERAILBLIGHT3_150.jpg,Bacterialblight,1038,2,0.9849
Bacterialblight\BACTERAILBLIGHT3_151.jpg,Bacterialblight,1039,2,0.9932
Bacterialblight\BACTERAILBLIGHT3_152.jpg,Bacterialblight,1040,6,1.0
Bacterialblight\BACTERAILBLIGHT3_153.jpg,Bacterialblight,1041,4,1.0
Bacterialblight\BACTERAILBLIGHT3_154.jpg,Bacterialblight,1363,18,0.9969
Bacterialblight\BACTERAILBLIGHT3_155.jpg,Bacterialblight,1043,4,1.0
Bacterialblight\BACTERAILBLIGHT3_156.jpg,Bacterialblight,1044,6,1.0
Bacterialblight\BACTERAILBLIGHT3_157.jpg,Bacterialblight,1045,4,1.0
Bacterialblight\BACTERAILBLIGHT3_158.jpg,Bacterialblight,1046,6,1.0
Bacterialblight\BACTERAILBLIGHT3_159.jpg,Bacterialblight,1047,4,1.0
Bacterialblight\BACTERAILBLIGHT3_160.jpg,Bacterialblight,1048,12,1.0
Bacterialblight\BACTERAILBLIGHT3_161.jpg,Bacterialblight,1049,4,1.0
Bacterialblight\BACTERAILBLIGHT3_162.jpg,Bacterialblight,1481,24,1.0
Bacterialblight\BACTERAILBLIGHT3_163.jpg,Bacterialblight,1053,8,1.0
Bacterialblight\BACTERAILBLIGHT3_164.jpg,Bacterialblight,1052,2,0.9907
Bacterialblight\BACTERAILBLIGHT3_165.jpg,Bacterialblight,1053,8,0.9934
Bacterialblight\BACTERAILBLIGHT3_166.jpg,Bacterialblight,1054,4,1.0
Bacterialblight\BACTERAILBLIGHT3_167.jpg,Bacterialblight,1055,4,1.0
Bacterialblight\BACTERAILBLIGHT3_168.jpg,Bacterialblight,972,9,1.0
Bacterialblight\BACTERAILBLIGHT3_169.jpg,Bacterialblight,959,9,1.0
Bacterialblight\BACTERAILBLIGHT3_170.jpg,Bacterialblight,881,10,1.0
Bacterialblight\BACTERAILBLIGHT3_171.jpg,Bacterialblight,878,8,1.0
Bacterialblight\BACTERAILBLIGHT3_172.jpg,Bacterialblight,867,2,1.0
Bacterialblight\BACTERAILBLIGHT3_173.jpg,Bacterialblight,1547,30,1.0
Bacterialblight\BACTERAILBLIGHT3_174.jpg,Bacterialblight,869,2,1.0
Bacterialblight\BACTERAILBLIGHT3_175.jpg,Bacterialblight,1339,32,1.0
Bacterialblight\BACTERAILBLIGHT3_176.jpg,Bacterialblight,871,2,1.0
Bacterialblight\BACTERAILBLIGHT3_177.JPG,Bacterialblight,968,8,0.9908
Bacterialblight\BACTERAILBLIGHT3_178.jpg,Bacterialblight,873,2,1.0
Bacterialblight\BACTERAILBLIGHT3_179.JPG,Bacterialblight,872,4,0.9888
Bacterialblight\BACTERAILBLIGHT3_180.jpg,Bacterialblight,881,10,1.0
Bacterialblight\BACTERAILBLIGHT3_181.jpg,Bacterialblight,959,9,1.0
Bacterialblight\BACTERAILBLIGHT3_182.jpg,Bacterialblight,881,10,1.0
Bacterialblight\BACTERAILBLIGHT3_183.jpg,Bacterialblight,878,8,1.0
Bacterialblight\BACTERAILBLIGHT3_184.jpg,Bacterialblight,881,10,1.0
Bacterialblight\BACTERAILBLIGHT3_185.jpg,Bacterialblight,1019,10,0.9988
Bacterialblight\BACTERAILBLIGHT3_186.jpg,Bacterialblight,881,10,1.0
Bacterialblight\BACTERAILBLIGHT3_187.jpg,Bacterialblight,1339,32,1.0
Bacterialblight\BACTERAILBLIGHT3_188.jpg,Bacterialblight,883,2,1.0
Bacterialblight\BACTERAILBLIGHT3_189.jpg,Bacterialblight,884,4,0.9796
Bacterialblight\BACTERAILBLIGHT3_190.jpg,Bacterialblight,885,2,1.0
Bacterialblight\BACTERAILBLIGHT3_191.jpg,Bacterialblight,886,8,0.997
Bacterialblight\BACTERAILBLIGHT3_192.jpg,Bacterialblight,887,2,1.0
Bacterialblight\BACTERAILBLIGHT3_193.jpg,Bacterialblight,888,3,0.987
Bacterialblight\BACTERAILBLIGHT3_194.jpg,Bacterialblight,889,4,1.0
Bacterialblight\BACTERAILBLIGHT3_195.jpg,Bacterialblight,890,8,0.9874
Bacterialblight\BACTERAILBLIGHT3_196.jpg,Bacterialblight,891,2,1.0
Bacterialblight\BACTERAILBLIGHT3_197.jpg,Bacterialblight,892,3,0.9832
Bacterialblight\BACTERAILBLIGHT3_198.jpg,Bacterialblight,893,2,0.992
Bacterialblight\BACTERAILBLIGHT3_199.jpg,Bacterialblight,894,4,0.9872
Bacterialblight\BACTERAILBLIGHT3_200.jpg,Bacterialblight,895,2,0.99
Bacterialblight\BACTERAILBLIGHT3_201.jpg,Bacterialblight,896,4,0.9828
Bacterialblight\BACTERAILBLIGHT3_202.jpg,Bacterialblight,201,2,1.0
Bacterialblight\BACTERAILBLIGHT3_203.JPG,Bacterialblight,898,4,0.9887
Bacterialblight\BACTERAILBLIGHT3_204.JPG,Bacterialblight,899,2,0.9579
Bacterialblight\BACTERAILBLIGHT3_205.JPG,Bacterialblight,828,4,0.992
Bacterialblight\BACTERAILBLIGHT3_206.JPG,Bacterialblight,901,2,0.9931
Bacterialblight\BACTERAILBLIGHT3_207.jpg,Bacterialblight,1358,24,0.9948
Bacterialblight\BACTERAILBLIGHT3_208.jpg,Bacterialblight,1527,6,0.989
Bacterialblight\BACTERAILBLIGHT3_209.jpg,Bacterialblight,904,4,0.9952
Bacterialblight\BACTERAILBLIGHT3_210.jpg,Bacterialblight,905,4,0.9784
Bacterialblight\BACTERAILBLIGHT3_211.jpg,Bacterialblight,943,6,1.0
Bacterialblight\BACTERAILBLIGHT3_212.jpg,Bacterialblight,944,4,1.0
Bacterialblight\BACTERAILBLIGHT3_213.jpg,Bacterialblight,1363,18,0.9969
Bacterialblight\BACTERAILBLIGHT3_214.jpg,Bacterialblight,946,4,1.0
Bacterialblight\BACTERAILBLIGHT3_215.jpg,Bacterialblight,947,6,1.0
Bacterialblight\BACTERAILBLIGHT3_216.jpg,Bacterialblight,948,4,1.0
Bacterialblight\BACTERAILBLIGHT3_217.jpg,Bacterialblight,949,6,1.0
Bacterialblight\BACTERAILBLIGHT3_218.jpg,Bacterialblight,950,4,1.0
Bacterialblight\BACTERAILBLIGHT3_219.jpg,Bacterialblight,1048,12,0.9975
Bacterialblight\BACTERAILBLIGHT3_220.jpg,Bacterialblight,952,4,1.0
Bacterialblight\BACTERAILBLIGHT3_221.jpg,Bacterialblight,1371,16,0.9919
Bacterialblight\BACTERAILBLIGHT3_222.jpg,Bacterialblight,1481,24,1.0
Bacterialblight\BACTERAILBLIGHT3_223.jpg,Bacterialblight,954,6,1.0
Bacterialblight\BACTERAILBLIGHT3_224.jpg,Bacterialblight,957,4,1.0
Bacterialblight\BACTERAILBLIGHT3_225.jpg,Bacterialblight,920,4,0.9912
Bacterialblight\BACTERAILBLIGHT3_226.jpg,Bacterialblight,958,4,1.0
Bacterialblight\BACTERAILBLIGHT3_227.jpg,Bacterialblight,922,4,0.9885
Bacterialblight\BACTERAILBLIGHT3_228.JPG,Bacterialblight,1547,30,0.9951
Bacterialblight\BACTERAILBLIGHT3_229.JPG,Bacterialblight,924,4,0.9966
Bacterialblight\BACTERAILBLIGHT3_230.JPG,Bacterialblight,925,2,0.9934
Bacterialblight\BACTERAILBLIGHT3_231.JPG,Bacterialblight,926,4,0.9952
Bacterialblight\BACTERAILBLIGHT3_232.JPG,Bacterialblight,927,2,0.9929
Bacterialblight\BACTERAILBLIGHT3_233.JPG,Bacterialblight,928,5,0.9907
Bacterialblight\BACTERAILBLIGHT3_234.JPG,Bacterialblight,929,2,0.9942
Bacterialblight\BACTERAILBLIGHT3_235.JPG,Bacterialblight,930,4,0.9934
Bacterialblight\BACTERAILBLIGHT3_236.JPG,Bacterialblight,931,2,0.9747
Bacterialblight\BACTERAILBLIGHT3_237.JPG,Bacterialblight,236,1,0.926
Bacterialblight\BACTERAILBLIGHT3_238.JPG,Bacterialblight,932,2,0.9747
Bacterialblight\BACTERAILBLIGHT3_239.JPG,Bacterialblight,933,2,0.9915
Bacterialblight\BACTERAILBLIGHT3_240.JPG,Bacterialblight,934,4,0.9878
Bacterialblight\BACTERAILBLIGHT3_241.JPG,Bacterialblight,935,2,0.9908
Bacterialblight\BACTERAILBLIGHT3_242.JPG,Bacterialblight,936,2,0.9955
Bacterialblight\BACTERAILBLIGHT3_243.JPG,Bacterialblight,937,2,0.9929
Bacterialblight\BACTERAILBLIGHT3_244.jpg,Bacterialblight,938,2,0.9774
Bacterialblight\BACTERAILBLIGHT3_245.jpg,Bacterialblight,939,4,0.994
Bacterialblight\BACTERAILBLIGHT3_246.jpg,Bacterialblight,1037,2,0.9644
Bacterialblight\BACTERAILBLIGHT3_247.jpg,Bacterialblight,941,2,0.9898
Bacterialblight\BACTERAILBLIGHT3_248.jpg,Bacterialblight,942,2,0.9935
Bacterialblight\BACTERAILBLIGHT3_249.jpg,Bacterialblight,943,6,1.0
Bacterialblight\BACTERAILBLIGHT3_250.jpg,Bacterialblight,944,4,1.0
Bacterialblight\BACTERAILBLIGHT3_251.jpg,Bacterialblight,1004,6,1.0
Bacterialblight\BACTERAILBLIGHT3_252.jpg,Bacterialblight,946,4,1.0
Bacterialblight\BACTERAILBLIGHT3_253.jpg,Bacterialblight,947,6,1.0
Bacterialblight\BACTERAILBLIGHT3_254.jpg,Bacterialblight,948,4,1.0
Bacterialblight\BACTERAILBLIGHT3_255.jpg,Bacterialblight,949,6,1.0
Bacterialblight\BACTERAILBLIGHT3_256.jpg,Bacterialblight,950,4,1.0
Bacterialblight\BACTERAILBLIGHT3_257.jpg,Bacterialblight,1048,12,0.9975
Bacterialblight\BACTERAILBLIGHT3_258.jpg,Bacterialblight,952,4,1.0
Bacterialblight\BACTERAILBLIGHT3_259.jpg,Bacterialblight,1481,24,1.0
Bacterialblight\BACTERAILBLIGHT3_260.jpg,Bacterialblight,954,6,1.0
Bacterialblight\BACTERAILBLIGHT3_261.jpg,Bacterialblight,955,2,0.9729
Bacterialblight\BACTERAILBLIGHT3_262.jpg,Bacterialblight,956,2,0.994
Bacterialblight\BACTERAILBLIGHT3_263.jpg,Bacterialblight,957,4,1.0
Bacterialblight\BACTERAILBLIGHT3_264.jpg,Bacterialblight,958,4,1.0
Bacterialblight\BACTERAILBLIGHT4_001.jpg,Bacterialblight,1334,16,1.0
Bacterialblight\BACTERAILBLIGHT4_002.jpg,Bacterialblight,1335,16,1.0
Bacterialblight\BACTERAILBLIGHT4_003.jpg,Bacterialblight,1451,20,0.9975
Bacterialblight\BACTERAILBLIGHT4_004.jpg,Bacterialblight,1547,30,0.9977
Bacterialblight\BACTERAILBLIGHT4_005.jpg,Bacterialblight,1338,16,1.0
Bacterialblight\BACTERAILBLIGHT4_006.jpg,Bacterialblight,1339,32,1.0
Bacterialblight\BACTERAILBLIGHT4_007.jpg,Bacterialblight,1326,8,0.9972
Bacterialblight\BACTERAILBLIGHT4_008.jpg,Bacterialblight,1327,8,0.9974
Bacterialblight\BACTERAILBLIGHT4_009.jpg,Bacterialblight,1328,8,0.9969
Bacterialblight\BACTERAILBLIGHT4_010.jpg,Bacterialblight,1329,8,0.9964
Bacterialblight\BACTERAILBLIGHT4_011.jpg,Bacterialblight,1332,18,1.0
Bacterialblight\BACTERAILBLIGHT4_012.jpg,Bacterialblight,1333,18,1.0
Bacterialblight\BACTERAILBLIGHT4_013.jpg,Bacterialblight,1332,18,1.0
Bacterialblight\BACTERAILBLIGHT4_014.jpg,Bacterialblight,1333,18,1.0
Bacterialblight\BACTERAILBLIGHT4_015.jpg,Bacterialblight,1334,16,1.0
Bacterialblight\BACTERAILBLIGHT4_016.jpg,Bacterialblight,1335,16,1.0
Bacterialblight\BACTERAILBLIGHT4_017.jpg,Bacterialblight,1547,30,0.9984
Bacterialblight\BACTERAILBLIGHT4_018.jpg,Bacterialblight,1451,20,0.9966
Bacterialblight\BACTERAILBLIGHT4_019.jpg,Bacterialblight,1338,16,1.0
Bacterialblight\BACTERAILBLIGHT4_020.jpg,Bacterialblight,1339,32,1.0
Bacterialblight\BACTERAILBLIGHT4_021.jpg,Bacterialblight,1340,8,0.9979
Bacterialblight\BACTERAILBLIGHT4_022.jpg,Bacterialblight,1341,8,0.9974
Bacterialblight\BACTERAILBLIGHT4_023.jpg,Bacterialblight,1343,16,0.9976
Bacterialblight\BACTERAILBLIGHT4_024.jpg,Bacterialblight,1343,16,0.9959
Bacterialblight\BACTERAILBLIGHT4_025.jpg,Bacterialblight,1344,6,0.9953
Bacterialblight\BACTERAILBLIGHT4_026.jpg,Bacterialblight,1345,8,0.9978
Bacterialblight\BACTERAILBLIGHT4_027.jpg,Bacterialblight,1346,8,0.995
Bacterialblight\BACTERAILBLIGHT4_028.jpg,Bacterialblight,1347,8,0.995
Bacterialblight\BACTERAILBLIGHT4_029.jpg,Bacterialblight,1347,8,0.9947
Bacterialblight\BACTERAILBLIGHT4_030.jpg,Bacterialblight,1349,8,0.9948
Bacterialblight\BACTERAILBLIGHT4_031.jpg,Bacterialblight,1350,8,0.9956
Bacterialblight\BACTERAILBLIGHT4_032.jpg,Bacterialblight,1351,8,0.9962
Bacterialblight\BACTERAILBLIGHT4_033.jpg,Bacterialblight,1352,8,0.9919
Bacterialblight\BACTERAILBLIGHT4_034.jpg,Bacterialblight,1353,8,0.9976
Bacterialblight\BACTERAILBLIGHT4_035.jpg,Bacterialblight,1354,8,0.9958
Bacterialblight\BACTERAILBLIGHT4_036.jpg,Bacterialblight,1428,8,0.9953
Bacterialblight\BACTERAILBLIGHT4_037.jpg,Bacterialblight,1356,8,0.9964
Bacterialblight\BACTERAILBLIGHT4_038.jpg,Bacterialblight,1358,24,0.9982
Bacterialblight\BACTERAILBLIGHT4_039.jpg,Bacterialblight,1358,24,0.9977
Bacterialblight\BACTERAILBLIGHT4_040.jpg,Bacterialblight,1359,8,0.9988
Bacterialblight\BACTERAILBLIGHT4_041.jpg,Bacterialblight,1359,8,0.9968
Bacterialblight\BACTERAILBLIGHT4_042.jpg,Bacterialblight,1361,12,0.9972
Bacterialblight\BACTERAILBLIGHT4_043.jpg,Bacterialblight,1362,12,0.9976
Bacterialblight\BACTERAILBLIGHT4_044.jpg,Bacterialblight,1363,18,0.9927
Bacterialblight\BACTERAILBLIGHT4_045.jpg,Bacterialblight,1364,12,0.9943
Bacterialblight\BACTERAILBLIGHT4_046.jpg,Bacterialblight,1365,12,0.9989
Bacterialblight\BACTERAILBLIGHT4_047.jpg,Bacterialblight,1366,12,0.9959
Bacterialblight\BACTERAILBLIGHT4_048.jpg,Bacterialblight,1367,12,0.9965
Bacterialblight\BACTERAILBLIGHT4_049.jpg,Bacterialblight,1368,12,0.9968
Bacterialblight\BACTERAILBLIGHT4_050.jpg,Bacterialblight,1370,24,0.9981
Bacterialblight\BACTERAILBLIGHT4_051.jpg,Bacterialblight,1370,24,0.9977
Bacterialblight\BACTERAILBLIGHT4_052.jpg,Bacterialblight,1371,16,0.9975
Bacterialblight\BACTERAILBLIGHT4_053.jpg,Bacterialblight,1372,8,0.9973
Bacterialblight\BACTERAILBLIGHT4_054.jpg,Bacterialblight,1373,12,0.9973
Bacterialblight\BACTERAILBLIGHT4_055.jpg,Bacterialblight,1374,12,0.996
Bacterialblight\BACTERAILBLIGHT4_056.jpg,Bacterialblight,1375,8,0.9978
Bacterialblight\BACTERAILBLIGHT4_057.jpg,Bacterialblight,1376,8,0.9959
Bacterialblight\BACTERAILBLIGHT4_058.jpg,Bacterialblight,1377,8,0.9972
Bacterialblight\BACTERAILBLIGHT4_059.jpg,Bacterialblight,1378,8,0.9944
Bacterialblight\BACTERAILBLIGHT4_060.jpg,Bacterialblight,1379,8,0.9986
Bacterialblight\BACTERAILBLIGHT4_061.jpg,Bacterialblight,1380,8,0.9979
Bacterialblight\BACTERAILBLIGHT4_062.jpg,Bacterialblight,1381,8,0.9981
Bacterialblight\BACTERAILBLIGHT4_063.jpg,Bacterialblight,1382,8,0.9953
Bacterialblight\BACTERAILBLIGHT4_064.jpg,Bacterialblight,1385,10,1.0
Bacterialblight\BACTERAILBLIGHT4_065.jpg,Bacterialblight,1384,10,0.9953
Bacterialblight\BACTERAILBLIGHT4_066.jpg,Bacterialblight,1385,10,1.0
Bacterialblight\BACTERAILBLIGHT4_067.jpg,Bacterialblight,1386,8,0.9978
Bacterialblight\BACTERAILBLIGHT4_068.jpg,Bacterialblight,1387,8,0.9949
Bacterialblight\BACTERAILBLIGHT4_069.jpg,Bacterialblight,1388,8,0.9969
Bacterialblight\BACTERAILBLIGHT4_070.jpg,Bacterialblight,1557,4,0.9913
Bacterialblight\BACTERAILBLIGHT4_071.jpg,Bacterialblight,1390,8,0.9921
Bacterialblight\BACTERAILBLIGHT4_072.jpg,Bacterialblight,1391,8,0.9955
Bacterialblight\BACTERAILBLIGHT4_073.jpg,Bacterialblight,1334,16,1.0
Bacterialblight\BACTERAILBLIGHT4_074.jpg,Bacterialblight,1409,30,1.0
Bacterialblight\BACTERAILBLIGHT4_075.jpg,Bacterialblight,1451,20,0.998
Bacterialblight\BACTERAILBLIGHT4_076.jpg,Bacterialblight,1395,4,1.0
Bacterialblight\BACTERAILBLIGHT4_077.jpg,Bacterialblight,1338,16,1.0
Bacterialblight\BACTERAILBLIGHT4_078.jpg,Bacterialblight,1397,4,1.0
Bacterialblight\BACTERAILBLIGHT4_079.JPG,Bacterialblight,1326,8,0.9954
Bacterialblight\BACTERAILBLIGHT4_080.jpg,Bacterialblight,1399,4,1.0
Bacterialblight\BACTERAILBLIGHT4_081.JPG,Bacterialblight,1328,8,0.9969
Bacterialblight\BACTERAILBLIGHT4_082.jpg,Bacterialblight,1401,8,1.0
Bacterialblight\BACTERAILBLIGHT4_083.jpg,Bacterialblight,1332,18,1.0
Bacterialblight\BACTERAILBLIGHT4_084.jpg,Bacterialblight,1409,30,1.0
Bacterialblight\BACTERAILBLIGHT4_085.jpg,Bacterialblight,1332,18,1.0
Bacterialblight\BACTERAILBLIGHT4_086.jpg,Bacterialblight,1409,30,1.0
Bacterialblight\BACTERAILBLIGHT4_087.jpg,Bacterialblight,1334,16,1.0
Bacterialblight\BACTERAILBLIGHT4_088.jpg,Bacterialblight,1409,30,1.0
Bacterialblight\BACTERAILBLIGHT4_089.jpg,Bacterialblight,1547,30,1.0
Bacterialblight\BACTERAILBLIGHT4_090.jpg,Bacterialblight,1409,30,1.0
Bacterialblight\BACTERAILBLIGHT4_091.jpg,Bacterialblight,1338,16,1.0
Bacterialblight\BACTERAILBLIGHT4_092.jpg,Bacterialblight,1411,4,1.0
Bacterialblight\BACTERAILBLIGHT4_093.jpg,Bacterialblight,1340,8,0.9956
Bacterialblight\BACTERAILBLIGHT4_094.jpg,Bacterialblight,1413,4,1.0
Bacterialblight\BACTERAILBLIGHT4_095.jpg,Bacterialblight,1343,16,0.9932
Bacterialblight\BACTERAILBLIGHT4_096.jpg,Bacterialblight,1415,4,1.0
Bacterialblight\BACTERAILBLIGHT4_097.jpg,Bacterialblight,1344,6,0.9872
Bacterialblight\BACTERAILBLIGHT4_098.jpg,Bacterialblight,1417,4,1.0
Bacterialblight\BACTERAILBLIGHT4_099.jpg,Bacterialblight,1345,8,0.9912
Bacterialblight\BACTERAILBLIGHT4_100.jpg,Bacterialblight,1419,4,1.0
Bacterialblight\BACTERAILBLIGHT4_101.jpg,Bacterialblight,1347,8,0.9929
Bacterialblight\BACTERAILBLIGHT4_102.jpg,Bacterialblight,1421,4,0.9927
Bacterialblight\BACTERAILBLIGHT4_103.jpg,Bacterialblight,1349,8,0.9927
Bacterialblight\BACTERAILBLIGHT4_104.jpg,Bacterialblight,1519,8,0.9761
Bacterialblight\BACTERAILBLIGHT4_105.jpg,Bacterialblight,1351,8,0.9931
Bacterialblight\BACTERAILBLIGHT4_106.jpg,Bacterialblight,1521,4,1.0
Bacterialblight\BACTERAILBLIGHT4_107.JPG,Bacterialblight,1353,8,0.9966
Bacterialblight\BACTERAILBLIGHT4_108.JPG,Bacterialblight,1427,4,0.98
Bacterialblight\BACTERAILBLIGHT4_109.JPG,Bacterialblight,1428,8,0.996
Bacterialblight\BACTERAILBLIGHT4_110.JPG,Bacterialblight,1429,4,0.9873
Bacterialblight\BACTERAILBLIGHT4_111.jpg,Bacterialblight,1358,24,0.9964
Bacterialblight\BACTERAILBLIGHT4_112.jpg,Bacterialblight,1431,4,0.9893
Bacterialblight\BACTERAILBLIGHT4_113.jpg,Bacterialblight,1359,8,0.9968
Bacterialblight\BACTERAILBLIGHT4_114.jpg,Bacterialblight,1433,4,0.9866
Bacterialblight\BACTERAILBLIGHT4_115.jpg,Bacterialblight,1361,12,1.0
Bacterialblight\BACTERAILBLIGHT4_116.jpg,Bacterialblight,1472,8,1.0
Bacterialblight\BACTERAILBLIGHT4_117.jpg,Bacterialblight,1363,18,1.0
Bacterialblight\BACTERAILBLIGHT4_118.jpg,Bacterialblight,1474,8,1.0
Bacterialblight\BACTERAILBLIGHT4_119.jpg,Bacterialblight,1365,12,1.0
Bacterialblight\BACTERAILBLIGHT4_120.jpg,Bacterialblight,1476,8,1.0
Bacterialblight\BACTERAILBLIGHT4_121.jpg,Bacterialblight,1367,12,1.0
Bacterialblight\BACTERAILBLIGHT4_122.jpg,Bacterialblight,1478,8,1.0
Bacterialblight\BACTERAILBLIGHT4_123.jpg,Bacterialblight,1370,24,1.0
Bacterialblight\BACTERAILBLIGHT4_124.jpg,Bacterialblight,1480,8,1.0
Bacterialblight\BACTERAILBLIGHT4_125.jpg,Bacterialblight,1371,16,0.9965
Bacterialblight\BACTERAILBLIGHT4_126.jpg,Bacterialblight,1481,24,1.0
Bacterialblight\BACTERAILBLIGHT4_127.jpg,Bacterialblight,1373,12,1.0
Bacterialblight\BACTERAILBLIGHT4_128.jpg,Bacterialblight,1485,8,1.0
Bacterialblight\BACTERAILBLIGHT4_129.jpg,Bacterialblight,1375,8,0.9955
Bacterialblight\BACTERAILBLIGHT4_130.jpg,Bacterialblight,1486,8,1.0
Bacterialblight\BACTERAILBLIGHT4_131.jpg,Bacterialblight,1377,8,0.9928
Bacterialblight\BACTERAILBLIGHT4_132.JPG,Bacterialblight,1451,20,0.9941
Bacterialblight\BACTERAILBLIGHT4_133.JPG,Bacterialblight,1379,8,0.997
Bacterialblight\BACTERAILBLIGHT4_134.JPG,Bacterialblight,1453,4,0.9883
Bacterialblight\BACTERAILBLIGHT4_135.JPG,Bacterialblight,1381,8,0.9964
Bacterialblight\BACTERAILBLIGHT4_136.JPG,Bacterialblight,1455,4,0.9892
Bacterialblight\BACTERAILBLIGHT4_137.JPG,Bacterialblight,1385,10,0.9961
Bacterialblight\BACTERAILBLIGHT4_138.JPG,Bacterialblight,1457,8,0.9952
Bacterialblight\BACTERAILBLIGHT4_139.JPG,Bacterialblight,1386,8,0.9969
Bacterialblight\BACTERAILBLIGHT4_140.JPG,Bacterialblight,1459,4,0.984
Bacterialblight\BACTERAILBLIGHT4_141.JPG,Bacterialblight,1388,8,0.9914
Bacterialblight\BACTERAILBLIGHT4_142.JPG,Bacterialblight,1461,8,0.9944
Bacterialblight\BACTERAILBLIGHT4_143.JPG,Bacterialblight,1390,8,0.9927
Bacterialblight\BACTERAILBLIGHT4_144.JPG,Bacterialblight,1463,4,0.9898
Bacterialblight\BACTERAILBLIGHT4_145.JPG,Bacterialblight,1464,10,0.9938
Bacterialblight\BACTERAILBLIGHT4_146.JPG,Bacterialblight,1465,4,0.9949
Bacterialblight\BACTERAILBLIGHT4_147.jpg,Bacterialblight,1466,4,0.9646
Bacterialblight\BACTERAILBLIGHT4_148.jpg,Bacterialblight,1467,4,0.9903
Bacterialblight\BACTERAILBLIGHT4_149.jpg,Bacterialblight,1468,2,0.9607
Bacterialblight\BACTERAILBLIGHT4_150.jpg,Bacterialblight,1469,4,0.9914
Bacterialblight\BACTERAILBLIGHT4_151.jpg,Bacterialblight,1470,4,0.9894
Bacterialblight\BACTERAILBLIGHT4_152.jpg,Bacterialblight,1361,12,1.0
Bacterialblight\BACTERAILBLIGHT4_153.jpg,Bacterialblight,1472,8,1.0
Bacterialblight\BACTERAILBLIGHT4_154.jpg,Bacterialblight,1364,12,0.9913
Bacterialblight\BACTERAILBLIGHT4_155.jpg,Bacterialblight,1474,8,1.0
Bacterialblight\BACTERAILBLIGHT4_156.jpg,Bacterialblight,1365,12,1.0
Bacterialblight\BACTERAILBLIGHT4_157.jpg,Bacterialblight,1476,8,1.0
Bacterialblight\BACTERAILBLIGHT4_158.jpg,Bacterialblight,1367,12,1.0
Bacterialblight\BACTERAILBLIGHT4_159.jpg,Bacterialblight,1478,8,1.0
Bacterialblight\BACTERAILBLIGHT4_160.jpg,Bacterialblight,1370,24,1.0
Bacterialblight\BACTERAILBLIGHT4_161.jpg,Bacterialblight,1480,8,1.0
Bacterialblight\BACTERAILBLIGHT4_162.jpg,Bacterialblight,1481,24,1.0
Bacterialblight\BACTERAILBLIGHT4_163.jpg,Bacterialblight,1373,12,1.0
Bacterialblight\BACTERAILBLIGHT4_164.jpg,Bacterialblight,1483,4,0.9701
Bacterialblight\BACTERAILBLIGHT4_165.jpg,Bacterialblight,1484,4,0.994
Bacterialblight\BACTERAILBLIGHT4_166.jpg,Bacterialblight,1485,8,1.0
Bacterialblight\BACTERAILBLIGHT4_167.jpg,Bacterialblight,1486,8,1.0
Bacterialblight\BACTERAILBLIGHT4_168.jpg,Bacterialblight,1332,18,1.0
Bacterialblight\BACTERAILBLIGHT4_169.jpg,Bacterialblight,1333,18,1.0
Bacterialblight\BACTERAILBLIGHT4_170.jpg,Bacterialblight,1505,20,1.0
Bacterialblight\BACTERAILBLIGHT4_171.jpg,Bacterialblight,1335,16,1.0
Bacterialblight\BACTERAILBLIGHT4_172.jpg,Bacterialblight,1491,4,1.0
Bacterialblight\BACTERAILBLIGHT4_173.jpg,Bacterialblight,1547,30,1.0
Bacterialblight\BACTERAILBLIGHT4_174.jpg,Bacterialblight,1493,4,1.0
Bacterialblight\BACTERAILBLIGHT4_175.jpg,Bacterialblight,1339,32,1.0
Bacterialblight\BACTERAILBLIGHT4_176.jpg,Bacterialblight,1495,4,1.0
Bacterialblight\BACTERAILBLIGHT4_177.JPG,Bacterialblight,1327,8,0.9929
Bacterialblight\BACTERAILBLIGHT4_178.jpg,Bacterialblight,1401,8,1.0
Bacterialblight\BACTERAILBLIGHT4_179.JPG,Bacterialblight,1329,8,0.995
Bacterialblight\BACTERAILBLIGHT4_180.jpg,Bacterialblight,1505,20,1.0
Bacterialblight\BACTERAILBLIGHT4_181.jpg,Bacterialblight,1333,18,1.0
Bacterialblight\BACTERAILBLIGHT4_182.jpg,Bacterialblight,1505,20,1.0
Bacterialblight\BACTERAILBLIGHT4_183.jpg,Bacterialblight,1335,16,1.0
Bacterialblight\BACTERAILBLIGHT4_184.jpg,Bacterialblight,1505,20,1.0
Bacterialblight\BACTERAILBLIGHT4_185.jpg,Bacterialblight,1451,20,0.998
Bacterialblight\BACTERAILBLIGHT4_186.jpg,Bacterialblight,1505,20,1.0
Bacterialblight\BACTERAILBLIGHT4_187.jpg,Bacterialblight,1339,32,1.0
Bacterialblight\BACTERAILBLIGHT4_188.jpg,Bacterialblight,1507,4,1.0
Bacterialblight\BACTERAILBLIGHT4_189.jpg,Bacterialblight,1341,8,0.9665
Bacterialblight\BACTERAILBLIGHT4_190.jpg,Bacterialblight,1525,8,1.0
Bacterialblight\BACTERAILBLIGHT4_191.jpg,Bacterialblight,1343,16,0.995
Bacterialblight\BACTERAILBLIGHT4_192.jpg,Bacterialblight,1511,4,1.0
Bacterialblight\BACTERAILBLIGHT4_193.jpg,Bacterialblight,1512,6,0.9888
Bacterialblight\BACTERAILBLIGHT4_194.jpg,Bacterialblight,1513,4,1.0
Bacterialblight\BACTERAILBLIGHT4_195.jpg,Bacterialblight,1346,8,0.9884
Bacterialblight\BACTERAILBLIGHT4_196.jpg,Bacterialblight,1515,4,1.0
Bacterialblight\BACTERAILBLIGHT4_197.jpg,Bacterialblight,1083,4,0.9752
Bacterialblight\BACTERAILBLIGHT4_198.jpg,Bacterialblight,1517,4,0.9792
Bacterialblight\BACTERAILBLIGHT4_199.jpg,Bacterialblight,1350,8,0.9855
Bacterialblight\BACTERAILBLIGHT4_200.jpg,Bacterialblight,1519,8,0.9924
Bacterialblight\BACTERAILBLIGHT4_201.jpg,Bacterialblight,1352,8,0.9788
Bacterialblight\BACTERAILBLIGHT4_202.jpg,Bacterialblight,1521,4,1.0
Bacterialblight\BACTERAILBLIGHT4_203.JPG,Bacterialblight,1354,8,0.9902
Bacterialblight\BACTERAILBLIGHT4_204.JPG,Bacterialblight,1523,4,0.9801
Bacterialblight\BACTERAILBLIGHT4_205.JPG,Bacterialblight,1356,8,0.9896
Bacterialblight\BACTERAILBLIGHT4_206.JPG,Bacterialblight,1525,8,0.9873
Bacterialblight\BACTERAILBLIGHT4_207.jpg,Bacterialblight,1358,24,0.9925
Bacterialblight\BACTERAILBLIGHT4_208.jpg,Bacterialblight,1527,6,0.9898
Bacterialblight\BACTERAILBLIGHT4_209.jpg,Bacterialblight,1528,8,0.9956
Bacterialblight\BACTERAILBLIGHT4_210.jpg,Bacterialblight,1529,4,0.9828
Bacterialblight\BACTERAILBLIGHT4_211.jpg,Bacterialblight,1362,12,1.0
Bacterialblight\BACTERAILBLIGHT4_212.jpg,Bacterialblight,1569,8,1.0
Bacterialblight\BACTERAILBLIGHT4_213.jpg,Bacterialblight,1364,12,0.9872
Bacterialblight\BACTERAILBLIGHT4_214.jpg,Bacterialblight,1571,8,1.0
Bacterialblight\BACTERAILBLIGHT4_215.jpg,Bacterialblight,1366,12,1.0
Bacterialblight\BACTERAILBLIGHT4_216.jpg,Bacterialblight,1573,8,1.0
Bacterialblight\BACTERAILBLIGHT4_217.jpg,Bacterialblight,1368,12,1.0
Bacterialblight\BACTERAILBLIGHT4_218.jpg,Bacterialblight,1575,8,1.0
Bacterialblight\BACTERAILBLIGHT4_219.jpg,Bacterialblight,1370,24,0.996
Bacterialblight\BACTERAILBLIGHT4_220.jpg,Bacterialblight,1577,8,1.0
Bacterialblight\BACTERAILBLIGHT4_221.jpg,Bacterialblight,1372,8,0.9934
Bacterialblight\BACTERAILBLIGHT4_222.jpg,Bacterialblight,1481,24,1.0
Bacterialblight\BACTERAILBLIGHT4_223.jpg,Bacterialblight,1374,12,1.0
Bacterialblight\BACTERAILBLIGHT4_224.jpg,Bacterialblight,1582,8,1.0
Bacterialblight\BACTERAILBLIGHT4_225.jpg,Bacterialblight,1376,8,0.9893
Bacterialblight\BACTERAILBLIGHT4_226.jpg,Bacterialblight,1583,8,1.0
Bacterialblight\BACTERAILBLIGHT4_227.jpg,Bacterialblight,1378,8,0.9912
Bacterialblight\BACTERAILBLIGHT4_228.JPG,Bacterialblight,1547,30,0.9952
Bacterialblight\BACTERAILBLIGHT4_229.JPG,Bacterialblight,1380,8,0.9955
Bacterialblight\BACTERAILBLIGHT4_230.JPG,Bacterialblight,1549,4,0.9845
Bacterialblight\BACTERAILBLIGHT4_231.JPG,Bacterialblight,1382,8,0.9898
Bacterialblight\BACTERAILBLIGHT4_232.JPG,Bacterialblight,1551,4,0.9916
Bacterialblight\BACTERAILBLIGHT4_233.JPG,Bacterialblight,1384,10,0.9953
Bacterialblight\BACTERAILBLIGHT4_234.JPG,Bacterialblight,1457,8,0.9941
Bacterialblight\BACTERAILBLIGHT4_235.JPG,Bacterialblight,1387,8,0.9966
Bacterialblight\BACTERAILBLIGHT4_236.JPG,Bacterialblight,1555,4,0.9903
Bacterialblight\BACTERAILBLIGHT4_237.JPG,Bacterialblight,1556,2,0.9636
Bacterialblight\BACTERAILBLIGHT4_238.JPG,Bacterialblight,1389,4,0.9909
Bacterialblight\BACTERAILBLIGHT4_239.JPG,Bacterialblight,1461,8,0.995
Bacterialblight\BACTERAILBLIGHT4_240.JPG,Bacterialblight,1391,8,0.9919
Bacterialblight\BACTERAILBLIGHT4_241.JPG,Bacterialblight,1560,4,0.9872
Bacterialblight\BACTERAILBLIGHT4_242.JPG,Bacterialblight,1464,10,0.9961
Bacterialblight\BACTERAILBLIGHT4_243.JPG,Bacterialblight,1562,4,0.9966
Bacterialblight\BACTERAILBLIGHT4_244.jpg,Bacterialblight,1563,4,0.9878
Bacterialblight\BACTERAILBLIGHT4_245.jpg,Bacterialblight,1564,4,0.9909
Bacterialblight\BACTERAILBLIGHT4_246.jpg,Bacterialblight,1565,2,0.9816
Bacterialblight\BACTERAILBLIGHT4_247.jpg,Bacterialblight,1566,4,0.9881
Bacterialblight\BACTERAILBLIGHT4_248.jpg,Bacterialblight,1567,4,0.9894
Bacterialblight\BACTERAILBLIGHT4_249.jpg,Bacterialblight,1362,12,1.0
Bacterialblight\BACTERAILBLIGHT4_250.jpg,Bacterialblight,1569,8,1.0
Bacterialblight\BACTERAILBLIGHT4_251.jpg,Bacterialblight,1363,18,1.0
Bacterialblight\BACTERAILBLIGHT4_252.jpg,Bacterialblight,1571,8,1.0
Bacterialblight\BACTERAILBLIGHT4_253.jpg,Bacterialblight,1366,12,1.0
Bacterialblight\BACTERAILBLIGHT4_254.jpg,Bacterialblight,1573,8,1.0
Bacterialblight\BACTERAILBLIGHT4_255.jpg,Bacterialblight,1368,12,1.0
Bacterialblight\BACTERAILBLIGHT4_256.jpg,Bacterialblight,1575,8,1.0
Bacterialblight\BACTERAILBLIGHT4_257.jpg,Bacterialblight,1370,24,0.996
Bacterialblight\BACTERAILBLIGHT4_258.jpg,Bacterialblight,1577,8,1.0
Bacterialblight\BACTERAILBLIGHT4_259.jpg,Bacterialblight,1481,24,1.0
Bacterialblight\BACTERAILBLIGHT4_260.jpg,Bacterialblight,1374,12,1.0
Bacterialblight\BACTERAILBLIGHT4_261.jpg,Bacterialblight,1580,4,0.9791
Bacterialblight\BACTERAILBLIGHT4_262.jpg,Bacterialblight,1581,4,0.9963
Bacterialblight\BACTERAILBLIGHT4_263.jpg,Bacterialblight,1582,8,1.0
Bacterialblight\BACTERAILBLIGHT4_264.jpg,Bacterialblight,1583,8,1.0
Bacterialblight\BACTERAILBLIGHT5_001.jpg,Bacterialblight,1335,16,1.0
Bacterialblight\BACTERAILBLIGHT5_002.jpg,Bacterialblight,1334,16,1.0
Bacterialblight\BACTERAILBLIGHT5_003.jpg,Bacterialblight,1547,30,0.9977
Bacterialblight\BACTERAILBLIGHT5_004.jpg,Bacterialblight,1451,20,0.9975
Bacterialblight\BACTERAILBLIGHT5_005.jpg,Bacterialblight,1339,32,1.0
Bacterialblight\BACTERAILBLIGHT5_006.jpg,Bacterialblight,1338,16,1.0
Bacterialblight\BACTERAILBLIGHT5_007.jpg,Bacterialblight,1327,8,0.9974
Bacterialblight\BACTERAILBLIGHT5_008.jpg,Bacterialblight,1326,8,0.9976
Bacterialblight\BACTERAILBLIGHT5_009.jpg,Bacterialblight,1329,8,0.9964
Bacterialblight\BACTERAILBLIGHT5_010.jpg,Bacterialblight,1328,8,0.9975
Bacterialblight\BACTERAILBLIGHT5_011.jpg,Bacterialblight,1333,18,1.0
Bacterialblight\BACTERAILBLIGHT5_012.jpg,Bacterialblight,1332,18,1.0
Bacterialblight\BACTERAILBLIGHT5_013.jpg,Bacterialblight,1333,18,1.0
Bacterialblight\BACTERAILBLIGHT5_014.jpg,Bacterialblight,1332,18,1.0
Bacterialblight\BACTERAILBLIGHT5_015.jpg,Bacterialblight,1335,16,1.0
Bacterialblight\BACTERAILBLIGHT5_016.jpg,Bacterialblight,1334,16,1.0
Bacterialblight\BACTERAILBLIGHT5_017.jpg,Bacterialblight,1451,20,0.9942
Bacterialblight\BACTERAILBLIGHT5_018.jpg,Bacterialblight,1547,30,0.9984
Bacterialblight\BACTERAILBLIGHT5_019.jpg,Bacterialblight,1339,32,1.0
Bacterialblight\BACTERAILBLIGHT5_020.jpg,Bacterialblight,1338,16,1.0
Bacterialblight\BACTERAILBLIGHT5_021.jpg,Bacterialblight,1341,8,0.9969
Bacterialblight\BACTERAILBLIGHT5_022.jpg,Bacterialblight,1340,8,0.9983
Bacterialblight\BACTERAILBLIGHT5_023.jpg,Bacterialblight,1343,16,0.9959
Bacterialblight\BACTERAILBLIGHT5_024.jpg,Bacterialblight,1343,16,0.9972
Bacterialblight\BACTERAILBLIGHT5_025.jpg,Bacterialblight,1512,6,0.9883
Bacterialblight\BACTERAILBLIGHT5_026.jpg,Bacterialblight,1346,8,0.995
Bacterialblight\BACTERAILBLIGHT5_027.jpg,Bacterialblight,1345,8,0.9964
Bacterialblight\BACTERAILBLIGHT5_028.jpg,Bacterialblight,1516,4,0.9934
Bacterialblight\BACTERAILBLIGHT5_029.jpg,Bacterialblight,1083,4,0.9884
Bacterialblight\BACTERAILBLIGHT5_030.jpg,Bacterialblight,1350,8,0.9956
Bacterialblight\BACTERAILBLIGHT5_031.jpg,Bacterialblight,1349,8,0.9969
Bacterialblight\BACTERAILBLIGHT5_032.jpg,Bacterialblight,1352,8,0.9895
Bacterialblight\BACTERAILBLIGHT5_033.jpg,Bacterialblight,1351,8,0.9966
Bacterialblight\BACTERAILBLIGHT5_034.jpg,Bacterialblight,1354,8,0.9958
Bacterialblight\BACTERAILBLIGHT5_035.jpg,Bacterialblight,1353,8,0.9974
Bacterialblight\BACTERAILBLIGHT5_036.jpg,Bacterialblight,1356,8,0.9958
Bacterialblight\BACTERAILBLIGHT5_037.jpg,Bacterialblight,1428,8,0.9982
Bacterialblight\BACTERAILBLIGHT5_038.jpg,Bacterialblight,1358,24,0.9977
Bacterialblight\BACTERAILBLIGHT5_039.jpg,Bacterialblight,1358,24,0.9984
Bacterialblight\BACTERAILBLIGHT5_040.jpg,Bacterialblight,1528,8,0.9978
Bacterialblight\BACTERAILBLIGHT5_041.jpg,Bacterialblight,1528,8,0.9986
Bacterialblight\BACTERAILBLIGHT5_042.jpg,Bacterialblight,1362,12,0.9978
Bacterialblight\BACTERAILBLIGHT5_043.jpg,Bacterialblight,1361,12,0.9979
Bacterialblight\BACTERAILBLIGHT5_044.jpg,Bacterialblight,1364,12,0.9943
Bacterialblight\BACTERAILBLIGHT5_045.jpg,Bacterialblight,1363,18,0.9955
Bacterialblight\BACTERAILBLIGHT5_046.jpg,Bacterialblight,1366,12,0.9971
Bacterialblight\BACTERAILBLIGHT5_047.jpg,Bacterialblight,1365,12,0.9991
Bacterialblight\BACTERAILBLIGHT5_048.jpg,Bacterialblight,1368,12,0.9968
Bacterialblight\BACTERAILBLIGHT5_049.jpg,Bacterialblight,1367,12,0.996
Bacterialblight\BACTERAILBLIGHT5_050.jpg,Bacterialblight,1370,24,0.9977
Bacterialblight\BACTERAILBLIGHT5_051.jpg,Bacterialblight,1370,24,0.9981
Bacterialblight\BACTERAILBLIGHT5_052.jpg,Bacterialblight,1372,8,0.9973
Bacterialblight\BACTERAILBLIGHT5_053.jpg,Bacterialblight,1371,16,0.9979
Bacterialblight\BACTERAILBLIGHT5_054.jpg,Bacterialblight,1374,12,0.9963
Bacterialblight\BACTERAILBLIGHT5_055.jpg,Bacterialblight,1373,12,0.9986
Bacterialblight\BACTERAILBLIGHT5_056.jpg,Bacterialblight,1376,8,0.9953
Bacterialblight\BACTERAILBLIGHT5_057.jpg,Bacterialblight,1375,8,0.9985
Bacterialblight\BACTERAILBLIGHT5_058.jpg,Bacterialblight,1378,8,0.9944
Bacterialblight\BACTERAILBLIGHT5_059.jpg,Bacterialblight,1377,8,0.997
Bacterialblight\BACTERAILBLIGHT5_060.jpg,Bacterialblight,1380,8,0.9974
Bacterialblight\BACTERAILBLIGHT5_061.jpg,Bacterialblight,1379,8,0.9986
Bacterialblight\BACTERAILBLIGHT5_062.jpg,Bacterialblight,1382,8,0.9953
Bacterialblight\BACTERAILBLIGHT5_063.jpg,Bacterialblight,1381,8,0.9981
Bacterialblight\BACTERAILBLIGHT5_064.jpg,Bacterialblight,1384,10,1.0
Bacterialblight\BACTERAILBLIGHT5_065.jpg,Bacterialblight,1385,10,0.9981
Bacterialblight\BACTERAILBLIGHT5_066.jpg,Bacterialblight,1384,10,1.0
Bacterialblight\BACTERAILBLIGHT5_067.jpg,Bacterialblight,1387,8,0.9949
Bacterialblight\BACTERAILBLIGHT5_068.jpg,Bacterialblight,1386,8,0.9975
Bacterialblight\BACTERAILBLIGHT5_069.jpg,Bacterialblight,1557,4,0.9907
Bacterialblight\BACTERAILBLIGHT5_070.jpg,Bacterialblight,1388,8,0.9969
Bacterialblight\BACTERAILBLIGHT5_071.jpg,Bacterialblight,1391,8,0.9955
Bacterialblight\BACTERAILBLIGHT5_072.jpg,Bacterialblight,1390,8,0.9953
Bacterialblight\BACTERAILBLIGHT5_073.jpg,Bacterialblight,1335,16,1.0
Bacterialblight\BACTERAILBLIGHT5_074.jpg,Bacterialblight,1505,20,1.0
Bacterialblight\BACTERAILBLIGHT5_075.jpg,Bacterialblight,1547,30,0.9982
Bacterialblight\BACTERAILBLIGHT5_076.jpg,Bacterialblight,1491,4,1.0
Bacterialblight\BACTERAILBLIGHT5_077.jpg,Bacterialblight,1339,32,1.0
Bacterialblight\BACTERAILBLIGHT5_078.jpg,Bacterialblight,1493,4,1.0
Bacterialblight\BACTERAILBLIGHT5_079.JPG,Bacterialblight,1327,8,0.9965
Bacterialblight\BACTERAILBLIGHT5_080.jpg,Bacterialblight,1495,4,1.0
Bacterialblight\BACTERAILBLIGHT5_081.JPG,Bacterialblight,1329,8,0.9959
Bacterialblight\BACTERAILBLIGHT5_082.jpg,Bacterialblight,1401,8,1.0
Bacterialblight\BACTERAILBLIGHT5_083.jpg,Bacterialblight,1333,18,1.0
Bacterialblight\BACTERAILBLIGHT5_084.jpg,Bacterialblight,1505,20,1.0
Bacterialblight\BACTERAILBLIGHT5_085.jpg,Bacterialblight,1333,18,1.0
Bacterialblight\BACTERAILBLIGHT5_086.jpg,Bacterialblight,1505,20,1.0
Bacterialblight\BACTERAILBLIGHT5_087.jpg,Bacterialblight,1335,16,1.0
Bacterialblight\BACTERAILBLIGHT5_088.jpg,Bacterialblight,1505,20,1.0
Bacterialblight\BACTERAILBLIGHT5_089.jpg,Bacterialblight,1451,20,1.0
Bacterialblight\BACTERAILBLIGHT5_090.jpg,Bacterialblight,1505,20,1.0
Bacterialblight\BACTERAILBLIGHT5_091.jpg,Bacterialblight,1339,32,1.0
Bacterialblight\BACTERAILBLIGHT5_092.jpg,Bacterialblight,1507,4,1.0
Bacterialblight\BACTERAILBLIGHT5_093.jpg,Bacterialblight,1341,8,0.9969
Bacterialblight\BACTERAILBLIGHT5_094.jpg,Bacterialblight,1525,8,1.0
Bacterialblight\BACTERAILBLIGHT5_095.jpg,Bacterialblight,1343,16,0.9952
Bacterialblight\BACTERAILBLIGHT5_096.jpg,Bacterialblight,1511,4,1.0
Bacterialblight\BACTERAILBLIGHT5_097.jpg,Bacterialblight,1512,6,0.9904
Bacterialblight\BACTERAILBLIGHT5_098.jpg,Bacterialblight,1513,4,1.0
Bacterialblight\BACTERAILBLIGHT5_099.jpg,Bacterialblight,1346,8,0.9918
Bacterialblight\BACTERAILBLIGHT5_100.jpg,Bacterialblight,1515,4,1.0
Bacterialblight\BACTERAILBLIGHT5_101.jpg,Bacterialblight,1083,4,0.9819
Bacterialblight\BACTERAILBLIGHT5_102.jpg,Bacterialblight,1517,4,0.9691
Bacterialblight\BACTERAILBLIGHT5_103.jpg,Bacterialblight,1350,8,0.9924
Bacterialblight\BACTERAILBLIGHT5_104.jpg,Bacterialblight,1519,8,0.9924
Bacterialblight\BACTERAILBLIGHT5_105.jpg,Bacterialblight,1352,8,0.9906
Bacterialblight\BACTERAILBLIGHT5_106.jpg,Bacterialblight,1257,4,1.0
Bacterialblight\BACTERAILBLIGHT5_107.JPG,Bacterialblight,1354,8,0.9937
Bacterialblight\BACTERAILBLIGHT5_108.JPG,Bacterialblight,1523,4,0.9801
Bacterialblight\BACTERAILBLIGHT5_109.JPG,Bacterialblight,1356,8,0.9958
Bacterialblight\BACTERAILBLIGHT5_110.JPG,Bacterialblight,1525,8,0.9873
Bacterialblight\BACTERAILBLIGHT5_111.jpg,Bacterialblight,1358,24,0.9959
Bacterialblight\BACTERAILBLIGHT5_112.jpg,Bacterialblight,1527,6,0.9898
Bacterialblight\BACTERAILBLIGHT5_113.jpg,Bacterialblight,1528,8,0.9967
Bacterialblight\BACTERAILBLIGHT5_114.jpg,Bacterialblight,1529,4,0.9828
Bacterialblight\BACTERAILBLIGHT5_115.jpg,Bacterialblight,1362,12,1.0
Bacterialblight\BACTERAILBLIGHT5_116.jpg,Bacterialblight,1569,8,1.0
Bacterialblight\BACTERAILBLIGHT5_117.jpg,Bacterialblight,1364,12,1.0
Bacterialblight\BACTERAILBLIGHT5_118.jpg,Bacterialblight,1571,8,1.0
Bacterialblight\BACTERAILBLIGHT5_119.jpg,Bacterialblight,1366,12,1.0
Bacterialblight\BACTERAILBLIGHT5_120.jpg,Bacterialblight,1573,8,1.0
Bacterialblight\BACTERAILBLIGHT5_121.jpg,Bacterialblight,1368,12,1.0
Bacterialblight\BACTERAILBLIGHT5_122.jpg,Bacterialblight,1575,8,1.0
Bacterialblight\BACTERAILBLIGHT5_123.jpg,Bacterialblight,1370,24,1.0
Bacterialblight\BACTERAILBLIGHT5_124.jpg,Bacterialblight,1577,8,1.0
Bacterialblight\BACTERAILBLIGHT5_125.jpg,Bacterialblight,1372,8,0.9984
Bacterialblight\BACTERAILBLIGHT5_126.jpg,Bacterialblight,1481,24,1.0
Bacterialblight\BACTERAILBLIGHT5_127.jpg,Bacterialblight,1374,12,1.0
Bacterialblight\BACTERAILBLIGHT5_128.jpg,Bacterialblight,1582,8,1.0
Bacterialblight\BACTERAILBLIGHT5_129.jpg,Bacterialblight,1376,8,0.9942
Bacterialblight\BACTERAILBLIGHT5_130.jpg,Bacterialblight,1583,8,1.0
Bacterialblight\BACTERAILBLIGHT5_131.jpg,Bacterialblight,1378,8,0.9934
Bacterialblight\BACTERAILBLIGHT5_132.JPG,Bacterialblight,1547,30,0.9952
Bacterialblight\BACTERAILBLIGHT5_133.JPG,Bacterialblight,1380,8,0.9967
Bacterialblight\BACTERAILBLIGHT5_134.JPG,Bacterialblight,1549,4,0.9845
Bacterialblight\BACTERAILBLIGHT5_135.JPG,Bacterialblight,1382,8,0.99
Bacterialblight\BACTERAILBLIGHT5_136.JPG,Bacterialblight,1551,4,0.9916
Bacterialblight\BACTERAILBLIGHT5_137.JPG,Bacterialblight,1384,10,0.9953
Bacterialblight\BACTERAILBLIGHT5_138.JPG,Bacterialblight,1457,8,0.9941
Bacterialblight\BACTERAILBLIGHT5_139.JPG,Bacterialblight,1387,8,0.9966
Bacterialblight\BACTERAILBLIGHT5_140.JPG,Bacterialblight,1555,4,0.9903
Bacterialblight\BACTERAILBLIGHT5_141.JPG,Bacterialblight,1389,4,0.995
Bacterialblight\BACTERAILBLIGHT5_142.JPG,Bacterialblight,1461,8,0.995
Bacterialblight\BACTERAILBLIGHT5_143.JPG,Bacterialblight,1391,8,0.9946
Bacterialblight\BACTERAILBLIGHT5_144.JPG,Bacterialblight,1560,4,0.9872
Bacterialblight\BACTERAILBLIGHT5_145.JPG,Bacterialblight,1464,10,0.9961
Bacterialblight\BACTERAILBLIGHT5_146.JPG,Bacterialblight,1562,4,0.9966
Bacterialblight\BACTERAILBLIGHT5_147.jpg,Bacterialblight,1563,4,0.9878
Bacterialblight\BACTERAILBLIGHT5_148.jpg,Bacterialblight,1564,4,0.9909
Bacterialblight\BACTERAILBLIGHT5_149.jpg,Bacterialblight,1204,2,0.9728
Bacterialblight\BACTERAILBLIGHT5_150.jpg,Bacterialblight,1566,4,0.9881
Bacterialblight\BACTERAILBLIGHT5_151.jpg,Bacterialblight,1567,4,0.9894
Bacterialblight\BACTERAILBLIGHT5_152.jpg,Bacterialblight,1362,12,1.0
Bacterialblight\BACTERAILBLIGHT5_153.jpg,Bacterialblight,1569,8,1.0
Bacterialblight\BACTERAILBLIGHT5_154.jpg,Bacterialblight,1363,18,0.9945
Bacterialblight\BACTERAILBLIGHT5_155.jpg,Bacterialblight,1571,8,1.0
Bacterialblight\BACTERAILBLIGHT5_156.jpg,Bacterialblight,1366,12,1.0
Bacterialblight\BACTERAILBLIGHT5_157.jpg,Bacterialblight,1573,8,1.0
Bacterialblight\BACTERAILBLIGHT5_158.jpg,Bacterialblight,1368,12,1.0
Bacterialblight\BACTERAILBLIGHT5_159.jpg,Bacterialblight,1575,8,1.0
Bacterialblight\BACTERAILBLIGHT5_160.jpg,Bacterialblight,1370,24,1.0
Bacterialblight\BACTERAILBLIGHT5_161.jpg,Bacterialblight,1577,8,1.0
Bacterialblight\BACTERAILBLIGHT5_162.jpg,Bacterialblight,1481,24,1.0
Bacterialblight\BACTERAILBLIGHT5_163.jpg,Bacterialblight,1374,12,1.0
Bacterialblight\BACTERAILBLIGHT5_164.jpg,Bacterialblight,1580,4,0.9791
Bacterialblight\BACTERAILBLIGHT5_165.jpg,Bacterialblight,1581,4,0.9963
Bacterialblight\BACTERAILBLIGHT5_166.jpg,Bacterialblight,1582,8,1.0
Bacterialblight\BACTERAILBLIGHT5_167.jpg,Bacterialblight,1583,8,1.0
Bacterialblight\BACTERAILBLIGHT5_168.jpg,Bacterialblight,1333,18,1.0
Bacterialblight\BACTERAILBLIGHT5_169.jpg,Bacterialblight,1332,18,1.0
Bacterialblight\BACTERAILBLIGHT5_170.jpg,Bacterialblight,1409,30,1.0
Bacterialblight\BACTERAILBLIGHT5_171.jpg,Bacterialblight,1334,16,1.0
Bacterialblight\BACTERAILBLIGHT5_172.jpg,Bacterialblight,1395,4,1.0
Bacterialblight\BACTERAILBLIGHT5_173.jpg,Bacterialblight,1451,20,1.0
Bacterialblight\BACTERAILBLIGHT5_174.jpg,Bacterialblight,1397,4,1.0
Bacterialblight\BACTERAILBLIGHT5_175.jpg,Bacterialblight,1338,16,1.0
Bacterialblight\BACTERAILBLIGHT5_176.jpg,Bacterialblight,1399,4,1.0
Bacterialblight\BACTERAILBLIGHT5_177.JPG,Bacterialblight,1326,8,0.9925
Bacterialblight\BACTERAILBLIGHT5_178.jpg,Bacterialblight,1401,8,1.0
Bacterialblight\BACTERAILBLIGHT5_179.JPG,Bacterialblight,1328,8,0.9957
Bacterialblight\BACTERAILBLIGHT5_180.jpg,Bacterialblight,1409,30,1.0
Bacterialblight\BACTERAILBLIGHT5_181.jpg,Bacterialblight,1332,18,1.0
Bacterialblight\BACTERAILBLIGHT5_182.jpg,Bacterialblight,1409,30,1.0
Bacterialblight\BACTERAILBLIGHT5_183.jpg,Bacterialblight,1334,16,1.0
Bacterialblight\BACTERAILBLIGHT5_184.jpg,Bacterialblight,1409,30,1.0
Bacterialblight\BACTERAILBLIGHT5_185.jpg,Bacterialblight,1547,30,0.9982
Bacterialblight\BACTERAILBLIGHT5_186.jpg,Bacterialblight,1409,30,1.0
Bacterialblight\BACTERAILBLIGHT5_187.jpg,Bacterialblight,1338,16,1.0
Bacterialblight\BACTERAILBLIGHT5_188.jpg,Bacterialblight,1411,4,1.0
Bacterialblight\BACTERAILBLIGHT5_189.jpg,Bacterialblight,1340,8,0.9723
Bacterialblight\BACTERAILBLIGHT5_190.jpg,Bacterialblight,1413,4,1.0
Bacterialblight\BACTERAILBLIGHT5_191.jpg,Bacterialblight,1343,16,0.9932
Bacterialblight\BACTERAILBLIGHT5_192.jpg,Bacterialblight,1415,4,1.0
Bacterialblight\BACTERAILBLIGHT5_193.jpg,Bacterialblight,1344,6,0.986
Bacterialblight\BACTERAILBLIGHT5_194.jpg,Bacterialblight,1417,4,1.0
Bacterialblight\BACTERAILBLIGHT5_195.jpg,Bacterialblight,1345,8,0.9894
Bacterialblight\BACTERAILBLIGHT5_196.jpg,Bacterialblight,1419,4,1.0
Bacterialblight\BACTERAILBLIGHT5_197.jpg,Bacterialblight,1347,8,0.99
Bacterialblight\BACTERAILBLIGHT5_198.jpg,Bacterialblight,1421,4,0.9927
Bacterialblight\BACTERAILBLIGHT5_199.jpg,Bacterialblight,1349,8,0.9864
Bacterialblight\BACTERAILBLIGHT5_200.jpg,Bacterialblight,1519,8,0.9761
Bacterialblight\BACTERAILBLIGHT5_201.jpg,Bacterialblight,1351,8,0.9876
Bacterialblight\BACTERAILBLIGHT5_202.jpg,Bacterialblight,1257,4,1.0
Bacterialblight\BACTERAILBLIGHT5_203.JPG,Bacterialblight,1353,8,0.9918
Bacterialblight\BACTERAILBLIGHT5_204.JPG,Bacterialblight,1427,4,0.98
Bacterialblight\BACTERAILBLIGHT5_205.JPG,Bacterialblight,1428,8,0.9858
Bacterialblight\BACTERAILBLIGHT5_206.JPG,Bacterialblight,1429,4,0.9873
Bacterialblight\BACTERAILBLIGHT5_207.jpg,Bacterialblight,1358,24,0.9959
Bacterialblight\BACTERAILBLIGHT5_208.jpg,Bacterialblight,1431,4,0.9893
Bacterialblight\BACTERAILBLIGHT5_209.jpg,Bacterialblight,1359,8,0.9932
Bacterialblight\BACTERAILBLIGHT5_210.jpg,Bacterialblight,1433,4,0.9866
Bacterialblight\BACTERAILBLIGHT5_211.jpg,Bacterialblight,1361,12,1.0
Bacterialblight\BACTERAILBLIGHT5_212.jpg,Bacterialblight,1472,8,1.0
Bacterialblight\BACTERAILBLIGHT5_213.jpg,Bacterialblight,1363,18,0.9945
Bacterialblight\BACTERAILBLIGHT5_214.jpg,Bacterialblight,1474,8,1.0
Bacterialblight\BACTERAILBLIGHT5_215.jpg,Bacterialblight,1365,12,1.0
Bacterialblight\BACTERAILBLIGHT5_216.jpg,Bacterialblight,1476,8,1.0
Bacterialblight\BACTERAILBLIGHT5_217.jpg,Bacterialblight,1367,12,1.0
Bacterialblight\BACTERAILBLIGHT5_218.jpg,Bacterialblight,1478,8,1.0
Bacterialblight\BACTERAILBLIGHT5_219.jpg,Bacterialblight,1370,24,0.9964
Bacterialblight\BACTERAILBLIGHT5_220.jpg,Bacterialblight,1480,8,1.0
Bacterialblight\BACTERAILBLIGHT5_221.jpg,Bacterialblight,1371,16,0.9906
Bacterialblight\BACTERAILBLIGHT5_222.jpg,Bacterialblight,1481,24,1.0
Bacterialblight\BACTERAILBLIGHT5_223.jpg,Bacterialblight,1373,12,1.0
Bacterialblight\BACTERAILBLIGHT5_224.jpg,Bacterialblight,1485,8,1.0
Bacterialblight\BACTERAILBLIGHT5_225.jpg,Bacterialblight,1375,8,0.9943
Bacterialblight\BACTERAILBLIGHT5_226.jpg,Bacterialblight,1486,8,1.0
Bacterialblight\BACTERAILBLIGHT5_227.jpg,Bacterialblight,1377,8,0.992
Bacterialblight\BACTERAILBLIGHT5_228.JPG,Bacterialblight,1451,20,0.9941
Bacterialblight\BACTERAILBLIGHT5_229.JPG,Bacterialblight,1379,8,0.997
Bacterialblight\BACTERAILBLIGHT5_230.JPG,Bacterialblight,1453,4,0.9883
Bacterialblight\BACTERAILBLIGHT5_231.JPG,Bacterialblight,1381,8,0.9944
Bacterialblight\BACTERAILBLIGHT5_232.JPG,Bacterialblight,1455,4,0.9892
Bacterialblight\BACTERAILBLIGHT5_233.JPG,Bacterialblight,1385,10,0.9913
Bacterialblight\BACTERAILBLIGHT5_234.JPG,Bacterialblight,1457,8,0.9952
Bacterialblight\BACTERAILBLIGHT5_235.JPG,Bacterialblight,1386,8,0.9954
Bacterialblight\BACTERAILBLIGHT5_236.JPG,Bacterialblight,1459,4,0.984
Bacterialblight\BACTERAILBLIGHT5_237.JPG,Bacterialblight,1292,2,0.9578
Bacterialblight\BACTERAILBLIGHT5_238.JPG,Bacterialblight,1388,8,0.9914
Bacterialblight\BACTERAILBLIGHT5_239.JPG,Bacterialblight,1461,8,0.9944
Bacterialblight\BACTERAILBLIGHT5_240.JPG,Bacterialblight,1390,8,0.9923
Bacterialblight\BACTERAILBLIGHT5_241.JPG,Bacterialblight,1463,4,0.9898
Bacterialblight\BACTERAILBLIGHT5_242.JPG,Bacterialblight,1464,10,0.9938
Bacterialblight\BACTERAILBLIGHT5_243.JPG,Bacterialblight,1465,4,0.9949
Bacterialblight\BACTERAILBLIGHT5_244.jpg,Bacterialblight,1466,4,0.9646
Bacterialblight\BACTERAILBLIGHT5_245.jpg,Bacterialblight,1467,4,0.9903
Bacterialblight\BACTERAILBLIGHT5_246.jpg,Bacterialblight,1301,2,0.9894
Bacterialblight\BACTERAILBLIGHT5_247.jpg,Bacterialblight,1469,4,0.9914
Bacterialblight\BACTERAILBLIGHT5_248.jpg,Bacterialblight,1470,4,0.9894
Bacterialblight\BACTERAILBLIGHT5_249.jpg,Bacterialblight,1361,12,1.0
Bacterialblight\BACTERAILBLIGHT5_250.jpg,Bacterialblight,1472,8,1.0
Bacterialblight\BACTERAILBLIGHT5_251.jpg,Bacterialblight,1364,12,1.0
Bacterialblight\BACTERAILBLIGHT5_252.jpg,Bacterialblight,1474,8,1.0
Bacterialblight\BACTERAILBLIGHT5_253.jpg,Bacterialblight,1365,12,1.0
Bacterialblight\BACTERAILBLIGHT5_254.jpg,Bacterialblight,1476,8,1.0
Bacterialblight\BACTERAILBLIGHT5_255.jpg,Bacterialblight,1367,12,1.0
Bacterialblight\BACTERAILBLIGHT5_256.jpg,Bacterialblight,1478,8,1.0
Bacterialblight\BACTERAILBLIGHT5_257.jpg,Bacterialblight,1370,24,0.9964
Bacterialblight\BACTERAILBLIGHT5_258.jpg,Bacterialblight,1480,8,1.0
Bacterialblight\BACTERAILBLIGHT5_259.jpg,Bacterialblight,1481,24,1.0
Bacterialblight\BACTERAILBLIGHT5_260.jpg,Bacterialblight,1373,12,1.0
Bacterialblight\BACTERAILBLIGHT5_261.jpg,Bacterialblight,1483,4,0.9701
Bacterialblight\BACTERAILBLIGHT5_262.jpg,Bacterialblight,1484,4,0.994
Bacterialblight\BACTERAILBLIGHT5_263.jpg,Bacterialblight,1485,8,1.0
Bacterialblight\BACTERAILBLIGHT5_264.jpg,Bacterialblight,1486,8,1.0
Bacterialblight\BACTERIALBLIGHT1_001.jpg,Bacterialblight,974,8,1.0
Bacterialblight\BACTERIALBLIGHT1_002.jpg,Bacterialblight,878,8,1.0
Bacterialblight\BACTERIALBLIGHT1_003.jpg,Bacterialblight,1019,10,0.999
Bacterialblight\BACTERIALBLIGHT1_004.jpg,Bacterialblight,1547,30,0.9974
Bacterialblight\BACTERIALBLIGHT1_005.jpg,Bacterialblight,1339,32,1.0
Bacterialblight\BACTERIALBLIGHT1_006.jpg,Bacterialblight,1339,32,1.0
Bacterialblight\BACTERIALBLIGHT1_007.jpg,Bacterialblight,968,8,0.9969
Bacterialblight\BACTERIALBLIGHT1_008.jpg,Bacterialblight,968,8,0.9964
Bacterialblight\BACTERIALBLIGHT1_009.jpg,Bacterialblight,970,4,0.9962
Bacterialblight\BACTERIALBLIGHT1_010.jpg,Bacterialblight,872,4,0.9938
Bacterialblight\BACTERIALBLIGHT1_011.jpg,Bacterialblight,972,9,1.0
Bacterialblight\BACTERIALBLIGHT1_012.jpg,Bacterialblight,959,9,1.0
Bacterialblight\BACTERIALBLIGHT1_013.jpg,Bacterialblight,972,9,1.0
Bacterialblight\BACTERIALBLIGHT1_014.jpg,Bacterialblight,959,9,1.0
Bacterialblight\BACTERIALBLIGHT1_015.jpg,Bacterialblight,974,8,1.0
Bacterialblight\BACTERIALBLIGHT1_016.jpg,Bacterialblight,878,8,1.0
Bacterialblight\BACTERIALBLIGHT1_017.jpg,Bacterialblight,1547,30,0.998
Bacterialblight\BACTERIALBLIGHT1_018.jpg,Bacterialblight,1019,10,0.9985
Bacterialblight\BACTERIALBLIGHT1_019.jpg,Bacterialblight,1339,32,1.0
Bacterialblight\BACTERIALBLIGHT1_020.jpg,Bacterialblight,1339,32,1.0
Bacterialblight\BACTERIALBLIGHT1_021.jpg,Bacterialblight,980,4,0.9976
Bacterialblight\BACTERIALBLIGHT1_022.jpg,Bacterialblight,884,4,0.9964
Bacterialblight\BACTERIALBLIGHT1_023.jpg,Bacterialblight,886,8,0.998
Bacterialblight\BACTERIALBLIGHT1_024.jpg,Bacterialblight,886,8,0.9949
Bacterialblight\BACTERIALBLIGHT1_025.jpg,Bacterialblight,984,3,0.9619
Bacterialblight\BACTERIALBLIGHT1_026.jpg,Bacterialblight,890,8,0.9956
Bacterialblight\BACTERIALBLIGHT1_027.jpg,Bacterialblight,890,8,0.9931
Bacterialblight\BACTERIALBLIGHT1_028.jpg,Bacterialblight,819,4,0.9668
Bacterialblight\BACTERIALBLIGHT1_029.jpg,Bacterialblight,892,3,0.9918
Bacterialblight\BACTERIALBLIGHT1_030.jpg,Bacterialblight,990,4,0.9945
Bacterialblight\BACTERIALBLIGHT1_031.jpg,Bacterialblight,894,4,0.9958
Bacterialblight\BACTERIALBLIGHT1_032.jpg,Bacterialblight,992,4,0.9935
Bacterialblight\BACTERIALBLIGHT1_033.jpg,Bacterialblight,896,4,0.9909
Bacterialblight\BACTERIALBLIGHT1_034.jpg,Bacterialblight,994,4,0.9924
Bacterialblight\BACTERIALBLIGHT1_035.jpg,Bacterialblight,898,4,0.9962
Bacterialblight\BACTERIALBLIGHT1_036.jpg,Bacterialblight,828,4,0.9932
Bacterialblight\BACTERIALBLIGHT1_037.jpg,Bacterialblight,828,4,0.9808
Bacterialblight\BACTERIALBLIGHT1_038.jpg,Bacterialblight,1358,24,0.9977
Bacterialblight\BACTERIALBLIGHT1_039.jpg,Bacterialblight,1358,24,0.9952
Bacterialblight\BACTERIALBLIGHT1_040.jpg,Bacterialblight,831,4,0.9771
Bacterialblight\BACTERIALBLIGHT1_041.jpg,Bacterialblight,904,4,0.9952
Bacterialblight\BACTERIALBLIGHT1_042.jpg,Bacterialblight,1040,6,0.996
Bacterialblight\BACTERIALBLIGHT1_043.jpg,Bacterialblight,943,6,0.9961
Bacterialblight\BACTERIALBLIGHT1_044.jpg,Bacterialblight,1004,6,0.9952
Bacterialblight\BACTERIALBLIGHT1_045.jpg,Bacterialblight,1363,18,0.9949
Bacterialblight\BACTERIALBLIGHT1_046.jpg,Bacterialblight,1044,6,0.9975
Bacterialblight\BACTERIALBLIGHT1_047.jpg,Bacterialblight,947,6,0.996
Bacterialblight\BACTERIALBLIGHT1_048.jpg,Bacterialblight,1046,6,0.9913
Bacterialblight\BACTERIALBLIGHT1_049.jpg,Bacterialblight,949,6,0.9947
Bacterialblight\BACTERIALBLIGHT1_050.jpg,Bacterialblight,1048,12,0.9966
Bacterialblight\BACTERIALBLIGHT1_051.jpg,Bacterialblight,1048,12,0.9965
Bacterialblight\BACTERIALBLIGHT1_052.jpg,Bacterialblight,1371,16,0.9966
Bacterialblight\BACTERIALBLIGHT1_053.jpg,Bacterialblight,1371,16,0.9958
Bacterialblight\BACTERIALBLIGHT1_054.jpg,Bacterialblight,1053,8,0.9947
Bacterialblight\BACTERIALBLIGHT1_055.jpg,Bacterialblight,954,6,0.9933
Bacterialblight\BACTERIALBLIGHT1_056.jpg,Bacterialblight,1016,4,0.9956
Bacterialblight\BACTERIALBLIGHT1_057.jpg,Bacterialblight,920,4,0.9949
Bacterialblight\BACTERIALBLIGHT1_058.jpg,Bacterialblight,1018,4,0.9962
Bacterialblight\BACTERIALBLIGHT1_059.jpg,Bacterialblight,922,4,0.9938
Bacterialblight\BACTERIALBLIGHT1_060.jpg,Bacterialblight,1020,4,0.9988
Bacterialblight\BACTERIALBLIGHT1_061.jpg,Bacterialblight,924,4,0.9983
Bacterialblight\BACTERIALBLIGHT1_062.jpg,Bacterialblight,1022,4,0.9979
Bacterialblight\BACTERIALBLIGHT1_063.jpg,Bacterialblight,926,4,0.9977
Bacterialblight\BACTERIALBLIGHT1_064.jpg,Bacterialblight,1024,5,1.0
Bacterialblight\BACTERIALBLIGHT1_065.jpg,Bacterialblight,928,5,0.9959
Bacterialblight\BACTERIALBLIGHT1_066.jpg,Bacterialblight,1024,5,1.0
Bacterialblight\BACTERIALBLIGHT1_067.jpg,Bacterialblight,1026,4,0.9968
Bacterialblight\BACTERIALBLIGHT1_068.jpg,Bacterialblight,930,4,0.9943
Bacterialblight\BACTERIALBLIGHT1_069.jpg,Bacterialblight,860,2,0.9931
Bacterialblight\BACTERIALBLIGHT1_070.jpg,Bacterialblight,861,2,0.985
Bacterialblight\BACTERIALBLIGHT1_071.jpg,Bacterialblight,1031,4,0.9954
Bacterialblight\BACTERIALBLIGHT1_072.jpg,Bacterialblight,934,4,0.9959
Bacterialblight\BACTERIALBLIGHT1_073.jpg,Bacterialblight,878,8,1.0
Bacterialblight\BACTERIALBLIGHT1_074.jpg,Bacterialblight,881,10,1.0
Bacterialblight\BACTERIALBLIGHT1_075.jpg,Bacterialblight,1547,30,0.9988
Bacterialblight\BACTERIALBLIGHT1_076.jpg,Bacterialblight,867,2,1.0
Bacterialblight\BACTERIALBLIGHT1_077.jpg,Bacterialblight,1339,32,1.0
Bacterialblight\BACTERIALBLIGHT1_078.jpg,Bacterialblight,869,2,1.0
Bacterialblight\BACTERIALBLIGHT1_079.JPG,Bacterialblight,968,8,0.9908
Bacterialblight\BACTERIALBLIGHT1_080.jpg,Bacterialblight,871,2,1.0
Bacterialblight\BACTERIALBLIGHT1_081.JPG,Bacterialblight,872,4,0.9888
Bacterialblight\BACTERIALBLIGHT1_082.jpg,Bacterialblight,873,2,1.0
Bacterialblight\BACTERIALBLIGHT1_083.jpg,Bacterialblight,959,9,1.0
Bacterialblight\BACTERIALBLIGHT1_084.jpg,Bacterialblight,881,10,1.0
Bacterialblight\BACTERIALBLIGHT1_085.jpg,Bacterialblight,959,9,1.0
Bacterialblight\BACTERIALBLIGHT1_086.jpg,Bacterialblight,881,10,1.0
Bacterialblight\BACTERIALBLIGHT1_087.jpg,Bacterialblight,878,8,1.0
Bacterialblight\BACTERIALBLIGHT1_088.jpg,Bacterialblight,881,10,1.0
Bacterialblight\BACTERIALBLIGHT1_089.jpg,Bacterialblight,1019,10,1.0
Bacterialblight\BACTERIALBLIGHT1_090.jpg,Bacterialblight,881,10,1.0
Bacterialblight\BACTERIALBLIGHT1_091.jpg,Bacterialblight,1339,32,1.0
Bacterialblight\BACTERIALBLIGHT1_092.jpg,Bacterialblight,883,2,1.0
Bacterialblight\BACTERIALBLIGHT1_093.jpg,Bacterialblight,884,4,0.9796
Bacterialblight\BACTERIALBLIGHT1_094.jpg,Bacterialblight,885,2,1.0
Bacterialblight\BACTERIALBLIGHT1_095.jpg,Bacterialblight,886,8,0.997
Bacterialblight\BACTERIALBLIGHT1_096.jpg,Bacterialblight,887,2,1.0
Bacterialblight\BACTERIALBLIGHT1_097.jpg,Bacterialblight,888,3,0.987
Bacterialblight\BACTERIALBLIGHT1_098.jpg,Bacterialblight,889,4,1.0
Bacterialblight\BACTERIALBLIGHT1_099.jpg,Bacterialblight,890,8,0.9874
Bacterialblight\BACTERIALBLIGHT1_100.jpg,Bacterialblight,891,2,1.0
Bacterialblight\BACTERIALBLIGHT1_101.jpg,Bacterialblight,892,3,0.9918
Bacterialblight\BACTERIALBLIGHT1_102.jpg,Bacterialblight,893,2,0.992
Bacterialblight\BACTERIALBLIGHT1_103.jpg,Bacterialblight,894,4,0.9872
Bacterialblight\BACTERIALBLIGHT1_104.jpg,Bacterialblight,895,2,0.99
Bacterialblight\BACTERIALBLIGHT1_105.jpg,Bacterialblight,896,4,0.9828
Bacterialblight\BACTERIALBLIGHT1_106.jpg,Bacterialblight,993,2,1.0
Bacterialblight\BACTERIALBLIGHT1_107.JPG,Bacterialblight,898,4,0.9887
Bacterialblight\BACTERIALBLIGHT1_108.JPG,Bacterialblight,899,2,0.9579
Bacterialblight\BACTERIALBLIGHT1_109.JPG,Bacterialblight,828,4,0.9932
Bacterialblight\BACTERIALBLIGHT1_110.JPG,Bacterialblight,901,2,0.9931
Bacterialblight\BACTERIALBLIGHT1_111.jpg,Bacterialblight,1358,24,0.9948
Bacterialblight\BACTERIALBLIGHT1_112.jpg,Bacterialblight,1527,6,0.989
Bacterialblight\BACTERIALBLIGHT1_113.jpg,Bacterialblight,904,4,0.9947
Bacterialblight\BACTERIALBLIGHT1_114.jpg,Bacterialblight,905,4,0.9784
Bacterialblight\BACTERIALBLIGHT1_115.jpg,Bacterialblight,943,6,1.0
Bacterialblight\BACTERIALBLIGHT1_116.jpg,Bacterialblight,944,4,1.0
Bacterialblight\BACTERIALBLIGHT1_117.jpg,Bacterialblight,1363,18,1.0
Bacterialblight\BACTERIALBLIGHT1_118.jpg,Bacterialblight,946,4,1.0
Bacterialblight\BACTERIALBLIGHT1_119.jpg,Bacterialblight,947,6,1.0
Bacterialblight\BACTERIALBLIGHT1_120.jpg,Bacterialblight,948,4,1.0
Bacterialblight\BACTERIALBLIGHT1_121.jpg,Bacterialblight,949,6,1.0
Bacterialblight\BACTERIALBLIGHT1_122.jpg,Bacterialblight,950,4,1.0
Bacterialblight\BACTERIALBLIGHT1_123.jpg,Bacterialblight,1048,12,1.0
Bacterialblight\BACTERIALBLIGHT1_124.jpg,Bacterialblight,952,4,1.0
Bacterialblight\BACTERIALBLIGHT1_125.jpg,Bacterialblight,1371,16,0.9919
Bacterialblight\BACTERIALBLIGHT1_126.jpg,Bacterialblight,1481,24,1.0
Bacterialblight\BACTERIALBLIGHT1_127.jpg,Bacterialblight,954,6,1.0
Bacterialblight\BACTERIALBLIGHT1_128.jpg,Bacterialblight,957,4,1.0
Bacterialblight\BACTERIALBLIGHT1_129.jpg,Bacterialblight,920,4,0.9912
Bacterialblight\BACTERIALBLIGHT1_130.jpg,Bacterialblight,958,4,1.0
Bacterialblight\BACTERIALBLIGHT1_131.jpg,Bacterialblight,922,4,0.9885
Bacterialblight\BACTERIALBLIGHT1_132.JPG,Bacterialblight,1547,30,0.9951
Bacterialblight\BACTERIALBLIGHT1_133.JPG,Bacterialblight,924,4,0.9966
Bacterialblight\BACTERIALBLIGHT1_134.JPG,Bacterialblight,925,2,0.9934
Bacterialblight\BACTERIALBLIGHT1_135.JPG,Bacterialblight,926,4,0.9952
Bacterialblight\BACTERIALBLIGHT1_136.JPG,Bacterialblight,927,2,0.9929
Bacterialblight\BACTERIALBLIGHT1_137.JPG,Bacterialblight,928,5,0.9907
Bacterialblight\BACTERIALBLIGHT1_138.JPG,Bacterialblight,929,2,0.9942
Bacterialblight\BACTERIALBLIGHT1_139.JPG,Bacterialblight,930,4,0.9934
Bacterialblight\BACTERIALBLIGHT1_140.JPG,Bacterialblight,931,2,0.9747
Bacterialblight\BACTERIALBLIGHT1_141.JPG,Bacterialblight,932,2,0.9747
Bacterialblight\BACTERIALBLIGHT1_142.JPG,Bacterialblight,933,2,0.9915
Bacterialblight\BACTERIALBLIGHT1_143.JPG,Bacterialblight,934,4,0.9878
Bacterialblight\BACTERIALBLIGHT1_144.JPG,Bacterialblight,935,2,0.9908
Bacterialblight\BACTERIALBLIGHT1_145.JPG,Bacterialblight,936,2,0.9955
Bacterialblight\BACTERIALBLIGHT1_146.JPG,Bacterialblight,937,2,0.9929
Bacterialblight\BACTERIALBLIGHT1_147.jpg,Bacterialblight,938,2,0.9774
Bacterialblight\BACTERIALBLIGHT1_148.jpg,Bacterialblight,939,4,0.994
Bacterialblight\BACTERIALBLIGHT1_149.jpg,Bacterialblight,940,1,0.8775
Bacterialblight\BACTERIALBLIGHT1_150.jpg,Bacterialblight,941,2,0.9898
Bacterialblight\BACTERIALBLIGHT1_151.jpg,Bacterialblight,942,2,0.9935
Bacterialblight\BACTERIALBLIGHT1_152.jpg,Bacterialblight,943,6,1.0
Bacterialblight\BACTERIALBLIGHT1_153.jpg,Bacterialblight,944,4,1.0
Bacterialblight\BACTERIALBLIGHT1_154.jpg,Bacterialblight,1004,6,0.9976
Bacterialblight\BACTERIALBLIGHT1_155.jpg,Bacterialblight,946,4,1.0
Bacterialblight\BACTERIALBLIGHT1_156.jpg,Bacterialblight,947,6,1.0
Bacterialblight\BACTERIALBLIGHT1_157.jpg,Bacterialblight,948,4,1.0
Bacterialblight\BACTERIALBLIGHT1_158.jpg,Bacterialblight,949,6,1.0
Bacterialblight\BACTERIALBLIGHT1_159.jpg,Bacterialblight,950,4,1.0
Bacterialblight\BACTERIALBLIGHT1_160.jpg,Bacterialblight,1048,12,1.0
Bacterialblight\BACTERIALBLIGHT1_161.jpg,Bacterialblight,952,4,1.0
Bacterialblight\BACTERIALBLIGHT1_162.jpg,Bacterialblight,1481,24,1.0
Bacterialblight\BACTERIALBLIGHT1_163.jpg,Bacterialblight,954,6,1.0
Bacterialblight\BACTERIALBLIGHT1_164.jpg,Bacterialblight,955,2,0.9729
Bacterialblight\BACTERIALBLIGHT1_165.jpg,Bacterialblight,956,2,0.994
Bacterialblight\BACTERIALBLIGHT1_166.jpg,Bacterialblight,957,4,1.0
Bacterialblight\BACTERIALBLIGHT1_167.jpg,Bacterialblight,958,4,1.0
Bacterialblight\BACTERIALBLIGHT1_168.jpg,Bacterialblight,959,9,1.0
Bacterialblight\BACTERIALBLIGHT1_169.jpg,Bacterialblight,972,9,1.0
Bacterialblight\BACTERIALBLIGHT1_170.jpg,Bacterialblight,1409,30,1.0
Bacterialblight\BACTERIALBLIGHT1_171.jpg,Bacterialblight,974,8,1.0
Bacterialblight\BACTERIALBLIGHT1_172.jpg,Bacterialblight,963,2,1.0
Bacterialblight\BACTERIALBLIGHT1_173.jpg,Bacterialblight,1019,10,1.0
Bacterialblight\BACTERIALBLIGHT1_174.jpg,Bacterialblight,965,2,1.0
Bacterialblight\BACTERIALBLIGHT1_175.jpg,Bacterialblight,1339,32,1.0
Bacterialblight\BACTERIALBLIGHT1_176.jpg,Bacterialblight,967,2,1.0
Bacterialblight\BACTERIALBLIGHT1_177.JPG,Bacterialblight,968,8,0.9916
Bacterialblight\BACTERIALBLIGHT1_178.jpg,Bacterialblight,969,2,1.0
Bacterialblight\BACTERIALBLIGHT1_179.JPG,Bacterialblight,970,4,0.9939
Bacterialblight\BACTERIALBLIGHT1_180.jpg,Bacterialblight,1409,30,1.0
Bacterialblight\BACTERIALBLIGHT1_181.jpg,Bacterialblight,972,9,1.0
Bacterialblight\BACTERIALBLIGHT1_182.jpg,Bacterialblight,1409,30,1.0
Bacterialblight\BACTERIALBLIGHT1_183.jpg,Bacterialblight,974,8,1.0
Bacterialblight\BACTERIALBLIGHT1_184.jpg,Bacterialblight,1409,30,1.0
Bacterialblight\BACTERIALBLIGHT1_185.jpg,Bacterialblight,1547,30,0.9988
Bacterialblight\BACTERIALBLIGHT1_186.jpg,Bacterialblight,1409,30,1.0
Bacterialblight\BACTERIALBLIGHT1_187.jpg,Bacterialblight,1339,32,1.0
Bacterialblight\BACTERIALBLIGHT1_188.jpg,Bacterialblight,979,2,1.0
Bacterialblight\BACTERIALBLIGHT1_189.jpg,Bacterialblight,980,4,0.9827
Bacterialblight\BACTERIALBLIGHT1_190.jpg,Bacterialblight,997,4,1.0
Bacterialblight\BACTERIALBLIGHT1_191.jpg,Bacterialblight,886,8,0.9944
Bacterialblight\BACTERIALBLIGHT1_192.jpg,Bacterialblight,983,2,1.0
Bacterialblight\BACTERIALBLIGHT1_193.jpg,Bacterialblight,984,3,0.9619
Bacterialblight\BACTERIALBLIGHT1_194.jpg,Bacterialblight,889,4,1.0
Bacterialblight\BACTERIALBLIGHT1_195.jpg,Bacterialblight,890,8,0.9854
Bacterialblight\BACTERIALBLIGHT1_196.jpg,Bacterialblight,987,2,1.0
Bacterialblight\BACTERIALBLIGHT1_197.jpg,Bacterialblight,819,4,0.9805
Bacterialblight\BACTERIALBLIGHT1_198.jpg,Bacterialblight,989,2,0.9849
Bacterialblight\BACTERIALBLIGHT1_199.jpg,Bacterialblight,990,4,0.9369
Bacterialblight\BACTERIALBLIGHT1_200.jpg,Bacterialblight,991,2,0.9772
Bacterialblight\BACTERIALBLIGHT1_201.jpg,Bacterialblight,992,4,0.981
Bacterialblight\BACTERIALBLIGHT1_202.jpg,Bacterialblight,993,2,1.0
Bacterialblight\BACTERIALBLIGHT1_203.JPG,Bacterialblight,994,4,0.9921
Bacterialblight\BACTERIALBLIGHT1_204.JPG,Bacterialblight,995,2,0.9643
Bacterialblight\BACTERIALBLIGHT1_205.JPG,Bacterialblight,36,4,0.9863
Bacterialblight\BACTERIALBLIGHT1_206.JPG,Bacterialblight,997,4,0.9928
Bacterialblight\BACTERIALBLIGHT1_207.jpg,Bacterialblight,1358,24,0.9918
Bacterialblight\BACTERIALBLIGHT1_208.jpg,Bacterialblight,999,2,0.9885
Bacterialblight\BACTERIALBLIGHT1_209.jpg,Bacterialblight,831,4,0.9951
Bacterialblight\BACTERIALBLIGHT1_210.jpg,Bacterialblight,905,4,0.9829
Bacterialblight\BACTERIALBLIGHT1_211.jpg,Bacterialblight,1040,6,1.0
Bacterialblight\BACTERIALBLIGHT1_212.jpg,Bacterialblight,1041,4,1.0
Bacterialblight\BACTERIALBLIGHT1_213.jpg,Bacterialblight,1004,6,0.9976
Bacterialblight\BACTERIALBLIGHT1_214.jpg,Bacterialblight,1043,4,1.0
Bacterialblight\BACTERIALBLIGHT1_215.jpg,Bacterialblight,1044,6,1.0
Bacterialblight\BACTERIALBLIGHT1_216.jpg,Bacterialblight,1045,4,1.0
Bacterialblight\BACTERIALBLIGHT1_217.jpg,Bacterialblight,1046,6,1.0
Bacterialblight\BACTERIALBLIGHT1_218.jpg,Bacterialblight,1047,4,1.0
Bacterialblight\BACTERIALBLIGHT1_219.jpg,Bacterialblight,1048,12,0.9938
Bacterialblight\BACTERIALBLIGHT1_220.jpg,Bacterialblight,1049,4,1.0
Bacterialblight\BACTERIALBLIGHT1_221.jpg,Bacterialblight,1371,16,0.9951
Bacterialblight\BACTERIALBLIGHT1_222.jpg,Bacterialblight,1481,24,1.0
Bacterialblight\BACTERIALBLIGHT1_223.jpg,Bacterialblight,1053,8,1.0
Bacterialblight\BACTERIALBLIGHT1_224.jpg,Bacterialblight,1054,4,1.0
Bacterialblight\BACTERIALBLIGHT1_225.jpg,Bacterialblight,1016,4,0.9832
Bacterialblight\BACTERIALBLIGHT1_226.jpg,Bacterialblight,1055,4,1.0
Bacterialblight\BACTERIALBLIGHT1_227.jpg,Bacterialblight,1018,4,0.9864
Bacterialblight\BACTERIALBLIGHT1_228.JPG,Bacterialblight,1019,10,0.9954
Bacterialblight\BACTERIALBLIGHT1_229.JPG,Bacterialblight,1020,4,0.9948
Bacterialblight\BACTERIALBLIGHT1_230.JPG,Bacterialblight,1021,2,0.9917
Bacterialblight\BACTERIALBLIGHT1_231.JPG,Bacterialblight,1022,4,0.9897
Bacterialblight\BACTERIALBLIGHT1_232.JPG,Bacterialblight,1023,2,0.9843
Bacterialblight\BACTERIALBLIGHT1_233.JPG,Bacterialblight,1024,5,0.9908
Bacterialblight\BACTERIALBLIGHT1_234.JPG,Bacterialblight,1025,2,0.9953
Bacterialblight\BACTERIALBLIGHT1_235.JPG,Bacterialblight,1026,4,0.9905
Bacterialblight\BACTERIALBLIGHT1_236.JPG,Bacterialblight,1027,2,0.9874
Bacterialblight\BACTERIALBLIGHT1_237.JPG,Bacterialblight,1028,1,0.9352
Bacterialblight\BACTERIALBLIGHT1_238.JPG,Bacterialblight,1029,2,0.9908
Bacterialblight\BACTERIALBLIGHT1_239.JPG,Bacterialblight,1030,2,0.996
Bacterialblight\BACTERIALBLIGHT1_240.JPG,Bacterialblight,1031,4,0.9886
Bacterialblight\BACTERIALBLIGHT1_241.JPG,Bacterialblight,1032,2,0.9899
Bacterialblight\BACTERIALBLIGHT1_242.JPG,Bacterialblight,1464,10,0.9901
Bacterialblight\BACTERIALBLIGHT1_243.JPG,Bacterialblight,1034,2,0.9944
Bacterialblight\BACTERIALBLIGHT1_244.jpg,Bacterialblight,1035,2,0.9855
Bacterialblight\BACTERIALBLIGHT1_245.jpg,Bacterialblight,939,4,0.9923
Bacterialblight\BACTERIALBLIGHT1_246.jpg,Bacterialblight,1037,2,0.9644
Bacterialblight\BACTERIALBLIGHT1_247.jpg,Bacterialblight,1038,2,0.9849
Bacterialblight\BACTERIALBLIGHT1_248.jpg,Bacterialblight,1039,2,0.9932
Bacterialblight\BACTERIALBLIGHT1_249.jpg,Bacterialblight,1040,6,1.0
Bacterialblight\BACTERIALBLIGHT1_250.jpg,Bacterialblight,1041,4,1.0
Bacterialblight\BACTERIALBLIGHT1_251.jpg,Bacterialblight,1363,18,1.0
Bacterialblight\BACTERIALBLIGHT1_252.jpg,Bacterialblight,1043,4,1.0
Bacterialblight\BACTERIALBLIGHT1_253.jpg,Bacterialblight,1044,6,1.0
Bacterialblight\BACTERIALBLIGHT1_254.jpg,Bacterialblight,1045,4,1.0
Bacterialblight\BACTERIALBLIGHT1_255.jpg,Bacterialblight,1046,6,1.0
Bacterialblight\BACTERIALBLIGHT1_256.jpg,Bacterialblight,1047,4,1.0
Bacterialblight\BACTERIALBLIGHT1_257.jpg,Bacterialblight,1048,12,0.9938
Bacterialblight\BACTERIALBLIGHT1_258.jpg,Bacterialblight,1049,4,1.0
Bacterialblight\BACTERIALBLIGHT1_259.jpg,Bacterialblight,1481,24,1.0
Bacterialblight\BACTERIALBLIGHT1_260.jpg,Bacterialblight,1053,8,1.0
Bacterialblight\BACTERIALBLIGHT1_261.jpg,Bacterialblight,1052,2,0.9907
Bacterialblight\BACTERIALBLIGHT1_262.jpg,Bacterialblight,1053,8,0.9934
Bacterialblight\BACTERIALBLIGHT1_263.jpg,Bacterialblight,1054,4,1.0
Bacterialblight\BACTERIALBLIGHT1_264.jpg,Bacterialblight,1055,4,1.0
Bacterialblight\BACTERIALBLIGHT2_001.jpg,Bacterialblight,1335,16,1.0
Bacterialblight\BACTERIALBLIGHT2_002.jpg,Bacterialblight,1334,16,1.0
Bacterialblight\BACTERIALBLIGHT2_003.jpg,Bacterialblight,1547,30,0.997
Bacterialblight\BACTERIALBLIGHT2_004.jpg,Bacterialblight,1451,20,0.9964
Bacterialblight\BACTERIALBLIGHT2_005.jpg,Bacterialblight,1339,32,1.0
Bacterialblight\BACTERIALBLIGHT2_006.jpg,Bacterialblight,1338,16,1.0
Bacterialblight\BACTERIALBLIGHT2_007.jpg,Bacterialblight,1327,8,0.9949
Bacterialblight\BACTERIALBLIGHT2_008.jpg,Bacterialblight,1326,8,0.9954
Bacterialblight\BACTERIALBLIGHT2_009.jpg,Bacterialblight,1329,8,0.9973
Bacterialblight\BACTERIALBLIGHT2_010.jpg,Bacterialblight,1328,8,0.9966
Bacterialblight\BACTERIALBLIGHT2_011.jpg,Bacterialblight,1333,18,1.0
Bacterialblight\BACTERIALBLIGHT2_012.jpg,Bacterialblight,1332,18,1.0
Bacterialblight\BACTERIALBLIGHT2_013.jpg,Bacterialblight,1333,18,1.0
Bacterialblight\BACTERIALBLIGHT2_014.jpg,Bacterialblight,1332,18,1.0
Bacterialblight\BACTERIALBLIGHT2_015.jpg,Bacterialblight,1335,16,1.0
Bacterialblight\BACTERIALBLIGHT2_016.jpg,Bacterialblight,1334,16,1.0
Bacterialblight\BACTERIALBLIGHT2_017.jpg,Bacterialblight,1451,20,0.9971
Bacterialblight\BACTERIALBLIGHT2_018.jpg,Bacterialblight,1547,30,0.9975
Bacterialblight\BACTERIALBLIGHT2_019.jpg,Bacterialblight,1339,32,1.0
Bacterialblight\BACTERIALBLIGHT2_020.jpg,Bacterialblight,1338,16,1.0
Bacterialblight\BACTERIALBLIGHT2_021.jpg,Bacterialblight,1341,8,0.9972
Bacterialblight\BACTERIALBLIGHT2_022.jpg,Bacterialblight,1340,8,0.9972
Bacterialblight\BACTERIALBLIGHT2_023.jpg,Bacterialblight,1343,16,0.9955
Bacterialblight\BACTERIALBLIGHT2_024.jpg,Bacterialblight,1343,16,0.9891
Bacterialblight\BACTERIALBLIGHT2_025.jpg,Bacterialblight,1512,6,0.9904
Bacterialblight\BACTERIALBLIGHT2_026.jpg,Bacterialblight,1346,8,0.9951
Bacterialblight\BACTERIALBLIGHT2_027.jpg,Bacterialblight,1345,8,0.9943
Bacterialblight\BACTERIALBLIGHT2_028.jpg,Bacterialblight,1083,4,0.9884
Bacterialblight\BACTERIALBLIGHT2_029.jpg,Bacterialblight,1516,4,0.9934
Bacterialblight\BACTERIALBLIGHT2_030.jpg,Bacterialblight,1350,8,0.9901
Bacterialblight\BACTERIALBLIGHT2_031.jpg,Bacterialblight,1349,8,0.993
Bacterialblight\BACTERIALBLIGHT2_032.jpg,Bacterialblight,1352,8,0.9788
Bacterialblight\BACTERIALBLIGHT2_033.jpg,Bacterialblight,1351,8,0.9931
Bacterialblight\BACTERIALBLIGHT2_034.jpg,Bacterialblight,1354,8,0.9953
Bacterialblight\BACTERIALBLIGHT2_035.jpg,Bacterialblight,1353,8,0.9953
Bacterialblight\BACTERIALBLIGHT2_036.jpg,Bacterialblight,1356,8,0.9964
Bacterialblight\BACTERIALBLIGHT2_037.jpg,Bacterialblight,1428,8,0.996
Bacterialblight\BACTERIALBLIGHT2_038.jpg,Bacterialblight,1358,24,0.9973
Bacterialblight\BACTERIALBLIGHT2_039.jpg,Bacterialblight,1358,24,0.9969
Bacterialblight\BACTERIALBLIGHT2_040.jpg,Bacterialblight,1528,8,0.9986
Bacterialblight\BACTERIALBLIGHT2_041.jpg,Bacterialblight,1528,8,0.9978
Bacterialblight\BACTERIALBLIGHT2_042.jpg,Bacterialblight,1362,12,0.9949
Bacterialblight\BACTERIALBLIGHT2_043.jpg,Bacterialblight,1361,12,0.9977
Bacterialblight\BACTERIALBLIGHT2_044.jpg,Bacterialblight,1364,12,0.9934
Bacterialblight\BACTERIALBLIGHT2_045.jpg,Bacterialblight,1363,18,0.9905
Bacterialblight\BACTERIALBLIGHT2_046.jpg,Bacterialblight,1366,12,0.9964
Bacterialblight\BACTERIALBLIGHT2_047.jpg,Bacterialblight,1365,12,0.9969
Bacterialblight\BACTERIALBLIGHT2_048.jpg,Bacterialblight,1368,12,0.9905
Bacterialblight\BACTERIALBLIGHT2_049.jpg,Bacterialblight,1367,12,0.9928
Bacterialblight\BACTERIALBLIGHT2_050.jpg,Bacterialblight,1370,24,0.9968
Bacterialblight\BACTERIALBLIGHT2_051.jpg,Bacterialblight,1370,24,0.9973
Bacterialblight\BACTERIALBLIGHT2_052.jpg,Bacterialblight,1372,8,0.9976
Bacterialblight\BACTERIALBLIGHT2_053.jpg,Bacterialblight,1371,16,0.9955
Bacterialblight\BACTERIALBLIGHT2_054.jpg,Bacterialblight,1374,12,0.9962
Bacterialblight\BACTERIALBLIGHT2_055.jpg,Bacterialblight,1373,12,0.9968
Bacterialblight\BACTERIALBLIGHT2_056.jpg,Bacterialblight,1376,8,0.9959
Bacterialblight\BACTERIALBLIGHT2_057.jpg,Bacterialblight,1375,8,0.9955
Bacterialblight\BACTERIALBLIGHT2_058.jpg,Bacterialblight,1378,8,0.9956
Bacterialblight\BACTERIALBLIGHT2_059.jpg,Bacterialblight,1377,8,0.9959
Bacterialblight\BACTERIALBLIGHT2_060.jpg,Bacterialblight,1380,8,0.9983
Bacterialblight\BACTERIALBLIGHT2_061.jpg,Bacterialblight,1379,8,0.9982
Bacterialblight\BACTERIALBLIGHT2_062.jpg,Bacterialblight,1382,8,0.993
Bacterialblight\BACTERIALBLIGHT2_063.jpg,Bacterialblight,1381,8,0.9961
Bacterialblight\BACTERIALBLIGHT2_064.jpg,Bacterialblight,1384,10,1.0
Bacterialblight\BACTERIALBLIGHT2_065.jpg,Bacterialblight,1385,10,0.9958
Bacterialblight\BACTERIALBLIGHT2_066.jpg,Bacterialblight,1384,10,1.0
Bacterialblight\BACTERIALBLIGHT2_067.jpg,Bacterialblight,1387,8,0.9962
Bacterialblight\BACTERIALBLIGHT2_068.jpg,Bacterialblight,1386,8,0.9969
Bacterialblight\BACTERIALBLIGHT2_069.jpg,Bacterialblight,1389,4,0.995
Bacterialblight\BACTERIALBLIGHT2_070.jpg,Bacterialblight,1388,8,0.9913
Bacterialblight\BACTERIALBLIGHT2_071.jpg,Bacterialblight,1391,8,0.9946
Bacterialblight\BACTERIALBLIGHT2_072.jpg,Bacterialblight,1390,8,0.9966
Bacterialblight\BACTERIALBLIGHT2_073.jpg,Bacterialblight,1335,16,1.0
Bacterialblight\BACTERIALBLIGHT2_074.jpg,Bacterialblight,1505,20,1.0
Bacterialblight\BACTERIALBLIGHT2_075.jpg,Bacterialblight,1547,30,0.998
Bacterialblight\BACTERIALBLIGHT2_076.jpg,Bacterialblight,1491,4,1.0
Bacterialblight\BACTERIALBLIGHT2_077.jpg,Bacterialblight,1339,32,1.0
Bacterialblight\BACTERIALBLIGHT2_078.jpg,Bacterialblight,1493,4,1.0
Bacterialblight\BACTERIALBLIGHT2_079.JPG,Bacterialblight,1327,8,0.9955
Bacterialblight\BACTERIALBLIGHT2_080.jpg,Bacterialblight,1495,4,1.0
Bacterialblight\BACTERIALBLIGHT2_081.JPG,Bacterialblight,1329,8,0.9954
Bacterialblight\BACTERIALBLIGHT2_082.jpg,Bacterialblight,1401,8,1.0
Bacterialblight\BACTERIALBLIGHT2_083.jpg,Bacterialblight,1333,18,1.0
Bacterialblight\BACTERIALBLIGHT2_084.jpg,Bacterialblight,1505,20,1.0
Bacterialblight\BACTERIALBLIGHT2_085.jpg,Bacterialblight,1333,18,1.0
Bacterialblight\BACTERIALBLIGHT2_086.jpg,Bacterialblight,1505,20,1.0
Bacterialblight\BACTERIALBLIGHT2_087.jpg,Bacterialblight,1335,16,1.0
Bacterialblight\BACTERIALBLIGHT2_088.jpg,Bacterialblight,1505,20,1.0
Bacterialblight\BACTERIALBLIGHT2_089.jpg,Bacterialblight,1451,20,1.0
Bacterialblight\BACTERIALBLIGHT2_090.jpg,Bacterialblight,1505,20,1.0
Bacterialblight\BACTERIALBLIGHT2_091.jpg,Bacterialblight,1339,32,1.0
Bacterialblight\BACTERIALBLIGHT2_092.jpg,Bacterialblight,1507,4,1.0
Bacterialblight\BACTERIALBLIGHT2_093.jpg,Bacterialblight,1341,8,0.9974
Bacterialblight\BACTERIALBLIGHT2_094.jpg,Bacterialblight,1525,8,1.0
Bacterialblight\BACTERIALBLIGHT2_095.jpg,Bacterialblight,1343,16,0.9952
Bacterialblight\BACTERIALBLIGHT2_096.jpg,Bacterialblight,1511,4,1.0
Bacterialblight\BACTERIALBLIGHT2_097.jpg,Bacterialblight,1512,6,0.9809
Bacterialblight\BACTERIALBLIGHT2_098.jpg,Bacterialblight,1513,4,1.0
Bacterialblight\BACTERIALBLIGHT2_099.jpg,Bacterialblight,1346,8,0.9915
Bacterialblight\BACTERIALBLIGHT2_100.jpg,Bacterialblight,1515,4,1.0
Bacterialblight\BACTERIALBLIGHT2_101.jpg,Bacterialblight,1516,4,0.9928
Bacterialblight\BACTERIALBLIGHT2_102.jpg,Bacterialblight,1517,4,0.9873
Bacterialblight\BACTERIALBLIGHT2_103.jpg,Bacterialblight,1350,8,0.9925
Bacterialblight\BACTERIALBLIGHT2_104.jpg,Bacterialblight,1519,8,0.9805
Bacterialblight\BACTERIALBLIGHT2_105.jpg,Bacterialblight,1352,8,0.9919
Bacterialblight\BACTERIALBLIGHT2_106.jpg,Bacterialblight,1257,4,1.0
Bacterialblight\BACTERIALBLIGHT2_107.JPG,Bacterialblight,1354,8,0.994
Bacterialblight\BACTERIALBLIGHT2_108.JPG,Bacterialblight,1523,4,0.9826
Bacterialblight\BACTERIALBLIGHT2_109.JPG,Bacterialblight,1356,8,0.9939
Bacterialblight\BACTERIALBLIGHT2_110.JPG,Bacterialblight,1525,8,0.9919
Bacterialblight\BACTERIALBLIGHT2_111.jpg,Bacterialblight,1358,24,0.9946
Bacterialblight\BACTERIALBLIGHT2_112.jpg,Bacterialblight,1527,6,0.9909
Bacterialblight\BACTERIALBLIGHT2_113.jpg,Bacterialblight,1528,8,0.9971
Bacterialblight\BACTERIALBLIGHT2_114.jpg,Bacterialblight,1529,4,0.9845
Bacterialblight\BACTERIALBLIGHT2_115.jpg,Bacterialblight,1362,12,1.0
Bacterialblight\BACTERIALBLIGHT2_116.jpg,Bacterialblight,1569,8,1.0
Bacterialblight\BACTERIALBLIGHT2_117.jpg,Bacterialblight,1364,12,1.0
Bacterialblight\BACTERIALBLIGHT2_118.jpg,Bacterialblight,1571,8,1.0
Bacterialblight\BACTERIALBLIGHT2_119.jpg,Bacterialblight,1366,12,1.0
Bacterialblight\BACTERIALBLIGHT2_120.jpg,Bacterialblight,1573,8,1.0
Bacterialblight\BACTERIALBLIGHT2_121.jpg,Bacterialblight,1368,12,1.0
Bacterialblight\BACTERIALBLIGHT2_122.jpg,Bacterialblight,1575,8,1.0
Bacterialblight\BACTERIALBLIGHT2_123.jpg,Bacterialblight,1370,24,1.0
Bacterialblight\BACTERIALBLIGHT2_124.jpg,Bacterialblight,1577,8,1.0
Bacterialblight\BACTERIALBLIGHT2_125.jpg,Bacterialblight,1372,8,0.9961
Bacterialblight\BACTERIALBLIGHT2_126.jpg,Bacterialblight,1481,24,1.0
Bacterialblight\BACTERIALBLIGHT2_127.jpg,Bacterialblight,1374,12,1.0
Bacterialblight\BACTERIALBLIGHT2_128.jpg,Bacterialblight,1582,8,1.0
Bacterialblight\BACTERIALBLIGHT2_129.jpg,Bacterialblight,1376,8,0.9959
Bacterialblight\BACTERIALBLIGHT2_130.jpg,Bacterialblight,1583,8,1.0
Bacterialblight\BACTERIALBLIGHT2_131.jpg,Bacterialblight,1378,8,0.9919
Bacterialblight\BACTERIALBLIGHT2_132.JPG,Bacterialblight,1547,30,0.9968
Bacterialblight\BACTERIALBLIGHT2_133.JPG,Bacterialblight,1380,8,0.9979
Bacterialblight\BACTERIALBLIGHT2_134.JPG,Bacterialblight,1549,4,0.9913
Bacterialblight\BACTERIALBLIGHT2_135.JPG,Bacterialblight,1382,8,0.9935
Bacterialblight\BACTERIALBLIGHT2_136.JPG,Bacterialblight,1551,4,0.9917
Bacterialblight\BACTERIALBLIGHT2_137.JPG,Bacterialblight,1384,10,0.9927
Bacterialblight\BACTERIALBLIGHT2_138.JPG,Bacterialblight,1457,8,0.9941
Bacterialblight\BACTERIALBLIGHT2_139.JPG,Bacterialblight,1387,8,0.9944
Bacterialblight\BACTERIALBLIGHT2_140.JPG,Bacterialblight,1555,4,0.9869
Bacterialblight\BACTERIALBLIGHT2_141.JPG,Bacterialblight,1557,4,0.9867
Bacterialblight\BACTERIALBLIGHT2_142.JPG,Bacterialblight,1461,8,0.9929
Bacterialblight\BACTERIALBLIGHT2_143.JPG,Bacterialblight,1391,8,0.9931
Bacterialblight\BACTERIALBLIGHT2_144.JPG,Bacterialblight,1560,4,0.9838
Bacterialblight\BACTERIALBLIGHT2_145.JPG,Bacterialblight,1464,10,0.9963
Bacterialblight\BACTERIALBLIGHT2_146.JPG,Bacterialblight,1562,4,0.9967
Bacterialblight\BACTERIALBLIGHT2_147.jpg,Bacterialblight,1563,4,0.985
Bacterialblight\BACTERIALBLIGHT2_148.jpg,Bacterialblight,1564,4,0.9872
Bacterialblight\BACTERIALBLIGHT2_149.jpg,Bacterialblight,1204,2,0.9728
Bacterialblight\BACTERIALBLIGHT2_150.jpg,Bacterialblight,1566,4,0.9919
Bacterialblight\BACTERIALBLIGHT2_151.jpg,Bacterialblight,1567,4,0.994
Bacterialblight\BACTERIALBLIGHT2_152.jpg,Bacterialblight,1362,12,1.0
Bacterialblight\BACTERIALBLIGHT2_153.jpg,Bacterialblight,1569,8,1.0
Bacterialblight\BACTERIALBLIGHT2_154.jpg,Bacterialblight,1363,18,0.9926
Bacterialblight\BACTERIALBLIGHT2_155.jpg,Bacterialblight,1571,8,1.0
Bacterialblight\BACTERIALBLIGHT2_156.jpg,Bacterialblight,1366,12,1.0
Bacterialblight\BACTERIALBLIGHT2_157.jpg,Bacterialblight,1573,8,1.0
Bacterialblight\BACTERIALBLIGHT2_158.jpg,Bacterialblight,1368,12,1.0
Bacterialblight\BACTERIALBLIGHT2_159.jpg,Bacterialblight,1575,8,1.0
Bacterialblight\BACTERIALBLIGHT2_160.jpg,Bacterialblight,1370,24,1.0
Bacterialblight\BACTERIALBLIGHT2_161.jpg,Bacterialblight,1577,8,1.0
Bacterialblight\BACTERIALBLIGHT2_162.jpg,Bacterialblight,1481,24,1.0
Bacterialblight\BACTERIALBLIGHT2_163.jpg,Bacterialblight,1374,12,1.0
Bacterialblight\BACTERIALBLIGHT2_164.jpg,Bacterialblight,1580,4,0.9901
Bacterialblight\BACTERIALBLIGHT2_165.jpg,Bacterialblight,1581,4,0.9949
Bacterialblight\BACTERIALBLIGHT2_166.jpg,Bacterialblight,1582,8,1.0
Bacterialblight\BACTERIALBLIGHT2_167.jpg,Bacterialblight,1583,8,1.0
Bacterialblight\BACTERIALBLIGHT2_168.jpg,Bacterialblight,1333,18,1.0
Bacterialblight\BACTERIALBLIGHT2_169.jpg,Bacterialblight,1332,18,1.0
Bacterialblight\BACTERIALBLIGHT2_170.jpg,Bacterialblight,1409,30,1.0
Bacterialblight\BACTERIALBLIGHT2_171.jpg,Bacterialblight,1334,16,1.0
Bacterialblight\BACTERIALBLIGHT2_172.jpg,Bacterialblight,1395,4,1.0
Bacterialblight\BACTERIALBLIGHT2_173.jpg,Bacterialblight,1451,20,1.0
Bacterialblight\BACTERIALBLIGHT2_174.jpg,Bacterialblight,1397,4,1.0
Bacterialblight\BACTERIALBLIGHT2_175.jpg,Bacterialblight,1338,16,1.0
Bacterialblight\BACTERIALBLIGHT2_176.jpg,Bacterialblight,1399,4,1.0
Bacterialblight\BACTERIALBLIGHT2_177.JPG,Bacterialblight,1326,8,0.9932
Bacterialblight\BACTERIALBLIGHT2_178.jpg,Bacterialblight,1401,8,1.0
Bacterialblight\BACTERIALBLIGHT2_179.JPG,Bacterialblight,1328,8,0.995
Bacterialblight\BACTERIALBLIGHT2_180.jpg,Bacterialblight,1409,30,1.0
Bacterialblight\BACTERIALBLIGHT2_181.jpg,Bacterialblight,1332,18,1.0
Bacterialblight\BACTERIALBLIGHT2_182.jpg,Bacterialblight,1409,30,1.0
Bacterialblight\BACTERIALBLIGHT2_183.jpg,Bacterialblight,1334,16,1.0
Bacterialblight\BACTERIALBLIGHT2_184.jpg,Bacterialblight,1409,30,1.0
Bacterialblight\BACTERIALBLIGHT2_185.jpg,Bacterialblight,1547,30,0.998
Bacterialblight\BACTERIALBLIGHT2_186.jpg,Bacterialblight,1409,30,1.0
Bacterialblight\BACTERIALBLIGHT2_187.jpg,Bacterialblight,1338,16,1.0
Bacterialblight\BACTERIALBLIGHT2_188.jpg,Bacterialblight,1411,4,0.9999
Bacterialblight\BACTERIALBLIGHT2_189.jpg,Bacterialblight,1340,8,0.9828
Bacterialblight\BACTERIALBLIGHT2_190.jpg,Bacterialblight,1413,4,1.0
Bacterialblight\BACTERIALBLIGHT2_191.jpg,Bacterialblight,1343,16,0.9956
Bacterialblight\BACTERIALBLIGHT2_192.jpg,Bacterialblight,1415,4,1.0
Bacterialblight\BACTERIALBLIGHT2_193.jpg,Bacterialblight,1344,6,0.9859
Bacterialblight\BACTERIALBLIGHT2_194.jpg,Bacterialblight,1417,4,1.0
Bacterialblight\BACTERIALBLIGHT2_195.jpg,Bacterialblight,1345,8,0.9911
Bacterialblight\BACTERIALBLIGHT2_196.jpg,Bacterialblight,1419,4,1.0
Bacterialblight\BACTERIALBLIGHT2_197.jpg,Bacterialblight,1347,8,0.9926
Bacterialblight\BACTERIALBLIGHT2_198.jpg,Bacterialblight,1421,4,0.9879
Bacterialblight\BACTERIALBLIGHT2_199.jpg,Bacterialblight,1349,8,0.9905
Bacterialblight\BACTERIALBLIGHT2_200.jpg,Bacterialblight,1519,8,0.9892
Bacterialblight\BACTERIALBLIGHT2_201.jpg,Bacterialblight,1351,8,0.9885
Bacterialblight\BACTERIALBLIGHT2_202.jpg,Bacterialblight,1257,4,1.0
Bacterialblight\BACTERIALBLIGHT2_203.JPG,Bacterialblight,1353,8,0.9926
Bacterialblight\BACTERIALBLIGHT2_204.JPG,Bacterialblight,1427,4,0.9867
Bacterialblight\BACTERIALBLIGHT2_205.JPG,Bacterialblight,1428,8,0.9925
Bacterialblight\BACTERIALBLIGHT2_206.JPG,Bacterialblight,1429,4,0.9933
Bacterialblight\BACTERIALBLIGHT2_207.jpg,Bacterialblight,1358,24,0.9962
Bacterialblight\BACTERIALBLIGHT2_208.jpg,Bacterialblight,1431,4,0.9891
Bacterialblight\BACTERIALBLIGHT2_209.jpg,Bacterialblight,1359,8,0.9947
Bacterialblight\BACTERIALBLIGHT2_210.jpg,Bacterialblight,1433,4,0.9911
Bacterialblight\BACTERIALBLIGHT2_211.jpg,Bacterialblight,1361,12,1.0
Bacterialblight\BACTERIALBLIGHT2_212.jpg,Bacterialblight,1472,8,1.0
Bacterialblight\BACTERIALBLIGHT2_213.jpg,Bacterialblight,1363,18,0.9748
Bacterialblight\BACTERIALBLIGHT2_214.jpg,Bacterialblight,1474,8,1.0
Bacterialblight\BACTERIALBLIGHT2_215.jpg,Bacterialblight,1365,12,1.0
Bacterialblight\BACTERIALBLIGHT2_216.jpg,Bacterialblight,1476,8,1.0
Bacterialblight\BACTERIALBLIGHT2_217.jpg,Bacterialblight,1367,12,1.0
Bacterialblight\BACTERIALBLIGHT2_218.jpg,Bacterialblight,1478,8,1.0
Bacterialblight\BACTERIALBLIGHT2_219.jpg,Bacterialblight,1370,24,0.9971
Bacterialblight\BACTERIALBLIGHT2_220.jpg,Bacterialblight,1480,8,1.0
Bacterialblight\BACTERIALBLIGHT2_221.jpg,Bacterialblight,1371,16,0.9954
Bacterialblight\BACTERIALBLIGHT2_222.jpg,Bacterialblight,1481,24,1.0
Bacterialblight\BACTERIALBLIGHT2_223.jpg,Bacterialblight,1373,12,1.0
Bacterialblight\BACTERIALBLIGHT2_224.jpg,Bacterialblight,1485,8,1.0
Bacterialblight\BACTERIALBLIGHT2_225.jpg,Bacterialblight,1375,8,0.9959
Bacterialblight\BACTERIALBLIGHT2_226.jpg,Bacterialblight,1486,8,1.0
Bacterialblight\BACTERIALBLIGHT2_227.jpg,Bacterialblight,1377,8,0.9915
Bacterialblight\BACTERIALBLIGHT2_228.JPG,Bacterialblight,1451,20,0.992
Bacterialblight\BACTERIALBLIGHT2_229.JPG,Bacterialblight,1379,8,0.9968
Bacterialblight\BACTERIALBLIGHT2_230.JPG,Bacterialblight,1453,4,0.9885
Bacterialblight\BACTERIALBLIGHT2_231.JPG,Bacterialblight,1381,8,0.9965
Bacterialblight\BACTERIALBLIGHT2_232.JPG,Bacterialblight,1455,4,0.9897
Bacterialblight\BACTERIALBLIGHT2_233.JPG,Bacterialblight,1385,10,0.9947
Bacterialblight\BACTERIALBLIGHT2_234.JPG,Bacterialblight,1457,8,0.9963
Bacterialblight\BACTERIALBLIGHT2_235.JPG,Bacterialblight,1386,8,0.9953
Bacterialblight\BACTERIALBLIGHT2_236.JPG,Bacterialblight,1459,4,0.988
Bacterialblight\BACTERIALBLIGHT2_237.JPG,Bacterialblight,1292,2,0.9578
Bacterialblight\BACTERIALBLIGHT2_238.JPG,Bacterialblight,1388,8,0.9876
Bacterialblight\BACTERIALBLIGHT2_239.JPG,Bacterialblight,1461,8,0.9934
Bacterialblight\BACTERIALBLIGHT2_240.JPG,Bacterialblight,1390,8,0.9893
Bacterialblight\BACTERIALBLIGHT2_241.JPG,Bacterialblight,1463,4,0.9948
Bacterialblight\BACTERIALBLIGHT2_242.JPG,Bacterialblight,1464,10,0.9952
Bacterialblight\BACTERIALBLIGHT2_243.JPG,Bacterialblight,1465,4,0.9939
Bacterialblight\BACTERIALBLIGHT2_244.jpg,Bacterialblight,1466,4,0.9656
Bacterialblight\BACTERIALBLIGHT2_245.jpg,Bacterialblight,1467,4,0.9946
Bacterialblight\BACTERIALBLIGHT2_246.jpg,Bacterialblight,1301,2,0.9894
Bacterialblight\BACTERIALBLIGHT2_247.jpg,Bacterialblight,1469,4,0.9769
Bacterialblight\BACTERIALBLIGHT2_248.jpg,Bacterialblight,1470,4,0.9951
Bacterialblight\BACTERIALBLIGHT2_249.jpg,Bacterialblight,1361,12,1.0
Bacterialblight\BACTERIALBLIGHT2_250.jpg,Bacterialblight,1472,8,1.0
Bacterialblight\BACTERIALBLIGHT2_251.jpg,Bacterialblight,1364,12,1.0
Bacterialblight\BACTERIALBLIGHT2_252.jpg,Bacterialblight,1474,8,1.0
Bacterialblight\BACTERIALBLIGHT2_253.jpg,Bacterialblight,1365,12,1.0
Bacterialblight\BACTERIALBLIGHT2_254.jpg,Bacterialblight,1476,8,1.0
Bacterialblight\BACTERIALBLIGHT2_255.jpg,Bacterialblight,1367,12,1.0
Bacterialblight\BACTERIALBLIGHT2_256.jpg,Bacterialblight,1478,8,1.0
Bacterialblight\BACTERIALBLIGHT2_257.jpg,Bacterialblight,1370,24,0.9958
Bacterialblight\BACTERIALBLIGHT2_258.jpg,Bacterialblight,1480,8,1.0
Bacterialblight\BACTERIALBLIGHT2_259.jpg,Bacterialblight,1481,24,1.0
Bacterialblight\BACTERIALBLIGHT2_260.jpg,Bacterialblight,1373,12,1.0
Bacterialblight\BACTERIALBLIGHT2_261.jpg,Bacterialblight,1483,4,0.9898
Bacterialblight\BACTERIALBLIGHT2_262.jpg,Bacterialblight,1484,4,0.996
Bacterialblight\BACTERIALBLIGHT2_263.jpg,Bacterialblight,1485,8,1.0
Bacterialblight\BACTERIALBLIGHT2_264.jpg,Bacterialblight,1486,8,1.0
Bacterialblight\BACTERIALBLIGHT_001.jpg,Bacterialblight,1334,16,1.0
Bacterialblight\BACTERIALBLIGHT_002.jpg,Bacterialblight,1335,16,1.0
Bacterialblight\BACTERIALBLIGHT_003.jpg,Bacterialblight,1451,20,0.9964
Bacterialblight\BACTERIALBLIGHT_004.jpg,Bacterialblight,1547,30,0.9973
Bacterialblight\BACTERIALBLIGHT_005.jpg,Bacterialblight,1338,16,1.0
Bacterialblight\BACTERIALBLIGHT_006.jpg,Bacterialblight,1339,32,1.0
Bacterialblight\BACTERIALBLIGHT_007.jpg,Bacterialblight,1326,8,0.995
Bacterialblight\BACTERIALBLIGHT_008.jpg,Bacterialblight,1327,8,0.9965
Bacterialblight\BACTERIALBLIGHT_009.jpg,Bacterialblight,1328,8,0.9969
Bacterialblight\BACTERIALBLIGHT_010.jpg,Bacterialblight,1329,8,0.9973
Bacterialblight\BACTERIALBLIGHT_011.jpg,Bacterialblight,1332,18,1.0
Bacterialblight\BACTERIALBLIGHT_012.jpg,Bacterialblight,1333,18,1.0
Bacterialblight\BACTERIALBLIGHT_013.jpg,Bacterialblight,1332,18,1.0
Bacterialblight\BACTERIALBLIGHT_014.jpg,Bacterialblight,1333,18,1.0
Bacterialblight\BACTERIALBLIGHT_015.jpg,Bacterialblight,1334,16,1.0
Bacterialblight\BACTERIALBLIGHT_016.jpg,Bacterialblight,1335,16,1.0
Bacterialblight\BACTERIALBLIGHT_017.jpg,Bacterialblight,1547,30,0.9973
Bacterialblight\BACTERIALBLIGHT_018.jpg,Bacterialblight,1451,20,0.9971
Bacterialblight\BACTERIALBLIGHT_019.jpg,Bacterialblight,1338,16,1.0
Bacterialblight\BACTERIALBLIGHT_020.jpg,Bacterialblight,1339,32,1.0
Bacterialblight\BACTERIALBLIGHT_021.jpg,Bacterialblight,1340,8,0.9972
Bacterialblight\BACTERIALBLIGHT_022.jpg,Bacterialblight,1341,8,0.9972
Bacterialblight\BACTERIALBLIGHT_023.jpg,Bacterialblight,1343,16,0.9923
Bacterialblight\BACTERIALBLIGHT_024.jpg,Bacterialblight,1343,16,0.9955
Bacterialblight\BACTERIALBLIGHT_025.jpg,Bacterialblight,1344,6,0.9872
Bacterialblight\BACTERIALBLIGHT_026.jpg,Bacterialblight,1345,8,0.9943
Bacterialblight\BACTERIALBLIGHT_027.jpg,Bacterialblight,1346,8,0.9951
Bacterialblight\BACTERIALBLIGHT_028.jpg,Bacterialblight,1347,8,0.9947
Bacterialblight\BACTERIALBLIGHT_029.jpg,Bacterialblight,1347,8,0.9981
Bacterialblight\BACTERIALBLIGHT_030.jpg,Bacterialblight,1349,8,0.993
Bacterialblight\BACTERIALBLIGHT_031.jpg,Bacterialblight,1350,8,0.9924
Bacterialblight\BACTERIALBLIGHT_032.jpg,Bacterialblight,1351,8,0.9927
Bacterialblight\BACTERIALBLIGHT_033.jpg,Bacterialblight,1352,8,0.9906
Bacterialblight\BACTERIALBLIGHT_034.jpg,Bacterialblight,1353,8,0.9966
Bacterialblight\BACTERIALBLIGHT_035.jpg,Bacterialblight,1354,8,0.9953
Bacterialblight\BACTERIALBLIGHT_036.jpg,Bacterialblight,1428,8,0.9984
Bacterialblight\BACTERIALBLIGHT_037.jpg,Bacterialblight,1356,8,0.9951
Bacterialblight\BACTERIALBLIGHT_038.jpg,Bacterialblight,1358,24,0.9969
Bacterialblight\BACTERIALBLIGHT_039.jpg,Bacterialblight,1358,24,0.9973
Bacterialblight\BACTERIALBLIGHT_040.jpg,Bacterialblight,1359,8,0.9968
Bacterialblight\BACTERIALBLIGHT_041.jpg,Bacterialblight,1359,8,0.9991
Bacterialblight\BACTERIALBLIGHT_042.jpg,Bacterialblight,1361,12,0.9977
Bacterialblight\BACTERIALBLIGHT_043.jpg,Bacterialblight,1362,12,0.9956
Bacterialblight\BACTERIALBLIGHT_044.jpg,Bacterialblight,1363,18,0.9905
Bacterialblight\BACTERIALBLIGHT_045.jpg,Bacterialblight,1364,12,0.9934
Bacterialblight\BACTERIALBLIGHT_046.jpg,Bacterialblight,1365,12,0.9969
Bacterialblight\BACTERIALBLIGHT_047.jpg,Bacterialblight,1366,12,0.9964
Bacterialblight\BACTERIALBLIGHT_048.jpg,Bacterialblight,1367,12,0.9974
Bacterialblight\BACTERIALBLIGHT_049.jpg,Bacterialblight,1368,12,0.9927
Bacterialblight\BACTERIALBLIGHT_050.jpg,Bacterialblight,1370,24,0.9973
Bacterialblight\BACTERIALBLIGHT_051.jpg,Bacterialblight,1370,24,0.997
Bacterialblight\BACTERIALBLIGHT_052.jpg,Bacterialblight,1371,16,0.9965
Bacterialblight\BACTERIALBLIGHT_053.jpg,Bacterialblight,1372,8,0.9984
Bacterialblight\BACTERIALBLIGHT_054.jpg,Bacterialblight,1373,12,0.9968
Bacterialblight\BACTERIALBLIGHT_055.jpg,Bacterialblight,1374,12,0.9965
Bacterialblight\BACTERIALBLIGHT_056.jpg,Bacterialblight,1375,8,0.9928
Bacterialblight\BACTERIALBLIGHT_057.jpg,Bacterialblight,1376,8,0.9959
Bacterialblight\BACTERIALBLIGHT_058.jpg,Bacterialblight,1377,8,0.9959
Bacterialblight\BACTERIALBLIGHT_059.jpg,Bacterialblight,1378,8,0.9956
Bacterialblight\BACTERIALBLIGHT_060.jpg,Bacterialblight,1379,8,0.9982
Bacterialblight\BACTERIALBLIGHT_061.jpg,Bacterialblight,1380,8,0.9983
Bacterialblight\BACTERIALBLIGHT_062.jpg,Bacterialblight,1381,8,0.9964
Bacterialblight\BACTERIALBLIGHT_063.jpg,Bacterialblight,1382,8,0.993
Bacterialblight\BACTERIALBLIGHT_064.jpg,Bacterialblight,1385,10,1.0
Bacterialblight\BACTERIALBLIGHT_065.jpg,Bacterialblight,1384,10,0.9961
Bacterialblight\BACTERIALBLIGHT_066.jpg,Bacterialblight,1385,10,1.0
Bacterialblight\BACTERIALBLIGHT_067.jpg,Bacterialblight,1386,8,0.9949
Bacterialblight\BACTERIALBLIGHT_068.jpg,Bacterialblight,1387,8,0.9962
Bacterialblight\BACTERIALBLIGHT_069.jpg,Bacterialblight,1388,8,0.9831
Bacterialblight\BACTERIALBLIGHT_070.jpg,Bacterialblight,1389,4,0.9944
Bacterialblight\BACTERIALBLIGHT_071.jpg,Bacterialblight,1390,8,0.9966
Bacterialblight\BACTERIALBLIGHT_072.jpg,Bacterialblight,1391,8,0.9944
Bacterialblight\BACTERIALBLIGHT_073.jpg,Bacterialblight,1334,16,1.0
Bacterialblight\BACTERIALBLIGHT_074.jpg,Bacterialblight,1409,30,1.0
Bacterialblight\BACTERIALBLIGHT_075.jpg,Bacterialblight,1451,20,0.9993
Bacterialblight\BACTERIALBLIGHT_076.jpg,Bacterialblight,1395,4,1.0
Bacterialblight\BACTERIALBLIGHT_077.jpg,Bacterialblight,1338,16,1.0
Bacterialblight\BACTERIALBLIGHT_078.jpg,Bacterialblight,1397,4,1.0
Bacterialblight\BACTERIALBLIGHT_079.JPG,Bacterialblight,1326,8,0.9976
Bacterialblight\BACTERIALBLIGHT_080.jpg,Bacterialblight,1399,4,1.0
Bacterialblight\BACTERIALBLIGHT_081.JPG,Bacterialblight,1328,8,0.9975
Bacterialblight\BACTERIALBLIGHT_082.jpg,Bacterialblight,1401,8,1.0
Bacterialblight\BACTERIALBLIGHT_083.jpg,Bacterialblight,1332,18,1.0
Bacterialblight\BACTERIALBLIGHT_084.jpg,Bacterialblight,1409,30,1.0
Bacterialblight\BACTERIALBLIGHT_085.jpg,Bacterialblight,1332,18,1.0
Bacterialblight\BACTERIALBLIGHT_086.jpg,Bacterialblight,1409,30,1.0
Bacterialblight\BACTERIALBLIGHT_087.jpg,Bacterialblight,1334,16,1.0
Bacterialblight\BACTERIALBLIGHT_088.jpg,Bacterialblight,1409,30,1.0
Bacterialblight\BACTERIALBLIGHT_089.jpg,Bacterialblight,1547,30,1.0
Bacterialblight\BACTERIALBLIGHT_090.jpg,Bacterialblight,1409,30,1.0
Bacterialblight\BACTERIALBLIGHT_091.jpg,Bacterialblight,1338,16,1.0
Bacterialblight\BACTERIALBLIGHT_092.jpg,Bacterialblight,1411,4,0.9999
Bacterialblight\BACTERIALBLIGHT_093.jpg,Bacterialblight,1340,8,0.9983
Bacterialblight\BACTERIALBLIGHT_094.jpg,Bacterialblight,1413,4,1.0
Bacterialblight\BACTERIALBLIGHT_095.jpg,Bacterialblight,1343,16,0.9976
Bacterialblight\BACTERIALBLIGHT_096.jpg,Bacterialblight,1415,4,1.0
Bacterialblight\BACTERIALBLIGHT_097.jpg,Bacterialblight,1344,6,0.9953
Bacterialblight\BACTERIALBLIGHT_098.jpg,Bacterialblight,1417,4,1.0
Bacterialblight\BACTERIALBLIGHT_099.jpg,Bacterialblight,1345,8,0.9978
Bacterialblight\BACTERIALBLIGHT_100.jpg,Bacterialblight,1419,4,1.0
Bacterialblight\BACTERIALBLIGHT_101.jpg,Bacterialblight,1347,8,0.9981
Bacterialblight\BACTERIALBLIGHT_102.jpg,Bacterialblight,1421,4,0.9879
Bacterialblight\BACTERIALBLIGHT_103.jpg,Bacterialblight,1349,8,0.9969
Bacterialblight\BACTERIALBLIGHT_104.jpg,Bacterialblight,1519,8,0.9892
Bacterialblight\BACTERIALBLIGHT_105.jpg,Bacterialblight,1351,8,0.9966
Bacterialblight\BACTERIALBLIGHT_106.jpg,Bacterialblight,1521,4,1.0
Bacterialblight\BACTERIALBLIGHT_107.JPG,Bacterialblight,1353,8,0.9976
Bacterialblight\BACTERIALBLIGHT_108.JPG,Bacterialblight,1427,4,0.9867
Bacterialblight\BACTERIALBLIGHT_109.JPG,Bacterialblight,1428,8,0.9984
Bacterialblight\BACTERIALBLIGHT_110.JPG,Bacterialblight,1429,4,0.9933
Bacterialblight\BACTERIALBLIGHT_111.jpg,Bacterialblight,1358,24,0.9984
Bacterialblight\BACTERIALBLIGHT_112.jpg,Bacterialblight,1431,4,0.9891
Bacterialblight\BACTERIALBLIGHT_113.jpg,Bacterialblight,1359,8,0.9991
Bacterialblight\BACTERIALBLIGHT_114.jpg,Bacterialblight,1433,4,0.9911
Bacterialblight\BACTERIALBLIGHT_115.jpg,Bacterialblight,1361,12,1.0
Bacterialblight\BACTERIALBLIGHT_116.jpg,Bacterialblight,1472,8,1.0
Bacterialblight\BACTERIALBLIGHT_117.jpg,Bacterialblight,1363,18,1.0
Bacterialblight\BACTERIALBLIGHT_118.jpg,Bacterialblight,1474,8,1.0
Bacterialblight\BACTERIALBLIGHT_119.jpg,Bacterialblight,1365,12,1.0
Bacterialblight\BACTERIALBLIGHT_120.jpg,Bacterialblight,1476,8,1.0
Bacterialblight\BACTERIALBLIGHT_121.jpg,Bacterialblight,1367,12,1.0
Bacterialblight\BACTERIALBLIGHT_122.jpg,Bacterialblight,1478,8,1.0
Bacterialblight\BACTERIALBLIGHT_123.jpg,Bacterialblight,1370,24,1.0
Bacterialblight\BACTERIALBLIGHT_124.jpg,Bacterialblight,1480,8,1.0
Bacterialblight\BACTERIALBLIGHT_125.jpg,Bacterialblight,1371,16,0.9979
Bacterialblight\BACTERIALBLIGHT_126.jpg,Bacterialblight,1481,24,1.0
Bacterialblight\BACTERIALBLIGHT_127.jpg,Bacterialblight,1373,12,1.0
Bacterialblight\BACTERIALBLIGHT_128.jpg,Bacterialblight,1485,8,1.0
Bacterialblight\BACTERIALBLIGHT_129.jpg,Bacterialblight,1375,8,0.9985
Bacterialblight\BACTERIALBLIGHT_130.jpg,Bacterialblight,1486,8,1.0
Bacterialblight\BACTERIALBLIGHT_131.jpg,Bacterialblight,1377,8,0.9972
Bacterialblight\BACTERIALBLIGHT_132.JPG,Bacterialblight,1451,20,0.992
Bacterialblight\BACTERIALBLIGHT_133.JPG,Bacterialblight,1379,8,0.9986
Bacterialblight\BACTERIALBLIGHT_134.JPG,Bacterialblight,1453,4,0.9885
Bacterialblight\BACTERIALBLIGHT_135.JPG,Bacterialblight,1381,8,0.998
Bacterialblight\BACTERIALBLIGHT_136.JPG,Bacterialblight,1455,4,0.9897
Bacterialblight\BACTERIALBLIGHT_137.JPG,Bacterialblight,1385,10,0.9981
Bacterialblight\BACTERIALBLIGHT_138.JPG,Bacterialblight,1457,8,0.9963
Bacterialblight\BACTERIALBLIGHT_139.JPG,Bacterialblight,1386,8,0.9978
Bacterialblight\BACTERIALBLIGHT_140.JPG,Bacterialblight,1459,4,0.988
Bacterialblight\BACTERIALBLIGHT_141.JPG,Bacterialblight,1388,8,0.994
Bacterialblight\BACTERIALBLIGHT_142.JPG,Bacterialblight,1461,8,0.9934
Bacterialblight\BACTERIALBLIGHT_143.JPG,Bacterialblight,1390,8,0.9953
Bacterialblight\BACTERIALBLIGHT_144.JPG,Bacterialblight,1463,4,0.9948
Bacterialblight\BACTERIALBLIGHT_145.JPG,Bacterialblight,1464,10,0.9952
Bacterialblight\BACTERIALBLIGHT_146.JPG,Bacterialblight,1465,4,0.9939
Bacterialblight\BACTERIALBLIGHT_147.jpg,Bacterialblight,1466,4,0.9656
Bacterialblight\BACTERIALBLIGHT_148.jpg,Bacterialblight,1467,4,0.9946
Bacterialblight\BACTERIALBLIGHT_149.jpg,Bacterialblight,1468,2,0.9607
Bacterialblight\BACTERIALBLIGHT_150.jpg,Bacterialblight,1469,4,0.9769
Bacterialblight\BACTERIALBLIGHT_151.jpg,Bacterialblight,1470,4,0.9951
Bacterialblight\BACTERIALBLIGHT_152.jpg,Bacterialblight,1361,12,1.0
Bacterialblight\BACTERIALBLIGHT_153.jpg,Bacterialblight,1472,8,1.0
Bacterialblight\BACTERIALBLIGHT_154.jpg,Bacterialblight,1364,12,0.9986
Bacterialblight\BACTERIALBLIGHT_155.jpg,Bacterialblight,1474,8,1.0
Bacterialblight\BACTERIALBLIGHT_156.jpg,Bacterialblight,1365,12,1.0
Bacterialblight\BACTERIALBLIGHT_157.jpg,Bacterialblight,1476,8,1.0
Bacterialblight\BACTERIALBLIGHT_158.jpg,Bacterialblight,1367,12,1.0
Bacterialblight\BACTERIALBLIGHT_159.jpg,Bacterialblight,1478,8,1.0
Bacterialblight\BACTERIALBLIGHT_160.jpg,Bacterialblight,1370,24,1.0
Bacterialblight\BACTERIALBLIGHT_161.jpg,Bacterialblight,1480,8,1.0
Bacterialblight\BACTERIALBLIGHT_162.jpg,Bacterialblight,1481,24,1.0
Bacterialblight\BACTERIALBLIGHT_163.jpg,Bacterialblight,1373,12,1.0
Bacterialblight\BACTERIALBLIGHT_164.jpg,Bacterialblight,1483,4,0.9898
Bacterialblight\BACTERIALBLIGHT_165.jpg,Bacterialblight,1484,4,0.996
Bacterialblight\BACTERIALBLIGHT_166.jpg,Bacterialblight,1485,8,1.0
Bacterialblight\BACTERIALBLIGHT_167.jpg,Bacterialblight,1486,8,1.0
Bacterialblight\BACTERIALBLIGHT_168.jpg,Bacterialblight,1332,18,1.0
Bacterialblight\BACTERIALBLIGHT_169.jpg,Bacterialblight,1333,18,1.0
Bacterialblight\BACTERIALBLIGHT_170.jpg,Bacterialblight,1505,20,1.0
Bacterialblight\BACTERIALBLIGHT_171.jpg,Bacterialblight,1335,16,1.0
Bacterialblight\BACTERIALBLIGHT_172.jpg,Bacterialblight,1491,4,1.0
Bacterialblight\BACTERIALBLIGHT_173.jpg,Bacterialblight,1547,30,1.0
Bacterialblight\BACTERIALBLIGHT_174.jpg,Bacterialblight,1493,4,1.0
Bacterialblight\BACTERIALBLIGHT_175.jpg,Bacterialblight,1339,32,1.0
Bacterialblight\BACTERIALBLIGHT_176.jpg,Bacterialblight,1495,4,1.0
Bacterialblight\BACTERIALBLIGHT_177.JPG,Bacterialblight,1327,8,0.9944
Bacterialblight\BACTERIALBLIGHT_178.jpg,Bacterialblight,1401,8,1.0
Bacterialblight\BACTERIALBLIGHT_179.JPG,Bacterialblight,1329,8,0.9907
Bacterialblight\BACTERIALBLIGHT_180.jpg,Bacterialblight,1505,20,1.0
Bacterialblight\BACTERIALBLIGHT_181.jpg,Bacterialblight,1333,18,1.0
Bacterialblight\BACTERIALBLIGHT_182.jpg,Bacterialblight,1505,20,1.0
Bacterialblight\BACTERIALBLIGHT_183.jpg,Bacterialblight,1335,16,1.0
Bacterialblight\BACTERIALBLIGHT_184.jpg,Bacterialblight,1505,20,1.0
Bacterialblight\BACTERIALBLIGHT_185.jpg,Bacterialblight,1451,20,0.9993
Bacterialblight\BACTERIALBLIGHT_186.jpg,Bacterialblight,1505,20,1.0
Bacterialblight\BACTERIALBLIGHT_187.jpg,Bacterialblight,1339,32,1.0
Bacterialblight\BACTERIALBLIGHT_188.jpg,Bacterialblight,1507,4,1.0
Bacterialblight\BACTERIALBLIGHT_189.jpg,Bacterialblight,1341,8,0.9802
Bacterialblight\BACTERIALBLIGHT_190.jpg,Bacterialblight,1525,8,1.0
Bacterialblight\BACTERIALBLIGHT_191.jpg,Bacterialblight,1343,16,0.9888
Bacterialblight\BACTERIALBLIGHT_192.jpg,Bacterialblight,1511,4,1.0
Bacterialblight\BACTERIALBLIGHT_193.jpg,Bacterialblight,1512,6,0.9883
Bacterialblight\BACTERIALBLIGHT_194.jpg,Bacterialblight,1513,4,1.0
Bacterialblight\BACTERIALBLIGHT_195.jpg,Bacterialblight,1346,8,0.9911
Bacterialblight\BACTERIALBLIGHT_196.jpg,Bacterialblight,1515,4,1.0
Bacterialblight\BACTERIALBLIGHT_197.jpg,Bacterialblight,1516,4,0.9898
Bacterialblight\BACTERIALBLIGHT_198.jpg,Bacterialblight,1517,4,0.9873
Bacterialblight\BACTERIALBLIGHT_199.jpg,Bacterialblight,1350,8,0.9805
Bacterialblight\BACTERIALBLIGHT_200.jpg,Bacterialblight,1519,8,0.9805
Bacterialblight\BACTERIALBLIGHT_201.jpg,Bacterialblight,1352,8,0.9894
Bacterialblight\BACTERIALBLIGHT_202.jpg,Bacterialblight,1521,4,1.0
Bacterialblight\BACTERIALBLIGHT_203.JPG,Bacterialblight,1354,8,0.9903
Bacterialblight\BACTERIALBLIGHT_204.JPG,Bacterialblight,1523,4,0.9826
Bacterialblight\BACTERIALBLIGHT_205.JPG,Bacterialblight,1356,8,0.9897
Bacterialblight\BACTERIALBLIGHT_206.JPG,Bacterialblight,1525,8,0.9919
Bacterialblight\BACTERIALBLIGHT_207.jpg,Bacterialblight,1358,24,0.9954
Bacterialblight\BACTERIALBLIGHT_208.jpg,Bacterialblight,1527,6,0.9909
Bacterialblight\BACTERIALBLIGHT_209.jpg,Bacterialblight,1528,8,0.996
Bacterialblight\BACTERIALBLIGHT_210.jpg,Bacterialblight,1529,4,0.9845
Bacterialblight\BACTERIALBLIGHT_211.jpg,Bacterialblight,1362,12,1.0
Bacterialblight\BACTERIALBLIGHT_212.jpg,Bacterialblight,1569,8,1.0
Bacterialblight\BACTERIALBLIGHT_213.jpg,Bacterialblight,1364,12,0.9986
Bacterialblight\BACTERIALBLIGHT_214.jpg,Bacterialblight,1571,8,1.0
Bacterialblight\BACTERIALBLIGHT_215.jpg,Bacterialblight,1366,12,1.0
Bacterialblight\BACTERIALBLIGHT_216.jpg,Bacterialblight,1573,8,1.0
Bacterialblight\BACTERIALBLIGHT_217.jpg,Bacterialblight,1368,12,1.0
Bacterialblight\BACTERIALBLIGHT_218.jpg,Bacterialblight,1575,8,1.0
Bacterialblight\BACTERIALBLIGHT_219.jpg,Bacterialblight,1370,24,0.998
Bacterialblight\BACTERIALBLIGHT_220.jpg,Bacterialblight,1577,8,1.0
Bacterialblight\BACTERIALBLIGHT_221.jpg,Bacterialblight,1372,8,0.9956
Bacterialblight\BACTERIALBLIGHT_222.jpg,Bacterialblight,1481,24,1.0
Bacterialblight\BACTERIALBLIGHT_223.jpg,Bacterialblight,1374,12,1.0
Bacterialblight\BACTERIALBLIGHT_224.jpg,Bacterialblight,1582,8,1.0
Bacterialblight\BACTERIALBLIGHT_225.jpg,Bacterialblight,1376,8,0.9931
Bacterialblight\BACTERIALBLIGHT_226.jpg,Bacterialblight,1583,8,1.0
Bacterialblight\BACTERIALBLIGHT_227.jpg,Bacterialblight,1378,8,0.9916
Bacterialblight\BACTERIALBLIGHT_228.JPG,Bacterialblight,1547,30,0.9968
Bacterialblight\BACTERIALBLIGHT_229.JPG,Bacterialblight,1380,8,0.9932
Bacterialblight\BACTERIALBLIGHT_230.JPG,Bacterialblight,1549,4,0.9913
Bacterialblight\BACTERIALBLIGHT_231.JPG,Bacterialblight,1382,8,0.99
Bacterialblight\BACTERIALBLIGHT_232.JPG,Bacterialblight,1551,4,0.9917
Bacterialblight\BACTERIALBLIGHT_233.JPG,Bacterialblight,1384,10,0.9913
Bacterialblight\BACTERIALBLIGHT_234.JPG,Bacterialblight,1457,8,0.9941
Bacterialblight\BACTERIALBLIGHT_235.JPG,Bacterialblight,1387,8,0.9935
Bacterialblight\BACTERIALBLIGHT_236.JPG,Bacterialblight,1555,4,0.9869
Bacterialblight\BACTERIALBLIGHT_237.JPG,Bacterialblight,1556,2,0.9636
Bacterialblight\BACTERIALBLIGHT_238.JPG,Bacterialblight,1557,4,0.9913
Bacterialblight\BACTERIALBLIGHT_239.JPG,Bacterialblight,1461,8,0.9929
Bacterialblight\BACTERIALBLIGHT_240.JPG,Bacterialblight,1391,8,0.9912
Bacterialblight\BACTERIALBLIGHT_241.JPG,Bacterialblight,1560,4,0.9838
Bacterialblight\BACTERIALBLIGHT_242.JPG,Bacterialblight,1464,10,0.9963
Bacterialblight\BACTERIALBLIGHT_243.JPG,Bacterialblight,1562,4,0.9967
Bacterialblight\BACTERIALBLIGHT_244.jpg,Bacterialblight,1563,4,0.985
Bacterialblight\BACTERIALBLIGHT_245.jpg,Bacterialblight,1564,4,0.9885
Bacterialblight\BACTERIALBLIGHT_246.jpg,Bacterialblight,1565,2,0.9816
Bacterialblight\BACTERIALBLIGHT_247.jpg,Bacterialblight,1566,4,0.9919
Bacterialblight\BACTERIALBLIGHT_248.jpg,Bacterialblight,1567,4,0.994
Bacterialblight\BACTERIALBLIGHT_249.jpg,Bacterialblight,1362,12,1.0
Bacterialblight\BACTERIALBLIGHT_250.jpg,Bacterialblight,1569,8,1.0
Bacterialblight\BACTERIALBLIGHT_251.jpg,Bacterialblight,1363,18,1.0
Bacterialblight\BACTERIALBLIGHT_252.jpg,Bacterialblight,1571,8,1.0
Bacterialblight\BACTERIALBLIGHT_253.jpg,Bacterialblight,1366,12,1.0
Bacterialblight\BACTERIALBLIGHT_254.jpg,Bacterialblight,1573,8,1.0
Bacterialblight\BACTERIALBLIGHT_255.jpg,Bacterialblight,1368,12,1.0
Bacterialblight\BACTERIALBLIGHT_256.jpg,Bacterialblight,1575,8,1.0
Bacterialblight\BACTERIALBLIGHT_257.jpg,Bacterialblight,1370,24,0.998
Bacterialblight\BACTERIALBLIGHT_258.jpg,Bacterialblight,1577,8,1.0
Bacterialblight\BACTERIALBLIGHT_259.jpg,Bacterialblight,1481,24,1.0
Bacterialblight\BACTERIALBLIGHT_260.jpg,Bacterialblight,1374,12,1.0
Bacterialblight\BACTERIALBLIGHT_261.jpg,Bacterialblight,1580,4,0.9901
Bacterialblight\BACTERIALBLIGHT_262.jpg,Bacterialblight,1581,4,0.9949
Bacterialblight\BACTERIALBLIGHT_263.jpg,Bacterialblight,1582,8,1.0
Bacterialblight\BACTERIALBLIGHT_264.jpg,Bacterialblight,1583,8,1.0
Blast\BLAST1_001.jpg,Blast,2703,4,1.0
Blast\BLAST1_002.jpg,Blast,2945,18,1.0
Blast\BLAST1_003.jpg,Blast,2944,6,1.0
Blast\BLAST1_004.jpg,Blast,2867,12,1.0
Blast\BLAST1_005.jpg,Blast,2946,6,1.0
Blast\BLAST1_006.jpg,Blast,2869,12,1.0
Blast\BLAST1_007.jpg,Blast,2948,12,1.0
Blast\BLAST1_008.jpg,Blast,2871,12,1.0
Blast\BLAST1_009.jpg,Blast,2950,6,1.0
Blast\BLAST1_010.jpg,Blast,2953,6,1.0
Blast\BLAST1_011.jpg,Blast,2952,6,1.0
Blast\BLAST1_012.jpg,Blast,2875,12,1.0
Blast\BLAST1_013.jpg,Blast,2954,6,1.0
Blast\BLAST1_014.jpg,Blast,2957,6,1.0
Blast\BLAST1_015.jpg,Blast,2956,6,1.0
Blast\BLAST1_016.jpg,Blast,2959,6,1.0
Blast\BLAST1_017.jpg,Blast,2958,6,1.0
Blast\BLAST1_018.jpg,Blast,2881,12,1.0
Blast\BLAST1_019.jpg,Blast,2960,6,1.0
Blast\BLAST1_020.jpg,Blast,2963,6,1.0
Blast\BLAST1_021.jpg,Blast,2962,6,1.0
Blast\BLAST1_022.jpg,Blast,2965,6,1.0
Blast\BLAST1_023.jpg,Blast,2964,6,1.0
Blast\BLAST1_024.jpg,Blast,2967,6,1.0
Blast\BLAST1_025.jpg,Blast,2646,4,1.0
Blast\BLAST1_026.jpg,Blast,2889,12,1.0
Blast\BLAST1_027.jpg,Blast,2968,15,1.0
Blast\BLAST1_028.jpg,Blast,2891,18,1.0
Blast\BLAST1_029.jpg,Blast,2970,6,1.0
Blast\BLAST1_030.jpg,Blast,2893,12,1.0
Blast\BLAST1_031.JPG,Blast,2414,18,1.0
Blast\BLAST1_032.jpg,Blast,2975,6,1.0
Blast\BLAST1_033.JPG,Blast,2976,12,1.0
Blast\BLAST1_034.jpg,Blast,2977,6,1.0
Blast\BLAST1_035.JPG,Blast,2976,12,1.0
Blast\BLAST1_036.jpg,Blast,2979,6,1.0
Blast\BLAST1_037.JPG,Blast,2978,6,1.0
Blast\BLAST1_038.jpg,Blast,2981,6,1.0
Blast\BLAST1_039.JPG,Blast,2980,6,1.0
Blast\BLAST1_040.jpg,Blast,2983,6,1.0
Blast\BLAST1_041.JPG,Blast,2982,6,1.0
Blast\BLAST1_042.jpg,Blast,2665,4,1.0
Blast\BLAST1_043.JPG,Blast,2984,6,1.0
Blast\BLAST1_044.jpg,Blast,2987,6,1.0
Blast\BLAST1_045.JPG,Blast,2986,6,1.0
Blast\BLAST1_046.jpg,Blast,2989,6,1.0
Blast\BLAST1_047.jpg,Blast,2910,18,1.0
Blast\BLAST1_048.JPG,Blast,2670,4,1.0
Blast\BLAST1_049.JPG,Blast,2991,6,1.0
Blast\BLAST1_050.JPG,Blast,2992,6,1.0
Blast\BLAST1_051.JPG,Blast,2993,6,1.0
Blast\BLAST1_052.jpg,Blast,2915,12,1.0
Blast\BLAST1_053.JPG,Blast,2995,6,1.0
Blast\BLAST1_054.JPG,Blast,2918,36,1.0
Blast\BLAST1_055.jpg,Blast,2918,36,1.0
Blast\BLAST1_056.JPG,Blast,2998,6,1.0
Blast\BLAST1_057.JPG,Blast,2999,6,1.0
Blast\BLAST1_058.JPG,Blast,2921,12,1.0
Blast\BLAST1_059.JPG,Blast,3001,6,1.0
Blast\BLAST1_060.JPG,Blast,2923,12,1.0
Blast\BLAST1_061.JPG,Blast,2924,15,1.0
Blast\BLAST1_062.jpg,Blast,3004,6,1.0
Blast\BLAST1_063.JPG,Blast,3005,6,1.0
Blast\BLAST1_064.JPG,Blast,3006,6,1.0
Blast\BLAST1_065.JPG,Blast,3007,6,1.0
Blast\BLAST1_066.JPG,Blast,3008,6,1.0
Blast\BLAST1_067.JPG,Blast,3009,6,1.0
Blast\BLAST1_068.JPG,Blast,3010,6,1.0
Blast\BLAST1_069.JPG,Blast,3011,12,1.0
Blast\BLAST1_070.JPG,Blast,3012,6,1.0
Blast\BLAST1_071.JPG,Blast,3013,6,1.0
Blast\BLAST1_072.jpg,Blast,2935,12,1.0
Blast\BLAST1_073.jpg,Blast,2936,12,1.0
Blast\BLAST1_074.jpg,Blast,2937,12,1.0
Blast\BLAST1_075.jpg,Blast,2938,18,1.0
Blast\BLAST1_076.jpg,Blast,3018,6,1.0
Blast\BLAST1_077.jpg,Blast,2940,12,1.0
Blast\BLAST1_078.jpg,Blast,3020,6,1.0
Blast\BLAST1_079.jpg,Blast,3021,18,1.0
Blast\BLAST1_080.jpg,Blast,3022,6,1.0
Blast\BLAST1_081.jpg,Blast,2866,6,1.0
Blast\BLAST1_082.jpg,Blast,2945,18,1.0
Blast\BLAST1_083.jpg,Blast,2868,6,1.0
Blast\BLAST1_084.jpg,Blast,2867,12,1.0
Blast\BLAST1_085.jpg,Blast,2948,12,1.0
Blast\BLAST1_086.jpg,Blast,2869,12,1.0
Blast\BLAST1_087.jpg,Blast,2872,6,1.0
Blast\BLAST1_088.jpg,Blast,2871,12,1.0
Blast\BLAST1_089.jpg,Blast,2874,6,1.0
Blast\BLAST1_090.jpg,Blast,2873,6,1.0
Blast\BLAST1_091.jpg,Blast,2876,6,1.0
Blast\BLAST1_092.jpg,Blast,2875,12,1.0
Blast\BLAST1_093.jpg,Blast,2878,6,1.0
Blast\BLAST1_094.jpg,Blast,2877,6,1.0
Blast\BLAST1_095.jpg,Blast,2880,6,1.0
Blast\BLAST1_096.jpg,Blast,2879,6,1.0
Blast\BLAST1_097.jpg,Blast,2882,6,1.0
Blast\BLAST1_098.jpg,Blast,2881,12,1.0
Blast\BLAST1_099.jpg,Blast,2884,6,1.0
Blast\BLAST1_100.jpg,Blast,2883,6,1.0
Blast\BLAST1_101.jpg,Blast,2886,6,1.0
Blast\BLAST1_102.jpg,Blast,2885,6,1.0
Blast\BLAST1_103.jpg,Blast,2888,6,1.0
Blast\BLAST1_104.jpg,Blast,2887,6,1.0
Blast\BLAST1_105.jpg,Blast,2968,15,1.0
Blast\BLAST1_106.jpg,Blast,2889,12,1.0
Blast\BLAST1_107.jpg,Blast,2892,6,1.0
Blast\BLAST1_108.jpg,Blast,2891,18,1.0
Blast\BLAST1_109.JPG,Blast,2414,18,1.0
Blast\BLAST1_110.jpg,Blast,2893,12,1.0
Blast\BLAST1_111.JPG,Blast,2898,12,1.0
Blast\BLAST1_112.jpg,Blast,2575,4,1.0
Blast\BLAST1_113.JPG,Blast,2898,12,1.0
Blast\BLAST1_114.jpg,Blast,2897,6,1.0
Blast\BLAST1_115.JPG,Blast,2900,6,1.0
Blast\BLAST1_116.jpg,Blast,2899,6,1.0
Blast\BLAST1_117.JPG,Blast,2902,6,1.0
Blast\BLAST1_118.jpg,Blast,2901,6,1.0
Blast\BLAST1_119.JPG,Blast,2904,6,1.0
Blast\BLAST1_120.jpg,Blast,2583,4,1.0
Blast\BLAST1_121.JPG,Blast,2906,6,1.0
Blast\BLAST1_122.jpg,Blast,2905,6,1.0
Blast\BLAST1_123.JPG,Blast,2908,6,1.0
Blast\BLAST1_124.jpg,Blast,2907,6,1.0
Blast\BLAST1_125.jpg,Blast,2910,18,1.0
Blast\BLAST1_126.jpg,Blast,2909,6,1.0
Blast\BLAST1_127.JPG,Blast,2911,6,1.0
Blast\BLAST1_128.JPG,Blast,2912,6,1.0
Blast\BLAST1_129.JPG,Blast,2593,4,1.0
Blast\BLAST1_130.JPG,Blast,2914,6,1.0
Blast\BLAST1_131.jpg,Blast,2915,12,1.0
Blast\BLAST1_132.JPG,Blast,2916,6,1.0
Blast\BLAST1_133.JPG,Blast,2918,36,1.0
Blast\BLAST1_134.jpg,Blast,2918,36,1.0
Blast\BLAST1_135.JPG,Blast,2919,6,1.0
Blast\BLAST1_136.JPG,Blast,2920,6,1.0
Blast\BLAST1_137.JPG,Blast,2921,12,1.0
Blast\BLAST1_138.JPG,Blast,2922,6,1.0
Blast\BLAST1_139.JPG,Blast,2923,12,1.0
Blast\BLAST1_140.JPG,Blast,2924,15,1.0
Blast\BLAST1_141.jpg,Blast,2925,6,1.0
Blast\BLAST1_142.JPG,Blast,2926,6,1.0
Blast\BLAST1_143.JPG,Blast,2927,6,1.0
Blast\BLAST1_144.JPG,Blast,2928,6,1.0
Blast\BLAST1_145.JPG,Blast,2929,6,1.0
Blast\BLAST1_146.JPG,Blast,2930,6,1.0
Blast\BLAST1_147.JPG,Blast,2931,6,1.0
Blast\BLAST1_148.JPG,Blast,3011,12,1.0
Blast\BLAST1_149.JPG,Blast,2933,6,1.0
Blast\BLAST1_150.JPG,Blast,2934,6,1.0
Blast\BLAST1_151.jpg,Blast,2935,12,1.0
Blast\BLAST1_152.jpg,Blast,2936,12,1.0
Blast\BLAST1_153.jpg,Blast,2937,12,1.0
Blast\BLAST1_154.jpg,Blast,2938,18,1.0
Blast\BLAST1_155.jpg,Blast,2939,6,1.0
Blast\BLAST1_156.jpg,Blast,2940,12,1.0
Blast\BLAST1_157.jpg,Blast,2941,6,1.0
Blast\BLAST1_158.jpg,Blast,3021,18,1.0
Blast\BLAST1_159.jpg,Blast,2943,6,1.0
Blast\BLAST1_160.jpg,Blast,2864,6,1.0
Blast\BLAST2_001.jpg,Blast,2543,3,0.976
Blast\BLAST2_002.jpg,Blast,2945,18,1.0
Blast\BLAST2_003.jpg,Blast,2464,3,0.9875
Blast\BLAST2_004.jpg,Blast,2387,6,1.0
Blast\BLAST2_005.jpg,Blast,2466,3,0.9886
Blast\BLAST2_006.jpg,Blast,2389,6,1.0
Blast\BLAST2_007.jpg,Blast,2468,3,0.9836
Blast\BLAST2_008.jpg,Blast,2391,6,1.0
Blast\BLAST2_009.jpg,Blast,2392,6,0.9887
Blast\BLAST2_010.jpg,Blast,2473,3,1.0
Blast\BLAST2_011.jpg,Blast,2472,3,0.9925
Blast\BLAST2_012.jpg,Blast,2475,3,1.0
Blast\BLAST2_013.jpg,Blast,2474,3,0.982
Blast\BLAST2_014.jpg,Blast,2397,6,1.0
Blast\BLAST2_015.jpg,Blast,2476,3,0.9926
Blast\BLAST2_016.jpg,Blast,2479,3,1.0
Blast\BLAST2_017.jpg,Blast,2478,3,0.9906
Blast\BLAST2_018.jpg,Blast,2481,3,1.0
Blast\BLAST2_019.jpg,Blast,2480,3,0.9756
Blast\BLAST2_020.jpg,Blast,2483,3,1.0
Blast\BLAST2_021.jpg,Blast,2482,3,0.9899
Blast\BLAST2_022.jpg,Blast,2485,3,1.0
Blast\BLAST2_023.jpg,Blast,2484,3,0.9804
Blast\BLAST2_024.jpg,Blast,2487,3,1.0
Blast\BLAST2_025.jpg,Blast,2486,3,0.9871
Blast\BLAST2_026.jpg,Blast,2489,3,1.0
Blast\BLAST2_027.jpg,Blast,2488,3,0.9918
Blast\BLAST2_028.jpg,Blast,2891,18,1.0
Blast\BLAST2_029.jpg,Blast,2490,3,0.9875
Blast\BLAST2_030.jpg,Blast,2413,6,1.0
Blast\BLAST2_031.JPG,Blast,2414,18,0.9954
Blast\BLAST2_032.jpg,Blast,2495,3,1.0
Blast\BLAST2_033.JPG,Blast,2496,6,0.9904
Blast\BLAST2_034.jpg,Blast,2497,3,1.0
Blast\BLAST2_035.JPG,Blast,2496,6,0.99
Blast\BLAST2_036.jpg,Blast,2499,3,1.0
Blast\BLAST2_037.JPG,Blast,2498,3,0.9889
Blast\BLAST2_038.jpg,Blast,2501,3,1.0
Blast\BLAST2_039.JPG,Blast,2500,3,0.9926
Blast\BLAST2_040.jpg,Blast,2503,3,1.0
Blast\BLAST2_041.JPG,Blast,2502,3,0.9841
Blast\BLAST2_042.jpg,Blast,2505,3,1.0
Blast\BLAST2_043.JPG,Blast,2504,3,0.993
Blast\BLAST2_044.jpg,Blast,2427,6,1.0
Blast\BLAST2_045.JPG,Blast,2428,6,0.9892
Blast\BLAST2_046.jpg,Blast,2509,3,1.0
Blast\BLAST2_047.jpg,Blast,2910,18,0.9902
Blast\BLAST2_048.JPG,Blast,2510,3,0.9931
Blast\BLAST2_049.JPG,Blast,2511,3,0.9864
Blast\BLAST2_050.JPG,Blast,2512,3,0.9809
Blast\BLAST2_051.JPG,Blast,2513,3,0.9901
Blast\BLAST2_052.jpg,Blast,2514,3,0.9841
Blast\BLAST2_053.JPG,Blast,2515,3,0.9713
Blast\BLAST2_054.JPG,Blast,2918,36,0.9949
Blast\BLAST2_055.jpg,Blast,2918,36,0.9968
Blast\BLAST2_056.JPG,Blast,2518,3,0.9896
Blast\BLAST2_057.JPG,Blast,2519,3,0.995
Blast\BLAST2_058.JPG,Blast,2520,3,0.9927
Blast\BLAST2_059.JPG,Blast,2521,6,0.9921
Blast\BLAST2_060.JPG,Blast,2521,6,0.9917
Blast\BLAST2_061.JPG,Blast,2924,15,0.996
Blast\BLAST2_062.jpg,Blast,2524,3,0.9794
Blast\BLAST2_063.JPG,Blast,2525,3,0.989
Blast\BLAST2_064.JPG,Blast,2526,3,0.9875
Blast\BLAST2_065.JPG,Blast,2527,3,0.9929
Blast\BLAST2_066.JPG,Blast,2528,3,0.9916
Blast\BLAST2_067.JPG,Blast,2529,3,0.9842
Blast\BLAST2_068.JPG,Blast,2530,3,0.9691
Blast\BLAST2_069.JPG,Blast,2531,3,0.9735
Blast\BLAST2_070.JPG,Blast,2532,3,0.9845
Blast\BLAST2_071.JPG,Blast,2533,3,0.9824
Blast\BLAST2_072.jpg,Blast,2455,6,0.994
Blast\BLAST2_073.jpg,Blast,2456,6,0.9919
Blast\BLAST2_074.jpg,Blast,2457,6,0.9918
Blast\BLAST2_075.jpg,Blast,2938,18,0.9962
Blast\BLAST2_076.jpg,Blast,2538,3,0.9958
Blast\BLAST2_077.jpg,Blast,2539,3,0.9703
Blast\BLAST2_078.jpg,Blast,2540,3,0.9833
Blast\BLAST2_079.jpg,Blast,3021,18,0.9941
Blast\BLAST2_080.jpg,Blast,2542,6,0.9964
Blast\BLAST2_081.jpg,Blast,2386,3,0.9936
Blast\BLAST2_082.jpg,Blast,2945,18,1.0
Blast\BLAST2_083.jpg,Blast,2388,3,0.992
Blast\BLAST2_084.jpg,Blast,2387,6,1.0
Blast\BLAST2_085.jpg,Blast,2390,3,0.9752
Blast\BLAST2_086.jpg,Blast,2389,6,1.0
Blast\BLAST2_087.jpg,Blast,2392,6,0.9824
Blast\BLAST2_088.jpg,Blast,2391,6,1.0
Blast\BLAST2_089.jpg,Blast,2394,3,0.9934
Blast\BLAST2_090.jpg,Blast,2393,3,1.0
Blast\BLAST2_091.jpg,Blast,2396,3,0.9763
Blast\BLAST2_092.jpg,Blast,2395,3,1.0
Blast\BLAST2_093.jpg,Blast,2398,3,0.9887
Blast\BLAST2_094.jpg,Blast,2397,6,1.0
Blast\BLAST2_095.jpg,Blast,2400,3,0.9808
Blast\BLAST2_096.jpg,Blast,2399,3,1.0
Blast\BLAST2_097.jpg,Blast,2402,3,0.9908
Blast\BLAST2_098.jpg,Blast,2401,3,1.0
Blast\BLAST2_099.jpg,Blast,2404,3,0.9834
Blast\BLAST2_100.jpg,Blast,2403,3,1.0
Blast\BLAST2_101.jpg,Blast,2406,3,0.987
Blast\BLAST2_102.jpg,Blast,2405,3,1.0
Blast\BLAST2_103.jpg,Blast,2408,3,0.9838
Blast\BLAST2_104.jpg,Blast,2407,3,1.0
Blast\BLAST2_105.jpg,Blast,2968,15,0.9925
Blast\BLAST2_106.jpg,Blast,2409,3,1.0
Blast\BLAST2_107.jpg,Blast,2412,3,0.9886
Blast\BLAST2_108.jpg,Blast,2891,18,1.0
Blast\BLAST2_109.JPG,Blast,2414,18,0.9968
Blast\BLAST2_110.jpg,Blast,2413,6,1.0
Blast\BLAST2_111.JPG,Blast,2418,6,0.9858
Blast\BLAST2_112.jpg,Blast,2415,3,1.0
Blast\BLAST2_113.JPG,Blast,2418,6,0.99
Blast\BLAST2_114.jpg,Blast,2417,3,1.0
Blast\BLAST2_115.JPG,Blast,2420,3,0.9909
Blast\BLAST2_116.jpg,Blast,2419,3,1.0
Blast\BLAST2_117.JPG,Blast,2422,3,0.9854
Blast\BLAST2_118.jpg,Blast,2421,3,1.0
Blast\BLAST2_119.JPG,Blast,2424,3,0.9825
Blast\BLAST2_120.jpg,Blast,2423,3,1.0
Blast\BLAST2_121.JPG,Blast,2426,3,0.9923
Blast\BLAST2_122.jpg,Blast,2425,3,1.0
Blast\BLAST2_123.JPG,Blast,2428,6,0.9904
Blast\BLAST2_124.jpg,Blast,2427,6,1.0
Blast\BLAST2_125.jpg,Blast,2910,18,0.9877
Blast\BLAST2_126.jpg,Blast,2429,3,1.0
Blast\BLAST2_127.JPG,Blast,2431,3,0.9842
Blast\BLAST2_128.JPG,Blast,2432,3,0.9795
Blast\BLAST2_129.JPG,Blast,2433,3,0.9851
Blast\BLAST2_130.JPG,Blast,2434,3,0.9877
Blast\BLAST2_131.jpg,Blast,2435,3,0.9905
Blast\BLAST2_132.JPG,Blast,2436,3,0.9831
Blast\BLAST2_133.JPG,Blast,2918,36,0.9953
Blast\BLAST2_134.jpg,Blast,2918,36,0.9966
Blast\BLAST2_135.JPG,Blast,2439,3,0.9858
Blast\BLAST2_136.JPG,Blast,2440,3,0.9925
Blast\BLAST2_137.JPG,Blast,2441,3,0.9891
Blast\BLAST2_138.JPG,Blast,2442,3,0.9901
Blast\BLAST2_139.JPG,Blast,2443,3,0.992
Blast\BLAST2_140.JPG,Blast,2444,3,0.9922
Blast\BLAST2_141.jpg,Blast,2445,3,0.9898
Blast\BLAST2_142.JPG,Blast,2446,3,0.9887
Blast\BLAST2_143.JPG,Blast,2447,3,0.9875
Blast\BLAST2_144.JPG,Blast,2448,3,0.9869
Blast\BLAST2_145.JPG,Blast,2449,3,0.9932
Blast\BLAST2_146.JPG,Blast,2450,3,0.9904
Blast\BLAST2_147.JPG,Blast,2451,3,0.9878
Blast\BLAST2_148.JPG,Blast,2452,3,0.9771
Blast\BLAST2_149.JPG,Blast,2453,3,0.9866
Blast\BLAST2_150.JPG,Blast,2454,3,0.9855
Blast\BLAST2_151.jpg,Blast,2455,6,0.996
Blast\BLAST2_152.jpg,Blast,2456,6,0.9972
Blast\BLAST2_153.jpg,Blast,2457,6,0.9958
Blast\BLAST2_154.jpg,Blast,2938,18,0.9886
Blast\BLAST2_155.jpg,Blast,2459,3,0.9954
Blast\BLAST2_156.jpg,Blast,2460,3,0.9915
Blast\BLAST2_157.jpg,Blast,2461,3,0.9909
Blast\BLAST2_158.jpg,Blast,3021,18,0.9954
Blast\BLAST2_159.jpg,Blast,2542,6,0.9914
Blast\BLAST2_160.jpg,Blast,2384,3,0.9815
Blast\BLAST3_001.jpg,Blast,2864,6,1.0
Blast\BLAST3_002.jpg,Blast,2945,18,1.0
Blast\BLAST3_003.jpg,Blast,2866,6,1.0
Blast\BLAST3_004.jpg,Blast,2867,12,1.0
Blast\BLAST3_005.jpg,Blast,2868,6,1.0
Blast\BLAST3_006.jpg,Blast,2869,12,1.0
Blast\BLAST3_007.jpg,Blast,2948,12,1.0
Blast\BLAST3_008.jpg,Blast,2871,12,1.0
Blast\BLAST3_009.jpg,Blast,2872,6,1.0
Blast\BLAST3_010.jpg,Blast,2873,6,1.0
Blast\BLAST3_011.jpg,Blast,2874,6,1.0
Blast\BLAST3_012.jpg,Blast,2875,12,1.0
Blast\BLAST3_013.jpg,Blast,2876,6,1.0
Blast\BLAST3_014.jpg,Blast,2877,6,1.0
Blast\BLAST3_015.jpg,Blast,2878,6,1.0
Blast\BLAST3_016.jpg,Blast,2879,6,1.0
Blast\BLAST3_017.jpg,Blast,2880,6,1.0
Blast\BLAST3_018.jpg,Blast,2881,12,1.0
Blast\BLAST3_019.jpg,Blast,2882,6,1.0
Blast\BLAST3_020.jpg,Blast,2883,6,1.0
Blast\BLAST3_021.jpg,Blast,2884,6,1.0
Blast\BLAST3_022.jpg,Blast,2885,6,1.0
Blast\BLAST3_023.jpg,Blast,2886,6,1.0
Blast\BLAST3_024.jpg,Blast,2887,6,1.0
Blast\BLAST3_025.jpg,Blast,2888,6,1.0
Blast\BLAST3_026.jpg,Blast,2889,12,1.0
Blast\BLAST3_027.jpg,Blast,2968,15,1.0
Blast\BLAST3_028.jpg,Blast,2891,18,1.0
Blast\BLAST3_029.jpg,Blast,2892,6,1.0
Blast\BLAST3_030.jpg,Blast,2893,12,1.0
Blast\BLAST3_031.JPG,Blast,2414,18,1.0
Blast\BLAST3_032.jpg,Blast,2575,4,1.0
Blast\BLAST3_033.JPG,Blast,2898,12,1.0
Blast\BLAST3_034.jpg,Blast,2897,6,1.0
Blast\BLAST3_035.JPG,Blast,2898,12,1.0
Blast\BLAST3_036.jpg,Blast,2899,6,1.0
Blast\BLAST3_037.JPG,Blast,2900,6,1.0
Blast\BLAST3_038.jpg,Blast,2901,6,1.0
Blast\BLAST3_039.JPG,Blast,2902,6,1.0
Blast\BLAST3_040.jpg,Blast,2583,4,1.0
Blast\BLAST3_041.JPG,Blast,2904,6,1.0
Blast\BLAST3_042.jpg,Blast,2905,6,1.0
Blast\BLAST3_043.JPG,Blast,2906,6,1.0
Blast\BLAST3_044.jpg,Blast,2907,6,1.0
Blast\BLAST3_045.JPG,Blast,2908,6,1.0
Blast\BLAST3_046.jpg,Blast,2909,6,1.0
Blast\BLAST3_047.jpg,Blast,2910,18,1.0
Blast\BLAST3_048.JPG,Blast,2911,6,1.0
Blast\BLAST3_049.JPG,Blast,2912,6,1.0
Blast\BLAST3_050.JPG,Blast,2593,4,1.0
Blast\BLAST3_051.JPG,Blast,2914,6,1.0
Blast\BLAST3_052.jpg,Blast,2915,12,1.0
Blast\BLAST3_053.JPG,Blast,2916,6,1.0
Blast\BLAST3_054.JPG,Blast,2918,36,1.0
Blast\BLAST3_055.jpg,Blast,2918,36,1.0
Blast\BLAST3_056.JPG,Blast,2919,6,1.0
Blast\BLAST3_057.JPG,Blast,2920,6,1.0
Blast\BLAST3_058.JPG,Blast,2921,12,1.0
Blast\BLAST3_059.JPG,Blast,2922,6,1.0
Blast\BLAST3_060.JPG,Blast,2923,12,1.0
Blast\BLAST3_061.JPG,Blast,2924,15,1.0
Blast\BLAST3_062.jpg,Blast,2925,6,1.0
Blast\BLAST3_063.JPG,Blast,2926,6,1.0
Blast\BLAST3_064.JPG,Blast,2927,6,1.0
Blast\BLAST3_065.JPG,Blast,2928,6,1.0
Blast\BLAST3_066.JPG,Blast,2929,6,1.0
Blast\BLAST3_067.JPG,Blast,2930,6,1.0
Blast\BLAST3_068.JPG,Blast,2931,6,1.0
Blast\BLAST3_069.JPG,Blast,3011,12,1.0
Blast\BLAST3_070.JPG,Blast,2933,6,1.0
Blast\BLAST3_071.JPG,Blast,2934,6,1.0
Blast\BLAST3_072.jpg,Blast,2935,12,1.0
Blast\BLAST3_073.jpg,Blast,2936,12,1.0
Blast\BLAST3_074.jpg,Blast,2937,12,1.0
Blast\BLAST3_075.jpg,Blast,2938,18,1.0
Blast\BLAST3_076.jpg,Blast,2939,6,1.0
Blast\BLAST3_077.jpg,Blast,2940,12,1.0
Blast\BLAST3_078.jpg,Blast,2941,6,1.0
Blast\BLAST3_079.jpg,Blast,3021,18,1.0
Blast\BLAST3_080.jpg,Blast,2943,6,1.0
Blast\BLAST3_081.jpg,Blast,2944,6,1.0
Blast\BLAST3_082.jpg,Blast,2945,18,1.0
Blast\BLAST3_083.jpg,Blast,2946,6,1.0
Blast\BLAST3_084.jpg,Blast,2867,12,1.0
Blast\BLAST3_085.jpg,Blast,2948,12,1.0
Blast\BLAST3_086.jpg,Blast,2869,12,1.0
Blast\BLAST3_087.jpg,Blast,2950,6,1.0
Blast\BLAST3_088.jpg,Blast,2871,12,1.0
Blast\BLAST3_089.jpg,Blast,2952,6,1.0
Blast\BLAST3_090.jpg,Blast,2953,6,1.0
Blast\BLAST3_091.jpg,Blast,2954,6,1.0
Blast\BLAST3_092.jpg,Blast,2875,12,1.0
Blast\BLAST3_093.jpg,Blast,2956,6,1.0
Blast\BLAST3_094.jpg,Blast,2957,6,1.0
Blast\BLAST3_095.jpg,Blast,2958,6,1.0
Blast\BLAST3_096.jpg,Blast,2959,6,1.0
Blast\BLAST3_097.jpg,Blast,2960,6,1.0
Blast\BLAST3_098.jpg,Blast,2881,12,1.0
Blast\BLAST3_099.jpg,Blast,2962,6,1.0
Blast\BLAST3_100.jpg,Blast,2963,6,1.0
Blast\BLAST3_101.jpg,Blast,2964,6,1.0
Blast\BLAST3_102.jpg,Blast,2965,6,1.0
Blast\BLAST3_103.jpg,Blast,2646,4,1.0
Blast\BLAST3_104.jpg,Blast,2967,6,1.0
Blast\BLAST3_105.jpg,Blast,2968,15,1.0
Blast\BLAST3_106.jpg,Blast,2889,12,1.0
Blast\BLAST3_107.jpg,Blast,2970,6,1.0
Blast\BLAST3_108.jpg,Blast,2891,18,1.0
Blast\BLAST3_109.JPG,Blast,2414,18,1.0
Blast\BLAST3_110.jpg,Blast,2893,12,1.0
Blast\BLAST3_111.JPG,Blast,2976,12,1.0
Blast\BLAST3_112.jpg,Blast,2975,6,1.0
Blast\BLAST3_113.JPG,Blast,2976,12,1.0
Blast\BLAST3_114.jpg,Blast,2977,6,1.0
Blast\BLAST3_115.JPG,Blast,2978,6,1.0
Blast\BLAST3_116.jpg,Blast,2979,6,1.0
Blast\BLAST3_117.JPG,Blast,2980,6,1.0
Blast\BLAST3_118.jpg,Blast,2981,6,1.0
Blast\BLAST3_119.JPG,Blast,2982,6,1.0
Blast\BLAST3_120.jpg,Blast,2983,6,1.0
Blast\BLAST3_121.JPG,Blast,2984,6,1.0
Blast\BLAST3_122.jpg,Blast,2665,4,1.0
Blast\BLAST3_123.JPG,Blast,2986,6,1.0
Blast\BLAST3_124.jpg,Blast,2987,6,1.0
Blast\BLAST3_125.jpg,Blast,2910,18,1.0
Blast\BLAST3_126.jpg,Blast,2989,6,1.0
Blast\BLAST3_127.JPG,Blast,2670,4,1.0
Blast\BLAST3_128.JPG,Blast,2991,6,1.0
Blast\BLAST3_129.JPG,Blast,2992,6,1.0
Blast\BLAST3_130.JPG,Blast,2993,6,1.0
Blast\BLAST3_131.jpg,Blast,2915,12,1.0
Blast\BLAST3_132.JPG,Blast,2995,6,1.0
Blast\BLAST3_133.JPG,Blast,2918,36,1.0
Blast\BLAST3_134.jpg,Blast,2918,36,1.0
Blast\BLAST3_135.JPG,Blast,2998,6,1.0
Blast\BLAST3_136.JPG,Blast,2999,6,1.0
Blast\BLAST3_137.JPG,Blast,2921,12,1.0
Blast\BLAST3_138.JPG,Blast,3001,6,1.0
Blast\BLAST3_139.JPG,Blast,2923,12,1.0
Blast\BLAST3_140.JPG,Blast,2924,15,1.0
Blast\BLAST3_141.jpg,Blast,3004,6,1.0
Blast\BLAST3_142.JPG,Blast,3005,6,1.0
Blast\BLAST3_143.JPG,Blast,3006,6,1.0
Blast\BLAST3_144.JPG,Blast,3007,6,1.0
Blast\BLAST3_145.JPG,Blast,3008,6,1.0
Blast\BLAST3_146.JPG,Blast,3009,6,1.0
Blast\BLAST3_147.JPG,Blast,3010,6,1.0
Blast\BLAST3_148.JPG,Blast,3011,12,1.0
Blast\BLAST3_149.JPG,Blast,3012,6,1.0
Blast\BLAST3_150.JPG,Blast,3013,6,1.0
Blast\BLAST3_151.jpg,Blast,2935,12,1.0
Blast\BLAST3_152.jpg,Blast,2936,12,1.0
Blast\BLAST3_153.jpg,Blast,2937,12,1.0
Blast\BLAST3_154.jpg,Blast,2938,18,1.0
Blast\BLAST3_155.jpg,Blast,3018,6,1.0
Blast\BLAST3_156.jpg,Blast,2940,12,1.0
Blast\BLAST3_157.jpg,Blast,3020,6,1.0
Blast\BLAST3_158.jpg,Blast,3021,18,1.0
Blast\BLAST3_159.jpg,Blast,3022,6,1.0
Blast\BLAST3_160.jpg,Blast,2703,4,1.0
Blast\BLAST4_001.jpg,Blast,2384,3,1.0
Blast\BLAST4_002.jpg,Blast,2945,18,1.0
Blast\BLAST4_003.jpg,Blast,2386,3,1.0
Blast\BLAST4_004.jpg,Blast,2387,6,1.0
Blast\BLAST4_005.jpg,Blast,2388,3,1.0
Blast\BLAST4_006.jpg,Blast,2389,6,1.0
Blast\BLAST4_007.jpg,Blast,2390,3,1.0
Blast\BLAST4_008.jpg,Blast,2391,6,1.0
Blast\BLAST4_009.jpg,Blast,2392,6,1.0
Blast\BLAST4_010.jpg,Blast,2393,3,1.0
Blast\BLAST4_011.jpg,Blast,2394,3,1.0
Blast\BLAST4_012.jpg,Blast,2395,3,1.0
Blast\BLAST4_013.jpg,Blast,2396,3,1.0
Blast\BLAST4_014.jpg,Blast,2397,6,1.0
Blast\BLAST4_015.jpg,Blast,2398,3,1.0
Blast\BLAST4_016.jpg,Blast,2399,3,1.0
Blast\BLAST4_017.jpg,Blast,2400,3,1.0
Blast\BLAST4_018.jpg,Blast,2401,3,1.0
Blast\BLAST4_019.jpg,Blast,2402,3,1.0
Blast\BLAST4_020.jpg,Blast,2403,3,1.0
Blast\BLAST4_021.jpg,Blast,2404,3,1.0
Blast\BLAST4_022.jpg,Blast,2405,3,1.0
Blast\BLAST4_023.jpg,Blast,2406,3,1.0
Blast\BLAST4_024.jpg,Blast,2407,3,1.0
Blast\BLAST4_025.jpg,Blast,2408,3,1.0
Blast\BLAST4_026.jpg,Blast,2409,3,1.0
Blast\BLAST4_027.jpg,Blast,2968,15,1.0
Blast\BLAST4_028.jpg,Blast,2891,18,1.0
Blast\BLAST4_029.jpg,Blast,2412,3,1.0
Blast\BLAST4_030.jpg,Blast,2413,6,1.0
Blast\BLAST4_031.JPG,Blast,2414,18,1.0
Blast\BLAST4_032.jpg,Blast,2415,3,1.0
Blast\BLAST4_033.JPG,Blast,2418,6,1.0
Blast\BLAST4_034.jpg,Blast,2417,3,1.0
Blast\BLAST4_035.JPG,Blast,2418,6,1.0
Blast\BLAST4_036.jpg,Blast,2419,3,1.0
Blast\BLAST4_037.JPG,Blast,2420,3,1.0
Blast\BLAST4_038.jpg,Blast,2421,3,1.0
Blast\BLAST4_039.JPG,Blast,2422,3,1.0
Blast\BLAST4_040.jpg,Blast,2423,3,1.0
Blast\BLAST4_041.JPG,Blast,2424,3,1.0
Blast\BLAST4_042.jpg,Blast,2425,3,1.0
Blast\BLAST4_043.JPG,Blast,2426,3,1.0
Blast\BLAST4_044.jpg,Blast,2427,6,1.0
Blast\BLAST4_045.JPG,Blast,2428,6,1.0
Blast\BLAST4_046.jpg,Blast,2429,3,1.0
Blast\BLAST4_047.jpg,Blast,2910,18,1.0
Blast\BLAST4_048.JPG,Blast,2431,3,1.0
Blast\BLAST4_049.JPG,Blast,2432,3,1.0
Blast\BLAST4_050.JPG,Blast,2433,3,1.0
Blast\BLAST4_051.JPG,Blast,2434,3,1.0
Blast\BLAST4_052.jpg,Blast,2435,3,1.0
Blast\BLAST4_053.JPG,Blast,2436,3,1.0
Blast\BLAST4_054.JPG,Blast,2918,36,1.0
Blast\BLAST4_055.jpg,Blast,2918,36,1.0
Blast\BLAST4_056.JPG,Blast,2439,3,1.0
Blast\BLAST4_057.JPG,Blast,2440,3,1.0
Blast\BLAST4_058.JPG,Blast,2441,3,1.0
Blast\BLAST4_059.JPG,Blast,2442,3,1.0
Blast\BLAST4_060.JPG,Blast,2443,3,1.0
Blast\BLAST4_061.JPG,Blast,2444,3,1.0
Blast\BLAST4_062.jpg,Blast,2445,3,1.0
Blast\BLAST4_063.JPG,Blast,2446,3,1.0
Blast\BLAST4_064.JPG,Blast,2447,3,1.0
Blast\BLAST4_065.JPG,Blast,2448,3,1.0
Blast\BLAST4_066.JPG,Blast,2449,3,1.0
Blast\BLAST4_067.JPG,Blast,2450,3,1.0
Blast\BLAST4_068.JPG,Blast,2451,3,1.0
Blast\BLAST4_069.JPG,Blast,2452,3,1.0
Blast\BLAST4_070.JPG,Blast,2453,3,1.0
Blast\BLAST4_071.JPG,Blast,2454,3,1.0
Blast\BLAST4_072.jpg,Blast,2455,6,1.0
Blast\BLAST4_073.jpg,Blast,2456,6,1.0
Blast\BLAST4_074.jpg,Blast,2457,6,1.0
Blast\BLAST4_075.jpg,Blast,2938,18,1.0
Blast\BLAST4_076.jpg,Blast,2459,3,1.0
Blast\BLAST4_077.jpg,Blast,2460,3,1.0
Blast\BLAST4_078.jpg,Blast,2461,3,1.0
Blast\BLAST4_079.jpg,Blast,3021,18,1.0
Blast\BLAST4_080.jpg,Blast,2542,6,1.0
Blast\BLAST4_081.jpg,Blast,2464,3,1.0
Blast\BLAST4_082.jpg,Blast,2945,18,1.0
Blast\BLAST4_083.jpg,Blast,2466,3,1.0
Blast\BLAST4_084.jpg,Blast,2387,6,1.0
Blast\BLAST4_085.jpg,Blast,2468,3,1.0
Blast\BLAST4_086.jpg,Blast,2389,6,1.0
Blast\BLAST4_087.jpg,Blast,2392,6,1.0
Blast\BLAST4_088.jpg,Blast,2391,6,1.0
Blast\BLAST4_089.jpg,Blast,2472,3,1.0
Blast\BLAST4_090.jpg,Blast,2473,3,1.0
Blast\BLAST4_091.jpg,Blast,2474,3,1.0
Blast\BLAST4_092.jpg,Blast,2475,3,1.0
Blast\BLAST4_093.jpg,Blast,2476,3,1.0
Blast\BLAST4_094.jpg,Blast,2397,6,1.0
Blast\BLAST4_095.jpg,Blast,2478,3,1.0
Blast\BLAST4_096.jpg,Blast,2479,3,1.0
Blast\BLAST4_097.jpg,Blast,2480,3,1.0
Blast\BLAST4_098.jpg,Blast,2481,3,1.0
Blast\BLAST4_099.jpg,Blast,2482,3,1.0
Blast\BLAST4_100.jpg,Blast,2483,3,1.0
Blast\BLAST4_101.jpg,Blast,2484,3,1.0
Blast\BLAST4_102.jpg,Blast,2485,3,1.0
Blast\BLAST4_103.jpg,Blast,2486,3,1.0
Blast\BLAST4_104.jpg,Blast,2487,3,1.0
Blast\BLAST4_105.jpg,Blast,2488,3,1.0
Blast\BLAST4_106.jpg,Blast,2489,3,1.0
Blast\BLAST4_107.jpg,Blast,2490,3,1.0
Blast\BLAST4_108.jpg,Blast,2891,18,1.0
Blast\BLAST4_109.JPG,Blast,2414,18,1.0
Blast\BLAST4_110.jpg,Blast,2413,6,1.0
Blast\BLAST4_111.JPG,Blast,2496,6,1.0
Blast\BLAST4_112.jpg,Blast,2495,3,1.0
Blast\BLAST4_113.JPG,Blast,2496,6,1.0
Blast\BLAST4_114.jpg,Blast,2497,3,1.0
Blast\BLAST4_115.JPG,Blast,2498,3,1.0
Blast\BLAST4_116.jpg,Blast,2499,3,1.0
Blast\BLAST4_117.JPG,Blast,2500,3,1.0
Blast\BLAST4_118.jpg,Blast,2501,3,1.0
Blast\BLAST4_119.JPG,Blast,2502,3,1.0
Blast\BLAST4_120.jpg,Blast,2503,3,1.0
Blast\BLAST4_121.JPG,Blast,2504,3,1.0
Blast\BLAST4_122.jpg,Blast,2505,3,1.0
Blast\BLAST4_123.JPG,Blast,2428,6,1.0
Blast\BLAST4_124.jpg,Blast,2427,6,1.0
Blast\BLAST4_125.jpg,Blast,2910,18,1.0
Blast\BLAST4_126.jpg,Blast,2509,3,1.0
Blast\BLAST4_127.JPG,Blast,2510,3,1.0
Blast\BLAST4_128.JPG,Blast,2511,3,1.0
Blast\BLAST4_129.JPG,Blast,2512,3,1.0
Blast\BLAST4_130.JPG,Blast,2513,3,1.0
Blast\BLAST4_131.jpg,Blast,2514,3,1.0
Blast\BLAST4_132.JPG,Blast,2515,3,1.0
Blast\BLAST4_133.JPG,Blast,2918,36,1.0
Blast\BLAST4_134.jpg,Blast,2918,36,1.0
Blast\BLAST4_135.JPG,Blast,2518,3,1.0
Blast\BLAST4_136.JPG,Blast,2519,3,1.0
Blast\BLAST4_137.JPG,Blast,2520,3,1.0
Blast\BLAST4_138.JPG,Blast,2521,6,1.0
Blast\BLAST4_139.JPG,Blast,2521,6,1.0
Blast\BLAST4_140.JPG,Blast,2924,15,1.0
Blast\BLAST4_141.jpg,Blast,2524,3,1.0
Blast\BLAST4_142.JPG,Blast,2525,3,1.0
Blast\BLAST4_143.JPG,Blast,2526,3,1.0
Blast\BLAST4_144.JPG,Blast,2527,3,1.0
Blast\BLAST4_145.JPG,Blast,2528,3,1.0
Blast\BLAST4_146.JPG,Blast,2529,3,1.0
Blast\BLAST4_147.JPG,Blast,2530,3,1.0
Blast\BLAST4_148.JPG,Blast,2531,3,1.0
Blast\BLAST4_149.JPG,Blast,2532,3,1.0
Blast\BLAST4_150.JPG,Blast,2533,3,1.0
Blast\BLAST4_151.jpg,Blast,2455,6,1.0
Blast\BLAST4_152.jpg,Blast,2456,6,1.0
Blast\BLAST4_153.jpg,Blast,2457,6,1.0
Blast\BLAST4_154.jpg,Blast,2938,18,1.0
Blast\BLAST4_155.jpg,Blast,2538,3,1.0
Blast\BLAST4_156.jpg,Blast,2539,3,1.0
Blast\BLAST4_157.jpg,Blast,2540,3,1.0
Blast\BLAST4_158.jpg,Blast,3021,18,1.0
Blast\BLAST4_159.jpg,Blast,2542,6,1.0
Blast\BLAST4_160.jpg,Blast,2543,3,1.0
Blast\BLAST5_001.jpg,Blast,2703,4,1.0
Blast\BLAST5_002.jpg,Blast,2945,18,1.0
Blast\BLAST5_003.jpg,Blast,2944,6,1.0
Blast\BLAST5_004.jpg,Blast,2867,12,1.0
Blast\BLAST5_005.jpg,Blast,2946,6,1.0
Blast\BLAST5_006.jpg,Blast,2869,12,1.0
Blast\BLAST5_007.jpg,Blast,2948,12,1.0
Blast\BLAST5_008.jpg,Blast,2871,12,1.0
Blast\BLAST5_009.jpg,Blast,2950,6,1.0
Blast\BLAST5_010.jpg,Blast,2953,6,1.0
Blast\BLAST5_011.jpg,Blast,2952,6,1.0
Blast\BLAST5_012.jpg,Blast,2875,12,1.0
Blast\BLAST5_013.jpg,Blast,2954,6,1.0
Blast\BLAST5_014.jpg,Blast,2957,6,1.0
Blast\BLAST5_015.jpg,Blast,2956,6,1.0
Blast\BLAST5_016.jpg,Blast,2959,6,1.0
Blast\BLAST5_017.jpg,Blast,2958,6,1.0
Blast\BLAST5_018.jpg,Blast,2881,12,1.0
Blast\BLAST5_019.jpg,Blast,2960,6,1.0
Blast\BLAST5_020.jpg,Blast,2963,6,1.0
Blast\BLAST5_021.jpg,Blast,2962,6,1.0
Blast\BLAST5_022.jpg,Blast,2965,6,1.0
Blast\BLAST5_023.jpg,Blast,2964,6,1.0
Blast\BLAST5_024.jpg,Blast,2967,6,1.0
Blast\BLAST5_025.jpg,Blast,2646,4,1.0
Blast\BLAST5_026.jpg,Blast,2889,12,1.0
Blast\BLAST5_027.jpg,Blast,2968,15,1.0
Blast\BLAST5_028.jpg,Blast,2891,18,1.0
Blast\BLAST5_029.jpg,Blast,2970,6,1.0
Blast\BLAST5_030.jpg,Blast,2893,12,1.0
Blast\BLAST5_031.JPG,Blast,2414,18,1.0
Blast\BLAST5_032.jpg,Blast,2975,6,1.0
Blast\BLAST5_033.JPG,Blast,2976,12,1.0
Blast\BLAST5_034.jpg,Blast,2977,6,1.0
Blast\BLAST5_035.JPG,Blast,2976,12,1.0
Blast\BLAST5_036.jpg,Blast,2979,6,1.0
Blast\BLAST5_037.JPG,Blast,2978,6,1.0
Blast\BLAST5_038.jpg,Blast,2981,6,1.0
Blast\BLAST5_039.JPG,Blast,2980,6,1.0
Blast\BLAST5_040.jpg,Blast,2983,6,1.0
Blast\BLAST5_041.JPG,Blast,2982,6,1.0
Blast\BLAST5_042.jpg,Blast,2665,4,1.0
Blast\BLAST5_043.JPG,Blast,2984,6,1.0
Blast\BLAST5_044.jpg,Blast,2987,6,1.0
Blast\BLAST5_045.JPG,Blast,2986,6,1.0
Blast\BLAST5_046.jpg,Blast,2989,6,1.0
Blast\BLAST5_047.jpg,Blast,2910,18,1.0
Blast\BLAST5_048.JPG,Blast,2670,4,1.0
Blast\BLAST5_049.JPG,Blast,2991,6,1.0
Blast\BLAST5_050.JPG,Blast,2992,6,1.0
Blast\BLAST5_051.JPG,Blast,2993,6,1.0
Blast\BLAST5_052.jpg,Blast,2915,12,1.0
Blast\BLAST5_053.JPG,Blast,2995,6,1.0
Blast\BLAST5_054.JPG,Blast,2918,36,1.0
Blast\BLAST5_055.jpg,Blast,2918,36,1.0
Blast\BLAST5_056.JPG,Blast,2998,6,1.0
Blast\BLAST5_057.JPG,Blast,2999,6,1.0
Blast\BLAST5_058.JPG,Blast,2921,12,1.0
Blast\BLAST5_059.JPG,Blast,3001,6,1.0
Blast\BLAST5_060.JPG,Blast,2923,12,1.0
Blast\BLAST5_061.JPG,Blast,2924,15,1.0
Blast\BLAST5_062.jpg,Blast,3004,6,1.0
Blast\BLAST5_063.JPG,Blast,3005,6,1.0
Blast\BLAST5_064.JPG,Blast,3006,6,1.0
Blast\BLAST5_065.JPG,Blast,3007,6,1.0
Blast\BLAST5_066.JPG,Blast,3008,6,1.0
Blast\BLAST5_067.JPG,Blast,3009,6,1.0
Blast\BLAST5_068.JPG,Blast,3010,6,1.0
Blast\BLAST5_069.JPG,Blast,3011,12,1.0
Blast\BLAST5_070.JPG,Blast,3012,6,1.0
Blast\BLAST5_071.JPG,Blast,3013,6,1.0
Blast\BLAST5_072.jpg,Blast,2935,12,1.0
Blast\BLAST5_073.jpg,Blast,2936,12,1.0
Blast\BLAST5_074.jpg,Blast,2937,12,1.0
Blast\BLAST5_075.jpg,Blast,2938,18,1.0
Blast\BLAST5_076.jpg,Blast,3018,6,1.0
Blast\BLAST5_077.jpg,Blast,2940,12,1.0
Blast\BLAST5_078.jpg,Blast,3020,6,1.0
Blast\BLAST5_079.jpg,Blast,3021,18,1.0
Blast\BLAST5_080.jpg,Blast,3022,6,1.0
Blast\BLAST5_081.jpg,Blast,2866,6,1.0
Blast\BLAST5_082.jpg,Blast,2945,18,1.0
Blast\BLAST5_083.jpg,Blast,2868,6,1.0
Blast\BLAST5_084.jpg,Blast,2867,12,1.0
Blast\BLAST5_085.jpg,Blast,2948,12,1.0
Blast\BLAST5_086.jpg,Blast,2869,12,1.0
Blast\BLAST5_087.jpg,Blast,2872,6,1.0
Blast\BLAST5_088.jpg,Blast,2871,12,1.0
Blast\BLAST5_089.jpg,Blast,2874,6,1.0
Blast\BLAST5_090.jpg,Blast,2873,6,1.0
Blast\BLAST5_091.jpg,Blast,2876,6,1.0
Blast\BLAST5_092.jpg,Blast,2875,12,1.0
Blast\BLAST5_093.jpg,Blast,2878,6,1.0
Blast\BLAST5_094.jpg,Blast,2877,6,1.0
Blast\BLAST5_095.jpg,Blast,2880,6,1.0
Blast\BLAST5_096.jpg,Blast,2879,6,1.0
Blast\BLAST5_097.jpg,Blast,2882,6,1.0
Blast\BLAST5_098.jpg,Blast,2881,12,1.0
Blast\BLAST5_099.jpg,Blast,2884,6,1.0
Blast\BLAST5_100.jpg,Blast,2883,6,1.0
Blast\BLAST5_101.jpg,Blast,2886,6,1.0
Blast\BLAST5_102.jpg,Blast,2885,6,1.0
Blast\BLAST5_103.jpg,Blast,2888,6,1.0
Blast\BLAST5_104.jpg,Blast,2887,6,1.0
Blast\BLAST5_105.jpg,Blast,2968,15,1.0
Blast\BLAST5_106.jpg,Blast,2889,12,1.0
Blast\BLAST5_107.jpg,Blast,2892,6,1.0
Blast\BLAST5_108.jpg,Blast,2891,18,1.0
Blast\BLAST5_109.JPG,Blast,2414,18,1.0
Blast\BLAST5_110.jpg,Blast,2893,12,1.0
Blast\BLAST5_111.JPG,Blast,2898,12,1.0
Blast\BLAST5_112.jpg,Blast,2575,4,1.0
Blast\BLAST5_113.JPG,Blast,2898,12,1.0
Blast\BLAST5_114.jpg,Blast,2897,6,1.0
Blast\BLAST5_115.JPG,Blast,2900,6,1.0
Blast\BLAST5_116.jpg,Blast,2899,6,1.0
Blast\BLAST5_117.JPG,Blast,2902,6,1.0
Blast\BLAST5_118.jpg,Blast,2901,6,1.0
Blast\BLAST5_119.JPG,Blast,2904,6,1.0
Blast\BLAST5_120.jpg,Blast,2583,4,1.0
Blast\BLAST5_121.JPG,Blast,2906,6,1.0
Blast\BLAST5_122.jpg,Blast,2905,6,1.0
Blast\BLAST5_123.JPG,Blast,2908,6,1.0
Blast\BLAST5_124.jpg,Blast,2907,6,1.0
Blast\BLAST5_125.jpg,Blast,2910,18,1.0
Blast\BLAST5_126.jpg,Blast,2909,6,1.0
Blast\BLAST5_127.JPG,Blast,2911,6,1.0
Blast\BLAST5_128.JPG,Blast,2912,6,1.0
Blast\BLAST5_129.JPG,Blast,2593,4,1.0
Blast\BLAST5_130.JPG,Blast,2914,6,1.0
Blast\BLAST5_131.jpg,Blast,2915,12,1.0
Blast\BLAST5_132.JPG,Blast,2916,6,1.0
Blast\BLAST5_133.JPG,Blast,2918,36,1.0
Blast\BLAST5_134.jpg,Blast,2918,36,1.0
Blast\BLAST5_135.JPG,Blast,2919,6,1.0
Blast\BLAST5_136.JPG,Blast,2920,6,1.0
Blast\BLAST5_137.JPG,Blast,2921,12,1.0
Blast\BLAST5_138.JPG,Blast,2922,6,1.0
Blast\BLAST5_139.JPG,Blast,2923,12,1.0
Blast\BLAST5_140.JPG,Blast,2924,15,1.0
Blast\BLAST5_141.jpg,Blast,2925,6,1.0
Blast\BLAST5_142.JPG,Blast,2926,6,1.0
Blast\BLAST5_143.JPG,Blast,2927,6,1.0
Blast\BLAST5_144.JPG,Blast,2928,6,1.0
Blast\BLAST5_145.JPG,Blast,2929,6,1.0
Blast\BLAST5_146.JPG,Blast,2930,6,1.0
Blast\BLAST5_147.JPG,Blast,2931,6,1.0
Blast\BLAST5_148.JPG,Blast,3011,12,1.0
Blast\BLAST5_149.JPG,Blast,2933,6,1.0
Blast\BLAST5_150.JPG,Blast,2934,6,1.0
Blast\BLAST5_151.jpg,Blast,2935,12,1.0
Blast\BLAST5_152.jpg,Blast,2936,12,1.0
Blast\BLAST5_153.jpg,Blast,2937,12,1.0
Blast\BLAST5_154.jpg,Blast,2938,18,1.0
Blast\BLAST5_155.jpg,Blast,2939,6,1.0
Blast\BLAST5_156.jpg,Blast,2940,12,1.0
Blast\BLAST5_157.jpg,Blast,2941,6,1.0
Blast\BLAST5_158.jpg,Blast,3021,18,1.0
Blast\BLAST5_159.jpg,Blast,2943,6,1.0
Blast\BLAST5_160.jpg,Blast,2864,6,1.0
Blast\BLAST6_001.jpg,Blast,2384,3,1.0
Blast\BLAST6_002.jpg,Blast,2945,18,1.0
Blast\BLAST6_003.jpg,Blast,2386,3,1.0
Blast\BLAST6_004.jpg,Blast,2387,6,1.0
Blast\BLAST6_005.jpg,Blast,2388,3,1.0
Blast\BLAST6_006.jpg,Blast,2389,6,1.0
Blast\BLAST6_007.jpg,Blast,2390,3,1.0
Blast\BLAST6_008.jpg,Blast,2391,6,1.0
Blast\BLAST6_009.jpg,Blast,2392,6,1.0
Blast\BLAST6_010.jpg,Blast,2393,3,1.0
Blast\BLAST6_011.jpg,Blast,2394,3,1.0
Blast\BLAST6_012.jpg,Blast,2395,3,1.0
Blast\BLAST6_013.jpg,Blast,2396,3,1.0
Blast\BLAST6_014.jpg,Blast,2397,6,1.0
Blast\BLAST6_015.jpg,Blast,2398,3,1.0
Blast\BLAST6_016.jpg,Blast,2399,3,1.0
Blast\BLAST6_017.jpg,Blast,2400,3,1.0
Blast\BLAST6_018.jpg,Blast,2401,3,1.0
Blast\BLAST6_019.jpg,Blast,2402,3,1.0
Blast\BLAST6_020.jpg,Blast,2403,3,1.0
Blast\BLAST6_021.jpg,Blast,2404,3,1.0
Blast\BLAST6_022.jpg,Blast,2405,3,1.0
Blast\BLAST6_023.jpg,Blast,2406,3,1.0
Blast\BLAST6_024.jpg,Blast,2407,3,1.0
Blast\BLAST6_025.jpg,Blast,2408,3,1.0
Blast\BLAST6_026.jpg,Blast,2409,3,1.0
Blast\BLAST6_027.jpg,Blast,2968,15,1.0
Blast\BLAST6_028.jpg,Blast,2891,18,1.0
Blast\BLAST6_029.jpg,Blast,2412,3,1.0
Blast\BLAST6_030.jpg,Blast,2413,6,1.0
Blast\BLAST6_031.JPG,Blast,2414,18,1.0
Blast\BLAST6_032.jpg,Blast,2415,3,1.0
Blast\BLAST6_033.JPG,Blast,2418,6,1.0
Blast\BLAST6_034.jpg,Blast,2417,3,1.0
Blast\BLAST6_035.JPG,Blast,2418,6,1.0
Blast\BLAST6_036.jpg,Blast,2419,3,1.0
Blast\BLAST6_037.JPG,Blast,2420,3,1.0
Blast\BLAST6_038.jpg,Blast,2421,3,1.0
Blast\BLAST6_039.JPG,Blast,2422,3,1.0
Blast\BLAST6_040.jpg,Blast,2423,3,1.0
Blast\BLAST6_041.JPG,Blast,2424,3,1.0
Blast\BLAST6_042.jpg,Blast,2425,3,1.0
Blast\BLAST6_043.JPG,Blast,2426,3,1.0
Blast\BLAST6_044.jpg,Blast,2427,6,1.0
Blast\BLAST6_045.JPG,Blast,2428,6,1.0
Blast\BLAST6_046.jpg,Blast,2429,3,1.0
Blast\BLAST6_047.jpg,Blast,2910,18,1.0
Blast\BLAST6_048.JPG,Blast,2431,3,1.0
Blast\BLAST6_049.JPG,Blast,2432,3,1.0
Blast\BLAST6_050.JPG,Blast,2433,3,1.0
Blast\BLAST6_051.JPG,Blast,2434,3,1.0
Blast\BLAST6_052.jpg,Blast,2435,3,1.0
Blast\BLAST6_053.JPG,Blast,2436,3,1.0
Blast\BLAST6_054.JPG,Blast,2918,36,1.0
Blast\BLAST6_055.jpg,Blast,2918,36,1.0
Blast\BLAST6_056.JPG,Blast,2439,3,1.0
Blast\BLAST6_057.JPG,Blast,2440,3,1.0
Blast\BLAST6_058.JPG,Blast,2441,3,1.0
Blast\BLAST6_059.JPG,Blast,2442,3,1.0
Blast\BLAST6_060.JPG,Blast,2443,3,1.0
Blast\BLAST6_061.JPG,Blast,2444,3,1.0
Blast\BLAST6_062.jpg,Blast,2445,3,1.0
Blast\BLAST6_063.JPG,Blast,2446,3,1.0
Blast\BLAST6_064.JPG,Blast,2447,3,1.0
Blast\BLAST6_065.JPG,Blast,2448,3,1.0
Blast\BLAST6_066.JPG,Blast,2449,3,1.0
Blast\BLAST6_067.JPG,Blast,2450,3,1.0
Blast\BLAST6_068.JPG,Blast,2451,3,1.0
Blast\BLAST6_069.JPG,Blast,2452,3,1.0
Blast\BLAST6_070.JPG,Blast,2453,3,1.0
Blast\BLAST6_071.JPG,Blast,2454,3,1.0
Blast\BLAST6_072.jpg,Blast,2455,6,1.0
Blast\BLAST6_073.jpg,Blast,2456,6,1.0
Blast\BLAST6_074.jpg,Blast,2457,6,1.0
Blast\BLAST6_075.jpg,Blast,2938,18,1.0
Blast\BLAST6_076.jpg,Blast,2459,3,1.0
Blast\BLAST6_077.jpg,Blast,2460,3,1.0
Blast\BLAST6_078.jpg,Blast,2461,3,1.0
Blast\BLAST6_079.jpg,Blast,3021,18,1.0
Blast\BLAST6_080.jpg,Blast,2542,6,1.0
Blast\BLAST6_081.jpg,Blast,2464,3,1.0
Blast\BLAST6_082.jpg,Blast,2945,18,1.0
Blast\BLAST6_083.jpg,Blast,2466,3,1.0
Blast\BLAST6_084.jpg,Blast,2387,6,1.0
Blast\BLAST6_085.jpg,Blast,2468,3,1.0
Blast\BLAST6_086.jpg,Blast,2389,6,1.0
Blast\BLAST6_087.jpg,Blast,2392,6,1.0
Blast\BLAST6_088.jpg,Blast,2391,6,1.0
Blast\BLAST6_089.jpg,Blast,2472,3,1.0
Blast\BLAST6_090.jpg,Blast,2473,3,1.0
Blast\BLAST6_091.jpg,Blast,2474,3,1.0
Blast\BLAST6_092.jpg,Blast,2475,3,1.0
Blast\BLAST6_093.jpg,Blast,2476,3,1.0
Blast\BLAST6_094.jpg,Blast,2397,6,1.0
Blast\BLAST6_095.jpg,Blast,2478,3,1.0
Blast\BLAST6_096.jpg,Blast,2479,3,1.0
Blast\BLAST6_097.jpg,Blast,2480,3,1.0
Blast\BLAST6_098.jpg,Blast,2481,3,1.0
Blast\BLAST6_099.jpg,Blast,2482,3,1.0
Blast\BLAST6_100.jpg,Blast,2483,3,1.0
Blast\BLAST6_101.jpg,Blast,2484,3,1.0
Blast\BLAST6_102.jpg,Blast,2485,3,1.0
Blast\BLAST6_103.jpg,Blast,2486,3,1.0
Blast\BLAST6_104.jpg,Blast,2487,3,1.0
Blast\BLAST6_105.jpg,Blast,2488,3,1.0
Blast\BLAST6_106.jpg,Blast,2489,3,1.0
Blast\BLAST6_107.jpg,Blast,2490,3,1.0
Blast\BLAST6_108.jpg,Blast,2891,18,1.0
Blast\BLAST6_109.JPG,Blast,2414,18,1.0
Blast\BLAST6_110.jpg,Blast,2413,6,1.0
Blast\BLAST6_111.JPG,Blast,2496,6,1.0
Blast\BLAST6_112.jpg,Blast,2495,3,1.0
Blast\BLAST6_113.JPG,Blast,2496,6,1.0
Blast\BLAST6_114.jpg,Blast,2497,3,1.0
Blast\BLAST6_115.JPG,Blast,2498,3,1.0
Blast\BLAST6_116.jpg,Blast,2499,3,1.0
Blast\BLAST6_117.JPG,Blast,2500,3,1.0
Blast\BLAST6_118.jpg,Blast,2501,3,1.0
Blast\BLAST6_119.JPG,Blast,2502,3,1.0
Blast\BLAST6_120.jpg,Blast,2503,3,1.0
Blast\BLAST6_121.JPG,Blast,2504,3,1.0
Blast\BLAST6_122.jpg,Blast,2505,3,1.0
Blast\BLAST6_123.JPG,Blast,2428,6,1.0
Blast\BLAST6_124.jpg,Blast,2427,6,1.0
Blast\BLAST6_125.jpg,Blast,2910,18,1.0
Blast\BLAST6_126.jpg,Blast,2509,3,1.0
Blast\BLAST6_127.JPG,Blast,2510,3,1.0
Blast\BLAST6_128.JPG,Blast,2511,3,1.0
Blast\BLAST6_129.JPG,Blast,2512,3,1.0
Blast\BLAST6_130.JPG,Blast,2513,3,1.0
Blast\BLAST6_131.jpg,Blast,2514,3,1.0
Blast\BLAST6_132.JPG,Blast,2515,3,1.0
Blast\BLAST6_133.JPG,Blast,2918,36,1.0
Blast\BLAST6_134.jpg,Blast,2918,36,1.0
Blast\BLAST6_135.JPG,Blast,2518,3,1.0
Blast\BLAST6_136.JPG,Blast,2519,3,1.0
Blast\BLAST6_137.JPG,Blast,2520,3,1.0
Blast\BLAST6_138.JPG,Blast,2521,6,1.0
Blast\BLAST6_139.JPG,Blast,2521,6,1.0
Blast\BLAST6_140.JPG,Blast,2924,15,1.0
Blast\BLAST6_141.jpg,Blast,2524,3,1.0
Blast\BLAST6_142.JPG,Blast,2525,3,1.0
Blast\BLAST6_143.JPG,Blast,2526,3,1.0
Blast\BLAST6_144.JPG,Blast,2527,3,1.0
Blast\BLAST6_145.JPG,Blast,2528,3,1.0
Blast\BLAST6_146.JPG,Blast,2529,3,1.0
Blast\BLAST6_147.JPG,Blast,2530,3,1.0
Blast\BLAST6_148.JPG,Blast,2531,3,1.0
Blast\BLAST6_149.JPG,Blast,2532,3,1.0
Blast\BLAST6_150.JPG,Blast,2533,3,1.0
Blast\BLAST6_151.jpg,Blast,2455,6,1.0
Blast\BLAST6_152.jpg,Blast,2456,6,1.0
Blast\BLAST6_153.jpg,Blast,2457,6,1.0
Blast\BLAST6_154.jpg,Blast,2938,18,1.0
Blast\BLAST6_155.jpg,Blast,2538,3,1.0
Blast\BLAST6_156.jpg,Blast,2539,3,1.0
Blast\BLAST6_157.jpg,Blast,2540,3,1.0
Blast\BLAST6_158.jpg,Blast,3021,18,1.0
Blast\BLAST6_159.jpg,Blast,2542,6,1.0
Blast\BLAST6_160.jpg,Blast,2543,3,1.0
Blast\BLAST7_001.jpg,Blast,2864,6,1.0
Blast\BLAST7_002.jpg,Blast,2945,18,1.0
Blast\BLAST7_003.jpg,Blast,2866,6,1.0
Blast\BLAST7_004.jpg,Blast,2867,12,1.0
Blast\BLAST7_005.jpg,Blast,2868,6,1.0
Blast\BLAST7_006.jpg,Blast,2869,12,1.0
Blast\BLAST7_007.jpg,Blast,2948,12,1.0
Blast\BLAST7_008.jpg,Blast,2871,12,1.0
Blast\BLAST7_009.jpg,Blast,2872,6,1.0
Blast\BLAST7_010.jpg,Blast,2873,6,1.0
Blast\BLAST7_011.jpg,Blast,2874,6,1.0
Blast\BLAST7_012.jpg,Blast,2875,12,1.0
Blast\BLAST7_013.jpg,Blast,2876,6,1.0
Blast\BLAST7_014.jpg,Blast,2877,6,1.0
Blast\BLAST7_015.jpg,Blast,2878,6,1.0
Blast\BLAST7_016.jpg,Blast,2879,6,1.0
Blast\BLAST7_017.jpg,Blast,2880,6,1.0
Blast\BLAST7_018.jpg,Blast,2881,12,1.0
Blast\BLAST7_019.jpg,Blast,2882,6,1.0
Blast\BLAST7_020.jpg,Blast,2883,6,1.0
Blast\BLAST7_021.jpg,Blast,2884,6,1.0
Blast\BLAST7_022.jpg,Blast,2885,6,1.0
Blast\BLAST7_023.jpg,Blast,2886,6,1.0
Blast\BLAST7_024.jpg,Blast,2887,6,1.0
Blast\BLAST7_025.jpg,Blast,2888,6,1.0
Blast\BLAST7_026.jpg,Blast,2889,12,1.0
Blast\BLAST7_027.jpg,Blast,2968,15,1.0
Blast\BLAST7_028.jpg,Blast,2891,18,1.0
Blast\BLAST7_029.jpg,Blast,2892,6,1.0
Blast\BLAST7_030.jpg,Blast,2893,12,1.0
Blast\BLAST7_031.JPG,Blast,2414,18,1.0
Blast\BLAST7_032.jpg,Blast,2575,4,1.0
Blast\BLAST7_033.JPG,Blast,2898,12,1.0
Blast\BLAST7_034.jpg,Blast,2897,6,1.0
Blast\BLAST7_035.JPG,Blast,2898,12,1.0
Blast\BLAST7_036.jpg,Blast,2899,6,1.0
Blast\BLAST7_037.JPG,Blast,2900,6,1.0
Blast\BLAST7_038.jpg,Blast,2901,6,1.0
Blast\BLAST7_039.JPG,Blast,2902,6,1.0
Blast\BLAST7_040.jpg,Blast,2583,4,1.0
Blast\BLAST7_041.JPG,Blast,2904,6,1.0
Blast\BLAST7_042.jpg,Blast,2905,6,1.0
Blast\BLAST7_043.JPG,Blast,2906,6,1.0
Blast\BLAST7_044.jpg,Blast,2907,6,1.0
Blast\BLAST7_045.JPG,Blast,2908,6,1.0
Blast\BLAST7_046.jpg,Blast,2909,6,1.0
Blast\BLAST7_047.jpg,Blast,2910,18,1.0
Blast\BLAST7_048.JPG,Blast,2911,6,1.0
Blast\BLAST7_049.JPG,Blast,2912,6,1.0
Blast\BLAST7_050.JPG,Blast,2593,4,1.0
Blast\BLAST7_051.JPG,Blast,2914,6,1.0
Blast\BLAST7_052.jpg,Blast,2915,12,1.0
Blast\BLAST7_053.JPG,Blast,2916,6,1.0
Blast\BLAST7_054.JPG,Blast,2918,36,1.0
Blast\BLAST7_055.jpg,Blast,2918,36,1.0
Blast\BLAST7_056.JPG,Blast,2919,6,1.0
Blast\BLAST7_057.JPG,Blast,2920,6,1.0
Blast\BLAST7_058.JPG,Blast,2921,12,1.0
Blast\BLAST7_059.JPG,Blast,2922,6,1.0
Blast\BLAST7_060.JPG,Blast,2923,12,1.0
Blast\BLAST7_061.JPG,Blast,2924,15,1.0
Blast\BLAST7_062.jpg,Blast,2925,6,1.0
Blast\BLAST7_063.JPG,Blast,2926,6,1.0
Blast\BLAST7_064.JPG,Blast,2927,6,1.0
Blast\BLAST7_065.JPG,Blast,2928,6,1.0
Blast\BLAST7_066.JPG,Blast,2929,6,1.0
Blast\BLAST7_067.JPG,Blast,2930,6,1.0
Blast\BLAST7_068.JPG,Blast,2931,6,1.0
Blast\BLAST7_069.JPG,Blast,3011,12,1.0
Blast\BLAST7_070.JPG,Blast,2933,6,1.0
Blast\BLAST7_071.JPG,Blast,2934,6,1.0
Blast\BLAST7_072.jpg,Blast,2935,12,1.0
Blast\BLAST7_073.jpg,Blast,2936,12,1.0
Blast\BLAST7_074.jpg,Blast,2937,12,1.0
Blast\BLAST7_075.jpg,Blast,2938,18,1.0
Blast\BLAST7_076.jpg,Blast,2939,6,1.0
Blast\BLAST7_077.jpg,Blast,2940,12,1.0
Blast\BLAST7_078.jpg,Blast,2941,6,1.0
Blast\BLAST7_079.jpg,Blast,3021,18,1.0
Blast\BLAST7_080.jpg,Blast,2943,6,1.0
Blast\BLAST7_081.jpg,Blast,2944,6,1.0
Blast\BLAST7_082.jpg,Blast,2945,18,1.0
Blast\BLAST7_083.jpg,Blast,2946,6,1.0
Blast\BLAST7_084.jpg,Blast,2867,12,1.0
Blast\BLAST7_085.jpg,Blast,2948,12,1.0
Blast\BLAST7_086.jpg,Blast,2869,12,1.0
Blast\BLAST7_087.jpg,Blast,2950,6,1.0
Blast\BLAST7_088.jpg,Blast,2871,12,1.0
Blast\BLAST7_089.jpg,Blast,2952,6,1.0
Blast\BLAST7_090.jpg,Blast,2953,6,1.0
Blast\BLAST7_091.jpg,Blast,2954,6,1.0
Blast\BLAST7_092.jpg,Blast,2875,12,1.0
Blast\BLAST7_093.jpg,Blast,2956,6,1.0
Blast\BLAST7_094.jpg,Blast,2957,6,1.0
Blast\BLAST7_095.jpg,Blast,2958,6,1.0
Blast\BLAST7_096.jpg,Blast,2959,6,1.0
Blast\BLAST7_097.jpg,Blast,2960,6,1.0
Blast\BLAST7_098.jpg,Blast,2881,12,1.0
Blast\BLAST7_099.jpg,Blast,2962,6,1.0
Blast\BLAST7_100.jpg,Blast,2963,6,1.0
Blast\BLAST7_101.jpg,Blast,2964,6,1.0
Blast\BLAST7_102.jpg,Blast,2965,6,1.0
Blast\BLAST7_103.jpg,Blast,2646,4,1.0
Blast\BLAST7_104.jpg,Blast,2967,6,1.0
Blast\BLAST7_105.jpg,Blast,2968,15,1.0
Blast\BLAST7_106.jpg,Blast,2889,12,1.0
Blast\BLAST7_107.jpg,Blast,2970,6,1.0
Blast\BLAST7_108.jpg,Blast,2891,18,1.0
Blast\BLAST7_109.JPG,Blast,2414,18,1.0
Blast\BLAST7_110.jpg,Blast,2893,12,1.0
Blast\BLAST7_111.JPG,Blast,2976,12,1.0
Blast\BLAST7_112.jpg,Blast,2975,6,1.0
Blast\BLAST7_113.JPG,Blast,2976,12,1.0
Blast\BLAST7_114.jpg,Blast,2977,6,1.0
Blast\BLAST7_115.JPG,Blast,2978,6,1.0
Blast\BLAST7_116.jpg,Blast,2979,6,1.0
Blast\BLAST7_117.JPG,Blast,2980,6,1.0
Blast\BLAST7_118.jpg,Blast,2981,6,1.0
Blast\BLAST7_119.JPG,Blast,2982,6,1.0
Blast\BLAST7_120.jpg,Blast,2983,6,1.0
Blast\BLAST7_121.JPG,Blast,2984,6,1.0
Blast\BLAST7_122.jpg,Blast,2665,4,1.0
Blast\BLAST7_123.JPG,Blast,2986,6,1.0
Blast\BLAST7_124.jpg,Blast,2987,6,1.0
Blast\BLAST7_125.jpg,Blast,2910,18,1.0
Blast\BLAST7_126.jpg,Blast,2989,6,1.0
Blast\BLAST7_127.JPG,Blast,2670,4,1.0
Blast\BLAST7_128.JPG,Blast,2991,6,1.0
Blast\BLAST7_129.JPG,Blast,2992,6,1.0
Blast\BLAST7_130.JPG,Blast,2993,6,1.0
Blast\BLAST7_131.jpg,Blast,2915,12,1.0
Blast\BLAST7_132.JPG,Blast,2995,6,1.0
Blast\BLAST7_133.JPG,Blast,2918,36,1.0
Blast\BLAST7_134.jpg,Blast,2918,36,1.0
Blast\BLAST7_135.JPG,Blast,2998,6,1.0
Blast\BLAST7_136.JPG,Blast,2999,6,1.0
Blast\BLAST7_137.JPG,Blast,2921,12,1.0
Blast\BLAST7_138.JPG,Blast,3001,6,1.0
Blast\BLAST7_139.JPG,Blast,2923,12,1.0
Blast\BLAST7_140.JPG,Blast,2924,15,1.0
Blast\BLAST7_141.jpg,Blast,3004,6,1.0
Blast\BLAST7_142.JPG,Blast,3005,6,1.0
Blast\BLAST7_143.JPG,Blast,3006,6,1.0
Blast\BLAST7_144.JPG,Blast,3007,6,1.0
Blast\BLAST7_145.JPG,Blast,3008,6,1.0
Blast\BLAST7_146.JPG,Blast,3009,6,1.0
Blast\BLAST7_147.JPG,Blast,3010,6,1.0
Blast\BLAST7_148.JPG,Blast,3011,12,1.0
Blast\BLAST7_149.JPG,Blast,3012,6,1.0
Blast\BLAST7_150.JPG,Blast,3013,6,1.0
Blast\BLAST7_151.jpg,Blast,2935,12,1.0
Blast\BLAST7_152.jpg,Blast,2936,12,1.0
Blast\BLAST7_153.jpg,Blast,2937,12,1.0
Blast\BLAST7_154.jpg,Blast,2938,18,1.0
Blast\BLAST7_155.jpg,Blast,3018,6,1.0
Blast\BLAST7_156.jpg,Blast,2940,12,1.0
Blast\BLAST7_157.jpg,Blast,3020,6,1.0
Blast\BLAST7_158.jpg,Blast,3021,18,1.0
Blast\BLAST7_159.jpg,Blast,3022,6,1.0
Blast\BLAST7_160.jpg,Blast,2703,4,1.0
Blast\BLAST8_001.jpg,Blast,3023,2,0.9739
Blast\BLAST8_002.jpg,Blast,2945,18,1.0
Blast\BLAST8_003.jpg,Blast,2944,6,0.9905
Blast\BLAST8_004.jpg,Blast,2867,12,1.0
Blast\BLAST8_005.jpg,Blast,2946,6,0.9891
Blast\BLAST8_006.jpg,Blast,2869,12,1.0
Blast\BLAST8_007.jpg,Blast,2948,12,0.9785
Blast\BLAST8_008.jpg,Blast,2871,12,1.0
Blast\BLAST8_009.jpg,Blast,2950,6,0.9888
Blast\BLAST8_010.jpg,Blast,2953,6,1.0
Blast\BLAST8_011.jpg,Blast,2952,6,0.9937
Blast\BLAST8_012.jpg,Blast,2875,12,1.0
Blast\BLAST8_013.jpg,Blast,2954,6,0.9817
Blast\BLAST8_014.jpg,Blast,2957,6,1.0
Blast\BLAST8_015.jpg,Blast,2956,6,0.9935
Blast\BLAST8_016.jpg,Blast,2959,6,1.0
Blast\BLAST8_017.jpg,Blast,2958,6,0.9907
Blast\BLAST8_018.jpg,Blast,2881,12,1.0
Blast\BLAST8_019.jpg,Blast,2960,6,0.9904
Blast\BLAST8_020.jpg,Blast,2963,6,1.0
Blast\BLAST8_021.jpg,Blast,2962,6,0.9896
Blast\BLAST8_022.jpg,Blast,2965,6,1.0
Blast\BLAST8_023.jpg,Blast,2964,6,0.9491
Blast\BLAST8_024.jpg,Blast,2967,6,1.0
Blast\BLAST8_025.jpg,Blast,2966,2,0.9737
Blast\BLAST8_026.jpg,Blast,2889,12,1.0
Blast\BLAST8_027.jpg,Blast,2968,15,0.9932
Blast\BLAST8_028.jpg,Blast,2891,18,1.0
Blast\BLAST8_029.jpg,Blast,2970,6,0.9821
Blast\BLAST8_030.jpg,Blast,2893,12,1.0
Blast\BLAST8_031.JPG,Blast,2414,18,0.9933
Blast\BLAST8_032.jpg,Blast,2975,6,1.0
Blast\BLAST8_033.JPG,Blast,2976,12,0.9907
Blast\BLAST8_034.jpg,Blast,2977,6,1.0
Blast\BLAST8_035.JPG,Blast,2976,12,0.9944
Blast\BLAST8_036.jpg,Blast,2979,6,1.0
Blast\BLAST8_037.JPG,Blast,2978,6,0.9837
Blast\BLAST8_038.jpg,Blast,2981,6,1.0
Blast\BLAST8_039.JPG,Blast,2980,6,0.9897
Blast\BLAST8_040.jpg,Blast,2983,6,1.0
Blast\BLAST8_041.JPG,Blast,2982,6,0.9904
Blast\BLAST8_042.jpg,Blast,2985,2,1.0
Blast\BLAST8_043.JPG,Blast,2984,6,0.9923
Blast\BLAST8_044.jpg,Blast,2987,6,1.0
Blast\BLAST8_045.JPG,Blast,2986,6,0.9915
Blast\BLAST8_046.jpg,Blast,2989,6,1.0
Blast\BLAST8_047.jpg,Blast,2910,18,0.9886
Blast\BLAST8_048.JPG,Blast,2990,2,0.978
Blast\BLAST8_049.JPG,Blast,2991,6,0.981
Blast\BLAST8_050.JPG,Blast,2992,6,0.9812
Blast\BLAST8_051.JPG,Blast,2993,6,0.9858
Blast\BLAST8_052.jpg,Blast,2915,12,0.9868
Blast\BLAST8_053.JPG,Blast,2995,6,0.9814
Blast\BLAST8_054.JPG,Blast,2918,36,0.996
Blast\BLAST8_055.jpg,Blast,2918,36,0.9944
Blast\BLAST8_056.JPG,Blast,2998,6,0.9868
Blast\BLAST8_057.JPG,Blast,2999,6,0.9911
Blast\BLAST8_058.JPG,Blast,2921,12,0.9893
Blast\BLAST8_059.JPG,Blast,3001,6,0.993
Blast\BLAST8_060.JPG,Blast,2923,12,0.9895
Blast\BLAST8_061.JPG,Blast,2924,15,0.9949
Blast\BLAST8_062.jpg,Blast,3004,6,0.9707
Blast\BLAST8_063.JPG,Blast,3005,6,0.9906
Blast\BLAST8_064.JPG,Blast,3006,6,0.9711
Blast\BLAST8_065.JPG,Blast,3007,6,0.9869
Blast\BLAST8_066.JPG,Blast,3008,6,0.9877
Blast\BLAST8_067.JPG,Blast,3009,6,0.9835
Blast\BLAST8_068.JPG,Blast,3010,6,0.9739
Blast\BLAST8_069.JPG,Blast,3011,12,0.9733
Blast\BLAST8_070.JPG,Blast,3012,6,0.9891
Blast\BLAST8_071.JPG,Blast,3013,6,0.9859
Blast\BLAST8_072.jpg,Blast,2935,12,0.994
Blast\BLAST8_073.jpg,Blast,2936,12,0.9941
Blast\BLAST8_074.jpg,Blast,2937,12,0.9946
Blast\BLAST8_075.jpg,Blast,2938,18,0.9921
Blast\BLAST8_076.jpg,Blast,3018,6,0.9941
Blast\BLAST8_077.jpg,Blast,2940,12,0.9878
Blast\BLAST8_078.jpg,Blast,3020,6,0.9866
Blast\BLAST8_079.jpg,Blast,3021,18,0.9921
Blast\BLAST8_080.jpg,Blast,3022,6,0.9957
Blast\BLAST8_081.jpg,Blast,2866,6,0.9891
Blast\BLAST8_082.jpg,Blast,2945,18,1.0
Blast\BLAST8_083.jpg,Blast,2868,6,0.9917
Blast\BLAST8_084.jpg,Blast,2867,12,1.0
Blast\BLAST8_085.jpg,Blast,2948,12,0.9772
Blast\BLAST8_086.jpg,Blast,2869,12,1.0
Blast\BLAST8_087.jpg,Blast,2872,6,0.9897
Blast\BLAST8_088.jpg,Blast,2871,12,1.0
Blast\BLAST8_089.jpg,Blast,2874,6,0.9928
Blast\BLAST8_090.jpg,Blast,2873,6,1.0
Blast\BLAST8_091.jpg,Blast,2876,6,0.9825
Blast\BLAST8_092.jpg,Blast,2875,12,1.0
Blast\BLAST8_093.jpg,Blast,2878,6,0.9903
Blast\BLAST8_094.jpg,Blast,2877,6,1.0
Blast\BLAST8_095.jpg,Blast,2880,6,0.9893
Blast\BLAST8_096.jpg,Blast,2879,6,1.0
Blast\BLAST8_097.jpg,Blast,2882,6,0.9807
Blast\BLAST8_098.jpg,Blast,2881,12,1.0
Blast\BLAST8_099.jpg,Blast,2884,6,0.9825
Blast\BLAST8_100.jpg,Blast,2883,6,1.0
Blast\BLAST8_101.jpg,Blast,2886,6,0.9816
Blast\BLAST8_102.jpg,Blast,2885,6,1.0
Blast\BLAST8_103.jpg,Blast,2888,6,0.9841
Blast\BLAST8_104.jpg,Blast,2887,6,1.0
Blast\BLAST8_105.jpg,Blast,2968,15,0.9919
Blast\BLAST8_106.jpg,Blast,2889,12,1.0
Blast\BLAST8_107.jpg,Blast,2892,6,0.9867
Blast\BLAST8_108.jpg,Blast,2891,18,1.0
Blast\BLAST8_109.JPG,Blast,2414,18,0.9935
Blast\BLAST8_110.jpg,Blast,2893,12,1.0
Blast\BLAST8_111.JPG,Blast,2898,12,0.9913
Blast\BLAST8_112.jpg,Blast,2895,2,1.0
Blast\BLAST8_113.JPG,Blast,2898,12,0.9884
Blast\BLAST8_114.jpg,Blast,2897,6,1.0
Blast\BLAST8_115.JPG,Blast,2900,6,0.9903
Blast\BLAST8_116.jpg,Blast,2899,6,1.0
Blast\BLAST8_117.JPG,Blast,2902,6,0.9896
Blast\BLAST8_118.jpg,Blast,2901,6,1.0
Blast\BLAST8_119.JPG,Blast,2904,6,0.991
Blast\BLAST8_120.jpg,Blast,2903,2,1.0
Blast\BLAST8_121.JPG,Blast,2906,6,0.9886
Blast\BLAST8_122.jpg,Blast,2905,6,1.0
Blast\BLAST8_123.JPG,Blast,2908,6,0.9853
Blast\BLAST8_124.jpg,Blast,2907,6,1.0
Blast\BLAST8_125.jpg,Blast,2910,18,0.9891
Blast\BLAST8_126.jpg,Blast,2909,6,1.0
Blast\BLAST8_127.JPG,Blast,2911,6,0.9767
Blast\BLAST8_128.JPG,Blast,2912,6,0.9815
Blast\BLAST8_129.JPG,Blast,2913,2,0.9887
Blast\BLAST8_130.JPG,Blast,2914,6,0.9868
Blast\BLAST8_131.jpg,Blast,2915,12,0.9903
Blast\BLAST8_132.JPG,Blast,2916,6,0.9879
Blast\BLAST8_133.JPG,Blast,2918,36,0.9915
Blast\BLAST8_134.jpg,Blast,2918,36,0.9879
Blast\BLAST8_135.JPG,Blast,2919,6,0.9931
Blast\BLAST8_136.JPG,Blast,2920,6,0.9933
Blast\BLAST8_137.JPG,Blast,2921,12,0.9901
Blast\BLAST8_138.JPG,Blast,2922,6,0.984
Blast\BLAST8_139.JPG,Blast,2923,12,0.9934
Blast\BLAST8_140.JPG,Blast,2924,15,0.9956
Blast\BLAST8_141.jpg,Blast,2925,6,0.986
Blast\BLAST8_142.JPG,Blast,2926,6,0.9886
Blast\BLAST8_143.JPG,Blast,2927,6,0.9849
Blast\BLAST8_144.JPG,Blast,2928,6,0.9927
Blast\BLAST8_145.JPG,Blast,2929,6,0.9904
Blast\BLAST8_146.JPG,Blast,2930,6,0.9816
Blast\BLAST8_147.JPG,Blast,2931,6,0.9712
Blast\BLAST8_148.JPG,Blast,3011,12,0.9722
Blast\BLAST8_149.JPG,Blast,2933,6,0.9916
Blast\BLAST8_150.JPG,Blast,2934,6,0.9877
Blast\BLAST8_151.jpg,Blast,2935,12,0.9919
Blast\BLAST8_152.jpg,Blast,2936,12,0.9967
Blast\BLAST8_153.jpg,Blast,2937,12,0.9936
Blast\BLAST8_154.jpg,Blast,2938,18,0.9867
Blast\BLAST8_155.jpg,Blast,2939,6,0.9933
Blast\BLAST8_156.jpg,Blast,2940,12,0.9898
Blast\BLAST8_157.jpg,Blast,2941,6,0.9855
Blast\BLAST8_158.jpg,Blast,3021,18,0.9948
Blast\BLAST8_159.jpg,Blast,2943,6,0.9933
Blast\BLAST8_160.jpg,Blast,2864,6,0.9673
Blast\BLAST9_001.jpg,Blast,2864,6,0.9673
Blast\BLAST9_002.jpg,Blast,2945,18,1.0
Blast\BLAST9_003.jpg,Blast,2866,6,0.9891
Blast\BLAST9_004.jpg,Blast,2867,12,1.0
Blast\BLAST9_005.jpg,Blast,2868,6,0.9917
Blast\BLAST9_006.jpg,Blast,2869,12,1.0
Blast\BLAST9_007.jpg,Blast,2948,12,0.9772
Blast\BLAST9_008.jpg,Blast,2871,12,1.0
Blast\BLAST9_009.jpg,Blast,2872,6,0.9897
Blast\BLAST9_010.jpg,Blast,2873,6,1.0
Blast\BLAST9_011.jpg,Blast,2874,6,0.9928
Blast\BLAST9_012.jpg,Blast,2875,12,1.0
Blast\BLAST9_013.jpg,Blast,2876,6,0.9825
Blast\BLAST9_014.jpg,Blast,2877,6,1.0
Blast\BLAST9_015.jpg,Blast,2878,6,0.9903
Blast\BLAST9_016.jpg,Blast,2879,6,1.0
Blast\BLAST9_017.jpg,Blast,2880,6,0.9893
Blast\BLAST9_018.jpg,Blast,2881,12,1.0
Blast\BLAST9_019.jpg,Blast,2882,6,0.9807
Blast\BLAST9_020.jpg,Blast,2883,6,1.0
Blast\BLAST9_021.jpg,Blast,2884,6,0.9825
Blast\BLAST9_022.jpg,Blast,2885,6,1.0
Blast\BLAST9_023.jpg,Blast,2886,6,0.9816
Blast\BLAST9_024.jpg,Blast,2887,6,1.0
Blast\BLAST9_025.jpg,Blast,2888,6,0.9841
Blast\BLAST9_026.jpg,Blast,2889,12,1.0
Blast\BLAST9_027.jpg,Blast,2968,15,0.9919
Blast\BLAST9_028.jpg,Blast,2891,18,1.0
Blast\BLAST9_029.jpg,Blast,2892,6,0.9867
Blast\BLAST9_030.jpg,Blast,2893,12,1.0
Blast\BLAST9_031.JPG,Blast,2414,18,0.9935
Blast\BLAST9_032.jpg,Blast,2895,2,1.0
Blast\BLAST9_033.JPG,Blast,2898,12,0.9913
Blast\BLAST9_034.jpg,Blast,2897,6,1.0
Blast\BLAST9_035.JPG,Blast,2898,12,0.9884
Blast\BLAST9_036.jpg,Blast,2899,6,1.0
Blast\BLAST9_037.JPG,Blast,2900,6,0.9903
Blast\BLAST9_038.jpg,Blast,2901,6,1.0
Blast\BLAST9_039.JPG,Blast,2902,6,0.9896
Blast\BLAST9_040.jpg,Blast,2903,2,1.0
Blast\BLAST9_041.JPG,Blast,2904,6,0.991
Blast\BLAST9_042.jpg,Blast,2905,6,1.0
Blast\BLAST9_043.JPG,Blast,2906,6,0.9886
Blast\BLAST9_044.jpg,Blast,2907,6,1.0
Blast\BLAST9_045.JPG,Blast,2908,6,0.9853
Blast\BLAST9_046.jpg,Blast,2909,6,1.0
Blast\BLAST9_047.jpg,Blast,2910,18,0.9891
Blast\BLAST9_048.JPG,Blast,2911,6,0.9767
Blast\BLAST9_049.JPG,Blast,2912,6,0.9815
Blast\BLAST9_050.JPG,Blast,2913,2,0.9887
Blast\BLAST9_051.JPG,Blast,2914,6,0.9868
Blast\BLAST9_052.jpg,Blast,2915,12,0.9903
Blast\BLAST9_053.JPG,Blast,2916,6,0.9879
Blast\BLAST9_054.JPG,Blast,2918,36,0.9915
Blast\BLAST9_055.jpg,Blast,2918,36,0.9841
Blast\BLAST9_056.JPG,Blast,2919,6,0.9931
Blast\BLAST9_057.JPG,Blast,2920,6,0.9933
Blast\BLAST9_058.JPG,Blast,2921,12,0.9901
Blast\BLAST9_059.JPG,Blast,2922,6,0.984
Blast\BLAST9_060.JPG,Blast,2923,12,0.9934
Blast\BLAST9_061.JPG,Blast,2924,15,0.9956
Blast\BLAST9_062.jpg,Blast,2925,6,0.986
Blast\BLAST9_063.JPG,Blast,2926,6,0.9886
Blast\BLAST9_064.JPG,Blast,2927,6,0.9849
Blast\BLAST9_065.JPG,Blast,2928,6,0.9927
Blast\BLAST9_066.JPG,Blast,2929,6,0.9904
Blast\BLAST9_067.JPG,Blast,2930,6,0.9816
Blast\BLAST9_068.JPG,Blast,2931,6,0.9712
Blast\BLAST9_069.JPG,Blast,3011,12,0.9683
Blast\BLAST9_070.JPG,Blast,2933,6,0.9916
Blast\BLAST9_071.JPG,Blast,2934,6,0.9877
Blast\BLAST9_072.jpg,Blast,2935,12,0.9919
Blast\BLAST9_073.jpg,Blast,2936,12,0.9967
Blast\BLAST9_074.jpg,Blast,2937,12,0.9936
Blast\BLAST9_075.jpg,Blast,2938,18,0.9867
Blast\BLAST9_076.jpg,Blast,2939,6,0.9933
Blast\BLAST9_077.jpg,Blast,2940,12,0.9898
Blast\BLAST9_078.jpg,Blast,2941,6,0.9855
Blast\BLAST9_079.jpg,Blast,3021,18,0.9948
Blast\BLAST9_080.jpg,Blast,2943,6,0.9933
Blast\BLAST9_081.jpg,Blast,2944,6,0.9905
Blast\BLAST9_082.jpg,Blast,2945,18,1.0
Blast\BLAST9_083.jpg,Blast,2946,6,0.9891
Blast\BLAST9_084.jpg,Blast,2867,12,1.0
Blast\BLAST9_085.jpg,Blast,2948,12,0.9785
Blast\BLAST9_086.jpg,Blast,2869,12,1.0
Blast\BLAST9_087.jpg,Blast,2950,6,0.9888
Blast\BLAST9_088.jpg,Blast,2871,12,1.0
Blast\BLAST9_089.jpg,Blast,2952,6,0.9937
Blast\BLAST9_090.jpg,Blast,2953,6,1.0
Blast\BLAST9_091.jpg,Blast,2954,6,0.9817
Blast\BLAST9_092.jpg,Blast,2875,12,1.0
Blast\BLAST9_093.jpg,Blast,2956,6,0.9935
Blast\BLAST9_094.jpg,Blast,2957,6,1.0
Blast\BLAST9_095.jpg,Blast,2958,6,0.9907
Blast\BLAST9_096.jpg,Blast,2959,6,1.0
Blast\BLAST9_097.jpg,Blast,2960,6,0.9904
Blast\BLAST9_098.jpg,Blast,2881,12,1.0
Blast\BLAST9_099.jpg,Blast,2962,6,0.9896
Blast\BLAST9_100.jpg,Blast,2963,6,1.0
Blast\BLAST9_101.jpg,Blast,2964,6,0.9682
Blast\BLAST9_102.jpg,Blast,2965,6,1.0
Blast\BLAST9_103.jpg,Blast,2966,2,0.9737
Blast\BLAST9_104.jpg,Blast,2967,6,1.0
Blast\BLAST9_105.jpg,Blast,2968,15,0.9932
Blast\BLAST9_106.jpg,Blast,2889,12,1.0
Blast\BLAST9_107.jpg,Blast,2970,6,0.9821
Blast\BLAST9_108.jpg,Blast,2891,18,1.0
Blast\BLAST9_109.JPG,Blast,2414,18,0.9933
Blast\BLAST9_110.jpg,Blast,2893,12,1.0
Blast\BLAST9_111.JPG,Blast,2976,12,0.9907
Blast\BLAST9_112.jpg,Blast,2975,6,1.0
Blast\BLAST9_113.JPG,Blast,2976,12,0.9944
Blast\BLAST9_114.jpg,Blast,2977,6,1.0
Blast\BLAST9_115.JPG,Blast,2978,6,0.9837
Blast\BLAST9_116.jpg,Blast,2979,6,1.0
Blast\BLAST9_117.JPG,Blast,2980,6,0.9897
Blast\BLAST9_118.jpg,Blast,2981,6,1.0
Blast\BLAST9_119.JPG,Blast,2982,6,0.9904
Blast\BLAST9_120.jpg,Blast,2983,6,1.0
Blast\BLAST9_121.JPG,Blast,2984,6,0.9923
Blast\BLAST9_122.jpg,Blast,2985,2,1.0
Blast\BLAST9_123.JPG,Blast,2986,6,0.9915
Blast\BLAST9_124.jpg,Blast,2987,6,1.0
Blast\BLAST9_125.jpg,Blast,2910,18,0.9886
Blast\BLAST9_126.jpg,Blast,2989,6,1.0
Blast\BLAST9_127.JPG,Blast,2990,2,0.978
Blast\BLAST9_128.JPG,Blast,2991,6,0.981
Blast\BLAST9_129.JPG,Blast,2992,6,0.9812
Blast\BLAST9_130.JPG,Blast,2993,6,0.9858
Blast\BLAST9_131.jpg,Blast,2915,12,0.9868
Blast\BLAST9_132.JPG,Blast,2995,6,0.9814
Blast\BLAST9_133.JPG,Blast,2918,36,0.996
Blast\BLAST9_134.jpg,Blast,2918,36,0.9944
Blast\BLAST9_135.JPG,Blast,2998,6,0.9868
Blast\BLAST9_136.JPG,Blast,2999,6,0.9911
Blast\BLAST9_137.JPG,Blast,2921,12,0.9893
Blast\BLAST9_138.JPG,Blast,3001,6,0.993
Blast\BLAST9_139.JPG,Blast,2923,12,0.9895
Blast\BLAST9_140.JPG,Blast,2924,15,0.9949
Blast\BLAST9_141.jpg,Blast,3004,6,0.969
Blast\BLAST9_142.JPG,Blast,3005,6,0.9906
Blast\BLAST9_143.JPG,Blast,3006,6,0.9711
Blast\BLAST9_144.JPG,Blast,3007,6,0.9869
Blast\BLAST9_145.JPG,Blast,3008,6,0.9877
Blast\BLAST9_146.JPG,Blast,3009,6,0.9835
Blast\BLAST9_147.JPG,Blast,3010,6,0.9739
Blast\BLAST9_148.JPG,Blast,3011,12,0.9733
Blast\BLAST9_149.JPG,Blast,3012,6,0.9891
Blast\BLAST9_150.JPG,Blast,3013,6,0.9859
Blast\BLAST9_151.jpg,Blast,2935,12,0.994
Blast\BLAST9_152.jpg,Blast,2936,12,0.9941
Blast\BLAST9_153.jpg,Blast,2937,12,0.9946
Blast\BLAST9_154.jpg,Blast,2938,18,0.9921
Blast\BLAST9_155.jpg,Blast,3018,6,0.9941
Blast\BLAST9_156.jpg,Blast,2940,12,0.9878
Blast\BLAST9_157.jpg,Blast,3020,6,0.9866
Blast\BLAST9_158.jpg,Blast,3021,18,0.9921
Blast\BLAST9_159.jpg,Blast,3022,6,0.9957
Blast\BLAST9_160.jpg,Blast,3023,2,0.9739
Brownspot\BROWNSPOT1_001.jpg,Brownspot,4423,5,1.0
Brownspot\BROWNSPOT1_002.jpg,Brownspot,4325,5,1.0
Brownspot\BROWNSPOT1_003.jpg,Brownspot,4324,5,1.0
Brownspot\BROWNSPOT1_004.jpg,Brownspot,4327,5,1.0
Brownspot\BROWNSPOT1_005.jpg,Brownspot,4326,5,1.0
Brownspot\BROWNSPOT1_006.jpg,Brownspot,4329,5,1.0
Brownspot\BROWNSPOT1_007.jpg,Brownspot,4328,5,1.0
Brownspot\BROWNSPOT1_008.jpg,Brownspot,4331,5,1.0
Brownspot\BROWNSPOT1_009.jpg,Brownspot,4232,10,1.0
Brownspot\BROWNSPOT1_010.jpg,Brownspot,3932,16,1.0
Brownspot\BROWNSPOT1_011.jpg,Brownspot,4234,10,1.0
Brownspot\BROWNSPOT1_012.jpg,Brownspot,4334,5,1.0
Brownspot\BROWNSPOT1_013.jpg,Brownspot,4335,5,1.0
Brownspot\BROWNSPOT1_014.jpg,Brownspot,4336,5,1.0
Brownspot\BROWNSPOT1_015.jpg,Brownspot,4337,5,1.0
Brownspot\BROWNSPOT1_016.jpg,Brownspot,4338,5,1.0
Brownspot\BROWNSPOT1_017.jpg,Brownspot,4339,5,1.0
Brownspot\BROWNSPOT1_018.jpg,Brownspot,4553,10,1.0
Brownspot\BROWNSPOT1_019.jpg,Brownspot,4239,10,1.0
Brownspot\BROWNSPOT1_020.jpg,Brownspot,4342,5,1.0
Brownspot\BROWNSPOT1_021.jpg,Brownspot,4343,5,1.0
Brownspot\BROWNSPOT1_022.jpg,Brownspot,4344,5,1.0
Brownspot\BROWNSPOT1_023.jpg,Brownspot,4345,11,1.0
Brownspot\BROWNSPOT1_024.jpg,Brownspot,4546,5,1.0
Brownspot\BROWNSPOT1_025.jpg,Brownspot,4547,3,1.0
Brownspot\BROWNSPOT1_026.jpg,Brownspot,4348,5,1.0
Brownspot\BROWNSPOT1_027.jpg,Brownspot,4349,10,1.0
Brownspot\BROWNSPOT1_028.jpg,Brownspot,4350,5,1.0
Brownspot\BROWNSPOT1_029.jpg,Brownspot,4351,10,1.0
Brownspot\BROWNSPOT1_030.jpg,Brownspot,4352,5,1.0
Brownspot\BROWNSPOT1_031.jpg,Brownspot,4553,10,1.0
Brownspot\BROWNSPOT1_032.jpg,Brownspot,4354,5,1.0
Brownspot\BROWNSPOT1_033.jpg,Brownspot,4355,5,1.0
Brownspot\BROWNSPOT1_034.jpg,Brownspot,4356,5,1.0
Brownspot\BROWNSPOT1_035.jpg,Brownspot,4357,5,1.0
Brownspot\BROWNSPOT1_036.jpg,Brownspot,4358,10,1.0
Brownspot\BROWNSPOT1_037.jpg,Brownspot,4359,5,1.0
Brownspot\BROWNSPOT1_038.jpg,Brownspot,4360,5,1.0
Brownspot\BROWNSPOT1_039.jpg,Brownspot,4561,3,1.0
Brownspot\BROWNSPOT1_040.jpg,Brownspot,4263,10,1.0
Brownspot\BROWNSPOT1_041.jpg,Brownspot,4563,3,1.0
Brownspot\BROWNSPOT1_042.jpg,Brownspot,4364,5,1.0
Brownspot\BROWNSPOT1_043.jpg,Brownspot,4466,10,1.0
Brownspot\BROWNSPOT1_044.jpg,Brownspot,4366,5,1.0
Brownspot\BROWNSPOT1_045.jpg,Brownspot,4367,5,1.0
Brownspot\BROWNSPOT1_046.jpg,Brownspot,4568,3,1.0
Brownspot\BROWNSPOT1_047.jpg,Brownspot,4369,5,1.0
Brownspot\BROWNSPOT1_048.jpg,Brownspot,4370,5,1.0
Brownspot\BROWNSPOT1_049.jpg,Brownspot,4371,5,1.0
Brownspot\BROWNSPOT1_050.jpg,Brownspot,4372,5,1.0
Brownspot\BROWNSPOT1_051.jpg,Brownspot,4373,5,1.0
Brownspot\BROWNSPOT1_052.jpg,Brownspot,4374,5,1.0
Brownspot\BROWNSPOT1_053.jpg,Brownspot,4375,5,1.0
Brownspot\BROWNSPOT1_054.jpg,Brownspot,4277,10,1.0
Brownspot\BROWNSPOT1_055.jpg,Brownspot,4278,10,1.0
Brownspot\BROWNSPOT1_056.jpg,Brownspot,4378,5,1.0
Brownspot\BROWNSPOT1_057.jpg,Brownspot,4280,16,1.0
Brownspot\BROWNSPOT1_058.jpg,Brownspot,4580,3,1.0
Brownspot\BROWNSPOT1_059.jpg,Brownspot,4381,5,1.0
Brownspot\BROWNSPOT1_060.jpg,Brownspot,4382,5,1.0
Brownspot\BROWNSPOT1_061.jpg,Brownspot,4383,5,1.0
Brownspot\BROWNSPOT1_062.jpg,Brownspot,4384,5,1.0
Brownspot\BROWNSPOT1_063.jpg,Brownspot,4385,5,1.0
Brownspot\BROWNSPOT1_064.jpg,Brownspot,4287,10,1.0
Brownspot\BROWNSPOT1_065.jpg,Brownspot,4315,23,1.0
Brownspot\BROWNSPOT1_066.jpg,Brownspot,4388,5,1.0
Brownspot\BROWNSPOT1_067.jpg,Brownspot,4389,5,1.0
Brownspot\BROWNSPOT1_068.jpg,Brownspot,4390,5,1.0
Brownspot\BROWNSPOT1_069.jpg,Brownspot,4292,10,1.0
Brownspot\BROWNSPOT1_070.jpg,Brownspot,4392,5,1.0
Brownspot\BROWNSPOT1_071.jpg,Brownspot,4393,5,1.0
Brownspot\BROWNSPOT1_072.jpg,Brownspot,4394,5,1.0
Brownspot\BROWNSPOT1_073.jpg,Brownspot,4395,5,1.0
Brownspot\BROWNSPOT1_074.jpg,Brownspot,4396,5,1.0
Brownspot\BROWNSPOT1_075.jpg,Brownspot,4397,5,1.0
Brownspot\BROWNSPOT1_076.jpg,Brownspot,4398,5,1.0
Brownspot\BROWNSPOT1_077.jpg,Brownspot,4399,5,1.0
Brownspot\BROWNSPOT1_078.jpg,Brownspot,4400,5,1.0
Brownspot\BROWNSPOT1_079.jpg,Brownspot,4402,5,1.0
Brownspot\BROWNSPOT1_080.jpg,Brownspot,4403,5,1.0
Brownspot\BROWNSPOT1_081.jpg,Brownspot,4404,5,1.0
Brownspot\BROWNSPOT1_082.jpg,Brownspot,4605,3,1.0
Brownspot\BROWNSPOT1_083.jpg,Brownspot,4406,5,1.0
Brownspot\BROWNSPOT1_084.jpg,Brownspot,4407,5,1.0
Brownspot\BROWNSPOT1_085.jpg,Brownspot,4408,5,1.0
Brownspot\BROWNSPOT1_086.jpg,Brownspot,4109,3,1.0
Brownspot\BROWNSPOT1_087.jpg,Brownspot,4409,5,1.0
Brownspot\BROWNSPOT1_088.jpg,Brownspot,4410,5,1.0
Brownspot\BROWNSPOT1_089.jpg,Brownspot,4611,3,1.0
Brownspot\BROWNSPOT1_090.jpg,Brownspot,4412,5,1.0
Brownspot\BROWNSPOT1_091.jpg,Brownspot,4413,5,1.0
Brownspot\BROWNSPOT1_092.jpg,Brownspot,4315,23,1.0
Brownspot\BROWNSPOT1_093.jpg,Brownspot,4615,3,1.0
Brownspot\BROWNSPOT1_094.jpg,Brownspot,4317,10,1.0
Brownspot\BROWNSPOT1_095.jpg,Brownspot,4318,10,1.0
Brownspot\BROWNSPOT1_096.jpg,Brownspot,4319,10,1.0
Brownspot\BROWNSPOT1_097.jpg,Brownspot,4619,5,1.0
Brownspot\BROWNSPOT1_098.jpg,Brownspot,4420,5,1.0
Brownspot\BROWNSPOT1_099.jpg,Brownspot,4322,10,1.0
Brownspot\BROWNSPOT1_100.jpg,Brownspot,4422,5,1.0
Brownspot\BROWNSPOT1_101.jpg,Brownspot,4226,5,1.0
Brownspot\BROWNSPOT1_102.jpg,Brownspot,4225,5,1.0
Brownspot\BROWNSPOT1_103.jpg,Brownspot,4228,5,1.0
Brownspot\BROWNSPOT1_104.jpg,Brownspot,4227,5,1.0
Brownspot\BROWNSPOT1_105.jpg,Brownspot,4230,5,1.0
Brownspot\BROWNSPOT1_106.jpg,Brownspot,4229,5,1.0
Brownspot\BROWNSPOT1_107.jpg,Brownspot,4232,10,1.0
Brownspot\BROWNSPOT1_108.jpg,Brownspot,4231,5,1.0
Brownspot\BROWNSPOT1_109.jpg,Brownspot,3932,16,1.0
Brownspot\BROWNSPOT1_110.jpg,Brownspot,4234,10,1.0
Brownspot\BROWNSPOT1_111.jpg,Brownspot,4235,5,1.0
Brownspot\BROWNSPOT1_112.jpg,Brownspot,4236,5,1.0
Brownspot\BROWNSPOT1_113.jpg,Brownspot,4237,5,1.0
Brownspot\BROWNSPOT1_114.jpg,Brownspot,4238,5,1.0
Brownspot\BROWNSPOT1_115.jpg,Brownspot,4239,10,1.0
Brownspot\BROWNSPOT1_116.jpg,Brownspot,4240,5,1.0
Brownspot\BROWNSPOT1_117.jpg,Brownspot,4254,10,1.0
Brownspot\BROWNSPOT1_118.jpg,Brownspot,4242,5,1.0
Brownspot\BROWNSPOT1_119.jpg,Brownspot,4243,5,1.0
Brownspot\BROWNSPOT1_120.jpg,Brownspot,4244,5,1.0
Brownspot\BROWNSPOT1_121.jpg,Brownspot,4245,5,1.0
Brownspot\BROWNSPOT1_122.jpg,Brownspot,4246,5,1.0
Brownspot\BROWNSPOT1_123.jpg,Brownspot,4247,5,1.0
Brownspot\BROWNSPOT1_124.jpg,Brownspot,4248,5,1.0
Brownspot\BROWNSPOT1_125.jpg,Brownspot,4249,5,1.0
Brownspot\BROWNSPOT1_126.jpg,Brownspot,4349,10,1.0
Brownspot\BROWNSPOT1_127.jpg,Brownspot,4251,5,1.0
Brownspot\BROWNSPOT1_128.jpg,Brownspot,4351,10,1.0
Brownspot\BROWNSPOT1_129.jpg,Brownspot,4253,5,1.0
Brownspot\BROWNSPOT1_130.jpg,Brownspot,4254,10,1.0
Brownspot\BROWNSPOT1_131.jpg,Brownspot,4255,5,1.0
Brownspot\BROWNSPOT1_132.jpg,Brownspot,4256,5,1.0
Brownspot\BROWNSPOT1_133.jpg,Brownspot,4257,5,1.0
Brownspot\BROWNSPOT1_134.jpg,Brownspot,4258,5,1.0
Brownspot\BROWNSPOT1_135.jpg,Brownspot,4358,10,1.0
Brownspot\BROWNSPOT1_136.jpg,Brownspot,4260,5,1.0
Brownspot\BROWNSPOT1_137.jpg,Brownspot,4261,5,1.0
Brownspot\BROWNSPOT1_138.jpg,Brownspot,4262,5,1.0
Brownspot\BROWNSPOT1_139.jpg,Brownspot,4263,10,1.0
Brownspot\BROWNSPOT1_140.jpg,Brownspot,4264,5,1.0
Brownspot\BROWNSPOT1_141.jpg,Brownspot,4265,5,1.0
Brownspot\BROWNSPOT1_142.jpg,Brownspot,4466,10,1.0
Brownspot\BROWNSPOT1_143.jpg,Brownspot,4267,5,1.0
Brownspot\BROWNSPOT1_144.jpg,Brownspot,4268,5,1.0
Brownspot\BROWNSPOT1_145.jpg,Brownspot,4269,5,1.0
Brownspot\BROWNSPOT1_146.jpg,Brownspot,4270,5,1.0
Brownspot\BROWNSPOT1_147.jpg,Brownspot,4271,5,1.0
Brownspot\BROWNSPOT1_148.jpg,Brownspot,4272,5,1.0
Brownspot\BROWNSPOT1_149.jpg,Brownspot,4273,5,1.0
Brownspot\BROWNSPOT1_150.jpg,Brownspot,4474,5,1.0
Brownspot\BROWNSPOT1_151.jpg,Brownspot,4275,5,1.0
Brownspot\BROWNSPOT1_152.jpg,Brownspot,4276,8,1.0
Brownspot\BROWNSPOT1_153.jpg,Brownspot,4277,10,1.0
Brownspot\BROWNSPOT1_154.jpg,Brownspot,4278,10,1.0
Brownspot\BROWNSPOT1_155.jpg,Brownspot,4279,5,1.0
Brownspot\BROWNSPOT1_156.jpg,Brownspot,4280,16,1.0
Brownspot\BROWNSPOT1_157.jpg,Brownspot,4281,5,1.0
Brownspot\BROWNSPOT1_158.jpg,Brownspot,4282,5,1.0
Brownspot\BROWNSPOT1_159.jpg,Brownspot,4283,5,1.0
Brownspot\BROWNSPOT1_160.jpg,Brownspot,4484,5,1.0
Brownspot\BROWNSPOT1_161.jpg,Brownspot,4285,5,1.0
Brownspot\BROWNSPOT1_162.jpg,Brownspot,4286,5,1.0
Brownspot\BROWNSPOT1_163.jpg,Brownspot,4287,10,1.0
Brownspot\BROWNSPOT1_164.jpg,Brownspot,4315,23,1.0
Brownspot\BROWNSPOT1_165.jpg,Brownspot,4489,3,1.0
Brownspot\BROWNSPOT1_166.jpg,Brownspot,4290,5,1.0
Brownspot\BROWNSPOT1_167.jpg,Brownspot,4291,5,1.0
Brownspot\BROWNSPOT1_168.jpg,Brownspot,4292,10,1.0
Brownspot\BROWNSPOT1_169.jpg,Brownspot,4293,5,1.0
Brownspot\BROWNSPOT1_170.jpg,Brownspot,4294,5,1.0
Brownspot\BROWNSPOT1_171.jpg,Brownspot,4295,5,1.0
Brownspot\BROWNSPOT1_172.jpg,Brownspot,4296,5,1.0
Brownspot\BROWNSPOT1_173.jpg,Brownspot,4297,5,1.0
Brownspot\BROWNSPOT1_174.jpg,Brownspot,4298,5,1.0
Brownspot\BROWNSPOT1_175.jpg,Brownspot,4299,5,1.0
Brownspot\BROWNSPOT1_176.jpg,Brownspot,4300,5,1.0
Brownspot\BROWNSPOT1_177.jpg,Brownspot,4301,5,1.0
Brownspot\BROWNSPOT1_178.jpg,Brownspot,4201,3,1.0
Brownspot\BROWNSPOT1_179.jpg,Brownspot,4302,5,1.0
Brownspot\BROWNSPOT1_180.jpg,Brownspot,4303,5,1.0
Brownspot\BROWNSPOT1_181.jpg,Brownspot,4304,5,1.0
Brownspot\BROWNSPOT1_182.jpg,Brownspot,4305,5,1.0
Brownspot\BROWNSPOT1_183.jpg,Brownspot,4306,5,1.0
Brownspot\BROWNSPOT1_184.jpg,Brownspot,4307,5,1.0
Brownspot\BROWNSPOT1_185.jpg,Brownspot,4308,5,1.0
Brownspot\BROWNSPOT1_186.jpg,Brownspot,4310,5,1.0
Brownspot\BROWNSPOT1_187.jpg,Brownspot,4311,5,1.0
Brownspot\BROWNSPOT1_188.jpg,Brownspot,4512,3,1.0
Brownspot\BROWNSPOT1_189.jpg,Brownspot,4313,5,1.0
Brownspot\BROWNSPOT1_190.jpg,Brownspot,4314,5,1.0
Brownspot\BROWNSPOT1_191.jpg,Brownspot,4315,23,1.0
Brownspot\BROWNSPOT1_192.jpg,Brownspot,4316,5,1.0
Brownspot\BROWNSPOT1_193.jpg,Brownspot,4317,10,1.0
Brownspot\BROWNSPOT1_194.jpg,Brownspot,4318,10,1.0
Brownspot\BROWNSPOT1_195.jpg,Brownspot,4319,10,1.0
Brownspot\BROWNSPOT1_196.jpg,Brownspot,4320,5,1.0
Brownspot\BROWNSPOT1_197.jpg,Brownspot,4321,5,1.0
Brownspot\BROWNSPOT1_198.jpg,Brownspot,4322,10,1.0
Brownspot\BROWNSPOT1_199.jpg,Brownspot,4323,5,1.0
Brownspot\BROWNSPOT1_200.jpg,Brownspot,4224,5,1.0
Brownspot\BROWNSPOT2_001.jpg,Brownspot,4023,3,0.99
Brownspot\BROWNSPOT2_002.jpg,Brownspot,3825,6,1.0
Brownspot\BROWNSPOT2_003.jpg,Brownspot,3924,3,0.9907
Brownspot\BROWNSPOT2_004.jpg,Brownspot,3827,6,1.0
Brownspot\BROWNSPOT2_005.jpg,Brownspot,3926,3,0.9809
Brownspot\BROWNSPOT2_006.jpg,Brownspot,3929,3,1.0
Brownspot\BROWNSPOT2_007.jpg,Brownspot,3928,3,0.9881
Brownspot\BROWNSPOT2_008.jpg,Brownspot,3931,3,1.0
Brownspot\BROWNSPOT2_009.jpg,Brownspot,3930,3,0.9958
Brownspot\BROWNSPOT2_010.jpg,Brownspot,3932,16,0.9956
Brownspot\BROWNSPOT2_011.jpg,Brownspot,3834,6,0.9972
Brownspot\BROWNSPOT2_012.jpg,Brownspot,3934,3,0.9916
Brownspot\BROWNSPOT2_013.jpg,Brownspot,3935,3,0.9938
Brownspot\BROWNSPOT2_014.jpg,Brownspot,3837,6,0.99
Brownspot\BROWNSPOT2_015.jpg,Brownspot,3937,3,0.9932
Brownspot\BROWNSPOT2_016.jpg,Brownspot,3938,3,0.9797
Brownspot\BROWNSPOT2_017.jpg,Brownspot,3939,3,0.991
Brownspot\BROWNSPOT2_018.jpg,Brownspot,3940,3,0.9925
Brownspot\BROWNSPOT2_019.jpg,Brownspot,3839,6,0.9942
Brownspot\BROWNSPOT2_020.jpg,Brownspot,3942,3,0.9756
Brownspot\BROWNSPOT2_021.jpg,Brownspot,3943,3,0.9878
Brownspot\BROWNSPOT2_022.jpg,Brownspot,3944,3,0.9791
Brownspot\BROWNSPOT2_023.jpg,Brownspot,4345,11,0.9944
Brownspot\BROWNSPOT2_024.jpg,Brownspot,3847,6,0.9925
Brownspot\BROWNSPOT2_025.jpg,Brownspot,3947,3,0.9935
Brownspot\BROWNSPOT2_026.jpg,Brownspot,3948,3,0.9911
Brownspot\BROWNSPOT2_027.jpg,Brownspot,3850,6,0.9939
Brownspot\BROWNSPOT2_028.jpg,Brownspot,3950,3,0.9922
Brownspot\BROWNSPOT2_029.jpg,Brownspot,3852,6,0.9882
Brownspot\BROWNSPOT2_030.jpg,Brownspot,3853,6,0.9943
Brownspot\BROWNSPOT2_031.jpg,Brownspot,3953,3,0.9872
Brownspot\BROWNSPOT2_032.jpg,Brownspot,3855,6,0.9884
Brownspot\BROWNSPOT2_033.jpg,Brownspot,3955,3,0.9922
Brownspot\BROWNSPOT2_034.jpg,Brownspot,3956,3,0.9959
Brownspot\BROWNSPOT2_035.jpg,Brownspot,3957,3,0.9863
Brownspot\BROWNSPOT2_036.jpg,Brownspot,3859,6,0.9962
Brownspot\BROWNSPOT2_037.jpg,Brownspot,3959,3,0.9924
Brownspot\BROWNSPOT2_038.jpg,Brownspot,3960,3,0.9884
Brownspot\BROWNSPOT2_039.jpg,Brownspot,3961,3,0.9872
Brownspot\BROWNSPOT2_040.jpg,Brownspot,3962,3,0.9892
Brownspot\BROWNSPOT2_041.jpg,Brownspot,3963,3,0.9924
Brownspot\BROWNSPOT2_042.jpg,Brownspot,3964,3,0.976
Brownspot\BROWNSPOT2_043.jpg,Brownspot,3965,3,0.9885
Brownspot\BROWNSPOT2_044.jpg,Brownspot,3867,6,0.9915
Brownspot\BROWNSPOT2_045.jpg,Brownspot,3967,6,0.9856
Brownspot\BROWNSPOT2_046.jpg,Brownspot,3968,3,0.9878
Brownspot\BROWNSPOT2_047.jpg,Brownspot,3969,3,0.9904
Brownspot\BROWNSPOT2_048.jpg,Brownspot,3970,3,0.9921
Brownspot\BROWNSPOT2_049.jpg,Brownspot,3971,3,0.9852
Brownspot\BROWNSPOT2_050.jpg,Brownspot,3972,3,0.9953
Brownspot\BROWNSPOT2_051.jpg,Brownspot,3973,3,0.9911
Brownspot\BROWNSPOT2_052.jpg,Brownspot,3974,3,0.978
Brownspot\BROWNSPOT2_053.jpg,Brownspot,3975,3,0.9924
Brownspot\BROWNSPOT2_054.jpg,Brownspot,3877,6,0.9953
Brownspot\BROWNSPOT2_055.jpg,Brownspot,3977,3,0.9971
Brownspot\BROWNSPOT2_056.jpg,Brownspot,3978,6,0.9814
Brownspot\BROWNSPOT2_057.jpg,Brownspot,4280,16,0.9968
Brownspot\BROWNSPOT2_058.jpg,Brownspot,3980,3,0.9924
Brownspot\BROWNSPOT2_059.jpg,Brownspot,3981,3,0.9934
Brownspot\BROWNSPOT2_060.jpg,Brownspot,3982,3,0.9801
Brownspot\BROWNSPOT2_061.jpg,Brownspot,3983,3,0.9682
Brownspot\BROWNSPOT2_062.jpg,Brownspot,3984,3,0.9911
Brownspot\BROWNSPOT2_063.jpg,Brownspot,3886,6,0.9945
Brownspot\BROWNSPOT2_064.jpg,Brownspot,3887,6,0.9924
Brownspot\BROWNSPOT2_065.jpg,Brownspot,3987,3,0.9941
Brownspot\BROWNSPOT2_066.jpg,Brownspot,3988,3,0.9768
Brownspot\BROWNSPOT2_067.jpg,Brownspot,3989,3,0.9856
Brownspot\BROWNSPOT2_068.jpg,Brownspot,3990,3,0.9961
Brownspot\BROWNSPOT2_069.jpg,Brownspot,3991,3,0.9868
Brownspot\BROWNSPOT2_070.jpg,Brownspot,3992,3,0.9901
Brownspot\BROWNSPOT2_071.jpg,Brownspot,3993,3,0.9893
Brownspot\BROWNSPOT2_072.jpg,Brownspot,3994,3,0.9873
Brownspot\BROWNSPOT2_073.jpg,Brownspot,3896,6,0.9933
Brownspot\BROWNSPOT2_074.jpg,Brownspot,3996,3,0.9747
Brownspot\BROWNSPOT2_075.jpg,Brownspot,3898,6,0.9955
Brownspot\BROWNSPOT2_076.jpg,Brownspot,3998,3,0.9848
Brownspot\BROWNSPOT2_077.jpg,Brownspot,3900,6,0.992
Brownspot\BROWNSPOT2_078.jpg,Brownspot,4000,6,0.9898
Brownspot\BROWNSPOT2_079.jpg,Brownspot,4002,3,0.9852
Brownspot\BROWNSPOT2_080.jpg,Brownspot,3903,6,0.9838
Brownspot\BROWNSPOT2_081.jpg,Brownspot,3904,6,0.995
Brownspot\BROWNSPOT2_082.jpg,Brownspot,4005,3,0.9832
Brownspot\BROWNSPOT2_083.jpg,Brownspot,4006,3,0.9935
Brownspot\BROWNSPOT2_084.jpg,Brownspot,4007,3,0.9895
Brownspot\BROWNSPOT2_085.jpg,Brownspot,4008,3,0.9809
Brownspot\BROWNSPOT2_086.jpg,Brownspot,3309,1,0.9147
Brownspot\BROWNSPOT2_087.jpg,Brownspot,3910,6,0.9938
Brownspot\BROWNSPOT2_088.jpg,Brownspot,4010,3,0.9893
Brownspot\BROWNSPOT2_089.jpg,Brownspot,4011,3,0.9869
Brownspot\BROWNSPOT2_090.jpg,Brownspot,4012,3,0.9971
Brownspot\BROWNSPOT2_091.jpg,Brownspot,4013,3,0.9909
Brownspot\BROWNSPOT2_092.jpg,Brownspot,3915,6,0.9972
Brownspot\BROWNSPOT2_093.jpg,Brownspot,4015,3,0.9876
Brownspot\BROWNSPOT2_094.jpg,Brownspot,4016,3,0.9705
Brownspot\BROWNSPOT2_095.jpg,Brownspot,3918,6,0.9958
Brownspot\BROWNSPOT2_096.jpg,Brownspot,3919,6,0.9941
Brownspot\BROWNSPOT2_097.jpg,Brownspot,4019,3,0.9876
Brownspot\BROWNSPOT2_098.jpg,Brownspot,3921,6,0.9943
Brownspot\BROWNSPOT2_099.jpg,Brownspot,3922,6,0.9965
Brownspot\BROWNSPOT2_100.jpg,Brownspot,3923,6,0.9869
Brownspot\BROWNSPOT2_101.jpg,Brownspot,3826,3,0.991
Brownspot\BROWNSPOT2_102.jpg,Brownspot,3825,6,1.0
Brownspot\BROWNSPOT2_103.jpg,Brownspot,3828,3,0.9855
Brownspot\BROWNSPOT2_104.jpg,Brownspot,3827,6,1.0
Brownspot\BROWNSPOT2_105.jpg,Brownspot,3830,3,0.9931
Brownspot\BROWNSPOT2_106.jpg,Brownspot,3829,3,1.0
Brownspot\BROWNSPOT2_107.jpg,Brownspot,3832,3,0.992
Brownspot\BROWNSPOT2_108.jpg,Brownspot,3831,3,1.0
Brownspot\BROWNSPOT2_109.jpg,Brownspot,3932,16,0.9948
Brownspot\BROWNSPOT2_110.jpg,Brownspot,3834,6,0.9953
Brownspot\BROWNSPOT2_111.jpg,Brownspot,3835,3,0.9878
Brownspot\BROWNSPOT2_112.jpg,Brownspot,3836,3,0.9945
Brownspot\BROWNSPOT2_113.jpg,Brownspot,3837,6,0.9896
Brownspot\BROWNSPOT2_114.jpg,Brownspot,3838,3,0.9927
Brownspot\BROWNSPOT2_115.jpg,Brownspot,3839,6,0.9889
Brownspot\BROWNSPOT2_116.jpg,Brownspot,3840,3,0.9949
Brownspot\BROWNSPOT2_117.jpg,Brownspot,3841,6,0.9912
Brownspot\BROWNSPOT2_118.jpg,Brownspot,3842,3,0.9885
Brownspot\BROWNSPOT2_119.jpg,Brownspot,3843,3,0.9848
Brownspot\BROWNSPOT2_120.jpg,Brownspot,3844,3,0.9892
Brownspot\BROWNSPOT2_121.jpg,Brownspot,3845,3,0.9847
Brownspot\BROWNSPOT2_122.jpg,Brownspot,4345,11,0.9927
Brownspot\BROWNSPOT2_123.jpg,Brownspot,3847,6,0.9909
Brownspot\BROWNSPOT2_124.jpg,Brownspot,3848,3,0.9878
Brownspot\BROWNSPOT2_125.jpg,Brownspot,3849,3,0.9901
Brownspot\BROWNSPOT2_126.jpg,Brownspot,3850,6,0.9919
Brownspot\BROWNSPOT2_127.jpg,Brownspot,3851,3,0.9873
Brownspot\BROWNSPOT2_128.jpg,Brownspot,3852,6,0.9925
Brownspot\BROWNSPOT2_129.jpg,Brownspot,3853,6,0.9931
Brownspot\BROWNSPOT2_130.jpg,Brownspot,3841,6,0.9886
Brownspot\BROWNSPOT2_131.jpg,Brownspot,3855,6,0.9913
Brownspot\BROWNSPOT2_132.jpg,Brownspot,3856,3,0.9965
Brownspot\BROWNSPOT2_133.jpg,Brownspot,3857,3,0.9919
Brownspot\BROWNSPOT2_134.jpg,Brownspot,3858,3,0.9838
Brownspot\BROWNSPOT2_135.jpg,Brownspot,3859,6,0.9953
Brownspot\BROWNSPOT2_136.jpg,Brownspot,3860,3,0.995
Brownspot\BROWNSPOT2_137.jpg,Brownspot,3861,3,0.987
Brownspot\BROWNSPOT2_138.jpg,Brownspot,3862,3,0.9799
Brownspot\BROWNSPOT2_139.jpg,Brownspot,3863,3,0.9899
Brownspot\BROWNSPOT2_140.jpg,Brownspot,3864,3,0.9877
Brownspot\BROWNSPOT2_141.jpg,Brownspot,3865,3,0.9846
Brownspot\BROWNSPOT2_142.jpg,Brownspot,3866,3,0.9867
Brownspot\BROWNSPOT2_143.jpg,Brownspot,3867,6,0.9938
Brownspot\BROWNSPOT2_144.jpg,Brownspot,3967,6,0.9947
Brownspot\BROWNSPOT2_145.jpg,Brownspot,3869,3,0.9911
Brownspot\BROWNSPOT2_146.jpg,Brownspot,3870,3,0.9897
Brownspot\BROWNSPOT2_147.jpg,Brownspot,3871,3,0.9895
Brownspot\BROWNSPOT2_148.jpg,Brownspot,3872,3,0.9848
Brownspot\BROWNSPOT2_149.jpg,Brownspot,3873,3,0.9938
Brownspot\BROWNSPOT2_150.jpg,Brownspot,3874,3,0.9939
Brownspot\BROWNSPOT2_151.jpg,Brownspot,3875,3,0.9911
Brownspot\BROWNSPOT2_152.jpg,Brownspot,4276,8,0.9927
Brownspot\BROWNSPOT2_153.jpg,Brownspot,3877,6,0.9927
Brownspot\BROWNSPOT2_154.jpg,Brownspot,3878,3,0.9943
Brownspot\BROWNSPOT2_155.jpg,Brownspot,3978,6,0.9828
Brownspot\BROWNSPOT2_156.jpg,Brownspot,4280,16,0.9964
Brownspot\BROWNSPOT2_157.jpg,Brownspot,3881,3,0.9907
Brownspot\BROWNSPOT2_158.jpg,Brownspot,3882,3,0.991
Brownspot\BROWNSPOT2_159.jpg,Brownspot,3883,3,0.9927
Brownspot\BROWNSPOT2_160.jpg,Brownspot,3884,3,0.9886
Brownspot\BROWNSPOT2_161.jpg,Brownspot,3885,3,0.9892
Brownspot\BROWNSPOT2_162.jpg,Brownspot,3886,6,0.9975
Brownspot\BROWNSPOT2_163.jpg,Brownspot,3887,6,0.994
Brownspot\BROWNSPOT2_164.jpg,Brownspot,4315,23,0.9935
Brownspot\BROWNSPOT2_165.jpg,Brownspot,3889,3,0.984
Brownspot\BROWNSPOT2_166.jpg,Brownspot,3890,3,0.9816
Brownspot\BROWNSPOT2_167.jpg,Brownspot,3891,3,0.9937
Brownspot\BROWNSPOT2_168.jpg,Brownspot,3892,3,0.9874
Brownspot\BROWNSPOT2_169.jpg,Brownspot,3893,3,0.9885
Brownspot\BROWNSPOT2_170.jpg,Brownspot,3894,3,0.9892
Brownspot\BROWNSPOT2_171.jpg,Brownspot,3895,3,0.9761
Brownspot\BROWNSPOT2_172.jpg,Brownspot,3896,6,0.9912
Brownspot\BROWNSPOT2_173.jpg,Brownspot,3897,3,0.9856
Brownspot\BROWNSPOT2_174.jpg,Brownspot,3898,6,0.9947
Brownspot\BROWNSPOT2_175.jpg,Brownspot,3899,3,0.9729
Brownspot\BROWNSPOT2_176.jpg,Brownspot,3900,6,0.9944
Brownspot\BROWNSPOT2_177.jpg,Brownspot,4000,6,0.988
Brownspot\BROWNSPOT2_178.jpg,Brownspot,3401,1,0.8959
Brownspot\BROWNSPOT2_179.jpg,Brownspot,3902,3,0.9819
Brownspot\BROWNSPOT2_180.jpg,Brownspot,3903,6,0.9829
Brownspot\BROWNSPOT2_181.jpg,Brownspot,3904,6,0.9911
Brownspot\BROWNSPOT2_182.jpg,Brownspot,3905,3,0.98
Brownspot\BROWNSPOT2_183.jpg,Brownspot,3906,3,0.9921
Brownspot\BROWNSPOT2_184.jpg,Brownspot,3907,3,0.9912
Brownspot\BROWNSPOT2_185.jpg,Brownspot,3908,3,0.9772
Brownspot\BROWNSPOT2_186.jpg,Brownspot,3910,6,0.9841
Brownspot\BROWNSPOT2_187.jpg,Brownspot,3911,3,0.992
Brownspot\BROWNSPOT2_188.jpg,Brownspot,3912,3,0.9783
Brownspot\BROWNSPOT2_189.jpg,Brownspot,3913,3,0.9947
Brownspot\BROWNSPOT2_190.jpg,Brownspot,3914,3,0.9923
Brownspot\BROWNSPOT2_191.jpg,Brownspot,3915,6,0.9966
Brownspot\BROWNSPOT2_192.jpg,Brownspot,3916,3,0.9883
Brownspot\BROWNSPOT2_193.jpg,Brownspot,3917,3,0.9613
Brownspot\BROWNSPOT2_194.jpg,Brownspot,3918,6,0.994
Brownspot\BROWNSPOT2_195.jpg,Brownspot,3919,6,0.996
Brownspot\BROWNSPOT2_196.jpg,Brownspot,3920,3,0.9732
Brownspot\BROWNSPOT2_197.jpg,Brownspot,3921,6,0.9944
Brownspot\BROWNSPOT2_198.jpg,Brownspot,3922,6,0.9961
Brownspot\BROWNSPOT2_199.jpg,Brownspot,3923,6,0.992
Brownspot\BROWNSPOT2_200.jpg,Brownspot,3824,3,0.9822
Brownspot\BROWNSPOT3_001.jpg,Brownspot,3824,3,1.0
Brownspot\BROWNSPOT3_002.jpg,Brownspot,3825,6,1.0
Brownspot\BROWNSPOT3_003.jpg,Brownspot,3826,3,1.0
Brownspot\BROWNSPOT3_004.jpg,Brownspot,3827,6,1.0
Brownspot\BROWNSPOT3_005.jpg,Brownspot,3828,3,1.0
Brownspot\BROWNSPOT3_006.jpg,Brownspot,3829,3,1.0
Brownspot\BROWNSPOT3_007.jpg,Brownspot,3830,3,1.0
Brownspot\BROWNSPOT3_008.jpg,Brownspot,3831,3,1.0
Brownspot\BROWNSPOT3_009.jpg,Brownspot,3832,3,1.0
Brownspot\BROWNSPOT3_010.jpg,Brownspot,3932,16,1.0
Brownspot\BROWNSPOT3_011.jpg,Brownspot,3834,6,1.0
Brownspot\BROWNSPOT3_012.jpg,Brownspot,3835,3,1.0
Brownspot\BROWNSPOT3_013.jpg,Brownspot,3836,3,1.0
Brownspot\BROWNSPOT3_014.jpg,Brownspot,3837,6,1.0
Brownspot\BROWNSPOT3_015.jpg,Brownspot,3838,3,1.0
Brownspot\BROWNSPOT3_016.jpg,Brownspot,3839,6,1.0
Brownspot\BROWNSPOT3_017.jpg,Brownspot,3840,3,1.0
Brownspot\BROWNSPOT3_018.jpg,Brownspot,3841,6,1.0
Brownspot\BROWNSPOT3_019.jpg,Brownspot,3842,3,1.0
Brownspot\BROWNSPOT3_020.jpg,Brownspot,3843,3,1.0
Brownspot\BROWNSPOT3_021.jpg,Brownspot,3844,3,1.0
Brownspot\BROWNSPOT3_022.jpg,Brownspot,3845,3,1.0
Brownspot\BROWNSPOT3_023.jpg,Brownspot,4345,11,1.0
Brownspot\BROWNSPOT3_024.jpg,Brownspot,3847,6,1.0
Brownspot\BROWNSPOT3_025.jpg,Brownspot,3848,3,1.0
Brownspot\BROWNSPOT3_026.jpg,Brownspot,3849,3,1.0
Brownspot\BROWNSPOT3_027.jpg,Brownspot,3850,6,1.0
Brownspot\BROWNSPOT3_028.jpg,Brownspot,3851,3,1.0
Brownspot\BROWNSPOT3_029.jpg,Brownspot,3852,6,1.0
Brownspot\BROWNSPOT3_030.jpg,Brownspot,3853,6,1.0
Brownspot\BROWNSPOT3_031.jpg,Brownspot,3841,6,1.0
Brownspot\BROWNSPOT3_032.jpg,Brownspot,3855,6,1.0
Brownspot\BROWNSPOT3_033.jpg,Brownspot,3856,3,1.0
Brownspot\BROWNSPOT3_034.jpg,Brownspot,3857,3,1.0
Brownspot\BROWNSPOT3_035.jpg,Brownspot,3858,3,1.0
Brownspot\BROWNSPOT3_036.jpg,Brownspot,3859,6,1.0
Brownspot\BROWNSPOT3_037.jpg,Brownspot,3860,3,1.0
Brownspot\BROWNSPOT3_038.jpg,Brownspot,3861,3,1.0
Brownspot\BROWNSPOT3_039.jpg,Brownspot,3862,3,1.0
Brownspot\BROWNSPOT3_040.jpg,Brownspot,3863,3,1.0
Brownspot\BROWNSPOT3_041.jpg,Brownspot,3864,3,1.0
Brownspot\BROWNSPOT3_042.jpg,Brownspot,3865,3,1.0
Brownspot\BROWNSPOT3_043.jpg,Brownspot,3866,3,1.0
Brownspot\BROWNSPOT3_044.jpg,Brownspot,3867,6,1.0
Brownspot\BROWNSPOT3_045.jpg,Brownspot,3967,6,1.0
Brownspot\BROWNSPOT3_046.jpg,Brownspot,3869,3,1.0
Brownspot\BROWNSPOT3_047.jpg,Brownspot,3870,3,1.0
Brownspot\BROWNSPOT3_048.jpg,Brownspot,3871,3,1.0
Brownspot\BROWNSPOT3_049.jpg,Brownspot,3872,3,1.0
Brownspot\BROWNSPOT3_050.jpg,Brownspot,3873,3,1.0
Brownspot\BROWNSPOT3_051.jpg,Brownspot,3874,3,1.0
Brownspot\BROWNSPOT3_052.jpg,Brownspot,3875,3,1.0
Brownspot\BROWNSPOT3_053.jpg,Brownspot,4276,8,1.0
Brownspot\BROWNSPOT3_054.jpg,Brownspot,3877,6,1.0
Brownspot\BROWNSPOT3_055.jpg,Brownspot,3878,3,1.0
Brownspot\BROWNSPOT3_056.jpg,Brownspot,3978,6,1.0
Brownspot\BROWNSPOT3_057.jpg,Brownspot,4280,16,1.0
Brownspot\BROWNSPOT3_058.jpg,Brownspot,3881,3,1.0
Brownspot\BROWNSPOT3_059.jpg,Brownspot,3882,3,1.0
Brownspot\BROWNSPOT3_060.jpg,Brownspot,3883,3,1.0
Brownspot\BROWNSPOT3_061.jpg,Brownspot,3884,3,1.0
Brownspot\BROWNSPOT3_062.jpg,Brownspot,3885,3,1.0
Brownspot\BROWNSPOT3_063.jpg,Brownspot,3886,6,1.0
Brownspot\BROWNSPOT3_064.jpg,Brownspot,3887,6,1.0
Brownspot\BROWNSPOT3_065.jpg,Brownspot,4315,23,1.0
Brownspot\BROWNSPOT3_066.jpg,Brownspot,3889,3,1.0
Brownspot\BROWNSPOT3_067.jpg,Brownspot,3890,3,1.0
Brownspot\BROWNSPOT3_068.jpg,Brownspot,3891,3,1.0
Brownspot\BROWNSPOT3_069.jpg,Brownspot,3892,3,1.0
Brownspot\BROWNSPOT3_070.jpg,Brownspot,3893,3,1.0
Brownspot\BROWNSPOT3_071.jpg,Brownspot,3894,3,1.0
Brownspot\BROWNSPOT3_072.jpg,Brownspot,3895,3,1.0
Brownspot\BROWNSPOT3_073.jpg,Brownspot,3896,6,1.0
Brownspot\BROWNSPOT3_074.jpg,Brownspot,3897,3,1.0
Brownspot\BROWNSPOT3_075.jpg,Brownspot,3898,6,1.0
Brownspot\BROWNSPOT3_076.jpg,Brownspot,3899,3,1.0
Brownspot\BROWNSPOT3_077.jpg,Brownspot,3900,6,1.0
Brownspot\BROWNSPOT3_078.jpg,Brownspot,4000,6,1.0
Brownspot\BROWNSPOT3_079.jpg,Brownspot,3902,3,1.0
Brownspot\BROWNSPOT3_080.jpg,Brownspot,3903,6,1.0
Brownspot\BROWNSPOT3_081.jpg,Brownspot,3904,6,1.0
Brownspot\BROWNSPOT3_082.jpg,Brownspot,3905,3,1.0
Brownspot\BROWNSPOT3_083.jpg,Brownspot,3906,3,1.0
Brownspot\BROWNSPOT3_084.jpg,Brownspot,3907,3,1.0
Brownspot\BROWNSPOT3_085.jpg,Brownspot,3908,3,1.0
Brownspot\BROWNSPOT3_086.jpg,Brownspot,3909,2,1.0
Brownspot\BROWNSPOT3_087.jpg,Brownspot,3910,6,1.0
Brownspot\BROWNSPOT3_088.jpg,Brownspot,3911,3,1.0
Brownspot\BROWNSPOT3_089.jpg,Brownspot,3912,3,1.0
Brownspot\BROWNSPOT3_090.jpg,Brownspot,3913,3,1.0
Brownspot\BROWNSPOT3_091.jpg,Brownspot,3914,3,1.0
Brownspot\BROWNSPOT3_092.jpg,Brownspot,3915,6,1.0
Brownspot\BROWNSPOT3_093.jpg,Brownspot,3916,3,1.0
Brownspot\BROWNSPOT3_094.jpg,Brownspot,3917,3,1.0
Brownspot\BROWNSPOT3_095.jpg,Brownspot,3918,6,1.0
Brownspot\BROWNSPOT3_096.jpg,Brownspot,3919,6,1.0
Brownspot\BROWNSPOT3_097.jpg,Brownspot,3920,3,1.0
Brownspot\BROWNSPOT3_098.jpg,Brownspot,3921,6,1.0
Brownspot\BROWNSPOT3_099.jpg,Brownspot,3922,6,1.0
Brownspot\BROWNSPOT3_100.jpg,Brownspot,3923,6,1.0
Brownspot\BROWNSPOT3_101.jpg,Brownspot,3924,3,1.0
Brownspot\BROWNSPOT3_102.jpg,Brownspot,3825,6,1.0
Brownspot\BROWNSPOT3_103.jpg,Brownspot,3926,3,1.0
Brownspot\BROWNSPOT3_104.jpg,Brownspot,3827,6,1.0
Brownspot\BROWNSPOT3_105.jpg,Brownspot,3928,3,1.0
Brownspot\BROWNSPOT3_106.jpg,Brownspot,3929,3,1.0
Brownspot\BROWNSPOT3_107.jpg,Brownspot,3930,3,1.0
Brownspot\BROWNSPOT3_108.jpg,Brownspot,3931,3,1.0
Brownspot\BROWNSPOT3_109.jpg,Brownspot,3932,16,1.0
Brownspot\BROWNSPOT3_110.jpg,Brownspot,3834,6,1.0
Brownspot\BROWNSPOT3_111.jpg,Brownspot,3934,3,1.0
Brownspot\BROWNSPOT3_112.jpg,Brownspot,3935,3,1.0
Brownspot\BROWNSPOT3_113.jpg,Brownspot,3837,6,1.0
Brownspot\BROWNSPOT3_114.jpg,Brownspot,3937,3,1.0
Brownspot\BROWNSPOT3_115.jpg,Brownspot,3938,3,1.0
Brownspot\BROWNSPOT3_116.jpg,Brownspot,3939,3,1.0
Brownspot\BROWNSPOT3_117.jpg,Brownspot,3940,3,1.0
Brownspot\BROWNSPOT3_118.jpg,Brownspot,3839,6,1.0
Brownspot\BROWNSPOT3_119.jpg,Brownspot,3942,3,1.0
Brownspot\BROWNSPOT3_120.jpg,Brownspot,3943,3,1.0
Brownspot\BROWNSPOT3_121.jpg,Brownspot,3944,3,1.0
Brownspot\BROWNSPOT3_122.jpg,Brownspot,4345,11,1.0
Brownspot\BROWNSPOT3_123.jpg,Brownspot,3847,6,1.0
Brownspot\BROWNSPOT3_124.jpg,Brownspot,3947,3,1.0
Brownspot\BROWNSPOT3_125.jpg,Brownspot,3948,3,1.0
Brownspot\BROWNSPOT3_126.jpg,Brownspot,3850,6,1.0
Brownspot\BROWNSPOT3_127.jpg,Brownspot,3950,3,1.0
Brownspot\BROWNSPOT3_128.jpg,Brownspot,3852,6,1.0
Brownspot\BROWNSPOT3_129.jpg,Brownspot,3853,6,1.0
Brownspot\BROWNSPOT3_130.jpg,Brownspot,3953,3,1.0
Brownspot\BROWNSPOT3_131.jpg,Brownspot,3855,6,1.0
Brownspot\BROWNSPOT3_132.jpg,Brownspot,3955,3,1.0
Brownspot\BROWNSPOT3_133.jpg,Brownspot,3956,3,1.0
Brownspot\BROWNSPOT3_134.jpg,Brownspot,3957,3,1.0
Brownspot\BROWNSPOT3_135.jpg,Brownspot,3859,6,1.0
Brownspot\BROWNSPOT3_136.jpg,Brownspot,3959,3,1.0
Brownspot\BROWNSPOT3_137.jpg,Brownspot,3960,3,1.0
Brownspot\BROWNSPOT3_138.jpg,Brownspot,3961,3,1.0
Brownspot\BROWNSPOT3_139.jpg,Brownspot,3962,3,1.0
Brownspot\BROWNSPOT3_140.jpg,Brownspot,3963,3,1.0
Brownspot\BROWNSPOT3_141.jpg,Brownspot,3964,3,1.0
Brownspot\BROWNSPOT3_142.jpg,Brownspot,3965,3,1.0
Brownspot\BROWNSPOT3_143.jpg,Brownspot,3867,6,1.0
Brownspot\BROWNSPOT3_144.jpg,Brownspot,3967,6,1.0
Brownspot\BROWNSPOT3_145.jpg,Brownspot,3968,3,1.0
Brownspot\BROWNSPOT3_146.jpg,Brownspot,3969,3,1.0
Brownspot\BROWNSPOT3_147.jpg,Brownspot,3970,3,1.0
Brownspot\BROWNSPOT3_148.jpg,Brownspot,3971,3,1.0
Brownspot\BROWNSPOT3_149.jpg,Brownspot,3972,3,1.0
Brownspot\BROWNSPOT3_150.jpg,Brownspot,3973,3,1.0
Brownspot\BROWNSPOT3_151.jpg,Brownspot,3974,3,1.0
Brownspot\BROWNSPOT3_152.jpg,Brownspot,3975,3,1.0
Brownspot\BROWNSPOT3_153.jpg,Brownspot,3877,6,1.0
Brownspot\BROWNSPOT3_154.jpg,Brownspot,3977,3,1.0
Brownspot\BROWNSPOT3_155.jpg,Brownspot,3978,6,1.0
Brownspot\BROWNSPOT3_156.jpg,Brownspot,4280,16,1.0
Brownspot\BROWNSPOT3_157.jpg,Brownspot,3980,3,1.0
Brownspot\BROWNSPOT3_158.jpg,Brownspot,3981,3,1.0
Brownspot\BROWNSPOT3_159.jpg,Brownspot,3982,3,1.0
Brownspot\BROWNSPOT3_160.jpg,Brownspot,3983,3,1.0
Brownspot\BROWNSPOT3_161.jpg,Brownspot,3984,3,1.0
Brownspot\BROWNSPOT3_162.jpg,Brownspot,3886,6,1.0
Brownspot\BROWNSPOT3_163.jpg,Brownspot,3887,6,1.0
Brownspot\BROWNSPOT3_164.jpg,Brownspot,3987,3,1.0
Brownspot\BROWNSPOT3_165.jpg,Brownspot,3988,3,1.0
Brownspot\BROWNSPOT3_166.jpg,Brownspot,3989,3,1.0
Brownspot\BROWNSPOT3_167.jpg,Brownspot,3990,3,1.0
Brownspot\BROWNSPOT3_168.jpg,Brownspot,3991,3,1.0
Brownspot\BROWNSPOT3_169.jpg,Brownspot,3992,3,1.0
Brownspot\BROWNSPOT3_170.jpg,Brownspot,3993,3,1.0
Brownspot\BROWNSPOT3_171.jpg,Brownspot,3994,3,1.0
Brownspot\BROWNSPOT3_172.jpg,Brownspot,3896,6,1.0
Brownspot\BROWNSPOT3_173.jpg,Brownspot,3996,3,1.0
Brownspot\BROWNSPOT3_174.jpg,Brownspot,3898,6,1.0
Brownspot\BROWNSPOT3_175.jpg,Brownspot,3998,3,1.0
Brownspot\BROWNSPOT3_176.jpg,Brownspot,3900,6,1.0
Brownspot\BROWNSPOT3_177.jpg,Brownspot,4000,6,1.0
Brownspot\BROWNSPOT3_178.jpg,Brownspot,4001,2,1.0
Brownspot\BROWNSPOT3_179.jpg,Brownspot,4002,3,1.0
Brownspot\BROWNSPOT3_180.jpg,Brownspot,3903,6,1.0
Brownspot\BROWNSPOT3_181.jpg,Brownspot,3904,6,1.0
Brownspot\BROWNSPOT3_182.jpg,Brownspot,4005,3,1.0
Brownspot\BROWNSPOT3_183.jpg,Brownspot,4006,3,1.0
Brownspot\BROWNSPOT3_184.jpg,Brownspot,4007,3,1.0
Brownspot\BROWNSPOT3_185.jpg,Brownspot,4008,3,1.0
Brownspot\BROWNSPOT3_186.jpg,Brownspot,3910,6,1.0
Brownspot\BROWNSPOT3_187.jpg,Brownspot,4010,3,1.0
Brownspot\BROWNSPOT3_188.jpg,Brownspot,4011,3,1.0
Brownspot\BROWNSPOT3_189.jpg,Brownspot,4012,3,1.0
Brownspot\BROWNSPOT3_190.jpg,Brownspot,4013,3,1.0
Brownspot\BROWNSPOT3_191.jpg,Brownspot,3915,6,1.0
Brownspot\BROWNSPOT3_192.jpg,Brownspot,4015,3,1.0
Brownspot\BROWNSPOT3_193.jpg,Brownspot,4016,3,1.0
Brownspot\BROWNSPOT3_194.jpg,Brownspot,3918,6,1.0
Brownspot\BROWNSPOT3_195.jpg,Brownspot,3919,6,1.0
Brownspot\BROWNSPOT3_196.jpg,Brownspot,4019,3,1.0
Brownspot\BROWNSPOT3_197.jpg,Brownspot,3921,6,1.0
Brownspot\BROWNSPOT3_198.jpg,Brownspot,3922,6,1.0
Brownspot\BROWNSPOT3_199.jpg,Brownspot,3923,6,1.0
Brownspot\BROWNSPOT3_200.jpg,Brownspot,4023,3,1.0
Brownspot\BROWNSPOT4_001.jpg,Brownspot,4423,5,1.0
Brownspot\BROWNSPOT4_002.jpg,Brownspot,4325,5,1.0
Brownspot\BROWNSPOT4_003.jpg,Brownspot,4324,5,1.0
Brownspot\BROWNSPOT4_004.jpg,Brownspot,4327,5,1.0
Brownspot\BROWNSPOT4_005.jpg,Brownspot,4326,5,1.0
Brownspot\BROWNSPOT4_006.jpg,Brownspot,4329,5,1.0
Brownspot\BROWNSPOT4_007.jpg,Brownspot,4328,5,1.0
Brownspot\BROWNSPOT4_008.jpg,Brownspot,4331,5,1.0
Brownspot\BROWNSPOT4_009.jpg,Brownspot,4232,10,1.0
Brownspot\BROWNSPOT4_010.jpg,Brownspot,3932,16,1.0
Brownspot\BROWNSPOT4_011.jpg,Brownspot,4234,10,1.0
Brownspot\BROWNSPOT4_012.jpg,Brownspot,4334,5,1.0
Brownspot\BROWNSPOT4_013.jpg,Brownspot,4335,5,1.0
Brownspot\BROWNSPOT4_014.jpg,Brownspot,4336,5,1.0
Brownspot\BROWNSPOT4_015.jpg,Brownspot,4337,5,1.0
Brownspot\BROWNSPOT4_016.jpg,Brownspot,4338,5,1.0
Brownspot\BROWNSPOT4_017.jpg,Brownspot,4339,5,1.0
Brownspot\BROWNSPOT4_018.jpg,Brownspot,4553,10,1.0
Brownspot\BROWNSPOT4_019.jpg,Brownspot,4239,10,1.0
Brownspot\BROWNSPOT4_020.jpg,Brownspot,4342,5,1.0
Brownspot\BROWNSPOT4_021.jpg,Brownspot,4343,5,1.0
Brownspot\BROWNSPOT4_022.jpg,Brownspot,4344,5,1.0
Brownspot\BROWNSPOT4_023.jpg,Brownspot,4345,11,1.0
Brownspot\BROWNSPOT4_024.jpg,Brownspot,4546,5,1.0
Brownspot\BROWNSPOT4_025.jpg,Brownspot,4547,3,1.0
Brownspot\BROWNSPOT4_026.jpg,Brownspot,4348,5,1.0
Brownspot\BROWNSPOT4_027.jpg,Brownspot,4349,10,1.0
Brownspot\BROWNSPOT4_028.jpg,Brownspot,4350,5,1.0
Brownspot\BROWNSPOT4_029.jpg,Brownspot,4351,10,1.0
Brownspot\BROWNSPOT4_030.jpg,Brownspot,4352,5,1.0
Brownspot\BROWNSPOT4_031.jpg,Brownspot,4553,10,1.0
Brownspot\BROWNSPOT4_032.jpg,Brownspot,4354,5,1.0
Brownspot\BROWNSPOT4_033.jpg,Brownspot,4355,5,1.0
Brownspot\BROWNSPOT4_034.jpg,Brownspot,4356,5,1.0
Brownspot\BROWNSPOT4_035.jpg,Brownspot,4357,5,1.0
Brownspot\BROWNSPOT4_036.jpg,Brownspot,4358,10,1.0
Brownspot\BROWNSPOT4_037.jpg,Brownspot,4359,5,1.0
Brownspot\BROWNSPOT4_038.jpg,Brownspot,4360,5,1.0
Brownspot\BROWNSPOT4_039.jpg,Brownspot,4561,3,1.0
Brownspot\BROWNSPOT4_040.jpg,Brownspot,4263,10,1.0
Brownspot\BROWNSPOT4_041.jpg,Brownspot,4563,3,1.0
Brownspot\BROWNSPOT4_042.jpg,Brownspot,4364,5,1.0
Brownspot\BROWNSPOT4_043.jpg,Brownspot,4466,10,1.0
Brownspot\BROWNSPOT4_044.jpg,Brownspot,4366,5,1.0
Brownspot\BROWNSPOT4_045.jpg,Brownspot,4367,5,1.0
Brownspot\BROWNSPOT4_046.jpg,Brownspot,4568,3,1.0
Brownspot\BROWNSPOT4_047.jpg,Brownspot,4369,5,1.0
Brownspot\BROWNSPOT4_048.jpg,Brownspot,4370,5,1.0
Brownspot\BROWNSPOT4_049.jpg,Brownspot,4371,5,1.0
Brownspot\BROWNSPOT4_050.jpg,Brownspot,4372,5,1.0
Brownspot\BROWNSPOT4_051.jpg,Brownspot,4373,5,1.0
Brownspot\BROWNSPOT4_052.jpg,Brownspot,4374,5,1.0
Brownspot\BROWNSPOT4_053.jpg,Brownspot,4375,5,1.0
Brownspot\BROWNSPOT4_054.jpg,Brownspot,4277,10,1.0
Brownspot\BROWNSPOT4_055.jpg,Brownspot,4278,10,1.0
Brownspot\BROWNSPOT4_056.jpg,Brownspot,4378,5,1.0
Brownspot\BROWNSPOT4_057.jpg,Brownspot,4280,16,1.0
Brownspot\BROWNSPOT4_058.jpg,Brownspot,4580,3,1.0
Brownspot\BROWNSPOT4_059.jpg,Brownspot,4381,5,1.0
Brownspot\BROWNSPOT4_060.jpg,Brownspot,4382,5,1.0
Brownspot\BROWNSPOT4_061.jpg,Brownspot,4383,5,1.0
Brownspot\BROWNSPOT4_062.jpg,Brownspot,4384,5,1.0
Brownspot\BROWNSPOT4_063.jpg,Brownspot,4385,5,1.0
Brownspot\BROWNSPOT4_064.jpg,Brownspot,4287,10,1.0
Brownspot\BROWNSPOT4_065.jpg,Brownspot,4315,23,1.0
Brownspot\BROWNSPOT4_066.jpg,Brownspot,4388,5,1.0
Brownspot\BROWNSPOT4_067.jpg,Brownspot,4389,5,1.0
Brownspot\BROWNSPOT4_068.jpg,Brownspot,4390,5,1.0
Brownspot\BROWNSPOT4_069.jpg,Brownspot,4292,10,1.0
Brownspot\BROWNSPOT4_070.jpg,Brownspot,4392,5,1.0
Brownspot\BROWNSPOT4_071.jpg,Brownspot,4393,5,1.0
Brownspot\BROWNSPOT4_072.jpg,Brownspot,4394,5,1.0
Brownspot\BROWNSPOT4_073.jpg,Brownspot,4395,5,1.0
Brownspot\BROWNSPOT4_074.jpg,Brownspot,4396,5,1.0
Brownspot\BROWNSPOT4_075.jpg,Brownspot,4397,5,1.0
Brownspot\BROWNSPOT4_076.jpg,Brownspot,4398,5,1.0
Brownspot\BROWNSPOT4_077.jpg,Brownspot,4399,5,1.0
Brownspot\BROWNSPOT4_078.jpg,Brownspot,4400,5,1.0
Brownspot\BROWNSPOT4_079.jpg,Brownspot,4402,5,1.0
Brownspot\BROWNSPOT4_080.jpg,Brownspot,4403,5,1.0
Brownspot\BROWNSPOT4_081.jpg,Brownspot,4404,5,1.0
Brownspot\BROWNSPOT4_082.jpg,Brownspot,4605,3,1.0
Brownspot\BROWNSPOT4_083.jpg,Brownspot,4406,5,1.0
Brownspot\BROWNSPOT4_084.jpg,Brownspot,4407,5,1.0
Brownspot\BROWNSPOT4_085.jpg,Brownspot,4408,5,1.0
Brownspot\BROWNSPOT4_086.jpg,Brownspot,4109,3,1.0
Brownspot\BROWNSPOT4_087.jpg,Brownspot,4409,5,1.0
Brownspot\BROWNSPOT4_088.jpg,Brownspot,4410,5,1.0
Brownspot\BROWNSPOT4_089.jpg,Brownspot,4611,3,1.0
Brownspot\BROWNSPOT4_090.jpg,Brownspot,4412,5,1.0
Brownspot\BROWNSPOT4_091.jpg,Brownspot,4413,5,1.0
Brownspot\BROWNSPOT4_092.jpg,Brownspot,4315,23,1.0
Brownspot\BROWNSPOT4_093.jpg,Brownspot,4615,3,1.0
Brownspot\BROWNSPOT4_094.jpg,Brownspot,4317,10,1.0
Brownspot\BROWNSPOT4_095.jpg,Brownspot,4318,10,1.0
Brownspot\BROWNSPOT4_096.jpg,Brownspot,4319,10,1.0
Brownspot\BROWNSPOT4_097.jpg,Brownspot,4619,5,1.0
Brownspot\BROWNSPOT4_098.jpg,Brownspot,4420,5,1.0
Brownspot\BROWNSPOT4_099.jpg,Brownspot,4322,10,1.0
Brownspot\BROWNSPOT4_100.jpg,Brownspot,4422,5,1.0
Brownspot\BROWNSPOT4_101.jpg,Brownspot,4226,5,1.0
Brownspot\BROWNSPOT4_102.jpg,Brownspot,4225,5,1.0
Brownspot\BROWNSPOT4_103.jpg,Brownspot,4228,5,1.0
Brownspot\BROWNSPOT4_104.jpg,Brownspot,4227,5,1.0
Brownspot\BROWNSPOT4_105.jpg,Brownspot,4230,5,1.0
Brownspot\BROWNSPOT4_106.jpg,Brownspot,4229,5,1.0
Brownspot\BROWNSPOT4_107.jpg,Brownspot,4232,10,1.0
Brownspot\BROWNSPOT4_108.jpg,Brownspot,4231,5,1.0
Brownspot\BROWNSPOT4_109.jpg,Brownspot,3932,16,1.0
Brownspot\BROWNSPOT4_110.jpg,Brownspot,4234,10,1.0
Brownspot\BROWNSPOT4_111.jpg,Brownspot,4235,5,1.0
Brownspot\BROWNSPOT4_112.jpg,Brownspot,4236,5,1.0
Brownspot\BROWNSPOT4_113.jpg,Brownspot,4237,5,1.0
Brownspot\BROWNSPOT4_114.jpg,Brownspot,4238,5,1.0
Brownspot\BROWNSPOT4_115.jpg,Brownspot,4239,10,1.0
Brownspot\BROWNSPOT4_116.jpg,Brownspot,4240,5,1.0
Brownspot\BROWNSPOT4_117.jpg,Brownspot,4254,10,1.0
Brownspot\BROWNSPOT4_118.jpg,Brownspot,4242,5,1.0
Brownspot\BROWNSPOT4_119.jpg,Brownspot,4243,5,1.0
Brownspot\BROWNSPOT4_120.jpg,Brownspot,4244,5,1.0
Brownspot\BROWNSPOT4_121.jpg,Brownspot,4245,5,1.0
Brownspot\BROWNSPOT4_122.jpg,Brownspot,4246,5,1.0
Brownspot\BROWNSPOT4_123.jpg,Brownspot,4247,5,1.0
Brownspot\BROWNSPOT4_124.jpg,Brownspot,4248,5,1.0
Brownspot\BROWNSPOT4_125.jpg,Brownspot,4249,5,1.0
Brownspot\BROWNSPOT4_126.jpg,Brownspot,4349,10,1.0
Brownspot\BROWNSPOT4_127.jpg,Brownspot,4251,5,1.0
Brownspot\BROWNSPOT4_128.jpg,Brownspot,4351,10,1.0
Brownspot\BROWNSPOT4_129.jpg,Brownspot,4253,5,1.0
Brownspot\BROWNSPOT4_130.jpg,Brownspot,4254,10,1.0
Brownspot\BROWNSPOT4_131.jpg,Brownspot,4255,5,1.0
Brownspot\BROWNSPOT4_132.jpg,Brownspot,4256,5,1.0
Brownspot\BROWNSPOT4_133.jpg,Brownspot,4257,5,1.0
Brownspot\BROWNSPOT4_134.jpg,Brownspot,4258,5,1.0
Brownspot\BROWNSPOT4_135.jpg,Brownspot,4358,10,1.0
Brownspot\BROWNSPOT4_136.jpg,Brownspot,4260,5,1.0
Brownspot\BROWNSPOT4_137.jpg,Brownspot,4261,5,1.0
Brownspot\BROWNSPOT4_138.jpg,Brownspot,4262,5,1.0
Brownspot\BROWNSPOT4_139.jpg,Brownspot,4263,10,1.0
Brownspot\BROWNSPOT4_140.jpg,Brownspot,4264,5,1.0
Brownspot\BROWNSPOT4_141.jpg,Brownspot,4265,5,1.0
Brownspot\BROWNSPOT4_142.jpg,Brownspot,4466,10,1.0
Brownspot\BROWNSPOT4_143.jpg,Brownspot,4267,5,1.0
Brownspot\BROWNSPOT4_144.jpg,Brownspot,4268,5,1.0
Brownspot\BROWNSPOT4_145.jpg,Brownspot,4269,5,1.0
Brownspot\BROWNSPOT4_146.jpg,Brownspot,4270,5,1.0
Brownspot\BROWNSPOT4_147.jpg,Brownspot,4271,5,1.0
Brownspot\BROWNSPOT4_148.jpg,Brownspot,4272,5,1.0
Brownspot\BROWNSPOT4_149.jpg,Brownspot,4273,5,1.0
Brownspot\BROWNSPOT4_150.jpg,Brownspot,4474,5,1.0
Brownspot\BROWNSPOT4_151.jpg,Brownspot,4275,5,1.0
Brownspot\BROWNSPOT4_152.jpg,Brownspot,4276,8,1.0
Brownspot\BROWNSPOT4_153.jpg,Brownspot,4277,10,1.0
Brownspot\BROWNSPOT4_154.jpg,Brownspot,4278,10,1.0
Brownspot\BROWNSPOT4_155.jpg,Brownspot,4279,5,1.0
Brownspot\BROWNSPOT4_156.jpg,Brownspot,4280,16,1.0
Brownspot\BROWNSPOT4_157.jpg,Brownspot,4281,5,1.0
Brownspot\BROWNSPOT4_158.jpg,Brownspot,4282,5,1.0
Brownspot\BROWNSPOT4_159.jpg,Brownspot,4283,5,1.0
Brownspot\BROWNSPOT4_160.jpg,Brownspot,4484,5,1.0
Brownspot\BROWNSPOT4_161.jpg,Brownspot,4285,5,1.0
Brownspot\BROWNSPOT4_162.jpg,Brownspot,4286,5,1.0
Brownspot\BROWNSPOT4_163.jpg,Brownspot,4287,10,1.0
Brownspot\BROWNSPOT4_164.jpg,Brownspot,4315,23,1.0
Brownspot\BROWNSPOT4_165.jpg,Brownspot,4489,3,1.0
Brownspot\BROWNSPOT4_166.jpg,Brownspot,4290,5,1.0
Brownspot\BROWNSPOT4_167.jpg,Brownspot,4291,5,1.0
Brownspot\BROWNSPOT4_168.jpg,Brownspot,4292,10,1.0
Brownspot\BROWNSPOT4_169.jpg,Brownspot,4293,5,1.0
Brownspot\BROWNSPOT4_170.jpg,Brownspot,4294,5,1.0
Brownspot\BROWNSPOT4_171.jpg,Brownspot,4295,5,1.0
Brownspot\BROWNSPOT4_172.jpg,Brownspot,4296,5,1.0
Brownspot\BROWNSPOT4_173.jpg,Brownspot,4297,5,1.0
Brownspot\BROWNSPOT4_174.jpg,Brownspot,4298,5,1.0
Brownspot\BROWNSPOT4_175.jpg,Brownspot,4299,5,1.0
Brownspot\BROWNSPOT4_176.jpg,Brownspot,4300,5,1.0
Brownspot\BROWNSPOT4_177.jpg,Brownspot,4301,5,1.0
Brownspot\BROWNSPOT4_178.jpg,Brownspot,4201,3,1.0
Brownspot\BROWNSPOT4_179.jpg,Brownspot,4302,5,1.0
Brownspot\BROWNSPOT4_180.jpg,Brownspot,4303,5,1.0
Brownspot\BROWNSPOT4_181.jpg,Brownspot,4304,5,1.0
Brownspot\BROWNSPOT4_182.jpg,Brownspot,4305,5,1.0
Brownspot\BROWNSPOT4_183.jpg,Brownspot,4306,5,1.0
Brownspot\BROWNSPOT4_184.jpg,Brownspot,4307,5,1.0
Brownspot\BROWNSPOT4_185.jpg,Brownspot,4308,5,1.0
Brownspot\BROWNSPOT4_186.jpg,Brownspot,4310,5,1.0
Brownspot\BROWNSPOT4_187.jpg,Brownspot,4311,5,1.0
Brownspot\BROWNSPOT4_188.jpg,Brownspot,4512,3,1.0
Brownspot\BROWNSPOT4_189.jpg,Brownspot,4313,5,1.0
Brownspot\BROWNSPOT4_190.jpg,Brownspot,4314,5,1.0
Brownspot\BROWNSPOT4_191.jpg,Brownspot,4315,23,1.0
Brownspot\BROWNSPOT4_192.jpg,Brownspot,4316,5,1.0
Brownspot\BROWNSPOT4_193.jpg,Brownspot,4317,10,1.0
Brownspot\BROWNSPOT4_194.jpg,Brownspot,4318,10,1.0
Brownspot\BROWNSPOT4_195.jpg,Brownspot,4319,10,1.0
Brownspot\BROWNSPOT4_196.jpg,Brownspot,4320,5,1.0
Brownspot\BROWNSPOT4_197.jpg,Brownspot,4321,5,1.0
Brownspot\BROWNSPOT4_198.jpg,Brownspot,4322,10,1.0
Brownspot\BROWNSPOT4_199.jpg,Brownspot,4323,5,1.0
Brownspot\BROWNSPOT4_200.jpg,Brownspot,4224,5,1.0
Brownspot\BROWNSPOT5_001.jpg,Brownspot,3824,3,1.0
Brownspot\BROWNSPOT5_002.jpg,Brownspot,3825,6,1.0
Brownspot\BROWNSPOT5_003.jpg,Brownspot,3826,3,1.0
Brownspot\BROWNSPOT5_004.jpg,Brownspot,3827,6,1.0
Brownspot\BROWNSPOT5_005.jpg,Brownspot,3828,3,1.0
Brownspot\BROWNSPOT5_006.jpg,Brownspot,3829,3,1.0
Brownspot\BROWNSPOT5_007.jpg,Brownspot,3830,3,1.0
Brownspot\BROWNSPOT5_008.jpg,Brownspot,3831,3,1.0
Brownspot\BROWNSPOT5_009.jpg,Brownspot,3832,3,1.0
Brownspot\BROWNSPOT5_010.jpg,Brownspot,3932,16,1.0
Brownspot\BROWNSPOT5_011.jpg,Brownspot,3834,6,1.0
Brownspot\BROWNSPOT5_012.jpg,Brownspot,3835,3,1.0
Brownspot\BROWNSPOT5_013.jpg,Brownspot,3836,3,1.0
Brownspot\BROWNSPOT5_014.jpg,Brownspot,3837,6,1.0
Brownspot\BROWNSPOT5_015.jpg,Brownspot,3838,3,1.0
Brownspot\BROWNSPOT5_016.jpg,Brownspot,3839,6,1.0
Brownspot\BROWNSPOT5_017.jpg,Brownspot,3840,3,1.0
Brownspot\BROWNSPOT5_018.jpg,Brownspot,3841,6,1.0
Brownspot\BROWNSPOT5_019.jpg,Brownspot,3842,3,1.0
Brownspot\BROWNSPOT5_020.jpg,Brownspot,3843,3,1.0
Brownspot\BROWNSPOT5_021.jpg,Brownspot,3844,3,1.0
Brownspot\BROWNSPOT5_022.jpg,Brownspot,3845,3,1.0
Brownspot\BROWNSPOT5_023.jpg,Brownspot,4345,11,1.0
Brownspot\BROWNSPOT5_024.jpg,Brownspot,3847,6,1.0
Brownspot\BROWNSPOT5_025.jpg,Brownspot,3848,3,1.0
Brownspot\BROWNSPOT5_026.jpg,Brownspot,3849,3,1.0
Brownspot\BROWNSPOT5_027.jpg,Brownspot,3850,6,1.0
Brownspot\BROWNSPOT5_028.jpg,Brownspot,3851,3,1.0
Brownspot\BROWNSPOT5_029.jpg,Brownspot,3852,6,1.0
Brownspot\BROWNSPOT5_030.jpg,Brownspot,3853,6,1.0
Brownspot\BROWNSPOT5_031.jpg,Brownspot,3841,6,1.0
Brownspot\BROWNSPOT5_032.jpg,Brownspot,3855,6,1.0
Brownspot\BROWNSPOT5_033.jpg,Brownspot,3856,3,1.0
Brownspot\BROWNSPOT5_034.jpg,Brownspot,3857,3,1.0
Brownspot\BROWNSPOT5_035.jpg,Brownspot,3858,3,1.0
Brownspot\BROWNSPOT5_036.jpg,Brownspot,3859,6,1.0
Brownspot\BROWNSPOT5_037.jpg,Brownspot,3860,3,1.0
Brownspot\BROWNSPOT5_038.jpg,Brownspot,3861,3,1.0
Brownspot\BROWNSPOT5_039.jpg,Brownspot,3862,3,1.0
Brownspot\BROWNSPOT5_040.jpg,Brownspot,3863,3,1.0
Brownspot\BROWNSPOT5_041.jpg,Brownspot,3864,3,1.0
Brownspot\BROWNSPOT5_042.jpg,Brownspot,3865,3,1.0
Brownspot\BROWNSPOT5_043.jpg,Brownspot,3866,3,1.0
Brownspot\BROWNSPOT5_044.jpg,Brownspot,3867,6,1.0
Brownspot\BROWNSPOT5_045.jpg,Brownspot,3967,6,1.0
Brownspot\BROWNSPOT5_046.jpg,Brownspot,3869,3,1.0
Brownspot\BROWNSPOT5_047.jpg,Brownspot,3870,3,1.0
Brownspot\BROWNSPOT5_048.jpg,Brownspot,3871,3,1.0
Brownspot\BROWNSPOT5_049.jpg,Brownspot,3872,3,1.0
Brownspot\BROWNSPOT5_050.jpg,Brownspot,3873,3,1.0
Brownspot\BROWNSPOT5_051.jpg,Brownspot,3874,3,1.0
Brownspot\BROWNSPOT5_052.jpg,Brownspot,3875,3,1.0
Brownspot\BROWNSPOT5_053.jpg,Brownspot,4276,8,1.0
Brownspot\BROWNSPOT5_054.jpg,Brownspot,3877,6,1.0
Brownspot\BROWNSPOT5_055.jpg,Brownspot,3878,3,1.0
Brownspot\BROWNSPOT5_056.jpg,Brownspot,3978,6,1.0
Brownspot\BROWNSPOT5_057.jpg,Brownspot,4280,16,1.0
Brownspot\BROWNSPOT5_058.jpg,Brownspot,3881,3,1.0
Brownspot\BROWNSPOT5_059.jpg,Brownspot,3882,3,1.0
Brownspot\BROWNSPOT5_060.jpg,Brownspot,3883,3,1.0
Brownspot\BROWNSPOT5_061.jpg,Brownspot,3884,3,1.0
Brownspot\BROWNSPOT5_062.jpg,Brownspot,3885,3,1.0
Brownspot\BROWNSPOT5_063.jpg,Brownspot,3886,6,1.0
Brownspot\BROWNSPOT5_064.jpg,Brownspot,3887,6,1.0
Brownspot\BROWNSPOT5_065.jpg,Brownspot,4315,23,1.0
Brownspot\BROWNSPOT5_066.jpg,Brownspot,3889,3,1.0
Brownspot\BROWNSPOT5_067.jpg,Brownspot,3890,3,1.0
Brownspot\BROWNSPOT5_068.jpg,Brownspot,3891,3,1.0
Brownspot\BROWNSPOT5_069.jpg,Brownspot,3892,3,1.0
Brownspot\BROWNSPOT5_070.jpg,Brownspot,3893,3,1.0
Brownspot\BROWNSPOT5_071.jpg,Brownspot,3894,3,1.0
Brownspot\BROWNSPOT5_072.jpg,Brownspot,3895,3,1.0
Brownspot\BROWNSPOT5_073.jpg,Brownspot,3896,6,1.0
Brownspot\BROWNSPOT5_074.jpg,Brownspot,3897,3,1.0
Brownspot\BROWNSPOT5_075.jpg,Brownspot,3898,6,1.0
Brownspot\BROWNSPOT5_076.jpg,Brownspot,3899,3,1.0
Brownspot\BROWNSPOT5_077.jpg,Brownspot,3900,6,1.0
Brownspot\BROWNSPOT5_078.jpg,Brownspot,4000,6,1.0
Brownspot\BROWNSPOT5_079.jpg,Brownspot,3902,3,1.0
Brownspot\BROWNSPOT5_080.jpg,Brownspot,3903,6,1.0
Brownspot\BROWNSPOT5_081.jpg,Brownspot,3904,6,1.0
Brownspot\BROWNSPOT5_082.jpg,Brownspot,3905,3,1.0
Brownspot\BROWNSPOT5_083.jpg,Brownspot,3906,3,1.0
Brownspot\BROWNSPOT5_084.jpg,Brownspot,3907,3,1.0
Brownspot\BROWNSPOT5_085.jpg,Brownspot,3908,3,1.0
Brownspot\BROWNSPOT5_086.jpg,Brownspot,3909,2,1.0
Brownspot\BROWNSPOT5_087.jpg,Brownspot,3910,6,1.0
Brownspot\BROWNSPOT5_088.jpg,Brownspot,3911,3,1.0
Brownspot\BROWNSPOT5_089.jpg,Brownspot,3912,3,1.0
Brownspot\BROWNSPOT5_090.jpg,Brownspot,3913,3,1.0
Brownspot\BROWNSPOT5_091.jpg,Brownspot,3914,3,1.0
Brownspot\BROWNSPOT5_092.jpg,Brownspot,3915,6,1.0
Brownspot\BROWNSPOT5_093.jpg,Brownspot,3916,3,1.0
Brownspot\BROWNSPOT5_094.jpg,Brownspot,3917,3,1.0
Brownspot\BROWNSPOT5_095.jpg,Brownspot,3918,6,1.0
Brownspot\BROWNSPOT5_096.jpg,Brownspot,3919,6,1.0
Brownspot\BROWNSPOT5_097.jpg,Brownspot,3920,3,1.0
Brownspot\BROWNSPOT5_098.jpg,Brownspot,3921,6,1.0
Brownspot\BROWNSPOT5_099.jpg,Brownspot,3922,6,1.0
Brownspot\BROWNSPOT5_100.jpg,Brownspot,3923,6,1.0
Brownspot\BROWNSPOT5_101.jpg,Brownspot,3924,3,1.0
Brownspot\BROWNSPOT5_102.jpg,Brownspot,3825,6,1.0
Brownspot\BROWNSPOT5_103.jpg,Brownspot,3926,3,1.0
Brownspot\BROWNSPOT5_104.jpg,Brownspot,3827,6,1.0
Brownspot\BROWNSPOT5_105.jpg,Brownspot,3928,3,1.0
Brownspot\BROWNSPOT5_106.jpg,Brownspot,3929,3,1.0
Brownspot\BROWNSPOT5_107.jpg,Brownspot,3930,3,1.0
Brownspot\BROWNSPOT5_108.jpg,Brownspot,3931,3,1.0
Brownspot\BROWNSPOT5_109.jpg,Brownspot,3932,16,1.0
Brownspot\BROWNSPOT5_110.jpg,Brownspot,3834,6,1.0
Brownspot\BROWNSPOT5_111.jpg,Brownspot,3934,3,1.0
Brownspot\BROWNSPOT5_112.jpg,Brownspot,3935,3,1.0
Brownspot\BROWNSPOT5_113.jpg,Brownspot,3837,6,1.0
Brownspot\BROWNSPOT5_114.jpg,Brownspot,3937,3,1.0
Brownspot\BROWNSPOT5_115.jpg,Brownspot,3938,3,1.0
Brownspot\BROWNSPOT5_116.jpg,Brownspot,3939,3,1.0
Brownspot\BROWNSPOT5_117.jpg,Brownspot,3940,3,1.0
Brownspot\BROWNSPOT5_118.jpg,Brownspot,3839,6,1.0
Brownspot\BROWNSPOT5_119.jpg,Brownspot,3942,3,1.0
Brownspot\BROWNSPOT5_120.jpg,Brownspot,3943,3,1.0
Brownspot\BROWNSPOT5_121.jpg,Brownspot,3944,3,1.0
Brownspot\BROWNSPOT5_122.jpg,Brownspot,4345,11,1.0
Brownspot\BROWNSPOT5_123.jpg,Brownspot,3847,6,1.0
Brownspot\BROWNSPOT5_124.jpg,Brownspot,3947,3,1.0
Brownspot\BROWNSPOT5_125.jpg,Brownspot,3948,3,1.0
Brownspot\BROWNSPOT5_126.jpg,Brownspot,3850,6,1.0
Brownspot\BROWNSPOT5_127.jpg,Brownspot,3950,3,1.0
Brownspot\BROWNSPOT5_128.jpg,Brownspot,3852,6,1.0
Brownspot\BROWNSPOT5_129.jpg,Brownspot,3853,6,1.0
Brownspot\BROWNSPOT5_130.jpg,Brownspot,3953,3,1.0
Brownspot\BROWNSPOT5_131.jpg,Brownspot,3855,6,1.0
Brownspot\BROWNSPOT5_132.jpg,Brownspot,3955,3,1.0
Brownspot\BROWNSPOT5_133.jpg,Brownspot,3956,3,1.0
Brownspot\BROWNSPOT5_134.jpg,Brownspot,3957,3,1.0
Brownspot\BROWNSPOT5_135.jpg,Brownspot,3859,6,1.0
Brownspot\BROWNSPOT5_136.jpg,Brownspot,3959,3,1.0
Brownspot\BROWNSPOT5_137.jpg,Brownspot,3960,3,1.0
Brownspot\BROWNSPOT5_138.jpg,Brownspot,3961,3,1.0
Brownspot\BROWNSPOT5_139.jpg,Brownspot,3962,3,1.0
Brownspot\BROWNSPOT5_140.jpg,Brownspot,3963,3,1.0
Brownspot\BROWNSPOT5_141.jpg,Brownspot,3964,3,1.0
Brownspot\BROWNSPOT5_142.jpg,Brownspot,3965,3,1.0
Brownspot\BROWNSPOT5_143.jpg,Brownspot,3867,6,1.0
Brownspot\BROWNSPOT5_144.jpg,Brownspot,3967,6,1.0
Brownspot\BROWNSPOT5_145.jpg,Brownspot,3968,3,1.0
Brownspot\BROWNSPOT5_146.jpg,Brownspot,3969,3,1.0
Brownspot\BROWNSPOT5_147.jpg,Brownspot,3970,3,1.0
Brownspot\BROWNSPOT5_148.jpg,Brownspot,3971,3,1.0
Brownspot\BROWNSPOT5_149.jpg,Brownspot,3972,3,1.0
Brownspot\BROWNSPOT5_150.jpg,Brownspot,3973,3,1.0
Brownspot\BROWNSPOT5_151.jpg,Brownspot,3974,3,1.0
Brownspot\BROWNSPOT5_152.jpg,Brownspot,3975,3,1.0
Brownspot\BROWNSPOT5_153.jpg,Brownspot,3877,6,1.0
Brownspot\BROWNSPOT5_154.jpg,Brownspot,3977,3,1.0
Brownspot\BROWNSPOT5_155.jpg,Brownspot,3978,6,1.0
Brownspot\BROWNSPOT5_156.jpg,Brownspot,4280,16,1.0
Brownspot\BROWNSPOT5_157.jpg,Brownspot,3980,3,1.0
Brownspot\BROWNSPOT5_158.jpg,Brownspot,3981,3,1.0
Brownspot\BROWNSPOT5_159.jpg,Brownspot,3982,3,1.0
Brownspot\BROWNSPOT5_160.jpg,Brownspot,3983,3,1.0
Brownspot\BROWNSPOT5_161.jpg,Brownspot,3984,3,1.0
Brownspot\BROWNSPOT5_162.jpg,Brownspot,3886,6,1.0
Brownspot\BROWNSPOT5_163.jpg,Brownspot,3887,6,1.0
Brownspot\BROWNSPOT5_164.jpg,Brownspot,3987,3,1.0
Brownspot\BROWNSPOT5_165.jpg,Brownspot,3988,3,1.0
Brownspot\BROWNSPOT5_166.jpg,Brownspot,3989,3,1.0
Brownspot\BROWNSPOT5_167.jpg,Brownspot,3990,3,1.0
Brownspot\BROWNSPOT5_168.jpg,Brownspot,3991,3,1.0
Brownspot\BROWNSPOT5_169.jpg,Brownspot,3992,3,1.0
Brownspot\BROWNSPOT5_170.jpg,Brownspot,3993,3,1.0
Brownspot\BROWNSPOT5_171.jpg,Brownspot,3994,3,1.0
Brownspot\BROWNSPOT5_172.jpg,Brownspot,3896,6,1.0
Brownspot\BROWNSPOT5_173.jpg,Brownspot,3996,3,1.0
Brownspot\BROWNSPOT5_174.jpg,Brownspot,3898,6,1.0
Brownspot\BROWNSPOT5_175.jpg,Brownspot,3998,3,1.0
Brownspot\BROWNSPOT5_176.jpg,Brownspot,3900,6,1.0
Brownspot\BROWNSPOT5_177.jpg,Brownspot,4000,6,1.0
Brownspot\BROWNSPOT5_178.jpg,Brownspot,4001,2,1.0
Brownspot\BROWNSPOT5_179.jpg,Brownspot,4002,3,1.0
Brownspot\BROWNSPOT5_180.jpg,Brownspot,3903,6,1.0
Brownspot\BROWNSPOT5_181.jpg,Brownspot,3904,6,1.0
Brownspot\BROWNSPOT5_182.jpg,Brownspot,4005,3,1.0
Brownspot\BROWNSPOT5_183.jpg,Brownspot,4006,3,1.0
Brownspot\BROWNSPOT5_184.jpg,Brownspot,4007,3,1.0
Brownspot\BROWNSPOT5_185.jpg,Brownspot,4008,3,1.0
Brownspot\BROWNSPOT5_186.jpg,Brownspot,3910,6,1.0
Brownspot\BROWNSPOT5_187.jpg,Brownspot,4010,3,1.0
Brownspot\BROWNSPOT5_188.jpg,Brownspot,4011,3,1.0
Brownspot\BROWNSPOT5_189.jpg,Brownspot,4012,3,1.0
Brownspot\BROWNSPOT5_190.jpg,Brownspot,4013,3,1.0
Brownspot\BROWNSPOT5_191.jpg,Brownspot,3915,6,1.0
Brownspot\BROWNSPOT5_192.jpg,Brownspot,4015,3,1.0
Brownspot\BROWNSPOT5_193.jpg,Brownspot,4016,3,1.0
Brownspot\BROWNSPOT5_194.jpg,Brownspot,3918,6,1.0
Brownspot\BROWNSPOT5_195.jpg,Brownspot,3919,6,1.0
Brownspot\BROWNSPOT5_196.jpg,Brownspot,4019,3,1.0
Brownspot\BROWNSPOT5_197.jpg,Brownspot,3921,6,1.0
Brownspot\BROWNSPOT5_198.jpg,Brownspot,3922,6,1.0
Brownspot\BROWNSPOT5_199.jpg,Brownspot,3923,6,1.0
Brownspot\BROWNSPOT5_200.jpg,Brownspot,4023,3,1.0
Brownspot\BROWNSPOT6_001.jpg,Brownspot,4423,5,0.9885
Brownspot\BROWNSPOT6_002.jpg,Brownspot,4325,5,1.0
Brownspot\BROWNSPOT6_003.jpg,Brownspot,4324,5,0.9946
Brownspot\BROWNSPOT6_004.jpg,Brownspot,4327,5,1.0
Brownspot\BROWNSPOT6_005.jpg,Brownspot,4326,5,0.9885
Brownspot\BROWNSPOT6_006.jpg,Brownspot,4329,5,1.0
Brownspot\BROWNSPOT6_007.jpg,Brownspot,4328,5,0.9893
Brownspot\BROWNSPOT6_008.jpg,Brownspot,4331,5,1.0
Brownspot\BROWNSPOT6_009.jpg,Brownspot,4232,10,0.9927
Brownspot\BROWNSPOT6_010.jpg,Brownspot,3932,16,0.9966
Brownspot\BROWNSPOT6_011.jpg,Brownspot,4234,10,0.9916
Brownspot\BROWNSPOT6_012.jpg,Brownspot,4334,5,0.9944
Brownspot\BROWNSPOT6_013.jpg,Brownspot,4335,5,0.9939
Brownspot\BROWNSPOT6_014.jpg,Brownspot,4336,5,0.9944
Brownspot\BROWNSPOT6_015.jpg,Brownspot,4337,5,0.9905
Brownspot\BROWNSPOT6_016.jpg,Brownspot,4338,5,0.9826
Brownspot\BROWNSPOT6_017.jpg,Brownspot,4339,5,0.995
Brownspot\BROWNSPOT6_018.jpg,Brownspot,4553,10,0.995
Brownspot\BROWNSPOT6_019.jpg,Brownspot,4239,10,0.9885
Brownspot\BROWNSPOT6_020.jpg,Brownspot,4342,5,0.9803
Brownspot\BROWNSPOT6_021.jpg,Brownspot,4343,5,0.9898
Brownspot\BROWNSPOT6_022.jpg,Brownspot,4344,5,0.9838
Brownspot\BROWNSPOT6_023.jpg,Brownspot,4345,11,0.9956
Brownspot\BROWNSPOT6_024.jpg,Brownspot,4546,5,0.9829
Brownspot\BROWNSPOT6_025.jpg,Brownspot,4347,2,0.9809
Brownspot\BROWNSPOT6_026.jpg,Brownspot,4348,5,0.9896
Brownspot\BROWNSPOT6_027.jpg,Brownspot,4349,10,0.9868
Brownspot\BROWNSPOT6_028.jpg,Brownspot,4350,5,0.9849
Brownspot\BROWNSPOT6_029.jpg,Brownspot,4351,10,0.9927
Brownspot\BROWNSPOT6_030.jpg,Brownspot,4352,5,0.9852
Brownspot\BROWNSPOT6_031.jpg,Brownspot,4553,10,0.9945
Brownspot\BROWNSPOT6_032.jpg,Brownspot,4354,5,0.9875
Brownspot\BROWNSPOT6_033.jpg,Brownspot,4355,5,0.9921
Brownspot\BROWNSPOT6_034.jpg,Brownspot,4356,5,0.9944
Brownspot\BROWNSPOT6_035.jpg,Brownspot,4357,5,0.9903
Brownspot\BROWNSPOT6_036.jpg,Brownspot,4358,10,0.9942
Brownspot\BROWNSPOT6_037.jpg,Brownspot,4359,5,0.9942
Brownspot\BROWNSPOT6_038.jpg,Brownspot,4360,5,0.9819
Brownspot\BROWNSPOT6_039.jpg,Brownspot,4361,2,0.988
Brownspot\BROWNSPOT6_040.jpg,Brownspot,4263,10,0.9907
Brownspot\BROWNSPOT6_041.jpg,Brownspot,4363,2,0.9821
Brownspot\BROWNSPOT6_042.jpg,Brownspot,4364,5,0.993
Brownspot\BROWNSPOT6_043.jpg,Brownspot,4466,10,0.9889
Brownspot\BROWNSPOT6_044.jpg,Brownspot,4366,5,0.9917
Brownspot\BROWNSPOT6_045.jpg,Brownspot,4367,5,0.99
Brownspot\BROWNSPOT6_046.jpg,Brownspot,4368,2,0.9869
Brownspot\BROWNSPOT6_047.jpg,Brownspot,4369,5,0.9933
Brownspot\BROWNSPOT6_048.jpg,Brownspot,4370,5,0.9917
Brownspot\BROWNSPOT6_049.jpg,Brownspot,4371,5,0.9859
Brownspot\BROWNSPOT6_050.jpg,Brownspot,4372,5,0.993
Brownspot\BROWNSPOT6_051.jpg,Brownspot,4373,5,0.9849
Brownspot\BROWNSPOT6_052.jpg,Brownspot,4374,5,0.9924
Brownspot\BROWNSPOT6_053.jpg,Brownspot,4375,5,0.9925
Brownspot\BROWNSPOT6_054.jpg,Brownspot,4277,10,0.9961
Brownspot\BROWNSPOT6_055.jpg,Brownspot,4278,10,0.9914
Brownspot\BROWNSPOT6_056.jpg,Brownspot,4378,5,0.9845
Brownspot\BROWNSPOT6_057.jpg,Brownspot,4280,16,0.997
Brownspot\BROWNSPOT6_058.jpg,Brownspot,4380,2,0.9922
Brownspot\BROWNSPOT6_059.jpg,Brownspot,4381,5,0.9924
Brownspot\BROWNSPOT6_060.jpg,Brownspot,4382,5,0.9888
Brownspot\BROWNSPOT6_061.jpg,Brownspot,4383,5,0.9803
Brownspot\BROWNSPOT6_062.jpg,Brownspot,4384,5,0.9906
Brownspot\BROWNSPOT6_063.jpg,Brownspot,4385,5,0.9891
Brownspot\BROWNSPOT6_064.jpg,Brownspot,4287,10,0.9912
Brownspot\BROWNSPOT6_065.jpg,Brownspot,4315,23,0.9933
Brownspot\BROWNSPOT6_066.jpg,Brownspot,4388,5,0.9848
Brownspot\BROWNSPOT6_067.jpg,Brownspot,4389,5,0.9747
Brownspot\BROWNSPOT6_068.jpg,Brownspot,4390,5,0.9907
Brownspot\BROWNSPOT6_069.jpg,Brownspot,4292,10,0.991
Brownspot\BROWNSPOT6_070.jpg,Brownspot,4392,5,0.9808
Brownspot\BROWNSPOT6_071.jpg,Brownspot,4393,5,0.9918
Brownspot\BROWNSPOT6_072.jpg,Brownspot,4394,5,0.9884
Brownspot\BROWNSPOT6_073.jpg,Brownspot,4395,5,0.9892
Brownspot\BROWNSPOT6_074.jpg,Brownspot,4396,5,0.9887
Brownspot\BROWNSPOT6_075.jpg,Brownspot,4397,5,0.9953
Brownspot\BROWNSPOT6_076.jpg,Brownspot,4398,5,0.9935
Brownspot\BROWNSPOT6_077.jpg,Brownspot,4399,5,0.9884
Brownspot\BROWNSPOT6_078.jpg,Brownspot,4400,5,0.9855
Brownspot\BROWNSPOT6_079.jpg,Brownspot,4402,5,0.9722
Brownspot\BROWNSPOT6_080.jpg,Brownspot,4403,5,0.9867
Brownspot\BROWNSPOT6_081.jpg,Brownspot,4404,5,0.9932
Brownspot\BROWNSPOT6_082.jpg,Brownspot,4405,2,0.9881
Brownspot\BROWNSPOT6_083.jpg,Brownspot,4406,5,0.9891
Brownspot\BROWNSPOT6_084.jpg,Brownspot,4407,5,0.9891
Brownspot\BROWNSPOT6_085.jpg,Brownspot,4408,5,0.9845
Brownspot\BROWNSPOT6_086.jpg,Brownspot,4109,3,0.9764
Brownspot\BROWNSPOT6_087.jpg,Brownspot,4409,5,0.9911
Brownspot\BROWNSPOT6_088.jpg,Brownspot,4410,5,0.9715
Brownspot\BROWNSPOT6_089.jpg,Brownspot,4411,2,0.9854
Brownspot\BROWNSPOT6_090.jpg,Brownspot,4412,5,0.9906
Brownspot\BROWNSPOT6_091.jpg,Brownspot,4413,5,0.984
Brownspot\BROWNSPOT6_092.jpg,Brownspot,4315,23,0.9968
Brownspot\BROWNSPOT6_093.jpg,Brownspot,4415,2,0.9648
Brownspot\BROWNSPOT6_094.jpg,Brownspot,4317,10,0.9753
Brownspot\BROWNSPOT6_095.jpg,Brownspot,4318,10,0.9946
Brownspot\BROWNSPOT6_096.jpg,Brownspot,4319,10,0.9965
Brownspot\BROWNSPOT6_097.jpg,Brownspot,4619,5,0.9855
Brownspot\BROWNSPOT6_098.jpg,Brownspot,4420,5,0.9883
Brownspot\BROWNSPOT6_099.jpg,Brownspot,4322,10,0.9942
Brownspot\BROWNSPOT6_100.jpg,Brownspot,4422,5,0.9821
Brownspot\BROWNSPOT6_101.jpg,Brownspot,4226,5,0.9801
Brownspot\BROWNSPOT6_102.jpg,Brownspot,4225,5,1.0
Brownspot\BROWNSPOT6_103.jpg,Brownspot,4228,5,0.9917
Brownspot\BROWNSPOT6_104.jpg,Brownspot,4227,5,1.0
Brownspot\BROWNSPOT6_105.jpg,Brownspot,4230,5,0.9889
Brownspot\BROWNSPOT6_106.jpg,Brownspot,4229,5,1.0
Brownspot\BROWNSPOT6_107.jpg,Brownspot,4232,10,0.9928
Brownspot\BROWNSPOT6_108.jpg,Brownspot,4231,5,1.0
Brownspot\BROWNSPOT6_109.jpg,Brownspot,3932,16,0.9946
Brownspot\BROWNSPOT6_110.jpg,Brownspot,4234,10,0.9958
Brownspot\BROWNSPOT6_111.jpg,Brownspot,4235,5,0.9885
Brownspot\BROWNSPOT6_112.jpg,Brownspot,4236,5,0.9862
Brownspot\BROWNSPOT6_113.jpg,Brownspot,4237,5,0.9903
Brownspot\BROWNSPOT6_114.jpg,Brownspot,4238,5,0.9928
Brownspot\BROWNSPOT6_115.jpg,Brownspot,4239,10,0.9864
Brownspot\BROWNSPOT6_116.jpg,Brownspot,4240,5,0.9884
Brownspot\BROWNSPOT6_117.jpg,Brownspot,4254,10,0.9921
Brownspot\BROWNSPOT6_118.jpg,Brownspot,4242,5,0.9878
Brownspot\BROWNSPOT6_119.jpg,Brownspot,4243,5,0.9904
Brownspot\BROWNSPOT6_120.jpg,Brownspot,4244,5,0.9863
Brownspot\BROWNSPOT6_121.jpg,Brownspot,4245,5,0.9911
Brownspot\BROWNSPOT6_122.jpg,Brownspot,4246,5,0.9907
Brownspot\BROWNSPOT6_123.jpg,Brownspot,4247,5,0.9701
Brownspot\BROWNSPOT6_124.jpg,Brownspot,4248,5,0.9903
Brownspot\BROWNSPOT6_125.jpg,Brownspot,4249,5,0.9897
Brownspot\BROWNSPOT6_126.jpg,Brownspot,4349,10,0.9942
Brownspot\BROWNSPOT6_127.jpg,Brownspot,4251,5,0.9929
Brownspot\BROWNSPOT6_128.jpg,Brownspot,4351,10,0.9934
Brownspot\BROWNSPOT6_129.jpg,Brownspot,4253,5,0.9923
Brownspot\BROWNSPOT6_130.jpg,Brownspot,4254,10,0.9925
Brownspot\BROWNSPOT6_131.jpg,Brownspot,4255,5,0.9906
Brownspot\BROWNSPOT6_132.jpg,Brownspot,4256,5,0.9966
Brownspot\BROWNSPOT6_133.jpg,Brownspot,4257,5,0.98
Brownspot\BROWNSPOT6_134.jpg,Brownspot,4258,5,0.9862
Brownspot\BROWNSPOT6_135.jpg,Brownspot,4358,10,0.9935
Brownspot\BROWNSPOT6_136.jpg,Brownspot,4260,5,0.9955
Brownspot\BROWNSPOT6_137.jpg,Brownspot,4261,5,0.9885
Brownspot\BROWNSPOT6_138.jpg,Brownspot,4262,5,0.983
Brownspot\BROWNSPOT6_139.jpg,Brownspot,4263,10,0.9929
Brownspot\BROWNSPOT6_140.jpg,Brownspot,4264,5,0.9876
Brownspot\BROWNSPOT6_141.jpg,Brownspot,4265,5,0.9817
Brownspot\BROWNSPOT6_142.jpg,Brownspot,4466,10,0.9907
Brownspot\BROWNSPOT6_143.jpg,Brownspot,4267,5,0.9914
Brownspot\BROWNSPOT6_144.jpg,Brownspot,4268,5,0.9902
Brownspot\BROWNSPOT6_145.jpg,Brownspot,4269,5,0.9825
Brownspot\BROWNSPOT6_146.jpg,Brownspot,4270,5,0.9868
Brownspot\BROWNSPOT6_147.jpg,Brownspot,4271,5,0.9891
Brownspot\BROWNSPOT6_148.jpg,Brownspot,4272,5,0.992
Brownspot\BROWNSPOT6_149.jpg,Brownspot,4273,5,0.9945
Brownspot\BROWNSPOT6_150.jpg,Brownspot,4474,5,0.991
Brownspot\BROWNSPOT6_151.jpg,Brownspot,4275,5,0.9872
Brownspot\BROWNSPOT6_152.jpg,Brownspot,4276,8,0.9938
Brownspot\BROWNSPOT6_153.jpg,Brownspot,4277,10,0.9926
Brownspot\BROWNSPOT6_154.jpg,Brownspot,4278,10,0.9878
Brownspot\BROWNSPOT6_155.jpg,Brownspot,4279,5,0.9751
Brownspot\BROWNSPOT6_156.jpg,Brownspot,4280,16,0.9957
Brownspot\BROWNSPOT6_157.jpg,Brownspot,4281,5,0.9932
Brownspot\BROWNSPOT6_158.jpg,Brownspot,4282,5,0.9928
Brownspot\BROWNSPOT6_159.jpg,Brownspot,4283,5,0.9824
Brownspot\BROWNSPOT6_160.jpg,Brownspot,4484,5,0.9804
Brownspot\BROWNSPOT6_161.jpg,Brownspot,4285,5,0.9786
Brownspot\BROWNSPOT6_162.jpg,Brownspot,4286,5,0.9951
Brownspot\BROWNSPOT6_163.jpg,Brownspot,4287,10,0.99
Brownspot\BROWNSPOT6_164.jpg,Brownspot,4315,23,0.9924
Brownspot\BROWNSPOT6_165.jpg,Brownspot,4289,2,0.9823
Brownspot\BROWNSPOT6_166.jpg,Brownspot,4290,5,0.9808
Brownspot\BROWNSPOT6_167.jpg,Brownspot,4291,5,0.9918
Brownspot\BROWNSPOT6_168.jpg,Brownspot,4292,10,0.9917
Brownspot\BROWNSPOT6_169.jpg,Brownspot,4293,5,0.9906
Brownspot\BROWNSPOT6_170.jpg,Brownspot,4294,5,0.9888
Brownspot\BROWNSPOT6_171.jpg,Brownspot,4295,5,0.9875
Brownspot\BROWNSPOT6_172.jpg,Brownspot,4296,5,0.9899
Brownspot\BROWNSPOT6_173.jpg,Brownspot,4297,5,0.9803
Brownspot\BROWNSPOT6_174.jpg,Brownspot,4298,5,0.9952
Brownspot\BROWNSPOT6_175.jpg,Brownspot,4299,5,0.9876
Brownspot\BROWNSPOT6_176.jpg,Brownspot,4300,5,0.9922
Brownspot\BROWNSPOT6_177.jpg,Brownspot,4301,5,0.9898
Brownspot\BROWNSPOT6_178.jpg,Brownspot,4201,3,0.9703
Brownspot\BROWNSPOT6_179.jpg,Brownspot,4302,5,0.9833
Brownspot\BROWNSPOT6_180.jpg,Brownspot,4303,5,0.9816
Brownspot\BROWNSPOT6_181.jpg,Brownspot,4304,5,0.9847
Brownspot\BROWNSPOT6_182.jpg,Brownspot,4305,5,0.9622
Brownspot\BROWNSPOT6_183.jpg,Brownspot,4306,5,0.9861
Brownspot\BROWNSPOT6_184.jpg,Brownspot,4307,5,0.9901
Brownspot\BROWNSPOT6_185.jpg,Brownspot,4308,5,0.977
Brownspot\BROWNSPOT6_186.jpg,Brownspot,4310,5,0.9845
Brownspot\BROWNSPOT6_187.jpg,Brownspot,4311,5,0.9887
Brownspot\BROWNSPOT6_188.jpg,Brownspot,4312,2,0.9809
Brownspot\BROWNSPOT6_189.jpg,Brownspot,4313,5,0.9965
Brownspot\BROWNSPOT6_190.jpg,Brownspot,4314,5,0.9863
Brownspot\BROWNSPOT6_191.jpg,Brownspot,4315,23,0.9957
Brownspot\BROWNSPOT6_192.jpg,Brownspot,4316,5,0.9835
Brownspot\BROWNSPOT6_193.jpg,Brownspot,4317,10,0.9903
Brownspot\BROWNSPOT6_194.jpg,Brownspot,4318,10,0.9937
Brownspot\BROWNSPOT6_195.jpg,Brownspot,4319,10,0.9957
Brownspot\BROWNSPOT6_196.jpg,Brownspot,4320,5,0.9829
Brownspot\BROWNSPOT6_197.jpg,Brownspot,4321,5,0.9905
Brownspot\BROWNSPOT6_198.jpg,Brownspot,4322,10,0.9951
Brownspot\BROWNSPOT6_199.jpg,Brownspot,4323,5,0.9882
Brownspot\BROWNSPOT6_200.jpg,Brownspot,4224,5,0.9846
Brownspot\BROWNSPOT7_001.jpg,Brownspot,4224,5,0.9846
Brownspot\BROWNSPOT7_002.jpg,Brownspot,4225,5,1.0
Brownspot\BROWNSPOT7_003.jpg,Brownspot,4226,5,0.9778
Brownspot\BROWNSPOT7_004.jpg,Brownspot,4227,5,1.0
Brownspot\BROWNSPOT7_005.jpg,Brownspot,4228,5,0.9917
Brownspot\BROWNSPOT7_006.jpg,Brownspot,4229,5,1.0
Brownspot\BROWNSPOT7_007.jpg,Brownspot,4230,5,0.9889
Brownspot\BROWNSPOT7_008.jpg,Brownspot,4231,5,1.0
Brownspot\BROWNSPOT7_009.jpg,Brownspot,4232,10,0.9928
Brownspot\BROWNSPOT7_010.jpg,Brownspot,3932,16,0.9946
Brownspot\BROWNSPOT7_011.jpg,Brownspot,4234,10,0.9958
Brownspot\BROWNSPOT7_012.jpg,Brownspot,4235,5,0.9885
Brownspot\BROWNSPOT7_013.jpg,Brownspot,4236,5,0.9862
Brownspot\BROWNSPOT7_014.jpg,Brownspot,4237,5,0.9903
Brownspot\BROWNSPOT7_015.jpg,Brownspot,4238,5,0.9928
Brownspot\BROWNSPOT7_016.jpg,Brownspot,4239,10,0.9864
Brownspot\BROWNSPOT7_017.jpg,Brownspot,4240,5,0.9884
Brownspot\BROWNSPOT7_018.jpg,Brownspot,4254,10,0.9921
Brownspot\BROWNSPOT7_019.jpg,Brownspot,4242,5,0.9878
Brownspot\BROWNSPOT7_020.jpg,Brownspot,4243,5,0.9904
Brownspot\BROWNSPOT7_021.jpg,Brownspot,4244,5,0.9863
Brownspot\BROWNSPOT7_022.jpg,Brownspot,4245,5,0.9911
Brownspot\BROWNSPOT7_023.jpg,Brownspot,4246,5,0.9907
Brownspot\BROWNSPOT7_024.jpg,Brownspot,4247,5,0.9701
Brownspot\BROWNSPOT7_025.jpg,Brownspot,4248,5,0.9903
Brownspot\BROWNSPOT7_026.jpg,Brownspot,4249,5,0.9897
Brownspot\BROWNSPOT7_027.jpg,Brownspot,4349,10,0.9942
Brownspot\BROWNSPOT7_028.jpg,Brownspot,4251,5,0.9929
Brownspot\BROWNSPOT7_029.jpg,Brownspot,4351,10,0.9934
Brownspot\BROWNSPOT7_030.jpg,Brownspot,4253,5,0.9923
Brownspot\BROWNSPOT7_031.jpg,Brownspot,4254,10,0.9925
Brownspot\BROWNSPOT7_032.jpg,Brownspot,4255,5,0.9906
Brownspot\BROWNSPOT7_033.jpg,Brownspot,4256,5,0.9966
Brownspot\BROWNSPOT7_034.jpg,Brownspot,4257,5,0.9864
Brownspot\BROWNSPOT7_035.jpg,Brownspot,4258,5,0.9862
Brownspot\BROWNSPOT7_036.jpg,Brownspot,4358,10,0.9935
Brownspot\BROWNSPOT7_037.jpg,Brownspot,4260,5,0.9955
Brownspot\BROWNSPOT7_038.jpg,Brownspot,4261,5,0.9885
Brownspot\BROWNSPOT7_039.jpg,Brownspot,4262,5,0.983
Brownspot\BROWNSPOT7_040.jpg,Brownspot,4263,10,0.9929
Brownspot\BROWNSPOT7_041.jpg,Brownspot,4264,5,0.9876
Brownspot\BROWNSPOT7_042.jpg,Brownspot,4265,5,0.9817
Brownspot\BROWNSPOT7_043.jpg,Brownspot,4466,10,0.9907
Brownspot\BROWNSPOT7_044.jpg,Brownspot,4267,5,0.9914
Brownspot\BROWNSPOT7_045.jpg,Brownspot,4268,5,0.9902
Brownspot\BROWNSPOT7_046.jpg,Brownspot,4269,5,0.9825
Brownspot\BROWNSPOT7_047.jpg,Brownspot,4270,5,0.9868
Brownspot\BROWNSPOT7_048.jpg,Brownspot,4271,5,0.9891
Brownspot\BROWNSPOT7_049.jpg,Brownspot,4272,5,0.992
Brownspot\BROWNSPOT7_050.jpg,Brownspot,4273,5,0.9945
Brownspot\BROWNSPOT7_051.jpg,Brownspot,4474,5,0.991
Brownspot\BROWNSPOT7_052.jpg,Brownspot,4275,5,0.9872
Brownspot\BROWNSPOT7_053.jpg,Brownspot,4276,8,0.9938
Brownspot\BROWNSPOT7_054.jpg,Brownspot,4277,10,0.9926
Brownspot\BROWNSPOT7_055.jpg,Brownspot,4278,10,0.9878
Brownspot\BROWNSPOT7_056.jpg,Brownspot,4279,5,0.9751
Brownspot\BROWNSPOT7_057.jpg,Brownspot,4280,16,0.9957
Brownspot\BROWNSPOT7_058.jpg,Brownspot,4281,5,0.9932
Brownspot\BROWNSPOT7_059.jpg,Brownspot,4282,5,0.9928
Brownspot\BROWNSPOT7_060.jpg,Brownspot,4283,5,0.9824
Brownspot\BROWNSPOT7_061.jpg,Brownspot,4484,5,0.9804
Brownspot\BROWNSPOT7_062.jpg,Brownspot,4285,5,0.9786
Brownspot\BROWNSPOT7_063.jpg,Brownspot,4286,5,0.9951
Brownspot\BROWNSPOT7_064.jpg,Brownspot,4287,10,0.99
Brownspot\BROWNSPOT7_065.jpg,Brownspot,4315,23,0.9924
Brownspot\BROWNSPOT7_066.jpg,Brownspot,4289,2,0.9823
Brownspot\BROWNSPOT7_067.jpg,Brownspot,4290,5,0.9808
Brownspot\BROWNSPOT7_068.jpg,Brownspot,4291,5,0.9918
Brownspot\BROWNSPOT7_069.jpg,Brownspot,4292,10,0.9917
Brownspot\BROWNSPOT7_070.jpg,Brownspot,4293,5,0.9906
Brownspot\BROWNSPOT7_071.jpg,Brownspot,4294,5,0.9888
Brownspot\BROWNSPOT7_072.jpg,Brownspot,4295,5,0.9875
Brownspot\BROWNSPOT7_073.jpg,Brownspot,4296,5,0.9899
Brownspot\BROWNSPOT7_074.jpg,Brownspot,4297,5,0.9803
Brownspot\BROWNSPOT7_075.jpg,Brownspot,4298,5,0.9952
Brownspot\BROWNSPOT7_076.jpg,Brownspot,4299,5,0.9876
Brownspot\BROWNSPOT7_077.jpg,Brownspot,4300,5,0.9922
Brownspot\BROWNSPOT7_078.jpg,Brownspot,4301,5,0.9898
Brownspot\BROWNSPOT7_079.jpg,Brownspot,4302,5,0.9833
Brownspot\BROWNSPOT7_080.jpg,Brownspot,4303,5,0.9851
Brownspot\BROWNSPOT7_081.jpg,Brownspot,4304,5,0.9847
Brownspot\BROWNSPOT7_082.jpg,Brownspot,4305,5,0.9714
Brownspot\BROWNSPOT7_083.jpg,Brownspot,4306,5,0.9861
Brownspot\BROWNSPOT7_084.jpg,Brownspot,4307,5,0.9901
Brownspot\BROWNSPOT7_085.jpg,Brownspot,4308,5,0.977
Brownspot\BROWNSPOT7_086.jpg,Brownspot,4509,2,0.9784
Brownspot\BROWNSPOT7_087.jpg,Brownspot,4310,5,0.9845
Brownspot\BROWNSPOT7_088.jpg,Brownspot,4311,5,0.9887
Brownspot\BROWNSPOT7_089.jpg,Brownspot,4312,2,0.9809
Brownspot\BROWNSPOT7_090.jpg,Brownspot,4313,5,0.9965
Brownspot\BROWNSPOT7_091.jpg,Brownspot,4314,5,0.9863
Brownspot\BROWNSPOT7_092.jpg,Brownspot,4315,23,0.9957
Brownspot\BROWNSPOT7_093.jpg,Brownspot,4316,5,0.9835
Brownspot\BROWNSPOT7_094.jpg,Brownspot,4317,10,0.9903
Brownspot\BROWNSPOT7_095.jpg,Brownspot,4318,10,0.9937
Brownspot\BROWNSPOT7_096.jpg,Brownspot,4319,10,0.9957
Brownspot\BROWNSPOT7_097.jpg,Brownspot,4320,5,0.9829
Brownspot\BROWNSPOT7_098.jpg,Brownspot,4321,5,0.9905
Brownspot\BROWNSPOT7_099.jpg,Brownspot,4322,10,0.9951
Brownspot\BROWNSPOT7_100.jpg,Brownspot,4323,5,0.9882
Brownspot\BROWNSPOT7_101.jpg,Brownspot,4324,5,0.9946
Brownspot\BROWNSPOT7_102.jpg,Brownspot,4325,5,1.0
Brownspot\BROWNSPOT7_103.jpg,Brownspot,4326,5,0.9885
Brownspot\BROWNSPOT7_104.jpg,Brownspot,4327,5,1.0
Brownspot\BROWNSPOT7_105.jpg,Brownspot,4328,5,0.9893
Brownspot\BROWNSPOT7_106.jpg,Brownspot,4329,5,1.0
Brownspot\BROWNSPOT7_107.jpg,Brownspot,4232,10,0.9927
Brownspot\BROWNSPOT7_108.jpg,Brownspot,4331,5,1.0
Brownspot\BROWNSPOT7_109.jpg,Brownspot,3932,16,0.9966
Brownspot\BROWNSPOT7_110.jpg,Brownspot,4234,10,0.9916
Brownspot\BROWNSPOT7_111.jpg,Brownspot,4334,5,0.9944
Brownspot\BROWNSPOT7_112.jpg,Brownspot,4335,5,0.9939
Brownspot\BROWNSPOT7_113.jpg,Brownspot,4336,5,0.9944
Brownspot\BROWNSPOT7_114.jpg,Brownspot,4337,5,0.9905
Brownspot\BROWNSPOT7_115.jpg,Brownspot,4338,5,0.9826
Brownspot\BROWNSPOT7_116.jpg,Brownspot,4339,5,0.995
Brownspot\BROWNSPOT7_117.jpg,Brownspot,4553,10,0.995
Brownspot\BROWNSPOT7_118.jpg,Brownspot,4239,10,0.9885
Brownspot\BROWNSPOT7_119.jpg,Brownspot,4342,5,0.9803
Brownspot\BROWNSPOT7_120.jpg,Brownspot,4343,5,0.9898
Brownspot\BROWNSPOT7_121.jpg,Brownspot,4344,5,0.9838
Brownspot\BROWNSPOT7_122.jpg,Brownspot,4345,11,0.9956
Brownspot\BROWNSPOT7_123.jpg,Brownspot,4546,5,0.9829
Brownspot\BROWNSPOT7_124.jpg,Brownspot,4347,2,0.9809
Brownspot\BROWNSPOT7_125.jpg,Brownspot,4348,5,0.9896
Brownspot\BROWNSPOT7_126.jpg,Brownspot,4349,10,0.9868
Brownspot\BROWNSPOT7_127.jpg,Brownspot,4350,5,0.9849
Brownspot\BROWNSPOT7_128.jpg,Brownspot,4351,10,0.9927
Brownspot\BROWNSPOT7_129.jpg,Brownspot,4352,5,0.9852
Brownspot\BROWNSPOT7_130.jpg,Brownspot,4553,10,0.9945
Brownspot\BROWNSPOT7_131.jpg,Brownspot,4354,5,0.9875
Brownspot\BROWNSPOT7_132.jpg,Brownspot,4355,5,0.9921
Brownspot\BROWNSPOT7_133.jpg,Brownspot,4356,5,0.9944
Brownspot\BROWNSPOT7_134.jpg,Brownspot,4357,5,0.9903
Brownspot\BROWNSPOT7_135.jpg,Brownspot,4358,10,0.9942
Brownspot\BROWNSPOT7_136.jpg,Brownspot,4359,5,0.9942
Brownspot\BROWNSPOT7_137.jpg,Brownspot,4360,5,0.9819
Brownspot\BROWNSPOT7_138.jpg,Brownspot,4361,2,0.988
Brownspot\BROWNSPOT7_139.jpg,Brownspot,4263,10,0.9907
Brownspot\BROWNSPOT7_140.jpg,Brownspot,4363,2,0.9821
Brownspot\BROWNSPOT7_141.jpg,Brownspot,4364,5,0.993
Brownspot\BROWNSPOT7_142.jpg,Brownspot,4466,10,0.9889
Brownspot\BROWNSPOT7_143.jpg,Brownspot,4366,5,0.9917
Brownspot\BROWNSPOT7_144.jpg,Brownspot,4367,5,0.99
Brownspot\BROWNSPOT7_145.jpg,Brownspot,4368,2,0.9869
Brownspot\BROWNSPOT7_146.jpg,Brownspot,4369,5,0.9933
Brownspot\BROWNSPOT7_147.jpg,Brownspot,4370,5,0.9917
Brownspot\BROWNSPOT7_148.jpg,Brownspot,4371,5,0.9859
Brownspot\BROWNSPOT7_149.jpg,Brownspot,4372,5,0.993
Brownspot\BROWNSPOT7_150.jpg,Brownspot,4373,5,0.9849
Brownspot\BROWNSPOT7_151.jpg,Brownspot,4374,5,0.9924
Brownspot\BROWNSPOT7_152.jpg,Brownspot,4375,5,0.9925
Brownspot\BROWNSPOT7_153.jpg,Brownspot,4277,10,0.9961
Brownspot\BROWNSPOT7_154.jpg,Brownspot,4278,10,0.9914
Brownspot\BROWNSPOT7_155.jpg,Brownspot,4378,5,0.9845
Brownspot\BROWNSPOT7_156.jpg,Brownspot,4280,16,0.997
Brownspot\BROWNSPOT7_157.jpg,Brownspot,4380,2,0.9922
Brownspot\BROWNSPOT7_158.jpg,Brownspot,4381,5,0.9924
Brownspot\BROWNSPOT7_159.jpg,Brownspot,4382,5,0.9888
Brownspot\BROWNSPOT7_160.jpg,Brownspot,4383,5,0.9803
Brownspot\BROWNSPOT7_161.jpg,Brownspot,4384,5,0.9906
Brownspot\BROWNSPOT7_162.jpg,Brownspot,4385,5,0.9891
Brownspot\BROWNSPOT7_163.jpg,Brownspot,4287,10,0.9912
Brownspot\BROWNSPOT7_164.jpg,Brownspot,4315,23,0.9933
Brownspot\BROWNSPOT7_165.jpg,Brownspot,4388,5,0.9848
Brownspot\BROWNSPOT7_166.jpg,Brownspot,4389,5,0.9416
Brownspot\BROWNSPOT7_167.jpg,Brownspot,4390,5,0.9907
Brownspot\BROWNSPOT7_168.jpg,Brownspot,4292,10,0.991
Brownspot\BROWNSPOT7_169.jpg,Brownspot,4392,5,0.9808
Brownspot\BROWNSPOT7_170.jpg,Brownspot,4393,5,0.9918
Brownspot\BROWNSPOT7_171.jpg,Brownspot,4394,5,0.9884
Brownspot\BROWNSPOT7_172.jpg,Brownspot,4395,5,0.9892
Brownspot\BROWNSPOT7_173.jpg,Brownspot,4396,5,0.9887
Brownspot\BROWNSPOT7_174.jpg,Brownspot,4397,5,0.9953
Brownspot\BROWNSPOT7_175.jpg,Brownspot,4398,5,0.9935
Brownspot\BROWNSPOT7_176.jpg,Brownspot,4399,5,0.9884
Brownspot\BROWNSPOT7_177.jpg,Brownspot,4400,5,0.9855
Brownspot\BROWNSPOT7_178.jpg,Brownspot,4601,2,0.9666
Brownspot\BROWNSPOT7_179.jpg,Brownspot,4402,5,0.9578
Brownspot\BROWNSPOT7_180.jpg,Brownspot,4403,5,0.9867
Brownspot\BROWNSPOT7_181.jpg,Brownspot,4404,5,0.9932
Brownspot\BROWNSPOT7_182.jpg,Brownspot,4405,2,0.9881
Brownspot\BROWNSPOT7_183.jpg,Brownspot,4406,5,0.9891
Brownspot\BROWNSPOT7_184.jpg,Brownspot,4407,5,0.9891
Brownspot\BROWNSPOT7_185.jpg,Brownspot,4408,5,0.9845
Brownspot\BROWNSPOT7_186.jpg,Brownspot,4409,5,0.9911
Brownspot\BROWNSPOT7_187.jpg,Brownspot,4410,5,0.9693
Brownspot\BROWNSPOT7_188.jpg,Brownspot,4411,2,0.9854
Brownspot\BROWNSPOT7_189.jpg,Brownspot,4412,5,0.9906
Brownspot\BROWNSPOT7_190.jpg,Brownspot,4413,5,0.984
Brownspot\BROWNSPOT7_191.jpg,Brownspot,4315,23,0.9968
Brownspot\BROWNSPOT7_192.jpg,Brownspot,4415,2,0.9648
Brownspot\BROWNSPOT7_193.jpg,Brownspot,4317,10,0.9753
Brownspot\BROWNSPOT7_194.jpg,Brownspot,4318,10,0.9946
Brownspot\BROWNSPOT7_195.jpg,Brownspot,4319,10,0.9965
Brownspot\BROWNSPOT7_196.jpg,Brownspot,4619,5,0.9855
Brownspot\BROWNSPOT7_197.jpg,Brownspot,4420,5,0.9883
Brownspot\BROWNSPOT7_198.jpg,Brownspot,4322,10,0.9942
Brownspot\BROWNSPOT7_199.jpg,Brownspot,4422,5,0.9819
Brownspot\BROWNSPOT7_200.jpg,Brownspot,4423,5,0.9885
Brownspot\brownspot_orig_001.jpg,Brownspot,4224,5,0.9807
Brownspot\brownspot_orig_002.jpg,Brownspot,4225,5,1.0
Brownspot\brownspot_orig_003.jpg,Brownspot,4226,5,0.9913
Brownspot\brownspot_orig_004.jpg,Brownspot,4227,5,1.0
Brownspot\brownspot_orig_005.jpg,Brownspot,4228,5,0.9862
Brownspot\brownspot_orig_006.jpg,Brownspot,4229,5,0.9999
Brownspot\brownspot_orig_007.jpg,Brownspot,4230,5,0.9943
Brownspot\brownspot_orig_008.jpg,Brownspot,4231,5,0.9999
Brownspot\brownspot_orig_009.jpg,Brownspot,4232,10,0.9928
Brownspot\brownspot_orig_010.jpg,Brownspot,3932,16,0.9963
Brownspot\brownspot_orig_011.jpg,Brownspot,4234,10,0.9955
Brownspot\brownspot_orig_012.jpg,Brownspot,4235,5,0.9941
Brownspot\brownspot_orig_013.jpg,Brownspot,4236,5,0.9907
Brownspot\brownspot_orig_014.jpg,Brownspot,4237,5,0.9924
Brownspot\brownspot_orig_015.jpg,Brownspot,4238,5,0.9944
Brownspot\brownspot_orig_016.jpg,Brownspot,4239,10,0.9881
Brownspot\brownspot_orig_017.jpg,Brownspot,4240,5,0.9862
Brownspot\brownspot_orig_018.jpg,Brownspot,4254,10,0.9912
Brownspot\brownspot_orig_019.jpg,Brownspot,4242,5,0.9891
Brownspot\brownspot_orig_020.jpg,Brownspot,4243,5,0.9927
Brownspot\brownspot_orig_021.jpg,Brownspot,4244,5,0.987
Brownspot\brownspot_orig_022.jpg,Brownspot,4245,5,0.991
Brownspot\brownspot_orig_023.jpg,Brownspot,4246,5,0.9958
Brownspot\brownspot_orig_024.jpg,Brownspot,4247,5,0.9322
Brownspot\brownspot_orig_025.jpg,Brownspot,4248,5,0.9847
Brownspot\brownspot_orig_026.jpg,Brownspot,4249,5,0.9939
Brownspot\brownspot_orig_027.jpg,Brownspot,4349,10,0.9952
Brownspot\brownspot_orig_028.jpg,Brownspot,4251,5,0.9898
Brownspot\brownspot_orig_029.jpg,Brownspot,4351,10,0.9945
Brownspot\brownspot_orig_030.jpg,Brownspot,4253,5,0.9919
Brownspot\brownspot_orig_031.jpg,Brownspot,4254,10,0.9918
Brownspot\brownspot_orig_032.jpg,Brownspot,4255,5,0.9912
Brownspot\brownspot_orig_033.jpg,Brownspot,4256,5,0.9969
Brownspot\brownspot_orig_034.jpg,Brownspot,4257,5,0.9944
Brownspot\brownspot_orig_035.jpg,Brownspot,4258,5,0.9881
Brownspot\brownspot_orig_036.jpg,Brownspot,4358,10,0.9944
Brownspot\brownspot_orig_037.jpg,Brownspot,4260,5,0.9946
Brownspot\brownspot_orig_038.jpg,Brownspot,4261,5,0.983
Brownspot\brownspot_orig_039.jpg,Brownspot,4262,5,0.981
Brownspot\brownspot_orig_040.jpg,Brownspot,4263,10,0.9947
Brownspot\brownspot_orig_041.jpg,Brownspot,4264,5,0.9904
Brownspot\brownspot_orig_042.jpg,Brownspot,4265,5,0.9814
Brownspot\brownspot_orig_043.jpg,Brownspot,4466,10,0.9883
Brownspot\brownspot_orig_044.jpg,Brownspot,4267,5,0.9945
Brownspot\brownspot_orig_045.jpg,Brownspot,4268,5,0.9953
Brownspot\brownspot_orig_046.jpg,Brownspot,4269,5,0.9889
Brownspot\brownspot_orig_047.jpg,Brownspot,4270,5,0.9779
Brownspot\brownspot_orig_048.jpg,Brownspot,4271,5,0.9918
Brownspot\brownspot_orig_049.jpg,Brownspot,4272,5,0.9856
Brownspot\brownspot_orig_050.jpg,Brownspot,4273,5,0.992
Brownspot\brownspot_orig_051.jpg,Brownspot,4474,5,0.9756
Brownspot\brownspot_orig_052.jpg,Brownspot,4275,5,0.9865
Brownspot\brownspot_orig_053.jpg,Brownspot,4276,8,0.9906
Brownspot\brownspot_orig_054.jpg,Brownspot,4277,10,0.9887
Brownspot\brownspot_orig_055.jpg,Brownspot,4278,10,0.9937
Brownspot\brownspot_orig_056.jpg,Brownspot,4279,5,0.9811
Brownspot\brownspot_orig_057.jpg,Brownspot,4280,16,0.9957
Brownspot\brownspot_orig_058.jpg,Brownspot,4281,5,0.9927
Brownspot\brownspot_orig_059.jpg,Brownspot,4282,5,0.9957
Brownspot\brownspot_orig_060.jpg,Brownspot,4283,5,0.9908
Brownspot\brownspot_orig_061.jpg,Brownspot,4484,5,0.9845
Brownspot\brownspot_orig_062.jpg,Brownspot,4285,5,0.995
Brownspot\brownspot_orig_063.jpg,Brownspot,4286,5,0.9939
Brownspot\brownspot_orig_064.jpg,Brownspot,4287,10,0.9962
Brownspot\brownspot_orig_065.jpg,Brownspot,4315,23,0.9946
Brownspot\brownspot_orig_066.jpg,Brownspot,4489,3,0.989
Brownspot\brownspot_orig_067.jpg,Brownspot,4290,5,0.9766
Brownspot\brownspot_orig_068.jpg,Brownspot,4291,5,0.9951
Brownspot\brownspot_orig_069.jpg,Brownspot,4292,10,0.9877
Brownspot\brownspot_orig_070.jpg,Brownspot,4293,5,0.9904
Brownspot\brownspot_orig_071.jpg,Brownspot,4294,5,0.989
Brownspot\brownspot_orig_072.jpg,Brownspot,4295,5,0.9845
Brownspot\brownspot_orig_073.jpg,Brownspot,4296,5,0.9891
Brownspot\brownspot_orig_074.jpg,Brownspot,4297,5,0.9858
Brownspot\brownspot_orig_075.jpg,Brownspot,4298,5,0.9968
Brownspot\brownspot_orig_076.jpg,Brownspot,4299,5,0.985
Brownspot\brownspot_orig_077.jpg,Brownspot,4300,5,0.9899
Brownspot\brownspot_orig_078.jpg,Brownspot,4301,5,0.9906
Brownspot\brownspot_orig_079.jpg,Brownspot,4302,5,0.9748
Brownspot\brownspot_orig_080.jpg,Brownspot,4303,5,0.992
Brownspot\brownspot_orig_081.jpg,Brownspot,4304,5,0.9939
Brownspot\brownspot_orig_082.jpg,Brownspot,4305,5,0.9882
Brownspot\brownspot_orig_083.jpg,Brownspot,4306,5,0.9895
Brownspot\brownspot_orig_084.jpg,Brownspot,4307,5,0.9918
Brownspot\brownspot_orig_085.jpg,Brownspot,4308,5,0.9915
Brownspot\brownspot_orig_086.jpg,Brownspot,4509,2,0.9784
Brownspot\brownspot_orig_087.jpg,Brownspot,4310,5,0.9938
Brownspot\brownspot_orig_088.jpg,Brownspot,4311,5,0.9934
Brownspot\brownspot_orig_089.jpg,Brownspot,4512,3,0.9845
Brownspot\brownspot_orig_090.jpg,Brownspot,4313,5,0.9965
Brownspot\brownspot_orig_091.jpg,Brownspot,4314,5,0.9842
Brownspot\brownspot_orig_092.jpg,Brownspot,4315,23,0.9964
Brownspot\brownspot_orig_093.jpg,Brownspot,4316,5,0.9871
Brownspot\brownspot_orig_094.jpg,Brownspot,4317,10,0.9824
Brownspot\brownspot_orig_095.jpg,Brownspot,4318,10,0.9957
Brownspot\brownspot_orig_096.jpg,Brownspot,4319,10,0.996
Brownspot\brownspot_orig_097.jpg,Brownspot,4320,5,0.9887
Brownspot\brownspot_orig_098.jpg,Brownspot,4321,5,0.9943
Brownspot\brownspot_orig_099.jpg,Brownspot,4322,10,0.9966
Brownspot\brownspot_orig_100.jpg,Brownspot,4323,5,0.9911
Brownspot\brownspot_rotated_001.jpg,Brownspot,4324,5,0.9752
Brownspot\brownspot_rotated_002.jpg,Brownspot,4325,5,1.0
Brownspot\brownspot_rotated_003.jpg,Brownspot,4326,5,0.9887
Brownspot\brownspot_rotated_004.jpg,Brownspot,4327,5,1.0
Brownspot\brownspot_rotated_005.jpg,Brownspot,4328,5,0.9911
Brownspot\brownspot_rotated_006.jpg,Brownspot,4329,5,1.0
Brownspot\brownspot_rotated_007.jpg,Brownspot,4232,10,0.9954
Brownspot\brownspot_rotated_008.jpg,Brownspot,4331,5,1.0
Brownspot\brownspot_rotated_009.jpg,Brownspot,3932,16,0.9965
Brownspot\brownspot_rotated_010.jpg,Brownspot,4234,10,0.9959
Brownspot\brownspot_rotated_011.jpg,Brownspot,4334,5,0.9949
Brownspot\brownspot_rotated_012.jpg,Brownspot,4335,5,0.9964
Brownspot\brownspot_rotated_013.jpg,Brownspot,4336,5,0.9935
Brownspot\brownspot_rotated_014.jpg,Brownspot,4337,5,0.9899
Brownspot\brownspot_rotated_015.jpg,Brownspot,4338,5,0.9871
Brownspot\brownspot_rotated_016.jpg,Brownspot,4339,5,0.9937
Brownspot\brownspot_rotated_017.jpg,Brownspot,4553,10,0.9881
Brownspot\brownspot_rotated_018.jpg,Brownspot,4239,10,0.9929
Brownspot\brownspot_rotated_019.jpg,Brownspot,4342,5,0.986
Brownspot\brownspot_rotated_020.jpg,Brownspot,4343,5,0.9899
Brownspot\brownspot_rotated_021.jpg,Brownspot,4344,5,0.9851
Brownspot\brownspot_rotated_022.jpg,Brownspot,4345,11,0.9942
Brownspot\brownspot_rotated_023.jpg,Brownspot,4546,5,0.9573
Brownspot\brownspot_rotated_024.jpg,Brownspot,4547,3,0.9869
Brownspot\brownspot_rotated_025.jpg,Brownspot,4348,5,0.9943
Brownspot\brownspot_rotated_026.jpg,Brownspot,4349,10,0.992
Brownspot\brownspot_rotated_027.jpg,Brownspot,4350,5,0.9895
Brownspot\brownspot_rotated_028.jpg,Brownspot,4351,10,0.9946
Brownspot\brownspot_rotated_029.jpg,Brownspot,4352,5,0.9914
Brownspot\brownspot_rotated_030.jpg,Brownspot,4553,10,0.9917
Brownspot\brownspot_rotated_031.jpg,Brownspot,4354,5,0.9919
Brownspot\brownspot_rotated_032.jpg,Brownspot,4355,5,0.9943
Brownspot\brownspot_rotated_033.jpg,Brownspot,4356,5,0.9797
Brownspot\brownspot_rotated_034.jpg,Brownspot,4357,5,0.985
Brownspot\brownspot_rotated_035.jpg,Brownspot,4358,10,0.9942
Brownspot\brownspot_rotated_036.jpg,Brownspot,4359,5,0.9948
Brownspot\brownspot_rotated_037.jpg,Brownspot,4360,5,0.9893
Brownspot\brownspot_rotated_038.jpg,Brownspot,4561,3,0.9223
Brownspot\brownspot_rotated_039.jpg,Brownspot,4263,10,0.9909
Brownspot\brownspot_rotated_040.jpg,Brownspot,4563,3,0.9889
Brownspot\brownspot_rotated_041.jpg,Brownspot,4364,5,0.9897
Brownspot\brownspot_rotated_042.jpg,Brownspot,4466,10,0.9945
Brownspot\brownspot_rotated_043.jpg,Brownspot,4366,5,0.9911
Brownspot\brownspot_rotated_044.jpg,Brownspot,4367,5,0.9916
Brownspot\brownspot_rotated_045.jpg,Brownspot,4568,3,0.9907
Brownspot\brownspot_rotated_046.jpg,Brownspot,4369,5,0.9927
Brownspot\brownspot_rotated_047.jpg,Brownspot,4370,5,0.9939
Brownspot\brownspot_rotated_048.jpg,Brownspot,4371,5,0.9871
Brownspot\brownspot_rotated_049.jpg,Brownspot,4372,5,0.9913
Brownspot\brownspot_rotated_050.jpg,Brownspot,4373,5,0.9805
Brownspot\brownspot_rotated_051.jpg,Brownspot,4374,5,0.9918
Brownspot\brownspot_rotated_052.jpg,Brownspot,4375,5,0.985
Brownspot\brownspot_rotated_053.jpg,Brownspot,4277,10,0.9954
Brownspot\brownspot_rotated_054.jpg,Brownspot,4278,10,0.9938
Brownspot\brownspot_rotated_055.jpg,Brownspot,4378,5,0.957
Brownspot\brownspot_rotated_056.jpg,Brownspot,4280,16,0.9972
Brownspot\brownspot_rotated_057.jpg,Brownspot,4580,3,0.9924
Brownspot\brownspot_rotated_058.jpg,Brownspot,4381,5,0.9916
Brownspot\brownspot_rotated_059.jpg,Brownspot,4382,5,0.9912
Brownspot\brownspot_rotated_060.jpg,Brownspot,4383,5,0.9877
Brownspot\brownspot_rotated_061.jpg,Brownspot,4384,5,0.9889
Brownspot\brownspot_rotated_062.jpg,Brownspot,4385,5,0.9942
Brownspot\brownspot_rotated_063.jpg,Brownspot,4287,10,0.9943
Brownspot\brownspot_rotated_064.jpg,Brownspot,4315,23,0.9942
Brownspot\brownspot_rotated_065.jpg,Brownspot,4388,5,0.989
Brownspot\brownspot_rotated_066.jpg,Brownspot,4389,5,0.9847
Brownspot\brownspot_rotated_067.jpg,Brownspot,4390,5,0.9921
Brownspot\brownspot_rotated_068.jpg,Brownspot,4292,10,0.9882
Brownspot\brownspot_rotated_069.jpg,Brownspot,4392,5,0.9891
Brownspot\brownspot_rotated_070.jpg,Brownspot,4393,5,0.9821
Brownspot\brownspot_rotated_071.jpg,Brownspot,4394,5,0.9722
Brownspot\brownspot_rotated_072.jpg,Brownspot,4395,5,0.9958
Brownspot\brownspot_rotated_073.jpg,Brownspot,4396,5,0.9857
Brownspot\brownspot_rotated_074.jpg,Brownspot,4397,5,0.9943
Brownspot\brownspot_rotated_075.jpg,Brownspot,4398,5,0.9723
Brownspot\brownspot_rotated_076.jpg,Brownspot,4399,5,0.9932
Brownspot\brownspot_rotated_077.jpg,Brownspot,4400,5,0.9881
Brownspot\brownspot_rotated_078.jpg,Brownspot,4601,2,0.9666
Brownspot\brownspot_rotated_079.jpg,Brownspot,4402,5,0.9928
Brownspot\brownspot_rotated_080.jpg,Brownspot,4403,5,0.9939
Brownspot\brownspot_rotated_081.jpg,Brownspot,4404,5,0.9796
Brownspot\brownspot_rotated_082.jpg,Brownspot,4605,3,0.9769
Brownspot\brownspot_rotated_083.jpg,Brownspot,4406,5,0.9829
Brownspot\brownspot_rotated_084.jpg,Brownspot,4407,5,0.9896
Brownspot\brownspot_rotated_085.jpg,Brownspot,4408,5,0.9877
Brownspot\brownspot_rotated_086.jpg,Brownspot,4409,5,0.9848
Brownspot\brownspot_rotated_087.jpg,Brownspot,4410,5,0.9926
Brownspot\brownspot_rotated_088.jpg,Brownspot,4611,3,0.982
Brownspot\brownspot_rotated_089.jpg,Brownspot,4412,5,0.9959
Brownspot\brownspot_rotated_090.jpg,Brownspot,4413,5,0.9835
Brownspot\brownspot_rotated_091.jpg,Brownspot,4315,23,0.9965
Brownspot\brownspot_rotated_092.jpg,Brownspot,4615,3,0.9925
Brownspot\brownspot_rotated_093.jpg,Brownspot,4317,10,0.9751
Brownspot\brownspot_rotated_094.jpg,Brownspot,4318,10,0.9952
Brownspot\brownspot_rotated_095.jpg,Brownspot,4319,10,0.996
Brownspot\brownspot_rotated_096.jpg,Brownspot,4619,5,0.9823
Brownspot\brownspot_rotated_097.jpg,Brownspot,4420,5,0.9946
Brownspot\brownspot_rotated_098.jpg,Brownspot,4322,10,0.9973
Brownspot\brownspot_rotated_099.jpg,Brownspot,4422,5,0.9867
Brownspot\brownspot_rotated_100.jpg,Brownspot,4423,5,0.9916
Tungro\TUNGRO1_001.jpg,Tungro,5178,2,0.9509
Tungro\TUNGRO1_002.jpg,Tungro,5183,8,0.9881
Tungro\TUNGRO1_003.jpg,Tungro,5180,2,0.9626
Tungro\TUNGRO1_004.jpg,Tungro,5183,8,0.9815
Tungro\TUNGRO1_005.jpg,Tungro,5183,8,0.9852
Tungro\TUNGRO1_006.jpg,Tungro,5183,8,0.9895
Tungro\TUNGRO1_007.jpg,Tungro,5188,15,0.9691
Tungro\TUNGRO1_008.jpg,Tungro,5188,15,0.9775
Tungro\TUNGRO1_009.jpg,Tungro,5188,15,0.9775
Tungro\TUNGRO1_010.jpg,Tungro,5188,15,0.9785
Tungro\TUNGRO1_011.jpg,Tungro,5188,15,0.9761
Tungro\TUNGRO1_012.jpg,Tungro,5191,6,0.9749
Tungro\TUNGRO1_013.jpg,Tungro,5191,6,0.9799
Tungro\TUNGRO1_014.jpg,Tungro,5191,6,0.9799
Tungro\TUNGRO1_015.jpg,Tungro,5214,34,0.982
Tungro\TUNGRO1_016.jpg,Tungro,5214,34,0.982
Tungro\TUNGRO1_017.jpg,Tungro,5198,10,0.9893
Tungro\TUNGRO1_018.jpg,Tungro,5198,10,0.9874
Tungro\TUNGRO1_019.jpg,Tungro,5198,10,0.9893
Tungro\TUNGRO1_020.jpg,Tungro,5198,10,0.9861
Tungro\TUNGRO1_021.jpg,Tungro,5198,10,0.9861
Tungro\TUNGRO1_022.jpg,Tungro,5199,2,0.9772
Tungro\TUNGRO1_023.jpg,Tungro,5214,34,0.9852
Tungro\TUNGRO1_024.jpg,Tungro,5214,34,0.9861
Tungro\TUNGRO1_025.jpg,Tungro,5214,34,0.9861
Tungro\TUNGRO1_026.jpg,Tungro,5203,2,0.974
Tungro\TUNGRO1_027.jpg,Tungro,5204,8,0.9586
Tungro\TUNGRO1_028.jpg,Tungro,5204,8,0.9874
Tungro\TUNGRO1_029.jpg,Tungro,5204,8,0.9874
Tungro\TUNGRO1_030.jpg,Tungro,5204,8,0.9769
Tungro\TUNGRO1_031.jpg,Tungro,5214,34,0.9881
Tungro\TUNGRO1_032.jpg,Tungro,5214,34,0.986
Tungro\TUNGRO1_033.jpg,Tungro,5214,34,0.9829
Tungro\TUNGRO1_034.jpg,Tungro,5214,34,0.9852
Tungro\TUNGRO1_035.jpg,Tungro,5212,2,0.9853
Tungro\TUNGRO1_036.jpg,Tungro,5213,2,0.9872
Tungro\TUNGRO1_037.jpg,Tungro,5214,34,0.982
Tungro\TUNGRO1_038.jpg,Tungro,5214,34,0.9895
Tungro\TUNGRO1_039.jpg,Tungro,5214,34,0.9889
Tungro\TUNGRO1_040.jpg,Tungro,5214,34,0.9895
Tungro\TUNGRO1_041.jpg,Tungro,5220,4,0.9764
Tungro\TUNGRO1_042.jpg,Tungro,5219,2,0.9758
Tungro\TUNGRO1_043.jpg,Tungro,5220,4,0.9887
Tungro\TUNGRO1_044.jpg,Tungro,5223,6,0.9835
Tungro\TUNGRO1_045.jpg,Tungro,5223,6,0.9848
Tungro\TUNGRO1_046.jpg,Tungro,5223,6,0.987
Tungro\TUNGRO1_047.jpg,Tungro,5214,34,0.986
Tungro\TUNGRO1_048.jpg,Tungro,5214,34,0.9884
Tungro\TUNGRO1_049.jpg,Tungro,5214,34,0.9886
Tungro\TUNGRO1_050.jpg,Tungro,5214,34,0.9884
Tungro\TUNGRO1_051.jpg,Tungro,5230,6,0.9836
Tungro\TUNGRO1_052.jpg,Tungro,5230,6,0.9833
Tungro\TUNGRO1_053.jpg,Tungro,5230,6,0.9825
Tungro\TUNGRO1_054.jpg,Tungro,5233,6,0.9714
Tungro\TUNGRO1_055.jpg,Tungro,5233,6,0.9724
Tungro\TUNGRO1_056.jpg,Tungro,5233,6,0.9705
Tungro\TUNGRO1_057.jpg,Tungro,5236,6,0.9539
Tungro\TUNGRO1_058.jpg,Tungro,5236,6,0.9602
Tungro\TUNGRO1_059.jpg,Tungro,5236,6,0.9739
Tungro\TUNGRO1_060.jpg,Tungro,5242,18,0.9759
Tungro\TUNGRO1_061.jpg,Tungro,5242,18,0.9795
Tungro\TUNGRO1_062.jpg,Tungro,5242,18,0.9855
Tungro\TUNGRO1_063.jpg,Tungro,5242,18,0.9834
Tungro\TUNGRO1_064.jpg,Tungro,5242,18,0.982
Tungro\TUNGRO1_065.jpg,Tungro,5242,18,0.977
Tungro\TUNGRO1_066.jpg,Tungro,5244,4,0.9775
Tungro\TUNGRO1_067.jpg,Tungro,5244,4,0.9606
Tungro\TUNGRO1_068.jpg,Tungro,5249,10,0.9689
Tungro\TUNGRO1_069.jpg,Tungro,5249,10,0.976
Tungro\TUNGRO1_070.jpg,Tungro,5249,10,0.9836
Tungro\TUNGRO1_071.jpg,Tungro,5249,10,0.98
Tungro\TUNGRO1_072.jpg,Tungro,5249,10,0.9777
Tungro\TUNGRO1_073.jpg,Tungro,5250,9,0.984
Tungro\TUNGRO1_074.jpg,Tungro,5253,6,0.982
Tungro\TUNGRO1_075.jpg,Tungro,5253,6,0.9866
Tungro\TUNGRO1_076.jpg,Tungro,5253,6,0.9853
Tungro\TUNGRO1_077.jpg,Tungro,5256,6,0.977
Tungro\TUNGRO1_078.jpg,Tungro,5256,6,0.9751
Tungro\TUNGRO1_079.jpg,Tungro,5256,6,0.9789
Tungro\TUNGRO1_080.jpg,Tungro,5806,22,0.9819
Tungro\TUNGRO1_081.jpg,Tungro,5806,22,0.985
Tungro\TUNGRO1_082.jpg,Tungro,5806,22,0.9804
Tungro\TUNGRO1_083.jpg,Tungro,5806,22,0.966
Tungro\TUNGRO1_084.jpg,Tungro,5806,22,0.9761
Tungro\TUNGRO1_085.jpg,Tungro,5264,6,0.9811
Tungro\TUNGRO1_086.jpg,Tungro,5264,6,0.9761
Tungro\TUNGRO1_087.jpg,Tungro,5264,6,0.9767
Tungro\TUNGRO1_088.jpg,Tungro,5799,11,0.9828
Tungro\TUNGRO1_089.jpg,Tungro,5799,11,0.9896
Tungro\TUNGRO1_090.jpg,Tungro,5799,11,0.9855
Tungro\TUNGRO1_091.JPG,Tungro,5275,16,0.99
Tungro\TUNGRO1_092.JPG,Tungro,5275,16,0.9914
Tungro\TUNGRO1_093.JPG,Tungro,5275,16,0.9914
Tungro\TUNGRO1_094.JPG,Tungro,5275,16,0.9949
Tungro\TUNGRO1_095.JPG,Tungro,5275,16,0.9949
Tungro\TUNGRO1_096.JPG,Tungro,5275,16,0.9899
Tungro\TUNGRO1_097.JPG,Tungro,5275,16,0.9899
Tungro\TUNGRO1_098.JPG,Tungro,5275,16,0.9871
Tungro\TUNGRO1_099.JPG,Tungro,5282,14,0.9925
Tungro\TUNGRO1_100.JPG,Tungro,5282,14,0.9941
Tungro\TUNGRO1_101.JPG,Tungro,5282,14,0.9941
Tungro\TUNGRO1_102.JPG,Tungro,5282,14,0.9934
Tungro\TUNGRO1_103.JPG,Tungro,5282,14,0.9951
Tungro\TUNGRO1_104.JPG,Tungro,5282,14,0.9951
Tungro\TUNGRO1_105.JPG,Tungro,5282,14,0.9932
Tungro\TUNGRO1_106.JPG,Tungro,5288,12,0.9879
Tungro\TUNGRO1_107.JPG,Tungro,5288,12,0.9913
Tungro\TUNGRO1_108.JPG,Tungro,5288,12,0.9953
Tungro\TUNGRO1_109.JPG,Tungro,5288,12,0.997
Tungro\TUNGRO1_110.JPG,Tungro,5288,12,0.9969
Tungro\TUNGRO1_111.JPG,Tungro,5288,12,0.997
Tungro\TUNGRO1_112.JPG,Tungro,5293,10,0.9903
Tungro\TUNGRO1_113.JPG,Tungro,5293,10,0.9839
Tungro\TUNGRO1_114.JPG,Tungro,5293,10,0.9956
Tungro\TUNGRO1_115.JPG,Tungro,5293,10,0.9955
Tungro\TUNGRO1_116.JPG,Tungro,5293,10,0.9956
Tungro\TUNGRO1_117.JPG,Tungro,5298,10,0.9884
Tungro\TUNGRO1_118.JPG,Tungro,5298,10,0.9934
Tungro\TUNGRO1_119.JPG,Tungro,5298,10,0.9926
Tungro\TUNGRO1_120.JPG,Tungro,5298,10,0.9934
Tungro\TUNGRO1_121.JPG,Tungro,5298,10,0.9926
Tungro\TUNGRO1_122.JPG,Tungro,5302,12,0.9868
Tungro\TUNGRO1_123.JPG,Tungro,5302,12,0.9861
Tungro\TUNGRO1_124.JPG,Tungro,5302,12,0.9914
Tungro\TUNGRO1_125.JPG,Tungro,5302,12,0.9895
Tungro\TUNGRO1_126.JPG,Tungro,5302,12,0.9922
Tungro\TUNGRO1_127.JPG,Tungro,5302,12,0.9922
Tungro\TUNGRO1_128.JPG,Tungro,5309,10,0.9865
Tungro\TUNGRO1_129.JPG,Tungro,5309,10,0.9906
Tungro\TUNGRO1_130.JPG,Tungro,5309,10,0.9927
Tungro\TUNGRO1_131.JPG,Tungro,5309,10,0.9927
Tungro\TUNGRO1_132.JPG,Tungro,5309,10,0.9919
Tungro\TUNGRO1_133.JPG,Tungro,5314,10,0.9838
Tungro\TUNGRO1_134.JPG,Tungro,5314,10,0.9922
Tungro\TUNGRO1_135.JPG,Tungro,5314,10,0.9939
Tungro\TUNGRO1_136.JPG,Tungro,5314,10,0.9939
Tungro\TUNGRO1_137.JPG,Tungro,5314,10,0.986
Tungro\TUNGRO1_138.JPG,Tungro,5906,22,0.9971
Tungro\TUNGRO1_139.JPG,Tungro,5906,22,0.9971
Tungro\TUNGRO1_140.JPG,Tungro,5906,22,0.9933
Tungro\TUNGRO1_141.JPG,Tungro,5906,22,0.9916
Tungro\TUNGRO1_142.JPG,Tungro,5906,22,0.9911
Tungro\TUNGRO1_143.JPG,Tungro,5907,28,0.964
Tungro\TUNGRO1_144.JPG,Tungro,5907,28,0.981
Tungro\TUNGRO1_145.JPG,Tungro,5907,28,0.9899
Tungro\TUNGRO1_146.JPG,Tungro,5907,28,0.9868
Tungro\TUNGRO1_147.JPG,Tungro,5907,28,0.9893
Tungro\TUNGRO1_148.JPG,Tungro,5907,28,0.9899
Tungro\TUNGRO1_149.JPG,Tungro,5907,28,0.9805
Tungro\TUNGRO1_150.JPG,Tungro,5907,28,0.974
Tungro\TUNGRO1_151.JPG,Tungro,5907,28,0.98
Tungro\TUNGRO1_152.JPG,Tungro,5822,29,0.9882
Tungro\TUNGRO1_153.JPG,Tungro,5822,29,0.9882
Tungro\TUNGRO1_154.JPG,Tungro,5822,29,0.9898
Tungro\TUNGRO1_155.JPG,Tungro,5822,29,0.9908
Tungro\TUNGRO1_156.JPG,Tungro,5822,29,0.9881
Tungro\TUNGRO1_157.JPG,Tungro,5822,29,0.9908
Tungro\TUNGRO1_158.JPG,Tungro,5822,29,0.9886
Tungro\TUNGRO1_159.JPG,Tungro,5822,29,0.9909
Tungro\TUNGRO1_160.JPG,Tungro,5822,29,0.9909
Tungro\TUNGRO1_161.JPG,Tungro,5342,10,0.9914
Tungro\TUNGRO1_162.JPG,Tungro,5342,10,0.9917
Tungro\TUNGRO1_163.JPG,Tungro,5342,10,0.9917
Tungro\TUNGRO1_164.JPG,Tungro,5342,10,0.9917
Tungro\TUNGRO1_165.JPG,Tungro,5342,10,0.9917
Tungro\TUNGRO1_166.JPG,Tungro,5348,12,0.9942
Tungro\TUNGRO1_167.JPG,Tungro,5348,12,0.9973
Tungro\TUNGRO1_168.JPG,Tungro,5348,12,0.9965
Tungro\TUNGRO1_169.JPG,Tungro,5348,12,0.9973
Tungro\TUNGRO1_170.JPG,Tungro,5348,12,0.9964
Tungro\TUNGRO1_171.JPG,Tungro,5348,12,0.9973
Tungro\TUNGRO1_172.JPG,Tungro,5356,16,0.9963
Tungro\TUNGRO1_173.JPG,Tungro,5356,16,0.9982
Tungro\TUNGRO1_174.JPG,Tungro,5356,16,0.9982
Tungro\TUNGRO1_175.JPG,Tungro,5356,16,0.9982
Tungro\TUNGRO1_176.JPG,Tungro,5356,16,0.9982
Tungro\TUNGRO1_177.JPG,Tungro,5356,16,0.9966
Tungro\TUNGRO1_178.JPG,Tungro,5356,16,0.9965
Tungro\TUNGRO1_179.JPG,Tungro,5356,16,0.9966
Tungro\TUNGRO1_180.JPG,Tungro,5365,18,0.9961
Tungro\TUNGRO1_181.JPG,Tungro,5365,18,0.9961
Tungro\TUNGRO1_182.JPG,Tungro,5365,18,0.9948
Tungro\TUNGRO1_183.JPG,Tungro,5365,18,0.996
Tungro\TUNGRO1_184.JPG,Tungro,5365,18,0.996
Tungro\TUNGRO1_185.JPG,Tungro,5365,18,0.9924
Tungro\TUNGRO1_186.JPG,Tungro,5365,18,0.9918
Tungro\TUNGRO1_187.JPG,Tungro,5365,18,0.9894
Tungro\TUNGRO1_188.JPG,Tungro,5365,18,0.9924
Tungro\TUNGRO1_189.JPG,Tungro,5371,12,0.9844
Tungro\TUNGRO1_190.JPG,Tungro,5371,12,0.991
Tungro\TUNGRO1_191.JPG,Tungro,5371,12,0.99
Tungro\TUNGRO1_192.JPG,Tungro,5371,12,0.99
Tungro\TUNGRO1_193.JPG,Tungro,5371,12,0.991
Tungro\TUNGRO1_194.JPG,Tungro,5371,12,0.9864
Tungro\TUNGRO1_195.JPG,Tungro,5377,12,0.9921
Tungro\TUNGRO1_196.JPG,Tungro,5377,12,0.9945
Tungro\TUNGRO1_197.JPG,Tungro,5377,12,0.9945
Tungro\TUNGRO1_198.JPG,Tungro,5377,12,0.9886
Tungro\TUNGRO1_199.JPG,Tungro,5377,12,0.9906
Tungro\TUNGRO1_200.JPG,Tungro,5377,12,0.9881
Tungro\TUNGRO1_201.JPG,Tungro,5383,12,0.9903
Tungro\TUNGRO1_202.JPG,Tungro,5383,12,0.9874
Tungro\TUNGRO1_203.JPG,Tungro,5383,12,0.9923
Tungro\TUNGRO1_204.JPG,Tungro,5383,12,0.9923
Tungro\TUNGRO1_205.JPG,Tungro,5383,12,0.9894
Tungro\TUNGRO1_206.JPG,Tungro,5383,12,0.9894
Tungro\TUNGRO1_207.JPG,Tungro,5389,12,0.9932
Tungro\TUNGRO1_208.JPG,Tungro,5389,12,0.9947
Tungro\TUNGRO1_209.JPG,Tungro,5389,12,0.9959
Tungro\TUNGRO1_210.JPG,Tungro,5389,12,0.9947
Tungro\TUNGRO1_211.JPG,Tungro,5389,12,0.9959
Tungro\TUNGRO1_212.JPG,Tungro,5389,12,0.9943
Tungro\TUNGRO1_213.JPG,Tungro,5398,18,0.9907
Tungro\TUNGRO1_214.JPG,Tungro,5398,18,0.9907
Tungro\TUNGRO1_215.JPG,Tungro,5398,18,0.9904
Tungro\TUNGRO1_216.JPG,Tungro,5398,18,0.993
Tungro\TUNGRO1_217.JPG,Tungro,5398,18,0.9885
Tungro\TUNGRO1_218.JPG,Tungro,5398,18,0.9946
Tungro\TUNGRO1_219.JPG,Tungro,5398,18,0.9946
Tungro\TUNGRO1_220.JPG,Tungro,5398,18,0.9914
Tungro\TUNGRO1_221.JPG,Tungro,5398,18,0.9904
Tungro\TUNGRO1_222.JPG,Tungro,5408,20,0.9922
Tungro\TUNGRO1_223.JPG,Tungro,5408,20,0.9922
Tungro\TUNGRO1_224.JPG,Tungro,5408,20,0.9893
Tungro\TUNGRO1_225.JPG,Tungro,5408,20,0.9912
Tungro\TUNGRO1_226.JPG,Tungro,5408,20,0.9912
Tungro\TUNGRO1_227.JPG,Tungro,5408,20,0.9925
Tungro\TUNGRO1_228.JPG,Tungro,5408,20,0.9932
Tungro\TUNGRO1_229.JPG,Tungro,5408,20,0.9927
Tungro\TUNGRO1_230.JPG,Tungro,5408,20,0.993
Tungro\TUNGRO1_231.JPG,Tungro,5408,20,0.9932
Tungro\TUNGRO1_232.JPG,Tungro,5415,30,0.9949
Tungro\TUNGRO1_233.JPG,Tungro,5415,30,0.9949
Tungro\TUNGRO1_234.JPG,Tungro,5415,30,0.9935
Tungro\TUNGRO1_235.JPG,Tungro,5415,30,0.9932
Tungro\TUNGRO1_236.JPG,Tungro,5415,30,0.9933
Tungro\TUNGRO1_237.JPG,Tungro,5415,30,0.9919
Tungro\TUNGRO1_238.JPG,Tungro,5415,30,0.9913
Tungro\TUNGRO1_239.JPG,Tungro,5415,30,0.9936
Tungro\TUNGRO1_240.JPG,Tungro,5415,30,0.9936
Tungro\TUNGRO1_241.JPG,Tungro,5427,20,0.9962
Tungro\TUNGRO1_242.JPG,Tungro,5427,20,0.9943
Tungro\TUNGRO1_243.JPG,Tungro,5427,20,0.9962
Tungro\TUNGRO1_244.JPG,Tungro,5427,20,0.9952
Tungro\TUNGRO1_245.JPG,Tungro,5427,20,0.9952
Tungro\TUNGRO1_246.JPG,Tungro,5427,20,0.9952
Tungro\TUNGRO1_247.JPG,Tungro,5427,20,0.9956
Tungro\TUNGRO1_248.JPG,Tungro,5427,20,0.9949
Tungro\TUNGRO1_249.JPG,Tungro,5427,20,0.9914
Tungro\TUNGRO1_250.JPG,Tungro,5427,20,0.9894
Tungro\TUNGRO1_251.JPG,Tungro,5433,12,0.9929
Tungro\TUNGRO1_252.JPG,Tungro,5433,12,0.9925
Tungro\TUNGRO1_253.JPG,Tungro,5433,12,0.9959
Tungro\TUNGRO1_254.JPG,Tungro,5433,12,0.9959
Tungro\TUNGRO1_255.JPG,Tungro,5433,12,0.9952
Tungro\TUNGRO1_256.JPG,Tungro,5433,12,0.9929
Tungro\TUNGRO1_257.JPG,Tungro,5447,28,0.9919
Tungro\TUNGRO1_258.JPG,Tungro,5447,28,0.9925
Tungro\TUNGRO1_259.JPG,Tungro,5447,28,0.9929
Tungro\TUNGRO1_260.JPG,Tungro,5447,28,0.9929
Tungro\TUNGRO1_261.JPG,Tungro,5447,28,0.9941
Tungro\TUNGRO1_262.JPG,Tungro,5447,28,0.9941
Tungro\TUNGRO1_263.JPG,Tungro,5447,28,0.9921
Tungro\TUNGRO1_264.JPG,Tungro,5447,28,0.9896
Tungro\TUNGRO1_265.JPG,Tungro,5447,28,0.9929
Tungro\TUNGRO1_266.JPG,Tungro,5447,28,0.9929
Tungro\TUNGRO1_267.JPG,Tungro,5447,28,0.9897
Tungro\TUNGRO1_268.JPG,Tungro,5447,28,0.9904
Tungro\TUNGRO1_269.JPG,Tungro,5447,28,0.9846
Tungro\TUNGRO1_270.JPG,Tungro,5447,28,0.9826
Tungro\TUNGRO1_271.JPG,Tungro,5454,14,0.9919
Tungro\TUNGRO1_272.JPG,Tungro,5454,14,0.9919
Tungro\TUNGRO1_273.JPG,Tungro,5454,14,0.9893
Tungro\TUNGRO1_274.JPG,Tungro,5454,14,0.9886
Tungro\TUNGRO1_275.JPG,Tungro,5454,14,0.993
Tungro\TUNGRO1_276.JPG,Tungro,5454,14,0.9935
Tungro\TUNGRO1_277.JPG,Tungro,5454,14,0.9935
Tungro\TUNGRO2_001.jpg,Tungro,4901,1,0.9296
Tungro\TUNGRO2_002.jpg,Tungro,5459,7,0.9545
Tungro\TUNGRO2_003.jpg,Tungro,5457,2,0.9508
Tungro\TUNGRO2_004.jpg,Tungro,5459,7,0.9622
Tungro\TUNGRO2_005.jpg,Tungro,5459,7,0.9754
Tungro\TUNGRO2_006.jpg,Tungro,5459,7,0.9754
Tungro\TUNGRO2_007.jpg,Tungro,5188,15,0.9803
Tungro\TUNGRO2_008.jpg,Tungro,5188,15,0.9726
Tungro\TUNGRO2_009.jpg,Tungro,5188,15,0.9745
Tungro\TUNGRO2_010.jpg,Tungro,5188,15,0.9813
Tungro\TUNGRO2_011.jpg,Tungro,5188,15,0.9813
Tungro\TUNGRO2_012.jpg,Tungro,4914,3,0.974
Tungro\TUNGRO2_013.jpg,Tungro,4914,3,0.974
Tungro\TUNGRO2_014.jpg,Tungro,4914,3,0.9569
Tungro\TUNGRO2_015.jpg,Tungro,5793,4,0.9694
Tungro\TUNGRO2_016.jpg,Tungro,5793,4,0.9694
Tungro\TUNGRO2_017.jpg,Tungro,4920,4,0.969
Tungro\TUNGRO2_018.jpg,Tungro,4920,4,0.969
Tungro\TUNGRO2_019.jpg,Tungro,4920,4,0.9532
Tungro\TUNGRO2_020.jpg,Tungro,4920,4,0.961
Tungro\TUNGRO2_021.jpg,Tungro,4921,1,0.941
Tungro\TUNGRO2_022.jpg,Tungro,4922,1,0.8959
Tungro\TUNGRO2_023.jpg,Tungro,4925,3,0.962
Tungro\TUNGRO2_024.jpg,Tungro,4925,3,0.9716
Tungro\TUNGRO2_025.jpg,Tungro,4925,3,0.9716
Tungro\TUNGRO2_026.jpg,Tungro,4926,1,0.9019
Tungro\TUNGRO2_027.jpg,Tungro,4927,1,0.9463
Tungro\TUNGRO2_028.jpg,Tungro,4929,2,0.9594
Tungro\TUNGRO2_029.jpg,Tungro,4929,2,0.9594
Tungro\TUNGRO2_030.jpg,Tungro,4930,1,0.9125
Tungro\TUNGRO2_031.jpg,Tungro,4931,1,0.9488
Tungro\TUNGRO2_032.jpg,Tungro,4932,1,0.9488
Tungro\TUNGRO2_033.jpg,Tungro,4933,1,0.9412
Tungro\TUNGRO2_034.jpg,Tungro,4934,1,0.9412
Tungro\TUNGRO2_035.jpg,Tungro,4935,1,0.9444
Tungro\TUNGRO2_036.jpg,Tungro,5490,2,0.9591
Tungro\TUNGRO2_037.jpg,Tungro,5797,6,0.9751
Tungro\TUNGRO2_038.jpg,Tungro,5797,6,0.9815
Tungro\TUNGRO2_039.jpg,Tungro,5797,6,0.9815
Tungro\TUNGRO2_040.jpg,Tungro,5797,6,0.9809
Tungro\TUNGRO2_041.jpg,Tungro,4943,2,0.9507
Tungro\TUNGRO2_042.jpg,Tungro,4942,1,0.9223
Tungro\TUNGRO2_043.jpg,Tungro,4943,2,0.9507
Tungro\TUNGRO2_044.jpg,Tungro,4946,3,0.9834
Tungro\TUNGRO2_045.jpg,Tungro,4946,3,0.987
Tungro\TUNGRO2_046.jpg,Tungro,4946,3,0.987
Tungro\TUNGRO2_047.jpg,Tungro,5800,10,0.9738
Tungro\TUNGRO2_048.jpg,Tungro,5800,10,0.9741
Tungro\TUNGRO2_049.jpg,Tungro,5800,10,0.9738
Tungro\TUNGRO2_050.jpg,Tungro,5800,10,0.9741
Tungro\TUNGRO2_051.jpg,Tungro,4952,2,0.9737
Tungro\TUNGRO2_052.jpg,Tungro,4952,2,0.9737
Tungro\TUNGRO2_053.jpg,Tungro,4953,1,0.9445
Tungro\TUNGRO2_054.jpg,Tungro,4954,1,0.9489
Tungro\TUNGRO2_055.jpg,Tungro,4955,1,0.9489
Tungro\TUNGRO2_056.jpg,Tungro,4956,1,0.9479
Tungro\TUNGRO2_057.jpg,Tungro,4958,2,0.9517
Tungro\TUNGRO2_058.jpg,Tungro,4958,2,0.9517
Tungro\TUNGRO2_059.jpg,Tungro,4959,1,0.9473
Tungro\TUNGRO2_060.jpg,Tungro,5891,11,0.9688
Tungro\TUNGRO2_061.jpg,Tungro,5891,11,0.9673
Tungro\TUNGRO2_062.jpg,Tungro,5242,18,0.9795
Tungro\TUNGRO2_063.jpg,Tungro,5242,18,0.9745
Tungro\TUNGRO2_064.jpg,Tungro,5242,18,0.971
Tungro\TUNGRO2_065.jpg,Tungro,5242,18,0.9672
Tungro\TUNGRO2_066.jpg,Tungro,4967,2,0.9654
Tungro\TUNGRO2_067.jpg,Tungro,4967,2,0.9654
Tungro\TUNGRO2_068.jpg,Tungro,4968,1,0.94
Tungro\TUNGRO2_069.jpg,Tungro,5250,9,0.9644
Tungro\TUNGRO2_070.jpg,Tungro,5250,9,0.9728
Tungro\TUNGRO2_071.jpg,Tungro,5250,9,0.9749
Tungro\TUNGRO2_072.jpg,Tungro,5250,9,0.9749
Tungro\TUNGRO2_073.jpg,Tungro,5250,9,0.9698
Tungro\TUNGRO2_074.jpg,Tungro,5893,8,0.9686
Tungro\TUNGRO2_075.jpg,Tungro,5893,8,0.9686
Tungro\TUNGRO2_076.jpg,Tungro,5893,8,0.9671
Tungro\TUNGRO2_077.jpg,Tungro,4979,3,0.956
Tungro\TUNGRO2_078.jpg,Tungro,4979,3,0.9751
Tungro\TUNGRO2_079.jpg,Tungro,4979,3,0.9751
Tungro\TUNGRO2_080.jpg,Tungro,5806,22,0.9775
Tungro\TUNGRO2_081.jpg,Tungro,5806,22,0.9726
Tungro\TUNGRO2_082.jpg,Tungro,5806,22,0.9674
Tungro\TUNGRO2_083.jpg,Tungro,5806,22,0.9659
Tungro\TUNGRO2_084.jpg,Tungro,5806,22,0.9775
Tungro\TUNGRO2_085.jpg,Tungro,4987,3,0.9706
Tungro\TUNGRO2_086.jpg,Tungro,4987,3,0.9706
Tungro\TUNGRO2_087.jpg,Tungro,4987,3,0.9211
Tungro\TUNGRO2_088.jpg,Tungro,5799,11,0.9773
Tungro\TUNGRO2_089.jpg,Tungro,5799,11,0.9773
Tungro\TUNGRO2_090.jpg,Tungro,5799,11,0.9639
Tungro\TUNGRO2_091.JPG,Tungro,5897,20,0.9888
Tungro\TUNGRO2_092.JPG,Tungro,5897,20,0.9888
Tungro\TUNGRO2_093.JPG,Tungro,5897,20,0.9803
Tungro\TUNGRO2_094.JPG,Tungro,5897,20,0.9926
Tungro\TUNGRO2_095.JPG,Tungro,5897,20,0.9926
Tungro\TUNGRO2_096.JPG,Tungro,5897,20,0.9884
Tungro\TUNGRO2_097.JPG,Tungro,5897,20,0.9864
Tungro\TUNGRO2_098.JPG,Tungro,5897,20,0.9838
Tungro\TUNGRO2_099.JPG,Tungro,5811,16,0.9824
Tungro\TUNGRO2_100.JPG,Tungro,5811,16,0.9901
Tungro\TUNGRO2_101.JPG,Tungro,5811,16,0.9902
Tungro\TUNGRO2_102.JPG,Tungro,5811,16,0.9925
Tungro\TUNGRO2_103.JPG,Tungro,5811,16,0.993
Tungro\TUNGRO2_104.JPG,Tungro,5811,16,0.993
Tungro\TUNGRO2_105.JPG,Tungro,5811,16,0.992
Tungro\TUNGRO2_106.JPG,Tungro,5900,14,0.9892
Tungro\TUNGRO2_107.JPG,Tungro,5900,14,0.989
Tungro\TUNGRO2_108.JPG,Tungro,5900,14,0.9914
Tungro\TUNGRO2_109.JPG,Tungro,5900,14,0.9914
Tungro\TUNGRO2_110.JPG,Tungro,5900,14,0.9892
Tungro\TUNGRO2_111.JPG,Tungro,5900,14,0.9908
Tungro\TUNGRO2_112.JPG,Tungro,5813,7,0.9949
Tungro\TUNGRO2_113.JPG,Tungro,5813,7,0.9949
Tungro\TUNGRO2_114.JPG,Tungro,5813,7,0.9937
Tungro\TUNGRO2_115.JPG,Tungro,5813,7,0.9963
Tungro\TUNGRO2_116.JPG,Tungro,5813,7,0.9963
Tungro\TUNGRO2_117.JPG,Tungro,5902,12,0.987
Tungro\TUNGRO2_118.JPG,Tungro,5902,12,0.9912
Tungro\TUNGRO2_119.JPG,Tungro,5902,12,0.9912
Tungro\TUNGRO2_120.JPG,Tungro,5902,12,0.9925
Tungro\TUNGRO2_121.JPG,Tungro,5902,12,0.9925
Tungro\TUNGRO2_122.JPG,Tungro,5581,14,0.976
Tungro\TUNGRO2_123.JPG,Tungro,5581,14,0.9829
Tungro\TUNGRO2_124.JPG,Tungro,5581,14,0.9829
Tungro\TUNGRO2_125.JPG,Tungro,5581,14,0.987
Tungro\TUNGRO2_126.JPG,Tungro,5581,14,0.9927
Tungro\TUNGRO2_127.JPG,Tungro,5581,14,0.9927
Tungro\TUNGRO2_128.JPG,Tungro,5032,5,0.9796
Tungro\TUNGRO2_129.JPG,Tungro,5032,5,0.9796
Tungro\TUNGRO2_130.JPG,Tungro,5032,5,0.9923
Tungro\TUNGRO2_131.JPG,Tungro,5032,5,0.9923
Tungro\TUNGRO2_132.JPG,Tungro,5032,5,0.9902
Tungro\TUNGRO2_133.JPG,Tungro,5817,7,0.99
Tungro\TUNGRO2_134.JPG,Tungro,5817,7,0.9913
Tungro\TUNGRO2_135.JPG,Tungro,5817,7,0.9913
Tungro\TUNGRO2_136.JPG,Tungro,5817,7,0.9897
Tungro\TUNGRO2_137.JPG,Tungro,5817,7,0.9816
Tungro\TUNGRO2_138.JPG,Tungro,5906,22,0.9951
Tungro\TUNGRO2_139.JPG,Tungro,5906,22,0.9951
Tungro\TUNGRO2_140.JPG,Tungro,5906,22,0.99
Tungro\TUNGRO2_141.JPG,Tungro,5906,22,0.9878
Tungro\TUNGRO2_142.JPG,Tungro,5906,22,0.9878
Tungro\TUNGRO2_143.JPG,Tungro,5819,11,0.9844
Tungro\TUNGRO2_144.JPG,Tungro,5819,11,0.9844
Tungro\TUNGRO2_145.JPG,Tungro,5819,11,0.9879
Tungro\TUNGRO2_146.JPG,Tungro,5819,11,0.987
Tungro\TUNGRO2_147.JPG,Tungro,5819,11,0.9872
Tungro\TUNGRO2_148.JPG,Tungro,5819,11,0.9879
Tungro\TUNGRO2_149.JPG,Tungro,5819,11,0.9851
Tungro\TUNGRO2_150.JPG,Tungro,5819,11,0.9851
Tungro\TUNGRO2_151.JPG,Tungro,5819,11,0.983
Tungro\TUNGRO2_152.JPG,Tungro,5822,29,0.9884
Tungro\TUNGRO2_153.JPG,Tungro,5822,29,0.9884
Tungro\TUNGRO2_154.JPG,Tungro,5822,29,0.9905
Tungro\TUNGRO2_155.JPG,Tungro,5822,29,0.9905
Tungro\TUNGRO2_156.JPG,Tungro,5822,29,0.9871
Tungro\TUNGRO2_157.JPG,Tungro,5822,29,0.9895
Tungro\TUNGRO2_158.JPG,Tungro,5822,29,0.9826
Tungro\TUNGRO2_159.JPG,Tungro,5822,29,0.9895
Tungro\TUNGRO2_160.JPG,Tungro,5822,29,0.9882
Tungro\TUNGRO2_161.JPG,Tungro,5911,12,0.991
Tungro\TUNGRO2_162.JPG,Tungro,5911,12,0.991
Tungro\TUNGRO2_163.JPG,Tungro,5911,12,0.9879
Tungro\TUNGRO2_164.JPG,Tungro,5911,12,0.9908
Tungro\TUNGRO2_165.JPG,Tungro,5911,12,0.9776
Tungro\TUNGRO2_166.JPG,Tungro,5824,14,0.9926
Tungro\TUNGRO2_167.JPG,Tungro,5824,14,0.9944
Tungro\TUNGRO2_168.JPG,Tungro,5824,14,0.9942
Tungro\TUNGRO2_169.JPG,Tungro,5824,14,0.9948
Tungro\TUNGRO2_170.JPG,Tungro,5824,14,0.9938
Tungro\TUNGRO2_171.JPG,Tungro,5824,14,0.9948
Tungro\TUNGRO2_172.JPG,Tungro,5079,8,0.995
Tungro\TUNGRO2_173.JPG,Tungro,5079,8,0.9981
Tungro\TUNGRO2_174.JPG,Tungro,5079,8,0.9981
Tungro\TUNGRO2_175.JPG,Tungro,5079,8,0.9949
Tungro\TUNGRO2_176.JPG,Tungro,5079,8,0.9956
Tungro\TUNGRO2_177.JPG,Tungro,5079,8,0.9935
Tungro\TUNGRO2_178.JPG,Tungro,5079,8,0.9888
Tungro\TUNGRO2_179.JPG,Tungro,5079,8,0.9876
Tungro\TUNGRO2_180.JPG,Tungro,5915,22,0.9908
Tungro\TUNGRO2_181.JPG,Tungro,5915,22,0.9908
Tungro\TUNGRO2_182.JPG,Tungro,5915,22,0.9899
Tungro\TUNGRO2_183.JPG,Tungro,5915,22,0.992
Tungro\TUNGRO2_184.JPG,Tungro,5915,22,0.992
Tungro\TUNGRO2_185.JPG,Tungro,5915,22,0.9877
Tungro\TUNGRO2_186.JPG,Tungro,5915,22,0.9877
Tungro\TUNGRO2_187.JPG,Tungro,5915,22,0.989
Tungro\TUNGRO2_188.JPG,Tungro,5915,22,0.989
Tungro\TUNGRO2_189.JPG,Tungro,5828,8,0.9747
Tungro\TUNGRO2_190.JPG,Tungro,5828,8,0.9895
Tungro\TUNGRO2_191.JPG,Tungro,5828,8,0.9913
Tungro\TUNGRO2_192.JPG,Tungro,5828,8,0.9913
Tungro\TUNGRO2_193.JPG,Tungro,5828,8,0.9895
Tungro\TUNGRO2_194.JPG,Tungro,5828,8,0.9868
Tungro\TUNGRO2_195.JPG,Tungro,5100,6,0.9878
Tungro\TUNGRO2_196.JPG,Tungro,5100,6,0.9886
Tungro\TUNGRO2_197.JPG,Tungro,5100,6,0.9932
Tungro\TUNGRO2_198.JPG,Tungro,5100,6,0.9932
Tungro\TUNGRO2_199.JPG,Tungro,5100,6,0.992
Tungro\TUNGRO2_200.JPG,Tungro,5100,6,0.9857
Tungro\TUNGRO2_201.JPG,Tungro,5830,8,0.9846
Tungro\TUNGRO2_202.JPG,Tungro,5830,8,0.9899
Tungro\TUNGRO2_203.JPG,Tungro,5830,8,0.9899
Tungro\TUNGRO2_204.JPG,Tungro,5830,8,0.9877
Tungro\TUNGRO2_205.JPG,Tungro,5830,8,0.9854
Tungro\TUNGRO2_206.JPG,Tungro,5830,8,0.9826
Tungro\TUNGRO2_207.JPG,Tungro,5919,13,0.991
Tungro\TUNGRO2_208.JPG,Tungro,5919,13,0.991
Tungro\TUNGRO2_209.JPG,Tungro,5919,13,0.992
Tungro\TUNGRO2_210.JPG,Tungro,5919,13,0.9915
Tungro\TUNGRO2_211.JPG,Tungro,5919,13,0.9911
Tungro\TUNGRO2_212.JPG,Tungro,5919,13,0.992
Tungro\TUNGRO2_213.JPG,Tungro,5922,22,0.9902
Tungro\TUNGRO2_214.JPG,Tungro,5922,22,0.9902
Tungro\TUNGRO2_215.JPG,Tungro,5922,22,0.988
Tungro\TUNGRO2_216.JPG,Tungro,5922,22,0.9919
Tungro\TUNGRO2_217.JPG,Tungro,5922,22,0.9939
Tungro\TUNGRO2_218.JPG,Tungro,5922,22,0.9887
Tungro\TUNGRO2_219.JPG,Tungro,5922,22,0.9939
Tungro\TUNGRO2_220.JPG,Tungro,5922,22,0.9907
Tungro\TUNGRO2_221.JPG,Tungro,5922,22,0.9907
Tungro\TUNGRO2_222.JPG,Tungro,5835,12,0.988
Tungro\TUNGRO2_223.JPG,Tungro,5835,12,0.988
Tungro\TUNGRO2_224.JPG,Tungro,5835,12,0.9871
Tungro\TUNGRO2_225.JPG,Tungro,5835,12,0.9871
Tungro\TUNGRO2_226.JPG,Tungro,5835,12,0.9868
Tungro\TUNGRO2_227.JPG,Tungro,5835,12,0.9873
Tungro\TUNGRO2_228.JPG,Tungro,5835,12,0.9906
Tungro\TUNGRO2_229.JPG,Tungro,5835,12,0.9906
Tungro\TUNGRO2_230.JPG,Tungro,5835,12,0.9891
Tungro\TUNGRO2_231.JPG,Tungro,5835,12,0.9891
Tungro\TUNGRO2_232.JPG,Tungro,5415,30,0.9919
Tungro\TUNGRO2_233.JPG,Tungro,5415,30,0.9933
Tungro\TUNGRO2_234.JPG,Tungro,5415,30,0.9912
Tungro\TUNGRO2_235.JPG,Tungro,5415,30,0.9924
Tungro\TUNGRO2_236.JPG,Tungro,5837,12,0.9903
Tungro\TUNGRO2_237.JPG,Tungro,5837,12,0.9903
Tungro\TUNGRO2_238.JPG,Tungro,5837,12,0.9901
Tungro\TUNGRO2_239.JPG,Tungro,5837,12,0.9909
Tungro\TUNGRO2_240.JPG,Tungro,5837,12,0.9909
Tungro\TUNGRO2_241.JPG,Tungro,5839,12,0.9926
Tungro\TUNGRO2_242.JPG,Tungro,5839,12,0.9956
Tungro\TUNGRO2_243.JPG,Tungro,5839,12,0.9957
Tungro\TUNGRO2_244.JPG,Tungro,5839,12,0.9954
Tungro\TUNGRO2_245.JPG,Tungro,5839,12,0.994
Tungro\TUNGRO2_246.JPG,Tungro,5839,12,0.996
Tungro\TUNGRO2_247.JPG,Tungro,5839,12,0.996
Tungro\TUNGRO2_248.JPG,Tungro,5839,12,0.9952
Tungro\TUNGRO2_249.JPG,Tungro,5839,12,0.9899
Tungro\TUNGRO2_250.JPG,Tungro,5839,12,0.9881
Tungro\TUNGRO2_251.JPG,Tungro,5156,6,0.9819
Tungro\TUNGRO2_252.JPG,Tungro,5156,6,0.9915
Tungro\TUNGRO2_253.JPG,Tungro,5156,6,0.9914
Tungro\TUNGRO2_254.JPG,Tungro,5156,6,0.9915
Tungro\TUNGRO2_255.JPG,Tungro,5156,6,0.9884
Tungro\TUNGRO2_256.JPG,Tungro,5156,6,0.9876
Tungro\TUNGRO2_257.JPG,Tungro,5845,18,0.9898
Tungro\TUNGRO2_258.JPG,Tungro,5845,18,0.994
Tungro\TUNGRO2_259.JPG,Tungro,5845,18,0.9954
Tungro\TUNGRO2_260.JPG,Tungro,5845,18,0.9927
Tungro\TUNGRO2_261.JPG,Tungro,5845,18,0.9898
Tungro\TUNGRO2_262.JPG,Tungro,5845,18,0.9943
Tungro\TUNGRO2_263.JPG,Tungro,5845,18,0.9954
Tungro\TUNGRO2_264.JPG,Tungro,5845,18,0.9953
Tungro\TUNGRO2_265.JPG,Tungro,5845,18,0.9943
Tungro\TUNGRO2_266.JPG,Tungro,5845,18,0.9873
Tungro\TUNGRO2_267.JPG,Tungro,5845,18,0.9873
Tungro\TUNGRO2_268.JPG,Tungro,5845,18,0.9882
Tungro\TUNGRO2_269.JPG,Tungro,5845,18,0.9882
Tungro\TUNGRO2_270.JPG,Tungro,5845,18,0.9821
Tungro\TUNGRO2_271.JPG,Tungro,5878,10,0.9896
Tungro\TUNGRO2_272.JPG,Tungro,5878,10,0.9896
Tungro\TUNGRO2_273.JPG,Tungro,5878,10,0.9712
Tungro\TUNGRO2_274.JPG,Tungro,5878,10,0.9906
Tungro\TUNGRO2_275.JPG,Tungro,5878,10,0.993
Tungro\TUNGRO2_276.JPG,Tungro,5878,10,0.993
Tungro\TUNGRO2_277.JPG,Tungro,5878,10,0.9886
Tungro\TUNGRO3_001.jpg,Tungro,5178,2,0.9509
Tungro\TUNGRO3_002.jpg,Tungro,5183,8,0.9881
Tungro\TUNGRO3_003.jpg,Tungro,5180,2,0.9626
Tungro\TUNGRO3_004.jpg,Tungro,5183,8,0.982
Tungro\TUNGRO3_005.jpg,Tungro,5183,8,0.9853
Tungro\TUNGRO3_006.jpg,Tungro,5183,8,0.9895
Tungro\TUNGRO3_007.jpg,Tungro,5188,15,0.9752
Tungro\TUNGRO3_008.jpg,Tungro,5188,15,0.9817
Tungro\TUNGRO3_009.jpg,Tungro,5188,15,0.9817
Tungro\TUNGRO3_010.jpg,Tungro,5188,15,0.9813
Tungro\TUNGRO3_011.jpg,Tungro,5188,15,0.9761
Tungro\TUNGRO3_012.jpg,Tungro,5191,6,0.9688
Tungro\TUNGRO3_013.jpg,Tungro,5191,6,0.9733
Tungro\TUNGRO3_014.jpg,Tungro,5191,6,0.9674
Tungro\TUNGRO3_015.jpg,Tungro,5214,34,0.967
Tungro\TUNGRO3_016.jpg,Tungro,5214,34,0.9819
Tungro\TUNGRO3_017.jpg,Tungro,5198,10,0.9836
Tungro\TUNGRO3_018.jpg,Tungro,5198,10,0.9836
Tungro\TUNGRO3_019.jpg,Tungro,5198,10,0.9683
Tungro\TUNGRO3_020.jpg,Tungro,5198,10,0.9878
Tungro\TUNGRO3_021.jpg,Tungro,5198,10,0.9878
Tungro\TUNGRO3_022.jpg,Tungro,5199,2,0.9772
Tungro\TUNGRO3_023.jpg,Tungro,5214,34,0.9856
Tungro\TUNGRO3_024.jpg,Tungro,5214,34,0.9869
Tungro\TUNGRO3_025.jpg,Tungro,5214,34,0.9869
Tungro\TUNGRO3_026.jpg,Tungro,5203,2,0.974
Tungro\TUNGRO3_027.jpg,Tungro,5204,8,0.9591
Tungro\TUNGRO3_028.jpg,Tungro,5204,8,0.979
Tungro\TUNGRO3_029.jpg,Tungro,5204,8,0.9692
Tungro\TUNGRO3_030.jpg,Tungro,5204,8,0.9754
Tungro\TUNGRO3_031.jpg,Tungro,5214,34,0.9881
Tungro\TUNGRO3_032.jpg,Tungro,5214,34,0.986
Tungro\TUNGRO3_033.jpg,Tungro,5214,34,0.9838
Tungro\TUNGRO3_034.jpg,Tungro,5214,34,0.9852
Tungro\TUNGRO3_035.jpg,Tungro,5212,2,0.9853
Tungro\TUNGRO3_036.jpg,Tungro,5213,2,0.9872
Tungro\TUNGRO3_037.jpg,Tungro,5214,34,0.9813
Tungro\TUNGRO3_038.jpg,Tungro,5214,34,0.9885
Tungro\TUNGRO3_039.jpg,Tungro,5214,34,0.9878
Tungro\TUNGRO3_040.jpg,Tungro,5214,34,0.9885
Tungro\TUNGRO3_041.jpg,Tungro,5220,4,0.9764
Tungro\TUNGRO3_042.jpg,Tungro,5219,2,0.9758
Tungro\TUNGRO3_043.jpg,Tungro,5220,4,0.9887
Tungro\TUNGRO3_044.jpg,Tungro,5223,6,0.9872
Tungro\TUNGRO3_045.jpg,Tungro,5223,6,0.9872
Tungro\TUNGRO3_046.jpg,Tungro,5223,6,0.987
Tungro\TUNGRO3_047.jpg,Tungro,5214,34,0.9877
Tungro\TUNGRO3_048.jpg,Tungro,5214,34,0.9873
Tungro\TUNGRO3_049.jpg,Tungro,5214,34,0.9907
Tungro\TUNGRO3_050.jpg,Tungro,5214,34,0.9907
Tungro\TUNGRO3_051.jpg,Tungro,5230,6,0.9836
Tungro\TUNGRO3_052.jpg,Tungro,5230,6,0.9715
Tungro\TUNGRO3_053.jpg,Tungro,5230,6,0.9825
Tungro\TUNGRO3_054.jpg,Tungro,5233,6,0.9714
Tungro\TUNGRO3_055.jpg,Tungro,5233,6,0.9724
Tungro\TUNGRO3_056.jpg,Tungro,5233,6,0.9705
Tungro\TUNGRO3_057.jpg,Tungro,5236,6,0.9733
Tungro\TUNGRO3_058.jpg,Tungro,5236,6,0.9708
Tungro\TUNGRO3_059.jpg,Tungro,5236,6,0.9739
Tungro\TUNGRO3_060.jpg,Tungro,5242,18,0.9707
Tungro\TUNGRO3_061.jpg,Tungro,5242,18,0.9675
Tungro\TUNGRO3_062.jpg,Tungro,5242,18,0.9826
Tungro\TUNGRO3_063.jpg,Tungro,5242,18,0.9826
Tungro\TUNGRO3_064.jpg,Tungro,5242,18,0.9818
Tungro\TUNGRO3_065.jpg,Tungro,5242,18,0.977
Tungro\TUNGRO3_066.jpg,Tungro,5244,4,0.9775
Tungro\TUNGRO3_067.jpg,Tungro,5244,4,0.9742
Tungro\TUNGRO3_068.jpg,Tungro,5249,10,0.9689
Tungro\TUNGRO3_069.jpg,Tungro,5249,10,0.9791
Tungro\TUNGRO3_070.jpg,Tungro,5249,10,0.9836
Tungro\TUNGRO3_071.jpg,Tungro,5249,10,0.98
Tungro\TUNGRO3_072.jpg,Tungro,5249,10,0.9777
Tungro\TUNGRO3_073.jpg,Tungro,5250,9,0.984
Tungro\TUNGRO3_074.jpg,Tungro,5253,6,0.982
Tungro\TUNGRO3_075.jpg,Tungro,5253,6,0.9866
Tungro\TUNGRO3_076.jpg,Tungro,5253,6,0.9853
Tungro\TUNGRO3_077.jpg,Tungro,5256,6,0.977
Tungro\TUNGRO3_078.jpg,Tungro,5256,6,0.9764
Tungro\TUNGRO3_079.jpg,Tungro,5256,6,0.9789
Tungro\TUNGRO3_080.jpg,Tungro,5806,22,0.9819
Tungro\TUNGRO3_081.jpg,Tungro,5806,22,0.985
Tungro\TUNGRO3_082.jpg,Tungro,5806,22,0.9804
Tungro\TUNGRO3_083.jpg,Tungro,5806,22,0.966
Tungro\TUNGRO3_084.jpg,Tungro,5806,22,0.9761
Tungro\TUNGRO3_085.jpg,Tungro,5264,6,0.9811
Tungro\TUNGRO3_086.jpg,Tungro,5264,6,0.9761
Tungro\TUNGRO3_087.jpg,Tungro,5264,6,0.9767
Tungro\TUNGRO3_088.jpg,Tungro,5799,11,0.9801
Tungro\TUNGRO3_089.jpg,Tungro,5799,11,0.9896
Tungro\TUNGRO3_090.jpg,Tungro,5799,11,0.9855
Tungro\TUNGRO3_091.JPG,Tungro,5275,16,0.9926
Tungro\TUNGRO3_092.JPG,Tungro,5275,16,0.9926
Tungro\TUNGRO3_093.JPG,Tungro,5275,16,0.9912
Tungro\TUNGRO3_094.JPG,Tungro,5275,16,0.9914
Tungro\TUNGRO3_095.JPG,Tungro,5275,16,0.9914
Tungro\TUNGRO3_096.JPG,Tungro,5275,16,0.989
Tungro\TUNGRO3_097.JPG,Tungro,5275,16,0.9913
Tungro\TUNGRO3_098.JPG,Tungro,5275,16,0.9892
Tungro\TUNGRO3_099.JPG,Tungro,5282,14,0.99
Tungro\TUNGRO3_100.JPG,Tungro,5282,14,0.9931
Tungro\TUNGRO3_101.JPG,Tungro,5282,14,0.9931
Tungro\TUNGRO3_102.JPG,Tungro,5282,14,0.9903
Tungro\TUNGRO3_103.JPG,Tungro,5282,14,0.9945
Tungro\TUNGRO3_104.JPG,Tungro,5282,14,0.9945
Tungro\TUNGRO3_105.JPG,Tungro,5282,14,0.9939
Tungro\TUNGRO3_106.JPG,Tungro,5288,12,0.989
Tungro\TUNGRO3_107.JPG,Tungro,5288,12,0.9931
Tungro\TUNGRO3_108.JPG,Tungro,5288,12,0.9914
Tungro\TUNGRO3_109.JPG,Tungro,5288,12,0.9914
Tungro\TUNGRO3_110.JPG,Tungro,5288,12,0.9931
Tungro\TUNGRO3_111.JPG,Tungro,5288,12,0.9877
Tungro\TUNGRO3_112.JPG,Tungro,5293,10,0.992
Tungro\TUNGRO3_113.JPG,Tungro,5293,10,0.992
Tungro\TUNGRO3_114.JPG,Tungro,5293,10,0.997
Tungro\TUNGRO3_115.JPG,Tungro,5293,10,0.9958
Tungro\TUNGRO3_116.JPG,Tungro,5293,10,0.997
Tungro\TUNGRO3_117.JPG,Tungro,5298,10,0.9884
Tungro\TUNGRO3_118.JPG,Tungro,5298,10,0.9941
Tungro\TUNGRO3_119.JPG,Tungro,5298,10,0.9923
Tungro\TUNGRO3_120.JPG,Tungro,5298,10,0.9941
Tungro\TUNGRO3_121.JPG,Tungro,5298,10,0.9941
Tungro\TUNGRO3_122.JPG,Tungro,5302,12,0.9868
Tungro\TUNGRO3_123.JPG,Tungro,5302,12,0.9876
Tungro\TUNGRO3_124.JPG,Tungro,5302,12,0.9896
Tungro\TUNGRO3_125.JPG,Tungro,5302,12,0.9905
Tungro\TUNGRO3_126.JPG,Tungro,5302,12,0.9938
Tungro\TUNGRO3_127.JPG,Tungro,5302,12,0.9938
Tungro\TUNGRO3_128.JPG,Tungro,5309,10,0.9828
Tungro\TUNGRO3_129.JPG,Tungro,5309,10,0.9757
Tungro\TUNGRO3_130.JPG,Tungro,5309,10,0.9928
Tungro\TUNGRO3_131.JPG,Tungro,5309,10,0.9909
Tungro\TUNGRO3_132.JPG,Tungro,5309,10,0.9928
Tungro\TUNGRO3_133.JPG,Tungro,5314,10,0.9905
Tungro\TUNGRO3_134.JPG,Tungro,5314,10,0.985
Tungro\TUNGRO3_135.JPG,Tungro,5314,10,0.985
Tungro\TUNGRO3_136.JPG,Tungro,5314,10,0.9905
Tungro\TUNGRO3_137.JPG,Tungro,5314,10,0.986
Tungro\TUNGRO3_138.JPG,Tungro,5906,22,0.9958
Tungro\TUNGRO3_139.JPG,Tungro,5906,22,0.9958
Tungro\TUNGRO3_140.JPG,Tungro,5906,22,0.9916
Tungro\TUNGRO3_141.JPG,Tungro,5906,22,0.9922
Tungro\TUNGRO3_142.JPG,Tungro,5906,22,0.9922
Tungro\TUNGRO3_143.JPG,Tungro,5907,28,0.9822
Tungro\TUNGRO3_144.JPG,Tungro,5907,28,0.9738
Tungro\TUNGRO3_145.JPG,Tungro,5907,28,0.9876
Tungro\TUNGRO3_146.JPG,Tungro,5907,28,0.9894
Tungro\TUNGRO3_147.JPG,Tungro,5907,28,0.9894
Tungro\TUNGRO3_148.JPG,Tungro,5907,28,0.9876
Tungro\TUNGRO3_149.JPG,Tungro,5907,28,0.9858
Tungro\TUNGRO3_150.JPG,Tungro,5907,28,0.9858
Tungro\TUNGRO3_151.JPG,Tungro,5907,28,0.9789
Tungro\TUNGRO3_152.JPG,Tungro,5822,29,0.9885
Tungro\TUNGRO3_153.JPG,Tungro,5822,29,0.9885
Tungro\TUNGRO3_154.JPG,Tungro,5822,29,0.9865
Tungro\TUNGRO3_155.JPG,Tungro,5822,29,0.9871
Tungro\TUNGRO3_156.JPG,Tungro,5822,29,0.9865
Tungro\TUNGRO3_157.JPG,Tungro,5822,29,0.9908
Tungro\TUNGRO3_158.JPG,Tungro,5822,29,0.986
Tungro\TUNGRO3_159.JPG,Tungro,5822,29,0.9894
Tungro\TUNGRO3_160.JPG,Tungro,5822,29,0.9908
Tungro\TUNGRO3_161.JPG,Tungro,5342,10,0.9907
Tungro\TUNGRO3_162.JPG,Tungro,5342,10,0.9904
Tungro\TUNGRO3_163.JPG,Tungro,5342,10,0.9936
Tungro\TUNGRO3_164.JPG,Tungro,5342,10,0.9936
Tungro\TUNGRO3_165.JPG,Tungro,5342,10,0.9878
Tungro\TUNGRO3_166.JPG,Tungro,5348,12,0.9938
Tungro\TUNGRO3_167.JPG,Tungro,5348,12,0.9965
Tungro\TUNGRO3_168.JPG,Tungro,5348,12,0.9968
Tungro\TUNGRO3_169.JPG,Tungro,5348,12,0.9968
Tungro\TUNGRO3_170.JPG,Tungro,5348,12,0.9965
Tungro\TUNGRO3_171.JPG,Tungro,5348,12,0.9968
Tungro\TUNGRO3_172.JPG,Tungro,5356,16,0.9953
Tungro\TUNGRO3_173.JPG,Tungro,5356,16,0.9971
Tungro\TUNGRO3_174.JPG,Tungro,5356,16,0.9971
Tungro\TUNGRO3_175.JPG,Tungro,5356,16,0.9976
Tungro\TUNGRO3_176.JPG,Tungro,5356,16,0.9976
Tungro\TUNGRO3_177.JPG,Tungro,5356,16,0.9942
Tungro\TUNGRO3_178.JPG,Tungro,5356,16,0.994
Tungro\TUNGRO3_179.JPG,Tungro,5356,16,0.9921
Tungro\TUNGRO3_180.JPG,Tungro,5365,18,0.9933
Tungro\TUNGRO3_181.JPG,Tungro,5365,18,0.9933
Tungro\TUNGRO3_182.JPG,Tungro,5365,18,0.9928
Tungro\TUNGRO3_183.JPG,Tungro,5365,18,0.9948
Tungro\TUNGRO3_184.JPG,Tungro,5365,18,0.9948
Tungro\TUNGRO3_185.JPG,Tungro,5365,18,0.9912
Tungro\TUNGRO3_186.JPG,Tungro,5365,18,0.9917
Tungro\TUNGRO3_187.JPG,Tungro,5365,18,0.9933
Tungro\TUNGRO3_188.JPG,Tungro,5365,18,0.9933
Tungro\TUNGRO3_189.JPG,Tungro,5371,12,0.9844
Tungro\TUNGRO3_190.JPG,Tungro,5371,12,0.9878
Tungro\TUNGRO3_191.JPG,Tungro,5371,12,0.9886
Tungro\TUNGRO3_192.JPG,Tungro,5371,12,0.9896
Tungro\TUNGRO3_193.JPG,Tungro,5371,12,0.9865
Tungro\TUNGRO3_194.JPG,Tungro,5371,12,0.9854
Tungro\TUNGRO3_195.JPG,Tungro,5377,12,0.9842
Tungro\TUNGRO3_196.JPG,Tungro,5377,12,0.9898
Tungro\TUNGRO3_197.JPG,Tungro,5377,12,0.9898
Tungro\TUNGRO3_198.JPG,Tungro,5377,12,0.9926
Tungro\TUNGRO3_199.JPG,Tungro,5377,12,0.9926
Tungro\TUNGRO3_200.JPG,Tungro,5377,12,0.9886
Tungro\TUNGRO3_201.JPG,Tungro,5383,12,0.988
Tungro\TUNGRO3_202.JPG,Tungro,5383,12,0.9896
Tungro\TUNGRO3_203.JPG,Tungro,5383,12,0.9896
Tungro\TUNGRO3_204.JPG,Tungro,5383,12,0.9886
Tungro\TUNGRO3_205.JPG,Tungro,5383,12,0.9886
Tungro\TUNGRO3_206.JPG,Tungro,5383,12,0.9827
Tungro\TUNGRO3_207.JPG,Tungro,5389,12,0.9929
Tungro\TUNGRO3_208.JPG,Tungro,5389,12,0.9912
Tungro\TUNGRO3_209.JPG,Tungro,5389,12,0.9924
Tungro\TUNGRO3_210.JPG,Tungro,5389,12,0.9954
Tungro\TUNGRO3_211.JPG,Tungro,5389,12,0.9963
Tungro\TUNGRO3_212.JPG,Tungro,5389,12,0.9963
Tungro\TUNGRO3_213.JPG,Tungro,5398,18,0.9875
Tungro\TUNGRO3_214.JPG,Tungro,5398,18,0.9875
Tungro\TUNGRO3_215.JPG,Tungro,5398,18,0.9902
Tungro\TUNGRO3_216.JPG,Tungro,5398,18,0.9902
Tungro\TUNGRO3_217.JPG,Tungro,5398,18,0.9917
Tungro\TUNGRO3_218.JPG,Tungro,5398,18,0.9917
Tungro\TUNGRO3_219.JPG,Tungro,5398,18,0.9915
Tungro\TUNGRO3_220.JPG,Tungro,5398,18,0.9931
Tungro\TUNGRO3_221.JPG,Tungro,5398,18,0.9931
Tungro\TUNGRO3_222.JPG,Tungro,5408,20,0.9901
Tungro\TUNGRO3_223.JPG,Tungro,5408,20,0.9901
Tungro\TUNGRO3_224.JPG,Tungro,5408,20,0.99
Tungro\TUNGRO3_225.JPG,Tungro,5408,20,0.9902
Tungro\TUNGRO3_226.JPG,Tungro,5408,20,0.9902
Tungro\TUNGRO3_227.JPG,Tungro,5408,20,0.9906
Tungro\TUNGRO3_228.JPG,Tungro,5408,20,0.994
Tungro\TUNGRO3_229.JPG,Tungro,5408,20,0.994
Tungro\TUNGRO3_230.JPG,Tungro,5408,20,0.994
Tungro\TUNGRO3_231.JPG,Tungro,5408,20,0.9906
Tungro\TUNGRO3_232.JPG,Tungro,5415,30,0.9941
Tungro\TUNGRO3_233.JPG,Tungro,5415,30,0.9944
Tungro\TUNGRO3_234.JPG,Tungro,5415,30,0.9944
Tungro\TUNGRO3_235.JPG,Tungro,5415,30,0.9924
Tungro\TUNGRO3_236.JPG,Tungro,5415,30,0.9909
Tungro\TUNGRO3_237.JPG,Tungro,5415,30,0.9909
Tungro\TUNGRO3_238.JPG,Tungro,5415,30,0.9895
Tungro\TUNGRO3_239.JPG,Tungro,5415,30,0.9941
Tungro\TUNGRO3_240.JPG,Tungro,5415,30,0.9941
Tungro\TUNGRO3_241.JPG,Tungro,5427,20,0.9898
Tungro\TUNGRO3_242.JPG,Tungro,5427,20,0.9957
Tungro\TUNGRO3_243.JPG,Tungro,5427,20,0.9953
Tungro\TUNGRO3_244.JPG,Tungro,5427,20,0.9953
Tungro\TUNGRO3_245.JPG,Tungro,5427,20,0.9952
Tungro\TUNGRO3_246.JPG,Tungro,5427,20,0.9953
Tungro\TUNGRO3_247.JPG,Tungro,5427,20,0.9957
Tungro\TUNGRO3_248.JPG,Tungro,5427,20,0.9947
Tungro\TUNGRO3_249.JPG,Tungro,5427,20,0.9944
Tungro\TUNGRO3_250.JPG,Tungro,5427,20,0.9891
Tungro\TUNGRO3_251.JPG,Tungro,5433,12,0.9892
Tungro\TUNGRO3_252.JPG,Tungro,5433,12,0.9892
Tungro\TUNGRO3_253.JPG,Tungro,5433,12,0.9949
Tungro\TUNGRO3_254.JPG,Tungro,5433,12,0.9949
Tungro\TUNGRO3_255.JPG,Tungro,5433,12,0.9925
Tungro\TUNGRO3_256.JPG,Tungro,5433,12,0.9881
Tungro\TUNGRO3_257.JPG,Tungro,5447,28,0.9925
Tungro\TUNGRO3_258.JPG,Tungro,5447,28,0.9933
Tungro\TUNGRO3_259.JPG,Tungro,5447,28,0.9933
Tungro\TUNGRO3_260.JPG,Tungro,5447,28,0.9937
Tungro\TUNGRO3_261.JPG,Tungro,5447,28,0.9937
Tungro\TUNGRO3_262.JPG,Tungro,5447,28,0.993
Tungro\TUNGRO3_263.JPG,Tungro,5447,28,0.993
Tungro\TUNGRO3_264.JPG,Tungro,5447,28,0.9933
Tungro\TUNGRO3_265.JPG,Tungro,5447,28,0.9933
Tungro\TUNGRO3_266.JPG,Tungro,5447,28,0.989
Tungro\TUNGRO3_267.JPG,Tungro,5447,28,0.989
Tungro\TUNGRO3_268.JPG,Tungro,5447,28,0.9883
Tungro\TUNGRO3_269.JPG,Tungro,5447,28,0.987
Tungro\TUNGRO3_270.JPG,Tungro,5447,28,0.9826
Tungro\TUNGRO3_271.JPG,Tungro,5454,14,0.9879
Tungro\TUNGRO3_272.JPG,Tungro,5454,14,0.9905
Tungro\TUNGRO3_273.JPG,Tungro,5454,14,0.9905
Tungro\TUNGRO3_274.JPG,Tungro,5454,14,0.9914
Tungro\TUNGRO3_275.JPG,Tungro,5454,14,0.9899
Tungro\TUNGRO3_276.JPG,Tungro,5454,14,0.9898
Tungro\TUNGRO3_277.JPG,Tungro,5454,14,0.9914
Tungro\TUNGRO4_001.jpg,Tungro,5455,1,0.9296
Tungro\TUNGRO4_002.jpg,Tungro,5459,7,0.9552
Tungro\TUNGRO4_003.jpg,Tungro,5457,2,0.9508
Tungro\TUNGRO4_004.jpg,Tungro,5790,2,0.9509
Tungro\TUNGRO4_005.jpg,Tungro,5459,7,0.9607
Tungro\TUNGRO4_006.jpg,Tungro,5460,1,0.9497
Tungro\TUNGRO4_007.jpg,Tungro,5736,10,0.9666
Tungro\TUNGRO4_008.jpg,Tungro,5736,10,0.9736
Tungro\TUNGRO4_009.jpg,Tungro,5736,10,0.9736
Tungro\TUNGRO4_010.jpg,Tungro,5736,10,0.9623
Tungro\TUNGRO4_011.jpg,Tungro,5736,10,0.9584
Tungro\TUNGRO4_012.jpg,Tungro,5468,3,0.9644
Tungro\TUNGRO4_013.jpg,Tungro,5468,3,0.9644
Tungro\TUNGRO4_014.jpg,Tungro,5468,3,0.962
Tungro\TUNGRO4_015.jpg,Tungro,5470,2,0.9686
Tungro\TUNGRO4_016.jpg,Tungro,5470,2,0.9686
Tungro\TUNGRO4_017.jpg,Tungro,5882,7,0.9732
Tungro\TUNGRO4_018.jpg,Tungro,5882,7,0.9732
Tungro\TUNGRO4_019.jpg,Tungro,5882,7,0.935
Tungro\TUNGRO4_020.jpg,Tungro,5882,7,0.9732
Tungro\TUNGRO4_021.jpg,Tungro,5882,7,0.9732
Tungro\TUNGRO4_022.jpg,Tungro,5476,1,0.863
Tungro\TUNGRO4_023.jpg,Tungro,5477,1,0.9477
Tungro\TUNGRO4_024.jpg,Tungro,5479,2,0.9587
Tungro\TUNGRO4_025.jpg,Tungro,5479,2,0.9587
Tungro\TUNGRO4_026.jpg,Tungro,5480,1,0.8955
Tungro\TUNGRO4_027.jpg,Tungro,5481,1,0.8903
Tungro\TUNGRO4_028.jpg,Tungro,5883,4,0.968
Tungro\TUNGRO4_029.jpg,Tungro,5883,4,0.968
Tungro\TUNGRO4_030.jpg,Tungro,5883,4,0.9517
Tungro\TUNGRO4_031.jpg,Tungro,5884,3,0.9677
Tungro\TUNGRO4_032.jpg,Tungro,5884,3,0.9677
Tungro\TUNGRO4_033.jpg,Tungro,5487,1,0.9408
Tungro\TUNGRO4_034.jpg,Tungro,5488,1,0.9165
Tungro\TUNGRO4_035.jpg,Tungro,5489,1,0.9444
Tungro\TUNGRO4_036.jpg,Tungro,5490,2,0.9591
Tungro\TUNGRO4_037.jpg,Tungro,5494,4,0.9577
Tungro\TUNGRO4_038.jpg,Tungro,5494,4,0.9829
Tungro\TUNGRO4_039.jpg,Tungro,5494,4,0.975
Tungro\TUNGRO4_040.jpg,Tungro,5494,4,0.9829
Tungro\TUNGRO4_041.jpg,Tungro,5495,1,0.9402
Tungro\TUNGRO4_042.jpg,Tungro,5886,2,0.9573
Tungro\TUNGRO4_043.jpg,Tungro,5497,1,0.9058
Tungro\TUNGRO4_044.jpg,Tungro,5500,3,0.9742
Tungro\TUNGRO4_045.jpg,Tungro,5500,3,0.9742
Tungro\TUNGRO4_046.jpg,Tungro,5500,3,0.9722
Tungro\TUNGRO4_047.jpg,Tungro,5800,10,0.973
Tungro\TUNGRO4_048.jpg,Tungro,5800,10,0.9794
Tungro\TUNGRO4_049.jpg,Tungro,5800,10,0.9794
Tungro\TUNGRO4_050.jpg,Tungro,5800,10,0.9706
Tungro\TUNGRO4_051.jpg,Tungro,5887,3,0.9772
Tungro\TUNGRO4_052.jpg,Tungro,5887,3,0.9772
Tungro\TUNGRO4_053.jpg,Tungro,5889,2,0.9676
Tungro\TUNGRO4_054.jpg,Tungro,5508,1,0.9432
Tungro\TUNGRO4_055.jpg,Tungro,5509,1,0.9432
Tungro\TUNGRO4_056.jpg,Tungro,5510,1,0.9374
Tungro\TUNGRO4_057.jpg,Tungro,5511,1,0.9153
Tungro\TUNGRO4_058.jpg,Tungro,5513,2,0.9178
Tungro\TUNGRO4_059.jpg,Tungro,5513,2,0.9178
Tungro\TUNGRO4_060.jpg,Tungro,5242,18,0.9855
Tungro\TUNGRO4_061.jpg,Tungro,5242,18,0.9846
Tungro\TUNGRO4_062.jpg,Tungro,5891,11,0.9693
Tungro\TUNGRO4_063.jpg,Tungro,5891,11,0.9614
Tungro\TUNGRO4_064.jpg,Tungro,5891,11,0.9632
Tungro\TUNGRO4_065.jpg,Tungro,5891,11,0.9516
Tungro\TUNGRO4_066.jpg,Tungro,5521,2,0.954
Tungro\TUNGRO4_067.jpg,Tungro,5521,2,0.954
Tungro\TUNGRO4_068.jpg,Tungro,5748,6,0.9588
Tungro\TUNGRO4_069.jpg,Tungro,5748,6,0.9673
Tungro\TUNGRO4_070.jpg,Tungro,5748,6,0.9673
Tungro\TUNGRO4_071.jpg,Tungro,5748,6,0.9639
Tungro\TUNGRO4_072.jpg,Tungro,5748,6,0.9596
Tungro\TUNGRO4_073.jpg,Tungro,5749,2,0.9544
Tungro\TUNGRO4_074.jpg,Tungro,5893,8,0.9691
Tungro\TUNGRO4_075.jpg,Tungro,5893,8,0.9742
Tungro\TUNGRO4_076.jpg,Tungro,5893,8,0.9742
Tungro\TUNGRO4_077.jpg,Tungro,5533,3,0.9653
Tungro\TUNGRO4_078.jpg,Tungro,5533,3,0.968
Tungro\TUNGRO4_079.jpg,Tungro,5533,3,0.968
Tungro\TUNGRO4_080.jpg,Tungro,5806,22,0.9705
Tungro\TUNGRO4_081.jpg,Tungro,5806,22,0.9705
Tungro\TUNGRO4_082.jpg,Tungro,5806,22,0.9674
Tungro\TUNGRO4_083.jpg,Tungro,5806,22,0.9674
Tungro\TUNGRO4_084.jpg,Tungro,5806,22,0.9674
Tungro\TUNGRO4_085.jpg,Tungro,5895,5,0.9753
Tungro\TUNGRO4_086.jpg,Tungro,5895,5,0.9753
Tungro\TUNGRO4_087.jpg,Tungro,5895,5,0.9692
Tungro\TUNGRO4_088.jpg,Tungro,5543,2,0.9683
Tungro\TUNGRO4_089.jpg,Tungro,5543,2,0.9683
Tungro\TUNGRO4_090.jpg,Tungro,5799,11,0.9696
Tungro\TUNGRO4_091.JPG,Tungro,5897,20,0.9897
Tungro\TUNGRO4_092.JPG,Tungro,5897,20,0.9897
Tungro\TUNGRO4_093.JPG,Tungro,5897,20,0.9892
Tungro\TUNGRO4_094.JPG,Tungro,5897,20,0.995
Tungro\TUNGRO4_095.JPG,Tungro,5897,20,0.995
Tungro\TUNGRO4_096.JPG,Tungro,5897,20,0.9846
Tungro\TUNGRO4_097.JPG,Tungro,5897,20,0.9859
Tungro\TUNGRO4_098.JPG,Tungro,5897,20,0.9859
Tungro\TUNGRO4_099.JPG,Tungro,5811,16,0.9905
Tungro\TUNGRO4_100.JPG,Tungro,5811,16,0.993
Tungro\TUNGRO4_101.JPG,Tungro,5811,16,0.993
Tungro\TUNGRO4_102.JPG,Tungro,5811,16,0.9868
Tungro\TUNGRO4_103.JPG,Tungro,5811,16,0.9937
Tungro\TUNGRO4_104.JPG,Tungro,5811,16,0.9937
Tungro\TUNGRO4_105.JPG,Tungro,5811,16,0.9928
Tungro\TUNGRO4_106.JPG,Tungro,5900,14,0.9854
Tungro\TUNGRO4_107.JPG,Tungro,5900,14,0.9928
Tungro\TUNGRO4_108.JPG,Tungro,5900,14,0.9928
Tungro\TUNGRO4_109.JPG,Tungro,5900,14,0.9906
Tungro\TUNGRO4_110.JPG,Tungro,5900,14,0.9842
Tungro\TUNGRO4_111.JPG,Tungro,5900,14,0.9906
Tungro\TUNGRO4_112.JPG,Tungro,5570,5,0.9825
Tungro\TUNGRO4_113.JPG,Tungro,5570,5,0.9825
Tungro\TUNGRO4_114.JPG,Tungro,5570,5,0.9931
Tungro\TUNGRO4_115.JPG,Tungro,5570,5,0.9931
Tungro\TUNGRO4_116.JPG,Tungro,5570,5,0.9908
Tungro\TUNGRO4_117.JPG,Tungro,5902,12,0.9806
Tungro\TUNGRO4_118.JPG,Tungro,5902,12,0.9952
Tungro\TUNGRO4_119.JPG,Tungro,5902,12,0.9923
Tungro\TUNGRO4_120.JPG,Tungro,5902,12,0.9952
Tungro\TUNGRO4_121.JPG,Tungro,5902,12,0.9889
Tungro\TUNGRO4_122.JPG,Tungro,5581,14,0.9849
Tungro\TUNGRO4_123.JPG,Tungro,5581,14,0.9781
Tungro\TUNGRO4_124.JPG,Tungro,5581,14,0.98
Tungro\TUNGRO4_125.JPG,Tungro,5581,14,0.988
Tungro\TUNGRO4_126.JPG,Tungro,5581,14,0.9886
Tungro\TUNGRO4_127.JPG,Tungro,5581,14,0.9886
Tungro\TUNGRO4_128.JPG,Tungro,5904,7,0.964
Tungro\TUNGRO4_129.JPG,Tungro,5904,7,0.9797
Tungro\TUNGRO4_130.JPG,Tungro,5904,7,0.9901
Tungro\TUNGRO4_131.JPG,Tungro,5904,7,0.9797
Tungro\TUNGRO4_132.JPG,Tungro,5904,7,0.9901
Tungro\TUNGRO4_133.JPG,Tungro,5591,5,0.9804
Tungro\TUNGRO4_134.JPG,Tungro,5591,5,0.9932
Tungro\TUNGRO4_135.JPG,Tungro,5591,5,0.9932
Tungro\TUNGRO4_136.JPG,Tungro,5591,5,0.9895
Tungro\TUNGRO4_137.JPG,Tungro,5591,5,0.9733
Tungro\TUNGRO4_138.JPG,Tungro,5906,22,0.9935
Tungro\TUNGRO4_139.JPG,Tungro,5906,22,0.9935
Tungro\TUNGRO4_140.JPG,Tungro,5906,22,0.9891
Tungro\TUNGRO4_141.JPG,Tungro,5906,22,0.9911
Tungro\TUNGRO4_142.JPG,Tungro,5906,22,0.9911
Tungro\TUNGRO4_143.JPG,Tungro,5907,28,0.9738
Tungro\TUNGRO4_144.JPG,Tungro,5907,28,0.977
Tungro\TUNGRO4_145.JPG,Tungro,5907,28,0.9918
Tungro\TUNGRO4_146.JPG,Tungro,5907,28,0.9887
Tungro\TUNGRO4_147.JPG,Tungro,5907,28,0.9918
Tungro\TUNGRO4_148.JPG,Tungro,5907,28,0.9887
Tungro\TUNGRO4_149.JPG,Tungro,5907,28,0.9838
Tungro\TUNGRO4_150.JPG,Tungro,5907,28,0.9838
Tungro\TUNGRO4_151.JPG,Tungro,5907,28,0.9774
Tungro\TUNGRO4_152.JPG,Tungro,5908,13,0.9789
Tungro\TUNGRO4_153.JPG,Tungro,5908,13,0.9823
Tungro\TUNGRO4_154.JPG,Tungro,5908,13,0.9843
Tungro\TUNGRO4_155.JPG,Tungro,5908,13,0.9823
Tungro\TUNGRO4_156.JPG,Tungro,5908,13,0.9805
Tungro\TUNGRO4_157.JPG,Tungro,5908,13,0.9843
Tungro\TUNGRO4_158.JPG,Tungro,5908,13,0.9763
Tungro\TUNGRO4_159.JPG,Tungro,5908,13,0.9843
Tungro\TUNGRO4_160.JPG,Tungro,5908,13,0.9843
Tungro\TUNGRO4_161.JPG,Tungro,5911,12,0.991
Tungro\TUNGRO4_162.JPG,Tungro,5911,12,0.988
Tungro\TUNGRO4_163.JPG,Tungro,5911,12,0.991
Tungro\TUNGRO4_164.JPG,Tungro,5911,12,0.988
Tungro\TUNGRO4_165.JPG,Tungro,5911,12,0.9772
Tungro\TUNGRO4_166.JPG,Tungro,5824,14,0.9884
Tungro\TUNGRO4_167.JPG,Tungro,5824,14,0.9958
Tungro\TUNGRO4_168.JPG,Tungro,5824,14,0.9969
Tungro\TUNGRO4_169.JPG,Tungro,5824,14,0.9915
Tungro\TUNGRO4_170.JPG,Tungro,5824,14,0.9969
Tungro\TUNGRO4_171.JPG,Tungro,5824,14,0.9961
Tungro\TUNGRO4_172.JPG,Tungro,5913,10,0.9919
Tungro\TUNGRO4_173.JPG,Tungro,5913,10,0.9963
Tungro\TUNGRO4_174.JPG,Tungro,5913,10,0.9963
Tungro\TUNGRO4_175.JPG,Tungro,5913,10,0.9923
Tungro\TUNGRO4_176.JPG,Tungro,5913,10,0.9797
Tungro\TUNGRO4_177.JPG,Tungro,5913,10,0.9923
Tungro\TUNGRO4_178.JPG,Tungro,5913,10,0.9896
Tungro\TUNGRO4_179.JPG,Tungro,5913,10,0.9896
Tungro\TUNGRO4_180.JPG,Tungro,5915,22,0.9939
Tungro\TUNGRO4_181.JPG,Tungro,5915,22,0.9939
Tungro\TUNGRO4_182.JPG,Tungro,5915,22,0.9902
Tungro\TUNGRO4_183.JPG,Tungro,5915,22,0.9932
Tungro\TUNGRO4_184.JPG,Tungro,5915,22,0.9932
Tungro\TUNGRO4_185.JPG,Tungro,5915,22,0.988
Tungro\TUNGRO4_186.JPG,Tungro,5915,22,0.993
Tungro\TUNGRO4_187.JPG,Tungro,5915,22,0.9874
Tungro\TUNGRO4_188.JPG,Tungro,5915,22,0.9874
Tungro\TUNGRO4_189.JPG,Tungro,5648,6,0.9851
Tungro\TUNGRO4_190.JPG,Tungro,5648,6,0.9914
Tungro\TUNGRO4_191.JPG,Tungro,5648,6,0.9914
Tungro\TUNGRO4_192.JPG,Tungro,5648,6,0.989
Tungro\TUNGRO4_193.JPG,Tungro,5648,6,0.9879
Tungro\TUNGRO4_194.JPG,Tungro,5648,6,0.9836
Tungro\TUNGRO4_195.JPG,Tungro,5917,10,0.985
Tungro\TUNGRO4_196.JPG,Tungro,5917,10,0.9906
Tungro\TUNGRO4_197.JPG,Tungro,5917,10,0.9917
Tungro\TUNGRO4_198.JPG,Tungro,5917,10,0.9917
Tungro\TUNGRO4_199.JPG,Tungro,5917,10,0.9897
Tungro\TUNGRO4_200.JPG,Tungro,5917,10,0.9897
Tungro\TUNGRO4_201.JPG,Tungro,5918,7,0.9839
Tungro\TUNGRO4_202.JPG,Tungro,5918,7,0.9839
Tungro\TUNGRO4_203.JPG,Tungro,5918,7,0.9881
Tungro\TUNGRO4_204.JPG,Tungro,5918,7,0.9881
Tungro\TUNGRO4_205.JPG,Tungro,5918,7,0.988
Tungro\TUNGRO4_206.JPG,Tungro,5918,7,0.9876
Tungro\TUNGRO4_207.JPG,Tungro,5919,13,0.986
Tungro\TUNGRO4_208.JPG,Tungro,5919,13,0.982
Tungro\TUNGRO4_209.JPG,Tungro,5919,13,0.982
Tungro\TUNGRO4_210.JPG,Tungro,5919,13,0.9902
Tungro\TUNGRO4_211.JPG,Tungro,5919,13,0.9902
Tungro\TUNGRO4_212.JPG,Tungro,5919,13,0.989
Tungro\TUNGRO4_213.JPG,Tungro,5922,22,0.9893
Tungro\TUNGRO4_214.JPG,Tungro,5922,22,0.9837
Tungro\TUNGRO4_215.JPG,Tungro,5922,22,0.9893
Tungro\TUNGRO4_216.JPG,Tungro,5922,22,0.9877
Tungro\TUNGRO4_217.JPG,Tungro,5922,22,0.9867
Tungro\TUNGRO4_218.JPG,Tungro,5922,22,0.99
Tungro\TUNGRO4_219.JPG,Tungro,5922,22,0.99
Tungro\TUNGRO4_220.JPG,Tungro,5922,22,0.9884
Tungro\TUNGRO4_221.JPG,Tungro,5922,22,0.9856
Tungro\TUNGRO4_222.JPG,Tungro,5679,12,0.989
Tungro\TUNGRO4_223.JPG,Tungro,5679,12,0.989
Tungro\TUNGRO4_224.JPG,Tungro,5679,12,0.984
Tungro\TUNGRO4_225.JPG,Tungro,5679,12,0.9822
Tungro\TUNGRO4_226.JPG,Tungro,5679,12,0.9822
Tungro\TUNGRO4_227.JPG,Tungro,5679,12,0.984
Tungro\TUNGRO4_228.JPG,Tungro,5679,12,0.986
Tungro\TUNGRO4_229.JPG,Tungro,5679,12,0.986
Tungro\TUNGRO4_230.JPG,Tungro,5679,12,0.9855
Tungro\TUNGRO4_231.JPG,Tungro,5679,12,0.9831
Tungro\TUNGRO4_232.JPG,Tungro,5837,12,0.9937
Tungro\TUNGRO4_233.JPG,Tungro,5837,12,0.9937
Tungro\TUNGRO4_234.JPG,Tungro,5837,12,0.9922
Tungro\TUNGRO4_235.JPG,Tungro,5837,12,0.9919
Tungro\TUNGRO4_236.JPG,Tungro,5415,30,0.9924
Tungro\TUNGRO4_237.JPG,Tungro,5415,30,0.9905
Tungro\TUNGRO4_238.JPG,Tungro,5415,30,0.9927
Tungro\TUNGRO4_239.JPG,Tungro,5415,30,0.9927
Tungro\TUNGRO4_240.JPG,Tungro,5415,30,0.9905
Tungro\TUNGRO4_241.JPG,Tungro,5927,11,0.9955
Tungro\TUNGRO4_242.JPG,Tungro,5927,11,0.9936
Tungro\TUNGRO4_243.JPG,Tungro,5927,11,0.9949
Tungro\TUNGRO4_244.JPG,Tungro,5927,11,0.9936
Tungro\TUNGRO4_245.JPG,Tungro,5927,11,0.9954
Tungro\TUNGRO4_246.JPG,Tungro,5927,11,0.9954
Tungro\TUNGRO4_247.JPG,Tungro,5927,11,0.9955
Tungro\TUNGRO4_248.JPG,Tungro,5927,11,0.9937
Tungro\TUNGRO4_249.JPG,Tungro,5927,11,0.9907
Tungro\TUNGRO4_250.JPG,Tungro,5927,11,0.989
Tungro\TUNGRO4_251.JPG,Tungro,5928,7,0.9866
Tungro\TUNGRO4_252.JPG,Tungro,5928,7,0.9877
Tungro\TUNGRO4_253.JPG,Tungro,5928,7,0.9897
Tungro\TUNGRO4_254.JPG,Tungro,5928,7,0.9884
Tungro\TUNGRO4_255.JPG,Tungro,5928,7,0.9897
Tungro\TUNGRO4_256.JPG,Tungro,5928,7,0.9863
Tungro\TUNGRO4_257.JPG,Tungro,5930,16,0.9884
Tungro\TUNGRO4_258.JPG,Tungro,5930,16,0.993
Tungro\TUNGRO4_259.JPG,Tungro,5930,16,0.9944
Tungro\TUNGRO4_260.JPG,Tungro,5930,16,0.9929
Tungro\TUNGRO4_261.JPG,Tungro,5930,16,0.9917
Tungro\TUNGRO4_262.JPG,Tungro,5930,16,0.9922
Tungro\TUNGRO4_263.JPG,Tungro,5930,16,0.9944
Tungro\TUNGRO4_264.JPG,Tungro,5930,16,0.9937
Tungro\TUNGRO4_265.JPG,Tungro,5930,16,0.9913
Tungro\TUNGRO4_266.JPG,Tungro,5930,16,0.9913
Tungro\TUNGRO4_267.JPG,Tungro,5930,16,0.9876
Tungro\TUNGRO4_268.JPG,Tungro,5930,16,0.9877
Tungro\TUNGRO4_269.JPG,Tungro,5930,16,0.9861
Tungro\TUNGRO4_270.JPG,Tungro,5930,16,0.9737
Tungro\TUNGRO4_271.JPG,Tungro,5931,9,0.988
Tungro\TUNGRO4_272.JPG,Tungro,5931,9,0.988
Tungro\TUNGRO4_273.JPG,Tungro,5931,9,0.9936
Tungro\TUNGRO4_274.JPG,Tungro,5931,9,0.9936
Tungro\TUNGRO4_275.JPG,Tungro,5931,9,0.9909
Tungro\TUNGRO4_276.JPG,Tungro,5931,9,0.9909
Tungro\TUNGRO4_277.JPG,Tungro,5931,9,0.9886
Tungro\TUNGRO5_1.jpg,Tungro,5736,10,0.9692
Tungro\TUNGRO5_10.jpg,Tungro,5733,1,0.9038
Tungro\TUNGRO5_100.JPG,Tungro,5931,9,0.9882
Tungro\TUNGRO5_101.jpg,Tungro,5735,1,0.8934
Tungro\TUNGRO5_102.jpg,Tungro,5736,10,0.9638
Tungro\TUNGRO5_103.jpg,Tungro,5738,2,0.9333
Tungro\TUNGRO5_104.jpg,Tungro,5738,2,0.9474
Tungro\TUNGRO5_105.jpg,Tungro,5740,2,0.9643
Tungro\TUNGRO5_106.jpg,Tungro,5740,2,0.9643
Tungro\TUNGRO5_107.jpg,Tungro,5742,2,0.955
Tungro\TUNGRO5_108.jpg,Tungro,5742,2,0.955
Tungro\TUNGRO5_109.jpg,Tungro,5743,1,0.8842
Tungro\TUNGRO5_11.jpg,Tungro,5744,1,0.9294
Tungro\TUNGRO5_110.jpg,Tungro,5745,1,0.8764
Tungro\TUNGRO5_111.jpg,Tungro,5891,11,0.9693
Tungro\TUNGRO5_112.jpg,Tungro,5891,11,0.9674
Tungro\TUNGRO5_113.jpg,Tungro,5748,6,0.9582
Tungro\TUNGRO5_114.jpg,Tungro,5749,2,0.9544
Tungro\TUNGRO5_115.jpg,Tungro,5751,2,0.9621
Tungro\TUNGRO5_116.jpg,Tungro,5751,2,0.9621
Tungro\TUNGRO5_117.JPG,Tungro,5810,3,0.9909
Tungro\TUNGRO5_118.JPG,Tungro,5810,3,0.9909
Tungro\TUNGRO5_119.JPG,Tungro,5821,2,0.964
Tungro\TUNGRO5_12.jpg,Tungro,5755,1,0.9147
Tungro\TUNGRO5_120.JPG,Tungro,5844,3,0.9734
Tungro\TUNGRO5_121.JPG,Tungro,5757,1,0.9163
Tungro\TUNGRO5_122.JPG,Tungro,5847,3,0.9827
Tungro\TUNGRO5_123.JPG,Tungro,5759,1,0.9147
Tungro\TUNGRO5_124.JPG,Tungro,5849,3,0.9502
Tungro\TUNGRO5_125.JPG,Tungro,5850,3,0.9898
Tungro\TUNGRO5_126.JPG,Tungro,5850,3,0.9898
Tungro\TUNGRO5_127.JPG,Tungro,5764,2,0.9836
Tungro\TUNGRO5_128.JPG,Tungro,5764,2,0.9836
Tungro\TUNGRO5_129.JPG,Tungro,5908,13,0.97
Tungro\TUNGRO5_13.jpg,Tungro,5766,1,0.9125
Tungro\TUNGRO5_130.JPG,Tungro,5856,3,0.9809
Tungro\TUNGRO5_131.JPG,Tungro,5768,1,0.9281
Tungro\TUNGRO5_132.JPG,Tungro,5858,3,0.9869
Tungro\TUNGRO5_133.JPG,Tungro,5860,4,0.9918
Tungro\TUNGRO5_134.JPG,Tungro,5860,4,0.9918
Tungro\TUNGRO5_135.JPG,Tungro,5773,2,0.9867
Tungro\TUNGRO5_136.JPG,Tungro,5773,2,0.9867
Tungro\TUNGRO5_137.JPG,Tungro,5775,2,0.9934
Tungro\TUNGRO5_138.JPG,Tungro,5775,2,0.9934
Tungro\TUNGRO5_139.JPG,Tungro,5867,4,0.9917
Tungro\TUNGRO5_14.jpg,Tungro,5777,1,0.9155
Tungro\TUNGRO5_140.JPG,Tungro,5867,4,0.9917
Tungro\TUNGRO5_141.JPG,Tungro,5869,4,0.988
Tungro\TUNGRO5_142.JPG,Tungro,5869,4,0.988
Tungro\TUNGRO5_143.JPG,Tungro,5837,12,0.9922
Tungro\TUNGRO5_144.JPG,Tungro,5837,12,0.9861
Tungro\TUNGRO5_145.JPG,Tungro,5871,4,0.9925
Tungro\TUNGRO5_146.JPG,Tungro,5871,4,0.9925
Tungro\TUNGRO5_147.JPG,Tungro,5787,5,0.9827
Tungro\TUNGRO5_148.JPG,Tungro,5787,5,0.9855
Tungro\TUNGRO5_149.JPG,Tungro,5787,5,0.9704
Tungro\TUNGRO5_15.jpg,Tungro,5788,1,0.9201
Tungro\TUNGRO5_150.JPG,Tungro,5878,10,0.9614
Tungro\TUNGRO5_151.jpg,Tungro,5790,2,0.9509
Tungro\TUNGRO5_152.jpg,Tungro,5459,7,0.9707
Tungro\TUNGRO5_153.jpg,Tungro,5793,4,0.966
Tungro\TUNGRO5_154.jpg,Tungro,5793,4,0.966
Tungro\TUNGRO5_155.jpg,Tungro,5794,1,0.9019
Tungro\TUNGRO5_156.jpg,Tungro,5795,1,0.9463
Tungro\TUNGRO5_157.jpg,Tungro,5797,6,0.9683
Tungro\TUNGRO5_158.jpg,Tungro,5797,6,0.9688
Tungro\TUNGRO5_159.jpg,Tungro,5800,10,0.9746
Tungro\TUNGRO5_16.jpg,Tungro,5799,11,0.9532
Tungro\TUNGRO5_160.jpg,Tungro,5800,10,0.9746
Tungro\TUNGRO5_161.jpg,Tungro,5801,1,0.9473
Tungro\TUNGRO5_162.jpg,Tungro,5891,11,0.9688
Tungro\TUNGRO5_163.jpg,Tungro,5250,9,0.9728
Tungro\TUNGRO5_164.jpg,Tungro,5250,9,0.9579
Tungro\TUNGRO5_165.jpg,Tungro,5806,22,0.9726
Tungro\TUNGRO5_166.jpg,Tungro,5806,22,0.9711
Tungro\TUNGRO5_167.JPG,Tungro,5897,20,0.987
Tungro\TUNGRO5_168.JPG,Tungro,5897,20,0.987
Tungro\TUNGRO5_169.JPG,Tungro,5811,16,0.9828
Tungro\TUNGRO5_17.JPG,Tungro,5810,3,0.9763
Tungro\TUNGRO5_170.JPG,Tungro,5811,16,0.9828
Tungro\TUNGRO5_171.JPG,Tungro,5813,7,0.993
Tungro\TUNGRO5_172.JPG,Tungro,5813,7,0.993
Tungro\TUNGRO5_173.JPG,Tungro,5581,14,0.9845
Tungro\TUNGRO5_174.JPG,Tungro,5581,14,0.9845
Tungro\TUNGRO5_175.JPG,Tungro,5817,7,0.98
Tungro\TUNGRO5_176.JPG,Tungro,5817,7,0.98
Tungro\TUNGRO5_177.JPG,Tungro,5819,11,0.98
Tungro\TUNGRO5_178.JPG,Tungro,5819,11,0.9838
Tungro\TUNGRO5_179.JPG,Tungro,5822,29,0.9672
Tungro\TUNGRO5_18.JPG,Tungro,5821,2,0.964
Tungro\TUNGRO5_180.JPG,Tungro,5822,29,0.9672
Tungro\TUNGRO5_181.JPG,Tungro,5824,14,0.9933
Tungro\TUNGRO5_182.JPG,Tungro,5824,14,0.9933
Tungro\TUNGRO5_183.JPG,Tungro,5915,22,0.9889
Tungro\TUNGRO5_184.JPG,Tungro,5915,22,0.9889
Tungro\TUNGRO5_185.JPG,Tungro,5828,8,0.9877
Tungro\TUNGRO5_186.JPG,Tungro,5828,8,0.9877
Tungro\TUNGRO5_187.JPG,Tungro,5830,8,0.9872
Tungro\TUNGRO5_188.JPG,Tungro,5830,8,0.9872
Tungro\TUNGRO5_189.JPG,Tungro,5922,22,0.9899
Tungro\TUNGRO5_19.JPG,Tungro,5844,3,0.9955
Tungro\TUNGRO5_190.JPG,Tungro,5922,22,0.9899
Tungro\TUNGRO5_191.JPG,Tungro,5835,12,0.9846
Tungro\TUNGRO5_192.JPG,Tungro,5835,12,0.9846
Tungro\TUNGRO5_193.JPG,Tungro,5415,30,0.9892
Tungro\TUNGRO5_194.JPG,Tungro,5837,12,0.9842
Tungro\TUNGRO5_195.JPG,Tungro,5839,12,0.9911
Tungro\TUNGRO5_196.JPG,Tungro,5839,12,0.9911
Tungro\TUNGRO5_197.JPG,Tungro,5845,18,0.992
Tungro\TUNGRO5_198.JPG,Tungro,5845,18,0.992
Tungro\TUNGRO5_199.JPG,Tungro,5845,18,0.9872
Tungro\TUNGRO5_2.jpg,Tungro,5736,10,0.9692
Tungro\TUNGRO5_20.JPG,Tungro,5844,3,0.9955
Tungro\TUNGRO5_200.JPG,Tungro,5845,18,0.9872
Tungro\TUNGRO5_21.JPG,Tungro,5847,3,0.9885
Tungro\TUNGRO5_22.JPG,Tungro,5847,3,0.9885
Tungro\TUNGRO5_23.JPG,Tungro,5849,3,0.9667
Tungro\TUNGRO5_24.JPG,Tungro,5849,3,0.9667
Tungro\TUNGRO5_25.JPG,Tungro,5850,3,0.9769
Tungro\TUNGRO5_26.JPG,Tungro,5851,1,0.9275
Tungro\TUNGRO5_27.JPG,Tungro,5908,13,0.9812
Tungro\TUNGRO5_28.JPG,Tungro,5908,13,0.9812
Tungro\TUNGRO5_29.JPG,Tungro,5856,3,0.983
Tungro\TUNGRO5_3.jpg,Tungro,5855,1,0.9474
Tungro\TUNGRO5_30.JPG,Tungro,5856,3,0.983
Tungro\TUNGRO5_31.JPG,Tungro,5858,3,0.9966
Tungro\TUNGRO5_32.JPG,Tungro,5858,3,0.9966
Tungro\TUNGRO5_33.JPG,Tungro,5860,4,0.9881
Tungro\TUNGRO5_34.JPG,Tungro,5860,4,0.9881
Tungro\TUNGRO5_35.JPG,Tungro,5917,10,0.9899
Tungro\TUNGRO5_36.JPG,Tungro,5917,10,0.9899
Tungro\TUNGRO5_37.JPG,Tungro,5864,2,0.987
Tungro\TUNGRO5_38.JPG,Tungro,5864,2,0.987
Tungro\TUNGRO5_39.JPG,Tungro,5867,4,0.9855
Tungro\TUNGRO5_4.jpg,Tungro,5866,1,0.8959
Tungro\TUNGRO5_40.JPG,Tungro,5867,4,0.9855
Tungro\TUNGRO5_41.JPG,Tungro,5869,4,0.9836
Tungro\TUNGRO5_42.JPG,Tungro,5869,4,0.9836
Tungro\TUNGRO5_43.JPG,Tungro,5871,4,0.9921
Tungro\TUNGRO5_44.JPG,Tungro,5871,4,0.9921
Tungro\TUNGRO5_45.JPG,Tungro,5873,2,0.9818
Tungro\TUNGRO5_46.JPG,Tungro,5873,2,0.9818
Tungro\TUNGRO5_47.JPG,Tungro,5787,5,0.9906
Tungro\TUNGRO5_48.JPG,Tungro,5787,5,0.9906
Tungro\TUNGRO5_49.JPG,Tungro,5878,10,0.9884
Tungro\TUNGRO5_5.jpg,Tungro,5877,1,0.9307
Tungro\TUNGRO5_50.JPG,Tungro,5878,10,0.9884
Tungro\TUNGRO5_51.jpg,Tungro,5736,10,0.976
Tungro\TUNGRO5_52.jpg,Tungro,5736,10,0.976
Tungro\TUNGRO5_53.jpg,Tungro,5882,7,0.9662
Tungro\TUNGRO5_54.jpg,Tungro,5882,7,0.9662
Tungro\TUNGRO5_55.jpg,Tungro,5883,4,0.9517
Tungro\TUNGRO5_56.jpg,Tungro,5884,3,0.9568
Tungro\TUNGRO5_57.jpg,Tungro,5885,1,0.9402
Tungro\TUNGRO5_58.jpg,Tungro,5886,2,0.9573
Tungro\TUNGRO5_59.jpg,Tungro,5887,3,0.9613
Tungro\TUNGRO5_6.jpg,Tungro,5888,1,0.9307
Tungro\TUNGRO5_60.jpg,Tungro,5889,2,0.9676
Tungro\TUNGRO5_61.jpg,Tungro,5891,11,0.9576
Tungro\TUNGRO5_62.jpg,Tungro,5891,11,0.9599
Tungro\TUNGRO5_63.jpg,Tungro,5893,8,0.975
Tungro\TUNGRO5_64.jpg,Tungro,5893,8,0.975
Tungro\TUNGRO5_65.jpg,Tungro,5895,5,0.9792
Tungro\TUNGRO5_66.jpg,Tungro,5895,5,0.9792
Tungro\TUNGRO5_67.JPG,Tungro,5897,20,0.9831
Tungro\TUNGRO5_68.JPG,Tungro,5897,20,0.9831
Tungro\TUNGRO5_69.JPG,Tungro,5900,14,0.991
Tungro\TUNGRO5_7.jpg,Tungro,5899,1,0.864
Tungro\TUNGRO5_70.JPG,Tungro,5900,14,0.991
Tungro\TUNGRO5_71.JPG,Tungro,5902,12,0.9884
Tungro\TUNGRO5_72.JPG,Tungro,5902,12,0.9884
Tungro\TUNGRO5_73.JPG,Tungro,5904,7,0.9724
Tungro\TUNGRO5_74.JPG,Tungro,5904,7,0.9724
Tungro\TUNGRO5_75.JPG,Tungro,5906,22,0.9849
Tungro\TUNGRO5_76.JPG,Tungro,5906,22,0.9858
Tungro\TUNGRO5_77.JPG,Tungro,5907,28,0.9762
Tungro\TUNGRO5_78.JPG,Tungro,5908,13,0.977
Tungro\TUNGRO5_79.JPG,Tungro,5911,12,0.9818
Tungro\TUNGRO5_8.jpg,Tungro,5910,1,0.8848
Tungro\TUNGRO5_80.JPG,Tungro,5911,12,0.9818
Tungro\TUNGRO5_81.JPG,Tungro,5913,10,0.997
Tungro\TUNGRO5_82.JPG,Tungro,5913,10,0.997
Tungro\TUNGRO5_83.JPG,Tungro,5915,22,0.9909
Tungro\TUNGRO5_84.JPG,Tungro,5915,22,0.9909
Tungro\TUNGRO5_85.JPG,Tungro,5917,10,0.985
Tungro\TUNGRO5_86.JPG,Tungro,5917,10,0.9822
Tungro\TUNGRO5_87.JPG,Tungro,5918,7,0.9701
Tungro\TUNGRO5_88.JPG,Tungro,5919,13,0.9668
Tungro\TUNGRO5_89.JPG,Tungro,5922,22,0.9911
Tungro\TUNGRO5_9.jpg,Tungro,5921,1,0.9021
Tungro\TUNGRO5_90.JPG,Tungro,5922,22,0.9911
Tungro\TUNGRO5_91.JPG,Tungro,5679,12,0.9843
Tungro\TUNGRO5_92.JPG,Tungro,5679,12,0.9843
Tungro\TUNGRO5_93.JPG,Tungro,5415,30,0.99
Tungro\TUNGRO5_94.JPG,Tungro,5415,30,0.9924
Tungro\TUNGRO5_95.JPG,Tungro,5927,11,0.9761
Tungro\TUNGRO5_96.JPG,Tungro,5928,7,0.9699
Tungro\TUNGRO5_97.JPG,Tungro,5930,16,0.9928
Tungro\TUNGRO5_98.JPG,Tungro,5930,16,0.9928
Tungro\TUNGRO5_99.JPG,Tungro,5931,9,0.9882
