path,class,group,sha256
Bacterialblight/BACTERAILBLIGHT3_001.jpg,Bacterialblight,878,44176ead560d5712fe3fb249eea463f3e704a0ae6115bbf33ee7a146ada4e84e
Bacterialblight/BACTERAILBLIGHT3_002.jpg,Bacterialblight,974,32314fd3cb936cb18daeaf897e2f7ae1aab85d8386a7af7e9d40b41f2f0dfb39
Bacterialblight/BACTERAILBLIGHT3_003.jpg,Bacterialblight,1547,faff87c499c16b34c3518e6f681da088c80f26861b4e225c73e78c7c43966ba9
Bacterialblight/BACTERAILBLIGHT3_004.jpg,Bacterialblight,1019,34d4368dcc36db27dc061ce63c585fdaf4a722972b820cf3438222af13b56b9b
Bacterialblight/BACTERAILBLIGHT3_005.jpg,Bacterialblight,1339,95309e2163de6b7e793d7c633a73c6ac4df566be3126ff00a4aca00a3fc9ee7f
Bacterialblight/BACTERAILBLIGHT3_006.jpg,Bacterialblight,1339,8c69cd8814b4a53179732f35104aa59fbb2366a3a5685299f030efac36ff40f2
Bacterialblight/BACTERAILBLIGHT3_007.jpg,Bacterialblight,968,ab69e91b3e589ee6c1f3803e3ff16fbf4c04fcbb474a04178d2763b2863dbdb6
Bacterialblight/BACTERAILBLIGHT3_008.jpg,Bacterialblight,968,f7d8a8a306988ccd09f6eb265051d4d58781d5fb442f0260d59b5463928eb8fc
Bacterialblight/BACTERAILBLIGHT3_009.jpg,Bacterialblight,872,8109d9db5f659e1eab5a078e93f3399f3235f7cef87a7e6e37d61611da3fb93c
Bacterialblight/BACTERAILBLIGHT3_010.jpg,Bacterialblight,970,071f5676e64d2f746b2928cfb3b6234480feb1c518be56d26d72cb845ad90d5b
Bacterialblight/BACTERAILBLIGHT3_011.jpg,Bacterialblight,959,bdb6d8656765bb8e2bf62a5ec18f31cd3c3194b8290b93aaa4412d30516e9ae3
Bacterialblight/BACTERAILBLIGHT3_012.jpg,Bacterialblight,972,d5ac3e49ad62644f4842c1f5983aa3f06a7c53bb4fe35f49b411978420d32ed1
Bacterialblight/BACTERAILBLIGHT3_013.jpg,Bacterialblight,959,375fa21c0aef894258f8ba416a5e6fe06ba16f5234dfa7fe21a02d0652ad9d9e
Bacterialblight/BACTERAILBLIGHT3_014.jpg,Bacterialblight,972,a4d3d184d9de4b3be36ef75c774c4a4a914cc9bc73666f6baa290d371f39fc41
Bacterialblight/BACTERAILBLIGHT3_015.jpg,Bacterialblight,878,a4d8b29f114808da91fa8451ea417fa9f18095253cda94db0986e129841c5f54
Bacterialblight/BACTERAILBLIGHT3_016.jpg,Bacterialblight,974,e29071877522dad1cb3894668a7e830b9deb14cab922e381cf392cb0fcf15756
Bacterialblight/BACTERAILBLIGHT3_017.jpg,Bacterialblight,1019,9f6516331b2210afa96590b1248e5936ca683c61b08545da3ffab16dac85ad55
Bacterialblight/BACTERAILBLIGHT3_018.jpg,Bacterialblight,1547,eca014d790741ed6203b78a189c23db67589b7572dc6b092fef89d8eba2910c0
Bacterialblight/BACTERAILBLIGHT3_019.jpg,Bacterialblight,1339,6f633cb4054e1cb8c8e0c7bcd0f0e1ab122da0f0deea1446ecde81d2889da600
Bacterialblight/BACTERAILBLIGHT3_020.jpg,Bacterialblight,1339,104cdf0109a6354858b61786cacdda5ab6f11ce12bc92511e0a0b6f4fb871075
Bacterialblight/BACTERAILBLIGHT3_021.jpg,Bacterialblight,884,93c03666d4e600edff004efbaddc7e8c7baa7745da3a6f681aa0b257b28e0196
Bacterialblight/BACTERAILBLIGHT3_022.jpg,Bacterialblight,980,315765580772b99585890cfcfb18b15369af47a4365c90bbdf634d12bc9928c5
Bacterialblight/BACTERAILBLIGHT3_023.jpg,Bacterialblight,886,c61f88f89b27f8f064f3747d72bdd295327b74e245011e881eef719ee4758738
Bacterialblight/BACTERAILBLIGHT3_024.jpg,Bacterialblight,886,27f5051267eb63aa9a5eec6cc3c53f4636507e2e1818d9076434c0ea27091049
Bacterialblight/BACTERAILBLIGHT3_025.jpg,Bacterialblight,888,bcc3d60af1ca504c43dca8036a42331352b89bce42ab592b2d67117f492e272a
Bacterialblight/BACTERAILBLIGHT3_026.jpg,Bacterialblight,890,8d7a7fc635c7c909b5cc5ea1562d1bf4aa8e358fb5aaa545a0ce5caf02bf3dfb
Bacterialblight/BACTERAILBLIGHT3_027.jpg,Bacterialblight,890,9b409620aa78200b3e9d112c69d8313b9642ef1a2d97017d84d3c141af7af007
Bacterialblight/BACTERAILBLIGHT3_028.jpg,Bacterialblight,27,bf51019d35a2cefa360fc89358164e1273cbdaa2017078f1e41b223bed2a9c5b
Bacterialblight/BACTERAILBLIGHT3_029.jpg,Bacterialblight,819,67d1dad91b3cbb1e4308559a4e1ae0545cdbab7492cdf999cbc149eee16e3992
Bacterialblight/BACTERAILBLIGHT3_030.jpg,Bacterialblight,894,4cf17f454494f60796e679357faa2d902d5783b6d5466a6c1eaa2d4e2318e275
Bacterialblight/BACTERAILBLIGHT3_031.jpg,Bacterialblight,990,10cd3ffa41b17e4309568f8c08a94041e735a347feb2e1fa67c761495c634eca
Bacterialblight/BACTERAILBLIGHT3_032.jpg,Bacterialblight,896,7f6401e89b9b276f4007dfe955edbdaf213b52c848ce162c25a030173b075725
Bacterialblight/BACTERAILBLIGHT3_033.jpg,Bacterialblight,992,cf522407571419ad05f2b902f66ba39fc660e5bbb8eb866e44038ce65f7429ab
Bacterialblight/BACTERAILBLIGHT3_034.jpg,Bacterialblight,898,237ebe0fbd40cf710ca129bf33652a5b232a146d40cb7d1b85f2a5faa92973d8
Bacterialblight/BACTERAILBLIGHT3_035.jpg,Bacterialblight,994,36f6d2fe0c30ef1022ea17862f89404f13215a9ab6eb829c817b62567f1ece9c
Bacterialblight/BACTERAILBLIGHT3_036.jpg,Bacterialblight,36,375c9aa2e016be187ec91e3bd2c1b1e81c89b8130e18674fb3166dae383a777b
Bacterialblight/BACTERAILBLIGHT3_037.jpg,Bacterialblight,36,3dfe7dd93d8da3a9f6d571493a2ab057d235a2d67f5968c27cec537f5f7229e5
Bacterialblight/BACTERAILBLIGHT3_038.jpg,Bacterialblight,1358,a7ce595072161b0ce8459a7a18c22f5ebba128db11af5d00f37dacf3fc4c0c7d
Bacterialblight/BACTERAILBLIGHT3_039.jpg,Bacterialblight,1358,1f5f13d0609ba0d78f09b73916134a2c667246148b281d5e93456b1a3b3a23a6
Bacterialblight/BACTERAILBLIGHT3_040.jpg,Bacterialblight,904,f5a49ebea3f44a9e2562a073926a73a8e8681c6ce92605f4f091213ef357bf2e
Bacterialblight/BACTERAILBLIGHT3_041.jpg,Bacterialblight,831,c3600ca7a39d684c5f452069083d28483766fc1e6dc969ad867d8bcf2f23e007
Bacterialblight/BACTERAILBLIGHT3_042.jpg,Bacterialblight,943,e9b58bb072b06fb839494f963becdab3708b32449ced1800f4d46134a0464d8d
Bacterialblight/BACTERAILBLIGHT3_043.jpg,Bacterialblight,1040,d78ee9a7aaf2530cfadd73b8dc3de0daa133252f4830c62faf0d99a78d3f63ba
Bacterialblight/BACTERAILBLIGHT3_044.jpg,Bacterialblight,1363,7f00b97601d0d9c6bf65730dca704e29e05b025fa59a5c979d2cd35dbb6a7125
Bacterialblight/BACTERAILBLIGHT3_045.jpg,Bacterialblight,1004,f7bea91e18ceadd641d514e0be28dbbc98a4c8cd042d687d612fd3f22134714a
Bacterialblight/BACTERAILBLIGHT3_046.jpg,Bacterialblight,947,1fbd5ab1efdcf5776933701b6eb4d8eb841fb40e92738641b3bc994e3a3ee5a9
Bacterialblight/BACTERAILBLIGHT3_047.jpg,Bacterialblight,1044,a46ac52b8060a83635b6754b6ceaccc233c2f62008f6461d931d016ef7f84d76
Bacterialblight/BACTERAILBLIGHT3_048.jpg,Bacterialblight,949,0465ded4415afedc87728db5dcb56fe1e5bfbe143f68a26af716ea0793efa8d4
Bacterialblight/BACTERAILBLIGHT3_049.jpg,Bacterialblight,1046,896d9f4439865a6ab06458370c52d2c8fbc85bac89b463ceefcef0f2559fe474
Bacterialblight/BACTERAILBLIGHT3_050.jpg,Bacterialblight,1048,726edfb7b3c1130b6fd49b0e807d74eb41cbb810f1ff02bac6415ec3c1ff1f40
Bacterialblight/BACTERAILBLIGHT3_051.jpg,Bacterialblight,1048,0192af89f498bc4a42a8ba9a8d40224b839a47a27dfb3acf776ef33f228283a4
Bacterialblight/BACTERAILBLIGHT3_052.jpg,Bacterialblight,1371,23ec5f97aeb8ebf366d7f17884d9b85c7fec5e164cf00af522203bc02b1c9005
Bacterialblight/BACTERAILBLIGHT3_053.jpg,Bacterialblight,1371,fe33fd37853e8ee9492905ed61e27c5a6512d6522d631521da1202e2772450bf
Bacterialblight/BACTERAILBLIGHT3_054.jpg,Bacterialblight,954,af98abfac105906c98528dde1d4a833963b157125605672de388221c50b17563
Bacterialblight/BACTERAILBLIGHT3_055.jpg,Bacterialblight,1053,4cbd5244b87cbdb21d35d5c9a490bde5ac5239db84d922b5db57e9747d98216b
Bacterialblight/BACTERAILBLIGHT3_056.jpg,Bacterialblight,920,f3ad7d47e97f941ca822d55db59ac365bb25e10c94c9f3968775e68452587609
Bacterialblight/BACTERAILBLIGHT3_057.jpg,Bacterialblight,1016,f35b24d4838a64e7ebbe6df760f79cf593be2dcd66448be475ae1a496fff7972
Bacterialblight/BACTERAILBLIGHT3_058.jpg,Bacterialblight,922,ea6e80fb03db9ddf82ee8ea9ab8409c118bac27e991df47b59fa8b0d395ced8c
Bacterialblight/BACTERAILBLIGHT3_059.jpg,Bacterialblight,1018,45f9eea4b7f29a66a4d4e27875a9a009e8a1672cea7569c6ce51b0be9dfb270b
Bacterialblight/BACTERAILBLIGHT3_060.jpg,Bacterialblight,924,7db03f7062ca98ebd217971d2994a11ccaf9e0bbc84d07a9a86a6a4025aec486
Bacterialblight/BACTERAILBLIGHT3_061.jpg,Bacterialblight,1020,dd21495026d7482a79bf2f6062c521651872b85902d06e749fe3f3f584b564bf
Bacterialblight/BACTERAILBLIGHT3_062.jpg,Bacterialblight,926,836ccacdf502a8d23a645b170248ad81d13593698c2221dafb512c04057eaf39
Bacterialblight/BACTERAILBLIGHT3_063.jpg,Bacterialblight,1022,b3b276f133f22b4890d187c0db06bc530761dc55b888e52448c382dc3a9a4dcb
Bacterialblight/BACTERAILBLIGHT3_064.jpg,Bacterialblight,928,e7569ccdaf01e0753d5429c30c6a12bea7c413cf191c1910e6f2effa154fcd68
Bacterialblight/BACTERAILBLIGHT3_065.jpg,Bacterialblight,1024,2aa606db595cc6c3b46547bcd7d0238eb1f2d720ba60b8d26b5e733617136fef
Bacterialblight/BACTERAILBLIGHT3_066.jpg,Bacterialblight,928,a6983694b5c92b4dbced7041c119ae8a48660d52ebad7e928c314dd71b5502fd
Bacterialblight/BACTERAILBLIGHT3_067.jpg,Bacterialblight,930,eb968cb9a1b1656dd94fd83b6826a9e5d48bef06e15f56ce2a51776e5ec1c1b2
Bacterialblight/BACTERAILBLIGHT3_068.jpg,Bacterialblight,1026,2e1ce80e6dc21045e4fb1138e206553ea08c8b64a211e566df0f8e9a3d85b0d4
Bacterialblight/BACTERAILBLIGHT3_069.jpg,Bacterialblight,861,66166e15d34e70dbd06ab85a1d583d66c42ff2ba6cfaf5cd8906681c2e7501b0
Bacterialblight/BACTERAILBLIGHT3_070.jpg,Bacterialblight,860,c0d54cd1fcc2665c7242bdac6434eac6cc50322d1913b36631df62ab6ecdfb65
Bacterialblight/BACTERAILBLIGHT3_071.jpg,Bacterialblight,934,d4a953ee7cd87e2730457dce82541d4e62cc935df1397c9281ffb161271d7fc2
Bacterialblight/BACTERAILBLIGHT3_072.jpg,Bacterialblight,1031,876c439f1d511c26360871bbac3648e49ef05d042ada03580d8be609ccfce5dd
Bacterialblight/BACTERAILBLIGHT3_073.jpg,Bacterialblight,974,78d90014a6acf3934d6cc7a2109b35892c98a7ded787184158c0a3fc602efc1e
Bacterialblight/BACTERAILBLIGHT3_074.jpg,Bacterialblight,1409,d0e6bd444c90992aa5ff24d8cd1d4595e6606f2419ba6ea56beb62a4367c9a5a
Bacterialblight/BACTERAILBLIGHT3_075.jpg,Bacterialblight,1019,c729a9a97a79ecc27847b172a5d432a427b92dc0e4bdb442eecbf0ff0bf76f5e
Bacterialblight/BACTERAILBLIGHT3_076.jpg,Bacterialblight,963,335eb9884432df6e00c7e23a25957d97909e5deb78f088be00eadacd754e72db
Bacterialblight/BACTERAILBLIGHT3_077.jpg,Bacterialblight,1339,94e1e4f6fe78e31a12803ec011ad477d1c65a0ba7d19b087ca6a2ceae4297680
Bacterialblight/BACTERAILBLIGHT3_078.jpg,Bacterialblight,965,439563f77e9a00c6e24cf1cd5039b6fccb33f5a697f002e6fbaa388ebd66ebdf
Bacterialblight/BACTERAILBLIGHT3_079.JPG,Bacterialblight,968,3ba11e9c779cbfdf9519b723213a17c55257d3eac9de1ebe3060f825d58171d3
Bacterialblight/BACTERAILBLIGHT3_080.jpg,Bacterialblight,967,449649c16579c9f48c39c2eaf0239374ab2e60d0ca6b44bbe37417661480ea9d
Bacterialblight/BACTERAILBLIGHT3_081.JPG,Bacterialblight,970,eb6afaaec46ed6902e4ee0e9e42667ba2b4741a7a5804e3006d3e2b99cdf103b
Bacterialblight/BACTERAILBLIGHT3_082.jpg,Bacterialblight,969,98d19ae2f6eb1763a2edafbfd986810b9d39e4e23c7c09f42cb5acddd24d838b
Bacterialblight/BACTERAILBLIGHT3_083.jpg,Bacterialblight,972,114cb7fe541a532e180114ebf6bbb3e87afd3af45be50763a5697179c0fea754
Bacterialblight/BACTERAILBLIGHT3_084.jpg,Bacterialblight,1409,d0e6bd444c90992aa5ff24d8cd1d4595e6606f2419ba6ea56beb62a4367c9a5a
Bacterialblight/BACTERAILBLIGHT3_085.jpg,Bacterialblight,972,114cb7fe541a532e180114ebf6bbb3e87afd3af45be50763a5697179c0fea754
Bacterialblight/BACTERAILBLIGHT3_086.jpg,Bacterialblight,1409,d0e6bd444c90992aa5ff24d8cd1d4595e6606f2419ba6ea56beb62a4367c9a5a
Bacterialblight/BACTERAILBLIGHT3_087.jpg,Bacterialblight,974,78d90014a6acf3934d6cc7a2109b35892c98a7ded787184158c0a3fc602efc1e
Bacterialblight/BACTERAILBLIGHT3_088.jpg,Bacterialblight,1409,d0e6bd444c90992aa5ff24d8cd1d4595e6606f2419ba6ea56beb62a4367c9a5a
Bacterialblight/BACTERAILBLIGHT3_089.jpg,Bacterialblight,1547,4763b5e65e501ca3c000f0b8e171b464e91329e4516ffe73030eb5e85a39279f
Bacterialblight/BACTERAILBLIGHT3_090.jpg,Bacterialblight,1409,d0e6bd444c90992aa5ff24d8cd1d4595e6606f2419ba6ea56beb62a4367c9a5a
Bacterialblight/BACTERAILBLIGHT3_091.jpg,Bacterialblight,1339,94e1e4f6fe78e31a12803ec011ad477d1c65a0ba7d19b087ca6a2ceae4297680
Bacterialblight/BACTERAILBLIGHT3_092.jpg,Bacterialblight,979,00bb607eeb572eeb19579defd96207918abd3766dd35275cf695389789051a5c
Bacterialblight/BACTERAILBLIGHT3_093.jpg,Bacterialblight,980,0990e7bc95b76cf1f27b68f4b4e08f1cfe35eacd828cd5442281fa102782e0d6
Bacterialblight/BACTERAILBLIGHT3_094.jpg,Bacterialblight,997,d9bf304b263eb233a40dbf59bbf78e308db863d07713d0cac493da27be5d3a59
Bacterialblight/BACTERAILBLIGHT3_095.jpg,Bacterialblight,886,b1757563932048e692ae989a10eca4d1575d4a2a169121aa3df7e1e5918e2906
Bacterialblight/BACTERAILBLIGHT3_096.jpg,Bacterialblight,983,9b3295c063b0cba299f4507ac24a759d99602906682caa9d4b70c67977a67ac4
Bacterialblight/BACTERAILBLIGHT3_097.jpg,Bacterialblight,984,1c39316cb1cb1f8733d9370fb4fcf94ff1bb7a86e3e5d9a4f774e94c76687894
Bacterialblight/BACTERAILBLIGHT3_098.jpg,Bacterialblight,889,c98d04a8eded85d57a5516e4b703d68cd2f2e1753228beefb123dc28e5cd9617
Bacterialblight/BACTERAILBLIGHT3_099.jpg,Bacterialblight,890,62415a7335ce4446a28946f0a3c393638c5b76b566a7b6c212d3497a31c96d69
Bacterialblight/BACTERAILBLIGHT3_100.jpg,Bacterialblight,987,dc76be4adad012c3883884f02f0ddc0fcfea528ce40b5f67639784fef894edbc
Bacterialblight/BACTERAILBLIGHT3_101.jpg,Bacterialblight,819,eb8e4aaeea799e38959b3196ab04c49913d2b41f3b7987daa036d28c3241bcd5
Bacterialblight/BACTERAILBLIGHT3_102.jpg,Bacterialblight,989,9a0356fdf7e311950338bf6744df62a0adcd89a621b5dc473b221159c18a1ac4
Bacterialblight/BACTERAILBLIGHT3_103.jpg,Bacterialblight,990,bb976885394437755de6d4f20775f582f785b1e0ea59097f603a8bcccad0a919
Bacterialblight/BACTERAILBLIGHT3_104.jpg,Bacterialblight,991,cf978be7b29c44a8665491ae0e2bbccb16adbf56862af7c5c5c0a77473e15cca
Bacterialblight/BACTERAILBLIGHT3_105.jpg,Bacterialblight,992,4673ae7c2c1dbe4e20a60d7da52defe950541419552119717105eac0f5a281e8
Bacterialblight/BACTERAILBLIGHT3_106.jpg,Bacterialblight,201,1cd0893baa25f3983b1ca58ac4bc36dfc45b5ad97296103633ff0d370d1b258c
Bacterialblight/BACTERAILBLIGHT3_107.JPG,Bacterialblight,994,46c618e09f4ad31fbed8c3bc176c9f869a45b7ee93b32c0f22e73d7d66f1bd65
Bacterialblight/BACTERAILBLIGHT3_108.JPG,Bacterialblight,995,c7543e3780241832d897a0327795d5717bdd033f305b9ce8bc985bd61416fb36
Bacterialblight/BACTERAILBLIGHT3_109.JPG,Bacterialblight,36,cc4c1fb68b8e615c1e31776b32ac6c169fa88971e5912e744ba25210e599bd0a
Bacterialblight/BACTERAILBLIGHT3_110.JPG,Bacterialblight,997,b0dbe5d4128047fb944c7458b2e82e48dadaaa0ecbd1cbd9c4d5b25125da6cf0
Bacterialblight/BACTERAILBLIGHT3_111.jpg,Bacterialblight,1358,6ae3275227610590fce9d48afce69238ad763027113624185b2488e735d102ab
Bacterialblight/BACTERAILBLIGHT3_112.jpg,Bacterialblight,999,e339811f047b697cf1ba1de1588174446274be18a21919736c846d1addccd61b
Bacterialblight/BACTERAILBLIGHT3_113.jpg,Bacterialblight,831,8fa4d0f29752ab60e8a15c9dfb312c99c52679c16b6bd4663ca7ae91fb1c87ab
Bacterialblight/BACTERAILBLIGHT3_114.jpg,Bacterialblight,905,af26ae7b8839a2a9f58084e004af129e127a22903e75b35dfde2ace43b22dfd9
Bacterialblight/BACTERAILBLIGHT3_115.jpg,Bacterialblight,1040,ea03a2ed00b6921265f0f30ddbc0b8b63b757213e6b49b63f0b6a803133b0303
Bacterialblight/BACTERAILBLIGHT3_116.jpg,Bacterialblight,1041,761d9834320da6b57acd7d5f6cc09a95ae8e0e3a8861b37225039b2f88c3115f
Bacterialblight/BACTERAILBLIGHT3_117.jpg,Bacterialblight,1004,e9c924621b753a4ae365433e92649972d221f492e2d2311d4dc5da8771bc8c34
Bacterialblight/BACTERAILBLIGHT3_118.jpg,Bacterialblight,1043,44dafb4454559932530b0989a1e2270efffd03663f9eaa7ef9a40449cfc31040
Bacterialblight/BACTERAILBLIGHT3_119.jpg,Bacterialblight,1044,899af8d1da7ad0dd206acfd49a3c1c9b374411a60e1cd1b31b4482eed94701cc
Bacterialblight/BACTERAILBLIGHT3_120.jpg,Bacterialblight,1045,3ba1f4bac214d86f06875d952d45565a66955f6d6accc377ca5e349ed694270e
Bacterialblight/BACTERAILBLIGHT3_121.jpg,Bacterialblight,1046,b7520794af5d1eeb58d81c154a0cfbc0fbd5a244d885f8ed2d7bef96d83eead4
Bacterialblight/BACTERAILBLIGHT3_122.jpg,Bacterialblight,1047,3ebd212e7162f548043e716e7d24095df97d79c47ced15ef13df13a00e054ca4
Bacterialblight/BACTERAILBLIGHT3_123.jpg,Bacterialblight,1048,ca01d1d3c19dad5ef7eca45026de11d5e9891521d753d822225afb1e4eef1bd3
Bacterialblight/BACTERAILBLIGHT3_124.jpg,Bacterialblight,1049,392b961954337dca9208193cd78f67403a947a4b775927a1197ea34c3b5343ab
Bacterialblight/BACTERAILBLIGHT3_125.jpg,Bacterialblight,1371,1eea254cc412224bf46d0df6427a102e20f5ca8eddc8bfe7120569e557335de5
Bacterialblight/BACTERAILBLIGHT3_126.jpg,Bacterialblight,1481,f9ac38ab287261d7e2c5bba33115e5fa4faeda4c693002d8d6555f75a3909c04
Bacterialblight/BACTERAILBLIGHT3_127.jpg,Bacterialblight,1053,c43861c3a2813d577bdea7d30967cb763430d233a708170c88afe01f9ea2c087
Bacterialblight/BACTERAILBLIGHT3_128.jpg,Bacterialblight,1054,366e109cdb98f744b9944a7d973da2b7455bdad8fd161adb40a0de2aed0fe763
Bacterialblight/BACTERAILBLIGHT3_129.jpg,Bacterialblight,1016,43b51c3937c60807a5373fdccab71ed5a317d352f5a6d3be4201d1e6836c04b3
Bacterialblight/BACTERAILBLIGHT3_130.jpg,Bacterialblight,1055,21f9d2d1a21f2dfde760abc7c15a45f140dc99f07c1dacf8b58ae7d96a10bae0
Bacterialblight/BACTERAILBLIGHT3_131.jpg,Bacterialblight,1018,47397ad314b1ff7607950857b7ca042a661f64d47f5d67a6043e4a2fb88ee183
Bacterialblight/BACTERAILBLIGHT3_132.JPG,Bacterialblight,1019,c4f3669020f6e5f500d5259f49c2d44d4aaece09faea7fc219042bb3fa3a53d0
Bacterialblight/BACTERAILBLIGHT3_133.JPG,Bacterialblight,1020,faf2bfb7257d75bc09f52f6de11e3528dcca053b192e7f05ca14e94b97844ca4
Bacterialblight/BACTERAILBLIGHT3_134.JPG,Bacterialblight,1021,25f653ec954e452865752c4e6b4e5e97cf09117e00a930806ece0e8aff0cca3e
Bacterialblight/BACTERAILBLIGHT3_135.JPG,Bacterialblight,1022,570356952b52724dd796e64aee330740fb05e04a5da6bff94e463ada1a6acbbc
Bacterialblight/BACTERAILBLIGHT3_136.JPG,Bacterialblight,1023,93b1521f26480f96f973d59835d4834251e77afd32661be5ebc82a78fdad3bda
Bacterialblight/BACTERAILBLIGHT3_137.JPG,Bacterialblight,1024,2207900cd6502b18a5e89228be1230b554d5991eee72804b809811715f1ae2be
Bacterialblight/BACTERAILBLIGHT3_138.JPG,Bacterialblight,1025,5798f8cb174ffda502dffc6ecdb316015674c5d0a7f4e98dfe5451cf31ceb5b1
Bacterialblight/BACTERAILBLIGHT3_139.JPG,Bacterialblight,1026,6a0c2c7b43070203c6074a3ce50143a246eb9d14f2036514e883da1dac4f2d53
Bacterialblight/BACTERAILBLIGHT3_140.JPG,Bacterialblight,1027,f2ba1954efd2b55c96465ef7007a5fa6bc4fb668717e7fa5e308a2cb353cc156
Bacterialblight/BACTERAILBLIGHT3_141.JPG,Bacterialblight,1029,0c61f23f816e947b35fac3a63a7356b64525106776cfc421155da24293e50771
Bacterialblight/BACTERAILBLIGHT3_142.JPG,Bacterialblight,1030,3d6491a39ee6d261f1ab3f9d76884784908e5583d669703e9f392f42e332eb7b
Bacterialblight/BACTERAILBLIGHT3_143.JPG,Bacterialblight,1031,a20a843a9275f286c2892513538b2cde42432986ed7eac3a38757503543604bb
Bacterialblight/BACTERAILBLIGHT3_144.JPG,Bacterialblight,1032,3017172c2d9685dd1a371532fdbde7523f63410e9f3907d73e2ec303b72c9a49
Bacterialblight/BACTERAILBLIGHT3_145.JPG,Bacterialblight,1464,fe22b101a2e3e573ba0ec4ee52e3bb696703dcc574fc9952c595eef115c10d27
Bacterialblight/BACTERAILBLIGHT3_146.JPG,Bacterialblight,1034,3bf405eef9dd8f5a033e0245420a967f1821132a97bc7c4d3661b1f65a8e15a7
Bacterialblight/BACTERAILBLIGHT3_147.jpg,Bacterialblight,1035,bcfc5b25e1db803026fd6087b4ee9981258ec131fd43a78b4dba8471815e1372
Bacterialblight/BACTERAILBLIGHT3_148.jpg,Bacterialblight,939,a2d2c9b0303c3de5a5db9df3ead4b0da76b4233bda98470916a097af266b8e1e
Bacterialblight/BACTERAILBLIGHT3_149.jpg,Bacterialblight,148,90fc60452a61d6b673ddb1d8b1d5f71ac859a90765714d9acf57869b160a88c4
Bacterialblight/BACTERAILBLIGHT3_150.jpg,Bacterialblight,1038,bebb0166ab8ad5bc77a5e85d314b44335ac03e8bb00752082ceb95f06584568c
Bacterialblight/BACTERAILBLIGHT3_151.jpg,Bacterialblight,1039,2518ea8843b304acbfd4097a0d3b26f049819e5fff15288c6fb1f66cb13a8a68
Bacterialblight/BACTERAILBLIGHT3_152.jpg,Bacterialblight,1040,ea03a2ed00b6921265f0f30ddbc0b8b63b757213e6b49b63f0b6a803133b0303
Bacterialblight/BACTERAILBLIGHT3_153.jpg,Bacterialblight,1041,761d9834320da6b57acd7d5f6cc09a95ae8e0e3a8861b37225039b2f88c3115f
Bacterialblight/BACTERAILBLIGHT3_154.jpg,Bacterialblight,1363,605c49f4ce6bf35c5c57a48b06586524c5939633412a9bc422034839cdafc897
Bacterialblight/BACTERAILBLIGHT3_155.jpg,Bacterialblight,1043,44dafb4454559932530b0989a1e2270efffd03663f9eaa7ef9a40449cfc31040
Bacterialblight/BACTERAILBLIGHT3_156.jpg,Bacterialblight,1044,899af8d1da7ad0dd206acfd49a3c1c9b374411a60e1cd1b31b4482eed94701cc
Bacterialblight/BACTERAILBLIGHT3_157.jpg,Bacterialblight,1045,3ba1f4bac214d86f06875d952d45565a66955f6d6accc377ca5e349ed694270e
Bacterialblight/BACTERAILBLIGHT3_158.jpg,Bacterialblight,1046,b7520794af5d1eeb58d81c154a0cfbc0fbd5a244d885f8ed2d7bef96d83eead4
Bacterialblight/BACTERAILBLIGHT3_159.jpg,Bacterialblight,1047,3ebd212e7162f548043e716e7d24095df97d79c47ced15ef13df13a00e054ca4
Bacterialblight/BACTERAILBLIGHT3_160.jpg,Bacterialblight,1048,ca01d1d3c19dad5ef7eca45026de11d5e9891521d753d822225afb1e4eef1bd3
Bacterialblight/BACTERAILBLIGHT3_161.jpg,Bacterialblight,1049,392b961954337dca9208193cd78f67403a947a4b775927a1197ea34c3b5343ab
Bacterialblight/BACTERAILBLIGHT3_162.jpg,Bacterialblight,1481,f9ac38ab287261d7e2c5bba33115e5fa4faeda4c693002d8d6555f75a3909c04
Bacterialblight/BACTERAILBLIGHT3_163.jpg,Bacterialblight,1053,c43861c3a2813d577bdea7d30967cb763430d233a708170c88afe01f9ea2c087
Bacterialblight/BACTERAILBLIGHT3_164.jpg,Bacterialblight,1052,74a9ec61f5ce75b823d402038ccb2878a71ec63dcb071456a8f5a81c6c6bbb87
Bacterialblight/BACTERAILBLIGHT3_165.jpg,Bacterialblight,1053,fa38c8d2b43796550d01c5d30eb511232c63b180c013687c8d7bc0e0c0a615bf
Bacterialblight/BACTERAILBLIGHT3_166.jpg,Bacterialblight,1054,366e109cdb98f744b9944a7d973da2b7455bdad8fd161adb40a0de2aed0fe763
Bacterialblight/BACTERAILBLIGHT3_167.jpg,Bacterialblight,1055,21f9d2d1a21f2dfde760abc7c15a45f140dc99f07c1dacf8b58ae7d96a10bae0
Bacterialblight/BACTERAILBLIGHT3_168.jpg,Bacterialblight,972,114cb7fe541a532e180114ebf6bbb3e87afd3af45be50763a5697179c0fea754
Bacterialblight/BACTERAILBLIGHT3_169.jpg,Bacterialblight,959,800e7021c7ca0cd97688b89d47145edab3c0468ae7416924b27146838ac21283
Bacterialblight/BACTERAILBLIGHT3_170.jpg,Bacterialblight,881,bb73ace22a6186b9248b20857e0565f4580f78bcba3993dea746ddabca718ae1
Bacterialblight/BACTERAILBLIGHT3_171.jpg,Bacterialblight,878,1765c3addbb9e5a1422186faa86575185f51cbb1228773fa9ac20e5275169162
Bacterialblight/BACTERAILBLIGHT3_172.jpg,Bacterialblight,867,8290c94e7074d71d2107ac9c3531e05ce872195b640c8de2159efea368c0688a
Bacterialblight/BACTERAILBLIGHT3_173.jpg,Bacterialblight,1547,4763b5e65e501ca3c000f0b8e171b464e91329e4516ffe73030eb5e85a39279f
Bacterialblight/BACTERAILBLIGHT3_174.jpg,Bacterialblight,869,883168c4dc02007a2c401c9f8c5586a90540d1cdbb6f831fdf78231bbd32e45a
Bacterialblight/BACTERAILBLIGHT3_175.jpg,Bacterialblight,1339,0132875c9a05fd0ae6245744065ff0574bbfa0925025d1724ea6323914873486
Bacterialblight/BACTERAILBLIGHT3_176.jpg,Bacterialblight,871,23367e5f88b7219877a5714851e27e737bf620c1eb10715864342bdfff4272da
Bacterialblight/BACTERAILBLIGHT3_177.JPG,Bacterialblight,968,240d1dedb6f85fb738cc94efe4fcead67d570464bbab50733f01dadb16431da1
Bacterialblight/BACTERAILBLIGHT3_178.jpg,Bacterialblight,873,52191c31153aee3121f06eae7639b655726f3c9624093063e625796485d16ecc
Bacterialblight/BACTERAILBLIGHT3_179.JPG,Bacterialblight,872,d929a70cdb4245b49b987f6cb29516b4a0e81390f1ae7edabacc3e0e0e8f8c07
Bacterialblight/BACTERAILBLIGHT3_180.jpg,Bacterialblight,881,bb73ace22a6186b9248b20857e0565f4580f78bcba3993dea746ddabca718ae1
Bacterialblight/BACTERAILBLIGHT3_181.jpg,Bacterialblight,959,800e7021c7ca0cd97688b89d47145edab3c0468ae7416924b27146838ac21283
Bacterialblight/BACTERAILBLIGHT3_182.jpg,Bacterialblight,881,bb73ace22a6186b9248b20857e0565f4580f78bcba3993dea746ddabca718ae1
Bacterialblight/BACTERAILBLIGHT3_183.jpg,Bacterialblight,878,1765c3addbb9e5a1422186faa86575185f51cbb1228773fa9ac20e5275169162
Bacterialblight/BACTERAILBLIGHT3_184.jpg,Bacterialblight,881,bb73ace22a6186b9248b20857e0565f4580f78bcba3993dea746ddabca718ae1
Bacterialblight/BACTERAILBLIGHT3_185.jpg,Bacterialblight,1019,cb0a5d127022de21e998314469449ad142a4eda5b6bf94a2a9d7c3f09f6ea3a5
Bacterialblight/BACTERAILBLIGHT3_186.jpg,Bacterialblight,881,bb73ace22a6186b9248b20857e0565f4580f78bcba3993dea746ddabca718ae1
Bacterialblight/BACTERAILBLIGHT3_187.jpg,Bacterialblight,1339,0132875c9a05fd0ae6245744065ff0574bbfa0925025d1724ea6323914873486
Bacterialblight/BACTERAILBLIGHT3_188.jpg,Bacterialblight,883,56a2be7198083f3e1eacbb1e04863acb94c33c84e830df937a4255d2dffc62bb
Bacterialblight/BACTERAILBLIGHT3_189.jpg,Bacterialblight,884,6523e0a98323170de2623a7e5e7a49cc23057053c59595a7e0edfc31e869fe35
Bacterialblight/BACTERAILBLIGHT3_190.jpg,Bacterialblight,885,a47881bce2938117161fce3f0aec890e44b4c04fd5b9ea0ca6a07629e5091129
Bacterialblight/BACTERAILBLIGHT3_191.jpg,Bacterialblight,886,75a5c5922c357311293471e293cb3f61c619d59a05615b8c67118cc202d363f8
Bacterialblight/BACTERAILBLIGHT3_192.jpg,Bacterialblight,887,60b2327783c8d14f4cbe9e5b06aef15569ed70ceb6103809758d07e54a16cc1d
Bacterialblight/BACTERAILBLIGHT3_193.jpg,Bacterialblight,888,ff3c11fb4338c1242d421d426dd1a501e8ee139dce475c00f05e5bbc40c5f9b6
Bacterialblight/BACTERAILBLIGHT3_194.jpg,Bacterialblight,889,d3bf0c918ff9fe1ab5ff25d8cccbab3e06e6a600953d854ca70abb0a62695fc7
Bacterialblight/BACTERAILBLIGHT3_195.jpg,Bacterialblight,890,74d6e95fca79e52ec7af287bad57993dff8e33262927d07c73247f77e1a3b264
Bacterialblight/BACTERAILBLIGHT3_196.jpg,Bacterialblight,891,989ca599e83a7e703be76c474dc90ee10abc4292901a4238962d85e2eca52385
Bacterialblight/BACTERAILBLIGHT3_197.jpg,Bacterialblight,892,5a42d4d142394588e0a157ad5552222dec6883b848c413dc067349a072403d77
Bacterialblight/BACTERAILBLIGHT3_198.jpg,Bacterialblight,893,a886b69be8d2ad98093d67774c6d1f5a39a1dc72b6d99468319949e56f9a92a0
Bacterialblight/BACTERAILBLIGHT3_199.jpg,Bacterialblight,894,f5c89a549eabbab853f43469b6687ee25e7b6dfdd56bb0dda51379ea9a2c746e
Bacterialblight/BACTERAILBLIGHT3_200.jpg,Bacterialblight,895,95a51b499106f7b2c7aa427f89645868a29d3ea3361748f267cae9fccf9d248f
Bacterialblight/BACTERAILBLIGHT3_201.jpg,Bacterialblight,896,d7c4db29b82b23451a665cf604515459292f97f422d23879c28073bc8deac8c5
Bacterialblight/BACTERAILBLIGHT3_202.jpg,Bacterialblight,201,1cd0893baa25f3983b1ca58ac4bc36dfc45b5ad97296103633ff0d370d1b258c
Bacterialblight/BACTERAILBLIGHT3_203.JPG,Bacterialblight,898,e369ff23ac7816ebdda2fae3fb95f6d63c7aa9ea2d0192da40472bb537bb4c7d
Bacterialblight/BACTERAILBLIGHT3_204.JPG,Bacterialblight,899,691471d64aabed7d9b644dcd68f26fc9c07ab02a32e689d6430259aeaf4972be
Bacterialblight/BACTERAILBLIGHT3_205.JPG,Bacterialblight,828,e708618422df8b9a20a1c28f1ec0e850f645e1a73cff803ef8ace60af7cea159
Bacterialblight/BACTERAILBLIGHT3_206.JPG,Bacterialblight,901,a732f1a8052d7bc8e668f3d0b2d124996288d11fe8b481857e728b9d84c9421a
Bacterialblight/BACTERAILBLIGHT3_207.jpg,Bacterialblight,1358,78fe9a42d2ed392a70a2fb0887fcb189f1b042fb1e9aa3cc7e91547fcdd4258e
Bacterialblight/BACTERAILBLIGHT3_208.jpg,Bacterialblight,1527,573e154b672f09b617447e5f020af357e3c02812c4286b84b69582ae1d0e249b
Bacterialblight/BACTERAILBLIGHT3_209.jpg,Bacterialblight,904,6a0c0e8d77387a5675c047b4bbf792f60602ec86a6b01e6a0164f62a2ba1623e
Bacterialblight/BACTERAILBLIGHT3_210.jpg,Bacterialblight,905,63d119171e3dbdbfee1ce9291bf4b82cf2d73df7cbaae28f5cb35ddb2e5f4edc
Bacterialblight/BACTERAILBLIGHT3_211.jpg,Bacterialblight,943,093a5fa74350320fe6db0beb1db3195ea15f20ceaf6c9b191ea0fbe0dcdc5cc6
Bacterialblight/BACTERAILBLIGHT3_212.jpg,Bacterialblight,944,f68fdbb8deca065a4adbaf66c31caa8c4d3fe53219946c3197def82635b14508
Bacterialblight/BACTERAILBLIGHT3_213.jpg,Bacterialblight,1363,a9277a7af1d7ec3ffabc054b8f3a11003a689494c978c715c517d4bbad1c02e2
Bacterialblight/BACTERAILBLIGHT3_214.jpg,Bacterialblight,946,47f529f96708419214592936be135db92f3e1b859fa16e3e712eb9f4bd889cc3
Bacterialblight/BACTERAILBLIGHT3_215.jpg,Bacterialblight,947,61952ddf35f04e382fc6fca88b7fd2aec4c1611f6119e53b8b887b1e9f6c6842
Bacterialblight/BACTERAILBLIGHT3_216.jpg,Bacterialblight,948,808eeafe559681fefdc252ec2ee5225d2a2e95538a942c21d91a275fe363580c
Bacterialblight/BACTERAILBLIGHT3_217.jpg,Bacterialblight,949,d502e117ae7dfbc4a0d7c9e399f9a3f3fb625ffc495b263ad668695738c9bf3e
Bacterialblight/BACTERAILBLIGHT3_218.jpg,Bacterialblight,950,fe918d89b46523e400a8b2181cf5dc87da1d8cbc636db14f5af43d5485a188ae
Bacterialblight/BACTERAILBLIGHT3_219.jpg,Bacterialblight,1048,f6114065e9277bb3e158bc3c2c253b726eb09a1d6d180e86f75da035ded9c0d8
Bacterialblight/BACTERAILBLIGHT3_220.jpg,Bacterialblight,952,37f48b687b6519c143795d7f650af736c0aaa390768e9af4c8937979a4c9ffdc
Bacterialblight/BACTERAILBLIGHT3_221.jpg,Bacterialblight,1371,329bae4276d9eb152665cd82ec96afc8f46184a220604dbcc49923b8f9566c3f
Bacterialblight/BACTERAILBLIGHT3_222.jpg,Bacterialblight,1481,847b3a1c91573d01707053bcb71e6d8a781e27be7402945cc54196ec9397b97b
Bacterialblight/BACTERAILBLIGHT3_223.jpg,Bacterialblight,954,8be94603b862663865557d8f01d0ecf96df68d86ad21457df05bd3187411e1e9
Bacterialblight/BACTERAILBLIGHT3_224.jpg,Bacterialblight,957,62ee8e19a40969b024a91af5db2a95318035b2713d4edebf9c854836e74b525d
Bacterialblight/BACTERAILBLIGHT3_225.jpg,Bacterialblight,920,8dc5d70dbf0dd827907bc826bc18851a7795e6e456c879fef89e01af1724f247
Bacterialblight/BACTERAILBLIGHT3_226.jpg,Bacterialblight,958,285a93abd48f2efd9457a0bad6e38d2150d0dc417eead597fda11e420f456148
Bacterialblight/BACTERAILBLIGHT3_227.jpg,Bacterialblight,922,2192400baa6a5a7bfd24e80a4950995eb4e81476802e9c774172f505b064559f
Bacterialblight/BACTERAILBLIGHT3_228.JPG,Bacterialblight,1547,16466cfa11eb784907d9504fa62a1c84266c1c8856a77e1ba79e7327f8a1533c
Bacterialblight/BACTERAILBLIGHT3_229.JPG,Bacterialblight,924,418a60596b12788b97d5cebf1866aa0d672552712d9392b32d298e914e67947a
Bacterialblight/BACTERAILBLIGHT3_230.JPG,Bacterialblight,925,3ade53e0903e864136510814ab4096bec278e647a50da1c7f8e59253f2405514
Bacterialblight/BACTERAILBLIGHT3_231.JPG,Bacterialblight,926,09cadb12e5108d3dc1190425a32b970312e98c300a4691c5b2a539b61cbe04b1
Bacterialblight/BACTERAILBLIGHT3_232.JPG,Bacterialblight,927,089ce060aaf01799aaf41ce8e51f8e1f129ea149bc128089d5febdb017b21958
Bacterialblight/BACTERAILBLIGHT3_233.JPG,Bacterialblight,928,3c48304c0ca8c844b8ba2a4462c7f72e69f1f4aabfbc92872fa5c6f27242efb5
Bacterialblight/BACTERAILBLIGHT3_234.JPG,Bacterialblight,929,ada151f086c43cd49a39a0fcb40374f5358a4635055c7733bbb7b2b5694f4116
Bacterialblight/BACTERAILBLIGHT3_235.JPG,Bacterialblight,930,9cc1168684e8fe98bcb5f110d251dbd304335a08172f96f225e51534655e4e71
Bacterialblight/BACTERAILBLIGHT3_236.JPG,Bacterialblight,931,4405953e9a24e6b89a56ef6ff6031ad492cfed8cbe820d41707106b5c22f674a
Bacterialblight/BACTERAILBLIGHT3_237.JPG,Bacterialblight,236,673088d065bd2a1bc962d1ba4662924726057fb0aba5e07e8ea3965c96ed5eb9
Bacterialblight/BACTERAILBLIGHT3_238.JPG,Bacterialblight,932,2cfe472a93edf10b032d8198e78265db5ea18d2598971da568398553e0cee079
Bacterialblight/BACTERAILBLIGHT3_239.JPG,Bacterialblight,933,a0baec45470019ec591c261b8d10d91102ede401d1026c442de163358c5c0cfa
Bacterialblight/BACTERAILBLIGHT3_240.JPG,Bacterialblight,934,18004a6369fb689725ec2d2763a4181b1cbcff241ee0083112cdc3aeb9c9f21d
Bacterialblight/BACTERAILBLIGHT3_241.JPG,Bacterialblight,935,da0b50ab6dea505b4f04fae73efd0ca1ec8b0b4f8997d703388c39f64adea402
Bacterialblight/BACTERAILBLIGHT3_242.JPG,Bacterialblight,936,4f0879c67954808f788113d8e05ea6df8791505a848b7b26526735cc818f8d9e
Bacterialblight/BACTERAILBLIGHT3_243.JPG,Bacterialblight,937,ee0dd68fa87d5230f840ae3f2fc9f131d267383aa4088595772043e01f7a2c1f
Bacterialblight/BACTERAILBLIGHT3_244.jpg,Bacterialblight,938,da3c5fe72529a106c8b8dd1e057ec9088d2d1a4d218eacf429ae99bea2e07036
Bacterialblight/BACTERAILBLIGHT3_245.jpg,Bacterialblight,939,7c1e38aad6f1038940ffa05444b907b7f3a7f02da328f2a263bbad1eb1586d69
Bacterialblight/BACTERAILBLIGHT3_246.jpg,Bacterialblight,1037,3ecd7f0a0e11727526ffdd5b0cf7017a6397ad1367b72877956472d5ad65f708
Bacterialblight/BACTERAILBLIGHT3_247.jpg,Bacterialblight,941,5b16fef2aec8187f5d5a3547976f2a0f2d95c0d4d9e30c5c410b0127d4a072bf
Bacterialblight/BACTERAILBLIGHT3_248.jpg,Bacterialblight,942,a847a2bb0f358d3fa0f1524bffca29baac2114bf51df54ee3b6539f4058b7083
Bacterialblight/BACTERAILBLIGHT3_249.jpg,Bacterialblight,943,093a5fa74350320fe6db0beb1db3195ea15f20ceaf6c9b191ea0fbe0dcdc5cc6
Bacterialblight/BACTERAILBLIGHT3_250.jpg,Bacterialblight,944,f68fdbb8deca065a4adbaf66c31caa8c4d3fe53219946c3197def82635b14508
Bacterialblight/BACTERAILBLIGHT3_251.jpg,Bacterialblight,1004,e9c924621b753a4ae365433e92649972d221f492e2d2311d4dc5da8771bc8c34
Bacterialblight/BACTERAILBLIGHT3_252.jpg,Bacterialblight,946,47f529f96708419214592936be135db92f3e1b859fa16e3e712eb9f4bd889cc3
Bacterialblight/BACTERAILBLIGHT3_253.jpg,Bacterialblight,947,61952ddf35f04e382fc6fca88b7fd2aec4c1611f6119e53b8b887b1e9f6c6842
Bacterialblight/BACTERAILBLIGHT3_254.jpg,Bacterialblight,948,808eeafe559681fefdc252ec2ee5225d2a2e95538a942c21d91a275fe363580c
Bacterialblight/BACTERAILBLIGHT3_255.jpg,Bacterialblight,949,d502e117ae7dfbc4a0d7c9e399f9a3f3fb625ffc495b263ad668695738c9bf3e
Bacterialblight/BACTERAILBLIGHT3_256.jpg,Bacterialblight,950,fe918d89b46523e400a8b2181cf5dc87da1d8cbc636db14f5af43d5485a188ae
Bacterialblight/BACTERAILBLIGHT3_257.jpg,Bacterialblight,1048,40f70276b8ddac1782ae0371f63897646b3562a7ddf677d918012ef8368b310f
Bacterialblight/BACTERAILBLIGHT3_258.jpg,Bacterialblight,952,37f48b687b6519c143795d7f650af736c0aaa390768e9af4c8937979a4c9ffdc
Bacterialblight/BACTERAILBLIGHT3_259.jpg,Bacterialblight,1481,847b3a1c91573d01707053bcb71e6d8a781e27be7402945cc54196ec9397b97b
Bacterialblight/BACTERAILBLIGHT3_260.jpg,Bacterialblight,954,8be94603b862663865557d8f01d0ecf96df68d86ad21457df05bd3187411e1e9
Bacterialblight/BACTERAILBLIGHT3_261.jpg,Bacterialblight,955,79455df3023a443ec8ffb97eee864d50971cbdeac8d08ea9dacc078c2365ffcb
Bacterialblight/BACTERAILBLIGHT3_262.jpg,Bacterialblight,956,35c0b13e18db734b59082a5ab53f0a210516eeb2787e5badeaebacb8a2c8533a
Bacterialblight/BACTERAILBLIGHT3_263.jpg,Bacterialblight,957,62ee8e19a40969b024a91af5db2a95318035b2713d4edebf9c854836e74b525d
Bacterialblight/BACTERAILBLIGHT3_264.jpg,Bacterialblight,958,285a93abd48f2efd9457a0bad6e38d2150d0dc417eead597fda11e420f456148
Bacterialblight/BACTERAILBLIGHT4_001.jpg,Bacterialblight,1334,0382eb6d11e467ccc7e1b9df0b09ed3110dc2a1f62666359a3cc17622833234b
Bacterialblight/BACTERAILBLIGHT4_002.jpg,Bacterialblight,1335,773a6742b85db8ccb42a813e182ed823b134d973ea66812adf85db7e363e9732
Bacterialblight/BACTERAILBLIGHT4_003.jpg,Bacterialblight,1451,b87a073d36fd8b8029daac5e85e43864563a0bc3b6765c6f6d34ca70d914789a
Bacterialblight/BACTERAILBLIGHT4_004.jpg,Bacterialblight,1547,2cdad31e7f6772a96962cb0404ca2bed25a75081ede86d72cf2c8186f2e59495
Bacterialblight/BACTERAILBLIGHT4_005.jpg,Bacterialblight,1338,3ec8df630b136d2410ff5cabffd49c2bb6e65d9573c9598ee850eb617fa882fe
Bacterialblight/BACTERAILBLIGHT4_006.jpg,Bacterialblight,1339,20e6d00ea4c00d6cc1155304f3d3bcef7d106b94ee842295c05ce6315a012903
Bacterialblight/BACTERAILBLIGHT4_007.jpg,Bacterialblight,1326,10fed0f8a78836b0a3a74b4cd3119c2fe41cbb49815894456e85ace8352ad48d
Bacterialblight/BACTERAILBLIGHT4_008.jpg,Bacterialblight,1327,2d88972da331dd914845c219ce37554ee17294a986af9df81ae8323edcf16c25
Bacterialblight/BACTERAILBLIGHT4_009.jpg,Bacterialblight,1328,feaafafe38edea20092476acf5f5a1bd88bd71063eb36f4a02a88857f7d09f04
Bacterialblight/BACTERAILBLIGHT4_010.jpg,Bacterialblight,1329,32627a89fa835cc35375a9c965be6e1ea32d3940cef0a269199826016442ab2f
Bacterialblight/BACTERAILBLIGHT4_011.jpg,Bacterialblight,1332,77552423c01e8a9f0052a0ab11d16c25a94efa990feae4a9067eedc6d7d236cc
Bacterialblight/BACTERAILBLIGHT4_012.jpg,Bacterialblight,1333,4f2e0fa11535b6aec836ed129a2ae955e3b8dfbbe7d0732737fdb5aa178f8731
Bacterialblight/BACTERAILBLIGHT4_013.jpg,Bacterialblight,1332,4ccebbbf40f7e1a22ab0ff3a32970376a3593c0015fcc84fed49bd6b5294c477
Bacterialblight/BACTERAILBLIGHT4_014.jpg,Bacterialblight,1333,253904f457f5e09f924eea6b5933330e0eb91f9eafc74d7c344fe0957b4620e8
Bacterialblight/BACTERAILBLIGHT4_015.jpg,Bacterialblight,1334,dcfa36dec5e1eea071300544ef1e965d60044495f558e81066e3c2fde2a75b2c
Bacterialblight/BACTERAILBLIGHT4_016.jpg,Bacterialblight,1335,22ab1534292e135cc1863107a92355e12d91b302a964cf2ea810847a1372fa95
Bacterialblight/BACTERAILBLIGHT4_017.jpg,Bacterialblight,1547,bb15128229ff71f3c00e28c9c4b4264b9fb59b3b16f4df7bbd47db46ce93faae
Bacterialblight/BACTERAILBLIGHT4_018.jpg,Bacterialblight,1451,f302292c45524174d8c261e97a2a363c3c42402ee87eb2ce02f33b37efd42474
Bacterialblight/BACTERAILBLIGHT4_019.jpg,Bacterialblight,1338,d429c16a548e1fb0078a90924f924a137d9a3567071a33388645f0476d417b36
Bacterialblight/BACTERAILBLIGHT4_020.jpg,Bacterialblight,1339,27a6eea05a2e573ef6b9849711c6c8a2bc61f1da938aed6aac6126e5de85bace
Bacterialblight/BACTERAILBLIGHT4_021.jpg,Bacterialblight,1340,e70ea1e79f5b498cf241b7b04040837387fbd3ed02d0f4ea464cb8b38ed4c3ae
Bacterialblight/BACTERAILBLIGHT4_022.jpg,Bacterialblight,1341,e41c894eded0223eacb5c72e0bcee70432a44fa8865f0f43ab7e330eff9ad507
Bacterialblight/BACTERAILBLIGHT4_023.jpg,Bacterialblight,1343,861443bd6f61f235703b971583b1953aab44ad226fe51d06541fe7a2a6272ca1
Bacterialblight/BACTERAILBLIGHT4_024.jpg,Bacterialblight,1343,18706e2ab29f558951b653349b20a107ad1ed5ca1d3b257afaf20dab3104c21a
Bacterialblight/BACTERAILBLIGHT4_025.jpg,Bacterialblight,1344,c6620440635d9f2a43a6037300585f935417dd8c2e4c8387cf99c23ccba9ffcc
Bacterialblight/BACTERAILBLIGHT4_026.jpg,Bacterialblight,1345,110097ed2790c5576bc3cad9c75225228eb2168d7fc4042b7beb0843fcc33113
Bacterialblight/BACTERAILBLIGHT4_027.jpg,Bacterialblight,1346,a0a268c3c8d91505e3ebd4e7a133f4e592a4beb04bf374706a5d60ba8a885a1c
Bacterialblight/BACTERAILBLIGHT4_028.jpg,Bacterialblight,1347,c992a2c82c5ac1edc35aa8288a92f44ff7a8e482a17f2d036c8af6313af51fd7
Bacterialblight/BACTERAILBLIGHT4_029.jpg,Bacterialblight,1347,b93d5fbe213fac9ef8aa4a04722348439aaf5d3625b70a9069df41e34250941f
Bacterialblight/BACTERAILBLIGHT4_030.jpg,Bacterialblight,1349,77511657a14e5b75de78ba0775c7e54b5db98bc7d47616aa136ebcdd94d64ea8
Bacterialblight/BACTERAILBLIGHT4_031.jpg,Bacterialblight,1350,996a58ff35b9c61216a44f189d2212e0c95c973aead5f6e687c3a78b5074c1b8
Bacterialblight/BACTERAILBLIGHT4_032.jpg,Bacterialblight,1351,796588cc5ab8dc81d4a1b06b34a68f2b67fafb63f7ce00ec8c26eacdf62699c0
Bacterialblight/BACTERAILBLIGHT4_033.jpg,Bacterialblight,1352,419beb908e8824fd5cbb46af416a743e350435426070921459bf4a4a39455017
Bacterialblight/BACTERAILBLIGHT4_034.jpg,Bacterialblight,1353,b382c019efbbac6f9292c4d3305c4266fb07ec9cebe7d439ac26b2a70f9f5ab9
Bacterialblight/BACTERAILBLIGHT4_035.jpg,Bacterialblight,1354,f9c2b5e685b01ad1a89d6cac1b7b1108fa053cc385a5175d302aaf733f945072
Bacterialblight/BACTERAILBLIGHT4_036.jpg,Bacterialblight,1428,9ad1ef69010c3f6e867f3135094ece29c8b1677a9c9989253e64046d286d02b3
Bacterialblight/BACTERAILBLIGHT4_037.jpg,Bacterialblight,1356,41083b14c253f1822bd6451dd595cfd9790e647576e52acddeb6da3a36717cd5
Bacterialblight/BACTERAILBLIGHT4_038.jpg,Bacterialblight,1358,feb82a2c734304acbd71571d7c5e4df2e9a32d029c1572fb6855ebac6739f20a
Bacterialblight/BACTERAILBLIGHT4_039.jpg,Bacterialblight,1358,3c31d940e7ca5f5baf3b27b0b30483acb0f9b3488725f1cc3915388aa87c8e4f
Bacterialblight/BACTERAILBLIGHT4_040.jpg,Bacterialblight,1359,c7cc5c2ff7a7e16ab743a674498bb8ae306b6bda593613fc13aec33904b5dbe0
Bacterialblight/BACTERAILBLIGHT4_041.jpg,Bacterialblight,1359,43c76f1de62ad6f3b368b29bef87d8cc1874df0f5857e833c3ac649ca7cc22be
Bacterialblight/BACTERAILBLIGHT4_042.jpg,Bacterialblight,1361,6d9585ce41c0023eea4e8d8361086e4a8379b2cd873195cdc8f87a80dc98a662
Bacterialblight/BACTERAILBLIGHT4_043.jpg,Bacterialblight,1362,ebb314615da151b55e8bd7e68f52e3cbc74e66d1f9a8f05c0bf0066283263da8
Bacterialblight/BACTERAILBLIGHT4_044.jpg,Bacterialblight,1363,c7d55eabee845177ec4c6d35aff870ed677e16120be9c57b731ef09b2b56cd2c
Bacterialblight/BACTERAILBLIGHT4_045.jpg,Bacterialblight,1364,3b3c8c6b60bbb21b742dda2e881bcea3c9e2da6ef8cfe96318d2a74b3eddab9f
Bacterialblight/BACTERAILBLIGHT4_046.jpg,Bacterialblight,1365,811e07c6cb33e9a26ad58cca6bbfc83f1c5cdf92ca49f4bf144dccd9df456691
Bacterialblight/BACTERAILBLIGHT4_047.jpg,Bacterialblight,1366,405db1228a26f60d5b70fe50b1d0583bb31c206a3ad91b2ed63c2d84ec279c1d
Bacterialblight/BACTERAILBLIGHT4_048.jpg,Bacterialblight,1367,6b52e4da2e7c6eb7afc2e15d7ac6577e680a4c5195f52833ea42fe40ecea1928
Bacterialblight/BACTERAILBLIGHT4_049.jpg,Bacterialblight,1368,52fa61c355b3c5e5cbdf93f4278c6e9a82c4fd56e3119773731d9d3bad1e200e
Bacterialblight/BACTERAILBLIGHT4_050.jpg,Bacterialblight,1370,7ff3da15202c4273a8896f54d1870d48cb82075404d9633e7b3492b06b3303e1
Bacterialblight/BACTERAILBLIGHT4_051.jpg,Bacterialblight,1370,60d5489dc76856a32c6ea3f44ed0b5138cc9e732e63a372728878cd7922cbefc
Bacterialblight/BACTERAILBLIGHT4_052.jpg,Bacterialblight,1371,162feea8036e389e583e9d4828e5f0f4a4619e080f2b954910351c6f51460628
Bacterialblight/BACTERAILBLIGHT4_053.jpg,Bacterialblight,1372,ac953e1863f5a207813f4c93e3390768fc82b7d2681693119bc75546b417b4a1
Bacterialblight/BACTERAILBLIGHT4_054.jpg,Bacterialblight,1373,3d24de0c3d93bf73429d07c85ad0982ea356d3526223abc3317e8e81c09b3c51
Bacterialblight/BACTERAILBLIGHT4_055.jpg,Bacterialblight,1374,87ce86345365fed8b1226fbbb141c42ca713220e9c7cbe8ec70db50b86275c9c
Bacterialblight/BACTERAILBLIGHT4_056.jpg,Bacterialblight,1375,f66122f9744acf1b3bbdd156284593a476333fddc031585ee8d45fcbc5fe0577
Bacterialblight/BACTERAILBLIGHT4_057.jpg,Bacterialblight,1376,809b66009abe0bf7908daf2f910348c35f1854f8307d79df29b14c9144bfb30e
Bacterialblight/BACTERAILBLIGHT4_058.jpg,Bacterialblight,1377,3d4cf7c3363e8b7f47fb528da68102706be2fd6fd3aaab0a81fe65bd550b576b
Bacterialblight/BACTERAILBLIGHT4_059.jpg,Bacterialblight,1378,00d44f321e8c2278fbdf3ccb2f51bdd3e43253f6bd04eedb08ac69787f8a40a0
Bacterialblight/BACTERAILBLIGHT4_060.jpg,Bacterialblight,1379,c35ffd778b464e45106a78f40cb2f308b05c9e4cca77fb7b089a24f6179f1e6f
Bacterialblight/BACTERAILBLIGHT4_061.jpg,Bacterialblight,1380,5011abda9d74b6838474fd78c3b5cc5aedde9da9fe252d9db34e5dbae85d6cbd
Bacterialblight/BACTERAILBLIGHT4_062.jpg,Bacterialblight,1381,8c9f3b7502360dc5c324ee96417521fb3ef0fb866fd30beb3d5ca57d708a6ce3
Bacterialblight/BACTERAILBLIGHT4_063.jpg,Bacterialblight,1382,d9dc41fea303ce63b07c0eccba14073520b6f4953d2b9ae4e80ff49180a4ac7a
Bacterialblight/BACTERAILBLIGHT4_064.jpg,Bacterialblight,1385,6b8323921e0dd4f1775b5ece20d5baea70cc54a25c349314b0c993fc0b189f5e
Bacterialblight/BACTERAILBLIGHT4_065.jpg,Bacterialblight,1384,7117c8b88c49ae094ed7dbed7031f2553469f1fc346bf66a066ec6b10297e878
Bacterialblight/BACTERAILBLIGHT4_066.jpg,Bacterialblight,1385,4f740b57a722793cb7017dfa903ecf63280320493cc08e098cff521985323d31
Bacterialblight/BACTERAILBLIGHT4_067.jpg,Bacterialblight,1386,a4dc1820c64fa59d6efe466711668a24e6ec95c8cf3ebe9f985f0139480e9ae5
Bacterialblight/BACTERAILBLIGHT4_068.jpg,Bacterialblight,1387,f08d6e34237dff00fdb2fda106dc820a8189244a684428713a940b533f586441
Bacterialblight/BACTERAILBLIGHT4_069.jpg,Bacterialblight,1388,0aa0d53a8546957fab586c4e2d03ba7a28749048438f9115fa0d5fc1e516b071
Bacterialblight/BACTERAILBLIGHT4_070.jpg,Bacterialblight,1557,38c6879765c1115cbd22b967dc2ce5e7c49c1d4e5394b91bc6055ca3032e09b8
Bacterialblight/BACTERAILBLIGHT4_071.jpg,Bacterialblight,1390,89fcf9b2eb1ec49e47d2a9f9ec79722313dc28ed20f3b3a970092a20fef1f192
Bacterialblight/BACTERAILBLIGHT4_072.jpg,Bacterialblight,1391,310dafaacd361d3da458f5c5fd5be7b02ead48d10d9e91eb860d2a44089e36cb
Bacterialblight/BACTERAILBLIGHT4_073.jpg,Bacterialblight,1334,7a0575c5e492b0b01e9bbba14e245c7d1d1262aad88b102e36d47217b44dd9ab
Bacterialblight/BACTERAILBLIGHT4_074.jpg,Bacterialblight,1409,8eebaf25cb6eb1a45b6d26fe74751d1fd5e436c39d29aac2474975708106ba98
Bacterialblight/BACTERAILBLIGHT4_075.jpg,Bacterialblight,1451,a4e36d07044134b1b7269a68e93030d6f6b304e78b1057ef49563464f2c9b11a
Bacterialblight/BACTERAILBLIGHT4_076.jpg,Bacterialblight,1395,dcc724820d5f0b394a0fcd3e75a7ab9c531e35b46c45e168b802060101c98df3
Bacterialblight/BACTERAILBLIGHT4_077.jpg,Bacterialblight,1338,d8cc8f54bc0dabb0786e7d82a780276426be1950b0f9b345706eeb1f95048c2f
Bacterialblight/BACTERAILBLIGHT4_078.jpg,Bacterialblight,1397,398a8feb2c3cea4f0cc7e5d7601549d549c55e186ece7e4df7c2c65d1840d819
Bacterialblight/BACTERAILBLIGHT4_079.JPG,Bacterialblight,1326,920950e6fc3953cd4fc456289fce76805899899b2e907870603672041ba99e39
Bacterialblight/BACTERAILBLIGHT4_080.jpg,Bacterialblight,1399,59b906bfdcbc93ad8f1bc1b4312fc74edb09604b9ad458b11c9b6d056dd8f4f3
Bacterialblight/BACTERAILBLIGHT4_081.JPG,Bacterialblight,1328,f3e14f9da64f2a2ec20cb4627c7e5197cbab1715006c7b36b1c3d631a5b73b1e
Bacterialblight/BACTERAILBLIGHT4_082.jpg,Bacterialblight,1401,247a6df8e2bf56ed44b0764dde560b6cddd47b5552c16465f5ded986bca3544a
Bacterialblight/BACTERAILBLIGHT4_083.jpg,Bacterialblight,1332,069b22d9d6352df551d676af3d252c9613a964dca5829369e197d94e1b78ea4e
Bacterialblight/BACTERAILBLIGHT4_084.jpg,Bacterialblight,1409,8eebaf25cb6eb1a45b6d26fe74751d1fd5e436c39d29aac2474975708106ba98
Bacterialblight/BACTERAILBLIGHT4_085.jpg,Bacterialblight,1332,069b22d9d6352df551d676af3d252c9613a964dca5829369e197d94e1b78ea4e
Bacterialblight/BACTERAILBLIGHT4_086.jpg,Bacterialblight,1409,8eebaf25cb6eb1a45b6d26fe74751d1fd5e436c39d29aac2474975708106ba98
Bacterialblight/BACTERAILBLIGHT4_087.jpg,Bacterialblight,1334,7a0575c5e492b0b01e9bbba14e245c7d1d1262aad88b102e36d47217b44dd9ab
Bacterialblight/BACTERAILBLIGHT4_088.jpg,Bacterialblight,1409,8eebaf25cb6eb1a45b6d26fe74751d1fd5e436c39d29aac2474975708106ba98
Bacterialblight/BACTERAILBLIGHT4_089.jpg,Bacterialblight,1547,bd665b1707f869c9171daec88bc746b576163ddc0aa4804bdc9fbf60286ec9cd
Bacterialblight/BACTERAILBLIGHT4_090.jpg,Bacterialblight,1409,8eebaf25cb6eb1a45b6d26fe74751d1fd5e436c39d29aac2474975708106ba98
Bacterialblight/BACTERAILBLIGHT4_091.jpg,Bacterialblight,1338,d8cc8f54bc0dabb0786e7d82a780276426be1950b0f9b345706eeb1f95048c2f
Bacterialblight/BACTERAILBLIGHT4_092.jpg,Bacterialblight,1411,74799d909031a77d19af68f4ff0c81ff55c37c545055d59d81f201093295bd35
Bacterialblight/BACTERAILBLIGHT4_093.jpg,Bacterialblight,1340,6fa7282e1e47788d82439e9fb76c9f2e40506fe7ea709d4a79b5f008131a03a6
Bacterialblight/BACTERAILBLIGHT4_094.jpg,Bacterialblight,1413,b8ad9c37d63751614407a115f5d6ea5e7cc82f65bf1cd92675c95148a1a970ae
Bacterialblight/BACTERAILBLIGHT4_095.jpg,Bacterialblight,1343,eb64eeca7acf4a87511b6258a51340a27940a2f86a2dc38687877d6f9721d24c
Bacterialblight/BACTERAILBLIGHT4_096.jpg,Bacterialblight,1415,71e017efb146987e25f288d1d277f2ff2d3caf1dcfa88727cea6ce1f67f544ad
Bacterialblight/BACTERAILBLIGHT4_097.jpg,Bacterialblight,1344,8ef78a24a79635dd5eeb6a0595af9055e7eaff6e694474b0322dc8256e0b7981
Bacterialblight/BACTERAILBLIGHT4_098.jpg,Bacterialblight,1417,14663372cfc107b72d4b1796a25fb0948b70ec4a000356f8112c42e42455b819
Bacterialblight/BACTERAILBLIGHT4_099.jpg,Bacterialblight,1345,257769fc4c8292aeb05f42f1f9dd22da4e20970c16589f54f1a024b21a9775ed
Bacterialblight/BACTERAILBLIGHT4_100.jpg,Bacterialblight,1419,f4e5b476b5956b90fd4429272ffb39e4a87099cd78a4328b12100cef765f02ef
Bacterialblight/BACTERAILBLIGHT4_101.jpg,Bacterialblight,1347,00c9475e28a2e92bcf1a20959fa0b6a797cf75d9b5fb8ec760e734a9726dbb16
Bacterialblight/BACTERAILBLIGHT4_102.jpg,Bacterialblight,1421,80f775306fc1fae3725b136672cd55c42e06cd0bfedaad0398183f5e3e54c400
Bacterialblight/BACTERAILBLIGHT4_103.jpg,Bacterialblight,1349,1232761ae10142c956c0063ccba8570bbbb700c797bad0d66dd45073ce913951
Bacterialblight/BACTERAILBLIGHT4_104.jpg,Bacterialblight,1519,774212eebb00df5dd3a41234b956cc4ea307a96ee8cf8d4fb935c26a097d4b5b
Bacterialblight/BACTERAILBLIGHT4_105.jpg,Bacterialblight,1351,63765a649d3a5a4836491b306d950f2f510f4a5ff1970213d8c0f0af87eadd78
Bacterialblight/BACTERAILBLIGHT4_106.jpg,Bacterialblight,1521,b25d6efd4bd64c8da455d7983a7b6e9477cae7545b6ec4e12dcd8365b46bba5c
Bacterialblight/BACTERAILBLIGHT4_107.JPG,Bacterialblight,1353,f8361abe723de417e7124d4d72f63c3e7c6fcf5c7af3ab066b570a035d069ed8
Bacterialblight/BACTERAILBLIGHT4_108.JPG,Bacterialblight,1427,5d6e7e7f91e3494bfef5962dd96840b1e60542f2f3d154cfbc4ad46f6ef1d83c
Bacterialblight/BACTERAILBLIGHT4_109.JPG,Bacterialblight,1428,16a1b0c3e0e8daa6e6e5065c70a27939e97c8cb650042bf9756502d3c2718ed6
Bacterialblight/BACTERAILBLIGHT4_110.JPG,Bacterialblight,1429,43c59cac5cc5c2ef50c6651b6de12ab10a264d7901b7fc88de8b5c03779e7dd5
Bacterialblight/BACTERAILBLIGHT4_111.jpg,Bacterialblight,1358,fa8a7cd87e955eb060d956b472b29ce614cd9755ba029465a515393f8b767303
Bacterialblight/BACTERAILBLIGHT4_112.jpg,Bacterialblight,1431,13cd78cb2587b91d2a98d1bd78681e795fc809b76a9c2c095e334c03b1478ead
Bacterialblight/BACTERAILBLIGHT4_113.jpg,Bacterialblight,1359,c77bcabedfc72d227d3370d3351d09e39c3779da4074749a4fac8c65ecab10fd
Bacterialblight/BACTERAILBLIGHT4_114.jpg,Bacterialblight,1433,3e31192f36f525d661cea45b807f6f67a1ac63260b2df8f26de538acbbdafd4c
Bacterialblight/BACTERAILBLIGHT4_115.jpg,Bacterialblight,1361,c585ea1c027e732439e1ac5f5dab6d9503a39f81472625a8bed922184eaa3213
Bacterialblight/BACTERAILBLIGHT4_116.jpg,Bacterialblight,1472,c9e1fcb8e2f59f01e80066d64cb4067b754df4216eb4c59b6dc43034622b1be7
Bacterialblight/BACTERAILBLIGHT4_117.jpg,Bacterialblight,1363,2ee5d981a0222a5342e02842017d1e99f6da115ffb09d751381494b5443bf853
Bacterialblight/BACTERAILBLIGHT4_118.jpg,Bacterialblight,1474,58e91fac4d6bf355858888151e69cde0e79d67632290d2bf79d43126d685e06e
Bacterialblight/BACTERAILBLIGHT4_119.jpg,Bacterialblight,1365,89cf190b932c38203f10c576058e131d9f97d335fc26a21c5685e468992eecd6
Bacterialblight/BACTERAILBLIGHT4_120.jpg,Bacterialblight,1476,0e7865660cf22af2adde8d633c229e4cb2d1be32aa9691690b72a99f39b34d35
Bacterialblight/BACTERAILBLIGHT4_121.jpg,Bacterialblight,1367,c96b9ca3707f75314e5feaee9f332862132be5e62070fae6a93db604876156ad
Bacterialblight/BACTERAILBLIGHT4_122.jpg,Bacterialblight,1478,eda37f323f97cd9e0bb59fbfc0dfd56f891a350418b0eab2df4c2a3ccc05e85a
Bacterialblight/BACTERAILBLIGHT4_123.jpg,Bacterialblight,1370,b87e9a4a173650ea2fc6587a9c37aeffcfa3c946ae573c64657da325eda6595c
Bacterialblight/BACTERAILBLIGHT4_124.jpg,Bacterialblight,1480,bb5ac603beae9d2987af2c482aa032601e3f51caa9b7fc88b1f1b60f6fb2a121
Bacterialblight/BACTERAILBLIGHT4_125.jpg,Bacterialblight,1371,1fc30b5f845d1aced6ea3144ba07585b34df703f4e9660de8082cf6b450c0abf
Bacterialblight/BACTERAILBLIGHT4_126.jpg,Bacterialblight,1481,3a3abd794abd2dd40292048c47064cdf81407fc4de5f6faa4626b7ec5ca05d2b
Bacterialblight/BACTERAILBLIGHT4_127.jpg,Bacterialblight,1373,3f5c684415c7439310352dec362ac4885adec1a7ef6629927b29a5382efc261f
Bacterialblight/BACTERAILBLIGHT4_128.jpg,Bacterialblight,1485,991568a9f2f4897c8ee5a60aa1a08cd7a102452f893d17422e239661bc1377b1
Bacterialblight/BACTERAILBLIGHT4_129.jpg,Bacterialblight,1375,2927ffee049c580bb8a637a528f0b6367475274cf7f7d74742a0964989ca98b3
Bacterialblight/BACTERAILBLIGHT4_130.jpg,Bacterialblight,1486,dcf38a191bd433ef07d43fba787c4cdffa4a2c13414bdcbdfea29580b4442835
Bacterialblight/BACTERAILBLIGHT4_131.jpg,Bacterialblight,1377,eadbd3911cdcb8926d1cbf7e034a30e8fb9641eab60d4c2a2d3e115a379c55c2
Bacterialblight/BACTERAILBLIGHT4_132.JPG,Bacterialblight,1451,1e150ad1c07af5ad29ebefdcb18d418d40ac912ff4e74f88b5acbeadacc64fe5
Bacterialblight/BACTERAILBLIGHT4_133.JPG,Bacterialblight,1379,88dfbdb9bd3eb74404da36b123ea2af97e6899550f208feabc0fc56f6fc31aca
Bacterialblight/BACTERAILBLIGHT4_134.JPG,Bacterialblight,1453,a12fec5104478e1314f0d496582198860e591f30cec995a7dd3237dea1c17f35
Bacterialblight/BACTERAILBLIGHT4_135.JPG,Bacterialblight,1381,c8d53809551431ad607d1417b95bacdc89aa0f03bda919a9a84bd22943430500
Bacterialblight/BACTERAILBLIGHT4_136.JPG,Bacterialblight,1455,429c622650e4819d7a5caf73f2eafc9424f92b87d4dc1dad5b209093afeda870
Bacterialblight/BACTERAILBLIGHT4_137.JPG,Bacterialblight,1385,8b9d3a5a89eac613b238b9dabfd53d5c3ef0ceca3ce7ce770a2195fb67513d85
Bacterialblight/BACTERAILBLIGHT4_138.JPG,Bacterialblight,1457,1f677335fe422caa628273896aec48457e7779bbfaeaafe01a45ad70b84560b1
Bacterialblight/BACTERAILBLIGHT4_139.JPG,Bacterialblight,1386,3e8859e5766bd93bf6e91ef06d75edb2829aeaaee63e16a3b0b2d57ee5c6a756
Bacterialblight/BACTERAILBLIGHT4_140.JPG,Bacterialblight,1459,a989799593e78e7355304088000351cb9e932bfef8f3b7ff4e992c5360ce6aea
Bacterialblight/BACTERAILBLIGHT4_141.JPG,Bacterialblight,1388,f5d1cb02af5d0d6d67347b10aeac4a7a0a8c0232d06bf4d7039c9553b1c5beaf
Bacterialblight/BACTERAILBLIGHT4_142.JPG,Bacterialblight,1461,548e13fefe20ade14ec3b9cbeffb335edbc095e5b9e51fa3f1f13b0b6a141800
Bacterialblight/BACTERAILBLIGHT4_143.JPG,Bacterialblight,1390,212f0361ac8fa04f7ac346329477bc30ece25105878dd749e6534ecd01df8bdc
Bacterialblight/BACTERAILBLIGHT4_144.JPG,Bacterialblight,1463,03cdc80da46774f7db60eadaa8a0c5278bebed89504f0b2fe64bba83ac0651c0
Bacterialblight/BACTERAILBLIGHT4_145.JPG,Bacterialblight,1464,c587f9eb7a4c6cbfa34528066f74a84d44e5bacb722a1de1004947d9b1c2085d
Bacterialblight/BACTERAILBLIGHT4_146.JPG,Bacterialblight,1465,2b9a36c21ed31402cd665565a1a97fb1837365cfc87f63c9f25971f54c4e1df0
Bacterialblight/BACTERAILBLIGHT4_147.jpg,Bacterialblight,1466,20f44ae7c30525134aa4a1e2edc6d4bca47efc7094720c316a490588ea717f36
Bacterialblight/BACTERAILBLIGHT4_148.jpg,Bacterialblight,1467,6591bbf01dd2be34ae6f7509afca4bfde547c6d2d18a5b8bb79f69c382e64eed
Bacterialblight/BACTERAILBLIGHT4_149.jpg,Bacterialblight,1468,333bc5bbaf814312dd4bf3b117237daf1c5dd5b6a4bdff1476fe051046a0d55e
Bacterialblight/BACTERAILBLIGHT4_150.jpg,Bacterialblight,1469,66b0b1a3b4b3fa347596399cbe6278582c87bdee528f95dc8ae1eb55f7befa29
Bacterialblight/BACTERAILBLIGHT4_151.jpg,Bacterialblight,1470,4f374a3207195ed2109269775f5ea44a163fb230b6d884b4d80075d1a8cc1974
Bacterialblight/BACTERAILBLIGHT4_152.jpg,Bacterialblight,1361,c585ea1c027e732439e1ac5f5dab6d9503a39f81472625a8bed922184eaa3213
Bacterialblight/BACTERAILBLIGHT4_153.jpg,Bacterialblight,1472,c9e1fcb8e2f59f01e80066d64cb4067b754df4216eb4c59b6dc43034622b1be7
Bacterialblight/BACTERAILBLIGHT4_154.jpg,Bacterialblight,1364,2a46a31a52106143d9ecfec1c66f70db551c0e6d50fe499d7470a720513d7eba
Bacterialblight/BACTERAILBLIGHT4_155.jpg,Bacterialblight,1474,58e91fac4d6bf355858888151e69cde0e79d67632290d2bf79d43126d685e06e
Bacterialblight/BACTERAILBLIGHT4_156.jpg,Bacterialblight,1365,89cf190b932c38203f10c576058e131d9f97d335fc26a21c5685e468992eecd6
Bacterialblight/BACTERAILBLIGHT4_157.jpg,Bacterialblight,1476,0e7865660cf22af2adde8d633c229e4cb2d1be32aa9691690b72a99f39b34d35
Bacterialblight/BACTERAILBLIGHT4_158.jpg,Bacterialblight,1367,c96b9ca3707f75314e5feaee9f332862132be5e62070fae6a93db604876156ad
Bacterialblight/BACTERAILBLIGHT4_159.jpg,Bacterialblight,1478,eda37f323f97cd9e0bb59fbfc0dfd56f891a350418b0eab2df4c2a3ccc05e85a
Bacterialblight/BACTERAILBLIGHT4_160.jpg,Bacterialblight,1370,b87e9a4a173650ea2fc6587a9c37aeffcfa3c946ae573c64657da325eda6595c
Bacterialblight/BACTERAILBLIGHT4_161.jpg,Bacterialblight,1480,bb5ac603beae9d2987af2c482aa032601e3f51caa9b7fc88b1f1b60f6fb2a121
Bacterialblight/BACTERAILBLIGHT4_162.jpg,Bacterialblight,1481,3a3abd794abd2dd40292048c47064cdf81407fc4de5f6faa4626b7ec5ca05d2b
Bacterialblight/BACTERAILBLIGHT4_163.jpg,Bacterialblight,1373,3f5c684415c7439310352dec362ac4885adec1a7ef6629927b29a5382efc261f
Bacterialblight/BACTERAILBLIGHT4_164.jpg,Bacterialblight,1483,fcf9c6483834bcc590f6e86263bf8ac77c0dfb0871457e6bd8dfd76349dd8c06
Bacterialblight/BACTERAILBLIGHT4_165.jpg,Bacterialblight,1484,65a899485d432a6620bbec3fa4d6606d0ee7644629e20e545bb7ba6129fb4086
Bacterialblight/BACTERAILBLIGHT4_166.jpg,Bacterialblight,1485,991568a9f2f4897c8ee5a60aa1a08cd7a102452f893d17422e239661bc1377b1
Bacterialblight/BACTERAILBLIGHT4_167.jpg,Bacterialblight,1486,dcf38a191bd433ef07d43fba787c4cdffa4a2c13414bdcbdfea29580b4442835
Bacterialblight/BACTERAILBLIGHT4_168.jpg,Bacterialblight,1332,069b22d9d6352df551d676af3d252c9613a964dca5829369e197d94e1b78ea4e
Bacterialblight/BACTERAILBLIGHT4_169.jpg,Bacterialblight,1333,6c2aeb9098b4f1aac0599ff3046dc9a019006d02b25df5e6e1ba6e091aabfda4
Bacterialblight/BACTERAILBLIGHT4_170.jpg,Bacterialblight,1505,c373c774622d5f5ce5f2b643d5ae94e0dd586f173502315860b972c8b09bf9ba
Bacterialblight/BACTERAILBLIGHT4_171.jpg,Bacterialblight,1335,00d607e3f117592617fb254d9c80626b8f55250dd11db83a9edcd82a6e7a0de7
Bacterialblight/BACTERAILBLIGHT4_172.jpg,Bacterialblight,1491,84d09b759e86c233b805090910179fda878001821fe3e25a395d076cecbd860e
Bacterialblight/BACTERAILBLIGHT4_173.jpg,Bacterialblight,1547,bd665b1707f869c9171daec88bc746b576163ddc0aa4804bdc9fbf60286ec9cd
Bacterialblight/BACTERAILBLIGHT4_174.jpg,Bacterialblight,1493,11a01b4186ddc0fdc36e7daa6bc202214f8a0112b27169db9d25274f344032b0
Bacterialblight/BACTERAILBLIGHT4_175.jpg,Bacterialblight,1339,90ef71e50e1a76d0cae04e3380181a64f4d507c75c1f9a5a8b8b1d5df91d5e7c
Bacterialblight/BACTERAILBLIGHT4_176.jpg,Bacterialblight,1495,59eb7d994122ee370ae02c7c719cc597505e0fe84559450a1b6dbef4e15914dd
Bacterialblight/BACTERAILBLIGHT4_177.JPG,Bacterialblight,1327,e259cf65fc485958e230619136e85010a48d318f6b79d50c6c0791ad313a9f45
Bacterialblight/BACTERAILBLIGHT4_178.jpg,Bacterialblight,1401,40bac162a5ab5f4057cc7edb57635c4a338e81f85809c848aea5675d561a8fdb
Bacterialblight/BACTERAILBLIGHT4_179.JPG,Bacterialblight,1329,094d7133ce585f4c57c4e2c1a7c9ed502d7a6c5a0c447f9323ca9e75aa961ab1
Bacterialblight/BACTERAILBLIGHT4_180.jpg,Bacterialblight,1505,c373c774622d5f5ce5f2b643d5ae94e0dd586f173502315860b972c8b09bf9ba
Bacterialblight/BACTERAILBLIGHT4_181.jpg,Bacterialblight,1333,6c2aeb9098b4f1aac0599ff3046dc9a019006d02b25df5e6e1ba6e091aabfda4
Bacterialblight/BACTERAILBLIGHT4_182.jpg,Bacterialblight,1505,c373c774622d5f5ce5f2b643d5ae94e0dd586f173502315860b972c8b09bf9ba
Bacterialblight/BACTERAILBLIGHT4_183.jpg,Bacterialblight,1335,00d607e3f117592617fb254d9c80626b8f55250dd11db83a9edcd82a6e7a0de7
Bacterialblight/BACTERAILBLIGHT4_184.jpg,Bacterialblight,1505,c373c774622d5f5ce5f2b643d5ae94e0dd586f173502315860b972c8b09bf9ba
Bacterialblight/BACTERAILBLIGHT4_185.jpg,Bacterialblight,1451,480e26a4c97a458fe659f227c5f3cda80e963ccff68d9d9f90f0c92aef91859f
Bacterialblight/BACTERAILBLIGHT4_186.jpg,Bacterialblight,1505,c373c774622d5f5ce5f2b643d5ae94e0dd586f173502315860b972c8b09bf9ba
Bacterialblight/BACTERAILBLIGHT4_187.jpg,Bacterialblight,1339,90ef71e50e1a76d0cae04e3380181a64f4d507c75c1f9a5a8b8b1d5df91d5e7c
Bacterialblight/BACTERAILBLIGHT4_188.jpg,Bacterialblight,1507,64e4f4d0731f14cebccf813d847ab2eaaf2c172e077932495b62a22cd1e00d14
Bacterialblight/BACTERAILBLIGHT4_189.jpg,Bacterialblight,1341,42c0df6942a45cf75525c7ac6a17038cdb392c991a362dd4b527110e5616dfa4
Bacterialblight/BACTERAILBLIGHT4_190.jpg,Bacterialblight,1525,10ae64bab1d83dc02c8c2a381ab1ba8d0381be7997c2401f29fc8dbcf587c96a
Bacterialblight/BACTERAILBLIGHT4_191.jpg,Bacterialblight,1343,c5225090c891e7bd24a00ccd57e33dd5ffeac1d50962a25f978f628e566940d3
Bacterialblight/BACTERAILBLIGHT4_192.jpg,Bacterialblight,1511,ec508fa6f0249d660ead491ceb8e124dae2e6c858f041cefc86d3ba71c26ab27
Bacterialblight/BACTERAILBLIGHT4_193.jpg,Bacterialblight,1512,335a14b5438de74b5d2f7e29be5ab82ed84a462f443ff769488db3123b7ccb28
Bacterialblight/BACTERAILBLIGHT4_194.jpg,Bacterialblight,1513,fead41cf607535c7b598693e93544988cfdbcfa5ed17daa90fda4dfb017d0fa2
Bacterialblight/BACTERAILBLIGHT4_195.jpg,Bacterialblight,1346,3e01955122ca47ff6f1949a708045d7e5598ad64171357117f69408b0e78c98b
Bacterialblight/BACTERAILBLIGHT4_196.jpg,Bacterialblight,1515,09a835cc5a59017be7f6bacce9cde9b8c4a9b91b1ee2e7c18bc8cecc1484da3c
Bacterialblight/BACTERAILBLIGHT4_197.jpg,Bacterialblight,1083,2c63588a4ff2673798baece8cda2f131a026eda7d82cc405548e8d090ada3858
Bacterialblight/BACTERAILBLIGHT4_198.jpg,Bacterialblight,1517,98035aeb0946ee71259b52c146aae8e870843106567831de126ed38112e3b8db
Bacterialblight/BACTERAILBLIGHT4_199.jpg,Bacterialblight,1350,c7b67f68af56414fd4c214d5c66a6caca7521eac863b8377ac719b3e153bd474
Bacterialblight/BACTERAILBLIGHT4_200.jpg,Bacterialblight,1519,61f447fbf5f0e2f49e480113a8ecec90a350c8acbeddc2eafea77424fc653168
Bacterialblight/BACTERAILBLIGHT4_201.jpg,Bacterialblight,1352,3939fa4e086f9ddd25074ddc64ea8cd83f2fb913da726902b2ad421e64a635f0
Bacterialblight/BACTERAILBLIGHT4_202.jpg,Bacterialblight,1521,b25d6efd4bd64c8da455d7983a7b6e9477cae7545b6ec4e12dcd8365b46bba5c
Bacterialblight/BACTERAILBLIGHT4_203.JPG,Bacterialblight,1354,9f3a9dbf21843a3582c64098f375485a6b99873796aa62558f4e455be0506b95
Bacterialblight/BACTERAILBLIGHT4_204.JPG,Bacterialblight,1523,8588fdb25133540a771e9b372f0c67f44a5c434e061c03ac11af83f5575723d8
Bacterialblight/BACTERAILBLIGHT4_205.JPG,Bacterialblight,1356,c8e678ada606111d80137cfe3ed51efe7efa1e45741df86cff0f1a3dfa22c4bd
Bacterialblight/BACTERAILBLIGHT4_206.JPG,Bacterialblight,1525,5634be27562639a280d4d6b41ce9971ee0cadbd18071b4f8eb59da18d7bfeaec
Bacterialblight/BACTERAILBLIGHT4_207.jpg,Bacterialblight,1358,6cc17aaf14b4f9d732674b74b855b466c4b3a1e2f99d776c8888aba710212139
Bacterialblight/BACTERAILBLIGHT4_208.jpg,Bacterialblight,1527,68e0572baa2efec101ac4a427c623de1a88168b5b96382f0061a6c0c3ef13e44
Bacterialblight/BACTERAILBLIGHT4_209.jpg,Bacterialblight,1528,a547ab5acd23563eb99c7820038ca3cb52d43d842753df9049fea16f55fb61d4
Bacterialblight/BACTERAILBLIGHT4_210.jpg,Bacterialblight,1529,bfbacec81d6fef8f352b5d43a00929947881a5035cd5dec367c29ce73c2abcc3
Bacterialblight/BACTERAILBLIGHT4_211.jpg,Bacterialblight,1362,fc951c2adb67ad71e914ce59796108eed0d3f87178b51f60076e07937dfce34f
Bacterialblight/BACTERAILBLIGHT4_212.jpg,Bacterialblight,1569,6ea705baf1dc406282a70ce71521f6fd5492e6043bdd8bfdc83755efeb78160b
Bacterialblight/BACTERAILBLIGHT4_213.jpg,Bacterialblight,1364,54512c2b78c1571d334f20d2eda9fa6dfac6959d92bcc584607a96bc4175ff52
Bacterialblight/BACTERAILBLIGHT4_214.jpg,Bacterialblight,1571,4335d742d148170ccca910a156b7f1bdc440a516cb3e48abcba2b9f1687799cf
Bacterialblight/BACTERAILBLIGHT4_215.jpg,Bacterialblight,1366,b2deec223278948930e492e93a70760737e73f9ed4726f6531fbbfe80c922f78
Bacterialblight/BACTERAILBLIGHT4_216.jpg,Bacterialblight,1573,9802f9e6eb701b5faea358e8d2fa54377afe9b5a73b1f66be93e11ffaf2ab20c
Bacterialblight/BACTERAILBLIGHT4_217.jpg,Bacterialblight,1368,027b3a1d5105741849efa74b87bcd945b4dbb152644c42bc5342d82d559884fc
Bacterialblight/BACTERAILBLIGHT4_218.jpg,Bacterialblight,1575,26f115e090d9a6f7ee52514f19f7becab60875193683e3959626307098f43bc3
Bacterialblight/BACTERAILBLIGHT4_219.jpg,Bacterialblight,1370,dd8669a5212134f19c83dfcbfd40c1542b688a5631fe006d938d03df0b495c8e
Bacterialblight/BACTERAILBLIGHT4_220.jpg,Bacterialblight,1577,1f3329abb3fb750df9dd47ac6330252b43bcd14d7f16f658005ae8ad34859dfe
Bacterialblight/BACTERAILBLIGHT4_221.jpg,Bacterialblight,1372,3b8adb708db74b5074f31f69fc36c65db5ec47cf7aa18a1a721d4cb8a443cd3c
Bacterialblight/BACTERAILBLIGHT4_222.jpg,Bacterialblight,1481,dfda0b9ff60818e79977a8ac821002a598d96fbb86d1b911219d9c958f9171ed
Bacterialblight/BACTERAILBLIGHT4_223.jpg,Bacterialblight,1374,6f21edc83f718e2f2ba3fe3a242d55608db82b64777f77d66b1f01e2bff0dea2
Bacterialblight/BACTERAILBLIGHT4_224.jpg,Bacterialblight,1582,6f36b84c9e10206b4eeafc2e5a062480ff2fcc4ae6aec7f49758b187419f4e7f
Bacterialblight/BACTERAILBLIGHT4_225.jpg,Bacterialblight,1376,6fad6be909210221d4143a645ea062005129b20575786d565f88e7dfb2e315bc
Bacterialblight/BACTERAILBLIGHT4_226.jpg,Bacterialblight,1583,4c4065cbcca7b2106a2c7971e395a5a17e3862ce3a2464ed704d5cd16bf6ee1d
Bacterialblight/BACTERAILBLIGHT4_227.jpg,Bacterialblight,1378,a38e7b9479a3c234f7781808b90d14d58404611dbcd0082339f6e5d813b1af2d
Bacterialblight/BACTERAILBLIGHT4_228.JPG,Bacterialblight,1547,3212f5b56e939d8b358ec219332a434d0e352798003410e2d04e66d0512b1f92
Bacterialblight/BACTERAILBLIGHT4_229.JPG,Bacterialblight,1380,e41866078761ab02aff2e22d8d0d9416493b373ee966d484f2cee1ec943fc4c6
Bacterialblight/BACTERAILBLIGHT4_230.JPG,Bacterialblight,1549,c41c54599e18aa1cbab91c12b8fbfe6a8b6d29f6812cc7cdd1f267fe7587167c
Bacterialblight/BACTERAILBLIGHT4_231.JPG,Bacterialblight,1382,cf7acf1ad3af6a35d09e771cad50327a629b4b15d40304f18daa55aff027ee13
Bacterialblight/BACTERAILBLIGHT4_232.JPG,Bacterialblight,1551,f94eeee2d51eb297a5117bf002868a13b1074e73ac69c7dcc57efe8bd3c24db6
Bacterialblight/BACTERAILBLIGHT4_233.JPG,Bacterialblight,1384,dfb5b32830e1c0a37cac429b919e284bd29298cc2798b0b2a6762b2c0d7a277f
Bacterialblight/BACTERAILBLIGHT4_234.JPG,Bacterialblight,1457,731dfa3089e7a74713e4d42806e78205af6f3b9543a005031366bc1960ced755
Bacterialblight/BACTERAILBLIGHT4_235.JPG,Bacterialblight,1387,70febd546a10c6f642a92df2f1363f896569b9ad863a2e8d13c1489fcccbee8a
Bacterialblight/BACTERAILBLIGHT4_236.JPG,Bacterialblight,1555,ee5fd92fa7f4fac6252e02348092163c4b64129c35f2a734a427b2787cf4aa35
Bacterialblight/BACTERAILBLIGHT4_237.JPG,Bacterialblight,1556,c86cea1db5aaccd241b8ab6d64069f02c5e9849ad3c74aff47df3d4a64cad323
Bacterialblight/BACTERAILBLIGHT4_238.JPG,Bacterialblight,1389,a6a7ee78e3b336b53ce5f655b043a829743701761af03c99a367d0f593dea5a6
Bacterialblight/BACTERAILBLIGHT4_239.JPG,Bacterialblight,1461,4d441ad40cc7e720bb3941005b9352499ba63ac71b5382e1141eb68bb5645fad
Bacterialblight/BACTERAILBLIGHT4_240.JPG,Bacterialblight,1391,035cecf066ba2914bb0a0daf478067e5ff5e7ec01ed937e2b8ee4c1064765320
Bacterialblight/BACTERAILBLIGHT4_241.JPG,Bacterialblight,1560,9cf36c39cbf2cbdf60af5a4ec591e1e85cd35551406237acebc5341f2bcc9666
Bacterialblight/BACTERAILBLIGHT4_242.JPG,Bacterialblight,1464,6c25b2a76e13756aa529382fb63a983dcd38c9edd0986d2a79d64c06b5420aae
Bacterialblight/BACTERAILBLIGHT4_243.JPG,Bacterialblight,1562,1b0138e26c44cb1498a95c0c719df533a05f873cb8d1a18645d3fca8cb9254e4
Bacterialblight/BACTERAILBLIGHT4_244.jpg,Bacterialblight,1563,81f7828ef39d639a4c0cd0b55566a77dff3b800d048f74a4b5a98dac02ca210f
Bacterialblight/BACTERAILBLIGHT4_245.jpg,Bacterialblight,1564,c4e709a8820ca9f6ac32af1c1b482053b3608d314970faa95ec51e80bb7a84b4
Bacterialblight/BACTERAILBLIGHT4_246.jpg,Bacterialblight,1565,47f4af81f9e38b61709d3a42a3d592993cb6b79a11ef650e7150696241baa98c
Bacterialblight/BACTERAILBLIGHT4_247.jpg,Bacterialblight,1566,22a9f7c4b462a36f3604fb95ec8f384666733574e88ab147cebfc1b778eded0e
Bacterialblight/BACTERAILBLIGHT4_248.jpg,Bacterialblight,1567,0b50b8198ab309b1918e9b0b3ae03070a3e1e203ef9474ee4dc0948a70c5864b
Bacterialblight/BACTERAILBLIGHT4_249.jpg,Bacterialblight,1362,fc951c2adb67ad71e914ce59796108eed0d3f87178b51f60076e07937dfce34f
Bacterialblight/BACTERAILBLIGHT4_250.jpg,Bacterialblight,1569,6ea705baf1dc406282a70ce71521f6fd5492e6043bdd8bfdc83755efeb78160b
Bacterialblight/BACTERAILBLIGHT4_251.jpg,Bacterialblight,1363,2ee5d981a0222a5342e02842017d1e99f6da115ffb09d751381494b5443bf853
Bacterialblight/BACTERAILBLIGHT4_252.jpg,Bacterialblight,1571,4335d742d148170ccca910a156b7f1bdc440a516cb3e48abcba2b9f1687799cf
Bacterialblight/BACTERAILBLIGHT4_253.jpg,Bacterialblight,1366,b2deec223278948930e492e93a70760737e73f9ed4726f6531fbbfe80c922f78
Bacterialblight/BACTERAILBLIGHT4_254.jpg,Bacterialblight,1573,9802f9e6eb701b5faea358e8d2fa54377afe9b5a73b1f66be93e11ffaf2ab20c
Bacterialblight/BACTERAILBLIGHT4_255.jpg,Bacterialblight,1368,027b3a1d5105741849efa74b87bcd945b4dbb152644c42bc5342d82d559884fc
Bacterialblight/BACTERAILBLIGHT4_256.jpg,Bacterialblight,1575,26f115e090d9a6f7ee52514f19f7becab60875193683e3959626307098f43bc3
Bacterialblight/BACTERAILBLIGHT4_257.jpg,Bacterialblight,1370,c3e9a4502c9c934f81159403e27d39eb789027c10255f01fb07bffc3edcf98e5
Bacterialblight/BACTERAILBLIGHT4_258.jpg,Bacterialblight,1577,1f3329abb3fb750df9dd47ac6330252b43bcd14d7f16f658005ae8ad34859dfe
Bacterialblight/BACTERAILBLIGHT4_259.jpg,Bacterialblight,1481,dfda0b9ff60818e79977a8ac821002a598d96fbb86d1b911219d9c958f9171ed
Bacterialblight/BACTERAILBLIGHT4_260.jpg,Bacterialblight,1374,6f21edc83f718e2f2ba3fe3a242d55608db82b64777f77d66b1f01e2bff0dea2
Bacterialblight/BACTERAILBLIGHT4_261.jpg,Bacterialblight,1580,bc8dd3ac23042064c68b0dcae9e181c3b44d6deb418da1e1852886f2b92776bb
Bacterialblight/BACTERAILBLIGHT4_262.jpg,Bacterialblight,1581,3a0a7207bd01d5143516df6bb51e9c36426d4bc37b351a11aecdb74bcb414fdf
Bacterialblight/BACTERAILBLIGHT4_263.jpg,Bacterialblight,1582,6f36b84c9e10206b4eeafc2e5a062480ff2fcc4ae6aec7f49758b187419f4e7f
Bacterialblight/BACTERAILBLIGHT4_264.jpg,Bacterialblight,1583,4c4065cbcca7b2106a2c7971e395a5a17e3862ce3a2464ed704d5cd16bf6ee1d
Bacterialblight/BACTERAILBLIGHT5_001.jpg,Bacterialblight,1335,3ef5f22e5b096e1b1b68623454a714ba91c5eb73fc87a2adfb29a9bcc96ce797
Bacterialblight/BACTERAILBLIGHT5_002.jpg,Bacterialblight,1334,1468673d6b6f442b9c72893578279bbe4b8dc0c238ae759ef2f076e5a98b5d23
Bacterialblight/BACTERAILBLIGHT5_003.jpg,Bacterialblight,1547,a0371b3ceec5f8198eae6aa48c978155f5f6ccdb618904039cbc82f731c82199
Bacterialblight/BACTERAILBLIGHT5_004.jpg,Bacterialblight,1451,66b62b0675beee1f399767c5451a5080962bbae3114c5efc357537568b1cae31
Bacterialblight/BACTERAILBLIGHT5_005.jpg,Bacterialblight,1339,8816654cbbb8f02ecd5d036b2891e8b067817d4173dbbecb0de68dc89bb9fd49
Bacterialblight/BACTERAILBLIGHT5_006.jpg,Bacterialblight,1338,a4bdea423d26e8d6afd9120c5f44c2db500b604b97068919dae1a3dda5188c3b
Bacterialblight/BACTERAILBLIGHT5_007.jpg,Bacterialblight,1327,453cde326100b143de14507e6bb4f7adb962f98dde5d137435abde203def2aa4
Bacterialblight/BACTERAILBLIGHT5_008.jpg,Bacterialblight,1326,17ec242ffdb5bbde5f66e222d2e027fdc778b4f66ab360a03a153e3928ef4f48
Bacterialblight/BACTERAILBLIGHT5_009.jpg,Bacterialblight,1329,0e6d0699123d04a4dd81d7e5a07c9c51775cdbadc71ce7338e83de2351529921
Bacterialblight/BACTERAILBLIGHT5_010.jpg,Bacterialblight,1328,6544d905e358106929a49609d1ff69412cdf15f29cbab2fd157f486ed9b598af
Bacterialblight/BACTERAILBLIGHT5_011.jpg,Bacterialblight,1333,d22c2898d3579173b47bad1993b94a8d0505a3d9e3788ae2785c2b9e80c1bfec
Bacterialblight/BACTERAILBLIGHT5_012.jpg,Bacterialblight,1332,300672ac1af475882491f1e39160759863f058b3130fe49110bb65d98dda151a
Bacterialblight/BACTERAILBLIGHT5_013.jpg,Bacterialblight,1333,fc18f19c6cb3362e07e3930a2f90b497250f3ff710af8a8be9d329a00e41becd
Bacterialblight/BACTERAILBLIGHT5_014.jpg,Bacterialblight,1332,e73643be9cc45aa2c6cbb7f17c9bf87e64d6dbc7a10fd6157615b6aa75ee519a
Bacterialblight/BACTERAILBLIGHT5_015.jpg,Bacterialblight,1335,e2ba579c9a9669bd03464ba2bebc83150dd7e74033fb6453caca3458667e1abc
Bacterialblight/BACTERAILBLIGHT5_016.jpg,Bacterialblight,1334,62246fb717aa79e71544a0cd7aa666059530fdb47ec820e42672316bf492cd47
Bacterialblight/BACTERAILBLIGHT5_017.jpg,Bacterialblight,1451,71b7b7a2220ef2418e76ce2b62da9d4b60f41ad237843a29acc1b9ae870cab68
Bacterialblight/BACTERAILBLIGHT5_018.jpg,Bacterialblight,1547,b4288634942bde7c12ce2f6459f114e248d0a3340b616caca3f02866bbf22f45
Bacterialblight/BACTERAILBLIGHT5_019.jpg,Bacterialblight,1339,0aaf7a3e3311f7127fe73031fba625bd060049b2fc1a9a55e52c370bb2b730af
Bacterialblight/BACTERAILBLIGHT5_020.jpg,Bacterialblight,1338,e6e6807232307533e7dc41f5e3a970e6240ae9fee516b698779881f09de09acc
Bacterialblight/BACTERAILBLIGHT5_021.jpg,Bacterialblight,1341,bfb26fbaf829b845744576e4af89c77fed340969cc8f51db71a8b027218aaa82
Bacterialblight/BACTERAILBLIGHT5_022.jpg,Bacterialblight,1340,e0021a0d2393b3ef9c1d66fb754e06b60557acde9468b8d5f35a69b50b811115
Bacterialblight/BACTERAILBLIGHT5_023.jpg,Bacterialblight,1343,472cf5df6c76ceaa924d38ae7c458e9eee2689d6e21e74f0234a38d5d99f09ba
Bacterialblight/BACTERAILBLIGHT5_024.jpg,Bacterialblight,1343,97f0e2581666f106317397f7af328487093566afdb37b711260b03971d1e7019
Bacterialblight/BACTERAILBLIGHT5_025.jpg,Bacterialblight,1512,84b9aab73f85db4d309363596025528a805a95d89fe85010f72c3d3af22364d6
Bacterialblight/BACTERAILBLIGHT5_026.jpg,Bacterialblight,1346,d721a4237339a02c41ed4a2b0873a40db993c6d593d8096c0f80eb88744259e7
Bacterialblight/BACTERAILBLIGHT5_027.jpg,Bacterialblight,1345,17130bf71a1a2b0067ca9838d51bc17042acbc024bfc2a7f8888697e1731ead1
Bacterialblight/BACTERAILBLIGHT5_028.jpg,Bacterialblight,1516,bebfd10fc7913c98df2a782d4c37c4cd82596c6e7fe8777b13def8e7a1b13863
Bacterialblight/BACTERAILBLIGHT5_029.jpg,Bacterialblight,1083,a8d2ab3f469614b6dca398ba10cfca86dcab2ebdcccd0634b6adec6ae27f6808
Bacterialblight/BACTERAILBLIGHT5_030.jpg,Bacterialblight,1350,e7a879152dc70c492b91e0bd2942d0b8a6ee2e875f88af1a6a46ddcf2cb29d6d
Bacterialblight/BACTERAILBLIGHT5_031.jpg,Bacterialblight,1349,b8df700cc3dcb015f7cb1a199336d25ecde3c4d3abde7178d7b6db51a6f5ae75
Bacterialblight/BACTERAILBLIGHT5_032.jpg,Bacterialblight,1352,aa610cbb0ae698dd048ceff9ffbcbb340a405560f4d853fc1bd02dd599a87759
Bacterialblight/BACTERAILBLIGHT5_033.jpg,Bacterialblight,1351,1b0598d2c65c52c57a11dd5b2f8340c16988b4103c729e87b3f71ac4316ddc6b
Bacterialblight/BACTERAILBLIGHT5_034.jpg,Bacterialblight,1354,01d416ebd118df0d074c99a4e1e3d6cd183cc72caf5132cb448521763278e494
Bacterialblight/BACTERAILBLIGHT5_035.jpg,Bacterialblight,1353,69dc460b0f6633d208d6b27799e97248484494b54584db3fca7bb5da4fede1a1
Bacterialblight/BACTERAILBLIGHT5_036.jpg,Bacterialblight,1356,2b050c41cd467e6366e17ec9ac496c1cd33aa807d376300778d3d8d6d2436967
Bacterialblight/BACTERAILBLIGHT5_037.jpg,Bacterialblight,1428,2d60f6540ad990e0878cf8caf0d50a45e107b83bba9c565c52c72188093a958a
Bacterialblight/BACTERAILBLIGHT5_038.jpg,Bacterialblight,1358,8ce1b25bc2856f4cbd384afabff0888e485d4ea7edee9ef36a652afbb785e529
Bacterialblight/BACTERAILBLIGHT5_039.jpg,Bacterialblight,1358,16343dec3c6e60278619cd88fbd3601dc327b9118d4213e77a7fbb9564557e47
Bacterialblight/BACTERAILBLIGHT5_040.jpg,Bacterialblight,1528,d64e7433abdcedc5a5a9b0ce210bfc33e7369e7cb0a8811f39d005814fa1f67b
Bacterialblight/BACTERAILBLIGHT5_041.jpg,Bacterialblight,1528,8373f5a1a61fc9e832d0c1bc76f7ab49e555bf588238e1743a22a059870e9575
Bacterialblight/BACTERAILBLIGHT5_042.jpg,Bacterialblight,1362,4d5e502598786266badf93a0d4d3d30e78474ba803540d651b7e2c71d6ac5618
Bacterialblight/BACTERAILBLIGHT5_043.jpg,Bacterialblight,1361,16a216b8290d5e6300c331ef2c796dbe961d69549d3c194d83eb689f3620bc34
Bacterialblight/BACTERAILBLIGHT5_044.jpg,Bacterialblight,1364,780f709538ef3a99e83eebeafdd23004c7f0beec148da1fe9c575ba02072d75c
Bacterialblight/BACTERAILBLIGHT5_045.jpg,Bacterialblight,1363,a89c735e126a5b365c0a10fd2802c5fc825ec4c2f8ef0282ce75b46ce3925ed1
Bacterialblight/BACTERAILBLIGHT5_046.jpg,Bacterialblight,1366,c0d51110b91e2e2db8d526391f48e2b3c163d9ed23c228f2af0918bd12885cfd
Bacterialblight/BACTERAILBLIGHT5_047.jpg,Bacterialblight,1365,06b0defdd2084575842360f9b5b9cc212fe2e53c4897c596653e1ec8ebda4978
Bacterialblight/BACTERAILBLIGHT5_048.jpg,Bacterialblight,1368,e684035d900338cc19bdfaf42a19cb5bbd7169b7bbe06b783c8de03e95d59a9c
Bacterialblight/BACTERAILBLIGHT5_049.jpg,Bacterialblight,1367,3a49b67bf4d783268ed2d59dac15ffc8c607b886a87724e96a4109b362321636
Bacterialblight/BACTERAILBLIGHT5_050.jpg,Bacterialblight,1370,b3d181831eb38ef4afe64a238e5642f381b60556f3eef3ce9c07f2e07677e4c7
Bacterialblight/BACTERAILBLIGHT5_051.jpg,Bacterialblight,1370,2f9a1b4f1a6b7d9c07a2c0735821c6f00e7e2af6453e2f8a4be71572c7d6a3ea
Bacterialblight/BACTERAILBLIGHT5_052.jpg,Bacterialblight,1372,8701a65467196dc6767fb8a96fd28accf1d02c09943ed102464983a88ad5af5b
Bacterialblight/BACTERAILBLIGHT5_053.jpg,Bacterialblight,1371,6d1baa86a7ac4e96b03541bb7fc7dd2c9c63963c482c50284b7f43f48be1f9e3
Bacterialblight/BACTERAILBLIGHT5_054.jpg,Bacterialblight,1374,ce8180f935f2797b8b708349573b613e5d2f786c6ed473be09d7f48c091ae291
Bacterialblight/BACTERAILBLIGHT5_055.jpg,Bacterialblight,1373,c8ee2e4cf0e90e34647466a935832e2fe101d960f14010578b21855577ccc32a
Bacterialblight/BACTERAILBLIGHT5_056.jpg,Bacterialblight,1376,022c4d31c11fc14541c1c7b195eb405edbf98e879e3ed83ae69226f0a8fdee93
Bacterialblight/BACTERAILBLIGHT5_057.jpg,Bacterialblight,1375,0efa35304c966b923c9a0bfda3de8824e840837762df45ce93b1521d5157447c
Bacterialblight/BACTERAILBLIGHT5_058.jpg,Bacterialblight,1378,9a5c2cb257490b6c6b3fadf78b86cf819559f39dc59c5ada03ded0c6e0ffc44a
Bacterialblight/BACTERAILBLIGHT5_059.jpg,Bacterialblight,1377,9b5395f5ea240e43ad72cf73bbcf430d2c2356a0a070b04c6ea7964eb0688342
Bacterialblight/BACTERAILBLIGHT5_060.jpg,Bacterialblight,1380,e1ad4996f1fa97a437bcdae67b20a2516569022febbcad0b730b1761d862d10a
Bacterialblight/BACTERAILBLIGHT5_061.jpg,Bacterialblight,1379,8906ed34b7da13cb2ef12fcacde7948abb7748928c7a0d9d3be13a4658ac25de
Bacterialblight/BACTERAILBLIGHT5_062.jpg,Bacterialblight,1382,ce28dccddce27a0524536b09d4fca8ec2de4e7ce2983b59ce1c4abd520490f4b
Bacterialblight/BACTERAILBLIGHT5_063.jpg,Bacterialblight,1381,9dc8a1ef801b50315676d81839df47f780b0e7667cc4081b0ff1c71ae02f22ca
Bacterialblight/BACTERAILBLIGHT5_064.jpg,Bacterialblight,1384,39cb65b3b183b69133c1a532ed67f0a8ae3a75fac38f80e6b5d3413b91166e20
Bacterialblight/BACTERAILBLIGHT5_065.jpg,Bacterialblight,1385,6bfe7e3339ac889f6a75cf6b3b47e2e169b247e3c1ada74bef59ede2a8630ab4
Bacterialblight/BACTERAILBLIGHT5_066.jpg,Bacterialblight,1384,01b11ec10574f5b671c605e402048de881278a3a50653256e56f4b09ec3d5382
Bacterialblight/BACTERAILBLIGHT5_067.jpg,Bacterialblight,1387,a8126db213a02fa0f284066ac6954d12f79dec27a66d5837bb879387ee789aec
Bacterialblight/BACTERAILBLIGHT5_068.jpg,Bacterialblight,1386,78e58e128f2fbddbd606dcc84a5a6b5c19d6ffcf2c6a87c402efc1b0f4721c9b
Bacterialblight/BACTERAILBLIGHT5_069.jpg,Bacterialblight,1557,b3cf283de96d494e8b0055d3fe6ce37918690e134b5c839053a6c88b42086616
Bacterialblight/BACTERAILBLIGHT5_070.jpg,Bacterialblight,1388,2fad5ececa037b8409002a4ae8e442446c7f44230669b1e6f2e10654d99e92e1
Bacterialblight/BACTERAILBLIGHT5_071.jpg,Bacterialblight,1391,1aa56b02ba4a8ff6ac3b574dbcf13a041f8d949d389f9e8d73ea71e88005574e
Bacterialblight/BACTERAILBLIGHT5_072.jpg,Bacterialblight,1390,e269dfa045e0ea1dec5e115048dc30224f9a37731b713c2767dce2532635659f
Bacterialblight/BACTERAILBLIGHT5_073.jpg,Bacterialblight,1335,707078a612c27b7e57ef99febec8080d359adfd74ff849fed0dcb090ac4a3469
Bacterialblight/BACTERAILBLIGHT5_074.jpg,Bacterialblight,1505,b362eafb5809bf6004b61b236ad4f9b99c4096761d1998d7809dd1b59d63170b
Bacterialblight/BACTERAILBLIGHT5_075.jpg,Bacterialblight,1547,7313b7c119e5fa20dce0472ba7c94af20f9004932906b956ba5c6356e3923b3a
Bacterialblight/BACTERAILBLIGHT5_076.jpg,Bacterialblight,1491,40cae6669078495d595d07e9f06517170d48d0996fe7fdf1472e364fa3d8418b
Bacterialblight/BACTERAILBLIGHT5_077.jpg,Bacterialblight,1339,97a48f9977d26a84c64cf3ac8933e178069f60972e9c90f92ae1d79ee1dac6aa
Bacterialblight/BACTERAILBLIGHT5_078.jpg,Bacterialblight,1493,37cdf8d689805b1364e43abeef89aa378aea50ceb3b1c00bbc9c60f8f0c84a6f
Bacterialblight/BACTERAILBLIGHT5_079.JPG,Bacterialblight,1327,9cd67a1265a82001f60e0d90837ffce2458719a7bb62f7452269cc00b80c8d7f
Bacterialblight/BACTERAILBLIGHT5_080.jpg,Bacterialblight,1495,8a1f067a855b8cf71e02265b6b3c6537c8ad1843e837c7625833b8e730d7eb72
Bacterialblight/BACTERAILBLIGHT5_081.JPG,Bacterialblight,1329,86a7abe067b91fe4648330c86e89c36bfb9a68379f308f3569f6a960f8b7794a
Bacterialblight/BACTERAILBLIGHT5_082.jpg,Bacterialblight,1401,cd750d2950b1cc8ec317523062c994f44026cf34dd8c317a8f609d6e48f1ab46
Bacterialblight/BACTERAILBLIGHT5_083.jpg,Bacterialblight,1333,605bc972a2e1958593ce0e870cab47ecbab91814836baa024f06ff7c0baf88ef
Bacterialblight/BACTERAILBLIGHT5_084.jpg,Bacterialblight,1505,b362eafb5809bf6004b61b236ad4f9b99c4096761d1998d7809dd1b59d63170b
Bacterialblight/BACTERAILBLIGHT5_085.jpg,Bacterialblight,1333,605bc972a2e1958593ce0e870cab47ecbab91814836baa024f06ff7c0baf88ef
Bacterialblight/BACTERAILBLIGHT5_086.jpg,Bacterialblight,1505,b362eafb5809bf6004b61b236ad4f9b99c4096761d1998d7809dd1b59d63170b
Bacterialblight/BACTERAILBLIGHT5_087.jpg,Bacterialblight,1335,707078a612c27b7e57ef99febec8080d359adfd74ff849fed0dcb090ac4a3469
Bacterialblight/BACTERAILBLIGHT5_088.jpg,Bacterialblight,1505,b362eafb5809bf6004b61b236ad4f9b99c4096761d1998d7809dd1b59d63170b
Bacterialblight/BACTERAILBLIGHT5_089.jpg,Bacterialblight,1451,d6b6541f7c2f84898d2f65f76f30ac0c74f21611d04429c443f38edb7b6212d4
Bacterialblight/BACTERAILBLIGHT5_090.jpg,Bacterialblight,1505,b362eafb5809bf6004b61b236ad4f9b99c4096761d1998d7809dd1b59d63170b
Bacterialblight/BACTERAILBLIGHT5_091.jpg,Bacterialblight,1339,97a48f9977d26a84c64cf3ac8933e178069f60972e9c90f92ae1d79ee1dac6aa
Bacterialblight/BACTERAILBLIGHT5_092.jpg,Bacterialblight,1507,2eb9a6826f7f836b4b7b74deef5ca3a994228507d3afa35e94d9964dedaab408
Bacterialblight/BACTERAILBLIGHT5_093.jpg,Bacterialblight,1341,9807af221e0fff0c034ca76f609b92ca5260b07ff681324f9686463d9e2fd0fd
Bacterialblight/BACTERAILBLIGHT5_094.jpg,Bacterialblight,1525,55da8cc211d0a67e493f7cfc126996f6f38d5e34b832b9b037cadc5abbf273d3
Bacterialblight/BACTERAILBLIGHT5_095.jpg,Bacterialblight,1343,53c5acd4624aa2d0146f5d044ba1706385a54bfbd9533de8df829feeeddba8b1
Bacterialblight/BACTERAILBLIGHT5_096.jpg,Bacterialblight,1511,0c2d0d51e3f5fdb3d915fb9d4b343d453c5594f81e0d417c2f3507b64198b8a6
Bacterialblight/BACTERAILBLIGHT5_097.jpg,Bacterialblight,1512,c7171dd16927ec8e04b9cafce566b207ba69e4a2f960d85cfc6bb6da8625776b
Bacterialblight/BACTERAILBLIGHT5_098.jpg,Bacterialblight,1513,bbcc8cc925b4ddaa798b2b3a807bac5d56136d823f03811a2b49a2de3d948f9c
Bacterialblight/BACTERAILBLIGHT5_099.jpg,Bacterialblight,1346,6c2d14a3c1091f6748d3a2c0dcc8d3f024ba35df37ea7bf9cc009bd486b8a5d4
Bacterialblight/BACTERAILBLIGHT5_100.jpg,Bacterialblight,1515,e578579b46b688fc51f598b499d3fd18571e4c41e5b5aef036ea7fefbda11752
Bacterialblight/BACTERAILBLIGHT5_101.jpg,Bacterialblight,1083,a496be9b27c13deaed8dcbccd977909ddfedc04e266b67e0adbde4f30baba064
Bacterialblight/BACTERAILBLIGHT5_102.jpg,Bacterialblight,1517,3be6ccae91f3017f7cf14c876759d8f83dd24332d0f9aef22e653a13b32f8392
Bacterialblight/BACTERAILBLIGHT5_103.jpg,Bacterialblight,1350,e2b5ad47da25e637233cd03e0bf5ce52c408e7ade2f903de13980088de2922d7
Bacterialblight/BACTERAILBLIGHT5_104.jpg,Bacterialblight,1519,24b69cbdc0688710319759338d2780676b34c4e5b6bed55fd1cce0ed780aed35
Bacterialblight/BACTERAILBLIGHT5_105.jpg,Bacterialblight,1352,69c62fd15b861a3e8474924bbb0bfefc90984f13b984d4d625a8c82957fdffef
Bacterialblight/BACTERAILBLIGHT5_106.jpg,Bacterialblight,1257,0bb429b7a653493fe1c33fba50ac9784f2e2c9600b40b5f607cf52ebd65f0b89
Bacterialblight/BACTERAILBLIGHT5_107.JPG,Bacterialblight,1354,bd13bbd948e135b4019a8a2b537471d49a26322c5c2743d4f034192fcd748feb
Bacterialblight/BACTERAILBLIGHT5_108.JPG,Bacterialblight,1523,d2074360625daf192fce27be5b09dfb61b0beb9efe55235661a35061e8c73bf0
Bacterialblight/BACTERAILBLIGHT5_109.JPG,Bacterialblight,1356,3d67d3bbbde0d675d20441eecf5804f11ab778b334140eba319ab3086b45996a
Bacterialblight/BACTERAILBLIGHT5_110.JPG,Bacterialblight,1525,5718b0000d7bfeb3ed2801582ad13511ded4f2bbf392a9babf0002e69d23ccea
Bacterialblight/BACTERAILBLIGHT5_111.jpg,Bacterialblight,1358,602e6a70ba0355b999e3e62b5dbd798365039cb8b63f396eb273c95b1674688b
Bacterialblight/BACTERAILBLIGHT5_112.jpg,Bacterialblight,1527,955f1155d6908076ba7db69907b9529c665db60ab5cafd1878c541b35f840acf
Bacterialblight/BACTERAILBLIGHT5_113.jpg,Bacterialblight,1528,a10e18b865180525998b705ae4a724df6cbe953cc0c8bf6aea856b4f757527b3
Bacterialblight/BACTERAILBLIGHT5_114.jpg,Bacterialblight,1529,1ae8820a0c5778456bfceedac6e292944f7f884b8cd2d5d0f7e0c56be66a3479
Bacterialblight/BACTERAILBLIGHT5_115.jpg,Bacterialblight,1362,66fcce99978ab7475a17c6287fbd4591d34298514d4186a596a0706b9bfaa2b5
Bacterialblight/BACTERAILBLIGHT5_116.jpg,Bacterialblight,1569,a75732a345ad92a08119ef92a39eeb8146244b489ab23269d1a90f00a9432c66
Bacterialblight/BACTERAILBLIGHT5_117.jpg,Bacterialblight,1364,e2f41c3731b175a53ca66800a0224e4a5d9e85edccb2c7beaee3a7a8d1827311
Bacterialblight/BACTERAILBLIGHT5_118.jpg,Bacterialblight,1571,f41d9ec3a8b79ee3296eec2fbfdd4866e11620384fbbe0084286937412fefa25
Bacterialblight/BACTERAILBLIGHT5_119.jpg,Bacterialblight,1366,63b0d555a556c598d84f7a3d67d7efbb388aa2ebb1db3e308eafaff5cdc026b5
Bacterialblight/BACTERAILBLIGHT5_120.jpg,Bacterialblight,1573,e7ed207584fd800894934c4e027fa408b201369989f3ffb83596b31874cc2018
Bacterialblight/BACTERAILBLIGHT5_121.jpg,Bacterialblight,1368,0c83bd49a4d2f67f9875c48c5ceb3219915062d5b4582a60f58d81a612a05d87
Bacterialblight/BACTERAILBLIGHT5_122.jpg,Bacterialblight,1575,37df4bc7f1859c0e5a76410cb2e0f8006687d50a785faca0eb4554bb8e14d82c
Bacterialblight/BACTERAILBLIGHT5_123.jpg,Bacterialblight,1370,26241bade54351eb87458e4cf086eeff00d887090dae0eb03fedf61cd0d39621
Bacterialblight/BACTERAILBLIGHT5_124.jpg,Bacterialblight,1577,ba199341a5d55845b55500d684f95aaf40fac82730fb0de90a288eb1c285af1f
Bacterialblight/BACTERAILBLIGHT5_125.jpg,Bacterialblight,1372,914f752e70b481f92d7572822a8009aa92a590b79852ec5325a23f71ea1bd9e1
Bacterialblight/BACTERAILBLIGHT5_126.jpg,Bacterialblight,1481,56eccb9c3ac3c3cd5aa00b3a41782743ddac03d8aa53866f13cf359358e53657
Bacterialblight/BACTERAILBLIGHT5_127.jpg,Bacterialblight,1374,c8e89842ca3e829910c84eeb493a8456d5b17bcd71ec260ae3e4944af13c886f
Bacterialblight/BACTERAILBLIGHT5_128.jpg,Bacterialblight,1582,af069063acc0e1c84d05f025f9581662951c45b86d12ca82b9b39cd74b2b9eec
Bacterialblight/BACTERAILBLIGHT5_129.jpg,Bacterialblight,1376,9c8ed07463c17012e0ef3d2064a7e8180c6d3a5d95e8649abd7abe06e113b06d
Bacterialblight/BACTERAILBLIGHT5_130.jpg,Bacterialblight,1583,2ea771db9e55f27df52ff771fcf5d7b413ed96c4afff320ffb48d07f42a2b716
Bacterialblight/BACTERAILBLIGHT5_131.jpg,Bacterialblight,1378,62b7504a61d9903519d50942947044e4e7c2e9d84fa184ddf2e6090ac5db7675
Bacterialblight/BACTERAILBLIGHT5_132.JPG,Bacterialblight,1547,b6d9b3bc84dbfdeb731b07cabf10af329e3d2e52477d505c993260290d73995b
Bacterialblight/BACTERAILBLIGHT5_133.JPG,Bacterialblight,1380,8007cbf6bff486032b980c306c32298ffb60285089911e524b7f79a3dc6f3e55
Bacterialblight/BACTERAILBLIGHT5_134.JPG,Bacterialblight,1549,5e339d0b8177bff6dff32b70ec5963fe30bbe8aa47957ea5be329b56840146be
Bacterialblight/BACTERAILBLIGHT5_135.JPG,Bacterialblight,1382,8ca3e342108ea6038b67b97a4e3572057f5d8ded3ec35a9ebb91bbba01d0af30
Bacterialblight/BACTERAILBLIGHT5_136.JPG,Bacterialblight,1551,daaef460c49793d9b9bf2ddaff8079f1a11d5e407ad1dbd228e0f1b44b8b8206
Bacterialblight/BACTERAILBLIGHT5_137.JPG,Bacterialblight,1384,1d83d584e7e56f9a3db2aa2da0c7302d80a5e54087f62e85dc9dd18bc61700d5
Bacterialblight/BACTERAILBLIGHT5_138.JPG,Bacterialblight,1457,d81d77774e82a5204bd1cd76d17b9425c919fd967e5c3041f070c987f235397b
Bacterialblight/BACTERAILBLIGHT5_139.JPG,Bacterialblight,1387,981c7f123e991346ac7675db4ebfd2374ca7cb80dd8d47f604b0bcfe7843edf3
Bacterialblight/BACTERAILBLIGHT5_140.JPG,Bacterialblight,1555,a0bf6d720c2cc6fa9d68a4c59a913ed2024b67115576f531f6bb33c0fa7895cb
Bacterialblight/BACTERAILBLIGHT5_141.JPG,Bacterialblight,1389,fddc4ab83f308df1582a81999aaba16be739a14f928af0224e557bf4b555f651
Bacterialblight/BACTERAILBLIGHT5_142.JPG,Bacterialblight,1461,ad6a78061a518a8478840fb24def969f635c7daff988e82f6eb1b03deb422163
Bacterialblight/BACTERAILBLIGHT5_143.JPG,Bacterialblight,1391,977a0bdcc3f427f97a5ecc30d642f9357066dbcb38fd883eec74469a42b9d1fd
Bacterialblight/BACTERAILBLIGHT5_144.JPG,Bacterialblight,1560,a388b3f770295da6fb1f9ca43b268f6a63e68a6c731e1ee750adccd2f39a676e
Bacterialblight/BACTERAILBLIGHT5_145.JPG,Bacterialblight,1464,73a9c20e7a60dbb1b7bbd34174d3d4d5370bb3cc0c9446abe28fb566f8375597
Bacterialblight/BACTERAILBLIGHT5_146.JPG,Bacterialblight,1562,514f2a2bc43db01c0d5d35c0d32593e91ab21ade31c0801356511a182219315b
Bacterialblight/BACTERAILBLIGHT5_147.jpg,Bacterialblight,1563,bc36e810d04e40353559b54d3e548f214d751fd6f044ae49d40938cd6a2aba86
Bacterialblight/BACTERAILBLIGHT5_148.jpg,Bacterialblight,1564,562c52936524eef4bcab4437fb16b7b2b5b8c368d35c2eb7678999f42c980f2f
Bacterialblight/BACTERAILBLIGHT5_149.jpg,Bacterialblight,1204,4c661965b1177cf1bf0ae983a2bb0bf05d061d670e15a7cdd211f3b8bff0e998
Bacterialblight/BACTERAILBLIGHT5_150.jpg,Bacterialblight,1566,2f06883c6b1cd7bd0bbd71ac69b63e8fd55db7df4081f7c4d89fac3766809672
Bacterialblight/BACTERAILBLIGHT5_151.jpg,Bacterialblight,1567,12a4b6b3579898677609221272761cd14a47e4535a47148a55fbea6f8ec1c02c
Bacterialblight/BACTERAILBLIGHT5_152.jpg,Bacterialblight,1362,66fcce99978ab7475a17c6287fbd4591d34298514d4186a596a0706b9bfaa2b5
Bacterialblight/BACTERAILBLIGHT5_153.jpg,Bacterialblight,1569,a75732a345ad92a08119ef92a39eeb8146244b489ab23269d1a90f00a9432c66
Bacterialblight/BACTERAILBLIGHT5_154.jpg,Bacterialblight,1363,aa229e8751b1a6e4fbe8f966671612c002086f2bdbe664af1d87c6ff4623977c
Bacterialblight/BACTERAILBLIGHT5_155.jpg,Bacterialblight,1571,f41d9ec3a8b79ee3296eec2fbfdd4866e11620384fbbe0084286937412fefa25
Bacterialblight/BACTERAILBLIGHT5_156.jpg,Bacterialblight,1366,63b0d555a556c598d84f7a3d67d7efbb388aa2ebb1db3e308eafaff5cdc026b5
Bacterialblight/BACTERAILBLIGHT5_157.jpg,Bacterialblight,1573,e7ed207584fd800894934c4e027fa408b201369989f3ffb83596b31874cc2018
Bacterialblight/BACTERAILBLIGHT5_158.jpg,Bacterialblight,1368,0c83bd49a4d2f67f9875c48c5ceb3219915062d5b4582a60f58d81a612a05d87
Bacterialblight/BACTERAILBLIGHT5_159.jpg,Bacterialblight,1575,37df4bc7f1859c0e5a76410cb2e0f8006687d50a785faca0eb4554bb8e14d82c
Bacterialblight/BACTERAILBLIGHT5_160.jpg,Bacterialblight,1370,26241bade54351eb87458e4cf086eeff00d887090dae0eb03fedf61cd0d39621
Bacterialblight/BACTERAILBLIGHT5_161.jpg,Bacterialblight,1577,ba199341a5d55845b55500d684f95aaf40fac82730fb0de90a288eb1c285af1f
Bacterialblight/BACTERAILBLIGHT5_162.jpg,Bacterialblight,1481,56eccb9c3ac3c3cd5aa00b3a41782743ddac03d8aa53866f13cf359358e53657
Bacterialblight/BACTERAILBLIGHT5_163.jpg,Bacterialblight,1374,c8e89842ca3e829910c84eeb493a8456d5b17bcd71ec260ae3e4944af13c886f
Bacterialblight/BACTERAILBLIGHT5_164.jpg,Bacterialblight,1580,9a2390b7c763eac87ad6e964dadfcf243bd77e4e15a9b49bb00842c2be7bc357
Bacterialblight/BACTERAILBLIGHT5_165.jpg,Bacterialblight,1581,3e4cd9968198da81da76793fa3f339188f752642b7aec0cf957128b9450c332f
Bacterialblight/BACTERAILBLIGHT5_166.jpg,Bacterialblight,1582,af069063acc0e1c84d05f025f9581662951c45b86d12ca82b9b39cd74b2b9eec
Bacterialblight/BACTERAILBLIGHT5_167.jpg,Bacterialblight,1583,2ea771db9e55f27df52ff771fcf5d7b413ed96c4afff320ffb48d07f42a2b716
Bacterialblight/BACTERAILBLIGHT5_168.jpg,Bacterialblight,1333,605bc972a2e1958593ce0e870cab47ecbab91814836baa024f06ff7c0baf88ef
Bacterialblight/BACTERAILBLIGHT5_169.jpg,Bacterialblight,1332,449cf3dec2a487eb6cabcb16337dfbd5a625e70920e4158c6104b97afc45c5f9
Bacterialblight/BACTERAILBLIGHT5_170.jpg,Bacterialblight,1409,901ff5becc8b5b33b7c6abe75ad88deec69ffecb60b72849841f2fa1b371ab12
Bacterialblight/BACTERAILBLIGHT5_171.jpg,Bacterialblight,1334,d00e8b63c51195cb37dd21502e9794d655e6f878977f6222360f0b1ecd146494
Bacterialblight/BACTERAILBLIGHT5_172.jpg,Bacterialblight,1395,b934cec356417c4f8f8bf6979aa51cdef5bb7bfd79dc51d6e8dfa53f0e6bdcd9
Bacterialblight/BACTERAILBLIGHT5_173.jpg,Bacterialblight,1451,d6b6541f7c2f84898d2f65f76f30ac0c74f21611d04429c443f38edb7b6212d4
Bacterialblight/BACTERAILBLIGHT5_174.jpg,Bacterialblight,1397,348f2455716d6cbb80f79658b3bb3440dc6b964491e7ae885a071a438310601f
Bacterialblight/BACTERAILBLIGHT5_175.jpg,Bacterialblight,1338,3146212b6c31edeb1adf473fd5a1f3106498ab0a669dea834b813a04fa95cd45
Bacterialblight/BACTERAILBLIGHT5_176.jpg,Bacterialblight,1399,f7da4b24f5d6fc81b8072420de7de8d0cb9e20d50e6589c3d970fd906f508536
Bacterialblight/BACTERAILBLIGHT5_177.JPG,Bacterialblight,1326,b08ea71bda42a342e21cd3018f01dbbbe6ea3df1575c7518d7432f8efa220b88
Bacterialblight/BACTERAILBLIGHT5_178.jpg,Bacterialblight,1401,f9d62b315566f1f15f91731564d1bc28efd47ca7201eaf4b289573a9c3f149b2
Bacterialblight/BACTERAILBLIGHT5_179.JPG,Bacterialblight,1328,0071b415d67bffc3588d2dbb59798a3a4c55f16e419cb8f8c11a18dbec68428e
Bacterialblight/BACTERAILBLIGHT5_180.jpg,Bacterialblight,1409,901ff5becc8b5b33b7c6abe75ad88deec69ffecb60b72849841f2fa1b371ab12
Bacterialblight/BACTERAILBLIGHT5_181.jpg,Bacterialblight,1332,449cf3dec2a487eb6cabcb16337dfbd5a625e70920e4158c6104b97afc45c5f9
Bacterialblight/BACTERAILBLIGHT5_182.jpg,Bacterialblight,1409,901ff5becc8b5b33b7c6abe75ad88deec69ffecb60b72849841f2fa1b371ab12
Bacterialblight/BACTERAILBLIGHT5_183.jpg,Bacterialblight,1334,d00e8b63c51195cb37dd21502e9794d655e6f878977f6222360f0b1ecd146494
Bacterialblight/BACTERAILBLIGHT5_184.jpg,Bacterialblight,1409,901ff5becc8b5b33b7c6abe75ad88deec69ffecb60b72849841f2fa1b371ab12
Bacterialblight/BACTERAILBLIGHT5_185.jpg,Bacterialblight,1547,6cbab18b461f9f79a8e6b1c572d2f78a548e3d6c7b9b3ca7563227e6ff88b895
Bacterialblight/BACTERAILBLIGHT5_186.jpg,Bacterialblight,1409,901ff5becc8b5b33b7c6abe75ad88deec69ffecb60b72849841f2fa1b371ab12
Bacterialblight/BACTERAILBLIGHT5_187.jpg,Bacterialblight,1338,3146212b6c31edeb1adf473fd5a1f3106498ab0a669dea834b813a04fa95cd45
Bacterialblight/BACTERAILBLIGHT5_188.jpg,Bacterialblight,1411,af266ea35d40dbe62ae5b11065149eaa932a25596ffd41516b37b4d63b4ceccd
Bacterialblight/BACTERAILBLIGHT5_189.jpg,Bacterialblight,1340,06ca7f697ae180c15dc1a46df5e4eb0befb55708556392c5e77446a0b4089375
Bacterialblight/BACTERAILBLIGHT5_190.jpg,Bacterialblight,1413,96739e2524b6a26cd3f657d4491c309087fa1f2d46cfad7acc71923a49ac4928
Bacterialblight/BACTERAILBLIGHT5_191.jpg,Bacterialblight,1343,9137e44fe51cd2724ab5abe9306bfe7d4820fa8c56062f7398ce55d34f0a1d16
Bacterialblight/BACTERAILBLIGHT5_192.jpg,Bacterialblight,1415,d1f88dbce8c92b4ffefb58bbcc21d786c7fe25007579cb0e02b8af2f939e5748
Bacterialblight/BACTERAILBLIGHT5_193.jpg,Bacterialblight,1344,65f7848e2ce2c6910531399dd64f98eb0a701fc57e946f41f2bb2cc21d89399b
Bacterialblight/BACTERAILBLIGHT5_194.jpg,Bacterialblight,1417,8aceda7608997efa9b05a0f8c743bb9a6bb09c36d534c76899aadb7a0d42b080
Bacterialblight/BACTERAILBLIGHT5_195.jpg,Bacterialblight,1345,6376d863cb6bbd324b0e4fda858387021dee6bdc67ccba6873c6eb01f989ab27
Bacterialblight/BACTERAILBLIGHT5_196.jpg,Bacterialblight,1419,6aba15cf4e415d81984cc45d6fe55425fbc7601cbbaf6b09fcbf64d567216e51
Bacterialblight/BACTERAILBLIGHT5_197.jpg,Bacterialblight,1347,8b3db5730c821a46e8ffdf19fefcc6d268df0ca67f3209bbb73d8011192a43dc
Bacterialblight/BACTERAILBLIGHT5_198.jpg,Bacterialblight,1421,a0aedaceef2f0c393ca8a2f9d6e72df187b9500fb18e42d7a6b842c7df64b0d9
Bacterialblight/BACTERAILBLIGHT5_199.jpg,Bacterialblight,1349,e2e4e1ced1335ba15f542003285e16d36efc0d81e23421a4a3983557eb4dd9bf
Bacterialblight/BACTERAILBLIGHT5_200.jpg,Bacterialblight,1519,091f8a99b893a201549816a2d689aa8cee4581f5f21e3e50c7e49b8fe525685c
Bacterialblight/BACTERAILBLIGHT5_201.jpg,Bacterialblight,1351,eb1565c7112156a2112a83c049743dae21ca469f49b9de08db82e6348dbf86e7
Bacterialblight/BACTERAILBLIGHT5_202.jpg,Bacterialblight,1257,0bb429b7a653493fe1c33fba50ac9784f2e2c9600b40b5f607cf52ebd65f0b89
Bacterialblight/BACTERAILBLIGHT5_203.JPG,Bacterialblight,1353,6bf8cf259159d02830ec76d7308bd28dfebe08301d4297b15698b3592c6a8722
Bacterialblight/BACTERAILBLIGHT5_204.JPG,Bacterialblight,1427,1d3d7bd6160ed14f912c7122ea97a4bb1a0eff7a5564e0c7dea92a344cf14dbc
Bacterialblight/BACTERAILBLIGHT5_205.JPG,Bacterialblight,1428,c30a58d53561db69f72110e2d990f7e8528538140994673391d6d5831c3ae7d1
Bacterialblight/BACTERAILBLIGHT5_206.JPG,Bacterialblight,1429,700e3096d00b73ab9c62ea2c9b0ac61c1a3ff0d9ca274208ce45f8e94711319e
Bacterialblight/BACTERAILBLIGHT5_207.jpg,Bacterialblight,1358,35a705ca836665628dbefc0a4f7c44ae6b121a4e858ca3795a5cae5f51e80082
Bacterialblight/BACTERAILBLIGHT5_208.jpg,Bacterialblight,1431,d317f7f3273ce64ff6a4052847f74a95f38d7b368fea5b5ef672f98b4547312d
Bacterialblight/BACTERAILBLIGHT5_209.jpg,Bacterialblight,1359,3eb60a9d9c3bfa72b8ef77702a07ef0883b1190d485593cccb1500e63eab9d65
Bacterialblight/BACTERAILBLIGHT5_210.jpg,Bacterialblight,1433,4689ec1f805fb4cb921544245812a95ec9468e5d56d13089540cba4f66f61cd2
Bacterialblight/BACTERAILBLIGHT5_211.jpg,Bacterialblight,1361,47bdd57935a506283cfd240bb28896c6ddf1e6e3a5f445eb0062571b9d0653c4
Bacterialblight/BACTERAILBLIGHT5_212.jpg,Bacterialblight,1472,599e8d0bdff4b4beee3bb41796391df733e2a16719860874ad9dbf2f331342ea
Bacterialblight/BACTERAILBLIGHT5_213.jpg,Bacterialblight,1363,ee7cd472f97726397a2733a1a0a5d5b73688cb346a721f97b1a217e6b55513d4
Bacterialblight/BACTERAILBLIGHT5_214.jpg,Bacterialblight,1474,100f774f10c68bac20c8bb9ee40ea16ee472fc14470678030ef962fb7fc9f125
Bacterialblight/BACTERAILBLIGHT5_215.jpg,Bacterialblight,1365,454a29db1ef31b7f590a39ea0c4944ceaa4dcd9b20fd8c34ce2365cb6b0b5dc4
Bacterialblight/BACTERAILBLIGHT5_216.jpg,Bacterialblight,1476,0db0b45e3df83475f15163b87445ff168203817a9bb0703ba13d497f78a0c9fd
Bacterialblight/BACTERAILBLIGHT5_217.jpg,Bacterialblight,1367,c23ae2ddfb3207fd61e23564fcd031c98f7b610d57c5e36b21cbecea0addaec9
Bacterialblight/BACTERAILBLIGHT5_218.jpg,Bacterialblight,1478,3b97f54c4fd21c70e0e0125ba1734183d821d07e697fc79a4dac03d10d724d71
Bacterialblight/BACTERAILBLIGHT5_219.jpg,Bacterialblight,1370,350aaf777a88720321c9cbfe2030813bfdd38090e43df8e91e06bb76baf78a3c
Bacterialblight/BACTERAILBLIGHT5_220.jpg,Bacterialblight,1480,a57bb1039b0490e8df9b1d26c92287c4f1533bf4d59b64f069a652b7f257d276
Bacterialblight/BACTERAILBLIGHT5_221.jpg,Bacterialblight,1371,a261b016332fe950ba20f6c4dc78eaf458895b9466e221a91d82260a80c81b9f
Bacterialblight/BACTERAILBLIGHT5_222.jpg,Bacterialblight,1481,bcff72c839b9f2de861354e720b22cf7a195eb13c2460c1c4d41364ded26824b
Bacterialblight/BACTERAILBLIGHT5_223.jpg,Bacterialblight,1373,ad21f83a8dfdcdfbd13550a5cf3ba1e4ba01af89f45ca291025942cb51c6600c
Bacterialblight/BACTERAILBLIGHT5_224.jpg,Bacterialblight,1485,dfadd714b2f86337b0e5e50ef05cbd06537de7c5ce8c7bde95a085af8e712a71
Bacterialblight/BACTERAILBLIGHT5_225.jpg,Bacterialblight,1375,96cc657a77bd4c5fb1df48328cd21676c830b6fa02491c5b655b0fefbf1bd92b
Bacterialblight/BACTERAILBLIGHT5_226.jpg,Bacterialblight,1486,757ef06a2dd49aa431c6f5a69373a32c6aec8e698b43a01f896a2a23927f65fb
Bacterialblight/BACTERAILBLIGHT5_227.jpg,Bacterialblight,1377,8294cb48ea00e75cb03c09f5dd79e650e7186914ad51fcdb489248a86ee77301
Bacterialblight/BACTERAILBLIGHT5_228.JPG,Bacterialblight,1451,6a5210d74c59fcfd7ba57e018326b070a443c141028d93ddbb0fde82678ab874
Bacterialblight/BACTERAILBLIGHT5_229.JPG,Bacterialblight,1379,43db48705f9701321cba147084d8752011961e4ac82e60365f4eb47bee06af65
Bacterialblight/BACTERAILBLIGHT5_230.JPG,Bacterialblight,1453,7f50d3c79bfaaaad7b45efbd072725283be555e78f7e6992f7b824bb556bf152
Bacterialblight/BACTERAILBLIGHT5_231.JPG,Bacterialblight,1381,7cb440721b1e7ce89ea8bad591d106b67ad09915de73c9cc837b3333bc46f418
Bacterialblight/BACTERAILBLIGHT5_232.JPG,Bacterialblight,1455,ecf047faa82f27b775a997f32109eab1926dba050a801b481fe51eb6d0ec506b
Bacterialblight/BACTERAILBLIGHT5_233.JPG,Bacterialblight,1385,5e78cd0a2d86258e05bbbf688362b9af75fa90e34bbe4e40e75f87e0be0a446c
Bacterialblight/BACTERAILBLIGHT5_234.JPG,Bacterialblight,1457,4e82f6f268f83a6fb549ec88270c17f501b810e7f45656dfc1e4acce78e91294
Bacterialblight/BACTERAILBLIGHT5_235.JPG,Bacterialblight,1386,24b7dbf0bbf9b214146ee1d6ca9018ee3b65fad0a357bd476d81fdab9957748e
Bacterialblight/BACTERAILBLIGHT5_236.JPG,Bacterialblight,1459,6e6f067cb7f1fa9ccbf8b831205abb44b2bfdff85e544db433b40589014a4df8
Bacterialblight/BACTERAILBLIGHT5_237.JPG,Bacterialblight,1292,41d7c42ba3cee829d24d90b91669d62b9fdb5bf69e7dc858728962dcd0ea3228
Bacterialblight/BACTERAILBLIGHT5_238.JPG,Bacterialblight,1388,8c36bdbe46a35bf2afb1c83532226738916edceddd92f9f498efd1682d837d9c
Bacterialblight/BACTERAILBLIGHT5_239.JPG,Bacterialblight,1461,55922cedc229c692a26c4fa0ca075ed391574606be57a69decd99a69be825049
Bacterialblight/BACTERAILBLIGHT5_240.JPG,Bacterialblight,1390,dbd50aa5265eedbd9baadaf405e4c4b8138403df325b6188e6de5937bb794ae9
Bacterialblight/BACTERAILBLIGHT5_241.JPG,Bacterialblight,1463,8a76d1c19b7925c5c11e30a298cdecdf8b1264d721dbeefcb007aedc62012342
Bacterialblight/BACTERAILBLIGHT5_242.JPG,Bacterialblight,1464,57bfc967efb030cea4aa5efcab6079ec0a535b4add66b23fb2d4ef0548b746c5
Bacterialblight/BACTERAILBLIGHT5_243.JPG,Bacterialblight,1465,c0c56f450b3c1f2b692d327726809faa8898eb7d42a69c98b23bc59b32078ee8
Bacterialblight/BACTERAILBLIGHT5_244.jpg,Bacterialblight,1466,0305e53152a08d3d769fb4e6ef0fc59c5326ff458c81f534dfa84613012dd577
Bacterialblight/BACTERAILBLIGHT5_245.jpg,Bacterialblight,1467,858d04bd7aa7dc6963ba25e48c26aaafc427bc05cbb5f6d9fa5ba6fd39aa1f28
Bacterialblight/BACTERAILBLIGHT5_246.jpg,Bacterialblight,1301,2fc35625485328feb93f776f02c7fc25228feca69edae2b46bbeb21c5d6e1f7d
Bacterialblight/BACTERAILBLIGHT5_247.jpg,Bacterialblight,1469,563a1e406e2fb89522c79638e6039c9d9bd9fb8b8d03ae9347e8a5505a400e04
Bacterialblight/BACTERAILBLIGHT5_248.jpg,Bacterialblight,1470,e7550e8319ece6a07c09aefb77ead3f1c8d0d694f9eb7bca57485d36c81293ad
Bacterialblight/BACTERAILBLIGHT5_249.jpg,Bacterialblight,1361,47bdd57935a506283cfd240bb28896c6ddf1e6e3a5f445eb0062571b9d0653c4
Bacterialblight/BACTERAILBLIGHT5_250.jpg,Bacterialblight,1472,599e8d0bdff4b4beee3bb41796391df733e2a16719860874ad9dbf2f331342ea
Bacterialblight/BACTERAILBLIGHT5_251.jpg,Bacterialblight,1364,e2f41c3731b175a53ca66800a0224e4a5d9e85edccb2c7beaee3a7a8d1827311
Bacterialblight/BACTERAILBLIGHT5_252.jpg,Bacterialblight,1474,100f774f10c68bac20c8bb9ee40ea16ee472fc14470678030ef962fb7fc9f125
Bacterialblight/BACTERAILBLIGHT5_253.jpg,Bacterialblight,1365,454a29db1ef31b7f590a39ea0c4944ceaa4dcd9b20fd8c34ce2365cb6b0b5dc4
Bacterialblight/BACTERAILBLIGHT5_254.jpg,Bacterialblight,1476,0db0b45e3df83475f15163b87445ff168203817a9bb0703ba13d497f78a0c9fd
Bacterialblight/BACTERAILBLIGHT5_255.jpg,Bacterialblight,1367,c23ae2ddfb3207fd61e23564fcd031c98f7b610d57c5e36b21cbecea0addaec9
Bacterialblight/BACTERAILBLIGHT5_256.jpg,Bacterialblight,1478,3b97f54c4fd21c70e0e0125ba1734183d821d07e697fc79a4dac03d10d724d71
Bacterialblight/BACTERAILBLIGHT5_257.jpg,Bacterialblight,1370,16155826ea954f92b940dfd0fa5bfa4de0f5d68f9d2fc531fc2b62c40866f05d
Bacterialblight/BACTERAILBLIGHT5_258.jpg,Bacterialblight,1480,a57bb1039b0490e8df9b1d26c92287c4f1533bf4d59b64f069a652b7f257d276
Bacterialblight/BACTERAILBLIGHT5_259.jpg,Bacterialblight,1481,bcff72c839b9f2de861354e720b22cf7a195eb13c2460c1c4d41364ded26824b
Bacterialblight/BACTERAILBLIGHT5_260.jpg,Bacterialblight,1373,ad21f83a8dfdcdfbd13550a5cf3ba1e4ba01af89f45ca291025942cb51c6600c
Bacterialblight/BACTERAILBLIGHT5_261.jpg,Bacterialblight,1483,3effedb527dc9f3e4e108565113f2e28201c52ac5552a1cd0609f9fff78f3e2b
Bacterialblight/BACTERAILBLIGHT5_262.jpg,Bacterialblight,1484,3f930bea950dda59e810f25451de6d1cf6f20ef9bf9f011eefaabf1497ec831c
Bacterialblight/BACTERAILBLIGHT5_263.jpg,Bacterialblight,1485,dfadd714b2f86337b0e5e50ef05cbd06537de7c5ce8c7bde95a085af8e712a71
Bacterialblight/BACTERAILBLIGHT5_264.jpg,Bacterialblight,1486,757ef06a2dd49aa431c6f5a69373a32c6aec8e698b43a01f896a2a23927f65fb
Bacterialblight/BACTERIALBLIGHT1_001.jpg,Bacterialblight,974,87c1c7dc4bfe7b37d4fc44022aa2c5bdb4fcc8896380a7cc0a78326404ed1b9a
Bacterialblight/BACTERIALBLIGHT1_002.jpg,Bacterialblight,878,2fb3ddad0a5e3abfd1af10fb4d8e0be62e8e2a3e6699659483a7877e96af07bc
Bacterialblight/BACTERIALBLIGHT1_003.jpg,Bacterialblight,1019,c55ba67bcdc83d183caec9c7c1ced6add800f517e255dd2cef09af9422b10c4c
Bacterialblight/BACTERIALBLIGHT1_004.jpg,Bacterialblight,1547,7b7aca87a23cdfbe87c78e7955d31c836559903552da7125c3bbe6ec8b9c2ed7
Bacterialblight/BACTERIALBLIGHT1_005.jpg,Bacterialblight,1339,8de91482aa17a6b14db60a536e2754a5f9e6fa37778abc31dd39fdf2150501f3
Bacterialblight/BACTERIALBLIGHT1_006.jpg,Bacterialblight,1339,9bc35244a29226ae7917c5cae30c291f681d16fd5e1fe2606484d9028d8b3a89
Bacterialblight/BACTERIALBLIGHT1_007.jpg,Bacterialblight,968,98a848a4fb908e69fca3407d78799980db79cb52a1b55c365cbda7b182be9614
Bacterialblight/BACTERIALBLIGHT1_008.jpg,Bacterialblight,968,54d9d748c647cedff881e97262e122c1f984299320772c23a26d98d51903d3b5
Bacterialblight/BACTERIALBLIGHT1_009.jpg,Bacterialblight,970,0ebb187b991a83d5beaa524c6411de53bc269f46ceb529f2a554210893269b11
Bacterialblight/BACTERIALBLIGHT1_010.jpg,Bacterialblight,872,2e11c3202854f71017b8d891d11c46b2d57a239cfaf634071f0402e75e4c6ee8
Bacterialblight/BACTERIALBLIGHT1_011.jpg,Bacterialblight,972,00d25faee969057b75dc9ac07a17cf385849f6a2b8bfde55355a4f77fa4e140c
Bacterialblight/BACTERIALBLIGHT1_012.jpg,Bacterialblight,959,1f930985d2b64e1cb7e30dd59e2a7d89e3572931a09d7b3b115a7d722d4b0f46
Bacterialblight/BACTERIALBLIGHT1_013.jpg,Bacterialblight,972,7d852c358172bc2ddea883740bafee5b25b14e18d11ae4d5e18d95d8b85aa30c
Bacterialblight/BACTERIALBLIGHT1_014.jpg,Bacterialblight,959,1f9af705c04c4ef1dbd7d4424d9d3790930ab18c250c47451f05e36347dff433
Bacterialblight/BACTERIALBLIGHT1_015.jpg,Bacterialblight,974,11e831c3014983b6d1dff9d5aa0379c5d7ac38d608f5695d48ef8a08be14d808
Bacterialblight/BACTERIALBLIGHT1_016.jpg,Bacterialblight,878,014b9bc73b1291582e1501f78e6433f765fee446fd533c609809bfa8bb269f1a
Bacterialblight/BACTERIALBLIGHT1_017.jpg,Bacterialblight,1547,fd18a2f982661d65123168898e5d21b8d3fb91d32259c02668610095254804bb
Bacterialblight/BACTERIALBLIGHT1_018.jpg,Bacterialblight,1019,75f1add288f4badd6ef866b49ef21018d628092e24da589890dd134be25f0897
Bacterialblight/BACTERIALBLIGHT1_019.jpg,Bacterialblight,1339,ee9df14d10cb4b8b714c435aa5d47d7f5e6ad411379f94275c448d35eae8e0b3
Bacterialblight/BACTERIALBLIGHT1_020.jpg,Bacterialblight,1339,bbf0386b07d80bb6d7d13aacc918ac7867084660f26f8eb6102c2d0616aaca17
Bacterialblight/BACTERIALBLIGHT1_021.jpg,Bacterialblight,980,dfd5625604a424cd3658abf58a4b48998be9d5ced69397a2ebefb1805868f658
Bacterialblight/BACTERIALBLIGHT1_022.jpg,Bacterialblight,884,3d2c919f2ac594cf83a3dbc27edfda2e02ab3be696b01cd2e3ee9ad99d8af1b5
Bacterialblight/BACTERIALBLIGHT1_023.jpg,Bacterialblight,886,79df22791c00312b4f6fa69dde9218371561cc8906feea244c6a7a709cd2a426
Bacterialblight/BACTERIALBLIGHT1_024.jpg,Bacterialblight,886,8e7ff8744c23b07312bf8d3bd772557c956aa6f87db8239e9b5181770220f3b0
Bacterialblight/BACTERIALBLIGHT1_025.jpg,Bacterialblight,984,8fadbe08a1721f499fe1129123be87e431129923e6168a8c6abab4f285f293bd
Bacterialblight/BACTERIALBLIGHT1_026.jpg,Bacterialblight,890,77780f83ec17585687febe0983debdc598add8cd4302801ec10450a9797335d3
Bacterialblight/BACTERIALBLIGHT1_027.jpg,Bacterialblight,890,c5d3fd6c67d1f0852e33dfe1165f8b86c4406b4b577fc57b327f0decaa501c5f
Bacterialblight/BACTERIALBLIGHT1_028.jpg,Bacterialblight,819,9888df01f314509342dbeaeb72749ea75487bccdb309d4bb5468aa28fb965fb9
Bacterialblight/BACTERIALBLIGHT1_029.jpg,Bacterialblight,892,1df2a95c3cfedd4493ea8185949c0d298a13e16fd7a6545c75f041b63de2d9ee
Bacterialblight/BACTERIALBLIGHT1_030.jpg,Bacterialblight,990,56f4947af15c61a3acb518e5a448084fd66e57a5acd31cf63cec805b476cfffc
Bacterialblight/BACTERIALBLIGHT1_031.jpg,Bacterialblight,894,22782793730cc26048eea85499f58348504639134d8882b5710ead369a88c8eb
Bacterialblight/BACTERIALBLIGHT1_032.jpg,Bacterialblight,992,5673fa612689888ab47398dee8276ae82c7948cb26f4cb5d1f0958e62f57f861
Bacterialblight/BACTERIALBLIGHT1_033.jpg,Bacterialblight,896,a43cc271e168bfaeb2d672b7d88924ddafdbf81060d67eae96849ca667bb7e8d
Bacterialblight/BACTERIALBLIGHT1_034.jpg,Bacterialblight,994,c435aec263447c65383800e32abf055357841b36017ce858e36aa14a4d5ac49f
Bacterialblight/BACTERIALBLIGHT1_035.jpg,Bacterialblight,898,7a3e88f4133f30fdc0dc9a6396500d0440388076549c6bd0c5b370838b97355b
Bacterialblight/BACTERIALBLIGHT1_036.jpg,Bacterialblight,828,82cc889148269a8beeaed073e0c6d05765b0fd0bfc6df052cdb809738b4acdfe
Bacterialblight/BACTERIALBLIGHT1_037.jpg,Bacterialblight,828,3cd1c0a55308db9bad0702b571c7d144e45de0411823c3712fd2be6deb5b8e20
Bacterialblight/BACTERIALBLIGHT1_038.jpg,Bacterialblight,1358,e5fbca86f989432d0ff93006aeefa923ef41bdcc0417924936403201a1b35fc7
Bacterialblight/BACTERIALBLIGHT1_039.jpg,Bacterialblight,1358,db9e15489562d01db203a11283264e51ce21cd9b426fe96ada53b0f08174e214
Bacterialblight/BACTERIALBLIGHT1_040.jpg,Bacterialblight,831,e292f917ca86863fb3dcb8bb9623e2c25ea05d57acb39e1d84048c3a8c69f39c
Bacterialblight/BACTERIALBLIGHT1_041.jpg,Bacterialblight,904,eacbc3a8fa091fb2f4313f03487b79a47a442793133769f0f157238903df277a
Bacterialblight/BACTERIALBLIGHT1_042.jpg,Bacterialblight,1040,f9d39df0f34f3ead641883261b5846f1d0b63ad2a0c40586720a3153121317be
Bacterialblight/BACTERIALBLIGHT1_043.jpg,Bacterialblight,943,4274f223dbd2dbc8cf87182efe5ef0380c7c347b95deb2193059dc7b41aa0699
Bacterialblight/BACTERIALBLIGHT1_044.jpg,Bacterialblight,1004,d28b1316601a87ce020516e34e41feb356f6f65a267b7acfa907707e4c7572d0
Bacterialblight/BACTERIALBLIGHT1_045.jpg,Bacterialblight,1363,09f6207a352c55966842132c5e02f3fbf28eeee25bf4402fc3808454615cb626
Bacterialblight/BACTERIALBLIGHT1_046.jpg,Bacterialblight,1044,d201a426bf6c01cc08c9957c6f2addf11810214855e441a3f06c7aee30f4aec5
Bacterialblight/BACTERIALBLIGHT1_047.jpg,Bacterialblight,947,f58b5d097af629b117f2863a26770cbe1b9034a4ee35d99c0005a2dd82bdb119
Bacterialblight/BACTERIALBLIGHT1_048.jpg,Bacterialblight,1046,2e78c570966460b93d8c740eb6bb228a64313571da3c7ef34cdf05bc7dbb5ed9
Bacterialblight/BACTERIALBLIGHT1_049.jpg,Bacterialblight,949,e9daef2b91739290ab90b0acf5b1ea68da9ab538c60105f00ecd6a104f05657a
Bacterialblight/BACTERIALBLIGHT1_050.jpg,Bacterialblight,1048,a0582466c2b6534189d5d039d70f62c94431cd0129426d75cf3873e0acc778c4
Bacterialblight/BACTERIALBLIGHT1_051.jpg,Bacterialblight,1048,977f4c817b46daa811863b064289d48871f5d1e43e234b0e356f9e05911ecc3a
Bacterialblight/BACTERIALBLIGHT1_052.jpg,Bacterialblight,1371,247e5887275f76bb12c2f56774c1872473ad33b2b76013d5348243b25b357580
Bacterialblight/BACTERIALBLIGHT1_053.jpg,Bacterialblight,1371,e35c5b34dfdae0e1be22dd67c3855ed07a39b17186bfa37a108a059534019af3
Bacterialblight/BACTERIALBLIGHT1_054.jpg,Bacterialblight,1053,8bd36b5678f826e74ec6514f1363520fa756ebb6e938e1d786230bfe510f01d4
Bacterialblight/BACTERIALBLIGHT1_055.jpg,Bacterialblight,954,313de2c9972096569f5380f3f998162339e4a9832013b4dd59785f8b75ec05d0
Bacterialblight/BACTERIALBLIGHT1_056.jpg,Bacterialblight,1016,8bace12bd60e999cbcee2d357fd52f5c93ef84783c609b287a32ae75b85cb007
Bacterialblight/BACTERIALBLIGHT1_057.jpg,Bacterialblight,920,1d79135c21e827d5e389d88d2101c32ed92e7a30480185181357edfeee402e85
Bacterialblight/BACTERIALBLIGHT1_058.jpg,Bacterialblight,1018,669cad513c5416aeef12942d28abf03ed48d8f8c3b98b126a96ae861553c7f53
Bacterialblight/BACTERIALBLIGHT1_059.jpg,Bacterialblight,922,7e18dc1542aa0f2f951777f3ff35e151702aea631d103ed468920e0e3a3a0a98
Bacterialblight/BACTERIALBLIGHT1_060.jpg,Bacterialblight,1020,1cb1701f532e44fab7583af3915f82bd31190820bedaf54c3bb719dd33312d57
Bacterialblight/BACTERIALBLIGHT1_061.jpg,Bacterialblight,924,6ab8212952aadf3e3e5db1a9bbcc9b6ef3f68f9da7f2ca84d25d493dba6fabe4
Bacterialblight/BACTERIALBLIGHT1_062.jpg,Bacterialblight,1022,6eb149ba9c4eca5cdda6200444810550042e01c941490c4e4b660dd0577a8ae4
Bacterialblight/BACTERIALBLIGHT1_063.jpg,Bacterialblight,926,f08e347b96d44d5f603ed2f4b20034da559229c84375f027730b3a488cd12d6e
Bacterialblight/BACTERIALBLIGHT1_064.jpg,Bacterialblight,1024,33e75197bd8e9fd30404f8fca5b6081498bce3a8829f9e7af4450aecbe59f352
Bacterialblight/BACTERIALBLIGHT1_065.jpg,Bacterialblight,928,6b525a8aeac4a47df2091c81dca2a61ae0a4db0c0330f34b91eef68ebf29e3cb
Bacterialblight/BACTERIALBLIGHT1_066.jpg,Bacterialblight,1024,989935b0b1a73e521179c19a8c4da6f1752e6fb889a9e184d75667192c96f763
Bacterialblight/BACTERIALBLIGHT1_067.jpg,Bacterialblight,1026,d9ebb1a87afe36b19894fb753012196d7b1168bb02eaa11965deeb412aac2b4e
Bacterialblight/BACTERIALBLIGHT1_068.jpg,Bacterialblight,930,bd429ad7c7d600e7576a38730bd1dacec6b2bd5a8a04ae36d65ac64565f11e44
Bacterialblight/BACTERIALBLIGHT1_069.jpg,Bacterialblight,860,4281154a418e993c83b54622c4b67556d0396db32e820850df0b290e76a6c674
Bacterialblight/BACTERIALBLIGHT1_070.jpg,Bacterialblight,861,e886dd88cf82c3d5312f7652deb8bb5184343b494b80e056f82f452ec20265dc
Bacterialblight/BACTERIALBLIGHT1_071.jpg,Bacterialblight,1031,b515d1919bef117b9a7b5c4bbbb07e4969430de8e8b8d764e4047f56b18c29d3
Bacterialblight/BACTERIALBLIGHT1_072.jpg,Bacterialblight,934,f2e2cd6a3b8cb3f8b7a0b6c24749dba63107f17c273c7ba2fc58c8832f3d8cb4
Bacterialblight/BACTERIALBLIGHT1_073.jpg,Bacterialblight,878,29595fcb30bd9306e79743f065f98520aa6815a3669a3760927b8a7e66821a14
Bacterialblight/BACTERIALBLIGHT1_074.jpg,Bacterialblight,881,53da23cfa66261edbb833a22cdeb3570ca75bb45d1aa7d47b1f6074bb372ae69
Bacterialblight/BACTERIALBLIGHT1_075.jpg,Bacterialblight,1547,9f4ea50cb08426c395edf2008ff583a128182c25c8e7ebf72d68e8c14c2dcbec
Bacterialblight/BACTERIALBLIGHT1_076.jpg,Bacterialblight,867,5b99074467f9fcd30cde2e89fd73ae3478b90bbb5e5cc3fc7cb8e5a59a393878
Bacterialblight/BACTERIALBLIGHT1_077.jpg,Bacterialblight,1339,0b92c39d38d3cb4e7e6d5254179ce5bff10c0476c7f4b87c0946f0a3937fbd2e
Bacterialblight/BACTERIALBLIGHT1_078.jpg,Bacterialblight,869,7328c8c33afa47a8c0b2e85daf0dc32a7e96696e48bbec01938e6d8065b31257
Bacterialblight/BACTERIALBLIGHT1_079.JPG,Bacterialblight,968,bf277b30b683b827c43eeae49023b89fc4006dc86d925a64281bf7084b5830a5
Bacterialblight/BACTERIALBLIGHT1_080.jpg,Bacterialblight,871,ef0846c20ff0266ff701e710164593208f71ac4b0ce5378af7fe968b6ed0a718
Bacterialblight/BACTERIALBLIGHT1_081.JPG,Bacterialblight,872,402dba6ba49209fd05fe90c5ce1c1fa461599393f64ac868061236fbe0338007
Bacterialblight/BACTERIALBLIGHT1_082.jpg,Bacterialblight,873,b2ec9a9c28ba2b59ca4058e84703cee6eae8039cf6ba8a809eac4fb4b783425a
Bacterialblight/BACTERIALBLIGHT1_083.jpg,Bacterialblight,959,d22339bc3abae8795520ad74f6bc1661b1eadda8de907c71d0942dc2c4617e65
Bacterialblight/BACTERIALBLIGHT1_084.jpg,Bacterialblight,881,53da23cfa66261edbb833a22cdeb3570ca75bb45d1aa7d47b1f6074bb372ae69
Bacterialblight/BACTERIALBLIGHT1_085.jpg,Bacterialblight,959,d22339bc3abae8795520ad74f6bc1661b1eadda8de907c71d0942dc2c4617e65
Bacterialblight/BACTERIALBLIGHT1_086.jpg,Bacterialblight,881,53da23cfa66261edbb833a22cdeb3570ca75bb45d1aa7d47b1f6074bb372ae69
Bacterialblight/BACTERIALBLIGHT1_087.jpg,Bacterialblight,878,29595fcb30bd9306e79743f065f98520aa6815a3669a3760927b8a7e66821a14
Bacterialblight/BACTERIALBLIGHT1_088.jpg,Bacterialblight,881,53da23cfa66261edbb833a22cdeb3570ca75bb45d1aa7d47b1f6074bb372ae69
Bacterialblight/BACTERIALBLIGHT1_089.jpg,Bacterialblight,1019,a4a06cf42529c83364ec25d7eaaa81483d99124de7f4415dd0ee5e058408efd0
Bacterialblight/BACTERIALBLIGHT1_090.jpg,Bacterialblight,881,53da23cfa66261edbb833a22cdeb3570ca75bb45d1aa7d47b1f6074bb372ae69
Bacterialblight/BACTERIALBLIGHT1_091.jpg,Bacterialblight,1339,0b92c39d38d3cb4e7e6d5254179ce5bff10c0476c7f4b87c0946f0a3937fbd2e
Bacterialblight/BACTERIALBLIGHT1_092.jpg,Bacterialblight,883,c3aa3add682c564ca715ac02f65d658f96e99ef609d7c38835bc39074ebd7436
Bacterialblight/BACTERIALBLIGHT1_093.jpg,Bacterialblight,884,1b8662eb0b78a6a19082ac9cd1a0abfa4919b405bd07b94b80985eec08bba7e2
Bacterialblight/BACTERIALBLIGHT1_094.jpg,Bacterialblight,885,5baadc7a4c252f790eec170a91f0a7075770a6f3c940d25ed43e531b35bd156e
Bacterialblight/BACTERIALBLIGHT1_095.jpg,Bacterialblight,886,4689d9aa89f7dd14963a7d197823c5b50f97851eb1bb5418a5d1512bc5ce1f3c
Bacterialblight/BACTERIALBLIGHT1_096.jpg,Bacterialblight,887,0527116c83e19bebf41206e029e5d1d4668a7bb44817501cbeb4441a94420f21
Bacterialblight/BACTERIALBLIGHT1_097.jpg,Bacterialblight,888,4f44346a0018592f58e2280ade9a51bf9c293c067a8338da0e2c21d14cab5efd
Bacterialblight/BACTERIALBLIGHT1_098.jpg,Bacterialblight,889,32c8662012d124e021e685c20e33b3c7b16f670f395774e1526837083ea2ccfb
Bacterialblight/BACTERIALBLIGHT1_099.jpg,Bacterialblight,890,5415624fea2924bcd533bfddbf10fc9240a47a214ca237ac8d3c593e731a2d5b
Bacterialblight/BACTERIALBLIGHT1_100.jpg,Bacterialblight,891,6b1df08dab763762d9833d1878534c6bc21542190b3f5f8f266fe5e6918fcb84
Bacterialblight/BACTERIALBLIGHT1_101.jpg,Bacterialblight,892,0cdd73d103d06ed1674e1256da450d33b94567b6ec974ec22288688b23a9d61c
Bacterialblight/BACTERIALBLIGHT1_102.jpg,Bacterialblight,893,5419370d1822b2990008f21ac30c8b7265ea2268cc3bea3dd2e8bfcaadf0c864
Bacterialblight/BACTERIALBLIGHT1_103.jpg,Bacterialblight,894,e32257959e631484e22b98d2051d13142f5696736c8f3c2fcc3ceb23f9e690f1
Bacterialblight/BACTERIALBLIGHT1_104.jpg,Bacterialblight,895,c132f7b8a99ceef7bdb911cd794e939e7d32128e095422f8faeb9f769c9c0efb
Bacterialblight/BACTERIALBLIGHT1_105.jpg,Bacterialblight,896,355694dab31288925c0174631d4ffd129599719b41a65c0703c6080c0ac0d061
Bacterialblight/BACTERIALBLIGHT1_106.jpg,Bacterialblight,993,096891cf1a57b826587983f6d3f45d0fd9df48bd7c978a1dfc3cc824028a6541
Bacterialblight/BACTERIALBLIGHT1_107.JPG,Bacterialblight,898,12ee169fe17197d06b268474071015caede6060053daa2c1dc5e24c8d15f19f2
Bacterialblight/BACTERIALBLIGHT1_108.JPG,Bacterialblight,899,6d1a9358019d7e1a69333d17783dd721caa96397ab093842373b32772ae51cb5
Bacterialblight/BACTERIALBLIGHT1_109.JPG,Bacterialblight,828,3efa1d87e7c22fccd542189fbee4dde78e5c40eb3e1938ff866772729eaaf95b
Bacterialblight/BACTERIALBLIGHT1_110.JPG,Bacterialblight,901,91a5a99274b1e7042f105bf134cd5f828e563e3ef4e2c6d8e57572cbce2fa194
Bacterialblight/BACTERIALBLIGHT1_111.jpg,Bacterialblight,1358,c97b638c9c5073cac25b7bb26c4e947b0432fa81f16556a6b983b6c3e0333682
Bacterialblight/BACTERIALBLIGHT1_112.jpg,Bacterialblight,1527,6ae61dfc2ac8f5192ed8dd2d8f23d1694ed339b2d5019371c9c03545d5934f70
Bacterialblight/BACTERIALBLIGHT1_113.jpg,Bacterialblight,904,9b4446fcbdac2de1f865b29d45f8cf7327a20a28f34f2d53f1e805f7420c30d7
Bacterialblight/BACTERIALBLIGHT1_114.jpg,Bacterialblight,905,94bf4d8d2c7b7ba12555c612766f2bbe2a72e9ae44f28f245b77984171fdcf42
Bacterialblight/BACTERIALBLIGHT1_115.jpg,Bacterialblight,943,4cf76ae12b867273985c494df9cf9a66a448b015bf2cb3846606ab2310bb2574
Bacterialblight/BACTERIALBLIGHT1_116.jpg,Bacterialblight,944,1f2964e2d2e2ca8e0e3652b2ad81c57e09dbbcc0e35d1f9fd5eb7f38eb39b1ae
Bacterialblight/BACTERIALBLIGHT1_117.jpg,Bacterialblight,1363,e60d4aff6ba4fbf1499d730775e372ef99d1c44ea47a3d1367b12c572570c034
Bacterialblight/BACTERIALBLIGHT1_118.jpg,Bacterialblight,946,4761fba50ee35591b1349e4b9a943391428cb878ca230ca9247ce849ec94c509
Bacterialblight/BACTERIALBLIGHT1_119.jpg,Bacterialblight,947,a91de903f62609954cd534289d73196cef468861425eb1e5462da61cae043ae5
Bacterialblight/BACTERIALBLIGHT1_120.jpg,Bacterialblight,948,a93aaecff89dd9aec1973295cf418c24dd91c090b4e83d040d94f76d3a2f1462
Bacterialblight/BACTERIALBLIGHT1_121.jpg,Bacterialblight,949,30de91725550041b34da77a6ea353c808ab070486dee0b228aea4f24a20bad31
Bacterialblight/BACTERIALBLIGHT1_122.jpg,Bacterialblight,950,b74f928cdf23f3577f753668f75196822303d9aec2cc01d282aa1e06e5b18e5a
Bacterialblight/BACTERIALBLIGHT1_123.jpg,Bacterialblight,1048,54f7a723fa4d5355c8bed4656c6b335e637c7012e1166891252d3d30447980a8
Bacterialblight/BACTERIALBLIGHT1_124.jpg,Bacterialblight,952,73265e4a354dd09a1c95341984f3c50f0ad977ed4bc98f9e4bd2908ac1e70c56
Bacterialblight/BACTERIALBLIGHT1_125.jpg,Bacterialblight,1371,8d9b41701a2dec58f1918f6a87f27e7b5643bcb358ffc2e43105baa14f899764
Bacterialblight/BACTERIALBLIGHT1_126.jpg,Bacterialblight,1481,a53679f1ac3ee63ea49500f59b48b6a0307273fe406ebfd2f0c0690ead05430d
Bacterialblight/BACTERIALBLIGHT1_127.jpg,Bacterialblight,954,27ec70abd8e1fe096f16e17eb98896196bc14e97c2c5205794160ec964b083ec
Bacterialblight/BACTERIALBLIGHT1_128.jpg,Bacterialblight,957,878dbb2907f0ae7d8140be3d8ea45d08f3af79daa0b55866075495eab730c828
Bacterialblight/BACTERIALBLIGHT1_129.jpg,Bacterialblight,920,3e9b542ed5d00c38cf4ffa9fa97ac3471c202cf05396af9f9f2d56bd848136c6
Bacterialblight/BACTERIALBLIGHT1_130.jpg,Bacterialblight,958,cbefd6a4784f8397add68f83d268e636f01c4c47e58226a4a6b711f78330256a
Bacterialblight/BACTERIALBLIGHT1_131.jpg,Bacterialblight,922,6944ba6e18b616eeace699434118d2c90c39a696e83d854f2058b5e306a2a0d2
Bacterialblight/BACTERIALBLIGHT1_132.JPG,Bacterialblight,1547,1cab50cbf530897fcebbc45f816202fd8ce3e4ccef629c723f53defbbb13f05c
Bacterialblight/BACTERIALBLIGHT1_133.JPG,Bacterialblight,924,9894d41a49cb9764626193761d08021967a1ccf90a60cc209c824a3e0202f3fb
Bacterialblight/BACTERIALBLIGHT1_134.JPG,Bacterialblight,925,93cd04e28164b51abbd17821fbb45fe1a9e7da1ff8db60c7476bb09f91bbb576
Bacterialblight/BACTERIALBLIGHT1_135.JPG,Bacterialblight,926,a75e84e7063f6621a06a86b2773f1dd7510905a363d36777a1471fa0b2d431ac
Bacterialblight/BACTERIALBLIGHT1_136.JPG,Bacterialblight,927,9f83b324a946cb6d67ac37a55c002620e6510db9b7dc890fe9681b42b3f2f293
Bacterialblight/BACTERIALBLIGHT1_137.JPG,Bacterialblight,928,4dc4f6c3729396c5f5c638f6be1e93e0c199628c71af2923f820424da64157cb
Bacterialblight/BACTERIALBLIGHT1_138.JPG,Bacterialblight,929,eb3b3593119d9ee753b7fcb5f6f7e8a95ad8e2c9c146b60271f0138ed8c8f66d
Bacterialblight/BACTERIALBLIGHT1_139.JPG,Bacterialblight,930,7f08424b29b5c663dcf82d418dd3255479458077c2c34a651445b2eea3ecb279
Bacterialblight/BACTERIALBLIGHT1_140.JPG,Bacterialblight,931,697e266d9af231bd82eaba4eef218c73f97cda3037d0d8d27006d1b0d4ca55ee
Bacterialblight/BACTERIALBLIGHT1_141.JPG,Bacterialblight,932,c41bff372860661e29b6011d0ebb0b9238a54fb35f4d801620191e10abcc0771
Bacterialblight/BACTERIALBLIGHT1_142.JPG,Bacterialblight,933,0886ec14b070ef5051521d4517e3fb74eca3d78ed4caf99410bfd3b81de19958
Bacterialblight/BACTERIALBLIGHT1_143.JPG,Bacterialblight,934,efa91f2195ad69b5dd6a4ed8b9f567d7f2b297914453c017fffd72573cff9c73
Bacterialblight/BACTERIALBLIGHT1_144.JPG,Bacterialblight,935,0dcf46ed0c93acfd49c30e837a4c64c452b478a01479586884a13234338b7ce9
Bacterialblight/BACTERIALBLIGHT1_145.JPG,Bacterialblight,936,55727e8933ff46922a7ae408282387037687036a0a6a3cae22033364dff3e6b8
Bacterialblight/BACTERIALBLIGHT1_146.JPG,Bacterialblight,937,6111baee65fb09c18709d59921877cd4ea425fe69aa5fe572a2a9b79f85fb1e0
Bacterialblight/BACTERIALBLIGHT1_147.jpg,Bacterialblight,938,30f3060100144e120c79d3b6bc9d14fde4d84fb514bc214ac285f9174fce9630
Bacterialblight/BACTERIALBLIGHT1_148.jpg,Bacterialblight,939,9bd7c0b24c65c5cbc2c585dd97d36a09124443f299fc477c28163dfaae41f7b6
Bacterialblight/BACTERIALBLIGHT1_149.jpg,Bacterialblight,940,3098319bba205f7693c751d83d93fda40880cb800b2aeb56822b7a52f3da8727
Bacterialblight/BACTERIALBLIGHT1_150.jpg,Bacterialblight,941,b5283ea88d9373eb01029dd8119195588d9bd15e90637c7a4c5491140ace9c13
Bacterialblight/BACTERIALBLIGHT1_151.jpg,Bacterialblight,942,2b98585f7ad59e97bfe903b8fbd9deda646b3b4f0af51b58d1089b048240d134
Bacterialblight/BACTERIALBLIGHT1_152.jpg,Bacterialblight,943,4cf76ae12b867273985c494df9cf9a66a448b015bf2cb3846606ab2310bb2574
Bacterialblight/BACTERIALBLIGHT1_153.jpg,Bacterialblight,944,1f2964e2d2e2ca8e0e3652b2ad81c57e09dbbcc0e35d1f9fd5eb7f38eb39b1ae
Bacterialblight/BACTERIALBLIGHT1_154.jpg,Bacterialblight,1004,304e0a799074d0d7bd2d8d69eb439987db6909bb3b85d3972bb73bbb7b7ae088
Bacterialblight/BACTERIALBLIGHT1_155.jpg,Bacterialblight,946,4761fba50ee35591b1349e4b9a943391428cb878ca230ca9247ce849ec94c509
Bacterialblight/BACTERIALBLIGHT1_156.jpg,Bacterialblight,947,a91de903f62609954cd534289d73196cef468861425eb1e5462da61cae043ae5
Bacterialblight/BACTERIALBLIGHT1_157.jpg,Bacterialblight,948,a93aaecff89dd9aec1973295cf418c24dd91c090b4e83d040d94f76d3a2f1462
Bacterialblight/BACTERIALBLIGHT1_158.jpg,Bacterialblight,949,30de91725550041b34da77a6ea353c808ab070486dee0b228aea4f24a20bad31
Bacterialblight/BACTERIALBLIGHT1_159.jpg,Bacterialblight,950,b74f928cdf23f3577f753668f75196822303d9aec2cc01d282aa1e06e5b18e5a
Bacterialblight/BACTERIALBLIGHT1_160.jpg,Bacterialblight,1048,54f7a723fa4d5355c8bed4656c6b335e637c7012e1166891252d3d30447980a8
Bacterialblight/BACTERIALBLIGHT1_161.jpg,Bacterialblight,952,73265e4a354dd09a1c95341984f3c50f0ad977ed4bc98f9e4bd2908ac1e70c56
Bacterialblight/BACTERIALBLIGHT1_162.jpg,Bacterialblight,1481,a53679f1ac3ee63ea49500f59b48b6a0307273fe406ebfd2f0c0690ead05430d
Bacterialblight/BACTERIALBLIGHT1_163.jpg,Bacterialblight,954,27ec70abd8e1fe096f16e17eb98896196bc14e97c2c5205794160ec964b083ec
Bacterialblight/BACTERIALBLIGHT1_164.jpg,Bacterialblight,955,9888763fb7c87a7ea1733706c18be25037159e9a81fe2f362a548c6324bed55b
Bacterialblight/BACTERIALBLIGHT1_165.jpg,Bacterialblight,956,994983b58343f7a9f1360bdcf7cc42fccf3c32131d5092495253235c83f18f7d
Bacterialblight/BACTERIALBLIGHT1_166.jpg,Bacterialblight,957,878dbb2907f0ae7d8140be3d8ea45d08f3af79daa0b55866075495eab730c828
Bacterialblight/BACTERIALBLIGHT1_167.jpg,Bacterialblight,958,cbefd6a4784f8397add68f83d268e636f01c4c47e58226a4a6b711f78330256a
Bacterialblight/BACTERIALBLIGHT1_168.jpg,Bacterialblight,959,d22339bc3abae8795520ad74f6bc1661b1eadda8de907c71d0942dc2c4617e65
Bacterialblight/BACTERIALBLIGHT1_169.jpg,Bacterialblight,972,3362a71bc8990eba76ad3a7537a1bbb3593fea86ce1978017820ab83f486fa85
Bacterialblight/BACTERIALBLIGHT1_170.jpg,Bacterialblight,1409,78f1e62cbbe61c529d987456813e4aa140483dcce7526e584677d38e7fa19a5c
Bacterialblight/BACTERIALBLIGHT1_171.jpg,Bacterialblight,974,5e940e63810103b67500af28c06dc25b3918daa4c9bccf1c3600ce4222c77b5e
Bacterialblight/BACTERIALBLIGHT1_172.jpg,Bacterialblight,963,1801a02aabf6da77f100f1556db573b2fc0fd1ed2c80343bdd1f35e9f0ea2a30
Bacterialblight/BACTERIALBLIGHT1_173.jpg,Bacterialblight,1019,a4a06cf42529c83364ec25d7eaaa81483d99124de7f4415dd0ee5e058408efd0
Bacterialblight/BACTERIALBLIGHT1_174.jpg,Bacterialblight,965,4e1d8e337a5f06a33f9bbba9705d8748f09ccdbbfbfe526441fa3b29c31b58ea
Bacterialblight/BACTERIALBLIGHT1_175.jpg,Bacterialblight,1339,b75acc03205aad0ecbbd4c3a28458ea9602d738831cc7788a04ef6ee40aaa82b
Bacterialblight/BACTERIALBLIGHT1_176.jpg,Bacterialblight,967,70969d009d9424622c93209429815019cd4b9d40b91facc388bcfa13c45610e6
Bacterialblight/BACTERIALBLIGHT1_177.JPG,Bacterialblight,968,67fc3e844606907c958153e97b45d440ddb4632fbac445510377e27a4ed83b15
Bacterialblight/BACTERIALBLIGHT1_178.jpg,Bacterialblight,969,bad62748bf9b1b064b0bd3f1196df7e1d91808d7b36a0c792f9650bd3a0a0452
Bacterialblight/BACTERIALBLIGHT1_179.JPG,Bacterialblight,970,5ed247b602d4d94f69e1441d6be86df90b09c9190834110cadbbe9b2792842cf
Bacterialblight/BACTERIALBLIGHT1_180.jpg,Bacterialblight,1409,78f1e62cbbe61c529d987456813e4aa140483dcce7526e584677d38e7fa19a5c
Bacterialblight/BACTERIALBLIGHT1_181.jpg,Bacterialblight,972,3362a71bc8990eba76ad3a7537a1bbb3593fea86ce1978017820ab83f486fa85
Bacterialblight/BACTERIALBLIGHT1_182.jpg,Bacterialblight,1409,78f1e62cbbe61c529d987456813e4aa140483dcce7526e584677d38e7fa19a5c
Bacterialblight/BACTERIALBLIGHT1_183.jpg,Bacterialblight,974,5e940e63810103b67500af28c06dc25b3918daa4c9bccf1c3600ce4222c77b5e
Bacterialblight/BACTERIALBLIGHT1_184.jpg,Bacterialblight,1409,78f1e62cbbe61c529d987456813e4aa140483dcce7526e584677d38e7fa19a5c
Bacterialblight/BACTERIALBLIGHT1_185.jpg,Bacterialblight,1547,9e8ddafb7c6bbe4ac010a22ac97d898604eb77ab1a8b8c68482239e797355536
Bacterialblight/BACTERIALBLIGHT1_186.jpg,Bacterialblight,1409,78f1e62cbbe61c529d987456813e4aa140483dcce7526e584677d38e7fa19a5c
Bacterialblight/BACTERIALBLIGHT1_187.jpg,Bacterialblight,1339,b75acc03205aad0ecbbd4c3a28458ea9602d738831cc7788a04ef6ee40aaa82b
Bacterialblight/BACTERIALBLIGHT1_188.jpg,Bacterialblight,979,6b01b3314ccb16084a58e256b183932b90fa0fd61356dc30fba2640bc46c9cf8
Bacterialblight/BACTERIALBLIGHT1_189.jpg,Bacterialblight,980,f932df3aaad357762ade3290c60bd7e7a514126a13a2fdb38c16663772643300
Bacterialblight/BACTERIALBLIGHT1_190.jpg,Bacterialblight,997,e90533355f0e559ae0b664e99d517c146a7b835454aeb6326d3f31f4f1813f9c
Bacterialblight/BACTERIALBLIGHT1_191.jpg,Bacterialblight,886,cf6a2fc1239a3fc262cf88ee8eb3f257736e79c3c45cdcab3a78b25de7546fb5
Bacterialblight/BACTERIALBLIGHT1_192.jpg,Bacterialblight,983,91cb76f642a269fc965a013a351fedd2721ca249153bb0fd7f0e5ae1e2b28a4b
Bacterialblight/BACTERIALBLIGHT1_193.jpg,Bacterialblight,984,b96e640a7edfdcb7da13c2213b55197907d121c9d3fe4339cd51c32a886fd371
Bacterialblight/BACTERIALBLIGHT1_194.jpg,Bacterialblight,889,8a670e48586226a489a87060449bd231ccd81e40ba5e364f0f576493d4518b9e
Bacterialblight/BACTERIALBLIGHT1_195.jpg,Bacterialblight,890,dc9e029da27f73883aa66cee0796fdfa926b4cb51b512bdaffa33f01bd8b6626
Bacterialblight/BACTERIALBLIGHT1_196.jpg,Bacterialblight,987,823ab97dd590cd39ee49bc670bb4e12b2140a3bcef7aa53fcf020b3f10160e59
Bacterialblight/BACTERIALBLIGHT1_197.jpg,Bacterialblight,819,bb6dbfde0927cc6bd2921a72400868d59b3c94f65d6f2a36d56d3331cdadff2f
Bacterialblight/BACTERIALBLIGHT1_198.jpg,Bacterialblight,989,f305c8414821643b89e31ca7c95007bf017fcb1216c177b753ec03ce38cde46a
Bacterialblight/BACTERIALBLIGHT1_199.jpg,Bacterialblight,990,7d35426d1b29c81b86eee3334c151826f9418050f3121fa770315acafce7b8ea
Bacterialblight/BACTERIALBLIGHT1_200.jpg,Bacterialblight,991,84cd8f984c08f272a66069704f462a3d599456dc9210cddfdebd235a408fb31b
Bacterialblight/BACTERIALBLIGHT1_201.jpg,Bacterialblight,992,1a86592ac4f99b638627ab99daa85bd9362024c5f9b454fc15b36ad9ee2f0dcf
Bacterialblight/BACTERIALBLIGHT1_202.jpg,Bacterialblight,993,096891cf1a57b826587983f6d3f45d0fd9df48bd7c978a1dfc3cc824028a6541
Bacterialblight/BACTERIALBLIGHT1_203.JPG,Bacterialblight,994,2e5fca43e1ce2c2429dd9bc1ec8e194c3d92a90b0f069b209211fd027a638110
Bacterialblight/BACTERIALBLIGHT1_204.JPG,Bacterialblight,995,25c0f691af21b7ded283aacfc9c55f910ae1822f9890c55aefa6c543b3f63e51
Bacterialblight/BACTERIALBLIGHT1_205.JPG,Bacterialblight,36,51f474bb64aad6b4a99a61030226a3c46072a0e4e8f3cb51672f1cb37c002dcc
Bacterialblight/BACTERIALBLIGHT1_206.JPG,Bacterialblight,997,340b1dca85a570208b702aad7c1a42c7dc1670eb8c543a047bb0892321a8c0ed
Bacterialblight/BACTERIALBLIGHT1_207.jpg,Bacterialblight,1358,dc10699210e9c0e6393a41df939e5a5c645b45973f0eba2d4bdfe769de98d23b
Bacterialblight/BACTERIALBLIGHT1_208.jpg,Bacterialblight,999,82f11c9e40b4d51f5b3dd6507c511797027ba27c7865be305f14fe731b52359d
Bacterialblight/BACTERIALBLIGHT1_209.jpg,Bacterialblight,831,dff03b4f3c9e97ca0fa975857758a2e5f51f32acf3126dec112b3981865c280f
Bacterialblight/BACTERIALBLIGHT1_210.jpg,Bacterialblight,905,3a5bdafc7d0e452d6c255dfbe04481f6d665cd3243e171f1233175b0d83e2e54
Bacterialblight/BACTERIALBLIGHT1_211.jpg,Bacterialblight,1040,e81c53de13ca6a20ebd5f23ee1ab31fe7b8394b57eb5a7f0ded3e9e02ab4c524
Bacterialblight/BACTERIALBLIGHT1_212.jpg,Bacterialblight,1041,7568c6151b5591082142dc7bc19575dca92704fdfc02cd9ef36c7109ba56df2a
Bacterialblight/BACTERIALBLIGHT1_213.jpg,Bacterialblight,1004,ac08f8c32a3686330f6bf628edb009492613086cc5d68a6ea4979716080aceca
Bacterialblight/BACTERIALBLIGHT1_214.jpg,Bacterialblight,1043,376e534f5da6e671cb5e7109d5a582e362b3b8877c602145e5947fa240ccab13
Bacterialblight/BACTERIALBLIGHT1_215.jpg,Bacterialblight,1044,b4c75d4a780bd53e6e08bdccf48f500d2daeae91a2d09df7300b586e36e500e7
Bacterialblight/BACTERIALBLIGHT1_216.jpg,Bacterialblight,1045,10f55b32e5cba065310f5239c774e76659230b10127c78bc1ca556ea0ad01521
Bacterialblight/BACTERIALBLIGHT1_217.jpg,Bacterialblight,1046,454d4f486c4b80c4124e0b491a5b63d8f79b26de1955bd43bd01f81ea12394be
Bacterialblight/BACTERIALBLIGHT1_218.jpg,Bacterialblight,1047,900f8cc511fffe27f187da1e13793e8da12617c2f84a47a4ba5310d2961d1a92
Bacterialblight/BACTERIALBLIGHT1_219.jpg,Bacterialblight,1048,047db4bb8d0e08bd7cec5e1e087b7c9529938284a242a36c9ff22b90f02a90b6
Bacterialblight/BACTERIALBLIGHT1_220.jpg,Bacterialblight,1049,6fd42256031b32a6846eef8a58f11afa8708f13bf2b39b691b187fa2f09ea72f
Bacterialblight/BACTERIALBLIGHT1_221.jpg,Bacterialblight,1371,b54d76ca366a42c95a777657254bef35a741fb07539f02230b57df75d9e827c6
Bacterialblight/BACTERIALBLIGHT1_222.jpg,Bacterialblight,1481,1ff34c6559d7bc918436167fffadfbad459d08261fc58ea2861e6b5b1f896446
Bacterialblight/BACTERIALBLIGHT1_223.jpg,Bacterialblight,1053,4a96daf77cf483ba313cb2dd3f69bceeb3bf08d91f8d786129022488b4f2ed3a
Bacterialblight/BACTERIALBLIGHT1_224.jpg,Bacterialblight,1054,adb6e3ff14d323e7b7f6f7aeb6c44481c36a7ab27eadb7fb74c0ba7453d5e201
Bacterialblight/BACTERIALBLIGHT1_225.jpg,Bacterialblight,1016,48106c5127e566eb39f7d4d66b6a6072c18fffd0c194ec6eb197a4925982eb23
Bacterialblight/BACTERIALBLIGHT1_226.jpg,Bacterialblight,1055,50a1769060966baa985c8197e8449f36c7ee78936e2dc1bc05d01871c1adaede
Bacterialblight/BACTERIALBLIGHT1_227.jpg,Bacterialblight,1018,b48b7b9efd353c8dbf731a3dee7cac586d1a0460c700ab82c4ecd59b0ac4e4a7
Bacterialblight/BACTERIALBLIGHT1_228.JPG,Bacterialblight,1019,5a7666256dfbb9b40ff6c6f0ce1f27649bba90c71d0fd7fc0e1efeb0da3f156e
Bacterialblight/BACTERIALBLIGHT1_229.JPG,Bacterialblight,1020,c487212a62bda62dd46222fadef1f124c532d573de497c918744fdc229a2a7f1
Bacterialblight/BACTERIALBLIGHT1_230.JPG,Bacterialblight,1021,b93534b280f094611d4bc0e2af94c815b4b5cdea743c553d063dc82fe6bbe783
Bacterialblight/BACTERIALBLIGHT1_231.JPG,Bacterialblight,1022,bd9595cdd5aa5181d376610fa675336f7ce35d467ef5f2a5d82ad3db43ee7b04
Bacterialblight/BACTERIALBLIGHT1_232.JPG,Bacterialblight,1023,4929cc68691d80398e9e8d9f05c2398354fa37e8dc6a870e51db482e66298776
Bacterialblight/BACTERIALBLIGHT1_233.JPG,Bacterialblight,1024,37bfdb40cdf83ef9e4fd606c50ce39386de99d18fba2b6d8ffc14fac6930e87e
Bacterialblight/BACTERIALBLIGHT1_234.JPG,Bacterialblight,1025,50121cd175621206305f508357f00bf7afacbd434aa29b06a3063e430754ff89
Bacterialblight/BACTERIALBLIGHT1_235.JPG,Bacterialblight,1026,934d99b0fb323754c053146a890da6b6665d747271765a28253c6ec64d2426e6
Bacterialblight/BACTERIALBLIGHT1_236.JPG,Bacterialblight,1027,6b0e311c61a814faa2ca670ff75a113b9ad50ce9925abb92eebefebba99e3d0e
Bacterialblight/BACTERIALBLIGHT1_237.JPG,Bacterialblight,1028,8dbd7ac8185a4a61e3a2f865b0ba3da26c544fb05357a0293752255814b87bf5
Bacterialblight/BACTERIALBLIGHT1_238.JPG,Bacterialblight,1029,d17995997c1f0e12159e9b39f7e19aa2a52b84cbbc88cab10aa3738b43c0bed3
Bacterialblight/BACTERIALBLIGHT1_239.JPG,Bacterialblight,1030,f4754431414dcaf41f71d0390da725922077a22e126c7dd771bc41946df715cf
Bacterialblight/BACTERIALBLIGHT1_240.JPG,Bacterialblight,1031,40e0c64c3d88925a4a10f9fee7f2cc9eda13b916b6a132033a20d7879d66db5d
Bacterialblight/BACTERIALBLIGHT1_241.JPG,Bacterialblight,1032,8d219e237b2944b3073d6d5fee3506ca0a23d50dd3c51d51be18e934f18c9cd3
Bacterialblight/BACTERIALBLIGHT1_242.JPG,Bacterialblight,1464,1976cec6d37a257e7fff805df36368fb8bda3751f07b16f0e0006824f4504169
Bacterialblight/BACTERIALBLIGHT1_243.JPG,Bacterialblight,1034,ff313cf8ff324136f46174c51b73de8308584201f10b1b504662544f0dbba2c3
Bacterialblight/BACTERIALBLIGHT1_244.jpg,Bacterialblight,1035,bfec1e4b212426dfd1ff832b14e0dbe42f63feb2f8c563439a29dbe626408e89
Bacterialblight/BACTERIALBLIGHT1_245.jpg,Bacterialblight,939,6b2c693e1431a02eda01b51baa2cb4a38190756bcdc318c6877e01321db26865
Bacterialblight/BACTERIALBLIGHT1_246.jpg,Bacterialblight,1037,40b6b412f664c212f6d862ab10d2755d237d41c91cdb1b73eba232f7e081cebd
Bacterialblight/BACTERIALBLIGHT1_247.jpg,Bacterialblight,1038,6b2f6ca3a11ee5128c97e6999984b826aa15baa89ad9579ad1b4edf37c4603e6
Bacterialblight/BACTERIALBLIGHT1_248.jpg,Bacterialblight,1039,652301629a7694e5500360fea71efc7bc40e69a0884b764de3c9911d6016369f
Bacterialblight/BACTERIALBLIGHT1_249.jpg,Bacterialblight,1040,e81c53de13ca6a20ebd5f23ee1ab31fe7b8394b57eb5a7f0ded3e9e02ab4c524
Bacterialblight/BACTERIALBLIGHT1_250.jpg,Bacterialblight,1041,7568c6151b5591082142dc7bc19575dca92704fdfc02cd9ef36c7109ba56df2a
Bacterialblight/BACTERIALBLIGHT1_251.jpg,Bacterialblight,1363,e60d4aff6ba4fbf1499d730775e372ef99d1c44ea47a3d1367b12c572570c034
Bacterialblight/BACTERIALBLIGHT1_252.jpg,Bacterialblight,1043,376e534f5da6e671cb5e7109d5a582e362b3b8877c602145e5947fa240ccab13
Bacterialblight/BACTERIALBLIGHT1_253.jpg,Bacterialblight,1044,b4c75d4a780bd53e6e08bdccf48f500d2daeae91a2d09df7300b586e36e500e7
Bacterialblight/BACTERIALBLIGHT1_254.jpg,Bacterialblight,1045,10f55b32e5cba065310f5239c774e76659230b10127c78bc1ca556ea0ad01521
Bacterialblight/BACTERIALBLIGHT1_255.jpg,Bacterialblight,1046,454d4f486c4b80c4124e0b491a5b63d8f79b26de1955bd43bd01f81ea12394be
Bacterialblight/BACTERIALBLIGHT1_256.jpg,Bacterialblight,1047,900f8cc511fffe27f187da1e13793e8da12617c2f84a47a4ba5310d2961d1a92
Bacterialblight/BACTERIALBLIGHT1_257.jpg,Bacterialblight,1048,5a7682771198c01a2edfd87412f1d3b71bbdafba427b2628c6a0a0ba96408de0
Bacterialblight/BACTERIALBLIGHT1_258.jpg,Bacterialblight,1049,6fd42256031b32a6846eef8a58f11afa8708f13bf2b39b691b187fa2f09ea72f
Bacterialblight/BACTERIALBLIGHT1_259.jpg,Bacterialblight,1481,1ff34c6559d7bc918436167fffadfbad459d08261fc58ea2861e6b5b1f896446
Bacterialblight/BACTERIALBLIGHT1_260.jpg,Bacterialblight,1053,4a96daf77cf483ba313cb2dd3f69bceeb3bf08d91f8d786129022488b4f2ed3a
Bacterialblight/BACTERIALBLIGHT1_261.jpg,Bacterialblight,1052,868f7669fadf23ec35c5aca8fa1fe91e1c0372a27b53da344924e105acd8a2e7
Bacterialblight/BACTERIALBLIGHT1_262.jpg,Bacterialblight,1053,1c84b26323dd38da5171afe36ffaf909a174dd9a433dc2c9847d2523e1230ddc
Bacterialblight/BACTERIALBLIGHT1_263.jpg,Bacterialblight,1054,adb6e3ff14d323e7b7f6f7aeb6c44481c36a7ab27eadb7fb74c0ba7453d5e201
Bacterialblight/BACTERIALBLIGHT1_264.jpg,Bacterialblight,1055,50a1769060966baa985c8197e8449f36c7ee78936e2dc1bc05d01871c1adaede
Bacterialblight/BACTERIALBLIGHT2_001.jpg,Bacterialblight,1335,597f6bd6dc38f256509ce8ac4b3e8aeb8c23aac540f4755b692a1130ed6c9df2
Bacterialblight/BACTERIALBLIGHT2_002.jpg,Bacterialblight,1334,e900af5c6ddda8326efae67d43c34ed17add67bf8029ece8a5167b32e68bf3d6
Bacterialblight/BACTERIALBLIGHT2_003.jpg,Bacterialblight,1547,310191bc95fddefcc49fc88265ccb3919490d9725c88674ec7aebfeed3aa8f8a
Bacterialblight/BACTERIALBLIGHT2_004.jpg,Bacterialblight,1451,96e145b47f1906748ef55c975dd30abde7920eb2682e79367f5b0a9daa5a75e1
Bacterialblight/BACTERIALBLIGHT2_005.jpg,Bacterialblight,1339,251c104470ee6dde896c262ba69782d086ed06cfb14e046efd3e9ddea52421b2
Bacterialblight/BACTERIALBLIGHT2_006.jpg,Bacterialblight,1338,b3da396e5209343811f67b1611cd2c2e7798a1664ee941f846bec6ed940b924f
Bacterialblight/BACTERIALBLIGHT2_007.jpg,Bacterialblight,1327,e7f117443c4b14e309bdf5568e4b8b091f2b5bbd2b2707e9267ee18a62b91891
Bacterialblight/BACTERIALBLIGHT2_008.jpg,Bacterialblight,1326,4dfe2b8d28bcf4bfe690862311dd33b34deb48cde55b9e7b655162602e2b7c01
Bacterialblight/BACTERIALBLIGHT2_009.jpg,Bacterialblight,1329,d89280e6544e3ae8b5711708820e5f60051e5ce82b22a8c5cc0bb63d0553881d
Bacterialblight/BACTERIALBLIGHT2_010.jpg,Bacterialblight,1328,6194c42970c849021fd3723d01199d6e13bbf006e225d1a28195bf574d83f3ae
Bacterialblight/BACTERIALBLIGHT2_011.jpg,Bacterialblight,1333,91d06a7dd01682afba745df2a97ecc6e1952e5ef14a740ffe164001df059a242
Bacterialblight/BACTERIALBLIGHT2_012.jpg,Bacterialblight,1332,ac1a24829b405298ed6d35bd26a57f9a0fb427c2d247454a53f04c19b600dbca
Bacterialblight/BACTERIALBLIGHT2_013.jpg,Bacterialblight,1333,7c99db664aec826e9b835a66761beecb3083fe334f5f8adda2fe0dc1891aaadf
Bacterialblight/BACTERIALBLIGHT2_014.jpg,Bacterialblight,1332,8cc358f9cb346d280a01cf8192852edca7abcc2096d8ea84f6e0cab025d08cc5
Bacterialblight/BACTERIALBLIGHT2_015.jpg,Bacterialblight,1335,8e160f359e6d1ed8fd1293ca6a74115a111af9a4b3198cbe2a3a8ad2f1ae7873
Bacterialblight/BACTERIALBLIGHT2_016.jpg,Bacterialblight,1334,c506ae794ce25a0a2abc1df306aa59203844eb0f1551be4ba3fe2bb8c88c5756
Bacterialblight/BACTERIALBLIGHT2_017.jpg,Bacterialblight,1451,1516ec3997d2a7a5b0ed2c619c2c360b72bc40bf628ad7b39b8078d9324f856c
Bacterialblight/BACTERIALBLIGHT2_018.jpg,Bacterialblight,1547,70f8c36961e3306c58c37aa894680b17f8e623c82d1ae131dad1e2e8538b46ce
Bacterialblight/BACTERIALBLIGHT2_019.jpg,Bacterialblight,1339,2a519b01e0024973eaa592f2c15a65c0a2783bc90c64ac3c2cf0b50d880e3b5c
Bacterialblight/BACTERIALBLIGHT2_020.jpg,Bacterialblight,1338,135ddf33f847685cf15f38da6bdfd25fcf052fe7706ecd40864a862d6f0f7c0d
Bacterialblight/BACTERIALBLIGHT2_021.jpg,Bacterialblight,1341,0b318c7596a6e300940d55ba6be636ada8431718f9ca1b1491edafb13709f0dd
Bacterialblight/BACTERIALBLIGHT2_022.jpg,Bacterialblight,1340,e0d001c7edd402e699a3dcb6aff439c992651641b48a4e80d376147220e01fe2
Bacterialblight/BACTERIALBLIGHT2_023.jpg,Bacterialblight,1343,43106cee96501d5326d3e4218f97eafd8e162ecf6477c78e6323e13ee15b97d8
Bacterialblight/BACTERIALBLIGHT2_024.jpg,Bacterialblight,1343,33d4c0721c408ff2f6306513912433ab3753e144af3efeb89fac31d76ee681bd
Bacterialblight/BACTERIALBLIGHT2_025.jpg,Bacterialblight,1512,beaaf2e68a9c5c0b9c3b7c0a9ac23a4dbb593371434976e18c2979d4c276d762
Bacterialblight/BACTERIALBLIGHT2_026.jpg,Bacterialblight,1346,8dd74f46273bd96d3659c284ad0a42a59de81a87e20a47eb7b1d8dd16d2aab48
Bacterialblight/BACTERIALBLIGHT2_027.jpg,Bacterialblight,1345,dea85a650588cce89d9ee167842bf736cf7971b73f7c57f8548e3c04c0d61609
Bacterialblight/BACTERIALBLIGHT2_028.jpg,Bacterialblight,1083,5ced62c93868ab647d2dd289a0dbb2f3eeb6898cf3b02c3b7450e2477f1886ce
Bacterialblight/BACTERIALBLIGHT2_029.jpg,Bacterialblight,1516,50358b03dc609c50f127abb384e74cfc134742fbb7dfa70ea744bb08d253fc6b
Bacterialblight/BACTERIALBLIGHT2_030.jpg,Bacterialblight,1350,468e5422e568911b77dba2dcd713559fb8deac920e3df8462b0845ee7cef7982
Bacterialblight/BACTERIALBLIGHT2_031.jpg,Bacterialblight,1349,09283700710771f9bbdb4ace905abe924ab88e37b11a3286bddbc465ca6278a2
Bacterialblight/BACTERIALBLIGHT2_032.jpg,Bacterialblight,1352,0b304a22ba8e520d481588db7463adf1da7e26edea634aceaa7102b31776dff0
Bacterialblight/BACTERIALBLIGHT2_033.jpg,Bacterialblight,1351,d0f56367634981b451b5f335520f0ba5d852018e9daa1095374a628f22c40cc8
Bacterialblight/BACTERIALBLIGHT2_034.jpg,Bacterialblight,1354,183c3866f7c20615033a2955821742d7d1ed17ac7466686ad61338c4486c812e
Bacterialblight/BACTERIALBLIGHT2_035.jpg,Bacterialblight,1353,5f06d04613f8df250f96ddf64962fe04fde5cb2afb0dcb314bf68c76febe01dd
Bacterialblight/BACTERIALBLIGHT2_036.jpg,Bacterialblight,1356,d3afaee4ac61ab4d7adcd0e6c0e05a4835e8c2f120d69f67ab27e51a33796c31
Bacterialblight/BACTERIALBLIGHT2_037.jpg,Bacterialblight,1428,84a348ff08d797fd4b60b10ee88ed6a67349b54cd8cc6fa52d7421b078457fc0
Bacterialblight/BACTERIALBLIGHT2_038.jpg,Bacterialblight,1358,286c0b524f6228fa66860d1202a424734ebbddd779eb8beca07240bf167b4d75
Bacterialblight/BACTERIALBLIGHT2_039.jpg,Bacterialblight,1358,e89f462560329f164a9124654ea5c069abd3929d7de37cb0e2c67b4398b2fc36
Bacterialblight/BACTERIALBLIGHT2_040.jpg,Bacterialblight,1528,3159e21bc17b85ec2f868916620e6b9f15cceaa43a6fdcde39be513bd7a0fcf6
Bacterialblight/BACTERIALBLIGHT2_041.jpg,Bacterialblight,1528,3ac38b52cec678051d8db9df7394e03d07392c7a00c2dfd9fafbf8909490effe
Bacterialblight/BACTERIALBLIGHT2_042.jpg,Bacterialblight,1362,a0fae2132a5a444d3cb5b44f9b8ff8aad188bde1bb74321e098552ecd92375a5
Bacterialblight/BACTERIALBLIGHT2_043.jpg,Bacterialblight,1361,b5d29af2d00cf79b32ee6832c0a00be2a40cfc9557ac37ca5aafa250f587620e
Bacterialblight/BACTERIALBLIGHT2_044.jpg,Bacterialblight,1364,4b0fa4da9edac8e2c9caa956781acaedb93311c2cdfe79892abfa59b537df558
Bacterialblight/BACTERIALBLIGHT2_045.jpg,Bacterialblight,1363,23f77c153c88ad63f66a91cd2c8eee89e4dd687d77f1e9cd53765e46218142b7
Bacterialblight/BACTERIALBLIGHT2_046.jpg,Bacterialblight,1366,969bc85190fa9e4353475fee9f817865c17f6757a8976d1a283d372a76c6f203
Bacterialblight/BACTERIALBLIGHT2_047.jpg,Bacterialblight,1365,7ba6ccdaa7d246fe2622d644fc98ee01127ac4c0ac79dc9c71767479f381df63
Bacterialblight/BACTERIALBLIGHT2_048.jpg,Bacterialblight,1368,6de74526dcae1c364feb1b4b66c667bb35cc33c39ffcb909aeb4f0caf37adbf5
Bacterialblight/BACTERIALBLIGHT2_049.jpg,Bacterialblight,1367,0fe583063cb3dbf7a172d29c21b1d4baca2cba84d191829fc042dd4075775aa9
Bacterialblight/BACTERIALBLIGHT2_050.jpg,Bacterialblight,1370,0ab137ec433e2ebba43ab9e95c2756dd6c908a3877b6d204d0dba9a3e8cc5c84
Bacterialblight/BACTERIALBLIGHT2_051.jpg,Bacterialblight,1370,aefd59abe78b7425a7355744daac78c0d779fc92545415be0fe22e77c9b9458e
Bacterialblight/BACTERIALBLIGHT2_052.jpg,Bacterialblight,1372,fe947ce391d63e3af2bd54b14603fc0b44e26b2c104823aaea0006f4981bc160
Bacterialblight/BACTERIALBLIGHT2_053.jpg,Bacterialblight,1371,c8c57a6242b349a80385837bf163b78e7047a82e3c8853abe8a0c7719153b5db
Bacterialblight/BACTERIALBLIGHT2_054.jpg,Bacterialblight,1374,70ff51ff29fb91869356dba106d72cf876972931c02e306b439ee8705f14df0b
Bacterialblight/BACTERIALBLIGHT2_055.jpg,Bacterialblight,1373,a0da35cffe10f15bc43c6733294f975f1797a477078d31f8232b8d930d584b29
Bacterialblight/BACTERIALBLIGHT2_056.jpg,Bacterialblight,1376,db112136ad50cfbaedd634ce81276714da06eb3d4ae35a063a3f797bca47ecf2
Bacterialblight/BACTERIALBLIGHT2_057.jpg,Bacterialblight,1375,da05cd517bdd97f9451898950e75348eaefb662f3369692cbe6ff33606b4bace
Bacterialblight/BACTERIALBLIGHT2_058.jpg,Bacterialblight,1378,311e6000341a78f54a148564ddd87e2e25cf794fcb1f530c23ecacddd15daf7d
Bacterialblight/BACTERIALBLIGHT2_059.jpg,Bacterialblight,1377,70580e03fa1c4a61323c7f18e7a87a961e081d90f0e57c19cc2dd2878f7c1f6d
Bacterialblight/BACTERIALBLIGHT2_060.jpg,Bacterialblight,1380,1657ab4be133b3d2f8b09277e1705a5de34ae3e6b05b51942c1a588e53d7fb0b
Bacterialblight/BACTERIALBLIGHT2_061.jpg,Bacterialblight,1379,8490a47f5d19d93d18da42943476a29b53d30af911b129e1ea922a18246f1e5d
Bacterialblight/BACTERIALBLIGHT2_062.jpg,Bacterialblight,1382,c01af01c7625394dd45a4c2d60cfc7bb950c4ba5d6b97cc92afdd60a092a6687
Bacterialblight/BACTERIALBLIGHT2_063.jpg,Bacterialblight,1381,5241cab5600d56f4686759b2c5ed6b6f6aefd3c8480296967e606d23026ac179
Bacterialblight/BACTERIALBLIGHT2_064.jpg,Bacterialblight,1384,340ed14bbc8a5910aebff09e654bf2cdee58c51db401c0b836bea4fae1e831c1
Bacterialblight/BACTERIALBLIGHT2_065.jpg,Bacterialblight,1385,73c1a45c6893dd3bea7c447905ce4f6bea4b3f3765740ff1bba6f555f999135b
Bacterialblight/BACTERIALBLIGHT2_066.jpg,Bacterialblight,1384,9b4dc42223dd0d563226ec277d566bc860ba6c33a224fd6b50405bc9b0fbcb34
Bacterialblight/BACTERIALBLIGHT2_067.jpg,Bacterialblight,1387,1e8ad8fc8e67315575c58ae3d55dff293589e03b08931b75d75f6d357cbe652a
Bacterialblight/BACTERIALBLIGHT2_068.jpg,Bacterialblight,1386,f893a3ed844c91a83604d416dd9828a6112bdaeed70e5a3aa459d62eaced7069
Bacterialblight/BACTERIALBLIGHT2_069.jpg,Bacterialblight,1389,d5c3015e0c1da62e7116e854566ed667ddbaf75bda1270e67a4dee14c695c27c
Bacterialblight/BACTERIALBLIGHT2_070.jpg,Bacterialblight,1388,9cfa565217e35d0b7ec8a8adde7afc762e11bfcd0f11169611ee33fcf04859a3
Bacterialblight/BACTERIALBLIGHT2_071.jpg,Bacterialblight,1391,42647748538d148965565ea869f4fd31509081bb874cbac100b1a1b565f67cff
Bacterialblight/BACTERIALBLIGHT2_072.jpg,Bacterialblight,1390,4a546604cd80e7cd8f430cd67a77a8cc01a899b517d1a29a56487343ace1beeb
Bacterialblight/BACTERIALBLIGHT2_073.jpg,Bacterialblight,1335,8baea0698aa22e1e3caf5252e6d47a8617ee8dca6113ed7ece5aca8736fab349
Bacterialblight/BACTERIALBLIGHT2_074.jpg,Bacterialblight,1505,e4d7cc4ae1a432bb7139c67895c29f0bbe057a04b173b393441a4680f890e5d1
Bacterialblight/BACTERIALBLIGHT2_075.jpg,Bacterialblight,1547,2b480f5a93d489a330fc84f15ff9940cb42e350feb89ff8f831a1b60e0ea1005
Bacterialblight/BACTERIALBLIGHT2_076.jpg,Bacterialblight,1491,02eb906d16b446ac4843e6519a88536863b785ed5cf5c08781db6a08942d4b61
Bacterialblight/BACTERIALBLIGHT2_077.jpg,Bacterialblight,1339,3f57eec7c30facb7abb82866ad382e294cbde4f0bd6222855de2c61cc9036930
Bacterialblight/BACTERIALBLIGHT2_078.jpg,Bacterialblight,1493,e7ac24c8eab5e5867c98d796a9559682b8c2e913bd51358d8a798481dfa4fce3
Bacterialblight/BACTERIALBLIGHT2_079.JPG,Bacterialblight,1327,85033b231dbf6cd72e5e0e235d0a70517440f09316d54c07a0254f26f5d996a1
Bacterialblight/BACTERIALBLIGHT2_080.jpg,Bacterialblight,1495,e0a330c71d02d1052963907698f38a1ee01c63bc34b70ec77e38818ac3bb56b7
Bacterialblight/BACTERIALBLIGHT2_081.JPG,Bacterialblight,1329,1f34be5e6c3c2c44df9024cf7d5232abd1f658edced48830c862f0eda625d233
Bacterialblight/BACTERIALBLIGHT2_082.jpg,Bacterialblight,1401,a95a35a967912b12aa2d1127783d70ec2b800878eeb7e4d8cdf9cec77f4b6664
Bacterialblight/BACTERIALBLIGHT2_083.jpg,Bacterialblight,1333,5f8a73413bc5685a5ad521e990f61733c9f317cb32bdb1b884f9141e56a01326
Bacterialblight/BACTERIALBLIGHT2_084.jpg,Bacterialblight,1505,e4d7cc4ae1a432bb7139c67895c29f0bbe057a04b173b393441a4680f890e5d1
Bacterialblight/BACTERIALBLIGHT2_085.jpg,Bacterialblight,1333,5f8a73413bc5685a5ad521e990f61733c9f317cb32bdb1b884f9141e56a01326
Bacterialblight/BACTERIALBLIGHT2_086.jpg,Bacterialblight,1505,e4d7cc4ae1a432bb7139c67895c29f0bbe057a04b173b393441a4680f890e5d1
Bacterialblight/BACTERIALBLIGHT2_087.jpg,Bacterialblight,1335,8baea0698aa22e1e3caf5252e6d47a8617ee8dca6113ed7ece5aca8736fab349
Bacterialblight/BACTERIALBLIGHT2_088.jpg,Bacterialblight,1505,e4d7cc4ae1a432bb7139c67895c29f0bbe057a04b173b393441a4680f890e5d1
Bacterialblight/BACTERIALBLIGHT2_089.jpg,Bacterialblight,1451,f58e03c64e268e5f762ccac2b7021810eea1dcac6ff24f1265b79a5a7e9255f7
Bacterialblight/BACTERIALBLIGHT2_090.jpg,Bacterialblight,1505,e4d7cc4ae1a432bb7139c67895c29f0bbe057a04b173b393441a4680f890e5d1
Bacterialblight/BACTERIALBLIGHT2_091.jpg,Bacterialblight,1339,3f57eec7c30facb7abb82866ad382e294cbde4f0bd6222855de2c61cc9036930
Bacterialblight/BACTERIALBLIGHT2_092.jpg,Bacterialblight,1507,79da505dcd2bc47ac95d1680ee8a63885256983550746f924f4736d0cb5e8ae9
Bacterialblight/BACTERIALBLIGHT2_093.jpg,Bacterialblight,1341,fa0eb0dd28ff2772d1c222782f89acb3c4a723bac04af3aea06c4de02feaec87
Bacterialblight/BACTERIALBLIGHT2_094.jpg,Bacterialblight,1525,95a36f6c0f27956b48aa7edc22fadde1ed20549e7bd1621ac079cbd89607ba55
Bacterialblight/BACTERIALBLIGHT2_095.jpg,Bacterialblight,1343,ac03a22e431624aa339906b366a65eaf3a1da92ca20c069db25a7a5b955503d5
Bacterialblight/BACTERIALBLIGHT2_096.jpg,Bacterialblight,1511,9cd55148e25820529876019edd992d67739af06f3e1656fe0567c2de8a3d6a5b
Bacterialblight/BACTERIALBLIGHT2_097.jpg,Bacterialblight,1512,7d2ec16dce9f73bb8227c5a9d005a54a8b9049d7576b020a193b3e76f2c08580
Bacterialblight/BACTERIALBLIGHT2_098.jpg,Bacterialblight,1513,84ef472713285e87804bbf9ab692838df77b8ff14ecdf56d0c8f3bc85a65ad8f
Bacterialblight/BACTERIALBLIGHT2_099.jpg,Bacterialblight,1346,0122e1806085029a37dbe11ffbb0e9fce5c4d5bf48a1cf3a4e1d376008c4ed42
Bacterialblight/BACTERIALBLIGHT2_100.jpg,Bacterialblight,1515,a527d4b03667352515dc90212c9cef7a8b20d6f2540dcca861fa9441c41866b0
Bacterialblight/BACTERIALBLIGHT2_101.jpg,Bacterialblight,1516,13a6c7584a90abdcddef88401131243678933902a15500c39f028fd898e2f069
Bacterialblight/BACTERIALBLIGHT2_102.jpg,Bacterialblight,1517,4227986f3f86e97f8abfb12736f0c6f152b661932c03ebfa1da62988e6ef4603
Bacterialblight/BACTERIALBLIGHT2_103.jpg,Bacterialblight,1350,5cae25dc32328e5d8343de039b6dd8fd2e8886472e09d79af2dedd993e205437
Bacterialblight/BACTERIALBLIGHT2_104.jpg,Bacterialblight,1519,470cb0a8a2573eaf0714e46ce6df2d919d2dc43c9465a2cbcdacf7823499c58b
Bacterialblight/BACTERIALBLIGHT2_105.jpg,Bacterialblight,1352,41b478aaa6a1cf58f7c8057aafe96fb83576e1aa7aa47d09ef1662a4d993511a
Bacterialblight/BACTERIALBLIGHT2_106.jpg,Bacterialblight,1257,acc61324c6d891225ff588bba5c46e2f902d3a6522f62a87166a7cdc7c6d6082
Bacterialblight/BACTERIALBLIGHT2_107.JPG,Bacterialblight,1354,c52ccb01b4ecc5d20de08a1431e2db1c70d24120643dec589d7d6614479042e7
Bacterialblight/BACTERIALBLIGHT2_108.JPG,Bacterialblight,1523,5110eae0779329cf08d9e071ba1249f487eaa58122372d5942254dcf2ef25f7a
Bacterialblight/BACTERIALBLIGHT2_109.JPG,Bacterialblight,1356,e2f7b290518a0b8fe342efcffb6454831d9e8012ed6e2eac01cd7d7727549893
Bacterialblight/BACTERIALBLIGHT2_110.JPG,Bacterialblight,1525,d1a2ae74eb92ce9299caab81d45f4a6898ce7a309736ecc32b3669c1117bf901
Bacterialblight/BACTERIALBLIGHT2_111.jpg,Bacterialblight,1358,dff5c583227559a3bfca70df8e5911b4a3475d310344c76a161c572158f23f95
Bacterialblight/BACTERIALBLIGHT2_112.jpg,Bacterialblight,1527,1cf10e4f1ad7e5fe9d75eee26dc259b7cb8d7be25e32c2e67f33637c6e9c819c
Bacterialblight/BACTERIALBLIGHT2_113.jpg,Bacterialblight,1528,c22116e652186a040299d7906a912a6fb143d98a085245763fff8b6b6ca11f2b
Bacterialblight/BACTERIALBLIGHT2_114.jpg,Bacterialblight,1529,c78365d39ad354d1c3215005f3fdf2c1ab5dcb2173cab6358a389d97e6e874bd
Bacterialblight/BACTERIALBLIGHT2_115.jpg,Bacterialblight,1362,fccd4d5b2ae0cddb9dcee5309a59491e179e1fa3daa1d9d97f481122bd232807
Bacterialblight/BACTERIALBLIGHT2_116.jpg,Bacterialblight,1569,2e5fb10a14a3a3a4c395359e86727582bb533d62442cc4151ce3ea4a5bd01ca2
Bacterialblight/BACTERIALBLIGHT2_117.jpg,Bacterialblight,1364,7872669ce272cf7abc52f28ca17dd0ce2a12b5b94b0cfb3e11eccb30555cd64a
Bacterialblight/BACTERIALBLIGHT2_118.jpg,Bacterialblight,1571,209b4a9750cd53de7e7019cdb7eefc25b796f5c8ec653b36d66bf54836a0ec86
Bacterialblight/BACTERIALBLIGHT2_119.jpg,Bacterialblight,1366,ade3510e069b04bf6c7d42eab0ee0292a994f5a40e6c71d63328a79a0d954878
Bacterialblight/BACTERIALBLIGHT2_120.jpg,Bacterialblight,1573,d2f8f672a162b34bf9b9e4e0bb5453812ea7c94281ff22c5aba132e83b0c9044
Bacterialblight/BACTERIALBLIGHT2_121.jpg,Bacterialblight,1368,6ebca9d7bc354c52c29813f06aaad43fd534d86294ea4059cd149003f0e5a053
Bacterialblight/BACTERIALBLIGHT2_122.jpg,Bacterialblight,1575,c8109373220cdd0cb7ef49ccace69f7ddb86312480b5b4101d2656884f039613
Bacterialblight/BACTERIALBLIGHT2_123.jpg,Bacterialblight,1370,1fe38261f056da0bee50d02d7d31845ffcc131493380f5eeb2a0db7d204a0ab1
Bacterialblight/BACTERIALBLIGHT2_124.jpg,Bacterialblight,1577,d73e27ded8af1c8be0ed80253a1bf88ef95d706d82f0bbea07e59fb9eded255c
Bacterialblight/BACTERIALBLIGHT2_125.jpg,Bacterialblight,1372,e3b95afcb30823c487bbbdc5878e1a1e5b9c2f48fcfefa06c13b6467903749d4
Bacterialblight/BACTERIALBLIGHT2_126.jpg,Bacterialblight,1481,b15cb271befa7bd01961c5b27ec75dfb2abc89bd623d5dd7a3f847b03a7911fb
Bacterialblight/BACTERIALBLIGHT2_127.jpg,Bacterialblight,1374,a311de17f7f2dbf57529b963d5baf9a93131e3d5e8d51a07a8e10e3961408f7a
Bacterialblight/BACTERIALBLIGHT2_128.jpg,Bacterialblight,1582,c9ab2b5237eda5655a7334f5c65f6c23850c4207dc4c484e7e9c9b265a3f73b5
Bacterialblight/BACTERIALBLIGHT2_129.jpg,Bacterialblight,1376,a746bb74e0907a0023e1004b0a7d32ba9fa5e8e25a4606ea472cff1df9a2989e
Bacterialblight/BACTERIALBLIGHT2_130.jpg,Bacterialblight,1583,aa6f6a0499001cf9db4d361f8643295b44eea30eb628e41ee203538f9d2dc45f
Bacterialblight/BACTERIALBLIGHT2_131.jpg,Bacterialblight,1378,493792892a375fff67389899558e3c092ec740a564c3cf3302f10ec5dc50caf2
Bacterialblight/BACTERIALBLIGHT2_132.JPG,Bacterialblight,1547,63d3b4d33172cc0a6eecbbfdff5389d737bfd41fe8e6db19dce18f733d175c0a
Bacterialblight/BACTERIALBLIGHT2_133.JPG,Bacterialblight,1380,4e7f03bc1f6a5649758f4da030f2139ccb48a12c951af921e481a7b7910d300f
Bacterialblight/BACTERIALBLIGHT2_134.JPG,Bacterialblight,1549,09978a209b49c90d01f8e83975cd87281aaa7e7c702d49a2d24dc78fa8763794
Bacterialblight/BACTERIALBLIGHT2_135.JPG,Bacterialblight,1382,8ebd2f18846381688862f2842b29664fa0e4e1fb60a5e72ebf6d0bdda7864590
Bacterialblight/BACTERIALBLIGHT2_136.JPG,Bacterialblight,1551,33be2d92fd6c035d4afceb9bb57a756459947c100ed1b30135f560b275e27a46
Bacterialblight/BACTERIALBLIGHT2_137.JPG,Bacterialblight,1384,6aeb657b3d661e7205d4b4ffabbe4ca155473b65efdfe4157999f26479baf01b
Bacterialblight/BACTERIALBLIGHT2_138.JPG,Bacterialblight,1457,7f53b1a54eddb71475fd5a2c95590f804ecc0661e088286e8af3c6d20326dca2
Bacterialblight/BACTERIALBLIGHT2_139.JPG,Bacterialblight,1387,e20b56e0b6fbf88e09abab95841675205686a20a409c97b7d4151c06c454a8da
Bacterialblight/BACTERIALBLIGHT2_140.JPG,Bacterialblight,1555,6aba63bd4600e9b4de93394438e382829947b093a95c7dcc2c9fb316d85403bf
Bacterialblight/BACTERIALBLIGHT2_141.JPG,Bacterialblight,1557,c208e031b5f72ec5bc28b4a379640e6000133dff5f6671a95f9bd37d5e2319ca
Bacterialblight/BACTERIALBLIGHT2_142.JPG,Bacterialblight,1461,41e952a87ad511b6cd3b34c0a0be0cb189d7556b9864892647981777fffdb4b7
Bacterialblight/BACTERIALBLIGHT2_143.JPG,Bacterialblight,1391,aed6994c1b0cb12dac76401c6eea759cccc40ba710798fd034ee4cc05f315672
Bacterialblight/BACTERIALBLIGHT2_144.JPG,Bacterialblight,1560,0bc9f9ec7a4ec49ba8d368fc946d00702abb40d0fe73fe645f3d34d543670222
Bacterialblight/BACTERIALBLIGHT2_145.JPG,Bacterialblight,1464,57123c649d2818bc3a99a53dd9fd7a0cca7b5fdb9001dd4a0274ec56a11f2402
Bacterialblight/BACTERIALBLIGHT2_146.JPG,Bacterialblight,1562,06a0b91d4cf9e2ceda40408a421400d27610e992fce1b24a72e8f046081bd566
Bacterialblight/BACTERIALBLIGHT2_147.jpg,Bacterialblight,1563,c7c6a421c75f8acc030b58563c9343abe6f44a7da50fb91c1a6582b643f2a5f1
Bacterialblight/BACTERIALBLIGHT2_148.jpg,Bacterialblight,1564,c166a6633362e093a18ca185aa41f1df6fd62271d52712f777325fbb68c07928
Bacterialblight/BACTERIALBLIGHT2_149.jpg,Bacterialblight,1204,7c59ddfec072eb4b570ab397846fe6dc3a49d68741c16bab12bd256ea17e4409
Bacterialblight/BACTERIALBLIGHT2_150.jpg,Bacterialblight,1566,08e554c6d48552d14d7c8896c2d7c562272e46a06414d9d5a0b5d1b901416e70
Bacterialblight/BACTERIALBLIGHT2_151.jpg,Bacterialblight,1567,7832b8e28c57924f0e201037f2bd914bfea029ceef9e309e83b4aec5e836deca
Bacterialblight/BACTERIALBLIGHT2_152.jpg,Bacterialblight,1362,fccd4d5b2ae0cddb9dcee5309a59491e179e1fa3daa1d9d97f481122bd232807
Bacterialblight/BACTERIALBLIGHT2_153.jpg,Bacterialblight,1569,2e5fb10a14a3a3a4c395359e86727582bb533d62442cc4151ce3ea4a5bd01ca2
Bacterialblight/BACTERIALBLIGHT2_154.jpg,Bacterialblight,1363,d232dc81ad57c03f5b0e7ba818cdeb35fda7b1c058c9b95059e31c8e477cadf5
Bacterialblight/BACTERIALBLIGHT2_155.jpg,Bacterialblight,1571,209b4a9750cd53de7e7019cdb7eefc25b796f5c8ec653b36d66bf54836a0ec86
Bacterialblight/BACTERIALBLIGHT2_156.jpg,Bacterialblight,1366,ade3510e069b04bf6c7d42eab0ee0292a994f5a40e6c71d63328a79a0d954878
Bacterialblight/BACTERIALBLIGHT2_157.jpg,Bacterialblight,1573,d2f8f672a162b34bf9b9e4e0bb5453812ea7c94281ff22c5aba132e83b0c9044
Bacterialblight/BACTERIALBLIGHT2_158.jpg,Bacterialblight,1368,6ebca9d7bc354c52c29813f06aaad43fd534d86294ea4059cd149003f0e5a053
Bacterialblight/BACTERIALBLIGHT2_159.jpg,Bacterialblight,1575,c8109373220cdd0cb7ef49ccace69f7ddb86312480b5b4101d2656884f039613
Bacterialblight/BACTERIALBLIGHT2_160.jpg,Bacterialblight,1370,1fe38261f056da0bee50d02d7d31845ffcc131493380f5eeb2a0db7d204a0ab1
Bacterialblight/BACTERIALBLIGHT2_161.jpg,Bacterialblight,1577,d73e27ded8af1c8be0ed80253a1bf88ef95d706d82f0bbea07e59fb9eded255c
Bacterialblight/BACTERIALBLIGHT2_162.jpg,Bacterialblight,1481,b15cb271befa7bd01961c5b27ec75dfb2abc89bd623d5dd7a3f847b03a7911fb
Bacterialblight/BACTERIALBLIGHT2_163.jpg,Bacterialblight,1374,a311de17f7f2dbf57529b963d5baf9a93131e3d5e8d51a07a8e10e3961408f7a
Bacterialblight/BACTERIALBLIGHT2_164.jpg,Bacterialblight,1580,5fb706bf133eed0f3430249dbb413fb783375bae97617c883372569eb7de7996
Bacterialblight/BACTERIALBLIGHT2_165.jpg,Bacterialblight,1581,fea3a90b80a1d151128c16290b64def593906db6f03024d1ccd3e12da9bdbd47
Bacterialblight/BACTERIALBLIGHT2_166.jpg,Bacterialblight,1582,c9ab2b5237eda5655a7334f5c65f6c23850c4207dc4c484e7e9c9b265a3f73b5
Bacterialblight/BACTERIALBLIGHT2_167.jpg,Bacterialblight,1583,aa6f6a0499001cf9db4d361f8643295b44eea30eb628e41ee203538f9d2dc45f
Bacterialblight/BACTERIALBLIGHT2_168.jpg,Bacterialblight,1333,5f8a73413bc5685a5ad521e990f61733c9f317cb32bdb1b884f9141e56a01326
Bacterialblight/BACTERIALBLIGHT2_169.jpg,Bacterialblight,1332,2140cf96e25b91057734b9d86c8854237491a49155300f3ed91e656d25a5c54d
Bacterialblight/BACTERIALBLIGHT2_170.jpg,Bacterialblight,1409,f7999910a00945f007fa5402c5710db325f61d54d1d87ffd8055997d15ac4e76
Bacterialblight/BACTERIALBLIGHT2_171.jpg,Bacterialblight,1334,63dcd975f309151529ab1a76630b623a89901bd274b96c1ee25b4a53e2fb11bb
Bacterialblight/BACTERIALBLIGHT2_172.jpg,Bacterialblight,1395,f218317b647cbd7de1fd5200d5073a85d9cfe808fee8bf82e17f2b1a9b1ad972
Bacterialblight/BACTERIALBLIGHT2_173.jpg,Bacterialblight,1451,f58e03c64e268e5f762ccac2b7021810eea1dcac6ff24f1265b79a5a7e9255f7
Bacterialblight/BACTERIALBLIGHT2_174.jpg,Bacterialblight,1397,11df71dc22f6ba7d42dac5c1ef3c5a35e7fb3b7aeff71e5c69f7fefd68a07b3c
Bacterialblight/BACTERIALBLIGHT2_175.jpg,Bacterialblight,1338,57b3d15bcd300de9ca92a6ddeae9258251083b9dec4eaa37e50044020fc3c08f
Bacterialblight/BACTERIALBLIGHT2_176.jpg,Bacterialblight,1399,732e8561110ac85ba8241a87f91af956ad6dd9a12c2b9eab005ee5d6d9c2d55e
Bacterialblight/BACTERIALBLIGHT2_177.JPG,Bacterialblight,1326,8e56ff605ab5e1dcca92d7d2895bbef49b36cc9e20055f7194f3bca4e3e02db3
Bacterialblight/BACTERIALBLIGHT2_178.jpg,Bacterialblight,1401,e40161d454dd3af7aa20c981390b27a895def1b63ac20d60ab6e1d6e85e85a97
Bacterialblight/BACTERIALBLIGHT2_179.JPG,Bacterialblight,1328,535001a9b1070cf112b6a580c10b5b6d99bd1a44ac16a894f9967af86d554fe3
Bacterialblight/BACTERIALBLIGHT2_180.jpg,Bacterialblight,1409,f7999910a00945f007fa5402c5710db325f61d54d1d87ffd8055997d15ac4e76
Bacterialblight/BACTERIALBLIGHT2_181.jpg,Bacterialblight,1332,2140cf96e25b91057734b9d86c8854237491a49155300f3ed91e656d25a5c54d
Bacterialblight/BACTERIALBLIGHT2_182.jpg,Bacterialblight,1409,f7999910a00945f007fa5402c5710db325f61d54d1d87ffd8055997d15ac4e76
Bacterialblight/BACTERIALBLIGHT2_183.jpg,Bacterialblight,1334,63dcd975f309151529ab1a76630b623a89901bd274b96c1ee25b4a53e2fb11bb
Bacterialblight/BACTERIALBLIGHT2_184.jpg,Bacterialblight,1409,f7999910a00945f007fa5402c5710db325f61d54d1d87ffd8055997d15ac4e76
Bacterialblight/BACTERIALBLIGHT2_185.jpg,Bacterialblight,1547,82548885144ea1f1f396b4fae2b7edf2ae6cd7eff2aef6ed93339985f288ddda
Bacterialblight/BACTERIALBLIGHT2_186.jpg,Bacterialblight,1409,f7999910a00945f007fa5402c5710db325f61d54d1d87ffd8055997d15ac4e76
Bacterialblight/BACTERIALBLIGHT2_187.jpg,Bacterialblight,1338,57b3d15bcd300de9ca92a6ddeae9258251083b9dec4eaa37e50044020fc3c08f
Bacterialblight/BACTERIALBLIGHT2_188.jpg,Bacterialblight,1411,736e0069b541e14988ab6458c661b13bf52290dc9c2975ca3ce50d3ca7dcb5cd
Bacterialblight/BACTERIALBLIGHT2_189.jpg,Bacterialblight,1340,6e672a37f2a56e7f771280ba47de2fbe01b48f1c21b6b3954f0afa23306df8f5
Bacterialblight/BACTERIALBLIGHT2_190.jpg,Bacterialblight,1413,ec52090b7514db11d1e20532f0747850477bb11b6313fc4de6ada25f1b5fd15d
Bacterialblight/BACTERIALBLIGHT2_191.jpg,Bacterialblight,1343,737982a7fb01a12f7e05120511bc4fada531fcabecbb9fc99d8ac9ad8beb1dcf
Bacterialblight/BACTERIALBLIGHT2_192.jpg,Bacterialblight,1415,c5c33584d116676beb4479690bb3d2a96a65fa1dbdb0e0213513c2dcf9492b9d
Bacterialblight/BACTERIALBLIGHT2_193.jpg,Bacterialblight,1344,340ae41a27b232410f4084294138c78c069a06e8bc0ac9f0e4ad8d45d9f6740c
Bacterialblight/BACTERIALBLIGHT2_194.jpg,Bacterialblight,1417,72bc202f7dcdafa4f64f727f415ff3edf8d9cdbad667ea38261d420edae1c8b2
Bacterialblight/BACTERIALBLIGHT2_195.jpg,Bacterialblight,1345,fcc3835ac3e8a02f140ba36ac1ff702a9de727e387a4c2cc1a7e7020ce8f135a
Bacterialblight/BACTERIALBLIGHT2_196.jpg,Bacterialblight,1419,b750eac9f740e77a1f2db96f17704dabae343136f6d347bd6e840cc914e3d28c
Bacterialblight/BACTERIALBLIGHT2_197.jpg,Bacterialblight,1347,b8ed8e2ac03ad4d3a3dc4f57af233c3f02f1d0021c43e3145cb8cffa593fb369
Bacterialblight/BACTERIALBLIGHT2_198.jpg,Bacterialblight,1421,44ac69fefe8827dcabb15b78065e804446beec49b5983f1a2894b3cd2d4f2a3a
Bacterialblight/BACTERIALBLIGHT2_199.jpg,Bacterialblight,1349,00d869a8280d36d011cb688906e76cf87642cbaf30bdfaf3c76a892d7dd1e644
Bacterialblight/BACTERIALBLIGHT2_200.jpg,Bacterialblight,1519,9fbad71dbb9d47f7d40cc977e7fd3dd6395caee325b92e211316b6d7c148d096
Bacterialblight/BACTERIALBLIGHT2_201.jpg,Bacterialblight,1351,7958beef3e692020dfa3d73a8ce1004579fd255b920b6c25780092912aa4b560
Bacterialblight/BACTERIALBLIGHT2_202.jpg,Bacterialblight,1257,acc61324c6d891225ff588bba5c46e2f902d3a6522f62a87166a7cdc7c6d6082
Bacterialblight/BACTERIALBLIGHT2_203.JPG,Bacterialblight,1353,41ef3f135b15d159f1d2b8a55d5d9e01e0f13c8d8e5ba804b88a21360a8d08fa
Bacterialblight/BACTERIALBLIGHT2_204.JPG,Bacterialblight,1427,7e4b71fe0c0ddebc0e50ecb7fc1bd0587c264e225dc91a42666032b64e0c5c34
Bacterialblight/BACTERIALBLIGHT2_205.JPG,Bacterialblight,1428,ca8bb8231b8fb9cb9233a3627f88eb61f84575453ca01f456a6b15fe91c61ec1
Bacterialblight/BACTERIALBLIGHT2_206.JPG,Bacterialblight,1429,21a15f1c7335fad50e087053a68892e7a4cdfe489a5383271161f7eeb7e895a4
Bacterialblight/BACTERIALBLIGHT2_207.jpg,Bacterialblight,1358,acaf79e6789dccbe558c9b5b440ccd1cb2c4f987f33aca2bdbe625d67a2806a3
Bacterialblight/BACTERIALBLIGHT2_208.jpg,Bacterialblight,1431,fd24debbe09a1b579af2e43fb26c52561495b43660508eeadab5cf4f2edd9081
Bacterialblight/BACTERIALBLIGHT2_209.jpg,Bacterialblight,1359,14e0a11e9d79443f4e38cf47d783e35bafa72a5e57e986145fca5f539ebe44d1
Bacterialblight/BACTERIALBLIGHT2_210.jpg,Bacterialblight,1433,65049c339ed021546e7dda4cfb24813943a33bf5f7fb4bef3ed19cba707017c3
Bacterialblight/BACTERIALBLIGHT2_211.jpg,Bacterialblight,1361,43c90db8b59b35e589438358dff9a4f773e2d0584261821d810f819b4718d542
Bacterialblight/BACTERIALBLIGHT2_212.jpg,Bacterialblight,1472,58a8379932a0a8f0007ef671d79237c707a7b1d7d82f502985b54aaa35966eaf
Bacterialblight/BACTERIALBLIGHT2_213.jpg,Bacterialblight,1363,d2dadac28c46ceaa848298865867a31ab480d6521e445516737cbcb38aedc640
Bacterialblight/BACTERIALBLIGHT2_214.jpg,Bacterialblight,1474,320e9f78ea7cf549a9fd98598b87d1f4063a1cc9831fc8bc93c08f99562d9474
Bacterialblight/BACTERIALBLIGHT2_215.jpg,Bacterialblight,1365,6da5867a981785cc0b40e232ba09cf55d0142d89e6eb1029b32c1c163db14a5c
Bacterialblight/BACTERIALBLIGHT2_216.jpg,Bacterialblight,1476,1432f952931af580666addca2b37755e13e5333033a25acb20949cf7a3133a5a
Bacterialblight/BACTERIALBLIGHT2_217.jpg,Bacterialblight,1367,6fc3b8072809b05f29a2b1e4b1156ffe0a2d99c3b88092ece06dcbd45a7fc48c
Bacterialblight/BACTERIALBLIGHT2_218.jpg,Bacterialblight,1478,6881ec362e5579b81dddca397415c95cc8f98615602b0a20c7f0a2fbbfafe1b8
Bacterialblight/BACTERIALBLIGHT2_219.jpg,Bacterialblight,1370,8d4201ffacb047253591dba870387235dab65c5fd5f0a36cb729635e1765d74c
Bacterialblight/BACTERIALBLIGHT2_220.jpg,Bacterialblight,1480,0a5881f10adff5a6a55b9952c016097d882884bdf6e448fc89fa4f2fda1bac52
Bacterialblight/BACTERIALBLIGHT2_221.jpg,Bacterialblight,1371,4744eb69e4b1d0b5a77ed2dbccd75d557ed3614ab30fac82545d945069a4bfb8
Bacterialblight/BACTERIALBLIGHT2_222.jpg,Bacterialblight,1481,4a3cfdb8f38bcef0010ba3a55401192dbeb95c46515afbd096ffc42b1367f6dd
Bacterialblight/BACTERIALBLIGHT2_223.jpg,Bacterialblight,1373,c27b1f2d8c1ea278a8ac1ed71b86e8fd271e411d51380cb560b8318a9281bc40
Bacterialblight/BACTERIALBLIGHT2_224.jpg,Bacterialblight,1485,433876062a1938076da92f6f010d56aaef7a1dbf298fb5b22272da5e9da82e77
Bacterialblight/BACTERIALBLIGHT2_225.jpg,Bacterialblight,1375,47ebdf7ba65ddcee83f21dd1a382644878718e95b7b7987a6a665400bb01a8f3
Bacterialblight/BACTERIALBLIGHT2_226.jpg,Bacterialblight,1486,ce2d7cea3004e11f1c8525fbca93779193cbcd299ab28b829d936e0005cef050
Bacterialblight/BACTERIALBLIGHT2_227.jpg,Bacterialblight,1377,d9e9a582a5b1343ccab1900b46ed6e943c177f08821c8a7936c368cbe5f4ba63
Bacterialblight/BACTERIALBLIGHT2_228.JPG,Bacterialblight,1451,778c133e7b931dbf25f6bfa485ae71fe0b4b2baac8493eb8e4864ad12ba3818a
Bacterialblight/BACTERIALBLIGHT2_229.JPG,Bacterialblight,1379,7e6d0d77e7c60ea6b666b8363e15ca7e1761eff937ad718f64c9b77325f9b845
Bacterialblight/BACTERIALBLIGHT2_230.JPG,Bacterialblight,1453,aa79ac8ac4020715e32f20e06ae5be124518c34838b9fd01637f14327d4955d7
Bacterialblight/BACTERIALBLIGHT2_231.JPG,Bacterialblight,1381,63ab3eaff6eeaf7ad4df174ece1527151ee70470ee53f8b67d5983ad2f2fd999
Bacterialblight/BACTERIALBLIGHT2_232.JPG,Bacterialblight,1455,de8f468fdca6f9b3d74e9393ff8f821be146a633ec74f0af6533fce1be565de5
Bacterialblight/BACTERIALBLIGHT2_233.JPG,Bacterialblight,1385,789e4989ddb31c420e3abe42f23d855fe5bd8a3e73599bd312d3900592fc3017
Bacterialblight/BACTERIALBLIGHT2_234.JPG,Bacterialblight,1457,ce946457112c949b299ad98a0f8badb558ae857208589cb3ab31bb50f434774e
Bacterialblight/BACTERIALBLIGHT2_235.JPG,Bacterialblight,1386,2f78a9fd258a73c6105ad86488a81694e50c2597be26daae0689d5e8e7045e5b
Bacterialblight/BACTERIALBLIGHT2_236.JPG,Bacterialblight,1459,d362da6a97517af793c1d67189ec245e7e832ee14370a3635a14d63e329cb795
Bacterialblight/BACTERIALBLIGHT2_237.JPG,Bacterialblight,1292,1109842ead6efa9fb1c903b059a3fc9d654cbcf716e87636b713527ba5f543ab
Bacterialblight/BACTERIALBLIGHT2_238.JPG,Bacterialblight,1388,7dadf975cf0aa54f51ca9c4ed51df9e3f98a8b2a992702a3659f4491fd0c529d
Bacterialblight/BACTERIALBLIGHT2_239.JPG,Bacterialblight,1461,7a64c4577f203c0e4d7918254fcbde0ae10759425d8f5a2e7d969604870ad060
Bacterialblight/BACTERIALBLIGHT2_240.JPG,Bacterialblight,1390,47d3d497d9d0c5c6c65bf64e868da9d9d9cc103d1a1a2de4f06b9be0212b8159
Bacterialblight/BACTERIALBLIGHT2_241.JPG,Bacterialblight,1463,54731f1edf21411e78729b5647a7d3b66a37d7e7e1725492800de9fc5a071bcf
Bacterialblight/BACTERIALBLIGHT2_242.JPG,Bacterialblight,1464,d9e135f8631ccd888fc1e77289c0570270289436cad57134217a289a7efea2b8
Bacterialblight/BACTERIALBLIGHT2_243.JPG,Bacterialblight,1465,498068a7680db6dec4d851c70e1ebec454f1aca72b984a7456afb8c574205711
Bacterialblight/BACTERIALBLIGHT2_244.jpg,Bacterialblight,1466,46635e2832f68227d7eea2a18964e32d673396ee5f60e661205111d9e3a3c0e4
Bacterialblight/BACTERIALBLIGHT2_245.jpg,Bacterialblight,1467,53bc232198a918b308ae55609f7eff34392f5bdd3b0c24b47b6aaa31a4c03d66
Bacterialblight/BACTERIALBLIGHT2_246.jpg,Bacterialblight,1301,3ab53016d0eadff0b90a9b43be2ecf0d9f2d1ee2e229a88fcc10b3524a700415
Bacterialblight/BACTERIALBLIGHT2_247.jpg,Bacterialblight,1469,b58c23c04e5872c0c59d13882c1bb0840195f606e548adc20e08c0e723d5ae88
Bacterialblight/BACTERIALBLIGHT2_248.jpg,Bacterialblight,1470,088e89817717e5f30f95f351d5411940f4f6513f6489c7220e90a144cb472868
Bacterialblight/BACTERIALBLIGHT2_249.jpg,Bacterialblight,1361,43c90db8b59b35e589438358dff9a4f773e2d0584261821d810f819b4718d542
Bacterialblight/BACTERIALBLIGHT2_250.jpg,Bacterialblight,1472,58a8379932a0a8f0007ef671d79237c707a7b1d7d82f502985b54aaa35966eaf
Bacterialblight/BACTERIALBLIGHT2_251.jpg,Bacterialblight,1364,7872669ce272cf7abc52f28ca17dd0ce2a12b5b94b0cfb3e11eccb30555cd64a
Bacterialblight/BACTERIALBLIGHT2_252.jpg,Bacterialblight,1474,320e9f78ea7cf549a9fd98598b87d1f4063a1cc9831fc8bc93c08f99562d9474
Bacterialblight/BACTERIALBLIGHT2_253.jpg,Bacterialblight,1365,6da5867a981785cc0b40e232ba09cf55d0142d89e6eb1029b32c1c163db14a5c
Bacterialblight/BACTERIALBLIGHT2_254.jpg,Bacterialblight,1476,1432f952931af580666addca2b37755e13e5333033a25acb20949cf7a3133a5a
Bacterialblight/BACTERIALBLIGHT2_255.jpg,Bacterialblight,1367,6fc3b8072809b05f29a2b1e4b1156ffe0a2d99c3b88092ece06dcbd45a7fc48c
Bacterialblight/BACTERIALBLIGHT2_256.jpg,Bacterialblight,1478,6881ec362e5579b81dddca397415c95cc8f98615602b0a20c7f0a2fbbfafe1b8
Bacterialblight/BACTERIALBLIGHT2_257.jpg,Bacterialblight,1370,28aad7ed8927d4b8694d93a06f423764cbbf8125be5a7bd624fb36e765ca0057
Bacterialblight/BACTERIALBLIGHT2_258.jpg,Bacterialblight,1480,0a5881f10adff5a6a55b9952c016097d882884bdf6e448fc89fa4f2fda1bac52
Bacterialblight/BACTERIALBLIGHT2_259.jpg,Bacterialblight,1481,4a3cfdb8f38bcef0010ba3a55401192dbeb95c46515afbd096ffc42b1367f6dd
Bacterialblight/BACTERIALBLIGHT2_260.jpg,Bacterialblight,1373,c27b1f2d8c1ea278a8ac1ed71b86e8fd271e411d51380cb560b8318a9281bc40
Bacterialblight/BACTERIALBLIGHT2_261.jpg,Bacterialblight,1483,9fd264076878a35ed74edb9d5dae3c24e34c31f2dd0ad20431e1dedf09d97a0c
Bacterialblight/BACTERIALBLIGHT2_262.jpg,Bacterialblight,1484,f81625ebd46b122088698ccdb20f9d97151ecd298efb987ef111437d92570dc5
Bacterialblight/BACTERIALBLIGHT2_263.jpg,Bacterialblight,1485,433876062a1938076da92f6f010d56aaef7a1dbf298fb5b22272da5e9da82e77
Bacterialblight/BACTERIALBLIGHT2_264.jpg,Bacterialblight,1486,ce2d7cea3004e11f1c8525fbca93779193cbcd299ab28b829d936e0005cef050
Bacterialblight/BACTERIALBLIGHT_001.jpg,Bacterialblight,1334,a72416291decc09cc095c5070bedf2dae9f0054bb9f40af0b8e98fd2ab83cff7
Bacterialblight/BACTERIALBLIGHT_002.jpg,Bacterialblight,1335,c9cf0859ecc76c0ce8b7ea4a78968511e23ae6253a0c0574bd8b703853d1b8cb
Bacterialblight/BACTERIALBLIGHT_003.jpg,Bacterialblight,1451,cd0de9a843835e847298a7537e974675a3f3075edc8d7f0a519edf9831a46eff
Bacterialblight/BACTERIALBLIGHT_004.jpg,Bacterialblight,1547,3243eee3ab34b0a3e38b0595a81e961052df5dda2130798128e2771d2f72b7e2
Bacterialblight/BACTERIALBLIGHT_005.jpg,Bacterialblight,1338,dc3e966a5c705dbed1604059c785ce4c0c15eaf099c2d65d003a218e79425d83
Bacterialblight/BACTERIALBLIGHT_006.jpg,Bacterialblight,1339,0b898d58bbcce6ddd6708da471de82d2650eba89d2b79db0b575250d6c623ade
Bacterialblight/BACTERIALBLIGHT_007.jpg,Bacterialblight,1326,d4c2b50241c940acbe4cccdae3a1603e4ba3ab90b3cc01c20dc8b0e4f1c57e1e
Bacterialblight/BACTERIALBLIGHT_008.jpg,Bacterialblight,1327,800eb93c344c2a53c1050a773416ce741e772d39aa54883df198af0dced7deed
Bacterialblight/BACTERIALBLIGHT_009.jpg,Bacterialblight,1328,42f8a908f6ffc807cf79c53d7acbfff4190284ee674c0483ad715b8cd04c6c8d
Bacterialblight/BACTERIALBLIGHT_010.jpg,Bacterialblight,1329,f176767c88a525f3d43065d47084ce24713643885fe1415f2922b85914bc2bbf
Bacterialblight/BACTERIALBLIGHT_011.jpg,Bacterialblight,1332,ab12006d5aac9bb4e81b37f92410a43aa634669a965d6d0fedf75cad6c5b1f5a
Bacterialblight/BACTERIALBLIGHT_012.jpg,Bacterialblight,1333,0333d421caa966c0eba5dbae41e6e6d7b1e6cbbe26051e09e4624c9e58e2d138
Bacterialblight/BACTERIALBLIGHT_013.jpg,Bacterialblight,1332,0d49eaf21ce32c202af776598c63cf862f4a8424b16be4152b06f6ce86d8ecb5
Bacterialblight/BACTERIALBLIGHT_014.jpg,Bacterialblight,1333,118a95f5076adbd6e09d1ac93750663fe1c9fda1136b449a105c16cd04a9529d
Bacterialblight/BACTERIALBLIGHT_015.jpg,Bacterialblight,1334,fb112aa290fd382807b34df4b4161721e4feef256d5d38f83e40d249fbe4abbc
Bacterialblight/BACTERIALBLIGHT_016.jpg,Bacterialblight,1335,363667f2d96cf5aeb8fa3df5d6b57fcd3f5d6da28c1f033575c41b9a93b54f34
Bacterialblight/BACTERIALBLIGHT_017.jpg,Bacterialblight,1547,896a1976dc32bd861a03e83180a099e6eceb251676f13a24e1975acbdd03832b
Bacterialblight/BACTERIALBLIGHT_018.jpg,Bacterialblight,1451,11d80d6d75cbd44d6d54261c58c434763a3b8899be4b60c4290eacca6c335ec5
Bacterialblight/BACTERIALBLIGHT_019.jpg,Bacterialblight,1338,e1b46596f695ca74a8e67f5ef38cfbd6574aab13d63bd9261e473def32d82006
Bacterialblight/BACTERIALBLIGHT_020.jpg,Bacterialblight,1339,cbc072aafb7c5dcd4399cd15dc7ac252faa2bab2aa15b2ab6241e2756520d2ad
Bacterialblight/BACTERIALBLIGHT_021.jpg,Bacterialblight,1340,89e5695685bda1c59d1414bea5a34fa3692b0e6c2097fdb79f8af91a31d8897b
Bacterialblight/BACTERIALBLIGHT_022.jpg,Bacterialblight,1341,d417a8f90e1bcc72635b3eb377d12c135a8170b8d1e978f8781124b8a2ea3b8c
Bacterialblight/BACTERIALBLIGHT_023.jpg,Bacterialblight,1343,ee1db9c81eb5ace94aadc28c247f87e15a9e93225d8cf9b6908d4a2291ae0715
Bacterialblight/BACTERIALBLIGHT_024.jpg,Bacterialblight,1343,f0e76562fb6f500c9b15622fe1a24d030942ccd9b55f85a195a79cd75dfab41a
Bacterialblight/BACTERIALBLIGHT_025.jpg,Bacterialblight,1344,36c10f5cd8581a382e075f21c40a07fa97e72d1866fd8ef10e405e32edbf50ed
Bacterialblight/BACTERIALBLIGHT_026.jpg,Bacterialblight,1345,9451f8e13665bf3770b8b10146b8e007970fc6b6b7f30f5ccdf2aa62512f3830
Bacterialblight/BACTERIALBLIGHT_027.jpg,Bacterialblight,1346,b5ea2442ae8fe84202e78e5652aaef07485768bba004f870d86ffe8390179f4e
Bacterialblight/BACTERIALBLIGHT_028.jpg,Bacterialblight,1347,254067a296dec4c6c47b19fc4bf7d02870a19d477c8f50538e2710d6fbd03a86
Bacterialblight/BACTERIALBLIGHT_029.jpg,Bacterialblight,1347,da379bdad59964419e04a0857d3b3200235425790c76990a6048ee7dbd239496
Bacterialblight/BACTERIALBLIGHT_030.jpg,Bacterialblight,1349,02d67bac8dd521e206b0bbf658bb35533c1248f4305bd75cd6264f1bd0d67fb2
Bacterialblight/BACTERIALBLIGHT_031.jpg,Bacterialblight,1350,6c7e5ce4a7bfb2822a741a7a188b912b36eb41ccda9508e08d8866f3e4c6a078
Bacterialblight/BACTERIALBLIGHT_032.jpg,Bacterialblight,1351,98327afc31399468f3e81ffed951cdb3d4b4053deb951f5f114294bb4ac866ab
Bacterialblight/BACTERIALBLIGHT_033.jpg,Bacterialblight,1352,a1f2dcd163c6034c0fdc09a821a3988c089dc7ec35065cc74790772e2556d30d
Bacterialblight/BACTERIALBLIGHT_034.jpg,Bacterialblight,1353,c8b0d198bc05ecdec8a3368174515a4e7da6844f8bc74ef10bf98e5cab2b7117
Bacterialblight/BACTERIALBLIGHT_035.jpg,Bacterialblight,1354,dbaa70dbb7d1f08973733f11af80ad5394ee9400d4aaa00be63a5cf855ef167f
Bacterialblight/BACTERIALBLIGHT_036.jpg,Bacterialblight,1428,7505f44df6d2fe38907ea701b991b30166f9bf442284f5a190dd758bbf1ae05f
Bacterialblight/BACTERIALBLIGHT_037.jpg,Bacterialblight,1356,df5b431defdcafe20f91c92860b604e360374ac13a4b904bef71281381856950
Bacterialblight/BACTERIALBLIGHT_038.jpg,Bacterialblight,1358,3cf4aea02c0829ae3f12a1e0be2613fa20f829cfbcb0cf479ae2ee77a0ff4b37
Bacterialblight/BACTERIALBLIGHT_039.jpg,Bacterialblight,1358,1371bee5db677902e3bcbf3ebd895c952d9d8a824c58bffb5a9e6428ab5171fa
Bacterialblight/BACTERIALBLIGHT_040.jpg,Bacterialblight,1359,fa2fd1d3b97db607af48513bdb25899d0728344854e187501c2e2b826605169a
Bacterialblight/BACTERIALBLIGHT_041.jpg,Bacterialblight,1359,219926b7def11f05934f0f83a794fca3024007c9675362d04d6d467bb2f5bc99
Bacterialblight/BACTERIALBLIGHT_042.jpg,Bacterialblight,1361,2f038b6356a851fc37fc3d3fd7d37878a98fafd0dcbd9c3b973d4598b5dbf051
Bacterialblight/BACTERIALBLIGHT_043.jpg,Bacterialblight,1362,c5bda194a48bbaa82febc5eb575b40384e5b1b7dad479c1dee0ee496bfa1743f
Bacterialblight/BACTERIALBLIGHT_044.jpg,Bacterialblight,1363,cf572a7e6cbe6cc1037503446b175664408163eeb61516f93ebaa849979d2f40
Bacterialblight/BACTERIALBLIGHT_045.jpg,Bacterialblight,1364,56a7e8034bbf68b8b461d125e360da904cbf48afc587055c45496a82f6903fd1
Bacterialblight/BACTERIALBLIGHT_046.jpg,Bacterialblight,1365,2f473c99151f58f46633ced53069c2ef94b8089a3219e3b6414cd7e73b759c62
Bacterialblight/BACTERIALBLIGHT_047.jpg,Bacterialblight,1366,04a3bb8ef31a910a3950b9cd0a001541229b68033bdebb3b014f411ff9bcc6b9
Bacterialblight/BACTERIALBLIGHT_048.jpg,Bacterialblight,1367,b449344f89876c9c3fe8baecee9951e16a554f77d6b4f702d325925d2c917691
Bacterialblight/BACTERIALBLIGHT_049.jpg,Bacterialblight,1368,bcc43fcae1a19d00f4bbdd1bdbb88c8d42e689ecdd78cbe159871aeb2a441124
Bacterialblight/BACTERIALBLIGHT_050.jpg,Bacterialblight,1370,a4aa48ee9a10b5f0e8f8ad66318e0df2d7a1d82acc95eadeb327dcd484f8287d
Bacterialblight/BACTERIALBLIGHT_051.jpg,Bacterialblight,1370,4409bf4c8648c7b2b3bd4838d83f41a1f10b152bd86367ad1ee01b4d12d48336
Bacterialblight/BACTERIALBLIGHT_052.jpg,Bacterialblight,1371,9efe80b084bb2c6d885a2089dbf27277945ff04e7d9868a8d9aca646a7523b28
Bacterialblight/BACTERIALBLIGHT_053.jpg,Bacterialblight,1372,e729d0c0cb8503d262518cf9975ed6bf675ffa184b95e7dc6cf497a8961fac17
Bacterialblight/BACTERIALBLIGHT_054.jpg,Bacterialblight,1373,e30053ed9c0dc863ea6e206035ea714a62a3ecda0ef229463764179d443bb519
Bacterialblight/BACTERIALBLIGHT_055.jpg,Bacterialblight,1374,c3d871a25bef67de27cbc4ffc1cd465228b08b07559e4f673875847c944f90e7
Bacterialblight/BACTERIALBLIGHT_056.jpg,Bacterialblight,1375,b5f1b7f9b4907841bf6bd90f834cad367b4e5b771ce7510bbf2ec6897ac04db4
Bacterialblight/BACTERIALBLIGHT_057.jpg,Bacterialblight,1376,e6911fc5a91da7a39729928b4e206616531cc724a887360e9bbadf84b82735d0
Bacterialblight/BACTERIALBLIGHT_058.jpg,Bacterialblight,1377,33298a4d7689d8640489eabe4abf5997be2995287c134249db26e10492259c5a
Bacterialblight/BACTERIALBLIGHT_059.jpg,Bacterialblight,1378,c2f54d3971f781243fd1f3bc5f6bac712588d4406bbab43bd807b29dcbabb88f
Bacterialblight/BACTERIALBLIGHT_060.jpg,Bacterialblight,1379,47e3198c28d13c94b7b11f25cfef55c0131495e1971e3931d8a3a0d34f01c409
Bacterialblight/BACTERIALBLIGHT_061.jpg,Bacterialblight,1380,7e661a2f89ab8a84a430a3ab9de1e854d91f609d7f90e8e545cf741c2436801f
Bacterialblight/BACTERIALBLIGHT_062.jpg,Bacterialblight,1381,ff7aaed55daa4b0b77bebc20376677c1fbe00cc37e26261d42efb012b09b8de0
Bacterialblight/BACTERIALBLIGHT_063.jpg,Bacterialblight,1382,aa9cd1ba4772236ebd673c848c81907e66126d1017455ffe6ae43c5ede437937
Bacterialblight/BACTERIALBLIGHT_064.jpg,Bacterialblight,1385,cf5da6aa7f6adf24a66681bc937840b02b71530dd66ffbcc43b29b7e48fafb21
Bacterialblight/BACTERIALBLIGHT_065.jpg,Bacterialblight,1384,f23e88ff866fac64a60c700ed6aa52d35cf69a48765cc8b7737689efc36b2051
Bacterialblight/BACTERIALBLIGHT_066.jpg,Bacterialblight,1385,fdf63b794e7fd287f159610a270c7d61f5e0278368248a99295c943ce36dd843
Bacterialblight/BACTERIALBLIGHT_067.jpg,Bacterialblight,1386,d52798ad210a884343ab10130486349466d70d25d979e05938f128cd3c202228
Bacterialblight/BACTERIALBLIGHT_068.jpg,Bacterialblight,1387,d683ef4a28323c7d923e3b71fc6e3c6d50e4697889e41f3b99212e719f566548
Bacterialblight/BACTERIALBLIGHT_069.jpg,Bacterialblight,1388,c846526084d88e9b8ca26e75365b48f6eb67520b34b913dd91afb179f52d6077
Bacterialblight/BACTERIALBLIGHT_070.jpg,Bacterialblight,1389,062c018d02d2dfa342a11ea90b0b365ddda94971dfa65e0fcdb537ed711cb828
Bacterialblight/BACTERIALBLIGHT_071.jpg,Bacterialblight,1390,ed4ab149f448aefb98fa9727d0f7c6c4cb3d14068e0de4dfdee62fbb7cccd810
Bacterialblight/BACTERIALBLIGHT_072.jpg,Bacterialblight,1391,fda840c137f7a1208af1a5ad9f231106df7118e3217915f1f40d2118275df88d
Bacterialblight/BACTERIALBLIGHT_073.jpg,Bacterialblight,1334,2a58cceb7cb69481df1f24c67804df708e2aaac8fe9d54cf5eac602c847cdb72
Bacterialblight/BACTERIALBLIGHT_074.jpg,Bacterialblight,1409,0af4d8743eabe12e9e73d4062f6fc8f7b15c65bcbe735066e42d282214ee36b2
Bacterialblight/BACTERIALBLIGHT_075.jpg,Bacterialblight,1451,ad57027e5abef82b7991893f062af83176557662a0b1c2aeac2d3d1dfa709123
Bacterialblight/BACTERIALBLIGHT_076.jpg,Bacterialblight,1395,1d7399e2fd61cd12a134eccd4837ddfce8d0776c41d63846db227afbcae0bbb5
Bacterialblight/BACTERIALBLIGHT_077.jpg,Bacterialblight,1338,0366221cb2a3f5cc98594d556695143813e046dc5708b08996c0381c2abaec5f
Bacterialblight/BACTERIALBLIGHT_078.jpg,Bacterialblight,1397,dc80f68a16400862dcbd5abc6cf8644cc17231c09a04bdc5a6e2785fc43fe09d
Bacterialblight/BACTERIALBLIGHT_079.JPG,Bacterialblight,1326,f98eeadb806797aa163a320db8aadf297e07e6a79d1b1b72ad97c0064116f461
Bacterialblight/BACTERIALBLIGHT_080.jpg,Bacterialblight,1399,77766f2367a3a625f57825ffba515f6d35216170b25ffd84bd423daed609abbd
Bacterialblight/BACTERIALBLIGHT_081.JPG,Bacterialblight,1328,0c2d46d1e9ae8ad896e1b67f9f2af38f15840dc7222129395070480ed4e15fcf
Bacterialblight/BACTERIALBLIGHT_082.jpg,Bacterialblight,1401,4e833d787da0225bdd6a6ef0f73905212db1846db6e535ca83961e3f283a216c
Bacterialblight/BACTERIALBLIGHT_083.jpg,Bacterialblight,1332,c3b8801bc2003b30ce21eafc09697d76f12d927e7ecf19a96f60c577dcfdcce4
Bacterialblight/BACTERIALBLIGHT_084.jpg,Bacterialblight,1409,0af4d8743eabe12e9e73d4062f6fc8f7b15c65bcbe735066e42d282214ee36b2
Bacterialblight/BACTERIALBLIGHT_085.jpg,Bacterialblight,1332,c3b8801bc2003b30ce21eafc09697d76f12d927e7ecf19a96f60c577dcfdcce4
Bacterialblight/BACTERIALBLIGHT_086.jpg,Bacterialblight,1409,0af4d8743eabe12e9e73d4062f6fc8f7b15c65bcbe735066e42d282214ee36b2
Bacterialblight/BACTERIALBLIGHT_087.jpg,Bacterialblight,1334,2a58cceb7cb69481df1f24c67804df708e2aaac8fe9d54cf5eac602c847cdb72
Bacterialblight/BACTERIALBLIGHT_088.jpg,Bacterialblight,1409,0af4d8743eabe12e9e73d4062f6fc8f7b15c65bcbe735066e42d282214ee36b2
Bacterialblight/BACTERIALBLIGHT_089.jpg,Bacterialblight,1547,8bfe9cb79e5e980946963156e854e3c31316a38f68a259a1cb5cebf441ffb8cd
Bacterialblight/BACTERIALBLIGHT_090.jpg,Bacterialblight,1409,0af4d8743eabe12e9e73d4062f6fc8f7b15c65bcbe735066e42d282214ee36b2
Bacterialblight/BACTERIALBLIGHT_091.jpg,Bacterialblight,1338,0366221cb2a3f5cc98594d556695143813e046dc5708b08996c0381c2abaec5f
Bacterialblight/BACTERIALBLIGHT_092.jpg,Bacterialblight,1411,a98ae80acded91b34bf59420d24289ee5cad32468b8bbb51e59ca8107b84eb7e
Bacterialblight/BACTERIALBLIGHT_093.jpg,Bacterialblight,1340,38c5d8adeefe9b121d2d806918b4d8fdbb5d04d3de1ea5887b31664265b8e7a1
Bacterialblight/BACTERIALBLIGHT_094.jpg,Bacterialblight,1413,6b466a47fd75ff976284607f0dd6eb9ad86e3ea0a41830f345dbf19022ef0001
Bacterialblight/BACTERIALBLIGHT_095.jpg,Bacterialblight,1343,ca29ee47ebc8ce7a48b4818c4334976f1338f3fecac56c8296f971ac55d8222f
Bacterialblight/BACTERIALBLIGHT_096.jpg,Bacterialblight,1415,7e05648ffc05b48ec7fd04524c93b38e7f08557e7f0614ad8a76909c6570aa06
Bacterialblight/BACTERIALBLIGHT_097.jpg,Bacterialblight,1344,7bfaa200252039f9651431dbef901855a51d4e67bbcbf853a82a3e800b779d24
Bacterialblight/BACTERIALBLIGHT_098.jpg,Bacterialblight,1417,029a32bd883fa775bb3885493fde7c5d5f604018aa35d77253e520b762bd3705
Bacterialblight/BACTERIALBLIGHT_099.jpg,Bacterialblight,1345,d89273ea446cbbe3a5531a4b85834d068b5a3af680b1e2fb6541d41b762b8dda
Bacterialblight/BACTERIALBLIGHT_100.jpg,Bacterialblight,1419,b6f76009a6da20998885bb71bc78de88b96314e862c08d440bd848a5a9ba5f35
Bacterialblight/BACTERIALBLIGHT_101.jpg,Bacterialblight,1347,4086e07727556cc4a715f91eb53f9603392ca50c10053a5e1af60ecfcf39cfcc
Bacterialblight/BACTERIALBLIGHT_102.jpg,Bacterialblight,1421,8d0e4f8fbe7a2b8f99384c51a4b27d1fe1af3a25fc096530c5a6d556cd9a62fb
Bacterialblight/BACTERIALBLIGHT_103.jpg,Bacterialblight,1349,d807973894811a98a718531b025a6d16338780d2d91d401d6c36c19832d1ee15
Bacterialblight/BACTERIALBLIGHT_104.jpg,Bacterialblight,1519,ef7f566cbcbd018bce44c4a6f110bcc822ea4c02f914081a6ce9c316cedaf69e
Bacterialblight/BACTERIALBLIGHT_105.jpg,Bacterialblight,1351,0396ef1678b14398a00a5336e17d161dcc211047e5789edcbe92f06e1508176c
Bacterialblight/BACTERIALBLIGHT_106.jpg,Bacterialblight,1521,c584dbdb5e4a05a4b9628ac106071c04fa34bdb266ab3eca21922f043843dc7e
Bacterialblight/BACTERIALBLIGHT_107.JPG,Bacterialblight,1353,b2752d26e250093bc1de5a35620c7874f57bad2c26671bc592d98770d4089d1e
Bacterialblight/BACTERIALBLIGHT_108.JPG,Bacterialblight,1427,970c48a28ad3d86c7a6092fd739d0413b2e7de4477c12419f5a16adf4732eb7c
Bacterialblight/BACTERIALBLIGHT_109.JPG,Bacterialblight,1428,c4575230aa0cba7cac842b17b55aad504b4930a419f94fa0b011d319bffa4c3e
Bacterialblight/BACTERIALBLIGHT_110.JPG,Bacterialblight,1429,432b05bdd045ad3760df2fb63dc29327bf05f54c0295e4d8676bd12d1658ec83
Bacterialblight/BACTERIALBLIGHT_111.jpg,Bacterialblight,1358,287fe3cbab51bef515adaec30b3a9170ee3a1b5ed1c0eb337a99874df1f0ebe8
Bacterialblight/BACTERIALBLIGHT_112.jpg,Bacterialblight,1431,a547a95f8d984f4ebb1f616cb65ef3afca502d10dc305fbec00ddf577ddd336f
Bacterialblight/BACTERIALBLIGHT_113.jpg,Bacterialblight,1359,b29d4118afd6970f7e298b521968231ef0e6f60a1616bb1dc9559bb3591ed6af
Bacterialblight/BACTERIALBLIGHT_114.jpg,Bacterialblight,1433,03548763b0db12fe2889585cf51dfc7158a093b4e6a144efbd1adf93a5b7da1f
Bacterialblight/BACTERIALBLIGHT_115.jpg,Bacterialblight,1361,aaf9ab096c164e31e755207fa513b66a379b200a864c6f1493481563aecddc1d
Bacterialblight/BACTERIALBLIGHT_116.jpg,Bacterialblight,1472,27262e1350f0329053e9f79589833b69d3b6f68f0705112fe20a5959dbb13de1
Bacterialblight/BACTERIALBLIGHT_117.jpg,Bacterialblight,1363,7f75b0ea68d64e28672b4063623456b55e0938e95daa952310727ed75132a0b9
Bacterialblight/BACTERIALBLIGHT_118.jpg,Bacterialblight,1474,eaca1ae41660bd6e6bb43957eb40ec144c17ccb4f5e50f614487ca944b0f2e79
Bacterialblight/BACTERIALBLIGHT_119.jpg,Bacterialblight,1365,160264583fd3d88c0e33cd18a4201396ad46df7af99ca46a7685397ae186e211
Bacterialblight/BACTERIALBLIGHT_120.jpg,Bacterialblight,1476,30e3f157be2b97feae701a9fd7cb34226e7223732129b48ddb10256b22d00115
Bacterialblight/BACTERIALBLIGHT_121.jpg,Bacterialblight,1367,942021ebb4d2511c46c02e1683353e18042b010683fa4329d72cb21e7919a246
Bacterialblight/BACTERIALBLIGHT_122.jpg,Bacterialblight,1478,e1e8b730f47404129f372fec4db0eadca3b8f6ec5b76327c728d914cc6d2244d
Bacterialblight/BACTERIALBLIGHT_123.jpg,Bacterialblight,1370,0afebc2e00da41f725fe4f99d572f2c009af49b3ed7744d0f295c64cefc7752e
Bacterialblight/BACTERIALBLIGHT_124.jpg,Bacterialblight,1480,59b6b85e78e4f0f1ad9cf440a0d645c6d538e6d2701c8a80f6cf962445903331
Bacterialblight/BACTERIALBLIGHT_125.jpg,Bacterialblight,1371,d6bf42a40752827c779056a95380f8bef6784785937cd1f6987b2937a778cb14
Bacterialblight/BACTERIALBLIGHT_126.jpg,Bacterialblight,1481,9ba96120814dffbe6348eb35d2cba6872cbb90442f33f6e0f68b5dedf41b9fce
Bacterialblight/BACTERIALBLIGHT_127.jpg,Bacterialblight,1373,df193e9faf6635b9edcc14cbccdcdf2dc760db88c4e352826e55c0af6fa422ac
Bacterialblight/BACTERIALBLIGHT_128.jpg,Bacterialblight,1485,449828501c5627d84a4eb02745136efab22cc10b1b553e33b5ee7251db80beff
Bacterialblight/BACTERIALBLIGHT_129.jpg,Bacterialblight,1375,fa178da0c809398f884d0f9536c56177f26e1b8659ed01ec257b36b469fc84f2
Bacterialblight/BACTERIALBLIGHT_130.jpg,Bacterialblight,1486,72705cb915225d7c521cdc65c7ad78f4546807a4a3b49faa72731fe66cb7cc56
Bacterialblight/BACTERIALBLIGHT_131.jpg,Bacterialblight,1377,f42b03e5b1ee4217c6aba2f81eabac82ea31ab7f67547833994121a33388bfd6
Bacterialblight/BACTERIALBLIGHT_132.JPG,Bacterialblight,1451,b58be1f364af6beacbe8322e3ce7f9be3b32f78ffb20d362c85e01ca073053df
Bacterialblight/BACTERIALBLIGHT_133.JPG,Bacterialblight,1379,d91be2daf197746bdebb830284183ba4e0f701acbd32d60ba4333a29780fb26e
Bacterialblight/BACTERIALBLIGHT_134.JPG,Bacterialblight,1453,8015cd5e1e9e0424f3031630365d15a1768a9b4cd68e32d7c9b01518728fadc2
Bacterialblight/BACTERIALBLIGHT_135.JPG,Bacterialblight,1381,7fc8d58995770574ff4df6e695749c000c0be7cd543864b11786d98f92446085
Bacterialblight/BACTERIALBLIGHT_136.JPG,Bacterialblight,1455,4f8948a5056ff489357961a1a18b4ba6b0deb873d2b97aeeac609ddd795a8fab
Bacterialblight/BACTERIALBLIGHT_137.JPG,Bacterialblight,1385,dc8824eac0ce6245bec1763f6b47b53ffdf495bfb0d592d90177bbfa83a107f2
Bacterialblight/BACTERIALBLIGHT_138.JPG,Bacterialblight,1457,2a790cb9843a0b2e4f8667c59bb058a29bc4756c5bc18ab015d87558cbbd06b0
Bacterialblight/BACTERIALBLIGHT_139.JPG,Bacterialblight,1386,c274af626b0bc3ff64ebaf7737eff49742ce44d5c783a62df40219c4d17d6321
Bacterialblight/BACTERIALBLIGHT_140.JPG,Bacterialblight,1459,fa5bb33bee8953e4d77e62b70c8295a5b7b7d5fe60f1db2bab897120dfb87c7c
Bacterialblight/BACTERIALBLIGHT_141.JPG,Bacterialblight,1388,4534826e496bb81090cc50f80decdfe7c2db0819f87246037234823c57edba56
Bacterialblight/BACTERIALBLIGHT_142.JPG,Bacterialblight,1461,e6d59262daf4d9530ccddda94162ee5039f3f4974715e2e17b5af25144547bc6
Bacterialblight/BACTERIALBLIGHT_143.JPG,Bacterialblight,1390,4f9821a7a6ea97a89152a27bd1aa233d8c41cf8eda239ba681a28d71b5c721c6
Bacterialblight/BACTERIALBLIGHT_144.JPG,Bacterialblight,1463,6a3a3337e1b2fcf07a84da6614c7463a57efe9edc58ba40546c8ab5248228cc8
Bacterialblight/BACTERIALBLIGHT_145.JPG,Bacterialblight,1464,c09cc6f6f2e94bfe9aeec4da2af67b424b098dffa5056f0635e18be298d2932a
Bacterialblight/BACTERIALBLIGHT_146.JPG,Bacterialblight,1465,9bc2e71549c4d75cffe5f3e8ad0be343e9fa6090c011e2d5bfbd0a0925cdf24e
Bacterialblight/BACTERIALBLIGHT_147.jpg,Bacterialblight,1466,6c94b4ec3877e963e913444c784984fc5d19eb87f0ad7d5561313615031d8869
Bacterialblight/BACTERIALBLIGHT_148.jpg,Bacterialblight,1467,1c5e914d2056763236b0d793d7bae678d32b4cce739538473990158290071143
Bacterialblight/BACTERIALBLIGHT_149.jpg,Bacterialblight,1468,b18406c5c67e84adb9f40db95caab7eb1f35144ad6205921674fb730fddabbdb
Bacterialblight/BACTERIALBLIGHT_150.jpg,Bacterialblight,1469,65c6a68c0e2a5a3f42aa22550ec62705abce44deccf25c07d82bddab5f565239
Bacterialblight/BACTERIALBLIGHT_151.jpg,Bacterialblight,1470,4327191c7607be3d355df2c016e82fad3ab47558d2753a359a088422fb4f750c
Bacterialblight/BACTERIALBLIGHT_152.jpg,Bacterialblight,1361,aaf9ab096c164e31e755207fa513b66a379b200a864c6f1493481563aecddc1d
Bacterialblight/BACTERIALBLIGHT_153.jpg,Bacterialblight,1472,27262e1350f0329053e9f79589833b69d3b6f68f0705112fe20a5959dbb13de1
Bacterialblight/BACTERIALBLIGHT_154.jpg,Bacterialblight,1364,0d91fcd53ef988384b17128debf530ebe7ce2d84bdef43a90ac3b55c1c1d0d1e
Bacterialblight/BACTERIALBLIGHT_155.jpg,Bacterialblight,1474,eaca1ae41660bd6e6bb43957eb40ec144c17ccb4f5e50f614487ca944b0f2e79
Bacterialblight/BACTERIALBLIGHT_156.jpg,Bacterialblight,1365,160264583fd3d88c0e33cd18a4201396ad46df7af99ca46a7685397ae186e211
Bacterialblight/BACTERIALBLIGHT_157.jpg,Bacterialblight,1476,30e3f157be2b97feae701a9fd7cb34226e7223732129b48ddb10256b22d00115
Bacterialblight/BACTERIALBLIGHT_158.jpg,Bacterialblight,1367,942021ebb4d2511c46c02e1683353e18042b010683fa4329d72cb21e7919a246
Bacterialblight/BACTERIALBLIGHT_159.jpg,Bacterialblight,1478,e1e8b730f47404129f372fec4db0eadca3b8f6ec5b76327c728d914cc6d2244d
Bacterialblight/BACTERIALBLIGHT_160.jpg,Bacterialblight,1370,0afebc2e00da41f725fe4f99d572f2c009af49b3ed7744d0f295c64cefc7752e
Bacterialblight/BACTERIALBLIGHT_161.jpg,Bacterialblight,1480,59b6b85e78e4f0f1ad9cf440a0d645c6d538e6d2701c8a80f6cf962445903331
Bacterialblight/BACTERIALBLIGHT_162.jpg,Bacterialblight,1481,9ba96120814dffbe6348eb35d2cba6872cbb90442f33f6e0f68b5dedf41b9fce
Bacterialblight/BACTERIALBLIGHT_163.jpg,Bacterialblight,1373,df193e9faf6635b9edcc14cbccdcdf2dc760db88c4e352826e55c0af6fa422ac
Bacterialblight/BACTERIALBLIGHT_164.jpg,Bacterialblight,1483,d1ae8565cc64de661b1a47fc8769f9293b8ce7fa3266d4d4d235fa8649e7790a
Bacterialblight/BACTERIALBLIGHT_165.jpg,Bacterialblight,1484,6d08886955b6529831d90af6bc197c256742653b7da56516b3788e86f6deb0e1
Bacterialblight/BACTERIALBLIGHT_166.jpg,Bacterialblight,1485,449828501c5627d84a4eb02745136efab22cc10b1b553e33b5ee7251db80beff
Bacterialblight/BACTERIALBLIGHT_167.jpg,Bacterialblight,1486,72705cb915225d7c521cdc65c7ad78f4546807a4a3b49faa72731fe66cb7cc56
Bacterialblight/BACTERIALBLIGHT_168.jpg,Bacterialblight,1332,c3b8801bc2003b30ce21eafc09697d76f12d927e7ecf19a96f60c577dcfdcce4
Bacterialblight/BACTERIALBLIGHT_169.jpg,Bacterialblight,1333,2f3131acac5ae830cf586ce7ddc44fe20a3caa9bb53ecee06878d6521dc6c1b9
Bacterialblight/BACTERIALBLIGHT_170.jpg,Bacterialblight,1505,d80133dc8d51c209224482670b21f23f844255de8909afabbd7e50418c258db0
Bacterialblight/BACTERIALBLIGHT_171.jpg,Bacterialblight,1335,1b3107ca51e5b5f9917ae907228598e7ba6c903d974ce460de7b47874ae9ab9d
Bacterialblight/BACTERIALBLIGHT_172.jpg,Bacterialblight,1491,b189d8dd87902a0d3313844189bf0d506fca655ec69f5710c6db83e16420386f
Bacterialblight/BACTERIALBLIGHT_173.jpg,Bacterialblight,1547,8bfe9cb79e5e980946963156e854e3c31316a38f68a259a1cb5cebf441ffb8cd
Bacterialblight/BACTERIALBLIGHT_174.jpg,Bacterialblight,1493,fa683d4137557abe8fd6e1e956d78c21408a3445f133ee00b78e3201e906e107
Bacterialblight/BACTERIALBLIGHT_175.jpg,Bacterialblight,1339,ce0f9a8dc8ce2d5e617c64a19b1fa2343a089718d87b9bdc8488e14bc3fc6ef9
Bacterialblight/BACTERIALBLIGHT_176.jpg,Bacterialblight,1495,8c6af692fffb3999896b03b8f6d0b3073b5f620c923396b4586b3cdb1e89d7d0
Bacterialblight/BACTERIALBLIGHT_177.JPG,Bacterialblight,1327,0cc4486609ced8f8eb9799b0ab8cacb66e2263621ba37950b176711b9f1e3365
Bacterialblight/BACTERIALBLIGHT_178.jpg,Bacterialblight,1401,8ef7c570174a898c6c15dae4ecea5109e495f19447d98bfb5bf1971ef073d0bd
Bacterialblight/BACTERIALBLIGHT_179.JPG,Bacterialblight,1329,6baa892e9e5c54cb30b22ee86ceafdc8b6d9d7eca50804d52c62bbbb495f6666
Bacterialblight/BACTERIALBLIGHT_180.jpg,Bacterialblight,1505,d80133dc8d51c209224482670b21f23f844255de8909afabbd7e50418c258db0
Bacterialblight/BACTERIALBLIGHT_181.jpg,Bacterialblight,1333,2f3131acac5ae830cf586ce7ddc44fe20a3caa9bb53ecee06878d6521dc6c1b9
Bacterialblight/BACTERIALBLIGHT_182.jpg,Bacterialblight,1505,d80133dc8d51c209224482670b21f23f844255de8909afabbd7e50418c258db0
Bacterialblight/BACTERIALBLIGHT_183.jpg,Bacterialblight,1335,1b3107ca51e5b5f9917ae907228598e7ba6c903d974ce460de7b47874ae9ab9d
Bacterialblight/BACTERIALBLIGHT_184.jpg,Bacterialblight,1505,d80133dc8d51c209224482670b21f23f844255de8909afabbd7e50418c258db0
Bacterialblight/BACTERIALBLIGHT_185.jpg,Bacterialblight,1451,6fe356de2520c73f6870cf80586880cae176376b7a1ae986302b00db38efdbff
Bacterialblight/BACTERIALBLIGHT_186.jpg,Bacterialblight,1505,d80133dc8d51c209224482670b21f23f844255de8909afabbd7e50418c258db0
Bacterialblight/BACTERIALBLIGHT_187.jpg,Bacterialblight,1339,ce0f9a8dc8ce2d5e617c64a19b1fa2343a089718d87b9bdc8488e14bc3fc6ef9
Bacterialblight/BACTERIALBLIGHT_188.jpg,Bacterialblight,1507,333164477da6c98fe8068e6e9f4e5f6367164957338cc8f01f47b628729fba4b
Bacterialblight/BACTERIALBLIGHT_189.jpg,Bacterialblight,1341,358600313fe8dd1b46b1cec171fc9a924a76f8c3f9306aa5da2e4bfe34bede3d
Bacterialblight/BACTERIALBLIGHT_190.jpg,Bacterialblight,1525,75551a86fc4e8359e4b44403ee44cfa0c80711f6f38a5560267a3d0afa6270e8
Bacterialblight/BACTERIALBLIGHT_191.jpg,Bacterialblight,1343,2dbb2592e5f85bd70cb9355bf6da63951c46d9ed85fbb37c7f122ee1a799f79d
Bacterialblight/BACTERIALBLIGHT_192.jpg,Bacterialblight,1511,682edc1621e481eb4b3e81cc8b24c8771359bd50f2295fe511acb13a204e52bf
Bacterialblight/BACTERIALBLIGHT_193.jpg,Bacterialblight,1512,a94073fd8f550e70e45e5222356bec465b0b8d2999ae315cd62bc8a2ce753dc5
Bacterialblight/BACTERIALBLIGHT_194.jpg,Bacterialblight,1513,4a306a6cf1c8b294caf37f038d212bdb8a9278f5cec1e48290862406003945c9
Bacterialblight/BACTERIALBLIGHT_195.jpg,Bacterialblight,1346,a9ea8e541d38f172f142dd81f743dc7d22691cd17768b28fb63138000cc18c27
Bacterialblight/BACTERIALBLIGHT_196.jpg,Bacterialblight,1515,31257751c59b8d6c6bc1bed09947ad6fd5221acf14165d1a4b6f03a8559ae220
Bacterialblight/BACTERIALBLIGHT_197.jpg,Bacterialblight,1516,0f20028847f80ab3913b7478b38bb45c00286906e0f31cc3060107ecd1deff09
Bacterialblight/BACTERIALBLIGHT_198.jpg,Bacterialblight,1517,05da1bea64a3b07e4f0d4da5dfafcbb98bf522c02c447ced38261e69407dc5ad
Bacterialblight/BACTERIALBLIGHT_199.jpg,Bacterialblight,1350,15d4a5bf48851d3f0ac294bfa0a02623ecbdc3ec04a0df2fcf7ea115e4a67dfa
Bacterialblight/BACTERIALBLIGHT_200.jpg,Bacterialblight,1519,14bb70d7bddefe131a37b8f1681de9371886f788cd998c66c760869edbcda036
Bacterialblight/BACTERIALBLIGHT_201.jpg,Bacterialblight,1352,b71c72d582632f99626e4a4a22521f434e94a499c5634fe8ee2d4da0cfb67e67
Bacterialblight/BACTERIALBLIGHT_202.jpg,Bacterialblight,1521,c584dbdb5e4a05a4b9628ac106071c04fa34bdb266ab3eca21922f043843dc7e
Bacterialblight/BACTERIALBLIGHT_203.JPG,Bacterialblight,1354,7b9f773f5b0b16361e35eedcc1b4e546caba25b3151e54237980262ec36745c6
Bacterialblight/BACTERIALBLIGHT_204.JPG,Bacterialblight,1523,349a2914cc059c6a6d2616b338225df78fa7d41952cc2e301182d9bc8d9b786d
Bacterialblight/BACTERIALBLIGHT_205.JPG,Bacterialblight,1356,efe0b7bdb13f7a3d456a4d85be3992c21ce6e0be09cfe254c452a4d792894497
Bacterialblight/BACTERIALBLIGHT_206.JPG,Bacterialblight,1525,115fe390af7a356daf5be9c9a6b6bd331a658644fc2f85454f24c905633b1b55
Bacterialblight/BACTERIALBLIGHT_207.jpg,Bacterialblight,1358,af8246d71661ed3ab13fa6ff6490a56a47f61345e13d0e073711e882127f3329
Bacterialblight/BACTERIALBLIGHT_208.jpg,Bacterialblight,1527,a518635d44f5f8159491d30a5ca83e692c0d8be12197131e640a961d19f7d79f
Bacterialblight/BACTERIALBLIGHT_209.jpg,Bacterialblight,1528,fa25db25dd41a379066946d17b6d7a078025a101ca8c48428d3f3c2ab8507482
Bacterialblight/BACTERIALBLIGHT_210.jpg,Bacterialblight,1529,94081a58070ae30ff645881c9fea81f9b524597a867cb624a65c46039cd55cf0
Bacterialblight/BACTERIALBLIGHT_211.jpg,Bacterialblight,1362,581d91ba332380e54ebebd8f879e2e0d91898dbbc0caaef8f8731bd5ba2b8d15
Bacterialblight/BACTERIALBLIGHT_212.jpg,Bacterialblight,1569,8749b11274c75afe57f54472984e74268846a0c514c2f79b07383c409c3feba0
Bacterialblight/BACTERIALBLIGHT_213.jpg,Bacterialblight,1364,b24eb2c2e9cd66cc15011a5dfd2ecbe806d3017d17e0a7aacd6166e8876ea424
Bacterialblight/BACTERIALBLIGHT_214.jpg,Bacterialblight,1571,48aaea31e1a41d0a0db347a6f88732eefde6231e287f1bdd4299576d0d330542
Bacterialblight/BACTERIALBLIGHT_215.jpg,Bacterialblight,1366,7fe96bb67efe642cc7b16e2c4de67c32e048b0015a0aede0e85611aee207d305
Bacterialblight/BACTERIALBLIGHT_216.jpg,Bacterialblight,1573,6847d0f8d1b63518e06ee23cda08d961fbc9f8628b17e676a281f43040ed471b
Bacterialblight/BACTERIALBLIGHT_217.jpg,Bacterialblight,1368,af992432b3e78024f244c03665bdd409ee7d97e3c3114c09497514aebaebf745
Bacterialblight/BACTERIALBLIGHT_218.jpg,Bacterialblight,1575,f576429a9980890c46ed0ff01f3339aeee21f10787f5827055400320296febd3
Bacterialblight/BACTERIALBLIGHT_219.jpg,Bacterialblight,1370,78b3badbcc64b8367e6b29a1abe508550f5f14793703f4258748cb26c527217e
Bacterialblight/BACTERIALBLIGHT_220.jpg,Bacterialblight,1577,245c7eb59f5364b800aa0a390daccb8bd90dc5ef6e2aed925a4575860568d2a6
Bacterialblight/BACTERIALBLIGHT_221.jpg,Bacterialblight,1372,f2c93166a528d8e265ce99d476ccd3e53cc0526825a66f22086adc64042f497c
Bacterialblight/BACTERIALBLIGHT_222.jpg,Bacterialblight,1481,8299fcb57143ca6eefc6d0957897a63830917e47589de8201f3a296c9d8e5fe7
Bacterialblight/BACTERIALBLIGHT_223.jpg,Bacterialblight,1374,b1e0251ce16d202f0b7a9b97439d4f2b2003b50ec4bf0966aa61a27d83e1d702
Bacterialblight/BACTERIALBLIGHT_224.jpg,Bacterialblight,1582,ed0c44eb0d5294bdacf60ef50532be6cf48b6a82d18da48bb26c984fe2732ec1
Bacterialblight/BACTERIALBLIGHT_225.jpg,Bacterialblight,1376,5ade31156251d85283c767c981f37877d09a868bf384b5297911c8eb02eb96f8
Bacterialblight/BACTERIALBLIGHT_226.jpg,Bacterialblight,1583,2bf2214e736eb1519e6c0163dd733dc6b73b55117fdd3b33a07eb80489835d7d
Bacterialblight/BACTERIALBLIGHT_227.jpg,Bacterialblight,1378,73ad5df8c673327ffa4c87978f3e0b81a6ca20ab97b0c735b4ebd35e28e1936b
Bacterialblight/BACTERIALBLIGHT_228.JPG,Bacterialblight,1547,9fec8007934b94741df9ef6e39832414eb6600eb555954cd40fd6d3022a17648
Bacterialblight/BACTERIALBLIGHT_229.JPG,Bacterialblight,1380,9177b3786868e0e73792ac98f8f3f31c8a539a7ae2d85ccdf6e0936506412b47
Bacterialblight/BACTERIALBLIGHT_230.JPG,Bacterialblight,1549,a1226260287e9fe3b0f82a5dfa5785f990dc6ba6c3cfa7f5ce630fba45848340
Bacterialblight/BACTERIALBLIGHT_231.JPG,Bacterialblight,1382,10364b594d500e69eb289f9c984515f2e70034ed8c1ce753efd4f6d5b275c595
Bacterialblight/BACTERIALBLIGHT_232.JPG,Bacterialblight,1551,be6c8db7549bd81137e0df247a1d3dda1bf091525584ce7e538124680b8145ca
Bacterialblight/BACTERIALBLIGHT_233.JPG,Bacterialblight,1384,c2d4069c47d21befcf88abc437a845ef15a191df8458a81a02eb711ca23fdc62
Bacterialblight/BACTERIALBLIGHT_234.JPG,Bacterialblight,1457,c96984a4cb55def3488f90c7af6a81111f4765a5c4dad8a476078e4107dfbc45
Bacterialblight/BACTERIALBLIGHT_235.JPG,Bacterialblight,1387,2b63f5fdd1dbd2421f5cbef23ac978310fc73c05e8d2b63592799329a95f9121
Bacterialblight/BACTERIALBLIGHT_236.JPG,Bacterialblight,1555,3968204ca0f55b9ca7b3777864158c39e6c083b678bb4c1cf0830f3e3dd16a1e
Bacterialblight/BACTERIALBLIGHT_237.JPG,Bacterialblight,1556,0d7994aaaf1e8f386d5aa58bb53afcbd84e52ca40f13096d9fccbebc84eb612d
Bacterialblight/BACTERIALBLIGHT_238.JPG,Bacterialblight,1557,2fd72ddf73119b97858eebc69f944bfe608c70fa1da157df436af035bc54ccdf
Bacterialblight/BACTERIALBLIGHT_239.JPG,Bacterialblight,1461,98401712af6b22fc01b9e5342cce9ea7407ef71be9df385ad7ae0ba8fe67f0fb
Bacterialblight/BACTERIALBLIGHT_240.JPG,Bacterialblight,1391,40f3c84cafa9a51a9f1ec5af1e05c931e027588a5f39b65bcdfbbe95c737e349
Bacterialblight/BACTERIALBLIGHT_241.JPG,Bacterialblight,1560,2133a0a3f2f0214349ee2e04fb46fb8dc9a99ba64e13103ae97e443a6b132464
Bacterialblight/BACTERIALBLIGHT_242.JPG,Bacterialblight,1464,9b21755d4fccb86816ca17c4bff68db5f365e317c556e0becff98a4354f80d3f
Bacterialblight/BACTERIALBLIGHT_243.JPG,Bacterialblight,1562,ac182ea3a6fd8161f06092769a9896ccfb801597ffcd9f9e15f70435c3b89864
Bacterialblight/BACTERIALBLIGHT_244.jpg,Bacterialblight,1563,14231b30aa9312c4d46b829cdf4981f64c9ddc91a720c432458a345ca1d24647
Bacterialblight/BACTERIALBLIGHT_245.jpg,Bacterialblight,1564,06a60f499b44c87ed1006b063d7a6f7b40dd0ca98850e6310df77c58e0a95b51
Bacterialblight/BACTERIALBLIGHT_246.jpg,Bacterialblight,1565,69365301f92307cfe34064a055ce8de13e6ae1d8fb065897b659b74840b21f5a
Bacterialblight/BACTERIALBLIGHT_247.jpg,Bacterialblight,1566,d1a71d843aba57a92c1a85e704691a9c2aa5dfc8dbcbe4577d884d88cc02958a
Bacterialblight/BACTERIALBLIGHT_248.jpg,Bacterialblight,1567,1c200a366b5d111a93d2d96342f831098a888cdf9dd7c2600cd473a1483927d8
Bacterialblight/BACTERIALBLIGHT_249.jpg,Bacterialblight,1362,581d91ba332380e54ebebd8f879e2e0d91898dbbc0caaef8f8731bd5ba2b8d15
Bacterialblight/BACTERIALBLIGHT_250.jpg,Bacterialblight,1569,8749b11274c75afe57f54472984e74268846a0c514c2f79b07383c409c3feba0
Bacterialblight/BACTERIALBLIGHT_251.jpg,Bacterialblight,1363,7f75b0ea68d64e28672b4063623456b55e0938e95daa952310727ed75132a0b9
Bacterialblight/BACTERIALBLIGHT_252.jpg,Bacterialblight,1571,48aaea31e1a41d0a0db347a6f88732eefde6231e287f1bdd4299576d0d330542
Bacterialblight/BACTERIALBLIGHT_253.jpg,Bacterialblight,1366,7fe96bb67efe642cc7b16e2c4de67c32e048b0015a0aede0e85611aee207d305
Bacterialblight/BACTERIALBLIGHT_254.jpg,Bacterialblight,1573,6847d0f8d1b63518e06ee23cda08d961fbc9f8628b17e676a281f43040ed471b
Bacterialblight/BACTERIALBLIGHT_255.jpg,Bacterialblight,1368,af992432b3e78024f244c03665bdd409ee7d97e3c3114c09497514aebaebf745
Bacterialblight/BACTERIALBLIGHT_256.jpg,Bacterialblight,1575,f576429a9980890c46ed0ff01f3339aeee21f10787f5827055400320296febd3
Bacterialblight/BACTERIALBLIGHT_257.jpg,Bacterialblight,1370,78b164d64e49b8c183e97bcb5f55901cef49dd7067850895b1874237b0db9599
Bacterialblight/BACTERIALBLIGHT_258.jpg,Bacterialblight,1577,245c7eb59f5364b800aa0a390daccb8bd90dc5ef6e2aed925a4575860568d2a6
Bacterialblight/BACTERIALBLIGHT_259.jpg,Bacterialblight,1481,8299fcb57143ca6eefc6d0957897a63830917e47589de8201f3a296c9d8e5fe7
Bacterialblight/BACTERIALBLIGHT_260.jpg,Bacterialblight,1374,b1e0251ce16d202f0b7a9b97439d4f2b2003b50ec4bf0966aa61a27d83e1d702
Bacterialblight/BACTERIALBLIGHT_261.jpg,Bacterialblight,1580,9bfc3a9765aa97bcec85d6263be92f08514164a3416095ea3e2c776f9b6c4162
Bacterialblight/BACTERIALBLIGHT_262.jpg,Bacterialblight,1581,ca195d1067d9f30e57abd70d59d9fa556b7e05c05663e4e52ae1ba72ead1ca24
Bacterialblight/BACTERIALBLIGHT_263.jpg,Bacterialblight,1582,ed0c44eb0d5294bdacf60ef50532be6cf48b6a82d18da48bb26c984fe2732ec1
Bacterialblight/BACTERIALBLIGHT_264.jpg,Bacterialblight,1583,2bf2214e736eb1519e6c0163dd733dc6b73b55117fdd3b33a07eb80489835d7d
Blast/BLAST1_001.jpg,Blast,2703,bbdc6acd896ed6946b5b958d6e3c7b2d09cefd9e0a1302f8edf5c7582485d83e
Blast/BLAST1_002.jpg,Blast,2945,73930535202da741a162e65560bf6fd5753ceb8a81bbf3995992c9b6321efbaf
Blast/BLAST1_003.jpg,Blast,2944,63d753a16dcff7d0602cf0ccabc83147dc45c474714f6fae869b1643721fa297
Blast/BLAST1_004.jpg,Blast,2867,55d98ba5cf4c0674734676d305b1b2133e6c4067fca52f78ed31a8a0e73431a9
Blast/BLAST1_005.jpg,Blast,2946,1fffbb371c1e61c9a6063f51c41a6b9d794f242355ac86562a45c314a20f8b2e
Blast/BLAST1_006.jpg,Blast,2869,9b44eab3073f1254bb29529e03bcd2af4c0025a62581c895a4146d266f2d7f57
Blast/BLAST1_007.jpg,Blast,2948,f27c58c9edb1aab93d47c605d98b9faf51cbf9ffed30d122812de4948fddf269
Blast/BLAST1_008.jpg,Blast,2871,8b1286cff8e4d2738addb6a9d83d0203e7a4002d73179ebc5b37558d659696bc
Blast/BLAST1_009.jpg,Blast,2950,0275d77e23719b0e5ebf7c8bd7f44dd3e100e69cfcb3382007b6a3c65d6cf1c6
Blast/BLAST1_010.jpg,Blast,2953,b86f016464635ff9ff53d202febe095ebfdf13005d40b08fe97be9cf2faab037
Blast/BLAST1_011.jpg,Blast,2952,760c067b0fb84ab636d1d0c21d02851adade0069181f52b3cfda385f09474978
Blast/BLAST1_012.jpg,Blast,2875,d10e670d8013d9edfe67ce2324dad242ad07f81e3d86a0460b3a59832f19e1c1
Blast/BLAST1_013.jpg,Blast,2954,b41c18d844398ca839af4afc3982b24842e999c691902156fb1d7b6807b272cd
Blast/BLAST1_014.jpg,Blast,2957,fc98a165e80b15e83f4ad79b7173143b046fffdbf4651db65c0767cbd7676135
Blast/BLAST1_015.jpg,Blast,2956,fd7975ba054bc054b0720f1ff801096e2708969aab22697fbb5a3a79abb6446e
Blast/BLAST1_016.jpg,Blast,2959,c92e8632850b6924bda2ac6f59e1a9cd43955bdcfef8b8b486af9245b019e146
Blast/BLAST1_017.jpg,Blast,2958,c2ac166aa7e715e5e8439409f09a887770596e96aeeb637665646923ca9aa1b9
Blast/BLAST1_018.jpg,Blast,2881,0a1d6a2ab192c3f741bbb007531046ff009001db7970c117772deb7a939a46c5
Blast/BLAST1_019.jpg,Blast,2960,f8115e270c6b99e7dccdf15b47f2c4a9ff1ea92bfc57a8406e24f023dfedc904
Blast/BLAST1_020.jpg,Blast,2963,335715c8102549b3e26e7bf64c5cdd2f6ad7f62add2c20aa0a8477fe1f0a93d8
Blast/BLAST1_021.jpg,Blast,2962,e61916814accf8e7db5aa6c06b01e8a048fb271f2f919dd401336b7718e9956f
Blast/BLAST1_022.jpg,Blast,2965,84c0c6b20950f1f8c11cd7462b22f1475e2be042deadc0f62438e6027b436d13
Blast/BLAST1_023.jpg,Blast,2964,288b63b6f93d38c25b41ecdfaa4bf619455edfffce4f7d6c555ae5e0acd28c31
Blast/BLAST1_024.jpg,Blast,2967,2687d84c09dcf4f9ccc2437ea030297003982443cd9ba7e309ba21cca6643547
Blast/BLAST1_025.jpg,Blast,2646,eafedca015a21e1f06a1987cb0ece64391db5211246f12accf666dc42618cf52
Blast/BLAST1_026.jpg,Blast,2889,c71a831f09d8c1dce002b691b888f689dc53ab86780b2fa0e8536cface2cdab4
Blast/BLAST1_027.jpg,Blast,2968,c2dbbbe785564c52bce7d04c1bade194e221f125cee2f257c292281969cd3bf0
Blast/BLAST1_028.jpg,Blast,2891,c497a5bbea3c947e6f33c64a937491d07bc5f12c4a74073deb5fc7cfe8165283
Blast/BLAST1_029.jpg,Blast,2970,198d327bc25a798e2959873e3adc88a9e9284769be2c0350d6c9a2d5e4475fae
Blast/BLAST1_030.jpg,Blast,2893,83749941e17247840ac02d7f94c96ae08387298e567850b51d167a87d509ad0e
Blast/BLAST1_031.JPG,Blast,2414,6dc29a49886cea5be0d7da81177b027fada9c05a68201ad5e79ffbd2efafa15f
Blast/BLAST1_032.jpg,Blast,2975,0ef68e21c69937805669ab248c9b58ed6ea0e4145d8c49a2890de153af13f6a5
Blast/BLAST1_033.JPG,Blast,2976,719483666a698a80897a7b648260c58620eab00e71b8283fbd93f7d337145472
Blast/BLAST1_034.jpg,Blast,2977,65de6ab57fde2e0a11efef96149f5bbdae33b1aff030353cf818cde8422295ac
Blast/BLAST1_035.JPG,Blast,2976,24c4b937e32e2605e76124080615e236a473b32fd44c6403d4c2d91e49d1b795
Blast/BLAST1_036.jpg,Blast,2979,d5f226d3de542d3e0e8ded02b59e1f7ba0415b5b417cef2676b861295b00667b
Blast/BLAST1_037.JPG,Blast,2978,ed1293de283069b3e715cc0553401f1d3aaa2af246fff62f8dfe852d1ef23dc6
Blast/BLAST1_038.jpg,Blast,2981,2dd31290c6c4e64c7bebec53398d8ad570d445232761b956eb70b2bd3bc79b1d
Blast/BLAST1_039.JPG,Blast,2980,4017d803d039947a17cccd81eb0e5274da32917118ed230fa91e165b2129c035
Blast/BLAST1_040.jpg,Blast,2983,da2b33dc8b6abe9cde08f62bc081e921e001c8094eed9d74bae3088b690d332d
Blast/BLAST1_041.JPG,Blast,2982,3be91b6362c46a21dd24d837bd4a694770920255c8951c23994bc04d5f07bce0
Blast/BLAST1_042.jpg,Blast,2665,132a493de39d90b8a34bbde027029a6cd52794593a6f53b891d8e75f48afe3e9
Blast/BLAST1_043.JPG,Blast,2984,6b278514ce62bb1a34e8fc9e8384578dec101940dd961a0b18d2a734fd1eae2e
Blast/BLAST1_044.jpg,Blast,2987,175139de4336201bdcc2f9cf1b9ce0959f8e3e875fb551def1f842e6a21f1cbf
Blast/BLAST1_045.JPG,Blast,2986,6908075dca3ce5a7a7a52f508f84d569d22b1f16894abdb36b75f701c4dabd88
Blast/BLAST1_046.jpg,Blast,2989,bfa9d5368d9078c9e62a580078e7eef69fec37c2dfe288037cf6978b5ee204bc
Blast/BLAST1_047.jpg,Blast,2910,2844e60edb05dc875b94ea79d41d66c2fe390b1001a64ac15d969bf40323a8bc
Blast/BLAST1_048.JPG,Blast,2670,16f90e7c670579a4eea4034f51acc7e612c53cc53ecc013d70c1f81a3cd35482
Blast/BLAST1_049.JPG,Blast,2991,f20966dabfcd83128b1cec1e0a84583c9f2e13d75b178c2ae78e2222c68bdd07
Blast/BLAST1_050.JPG,Blast,2992,f3b1a65be27c0f84ab46b203d7c29e36f0aa0366c5158b39dafac20d34557a19
Blast/BLAST1_051.JPG,Blast,2993,c6cd4ed52e5f426df2ed21666226b7d57a7587441518e425e09b6b3f266e5764
Blast/BLAST1_052.jpg,Blast,2915,8fe9de17c1cf56d26bb198dc526a3bc8ef281e3c209a77b6130ee09f39bbdac2
Blast/BLAST1_053.JPG,Blast,2995,3a344fe7344d76197b6761ccaaeafd5edc324f196dc3256f0b13367ee6e0fcd8
Blast/BLAST1_054.JPG,Blast,2918,595dd56267b0527efa0016070d49d34f67fa05bfb0ed0cf8f88827b931004cd3
Blast/BLAST1_055.jpg,Blast,2918,0656844f3697373735384ee975b62c2d2f18caf6c466280600821691d48722b4
Blast/BLAST1_056.JPG,Blast,2998,ee868539d3773825ce7ba75d330140504f25905604b1b9514dc1e2c0d064dfa2
Blast/BLAST1_057.JPG,Blast,2999,1b9d3b499118a3cef38c08e0f766fbbd2707fad3743e411db534d7a1d5b25265
Blast/BLAST1_058.JPG,Blast,2921,67bf58e493c3fca14bb4c3a59ec0c7bc6d90694ae26134e55fb820132b54776a
Blast/BLAST1_059.JPG,Blast,3001,20fafc751e9ed68b7f4308ce2b92e431b26990224a72f3bf7e26c09df7a92921
Blast/BLAST1_060.JPG,Blast,2923,25ab8fbb7415df1045df396abb63122369a4c668847662a0a2a50d2ae5157de3
Blast/BLAST1_061.JPG,Blast,2924,9e475238518ce23af7375d014d46f40d3463ee9a62e941f8bc8dd9964e7af577
Blast/BLAST1_062.jpg,Blast,3004,fa9697362adf311bb20a2c35010a253b56dec3af9c2d6ab790039d75c20539ae
Blast/BLAST1_063.JPG,Blast,3005,643f75d4ac0cc3be6135ca9ae67e2fc97dd687a9e8899f5697218cbf2c63b599
Blast/BLAST1_064.JPG,Blast,3006,fb15a3c87d6821860408d4ce7e3c6e19e8114ec238ce55fc3302126d4681c61c
Blast/BLAST1_065.JPG,Blast,3007,b7036eb014d11890e287bb687b3aa38a6101b73739dca5ba3d5091d193976c23
Blast/BLAST1_066.JPG,Blast,3008,3cafe1a0520656cc3c3a3ce204f73b11111cf0180e15464209992c6536551bec
Blast/BLAST1_067.JPG,Blast,3009,5849d86e8270de2704275b1d814e2a8a100b2e9f84330890f8a6b799bb3ef767
Blast/BLAST1_068.JPG,Blast,3010,499ae37a73cd37d9ae04773af7987da2694b04a5406f7e02fa20ecf9d3fde772
Blast/BLAST1_069.JPG,Blast,3011,2fb4dfdc89e4f39a11e43942cf6729ae42bcee740423d5d2a1c2ccb253a978f6
Blast/BLAST1_070.JPG,Blast,3012,91d4d4b7e5139629422b7fd51fa9f7e62464dabdb2e8e1816063a1d17a33ad00
Blast/BLAST1_071.JPG,Blast,3013,07cc7e85de123abfb00fa434dcc08e56d6a25a1aad9c423abef1ed767a1b1fa6
Blast/BLAST1_072.jpg,Blast,2935,c695efb307542fbaea71101ca2b20f32280a453ae72add854240cf2a92c795fa
Blast/BLAST1_073.jpg,Blast,2936,29af63cbb6f3effc38026b9e4791e2fec9d086c2f04be500ee69318d94d04af9
Blast/BLAST1_074.jpg,Blast,2937,3dda9a1502aa5e3e267ddcf0bd9727ffa9e834f686cfefad658ffef7640fe3f2
Blast/BLAST1_075.jpg,Blast,2938,a848f7e0cc782e76a90f7247950ed56bd7fd028359b6a263fe09a6876e7db87a
Blast/BLAST1_076.jpg,Blast,3018,85b2e9e3bf8e7228e04ab22ca2ac4bd0df1ea5e67a48b4c2a0e8ea4063fe36c6
Blast/BLAST1_077.jpg,Blast,2940,68c5b79e9e83e458b4461ac0b7b64383d6cf71f927ba5a36a9563ef52004ee00
Blast/BLAST1_078.jpg,Blast,3020,d2d2236f523676c8bcefb51a4b306d2132dbcf1802a69ceb2b20fd80198748a3
Blast/BLAST1_079.jpg,Blast,3021,43220d4b11034a34dba2a53f36ae8175b2a9b591909f7c972096f2a96f50c320
Blast/BLAST1_080.jpg,Blast,3022,79cfbafc4a7dd22ef6c05ddcc0b26a185abfaa808b740c18f53dfa1739d78925
Blast/BLAST1_081.jpg,Blast,2866,11cf95a8f4d3ce28082bd2e972b33844d441cacd53feafe5ffaa930418c89db1
Blast/BLAST1_082.jpg,Blast,2945,6dc1e940c4b1aa4b59f063915589aac67560bc285ccad8a8c2b204d27d514779
Blast/BLAST1_083.jpg,Blast,2868,29484a25097f3833324c4cc90a50fc7346c6be700e66a337d012ba5710dc4d36
Blast/BLAST1_084.jpg,Blast,2867,4127877a86151d57756a664fa8c7fcfbe2eb675a45dea8b4f32cbdb31861bcd5
Blast/BLAST1_085.jpg,Blast,2948,0e71d2cfb1525d8ce8016bf4df4cf95aed4841ad57511344d534f49494e823fd
Blast/BLAST1_086.jpg,Blast,2869,11c28e929ff7646adfffebb3584c105438c1921f0e99fb2aca74543fa4a58aac
Blast/BLAST1_087.jpg,Blast,2872,17c08c4d57876b08aba48843b7f076cc65d36fcb84ab7ddc8eb13afe1248588c
Blast/BLAST1_088.jpg,Blast,2871,21a325ca3928c7cfbb9c8666fdaad41c1de147e33f69946c08491d2edd325cff
Blast/BLAST1_089.jpg,Blast,2874,b0780b86fd003579bd5e2614afdd2adca75738f2afdc5992592186ad04ba9298
Blast/BLAST1_090.jpg,Blast,2873,2ce9f43bd3119f9d57b4062aa59a1b25529cdb17107db16eee80af6db0b1d173
Blast/BLAST1_091.jpg,Blast,2876,8dd2bcefabb6944c220ddf1e5d156cc7164cdcfcba8e0fdee0948d517e0fc9ee
Blast/BLAST1_092.jpg,Blast,2875,38b9d1ddf08df36a881cc3b690338ebde6f3deb73e535d351f8fc78782a36067
Blast/BLAST1_093.jpg,Blast,2878,083c9557bf4c37f685826060f81da206ad0491271064f1480c9ad782d03656e0
Blast/BLAST1_094.jpg,Blast,2877,2209cd674b7e37c3e5ce36799252666897a13a9bc86829317957cafdf10ecd7e
Blast/BLAST1_095.jpg,Blast,2880,3d3ec7c0af66463d9f72f6965b48e26958df1c3416d3cb80f130b309f7180896
Blast/BLAST1_096.jpg,Blast,2879,3d6284cde3b8e2abc56d4e4977359a96f2cbcb0967c32ce2044751665798c01e
Blast/BLAST1_097.jpg,Blast,2882,8a20fd11b33116f5d5641cc3e2b9acfa767f64256bf0b0b1e4fed1e3cd77e938
Blast/BLAST1_098.jpg,Blast,2881,47ed4c5424b3dd27748eef9a13ddc3c04ecb13e0ef373af33af91f0476a9c4af
Blast/BLAST1_099.jpg,Blast,2884,fb24918b11350b8512c52d9fa6bc94facbff8d0ba9f5e4ed403d9a311f660cb5
Blast/BLAST1_100.jpg,Blast,2883,a3de846075340f3d97a17778cc40e5b6675a7cb043ed847b5dd915fe6ebdc49b
Blast/BLAST1_101.jpg,Blast,2886,0f5cba9b343e1a3b83d89a226c8163267941acd04314ca4febb1bb4cba044bcc
Blast/BLAST1_102.jpg,Blast,2885,c0b2ec0a06ece83bbe8cf5ebf66f9be0c9a213ac5fbe233fa0564603093677cf
Blast/BLAST1_103.jpg,Blast,2888,5376cbe24d325174d036f1e53e3485bf7b04039de07f9f0a8cc6211d7eb7c59e
Blast/BLAST1_104.jpg,Blast,2887,0ec7fcf973915ab1644fa0717bb91627e2dcc52fec731cff5ccc5475f72a1861
Blast/BLAST1_105.jpg,Blast,2968,be7011b185d3d7ed7567e10e2984c7ee3bb5b96330eca150f53b3e742f294448
Blast/BLAST1_106.jpg,Blast,2889,82f8a6feb9d3742487094ef91c0deb42dd0fa1d6a57031caaecd59d0044d3ff7
Blast/BLAST1_107.jpg,Blast,2892,2e0598410ade21df5d6255f3d488f0826cc80fe3eda480f920e0e5afd2e75203
Blast/BLAST1_108.jpg,Blast,2891,2a4dbc26e7a49520cacff22db10149e16008507e7891ad64154eabf95a0b100a
Blast/BLAST1_109.JPG,Blast,2414,06107ec5e5e9b3067142717eaab81ac7ce6fc3085677dbf1c1599f134474f0dd
Blast/BLAST1_110.jpg,Blast,2893,2a1336c12fb7ad82c8017a7bf27745a8449bcbcafed9db675c7fecb9b7b58c24
Blast/BLAST1_111.JPG,Blast,2898,6adbc74020a6361c38478dd96d92f852e89e8ce6dc3e4f7fd26819dad9a7e6c3
Blast/BLAST1_112.jpg,Blast,2575,a593fbf3a9372b1c955510a3ecafbc6ae20c8cb33e95201ee88afe1616fee6c3
Blast/BLAST1_113.JPG,Blast,2898,e61dd3d6b148ccfa96362592df999b07f108a4edc47ecb3c6571ef90fc0c2c52
Blast/BLAST1_114.jpg,Blast,2897,7565b9a7d4abc195c359255deafaad8f574ae4474248bfcf49f2afac54cc5ef3
Blast/BLAST1_115.JPG,Blast,2900,a5d9e41c2772f0721d28fbc4ee5192ef2f41cf373719148a2549b7726b9062ed
Blast/BLAST1_116.jpg,Blast,2899,ef5b8429c021b557f97350369ce0e7d26223787c042aa7879dd13f70a8ceb59e
Blast/BLAST1_117.JPG,Blast,2902,278f86062008cec9b667113b74d04a2a871a682c91cef714292cdbd831f45361
Blast/BLAST1_118.jpg,Blast,2901,b4ba5088ef6369d364c6512cf51478f15ec26893c98e4f75bcd33fcd684f05a7
Blast/BLAST1_119.JPG,Blast,2904,8dacb9fa973353a769c9f34d41a5e7096751a7f0d231b22ed1a964bb9a8b5a34
Blast/BLAST1_120.jpg,Blast,2583,d3679a7586b3ce8890e2acfed0aee04aade015aa7bbc9675f12dfa61823926e8
Blast/BLAST1_121.JPG,Blast,2906,6ad81c95536ba4b709861618c4bea2b7f293364977f7e3983bf39439e545cc24
Blast/BLAST1_122.jpg,Blast,2905,50725be8848247e3602108c2ca300795a84ebf98b072404cb4a11aa9b9aaf48e
Blast/BLAST1_123.JPG,Blast,2908,b37ca42a6f7a826bbecde944f62330f38c576bd7da234610f9b9e8c8ebd55407
Blast/BLAST1_124.jpg,Blast,2907,350fd4a4ec4c0c770e46688c2678aaaff532065febf83bc663e4be991ed472ff
Blast/BLAST1_125.jpg,Blast,2910,d2214f8104344f209c6ef2a28e5deb07832ec7a03bec9d5395e02e4b21506b3d
Blast/BLAST1_126.jpg,Blast,2909,0082c43da670486fc67895a79c869e67f1468faf996670a383278d4a609b4e49
Blast/BLAST1_127.JPG,Blast,2911,d81b2550cd2e582282eb00e12c4d378360ede2b1faec4dcc20b0b42ff51251cb
Blast/BLAST1_128.JPG,Blast,2912,bc0f5c559177aabbb87fc22ee869f91a08182020c23e6229dc44d69f933312d0
Blast/BLAST1_129.JPG,Blast,2593,c042e0ca72445d21ab4f795e404b8f149a28fbaeb1f86c385b789f9a46b7d63f
Blast/BLAST1_130.JPG,Blast,2914,49a16dd21c4ad41853a92a6f129b66553138756e4bd31da819bd664e6d8d165a
Blast/BLAST1_131.jpg,Blast,2915,ee21863c8b3c0915ce53099b753fbe020973adcbd5f4d1fce264087ab24d32aa
Blast/BLAST1_132.JPG,Blast,2916,f77cb7cd42647d43c21da3fa08a60b16500cd3c88272f5ef482f90e558fa582d
Blast/BLAST1_133.JPG,Blast,2918,4b3eb145024c1ac6c4bb8d3dbcea3cd106e99d2543cbd0c2f499a3aa53a82eba
Blast/BLAST1_134.jpg,Blast,2918,f8b348829def752c15910d0df9719337dcc9ddec0f3488424677fa74d9c6f167
Blast/BLAST1_135.JPG,Blast,2919,759abe06702c77aa90945576b863f74e6028b44e2ad35834a1d905ea3bd418ad
Blast/BLAST1_136.JPG,Blast,2920,23c41f50010929088e5eb62d7f89b010bd74ce1e70e40838111f9d0e9db13d42
Blast/BLAST1_137.JPG,Blast,2921,1a1628e1fcf9e7f4b73ccc001ae7609172f4b608257f0df9392eed2ee2621af8
Blast/BLAST1_138.JPG,Blast,2922,19793bbd44d688a66e4860d29b4e267c2660f8043bc21ae9eed98cdf4467ec3a
Blast/BLAST1_139.JPG,Blast,2923,818dbcee03763f5fbe48bb03bf632f6aba0a040c02891749950cc3709f926df3
Blast/BLAST1_140.JPG,Blast,2924,554fb36326901b4c2f56e7a38efb6a734bb7e44b9c58db1ceb19d59a2b98999c
Blast/BLAST1_141.jpg,Blast,2925,78e5e5924073297a7e902560077bb1078054db8584c91c4e80ffc55e7bbbb523
Blast/BLAST1_142.JPG,Blast,2926,00ef4db7438d1d6abbb65725b4c8d7fcfcbfedba6029b2a73cef02b11b655183
Blast/BLAST1_143.JPG,Blast,2927,6abde4d13f0db291924095f8b376f5ace6bf39dfa91bb28eca172703eb28cc8d
Blast/BLAST1_144.JPG,Blast,2928,7a173238e40159cf7c643868aa425dd8dd2471a13e2c3c5ae5e2d6c94d4018a0
Blast/BLAST1_145.JPG,Blast,2929,91e6fb69182e17382d4096f6e1d89cb92122206f9895cdfbc59423ec1462081d
Blast/BLAST1_146.JPG,Blast,2930,9697e27e1c5dd3a71b85b508c53455fd0d06d88126b675b5fba54d57a08e497f
Blast/BLAST1_147.JPG,Blast,2931,865c1d9353708c7cc2f176fecd2e4fdf29c8fb5fc5a2a22467e6f7cf0ba357d4
Blast/BLAST1_148.JPG,Blast,3011,cd0f52ddb8db5741f5da5e439136490027532af67b3ad2bc0378c5a732b07645
Blast/BLAST1_149.JPG,Blast,2933,be1c3fcf82ce791c680e56e36f6eacba0a7781d9f95ab9b31607b633423bcfcd
Blast/BLAST1_150.JPG,Blast,2934,095019a90225f6e40bbf95bc13aa1b9000a0021dafe140778c741f98b9a57ed6
Blast/BLAST1_151.jpg,Blast,2935,f4f9bf74d5f02a4d1c7346d6dbef0aeaca1174c80b1b5c9f11f113f5466308d7
Blast/BLAST1_152.jpg,Blast,2936,98aac627fb15a56790f1102929f900a5944a54c6eeff1fad54b038b459670e93
Blast/BLAST1_153.jpg,Blast,2937,170651ee7d511e353ba3970bc534ad0c626e65ffcc19baedbd3b66fb99750645
Blast/BLAST1_154.jpg,Blast,2938,79b56d9da0e477956406c247030beb99deb9692dfc1f2aa0794cf51a6fcf558e
Blast/BLAST1_155.jpg,Blast,2939,f211ba3be6e29949c743d1c77435af818af7c7fb7bc6f58f2bd8261428895d8f
Blast/BLAST1_156.jpg,Blast,2940,e75c52981d2b8445cfb699cfe337e5a4f732e0e7b5f3c9ae46576ffae1c23834
Blast/BLAST1_157.jpg,Blast,2941,6644ec19cdbd1632b0041614134cf3b478417dba01f14d4b78b9ad1fc3333fce
Blast/BLAST1_158.jpg,Blast,3021,79f46d6979615c229f1d4904475d4a360d4d309f91759ca4bc95b9b1888599c7
Blast/BLAST1_159.jpg,Blast,2943,eac091f4d4727cdbc0099d7a210db8b2ff070b1a099d89aa24601191a5784e01
Blast/BLAST1_160.jpg,Blast,2864,0315193a1a58dca23de82cc796eb6cb02669eccd8e900034c2ce54d31f4255fb
Blast/BLAST2_001.jpg,Blast,2543,26e2f1d464e387e120be4624d6190b8085c560239b6307edddccedbc2dbbe623
Blast/BLAST2_002.jpg,Blast,2945,612f787cc991f90e6104f2ea06c5cfb71cc658b4c857275c926d1643aba21588
Blast/BLAST2_003.jpg,Blast,2464,0fa50b1704ee28b09fb1e288da0f3f32515d98a857485704e49ab08c9d08ea1b
Blast/BLAST2_004.jpg,Blast,2387,fd0c35731f52eebbd24ead5ea8530fa5867bad2e9c78d2eb98dcb9e49182ac54
Blast/BLAST2_005.jpg,Blast,2466,abb4dd4243d6d94121a02c567b849ccfc7ac9c0e1446b331d38a34938f75a9b4
Blast/BLAST2_006.jpg,Blast,2389,9f47e19b0d2cb78b0a494ce11c640b964119c78f4b2a9840c31f541dee7daffc
Blast/BLAST2_007.jpg,Blast,2468,7c2ea0ecf85e67500d93950ef4d0497d1a5005dcbfe65f71781311390ac676b3
Blast/BLAST2_008.jpg,Blast,2391,e236982d41fe6ead0710c2d5aeb71a79b9d806ad069b626be87c209ae3fcbdf7
Blast/BLAST2_009.jpg,Blast,2392,671e316a97829d0ee6856ba697e122e098252059e479fac406bb6d36e952d98b
Blast/BLAST2_010.jpg,Blast,2473,58fcf6804a80986411fdfc93b0a7d09aaa28a480268b4904cccb9a61bacd57ed
Blast/BLAST2_011.jpg,Blast,2472,77d981d5775f2f31f791ea31e45262a02dfc989fb6e4dda47061d3c82f9516e6
Blast/BLAST2_012.jpg,Blast,2475,11196443198b3e6f507d74538325b4e671dfd8215ec657b42748ba9e994a5a31
Blast/BLAST2_013.jpg,Blast,2474,2f2fa375103b593fe88f64c44a74a532b0be27d27538c1f125d6cd31fb76a43e
Blast/BLAST2_014.jpg,Blast,2397,5190f78ba3a6304e9498a43ef53b5fd952ff536bd7fbc98bb3feb8370df63f61
Blast/BLAST2_015.jpg,Blast,2476,401dbd3485c5e54f537237723dc5816c5a7941f020205b79fd7b43858faee030
Blast/BLAST2_016.jpg,Blast,2479,6ca9f62e99bb14947b686493287e4b10eec038c297e35b71f9355c89fadb3437
Blast/BLAST2_017.jpg,Blast,2478,d00fae0260954008ab83a0671988478ab904c1b61efa2bd919d0af715fd2a8c2
Blast/BLAST2_018.jpg,Blast,2481,f4789204db56c7d042e5ee8a587f963b03c1f1d991170f6075e4aba2fc4098bd
Blast/BLAST2_019.jpg,Blast,2480,eb39ff51d5496c6e136e20b4681de674157a3973f36b073ac55aad977cd35af7
Blast/BLAST2_020.jpg,Blast,2483,2fee18e107a5961ff05138bd2afb98b59b9a0d50ee87574d2132352926246058
Blast/BLAST2_021.jpg,Blast,2482,d84a57f9926601e3f7abacbf4e52fec7d1ed3e82636753410c5846e274aafc31
Blast/BLAST2_022.jpg,Blast,2485,6b6b864a9280a44650ab01b7e46f9447ee53205900df51fc8005dde6f12a0fd5
Blast/BLAST2_023.jpg,Blast,2484,08e753edde4142c0726b49c95bc32355f305584902fb3ba0519a78ff41729635
Blast/BLAST2_024.jpg,Blast,2487,4687fd7968e307fb5c5b6517bc7b5be90b14d778af9f94be2a284161faccd500
Blast/BLAST2_025.jpg,Blast,2486,670c08c2d101cc3edb00beea5067df9f0d66594a1072168e0b544387bb11baa4
Blast/BLAST2_026.jpg,Blast,2489,e3056cbb4973406539d3c52eaeb0e47a6e28c47ce135d802cb2eee9b47b53002
Blast/BLAST2_027.jpg,Blast,2488,ac12b3bb18b939d61910a8faad7219b24c1eb03d56d51a311a10ffa9e5496e5c
Blast/BLAST2_028.jpg,Blast,2891,a2ac1fb54bc8e254e5d2fb9833a5e30c9f73ab36a7d15733d11bb480785b9665
Blast/BLAST2_029.jpg,Blast,2490,3a2b766735a30fe7f19be4f603c233852d1dfc0c19af6a55098a59e95f991fcd
Blast/BLAST2_030.jpg,Blast,2413,7d93c86dd8de740872a5bb47309936473a3b6537934e6767345de8373acf3fc3
Blast/BLAST2_031.JPG,Blast,2414,51015f6e32ff8e7d161c47c7e2a95903f3c5e7ecc2d7b65b8921754c0ecc44da
Blast/BLAST2_032.jpg,Blast,2495,6e08575b249b5d554d76e00c2162c93edaed55945042725355887f3941e7f8f3
Blast/BLAST2_033.JPG,Blast,2496,f815018f17d7562191f51c5f78ffae55dd95c51db94d8e6fb0afc43076c0b109
Blast/BLAST2_034.jpg,Blast,2497,dff7729f3a3e3a8a9fa983321099c2ec87176173346f152a0cb0ad2aeeda673e
Blast/BLAST2_035.JPG,Blast,2496,56d33bfcef7889386d408c1499627c34709de8063118be146fec34c3caa22b31
Blast/BLAST2_036.jpg,Blast,2499,24e71831cb6153d7e56a9c2b917c4e637bccda600a1f6943ade61da0b4da64dd
Blast/BLAST2_037.JPG,Blast,2498,e695b7cadb02477e119f0bbac65e3c02ccc687cd5f0a460295cc470adad8a0cd
Blast/BLAST2_038.jpg,Blast,2501,cfdc9e7ce97d87cd3ae0de0a7778b2b9215c2d064db7634f44e9593368e73857
Blast/BLAST2_039.JPG,Blast,2500,5cdede1252ea413e81b6061f883a053144905f350335b42494b5dcae83aff9df
Blast/BLAST2_040.jpg,Blast,2503,92c17dc3b06379237799fd8c41c9bacdb0f35114e88b6383cfe7c6576c66739c
Blast/BLAST2_041.JPG,Blast,2502,0622a0ed0b6c347acbbe8875d8070423ab2a446e94299c093d972ef3d0e250f1
Blast/BLAST2_042.jpg,Blast,2505,08d8ee591009b053e35c91f836804d87bd86b8c6560bd74f42efe1ce4482ba9a
Blast/BLAST2_043.JPG,Blast,2504,eebc4fa0eb3d02352a06201a85de82e69e5bcb6a271a7757272b8ec881792b3c
Blast/BLAST2_044.jpg,Blast,2427,9ba9a4e9a879167b866f5eabb31f3912f4901b646b0f743a0e7d44a807906c32
Blast/BLAST2_045.JPG,Blast,2428,c560acb734ed592054c227992e28348c5b4e2a227d14e5f6640c69dbcdb09a58
Blast/BLAST2_046.jpg,Blast,2509,5fee6cd3da70ce7fdca418a294b530182dab3f6c9b02a25bdc59ecf7c5f435b4
Blast/BLAST2_047.jpg,Blast,2910,9712734607d7f9f26462f934749023e4758e115c455b6aef9e4c1c208bfff5df
Blast/BLAST2_048.JPG,Blast,2510,aa230093adb1b6646b43d7a1d3cee0b5813a6dbbbc95316704b9b7b81ebd6e03
Blast/BLAST2_049.JPG,Blast,2511,973f5d7c09617b1c0a4d430440b9dfa028599571e36fdd73dae910404d1e4b9b
Blast/BLAST2_050.JPG,Blast,2512,6ff59dc5775fc23648f1fbb42692f92420abd346d4e939ce93e410c6952e4584
Blast/BLAST2_051.JPG,Blast,2513,85e1d8f01372844baeffec3028fe0e7aa636e1c23cbe26a6ea0238ccd76ed7a0
Blast/BLAST2_052.jpg,Blast,2514,494048bde0a67cb222e9427cd12faa5eaeb7b2d077f74f791ce9de4900d3d6b4
Blast/BLAST2_053.JPG,Blast,2515,5036a3ade819f5f84dad25a664723687e0210d5a7b61a9b5b336bc4fee7c777f
Blast/BLAST2_054.JPG,Blast,2918,b9b2c8bbd083c8eccbe1c967bf3514b0c4b336c343b0d02bea2d7301e1a91e37
Blast/BLAST2_055.jpg,Blast,2918,9604de48fe14271e7319fe0198bd2207005ac5ac8846f5e06c19ee84c2f9a69d
Blast/BLAST2_056.JPG,Blast,2518,ebe62716499935ce402480ac368d7f83552132c358a1881e67456c51d65bf557
Blast/BLAST2_057.JPG,Blast,2519,82ff2d473277fd22b0daccd012a9776983cf3f26dca319dbcd51551b7b18e8a8
Blast/BLAST2_058.JPG,Blast,2520,06900a3bc4ed6ca13c4d39ee315f80fc5487390f04173d25193d5a0011865989
Blast/BLAST2_059.JPG,Blast,2521,3c47e5af092df4385bb8df2bd34bf28eb90ba1920720150e4108b183bc52f114
Blast/BLAST2_060.JPG,Blast,2521,b7f95437104c2063d402a9591c33556790b1c17165979323c516ba946c1cbbb3
Blast/BLAST2_061.JPG,Blast,2924,d01a47634491116f917b733806e6d2a564e9f50cffee677ce792daa9c7a0e9be
Blast/BLAST2_062.jpg,Blast,2524,c2623ec675f8958f115c01c57acf8e6bd9cdfc31ae0756207478f432a1c85382
Blast/BLAST2_063.JPG,Blast,2525,cdc0a4ee655ec52fa325625ed749eabf5bc470bfb5d74f38990edaa942c46ca3
Blast/BLAST2_064.JPG,Blast,2526,bdd247fe482e113899286c616ad966b2ebdf890f86f5cdab5448cd0a47ec653b
Blast/BLAST2_065.JPG,Blast,2527,7b9bd5c8d17ee4a064e0737033a447f4d68fff950d2a9e9bf4f85868c5ff828e
Blast/BLAST2_066.JPG,Blast,2528,ec5aba25be5a8665ca66bdeb93e9d33a03d1503d8a0c894a877253adf5c8fd47
Blast/BLAST2_067.JPG,Blast,2529,f5872fe13891a3926da4cbef0477e4416cb486ff9c543d8f1ae744d626c0156d
Blast/BLAST2_068.JPG,Blast,2530,a1ebd5e8d15ba443dd28d443868b872a58e640bdfec3ee98f77073f49e7114e3
Blast/BLAST2_069.JPG,Blast,2531,c52d74432ff42018266e566fe7745824e6870511452a767c1c001ad1ca321366
Blast/BLAST2_070.JPG,Blast,2532,d966a64c180d9714ad091b267c2bff498ee78cb73bef86615e5705f7723658db
Blast/BLAST2_071.JPG,Blast,2533,986c26a9f46a0d65da2562c4695799b1ccbea4df1f58c158d051e6bfbb16b44f
Blast/BLAST2_072.jpg,Blast,2455,15cd2928686d62bc6b6686fc34de41d13087ab19284ecc7af949c130ad497191
Blast/BLAST2_073.jpg,Blast,2456,fa238dd61a292ede3f81de705d8030d9a1f7f80dbe976b01c44a30c9904fbd23
Blast/BLAST2_074.jpg,Blast,2457,0294a507c247e17bc8da8f1d8ace464c4648a408be9b43e34e95d67cb0606453
Blast/BLAST2_075.jpg,Blast,2938,c18661e49ca7e31671e9719ff883f48a6b2e0427fd6f55d34bc039bc22388dbd
Blast/BLAST2_076.jpg,Blast,2538,4c2ee9b3373bd8f340bcec4181617e5f84b4e19531f2c4aae2eb2db56811a4de
Blast/BLAST2_077.jpg,Blast,2539,2e032a728353d695911404627709f854b823cd8d35e6b9df0814dcb314ced00b
Blast/BLAST2_078.jpg,Blast,2540,b71da57b37a2e8bb8211a4d56dab60ea746c5265b6ab93f528d50e39bab0cc80
Blast/BLAST2_079.jpg,Blast,3021,fcb40c1ec2c11daa2c5f173e8cb499a48e6688647fd59eb9e873729d719cbcc3
Blast/BLAST2_080.jpg,Blast,2542,43789a5b5a4299be0eebdd2327aa71c5d4a7008b3b39e20c93b3223fba43fcfd
Blast/BLAST2_081.jpg,Blast,2386,71816ec08e0d44a435ab4a6aee9ce4b9f72efd9585a16c10dc4ea5a81aa81783
Blast/BLAST2_082.jpg,Blast,2945,3d7dd796a54cb30e5bcee86cbfd8f5d8fc41de3eac5fe314bc42514fa6ccfcff
Blast/BLAST2_083.jpg,Blast,2388,fd469448e3e1cf95df83327a9472c96d00fecb71e9d9c5ce730549635fa22bad
Blast/BLAST2_084.jpg,Blast,2387,c737bd6f46e740476e00ef93b73d373725d8c0edbcd36459c9767f789b10d087
Blast/BLAST2_085.jpg,Blast,2390,9d5ca5bea797631979f582fb5c8efc05cca03a446e47bcf3839b392333bb05f8
Blast/BLAST2_086.jpg,Blast,2389,cc79fc868adf2a0cfb838534084a14be3d86e1fd80dce5767ec36d1c59243acb
Blast/BLAST2_087.jpg,Blast,2392,61277461c9b7cd10605d2754b8db6dc0bcbd585709b35055399f9a2de08156d8
Blast/BLAST2_088.jpg,Blast,2391,20ccd2d69723d70228ab34ca0db08f8625a9d217ef071e3f666090de10b39789
Blast/BLAST2_089.jpg,Blast,2394,82f2d295652d6bc8fcd3ffa1bc8af1ab5cf7a56712cdb3387bc03fea83d0dad2
Blast/BLAST2_090.jpg,Blast,2393,3270520af1e73bd0b0081ece31ca8b831c7c5eed211d7b476da87c2e06dd8344
Blast/BLAST2_091.jpg,Blast,2396,ba5652f6e506c3d8ffbe1f36f171b251bee2f736f9d4bae03429d07e84dee928
Blast/BLAST2_092.jpg,Blast,2395,3deb309acd58d9791a0e9756845c4503e47eb10adc8987d4df182eb609888fe2
Blast/BLAST2_093.jpg,Blast,2398,33a0a7b8436ecb471975394ed5db20a53718c50188a7253491069e3d7de51cbf
Blast/BLAST2_094.jpg,Blast,2397,263957086977cb9e68f4579368b160461964b399961c2623e8761eaac304663c
Blast/BLAST2_095.jpg,Blast,2400,97b40fc8f1c06a50e38ec00f4286f545e3afd2cc7861226adf1a9a06172fd728
Blast/BLAST2_096.jpg,Blast,2399,37068f5a9e5e3ceb0ad8f1b7d958ff72b9ab81132b935509dc6c7d8454b02ebf
Blast/BLAST2_097.jpg,Blast,2402,7989764602db45f3349e9a0ef841c6792f19c67bb3ab5ec07cf82da3180ca666
Blast/BLAST2_098.jpg,Blast,2401,460062c163a4fea51ad78c1186de57267d7309dd90440059d921f62a2fcf9c53
Blast/BLAST2_099.jpg,Blast,2404,bfe574b16c332c772c83972490bf2f5d89dce53c416a8424e98c9214047ee82a
Blast/BLAST2_100.jpg,Blast,2403,e2153b63bf9f9dd3ea56c6113fee161041462e73052a816ca94d9d31a110c857
Blast/BLAST2_101.jpg,Blast,2406,5e23bea6ac55eb001f3308a2993a19db036294e368d8ae96e96a950478d09f4b
Blast/BLAST2_102.jpg,Blast,2405,a598e1fe48f2dc51fd31c3e66a68a948937205dfc4eb57f3e27406be72a7dfa5
Blast/BLAST2_103.jpg,Blast,2408,7f2d918c8f00c4e2f903f8f63a02845fa1c4290cc6558a74791aaa90880b7a51
Blast/BLAST2_104.jpg,Blast,2407,840171cc8981d8734aab4435786f44af40260139aaf36e2b3c29a705b9b6ff58
Blast/BLAST2_105.jpg,Blast,2968,424f64e73d525baf6e9ad1ec152ff8acd64c2d9fe609015df554aa3ab535d489
Blast/BLAST2_106.jpg,Blast,2409,27f8c949927614be5e1b89f3c3389e20e8b8a9ff9431b5146cea058155ea883b
Blast/BLAST2_107.jpg,Blast,2412,02e238ce7f7a0df930f8f828d351114fa6f1ef5e1405badc819164e06ded053a
Blast/BLAST2_108.jpg,Blast,2891,d7851c3d31a4f2cf936edf415992e2d0e462c8f74ec3ad3eaf484c285effa098
Blast/BLAST2_109.JPG,Blast,2414,fc7eb36586a1fcd8579a13bb907132b5eb716e35995ce14d1106069c807790d6
Blast/BLAST2_110.jpg,Blast,2413,6d9cc3d9eccc924e7cccb9e98c5a6b7b94eaeda662b8f76726918f68a043a083
Blast/BLAST2_111.JPG,Blast,2418,e6772f11edea606cd0d8ed05d07f9c166417a6213ed76380f905961e48fe5941
Blast/BLAST2_112.jpg,Blast,2415,36d9df650d0e65165408f4cbc339652fdb87b0999f885c0b698597081a5159b1
Blast/BLAST2_113.JPG,Blast,2418,36c91896e8e5567a993924ac76f1b5ca97eecd3626c1deea658e9ab80aa6509b
Blast/BLAST2_114.jpg,Blast,2417,5df7191809dd3e32afaca01d6309e66c4559f852ab63931dac20123fd127ab13
Blast/BLAST2_115.JPG,Blast,2420,7be7c2d94e39a03305afbc0a664671caa0d9f0ccbd6b766b381be4df67ebcaff
Blast/BLAST2_116.jpg,Blast,2419,0383d7b096cdf6c01361c9b4290775bf631dbf26b4c20df89506e85619f85301
Blast/BLAST2_117.JPG,Blast,2422,e34c9fb72c5b00823f7c7df117998906c260606d412f8d79ee09a9adb8b0801a
Blast/BLAST2_118.jpg,Blast,2421,8b8894e2df03f55b6690eb4cc299b0686a7dfe06e36ce32f5bb1a0a1fdea5c05
Blast/BLAST2_119.JPG,Blast,2424,57d63b75212bb397bced86de9116455394f3e90ac185e2dacb71b6e96ab619ff
Blast/BLAST2_120.jpg,Blast,2423,2367d61426763c12f08297214252e38e28ef75b8a706e0db6864c8d10b6b4287
Blast/BLAST2_121.JPG,Blast,2426,654f8a77254c700b8c7bab285968d590e7f0f82e4c19c98bd127df58e19e7088
Blast/BLAST2_122.jpg,Blast,2425,d17691e8aa53f1a1fb9d300ee588954376b5d61544e380f62f922169977c4326
Blast/BLAST2_123.JPG,Blast,2428,313e678a8737437deb45a0e8a0ec5d87f84a8927ab59bf3d9c4bf6e93f808120
Blast/BLAST2_124.jpg,Blast,2427,fbb23bd923fb507471476127c16e4c3abf6b167139a905fc336a27b771e03c75
Blast/BLAST2_125.jpg,Blast,2910,156205b23faca9639479588f382237abf1d922b51909bc866a380ddce3ffe05b
Blast/BLAST2_126.jpg,Blast,2429,824710f4054796de397d49ca69d9b471b838b64708e04ec3d9410e9c5a21ed9f
Blast/BLAST2_127.JPG,Blast,2431,f6569a506f1913e95c89e0360e8b235a79431cc8fcf41572054eb53059d7e332
Blast/BLAST2_128.JPG,Blast,2432,824f37454218bd814391d6fa83e8cfe50b1b6e140c63fae0b5df7f09319e9de3
Blast/BLAST2_129.JPG,Blast,2433,b4ae62845fc54b90bec89c0901d9d2ec4a825b93a6a2c6abd986500b9f3b5405
Blast/BLAST2_130.JPG,Blast,2434,b61c14623fa56ecbfe6d0777ceb9199b12d72d9b5bdd8080e14d62ecea20ef23
Blast/BLAST2_131.jpg,Blast,2435,f3d590e62a26976a7497aea139789ac008756021f48c68bfd8b66d2268765d79
Blast/BLAST2_132.JPG,Blast,2436,3cacffa8c1fbf5f5491787180b24ed6d87cd3e6f4ed13648dccb02cf56abedc4
Blast/BLAST2_133.JPG,Blast,2918,eccda68964689978eb99e921262fb7eb30da097245c93969c0dff815e2f48547
Blast/BLAST2_134.jpg,Blast,2918,ee0ee0b5fb8d8569e28de49f8a02eb2d82452ed4913b1349ffb604488369cfa6
Blast/BLAST2_135.JPG,Blast,2439,b55e1812621cd1e2f7ea3c3aeb7c0f25e9101e986837dc0fb9ed187a2f5d6914
Blast/BLAST2_136.JPG,Blast,2440,061d1ade921b5a82890c927b10a4fe96715053ed700be3c023a8d0c578b5de98
Blast/BLAST2_137.JPG,Blast,2441,44c73345c333939a6abddcf2d7994d1c929843fd042af13e7902f4a8a5f141c1
Blast/BLAST2_138.JPG,Blast,2442,f379a3841346178c63e8f7399145772161be01d1be80f083aa1f145a3a41a178
Blast/BLAST2_139.JPG,Blast,2443,67f1ee4fbee02979d8b3f8202fc3c297b8995356d11825a9174056c0392b61d5
Blast/BLAST2_140.JPG,Blast,2444,6bab6b19623e31bd39cf2ddba5444bdabd489a34a8df8633c29e3bc4d7bf069a
Blast/BLAST2_141.jpg,Blast,2445,91fdaae82ec47d75d6175824d89cc88deaf2861a961bf5fdcd2f25b9cff15ec0
Blast/BLAST2_142.JPG,Blast,2446,a23fbe18815f57a73cb08a6de918d9725f677a5eb28138aaa6b981c63de45a95
Blast/BLAST2_143.JPG,Blast,2447,8664ac3e73377fe0d62dc18d62df9e24ce702d9145ec564dd137cc187b33144b
Blast/BLAST2_144.JPG,Blast,2448,e82cd2d8607557610d645ad2b78a2bdc72b6387a37d1acc9add9430839513574
Blast/BLAST2_145.JPG,Blast,2449,44b2f0ed88d2d0a86f06e9e4895ed6d95dcfa247157f0825cb18de1d4641a53b
Blast/BLAST2_146.JPG,Blast,2450,07bbeb9060b3c32f95296361a95703afdcb5a7367475cceef04f67b2e65488b8
Blast/BLAST2_147.JPG,Blast,2451,0e539662e1494d06e700c9782ed2ab4d3ba37c9ec328aafd7171eeaa62a52c55
Blast/BLAST2_148.JPG,Blast,2452,50da654c464b5ba6db0d8a02bb23f2ba20a66e04f852f0fc07dc02d43c8d5262
Blast/BLAST2_149.JPG,Blast,2453,618e5bdb6c9d737cb3395a3b6456db6a201b28218fe63f1fcf8e2438db3ee6dd
Blast/BLAST2_150.JPG,Blast,2454,cda4dea312ad588db8aa5aad0d54860242e2c6c0fbebc4cc17b12374973fb96f
Blast/BLAST2_151.jpg,Blast,2455,72a22ae775e5f3c4ccfb29f3810089dd46016235d4ad674139bb8d9dff529b27
Blast/BLAST2_152.jpg,Blast,2456,4e0c19c4040b66bf7ed8f81b288622f7f1c2a58efd222a228dd9dea872994b3f
Blast/BLAST2_153.jpg,Blast,2457,c8cd8559651db0f55859ff0c569a7880e861906c278b4abe1d2ef4aec73414cb
Blast/BLAST2_154.jpg,Blast,2938,bf050392ed81e66e74ba55815694a5b31c0f1dcc8c8e148531413bf16b1c08ea
Blast/BLAST2_155.jpg,Blast,2459,4b59ab16962d05336a7c510ede50676c86fff8332948dd77e89c95c7932f717f
Blast/BLAST2_156.jpg,Blast,2460,fd0eec5a29d5ed142a5a4dedcac4db6da744c57636a90fc8721dde7f7cd1c316
Blast/BLAST2_157.jpg,Blast,2461,614b998d8708909cc69eb77739d979e7e3ca3c5328aacbe6279dfb4b6107eb8a
Blast/BLAST2_158.jpg,Blast,3021,f5d77eedf95ed45859cdce1f95feb5e51b5d15d75cd08277893448d190ff34da
Blast/BLAST2_159.jpg,Blast,2542,593d58e21079b0abf5b4561f942da16e612df1475ef078c2e5f12fefbebb5d7f
Blast/BLAST2_160.jpg,Blast,2384,5fd86f9483cc649696af4b05e965d0494d7889f1a2ef5a94382c91fb6525acd0
Blast/BLAST3_001.jpg,Blast,2864,998801f993143fb8d31f39f0d52f4a975a2c08b6502bfe9954d221e62ea68e92
Blast/BLAST3_002.jpg,Blast,2945,5ca794a31eadc73dbf42ba020f4163f389fb0d5177fc484273d6d0e51610f154
Blast/BLAST3_003.jpg,Blast,2866,29f2a6df2066b9d5131fba5b182bdf475b8afadfe2b1cf4f9ae8f77a3d75b694
Blast/BLAST3_004.jpg,Blast,2867,72d99b0dce32a5cdb717a5898dea6234df6588b1c9a29da7b2696a0cd7292d8f
Blast/BLAST3_005.jpg,Blast,2868,8fe8db03477b44d5dbd6a90e1b3d21b31e8f882c04c852cd5cf227d21552d8cb
Blast/BLAST3_006.jpg,Blast,2869,7e308757dcef280abdeba6bec13d8f225f6d0551c43e764e14251facb65720e7
Blast/BLAST3_007.jpg,Blast,2948,564a29616c54e62422dae767893f24aba9b707615f5dd042e99727694e0a5c1e
Blast/BLAST3_008.jpg,Blast,2871,97986d25998e9410a700fb1defbbb397c81052e56b405982e4812dfd063ded74
Blast/BLAST3_009.jpg,Blast,2872,6a1e0713216b459afd9ab6656392601bccce1eb74fb9873eb7057cd3b547c2a4
Blast/BLAST3_010.jpg,Blast,2873,8d4da92704f4b967f4a7cf8177ffc353685583c289ebd247502ad84644db4716
Blast/BLAST3_011.jpg,Blast,2874,b5a07f849c972b1e78805a9cd97bbb05d6540055adf53d80a667f3f3040cad58
Blast/BLAST3_012.jpg,Blast,2875,37588d0378165a9a0c7d71f1da9ac9e05a1fe3eedce1f491b9c36a64e690d85b
Blast/BLAST3_013.jpg,Blast,2876,3b57a0de5f6ac400dad1ec68a0ed01bdcba3ee658646e4c9e6ed93c40825d4f4
Blast/BLAST3_014.jpg,Blast,2877,0f0f890d6bf561643305d2182a002f08d2ce6b442e2ef8f39427e6e5639a1713
Blast/BLAST3_015.jpg,Blast,2878,87ff5d42c0aa8f276c087b958ffd78d2b273aff5b6dd1691468170b0f04468b1
Blast/BLAST3_016.jpg,Blast,2879,75504acb667ce38ed2d29fcd3d9d825f69f942dac15f4ae97e891c9dbdff416c
Blast/BLAST3_017.jpg,Blast,2880,1b5fbeccbe6e401891c33cf5affcd9077f53959179cbf96415722e307dafc675
Blast/BLAST3_018.jpg,Blast,2881,3cb0cfbfe01bdfd263fb5c4551aced793bd95412d3219b4de886f5bec8f90d3c
Blast/BLAST3_019.jpg,Blast,2882,530440e19a4c9863066b8c20db27c3850720d082927f58ce99aca917950071ac
Blast/BLAST3_020.jpg,Blast,2883,65a28b36aba9df0c9833c8969c301e302ee80a6644a4d8cb69151fee8cc0d1ca
Blast/BLAST3_021.jpg,Blast,2884,bc6cf5caee88df41b7c97da6ae43a1cdb1756b3fa410a9d72377ab38d8c4c47b
Blast/BLAST3_022.jpg,Blast,2885,e56617130a73a36370a3173c97181043c260093d17eeea62f0005c7e1fea758d
Blast/BLAST3_023.jpg,Blast,2886,0f1bf2393d04da51721e2978e73d4d7e75e7d759eadf3c5f0c211135c6975bc8
Blast/BLAST3_024.jpg,Blast,2887,c5e4030e9ac4cef93deca9fdc9a0bb8a67904d8ec8d72826b1b2519df44e4d0c
Blast/BLAST3_025.jpg,Blast,2888,356e2b5871509412021834392bb4e557c286af5545d404116f5b079140f13f2c
Blast/BLAST3_026.jpg,Blast,2889,29b69950968e4db72bab21bee9e338a9a5d71b72a98992605d346155c9a5e3c4
Blast/BLAST3_027.jpg,Blast,2968,39ca0e0dce8374985f8af87af79dc18212d44054cdf91f270a7569ee5dab7908
Blast/BLAST3_028.jpg,Blast,2891,19ac43b8f186fc7b53c12644849e9cc00a05d60acbd6a9fab6289404c54dbec8
Blast/BLAST3_029.jpg,Blast,2892,8d50eb07a7364c0beacfce526af60304bbb81f9ddebf527eb3b9361750dafb02
Blast/BLAST3_030.jpg,Blast,2893,71ae79828bbba876844dc50f687344e9668477a500d7a08d011297ae5fc13dc3
Blast/BLAST3_031.JPG,Blast,2414,d9e52d66f009b07f26ee69f901e9046e4c696e6dceef51213f3c9137a3b2a2a8
Blast/BLAST3_032.jpg,Blast,2575,1c4f47700a5ab88c05e2368fbd3d2d8e86e3089a417ef9a242d5647d1e2af17f
Blast/BLAST3_033.JPG,Blast,2898,831d58398360f63ab11808d3eb17957f868cf3cad921c99791532e538134c23a
Blast/BLAST3_034.jpg,Blast,2897,3a938526e676eb4dbc32b59f3be3da2c3876eab0df1555b2b800b1add2142f22
Blast/BLAST3_035.JPG,Blast,2898,bdc8e0182fbe7d5da52fca03daf8654bc9bf76cbe2092127240a131b71c02fbe
Blast/BLAST3_036.jpg,Blast,2899,1434bf0035338118354069eeee7e59baf60933159ce0ee691d496076996822a7
Blast/BLAST3_037.JPG,Blast,2900,ed5d3b6980d0f2f4681f9e6a38f2246b036ca6bb1cfe82e528c36b85af8c71fd
Blast/BLAST3_038.jpg,Blast,2901,02673c0d5064f279108d4f7d8fc67e8ce77924d1519cb04886cfa8d67faacca0
Blast/BLAST3_039.JPG,Blast,2902,05c052ee181c9e0afe454aa4332faf2710b5a265966b9abaa9383744a14e04b2
Blast/BLAST3_040.jpg,Blast,2583,187636eabaa0cd9bea9bd7c8439e9c68f37e3cd463f85ce25d7f771577ecf9c3
Blast/BLAST3_041.JPG,Blast,2904,07cc8c8201d0e16209b0f8e63b92dd9763e00705b6e44341c6836c4090cb37b9
Blast/BLAST3_042.jpg,Blast,2905,6081ad1146b84be45fedf4ebc437a832ce6a61f7022e39a36d5914d4e88e3af2
Blast/BLAST3_043.JPG,Blast,2906,1b0dd849ca4fa2919615188131e68b00b20564f0bf256c50b6b28e6caa7f4e11
Blast/BLAST3_044.jpg,Blast,2907,a6765263657333946d1b7a89dfe0b96976724806e6bb698eb16fb6cf1ba11ff0
Blast/BLAST3_045.JPG,Blast,2908,88e80e8380cbd27808fe32a808f729ae7234a0f7706024d24ea79c9c5360ca25
Blast/BLAST3_046.jpg,Blast,2909,d384380c9d036664b51254d18b42fcefc7b0915e7290d7f35f2c416a0fe2b51a
Blast/BLAST3_047.jpg,Blast,2910,7a740ccabd3a8fe2a3ff0683551f60d71b3135810068b51982ba8413295310af
Blast/BLAST3_048.JPG,Blast,2911,faec4788acb2b98fe2a5e6f450a72d43360a16e38b0f8c38f9877dc87a6ff30b
Blast/BLAST3_049.JPG,Blast,2912,4ea41dfe3478ac9518e9fffe6a64f299a03c0b7b21041ade1b923868b61c9b8e
Blast/BLAST3_050.JPG,Blast,2593,10d30a313ea9b4a153ec309dcc82e68f3254b12e6fa3d64767eb1ef1c3991eb3
Blast/BLAST3_051.JPG,Blast,2914,e48b9187d97779776d1d36170cc541ad916a8e6aefa54f6c3ca9b099b7113d7b
Blast/BLAST3_052.jpg,Blast,2915,b4860219b6dfd5fa625daecc7a50781fbe426e20b314bef6d98776e387a54ee7
Blast/BLAST3_053.JPG,Blast,2916,3b14489b9db7ab05125e70091be3eaad2f0b5081a1ee9d80231d4fbd250e070e
Blast/BLAST3_054.JPG,Blast,2918,65ea92c4efbfb8004d8d15aecbaf069eaa4e44a3cbe20bd3fadf6409e2ee41e6
Blast/BLAST3_055.jpg,Blast,2918,4b82e3a5edf2c2002d84578d0ae7102eddeb275df5a0208153401aa46df42fc8
Blast/BLAST3_056.JPG,Blast,2919,4773ed09d2f5d4b3882caf137efe6d4568250e48cabec4a07e3bba9cb5b204c5
Blast/BLAST3_057.JPG,Blast,2920,a8f78d8c09592feff3dde844e35fa6b7b8824c166813751da696d4a57be1bca9
Blast/BLAST3_058.JPG,Blast,2921,2e6d7639ff807670c1ecc44221fc3e0495deb5a179fbad1e68a51ab83f11986a
Blast/BLAST3_059.JPG,Blast,2922,bacadc39dd819e04e22534d45bc27452f26d227852350caa1d803c163800e960
Blast/BLAST3_060.JPG,Blast,2923,5c675cce164de8e115a3cbb859073200a9bf86b8c4a22807826929980bd400b2
Blast/BLAST3_061.JPG,Blast,2924,9ec830cb984ba5f0aaa5a1a7ba8ee0445f365d1c18facc84a4de41e27f52060e
Blast/BLAST3_062.jpg,Blast,2925,0512e4c922f74e7e83dd622279ee04e99c8a8b9ee87349b1d02a93ac1368506c
Blast/BLAST3_063.JPG,Blast,2926,fbdd5b9fe4a69f3a4dd6eb60fd0169fc815e2dddb635c17b5739cfa560285e5e
Blast/BLAST3_064.JPG,Blast,2927,6b388b6d5a8c0f08b9d3bf0e60354504624a06ad49842b05703101a9a3af728b
Blast/BLAST3_065.JPG,Blast,2928,9a8216d2fd86d61183be4d25fa4e351508114307e3457c24ca6ea1cdfb6be404
Blast/BLAST3_066.JPG,Blast,2929,c8588d6ef766e55a37c10d7189bb038393f62fa2b940dd60aee9bca2c889d95d
Blast/BLAST3_067.JPG,Blast,2930,dfdada7f3102122bd87892d16060d4cf9781b7665db2f916389f1433107fb97e
Blast/BLAST3_068.JPG,Blast,2931,6e8f64ce0d8b797e8f51d5cdab0a30a8229344b16deb09f862ff2c273bb8c51a
Blast/BLAST3_069.JPG,Blast,3011,ce4e32f85de15b158ff7f1162af06cc7212b0639304be7acce938b63d4b12f43
Blast/BLAST3_070.JPG,Blast,2933,30ba90756b0815de9d9d394f43a18526fba9805cf529985d48ba0b1cef981b6e
Blast/BLAST3_071.JPG,Blast,2934,4c7cab34ac5c0c9d425bfe796c462f074ea8fcec4186b2086155d67d25ad805c
Blast/BLAST3_072.jpg,Blast,2935,53d18133da4e76372f2adc3d809db4af8b1b70844e83dc57aa9f069a3ae31b32
Blast/BLAST3_073.jpg,Blast,2936,c5b3b90c1c32e30755e61390f5ede61da24fd5b447a429cbd8950f2ad3904210
Blast/BLAST3_074.jpg,Blast,2937,aedda92b3ad3a944887604e7961489d186c40eaf55e09506fd15a4aa84ecc018
Blast/BLAST3_075.jpg,Blast,2938,6a0a7a04e53aa73a99eda0556adb2e5a3d57c91c1f1a88c2cddaf5aa4dbdfe50
Blast/BLAST3_076.jpg,Blast,2939,15195b7a905cf5406e96d94dd544312c469cbd2759432bc792247c1676bf39bd
Blast/BLAST3_077.jpg,Blast,2940,4455a5faf7964451cb52dacd33cbaf9574605b9f4213aec57bab932675806504
Blast/BLAST3_078.jpg,Blast,2941,a42f381aeda9f145d8195f1e2b0970d51aa15e1e04765e4d132d30f50db5e9f7
Blast/BLAST3_079.jpg,Blast,3021,d92acc4c9acd080445066f1c983de98ca917a6ec87e1bf88768c14213489b965
Blast/BLAST3_080.jpg,Blast,2943,74da550491c63c39c8032f812e8013d02d9e35493ca25c09072c86f0f057bff1
Blast/BLAST3_081.jpg,Blast,2944,de32a4573c1336bde0bec85b55bf50be64e39aa96dd2640da36c50a0b166e0a7
Blast/BLAST3_082.jpg,Blast,2945,fca67ac9dbf2201155591ce56e0cf97bb1b9ec5dab8fc723a92a060a85de6c8e
Blast/BLAST3_083.jpg,Blast,2946,050fa0d24abb7f757e50c7800c012923f0b78cca592e90658366d836e7ec8324
Blast/BLAST3_084.jpg,Blast,2867,aff432beec44df39f4343cc18d50c86feb332170fa5cc078c5626a20200e0d2a
Blast/BLAST3_085.jpg,Blast,2948,85b40a11fc43d1c6e964d3603a726c345a026edf891615596e00419bc597e14d
Blast/BLAST3_086.jpg,Blast,2869,5604b562d125202d00522637d3ac5d54a6d92841a5d12c3eb385265a5473fbc5
Blast/BLAST3_087.jpg,Blast,2950,4e032d7840b0a0c5b460877a1c07e3a4a64c959c7478c886e5c55b3ce692796d
Blast/BLAST3_088.jpg,Blast,2871,d68fd0a233cd808841f28e30749f5f1c57a6031b157400d865c137b3a1c65149
Blast/BLAST3_089.jpg,Blast,2952,9fee52c1a4b15f0ec9adbd46eedb210c5494f724130ec04df1cbfe4d9cf4eb49
Blast/BLAST3_090.jpg,Blast,2953,474f283209108eb2a88801af76b2de5ce19ac333bdc2b15298c6a4577dae4885
Blast/BLAST3_091.jpg,Blast,2954,1a3263373eca62940d02352f017e856b79888aa62d1588c4e68447505bc9a195
Blast/BLAST3_092.jpg,Blast,2875,1a9ac2f6af1cdcbace449cf659ae4a022b313055d91d75ce1d84a0066ead6df7
Blast/BLAST3_093.jpg,Blast,2956,c65c5458833bda94b78241dd92119663938b87c4a2afe62f55f9ad8fb24b5759
Blast/BLAST3_094.jpg,Blast,2957,b69e0a5a906dd30ed9b40b7f4fb00a5b8ea774e01bcabee0d7f680d3d02bef77
Blast/BLAST3_095.jpg,Blast,2958,3316f42a016583417752d62cd2d4082bb5c6c33c6f3806d10164fde5f444c45d
Blast/BLAST3_096.jpg,Blast,2959,97c4447f411471bcfc8f38cb775a743e34199ab27a3dce16b11d6ec11c50909d
Blast/BLAST3_097.jpg,Blast,2960,2bc55b1992b5f4cf9538ede95bb6aecc9d29ae2b6a6dde86e7b8527e5c4d1780
Blast/BLAST3_098.jpg,Blast,2881,0f7b89fe288d49c744a340c71416d07323827e29bb73afe39bc3ad13d168a75d
Blast/BLAST3_099.jpg,Blast,2962,c28581f21e6c280dd023be55ffa6af33b308184af943c2c6ffe9f9912f543fdc
Blast/BLAST3_100.jpg,Blast,2963,67eb6d378ebc0408280d9d553ea3f6a2d647c24bfe0fcff70247b80b525f6c88
Blast/BLAST3_101.jpg,Blast,2964,f82ec1283a4b8bf459582e38b65208445c854c97b1239a481e113a0921457c4c
Blast/BLAST3_102.jpg,Blast,2965,5ceeb92700f914708ce866b2b72bb1314e8e55a773414db97050980b57c19006
Blast/BLAST3_103.jpg,Blast,2646,807945a8569d1f4e5b15f54c1e62a2626faa5e2cb75a9b1cd4d6dab3f4c72fbd
Blast/BLAST3_104.jpg,Blast,2967,48db0df5ead1fad07036690249e628b667f6cfdf92851bc19037b5d2a8d32b99
Blast/BLAST3_105.jpg,Blast,2968,ba3dea204700afb0cbcf1fd04d58ead4b3ded4aecc6ad53d0d626f6a51448fcd
Blast/BLAST3_106.jpg,Blast,2889,d5ee95f4854079cd6cd6125b7839081f38a87c650d0905187fa6035668373590
Blast/BLAST3_107.jpg,Blast,2970,2057d39656119c12a92e8e806dda0098329627a07c19faab0c38aefd1e315092
Blast/BLAST3_108.jpg,Blast,2891,c01ac2d5f9e0f78ad70d7f1920f71f770b8f1dbec9cc5abf40e5771a7dee2a74
Blast/BLAST3_109.JPG,Blast,2414,7bb50f909239c67b96c243383568e28d3b4252f85b4dd96d710d267801ce0276
Blast/BLAST3_110.jpg,Blast,2893,27e9ff0aa2593e35d13060fa2c2da6fa5ab0cf38e8eb6c5a704031c586251280
Blast/BLAST3_111.JPG,Blast,2976,200dd1f7bcc2737e3961ebe39f96851707f3ddb77dfcb085655899201059d46f
Blast/BLAST3_112.jpg,Blast,2975,a0a3e3e8f2d2312ead6eaf446a02563f20efebed52ac420ecf70abcdcfca2074
Blast/BLAST3_113.JPG,Blast,2976,3eeb4b95ae0d17f9aa276c328e7e17b25362c2e3aeee7a091ab07f17dba3e3c9
Blast/BLAST3_114.jpg,Blast,2977,a83745703c5182193c59d57db85bdc068972776c081ad5652093d79039adb536
Blast/BLAST3_115.JPG,Blast,2978,4e051fb4faf1f43db3eb95e09ccb8a94c9e01203192f4948dea351c26128c1ad
Blast/BLAST3_116.jpg,Blast,2979,68a1488955f8e6fb166678817bf420c5ada19408eb4160930a32a8ad4a968215
Blast/BLAST3_117.JPG,Blast,2980,3088169a031192490318bbb259583679118b58c17616401bed01b6097a85e974
Blast/BLAST3_118.jpg,Blast,2981,c69c9034bfd21971a69c751a55628595ca0bf8ca80995e867df8e2bae2864eb2
Blast/BLAST3_119.JPG,Blast,2982,a32d1516621ea06ad9cd9a9a8b642cffe59586771b74896968fd9527cabed423
Blast/BLAST3_120.jpg,Blast,2983,adddbbb3affc40e8fee609619b9bc218e882f4099acde9d888dfd21200e716c5
Blast/BLAST3_121.JPG,Blast,2984,54c7157099503e79463e0241508006e9a4bfb9445f59c9408607ee3e7b9f4e97
Blast/BLAST3_122.jpg,Blast,2665,457eee7132287b7a9fb2c83555fc606092d7127f0a3334ba02d672074dd690e0
Blast/BLAST3_123.JPG,Blast,2986,1ddfe4a469fdb5c5ddb96b9113980fa9f123a126c1df14b5b0290335bc828738
Blast/BLAST3_124.jpg,Blast,2987,82242ceaee015553ccafb09d9d471b1bc1fd77e99209ac3cee802ba9ac9e8c68
Blast/BLAST3_125.jpg,Blast,2910,c68acf4dc495a40892f19dd24381ff637c9ead63e08c621bba0129b001292f17
Blast/BLAST3_126.jpg,Blast,2989,4561a1b30b10193585485eca52ddaf5f3c817612ddbf252bdb82cffc99ff4fe9
Blast/BLAST3_127.JPG,Blast,2670,0d7119f2742fa08817cf62bff6978fc6a2bc669312fafb8bbfbcd6893e4eb788
Blast/BLAST3_128.JPG,Blast,2991,b5838944a5619e70e3a5eaf68e5f19e346a44af06b2e50e623bd06f41d337b73
Blast/BLAST3_129.JPG,Blast,2992,091fb7f39e970da143211cc996ea2e190f64f6d1f26208722eb6d8afb4175669
Blast/BLAST3_130.JPG,Blast,2993,73c7f58b2f43ad21d0eadcdb6f8026e3ae33a22c1ad309359285610475c3d1aa
Blast/BLAST3_131.jpg,Blast,2915,4bb090f952497459df70ed290ae3274792f8260c7c054cd074eb5fabf2b5059f
Blast/BLAST3_132.JPG,Blast,2995,ccb10cec6e6aa34de9340c36604972a6a695e6b3af468d6c1946aa6cdb5b9ac9
Blast/BLAST3_133.JPG,Blast,2918,c738a8947021565cdc3f95241937e2ce056ad0e3f6430ea3621d704a6c0ecf69
Blast/BLAST3_134.jpg,Blast,2918,502c53cef3f69e7ac8d363b61d123c2ac92ed88ffb2c120d3c4df7f8f5674b74
Blast/BLAST3_135.JPG,Blast,2998,4799fd84eb4a758ea2a56714f889cae323d49fcbf84349e8d90e9fdf9145e5c0
Blast/BLAST3_136.JPG,Blast,2999,78c50da75269a6e1c1c2553286ae416d8eaa5ade7871ffaa10829c15b4b534fb
Blast/BLAST3_137.JPG,Blast,2921,3033ebf7bb122e459f9ef32a394ef1d296f33c392378e67686d44f4d22d7b3e0
Blast/BLAST3_138.JPG,Blast,3001,3dc1d06185221de84d0819598806fab031bb99acb6e2a3401d35296b1d0d1344
Blast/BLAST3_139.JPG,Blast,2923,8b20e3e0dccaa847dc3dea79e7b06f2c2e71fbd45ee51377eeefd884ab623672
Blast/BLAST3_140.JPG,Blast,2924,12b6a3b06ba65eed96be1ecca4f14f2a161a424689ad6a671854f56feb87f2f0
Blast/BLAST3_141.jpg,Blast,3004,6e08dc0b14c16ffaf7570794dc803d74b7b37a78fd12014c59775ce820f21c2c
Blast/BLAST3_142.JPG,Blast,3005,f24fc71f0cb28f7c61ce5cd0e5a255701249f82d69670badd70699f07249a914
Blast/BLAST3_143.JPG,Blast,3006,a40cf8d3b93e8305c82be90e14deca21e9c16b3600c11dd0d8605bfd6a314b70
Blast/BLAST3_144.JPG,Blast,3007,93ee48583cfa0bda4c9c938a8dc3f6ab4818ef0a8fbe78453dd27af82e11e10d
Blast/BLAST3_145.JPG,Blast,3008,6ca501fb1c7169e8db7cb9ae02f5f6189c5cb45f4e188f0a37e2f3a712d10ac3
Blast/BLAST3_146.JPG,Blast,3009,7276c4d6d2f12f65293bdb262d258c21379077d96bd8afc99d6289a33533f28b
Blast/BLAST3_147.JPG,Blast,3010,ab9dd262b7c78de4b62b6702b72c034f55e1dda95f0be6c67368f7a0e66da8b8
Blast/BLAST3_148.JPG,Blast,3011,9c08b399048b0026437e288c4b37d22e7644193354a7860c7821121861477e86
Blast/BLAST3_149.JPG,Blast,3012,72cb457431c6b5e8b40d52bf89542c9388d4b3b450cd7dc76af02682597acf8e
Blast/BLAST3_150.JPG,Blast,3013,90f473fd04509b366cca7e9f9e13d6bec26523e5bdfa823ea972d2cd6ba257bb
Blast/BLAST3_151.jpg,Blast,2935,7fb0bca03281237e2ca888e4f037d12e557f8fdbb274fa66b8dfd85f2263ea29
Blast/BLAST3_152.jpg,Blast,2936,b560b347fafda5594b7c37eb8568a02ff28cd8fdcaba6e41557c1aeea68a0445
Blast/BLAST3_153.jpg,Blast,2937,320d6bb9ae2fddbe17070ecfa7c0b4c21e964b4c0825091ef94eac884ab13629
Blast/BLAST3_154.jpg,Blast,2938,5b6cb118777a6e770ef351f55c56f51543d8b2dbfdb290cbe80d54291e9942bb
Blast/BLAST3_155.jpg,Blast,3018,199fdf5a82e6bed834168a1772eee7f52dae09955e3ecf9a503e9a400d933e76
Blast/BLAST3_156.jpg,Blast,2940,0e44dfecc1d0fd30bc40ca5e8d3fdde54230258c3cc5ef9e7fe5671026e82e45
Blast/BLAST3_157.jpg,Blast,3020,353ede4277f14c25a6cb3aa97312d94f9f4b96ffec4b2f143df24cc163ee5ee8
Blast/BLAST3_158.jpg,Blast,3021,4fa890dd9e31d3ef3373cab656be2428ab3782c27d61378a11293438e5a7f337
Blast/BLAST3_159.jpg,Blast,3022,829e24a6cd4c77b68dab3ab8f427961116fe0a3f90ddd55a4d64ed2885d2a47e
Blast/BLAST3_160.jpg,Blast,2703,e49c1fb01d0f192e14c94529c4aec727e42ac0b18d69699ef213231660eacb74
Blast/BLAST4_001.jpg,Blast,2384,7426040242e14c58f4d1110c3f4193a7cf873fef8df2a52041e753b689d11e8a
Blast/BLAST4_002.jpg,Blast,2945,cbecd70bca72b50566c28e83c33c05d983f5a0ef4a7810aafce7a68b2a176b2c
Blast/BLAST4_003.jpg,Blast,2386,ed766c7c685195ad71b7ba1e1bf01ca530115635fa6a35b31ce14894d6a400e8
Blast/BLAST4_004.jpg,Blast,2387,726813e11bc026a5f4198f27c65aa0ba866a05a4682ba6be7f232cab6b61a045
Blast/BLAST4_005.jpg,Blast,2388,aa703ea40de3656392d2143624199fe3e758906b08f2d22b28d255a6c9fae918
Blast/BLAST4_006.jpg,Blast,2389,cf3e2f84e936dd0220f4a50bddbf3420f41f4839af4e6bed65dda06f4e4c6c56
Blast/BLAST4_007.jpg,Blast,2390,394971e5c8f7c0f40fe23ab24ef99353b03ee59b8ce408109e76698f88208d97
Blast/BLAST4_008.jpg,Blast,2391,dce2d57eda0e4c8113fdbd8b89c3535ea10f1f22fdfd058dc86e5efea13c6647
Blast/BLAST4_009.jpg,Blast,2392,0e9caa2668bf3ce9e6a85e19f2a176fd68ef5cff900af689a1e87ad47c16f96a
Blast/BLAST4_010.jpg,Blast,2393,8a1a6a2fa8365ed1a912f60b0175c744034cef1dd16b2fbdf18166f0add57029
Blast/BLAST4_011.jpg,Blast,2394,38ef935c441f5238e744c05c8e05eb3c037695041a6cf7a1f5db06bb34dfc645
Blast/BLAST4_012.jpg,Blast,2395,5082e8828971ed999be8447577c8fb63176f5df646f3d2d39eb661b6eab61fac
Blast/BLAST4_013.jpg,Blast,2396,762367589928b51098535502ed2cc5d34d11f4335dfd818f3d6428543c372745
Blast/BLAST4_014.jpg,Blast,2397,1e87334b35a42ed5f1a1a53b21cc0e85132d8e27188926a1187d68a5ef1025d6
Blast/BLAST4_015.jpg,Blast,2398,d9b5827c1d11e8e89ce7385249512f6c7ea3d1a94ef2626bb4b9d712b7dfdaba
Blast/BLAST4_016.jpg,Blast,2399,ad9efc36a05f823b5d87142fa50144ad6112be7cc4c104866d3459c18ee66aa0
Blast/BLAST4_017.jpg,Blast,2400,43346f2398e7e58802ae109d8030ccaf6f849caa7e71152896fa17a093cf1121
Blast/BLAST4_018.jpg,Blast,2401,cc6480e96733fea405eb53be52406a407975bfd7f5b830a3211455e640c6d1f8
Blast/BLAST4_019.jpg,Blast,2402,7f333f7f106663b53e57240ddbeeec066795db30ce4d662211279cbca3ba78ce
Blast/BLAST4_020.jpg,Blast,2403,21a94c01d5a090a97b57618c606cb4bd838860f256ab1a4d4b3ac207fd44454b
Blast/BLAST4_021.jpg,Blast,2404,17967ffc0234f9e5d552660ea5755c2031236a356828ba567d544fc46a89370a
Blast/BLAST4_022.jpg,Blast,2405,2d2142f4a4b11d94b5fd08b36d129aa00980dc3ec0d37722df9cad7281caef84
Blast/BLAST4_023.jpg,Blast,2406,e7222e3fd2f70d1c67244c58fc6788d0dfb4350a6488bc89427f3ee07b7557cc
Blast/BLAST4_024.jpg,Blast,2407,5cdd94bbf812003fb65d590919f5f2cab14927f5e7fce5fa1118fa2d21ba8d7e
Blast/BLAST4_025.jpg,Blast,2408,925caa4f96bec9d24f66871d43b56f6d42488753fcf1800dd3d230913d0c61dd
Blast/BLAST4_026.jpg,Blast,2409,6e3445ffac69b0aad13c7079633ebab376bd3482dc3d16e080b32e7ce9e98343
Blast/BLAST4_027.jpg,Blast,2968,47e93078de5dd7c28382b6f9d77b63284ca6dc1a57a3b2f14963c3e20ed2dab6
Blast/BLAST4_028.jpg,Blast,2891,2344aead0f2d62348787b25ffcb3f950ba15f5fd0f7bef7d169c0c586aa7b32e
Blast/BLAST4_029.jpg,Blast,2412,5e72217f6aa6686058a7d38133b5ecdf78695cb60418f32e8e49571d19389598
Blast/BLAST4_030.jpg,Blast,2413,b796ef17ff895b4e0b9c196a84e46dc97da18249f0f0fa230759442218dfa66b
Blast/BLAST4_031.JPG,Blast,2414,ed361a62b5f999c20cf1cfbbd5f33b376bd65f64fe2ac27ae0e09b21976fc1e1
Blast/BLAST4_032.jpg,Blast,2415,22a2ffcc33b5348de50bad281f06467e6e8d153587c47bfa6cab65d4cea0a3ca
Blast/BLAST4_033.JPG,Blast,2418,7f0619418f48c74b6ee18bc4daa5db87abaff77821e65f03be8d9f63a639f9ff
Blast/BLAST4_034.jpg,Blast,2417,3b5dbc81bb54a5313279ddbdd0ecec1c69635194e5a479ae9b535df96aead88a
Blast/BLAST4_035.JPG,Blast,2418,775276bc1436eb611302b48a08cd7b17de3f40e35090ea9e3930b9485780f722
Blast/BLAST4_036.jpg,Blast,2419,3da5fdceeb4c501c92733252279b8bfe651f1dbc8101d2e511a56bad1e062fee
Blast/BLAST4_037.JPG,Blast,2420,1f1f176cbf0583a6ab67be2e2029627f7586d29f6a82bbf2161a55b591b751a4
Blast/BLAST4_038.jpg,Blast,2421,8be6ebb126e06e94006c6a59697b5bff7f1884707d88d24de10664ab9f5aa3e2
Blast/BLAST4_039.JPG,Blast,2422,63dce8fe44a4aa3f6df5eecfa180b136cdf4bf3055976488e6ea4388551e45cf
Blast/BLAST4_040.jpg,Blast,2423,2619643a265aa70c6905af23d512d91f2992581b7360892430a9d1773e6ca6b9
Blast/BLAST4_041.JPG,Blast,2424,18b8b5bedf0703d24169a6f70128fc11a2665d2f9d0bd3e5b145bc1cbe790dd2
Blast/BLAST4_042.jpg,Blast,2425,fff2b5815ae7dc6df2e231635a145d7e31d19a029b3c47fff0f4ab4d06f9d3d1
Blast/BLAST4_043.JPG,Blast,2426,9dbbcfa77e696f0c672c7a44e18ec6b319a1dd5169a81391f64cd39ee9323c1a
Blast/BLAST4_044.jpg,Blast,2427,bf8ae519fd9fdf29ef075d7b510ec92cdb7291097d27e253d9237bbcfafb5f5e
Blast/BLAST4_045.JPG,Blast,2428,80eaa862283617c430cd8b1f001bedd7ceae15281ac0da13a70016232b6876f9
Blast/BLAST4_046.jpg,Blast,2429,dce051decb7f455daeab1fe237b23310aa10a1532ab3a67c2c9ef0eabbee674b
Blast/BLAST4_047.jpg,Blast,2910,0ab900579892aee9b02c81974750411b4bacac7403f768bcaa561fbcc6d868b9
Blast/BLAST4_048.JPG,Blast,2431,68a04f084cd1da4f8afdb49401cadd7bfe91116709261b45ca72058094b51355
Blast/BLAST4_049.JPG,Blast,2432,138e6344e953bcc0a7ce491b9721075e8ded83ac353f649fe84b937b321dd2ef
Blast/BLAST4_050.JPG,Blast,2433,7655cc0b78c23199b00dd05205796409b95013669da696ba1ae50c89fa24ddfc
Blast/BLAST4_051.JPG,Blast,2434,643203a56f4178e905d983a072c83758ac7c0e6ad76186e0c29f7bf32061ecd7
Blast/BLAST4_052.jpg,Blast,2435,83017868c38a6858f9d9569895f02863550e514366fedcc93b864dfe1b265c08
Blast/BLAST4_053.JPG,Blast,2436,06f48b30092ccea6bdf5549590f4ad71f210a9c5904934a2becfd8ba9befd5e2
Blast/BLAST4_054.JPG,Blast,2918,a396c968b5b01fc86d6188b2aefe9356aa8993f817915c4c8bfdb536ec208013
Blast/BLAST4_055.jpg,Blast,2918,d20f4205a6f977e14a1c909b1d153d646f378c9d11b4040aee7c83cc2a4f92cc
Blast/BLAST4_056.JPG,Blast,2439,f5f7ec1f576c288803ab989565993a94ecc810ffd4b6cd52a0a6b88fd1ebf360
Blast/BLAST4_057.JPG,Blast,2440,a44c7890bda4d1817539429f8c86f52a69fb2b53ab4fd765242ea4bf111f899f
Blast/BLAST4_058.JPG,Blast,2441,2ef10330b4193dca0669a74ab307a57f209eabf0636c9368e0a8c96c9766016e
Blast/BLAST4_059.JPG,Blast,2442,bcd9e23a188a46847b0f43c947a66c220a5fec418491630b957781de8fb26884
Blast/BLAST4_060.JPG,Blast,2443,8dd8c97b3e40bb0b19716b43520abd5ffe128bacb92ef8782233d146070db23a
Blast/BLAST4_061.JPG,Blast,2444,f0428812de060fa675e8654efe0c85f678f3ee615f0afa770bc54d44171f4aab
Blast/BLAST4_062.jpg,Blast,2445,6db7e81a5e4d0c8d78406d79e3549744079b198befbef25093be4bb7017a5671
Blast/BLAST4_063.JPG,Blast,2446,b3ea4b64046c4a5671eaaa2850f06388e55050e4799518a6482859d4fec11587
Blast/BLAST4_064.JPG,Blast,2447,84aa370a01160036bb8f0619897d8e280982f69598655daa1f21642374193567
Blast/BLAST4_065.JPG,Blast,2448,2c7c36283e4f90d447c9c438d4f4706048e79c430db5d8348c0838621a53ba4d
Blast/BLAST4_066.JPG,Blast,2449,e5327e9d62e16377330ec0eacf9dee3a3a8c94d760d95309fa7fadf0d799f694
Blast/BLAST4_067.JPG,Blast,2450,41394b581adac2662562171ceea160a310d1e2013d6591babf03b8dcdd076d06
Blast/BLAST4_068.JPG,Blast,2451,b77a510570c78b4ab3dd9067b12a1a4b8ff8cf473643da11941cdb2854ee845c
Blast/BLAST4_069.JPG,Blast,2452,60dde4601863d27fb9abff57b9297b88604e632f7113d873cfb03bb2190c90ca
Blast/BLAST4_070.JPG,Blast,2453,9151b0a1871f3a2299a175ed9dadba874152e445e0b8d631b97ecb5e58502a91
Blast/BLAST4_071.JPG,Blast,2454,8a127ea74c775ed4faf133fcb0107c6865454f37987b200e8ab8cfa6b9e86b74
Blast/BLAST4_072.jpg,Blast,2455,4947f8c7b83e48b9ee1ef85594adca15b49103678d0dd6ca9fa36eec45a2d39d
Blast/BLAST4_073.jpg,Blast,2456,0ac596eb1d9dea964a8f98a34772a89747e52ea579c7ae930ad72c29f708e005
Blast/BLAST4_074.jpg,Blast,2457,056e15690546bb641d5de29adc96dcf1a2515f7d2f8cf623275113ac529cd80d
Blast/BLAST4_075.jpg,Blast,2938,656eef20b5f73f9c552a1ac251d62ac17eaf61f23ae183fef75e36c4b2a4a2f3
Blast/BLAST4_076.jpg,Blast,2459,b597db9363d8eea3a01049921a1cc975a7476efdacb691888bc1e4e8c415e9c4
Blast/BLAST4_077.jpg,Blast,2460,4cf524cf877016b816d6dee43b3dcf906995c17eb6ff692aeedfae92a34d35ad
Blast/BLAST4_078.jpg,Blast,2461,89b803ba1dc10d3b1ba2507536764650b90da903b3a4a9a26ededc8855c4da5c
Blast/BLAST4_079.jpg,Blast,3021,8b36cf273cdf4b5ba08c859ded3c49976b14578eb8b424427a9611ba5bf1fecd
Blast/BLAST4_080.jpg,Blast,2542,3246f5120e6fb384189fa78ccd884f26d111dd6844b274f0d4f04245f314cbe5
Blast/BLAST4_081.jpg,Blast,2464,a85ad72acdef40802ec21ea499d14ed0bd16fa5d403dddfb225cac9c96481f2e
Blast/BLAST4_082.jpg,Blast,2945,f04511b60986725d2cc05b7d57d48b05dbb80f1e053b76eb4b6e6c6985059c18
Blast/BLAST4_083.jpg,Blast,2466,14d6896a7eefe206e0e373b19869c85a53141e521133c22af9b48f1f8a0cc618
Blast/BLAST4_084.jpg,Blast,2387,053500d82c5a73d6fa9fca4be60d90c29c35b02715702c95586bd783cf92c284
Blast/BLAST4_085.jpg,Blast,2468,cc0077eb1bbb685ffe8f3dd47b3606a56cd261695a1dbcba509809a5b175034d
Blast/BLAST4_086.jpg,Blast,2389,753080f73931b774472c1e23414e48c652aaeaa4ea518d0f3e5019ed37f78979
Blast/BLAST4_087.jpg,Blast,2392,ebadc6774f981d247d17a90185009e45f4d74bfe9ac50d8b87e82112ccf7be9e
Blast/BLAST4_088.jpg,Blast,2391,8cdf1683e1e75e5d0dd386fff11f3c1eb1199b735f0528e7e42dd4c95f5805e2
Blast/BLAST4_089.jpg,Blast,2472,c6aded4cce12944a596023a5d9c3b7da1a84b3abd9b8200ebaea4cf836ae7ce8
Blast/BLAST4_090.jpg,Blast,2473,732ca1d59b21bce33244699a754a0dcadcbd5a868690ef2644de07409dcd3c7a
Blast/BLAST4_091.jpg,Blast,2474,ccaa3a43d051bb4860d889a01dbfae8fe6129592c2ec69da4f7b38445de150ca
Blast/BLAST4_092.jpg,Blast,2475,7b4af8f44bce99670e6fd214d0b0b7fdce8d67b6b6d2412ab7904fdb2f10695d
Blast/BLAST4_093.jpg,Blast,2476,aa9a9cc9bfd21e407798381d9241455568f1fefdc1072d81368824e79b3ab6c0
Blast/BLAST4_094.jpg,Blast,2397,b6025a0310c1ccf9b75ff7cbc8de7f793585467358c8d1f3202d55cb8b575252
Blast/BLAST4_095.jpg,Blast,2478,3fc55f904a68877f3c856f8b03598e66c8e453a0c046a2d6d6aefd1dd9fe1232
Blast/BLAST4_096.jpg,Blast,2479,f4cce75b5a6792b128e5668726d3d5f2185f04219ab25f8c5d355da294e0804a
Blast/BLAST4_097.jpg,Blast,2480,6309a7dc87f956ba61b615b0ff7f6175638504d77fb45344c98136491a19bfd2
Blast/BLAST4_098.jpg,Blast,2481,ce2bb9ea668caaf8e8ff2e6415d01f975a0d71ac707686b9a7cc5f87ac3909a2
Blast/BLAST4_099.jpg,Blast,2482,acfd30c37b0d2212e04c36509a033e22489db9c576cfa0b8926e1f911dbe07b4
Blast/BLAST4_100.jpg,Blast,2483,c1f7dab15701d7e91e7c2ab1fe409ff93a9006f44ba75ab7212a124719bea938
Blast/BLAST4_101.jpg,Blast,2484,5adadb09c89b8c4f46999ed176332b74c66dbb4641d7c9a1d7c58338d88a76c8
Blast/BLAST4_102.jpg,Blast,2485,dfcbe53e8ec340353b5275739ac2ea65d32940bc6e4152ce67effcc734de6cba
Blast/BLAST4_103.jpg,Blast,2486,668a75ee116a50da624c59366b468fdd5c718f7cf29c1a47cf8f27322a35aa45
Blast/BLAST4_104.jpg,Blast,2487,1ac300b95dc6920323dbca92d661f32b8e46f55625dd28ad03a6a278adc7a8cc
Blast/BLAST4_105.jpg,Blast,2488,13a3f1c7d8b31ee5b9755db56c13babfd3ce94b68931469e1e62a0facb573fd2
Blast/BLAST4_106.jpg,Blast,2489,eec4629b332ffd149896708a3d5aaf493a0415875a45c5253c4b6a3bff462ef4
Blast/BLAST4_107.jpg,Blast,2490,56952a518fe579488a25e29415896e62727fa0b6453dd0c211ddd77310122280
Blast/BLAST4_108.jpg,Blast,2891,8beb706145af813c44b24288f9bbf90a76dbf0d14a139e0ee59735920b48be40
Blast/BLAST4_109.JPG,Blast,2414,127ff003a7444b5394b97f62cedfb64446779be6743882c2f9469ad2c8dc456a
Blast/BLAST4_110.jpg,Blast,2413,c4969b942e697ad8464e4aead04ecefdc33ed1dd94588f9c84dfb8b5e39fee35
Blast/BLAST4_111.JPG,Blast,2496,7ac28a69208c2db665c31b65bc1ca1e490cb39ccd200a9e30987f4dc812ec870
Blast/BLAST4_112.jpg,Blast,2495,f103ed4cf027cbf3772a049d60e56fa7d2b53ab41101aae1973bf294029bd6cd
Blast/BLAST4_113.JPG,Blast,2496,70c946870b1308b37083b00d20b8173f01877866efc2e5eff59c25b2597b8f2b
Blast/BLAST4_114.jpg,Blast,2497,70ace88abd1685f2b48ff63321f5e8a15f372367d946bc0e3f8a77b05a3dbff6
Blast/BLAST4_115.JPG,Blast,2498,4738c6017897aff08326febf08792be0cfe200a03d4dd61708719988bc234ddd
Blast/BLAST4_116.jpg,Blast,2499,1f0cfa04304fdcc607a7d2ce3941b25f7f84b160a8c2e623f384f78f10c5186e
Blast/BLAST4_117.JPG,Blast,2500,d358bf5f46d4d700f1134165610704900a3b84a5639c52a377621d5dab97b2c5
Blast/BLAST4_118.jpg,Blast,2501,f1bdbff0455f89f7f2ef7c900b7f32967f069186bcd145902a6441cdb772016d
Blast/BLAST4_119.JPG,Blast,2502,8929473d465b991f131f1763a638bc1f86b54f4881bd153a427b4ac56c9c5648
Blast/BLAST4_120.jpg,Blast,2503,832632b398a2fd720a344b9d95bc7647b5f3b8198f1edb01b436bd980d6c89c5
Blast/BLAST4_121.JPG,Blast,2504,079c06058b4aa3879487fe9e717db5a5ef8ffac7b255bfd31c1d6df8054ddd8b
Blast/BLAST4_122.jpg,Blast,2505,8c7db08fc1689eebdc723e89b574b758e2e5a0a4ab8f63a90ffea918752b3b44
Blast/BLAST4_123.JPG,Blast,2428,6bf8717411d2d103ba076bc0706345a79eb8e5373f55addbdd52469da8242847
Blast/BLAST4_124.jpg,Blast,2427,fcecf6ba3526594b5e641c5a955e6115a3c086419c22d0026715c70af04a9941
Blast/BLAST4_125.jpg,Blast,2910,17da31035f8331d44ec318388929821f81e04603c5109e67466dbc3b59be42f5
Blast/BLAST4_126.jpg,Blast,2509,7a7c3660eb9daa037b4e8f70e7e6c2c56c2ee89dab4fa239d299b39e2f326d40
Blast/BLAST4_127.JPG,Blast,2510,8c7a85cec15f7ecd79c95f7161aaeba2b4372280f8b9bf0b44e9ae33b61529d8
Blast/BLAST4_128.JPG,Blast,2511,2ecf8e1df5135ad0457985d4aca335845f5d9f79b9b272fcd330acba3451a7ea
Blast/BLAST4_129.JPG,Blast,2512,09046c6329c6016c0bae4df1d41e2f409a98e752e8377d058249d6f60941f6a2
Blast/BLAST4_130.JPG,Blast,2513,afb7e784f48bbcee12ffc6b8b17a32d385036b12ac0be3ef5b4a7a47f3d0f36c
Blast/BLAST4_131.jpg,Blast,2514,5eb93aa3361289f8b989237334faa13607ba4fb63c42aee456bb5de96c717b7f
Blast/BLAST4_132.JPG,Blast,2515,93af7cd651e4795d0086cb4d79278548f8dbde42f51facf62ea408cd7c2eaf05
Blast/BLAST4_133.JPG,Blast,2918,d1f57a03b8cf993376e95f710d1ce742732ba8404c724c4e00df326ae401d2b4
Blast/BLAST4_134.jpg,Blast,2918,5fb75380fd0d8411abd132d2983fc445529b416886dd08a4bb0a28a084f9b436
Blast/BLAST4_135.JPG,Blast,2518,f6cb473250971f7bcf09c19284c9f84d42ad247ce51dee04c2dd3cf752486dc9
Blast/BLAST4_136.JPG,Blast,2519,5429188756169b4196fd27ed3ba0c2d6912762b753bf443bad380ddcb0ab48fe
Blast/BLAST4_137.JPG,Blast,2520,0c63e9ca2e01c102ca04e7dea53907e85f2efdf3d6e275a0d4b09d253ad7b067
Blast/BLAST4_138.JPG,Blast,2521,58be5958ce3c287f59e68b97b292ef393a0b305407acd0e63c48748c8928d691
Blast/BLAST4_139.JPG,Blast,2521,58f508e2b31f1d97da18bc529e31bb1259e7bcfecb90a916cdd5047678e90555
Blast/BLAST4_140.JPG,Blast,2924,77a077a4f4a9d780e955e6420813fc385bd02185a26ecf4ac11c93f7f6abf806
Blast/BLAST4_141.jpg,Blast,2524,11ba5d764bd69c6d58aafca4fef7b631d445d188d5800a4d16285d82d37159db
Blast/BLAST4_142.JPG,Blast,2525,c681d255f15bf06d1f3f317806a562b746a4079d83477255e431027f856d3b97
Blast/BLAST4_143.JPG,Blast,2526,45b95f49bb200ff5c1d04ec77e60b98c82bd527882b3172d779ebe2d6e1a85e1
Blast/BLAST4_144.JPG,Blast,2527,f282acd618e842549028debc87c16d9ee201b868fca1927d363665a004a9a284
Blast/BLAST4_145.JPG,Blast,2528,e915b86f048f3829c5f279d97c9be99ea72fb26ac38d9d36691b1ca4370dfa5a
Blast/BLAST4_146.JPG,Blast,2529,261ede9a92c235631feeb446cc4333033e08ddcd2ceafe13cf89aef7af1576e6
Blast/BLAST4_147.JPG,Blast,2530,53d2714a4d5dbfdb177c34992693c4bd8eb7a35543c205b066b64e083bbd8609
Blast/BLAST4_148.JPG,Blast,2531,be96230ebb9ccd3a166ae89de56422db306262086dc4d390caa72e8e37a64785
Blast/BLAST4_149.JPG,Blast,2532,0b915a2003a1b3ef4c4a3fca3930e7f3f8c1b2511de0d0b447b1a990f1cf6c23
Blast/BLAST4_150.JPG,Blast,2533,62d2a8d992bfb765cd3b56450a08efafb8ab8d61dd4a8d36ed3b4e56006a38a4
Blast/BLAST4_151.jpg,Blast,2455,6f89719dadec6af2fd1fae2dfc3f7dd2f529e34bcf7f4e859d9cc1306d270bdc
Blast/BLAST4_152.jpg,Blast,2456,b960cfec8f41e05ecc831e274843a6d88d69a21137dac630c80b06a265dd4f1a
Blast/BLAST4_153.jpg,Blast,2457,18a7a94106af0ea660b45ea049391358714da6504da5edd1c38d99eff649a5f1
Blast/BLAST4_154.jpg,Blast,2938,83d53f26b2f3e0d087a411e9c0fe7d6610add1d8749dca4b6dd398c0b4f46bbf
Blast/BLAST4_155.jpg,Blast,2538,ae3f11c780560ea3d3a027eef776b9ff3d6fc9d9dc071d0364f4b43fc437539c
Blast/BLAST4_156.jpg,Blast,2539,f00c22786654203515683c2a770a80499fced218a6b0833e7a3f9650f31235b6
Blast/BLAST4_157.jpg,Blast,2540,946ab5fb52e81f2231db50fd9454c86e3aca1f8639d173a082190f1a4a3ea9ff
Blast/BLAST4_158.jpg,Blast,3021,a201c515152b3a5aced9e00233020f62070cf73d3c0e133b998147d0882810d9
Blast/BLAST4_159.jpg,Blast,2542,e487d046397971320c96a7f01f0a48e0e0198b96f2da19b697c16aadd40925ef
Blast/BLAST4_160.jpg,Blast,2543,eb2f36f1056cba40443bde1a078e910d758aec33b95f5ca5994746034f6a0596
Blast/BLAST5_001.jpg,Blast,2703,bbdc6acd896ed6946b5b958d6e3c7b2d09cefd9e0a1302f8edf5c7582485d83e
Blast/BLAST5_002.jpg,Blast,2945,73930535202da741a162e65560bf6fd5753ceb8a81bbf3995992c9b6321efbaf
Blast/BLAST5_003.jpg,Blast,2944,63d753a16dcff7d0602cf0ccabc83147dc45c474714f6fae869b1643721fa297
Blast/BLAST5_004.jpg,Blast,2867,55d98ba5cf4c0674734676d305b1b2133e6c4067fca52f78ed31a8a0e73431a9
Blast/BLAST5_005.jpg,Blast,2946,1fffbb371c1e61c9a6063f51c41a6b9d794f242355ac86562a45c314a20f8b2e
Blast/BLAST5_006.jpg,Blast,2869,9b44eab3073f1254bb29529e03bcd2af4c0025a62581c895a4146d266f2d7f57
Blast/BLAST5_007.jpg,Blast,2948,f27c58c9edb1aab93d47c605d98b9faf51cbf9ffed30d122812de4948fddf269
Blast/BLAST5_008.jpg,Blast,2871,8b1286cff8e4d2738addb6a9d83d0203e7a4002d73179ebc5b37558d659696bc
Blast/BLAST5_009.jpg,Blast,2950,0275d77e23719b0e5ebf7c8bd7f44dd3e100e69cfcb3382007b6a3c65d6cf1c6
Blast/BLAST5_010.jpg,Blast,2953,b86f016464635ff9ff53d202febe095ebfdf13005d40b08fe97be9cf2faab037
Blast/BLAST5_011.jpg,Blast,2952,760c067b0fb84ab636d1d0c21d02851adade0069181f52b3cfda385f09474978
Blast/BLAST5_012.jpg,Blast,2875,d10e670d8013d9edfe67ce2324dad242ad07f81e3d86a0460b3a59832f19e1c1
Blast/BLAST5_013.jpg,Blast,2954,b41c18d844398ca839af4afc3982b24842e999c691902156fb1d7b6807b272cd
Blast/BLAST5_014.jpg,Blast,2957,fc98a165e80b15e83f4ad79b7173143b046fffdbf4651db65c0767cbd7676135
Blast/BLAST5_015.jpg,Blast,2956,fd7975ba054bc054b0720f1ff801096e2708969aab22697fbb5a3a79abb6446e
Blast/BLAST5_016.jpg,Blast,2959,c92e8632850b6924bda2ac6f59e1a9cd43955bdcfef8b8b486af9245b019e146
Blast/BLAST5_017.jpg,Blast,2958,c2ac166aa7e715e5e8439409f09a887770596e96aeeb637665646923ca9aa1b9
Blast/BLAST5_018.jpg,Blast,2881,0a1d6a2ab192c3f741bbb007531046ff009001db7970c117772deb7a939a46c5
Blast/BLAST5_019.jpg,Blast,2960,f8115e270c6b99e7dccdf15b47f2c4a9ff1ea92bfc57a8406e24f023dfedc904
Blast/BLAST5_020.jpg,Blast,2963,335715c8102549b3e26e7bf64c5cdd2f6ad7f62add2c20aa0a8477fe1f0a93d8
Blast/BLAST5_021.jpg,Blast,2962,e61916814accf8e7db5aa6c06b01e8a048fb271f2f919dd401336b7718e9956f
Blast/BLAST5_022.jpg,Blast,2965,84c0c6b20950f1f8c11cd7462b22f1475e2be042deadc0f62438e6027b436d13
Blast/BLAST5_023.jpg,Blast,2964,288b63b6f93d38c25b41ecdfaa4bf619455edfffce4f7d6c555ae5e0acd28c31
Blast/BLAST5_024.jpg,Blast,2967,2687d84c09dcf4f9ccc2437ea030297003982443cd9ba7e309ba21cca6643547
Blast/BLAST5_025.jpg,Blast,2646,eafedca015a21e1f06a1987cb0ece64391db5211246f12accf666dc42618cf52
Blast/BLAST5_026.jpg,Blast,2889,c71a831f09d8c1dce002b691b888f689dc53ab86780b2fa0e8536cface2cdab4
Blast/BLAST5_027.jpg,Blast,2968,c2dbbbe785564c52bce7d04c1bade194e221f125cee2f257c292281969cd3bf0
Blast/BLAST5_028.jpg,Blast,2891,c497a5bbea3c947e6f33c64a937491d07bc5f12c4a74073deb5fc7cfe8165283
Blast/BLAST5_029.jpg,Blast,2970,198d327bc25a798e2959873e3adc88a9e9284769be2c0350d6c9a2d5e4475fae
Blast/BLAST5_030.jpg,Blast,2893,83749941e17247840ac02d7f94c96ae08387298e567850b51d167a87d509ad0e
Blast/BLAST5_031.JPG,Blast,2414,6dc29a49886cea5be0d7da81177b027fada9c05a68201ad5e79ffbd2efafa15f
Blast/BLAST5_032.jpg,Blast,2975,0ef68e21c69937805669ab248c9b58ed6ea0e4145d8c49a2890de153af13f6a5
Blast/BLAST5_033.JPG,Blast,2976,719483666a698a80897a7b648260c58620eab00e71b8283fbd93f7d337145472
Blast/BLAST5_034.jpg,Blast,2977,65de6ab57fde2e0a11efef96149f5bbdae33b1aff030353cf818cde8422295ac
Blast/BLAST5_035.JPG,Blast,2976,24c4b937e32e2605e76124080615e236a473b32fd44c6403d4c2d91e49d1b795
Blast/BLAST5_036.jpg,Blast,2979,d5f226d3de542d3e0e8ded02b59e1f7ba0415b5b417cef2676b861295b00667b
Blast/BLAST5_037.JPG,Blast,2978,ed1293de283069b3e715cc0553401f1d3aaa2af246fff62f8dfe852d1ef23dc6
Blast/BLAST5_038.jpg,Blast,2981,2dd31290c6c4e64c7bebec53398d8ad570d445232761b956eb70b2bd3bc79b1d
Blast/BLAST5_039.JPG,Blast,2980,4017d803d039947a17cccd81eb0e5274da32917118ed230fa91e165b2129c035
Blast/BLAST5_040.jpg,Blast,2983,da2b33dc8b6abe9cde08f62bc081e921e001c8094eed9d74bae3088b690d332d
Blast/BLAST5_041.JPG,Blast,2982,3be91b6362c46a21dd24d837bd4a694770920255c8951c23994bc04d5f07bce0
Blast/BLAST5_042.jpg,Blast,2665,132a493de39d90b8a34bbde027029a6cd52794593a6f53b891d8e75f48afe3e9
Blast/BLAST5_043.JPG,Blast,2984,6b278514ce62bb1a34e8fc9e8384578dec101940dd961a0b18d2a734fd1eae2e
Blast/BLAST5_044.jpg,Blast,2987,175139de4336201bdcc2f9cf1b9ce0959f8e3e875fb551def1f842e6a21f1cbf
Blast/BLAST5_045.JPG,Blast,2986,6908075dca3ce5a7a7a52f508f84d569d22b1f16894abdb36b75f701c4dabd88
Blast/BLAST5_046.jpg,Blast,2989,bfa9d5368d9078c9e62a580078e7eef69fec37c2dfe288037cf6978b5ee204bc
Blast/BLAST5_047.jpg,Blast,2910,2844e60edb05dc875b94ea79d41d66c2fe390b1001a64ac15d969bf40323a8bc
Blast/BLAST5_048.JPG,Blast,2670,16f90e7c670579a4eea4034f51acc7e612c53cc53ecc013d70c1f81a3cd35482
Blast/BLAST5_049.JPG,Blast,2991,f20966dabfcd83128b1cec1e0a84583c9f2e13d75b178c2ae78e2222c68bdd07
Blast/BLAST5_050.JPG,Blast,2992,f3b1a65be27c0f84ab46b203d7c29e36f0aa0366c5158b39dafac20d34557a19
Blast/BLAST5_051.JPG,Blast,2993,c6cd4ed52e5f426df2ed21666226b7d57a7587441518e425e09b6b3f266e5764
Blast/BLAST5_052.jpg,Blast,2915,8fe9de17c1cf56d26bb198dc526a3bc8ef281e3c209a77b6130ee09f39bbdac2
Blast/BLAST5_053.JPG,Blast,2995,3a344fe7344d76197b6761ccaaeafd5edc324f196dc3256f0b13367ee6e0fcd8
Blast/BLAST5_054.JPG,Blast,2918,595dd56267b0527efa0016070d49d34f67fa05bfb0ed0cf8f88827b931004cd3
Blast/BLAST5_055.jpg,Blast,2918,0656844f3697373735384ee975b62c2d2f18caf6c466280600821691d48722b4
Blast/BLAST5_056.JPG,Blast,2998,ee868539d3773825ce7ba75d330140504f25905604b1b9514dc1e2c0d064dfa2
Blast/BLAST5_057.JPG,Blast,2999,1b9d3b499118a3cef38c08e0f766fbbd2707fad3743e411db534d7a1d5b25265
Blast/BLAST5_058.JPG,Blast,2921,67bf58e493c3fca14bb4c3a59ec0c7bc6d90694ae26134e55fb820132b54776a
Blast/BLAST5_059.JPG,Blast,3001,20fafc751e9ed68b7f4308ce2b92e431b26990224a72f3bf7e26c09df7a92921
Blast/BLAST5_060.JPG,Blast,2923,25ab8fbb7415df1045df396abb63122369a4c668847662a0a2a50d2ae5157de3
Blast/BLAST5_061.JPG,Blast,2924,9e475238518ce23af7375d014d46f40d3463ee9a62e941f8bc8dd9964e7af577
Blast/BLAST5_062.jpg,Blast,3004,fa9697362adf311bb20a2c35010a253b56dec3af9c2d6ab790039d75c20539ae
Blast/BLAST5_063.JPG,Blast,3005,643f75d4ac0cc3be6135ca9ae67e2fc97dd687a9e8899f5697218cbf2c63b599
Blast/BLAST5_064.JPG,Blast,3006,fb15a3c87d6821860408d4ce7e3c6e19e8114ec238ce55fc3302126d4681c61c
Blast/BLAST5_065.JPG,Blast,3007,b7036eb014d11890e287bb687b3aa38a6101b73739dca5ba3d5091d193976c23
Blast/BLAST5_066.JPG,Blast,3008,3cafe1a0520656cc3c3a3ce204f73b11111cf0180e15464209992c6536551bec
Blast/BLAST5_067.JPG,Blast,3009,5849d86e8270de2704275b1d814e2a8a100b2e9f84330890f8a6b799bb3ef767
Blast/BLAST5_068.JPG,Blast,3010,499ae37a73cd37d9ae04773af7987da2694b04a5406f7e02fa20ecf9d3fde772
Blast/BLAST5_069.JPG,Blast,3011,2fb4dfdc89e4f39a11e43942cf6729ae42bcee740423d5d2a1c2ccb253a978f6
Blast/BLAST5_070.JPG,Blast,3012,91d4d4b7e5139629422b7fd51fa9f7e62464dabdb2e8e1816063a1d17a33ad00
Blast/BLAST5_071.JPG,Blast,3013,07cc7e85de123abfb00fa434dcc08e56d6a25a1aad9c423abef1ed767a1b1fa6
Blast/BLAST5_072.jpg,Blast,2935,c695efb307542fbaea71101ca2b20f32280a453ae72add854240cf2a92c795fa
Blast/BLAST5_073.jpg,Blast,2936,29af63cbb6f3effc38026b9e4791e2fec9d086c2f04be500ee69318d94d04af9
Blast/BLAST5_074.jpg,Blast,2937,3dda9a1502aa5e3e267ddcf0bd9727ffa9e834f686cfefad658ffef7640fe3f2
Blast/BLAST5_075.jpg,Blast,2938,a848f7e0cc782e76a90f7247950ed56bd7fd028359b6a263fe09a6876e7db87a
Blast/BLAST5_076.jpg,Blast,3018,85b2e9e3bf8e7228e04ab22ca2ac4bd0df1ea5e67a48b4c2a0e8ea4063fe36c6
Blast/BLAST5_077.jpg,Blast,2940,68c5b79e9e83e458b4461ac0b7b64383d6cf71f927ba5a36a9563ef52004ee00
Blast/BLAST5_078.jpg,Blast,3020,d2d2236f523676c8bcefb51a4b306d2132dbcf1802a69ceb2b20fd80198748a3
Blast/BLAST5_079.jpg,Blast,3021,43220d4b11034a34dba2a53f36ae8175b2a9b591909f7c972096f2a96f50c320
Blast/BLAST5_080.jpg,Blast,3022,79cfbafc4a7dd22ef6c05ddcc0b26a185abfaa808b740c18f53dfa1739d78925
Blast/BLAST5_081.jpg,Blast,2866,11cf95a8f4d3ce28082bd2e972b33844d441cacd53feafe5ffaa930418c89db1
Blast/BLAST5_082.jpg,Blast,2945,6dc1e940c4b1aa4b59f063915589aac67560bc285ccad8a8c2b204d27d514779
Blast/BLAST5_083.jpg,Blast,2868,29484a25097f3833324c4cc90a50fc7346c6be700e66a337d012ba5710dc4d36
Blast/BLAST5_084.jpg,Blast,2867,4127877a86151d57756a664fa8c7fcfbe2eb675a45dea8b4f32cbdb31861bcd5
Blast/BLAST5_085.jpg,Blast,2948,0e71d2cfb1525d8ce8016bf4df4cf95aed4841ad57511344d534f49494e823fd
Blast/BLAST5_086.jpg,Blast,2869,11c28e929ff7646adfffebb3584c105438c1921f0e99fb2aca74543fa4a58aac
Blast/BLAST5_087.jpg,Blast,2872,17c08c4d57876b08aba48843b7f076cc65d36fcb84ab7ddc8eb13afe1248588c
Blast/BLAST5_088.jpg,Blast,2871,21a325ca3928c7cfbb9c8666fdaad41c1de147e33f69946c08491d2edd325cff
Blast/BLAST5_089.jpg,Blast,2874,b0780b86fd003579bd5e2614afdd2adca75738f2afdc5992592186ad04ba9298
Blast/BLAST5_090.jpg,Blast,2873,2ce9f43bd3119f9d57b4062aa59a1b25529cdb17107db16eee80af6db0b1d173
Blast/BLAST5_091.jpg,Blast,2876,8dd2bcefabb6944c220ddf1e5d156cc7164cdcfcba8e0fdee0948d517e0fc9ee
Blast/BLAST5_092.jpg,Blast,2875,38b9d1ddf08df36a881cc3b690338ebde6f3deb73e535d351f8fc78782a36067
Blast/BLAST5_093.jpg,Blast,2878,083c9557bf4c37f685826060f81da206ad0491271064f1480c9ad782d03656e0
Blast/BLAST5_094.jpg,Blast,2877,2209cd674b7e37c3e5ce36799252666897a13a9bc86829317957cafdf10ecd7e
Blast/BLAST5_095.jpg,Blast,2880,3d3ec7c0af66463d9f72f6965b48e26958df1c3416d3cb80f130b309f7180896
Blast/BLAST5_096.jpg,Blast,2879,3d6284cde3b8e2abc56d4e4977359a96f2cbcb0967c32ce2044751665798c01e
Blast/BLAST5_097.jpg,Blast,2882,8a20fd11b33116f5d5641cc3e2b9acfa767f64256bf0b0b1e4fed1e3cd77e938
Blast/BLAST5_098.jpg,Blast,2881,47ed4c5424b3dd27748eef9a13ddc3c04ecb13e0ef373af33af91f0476a9c4af
Blast/BLAST5_099.jpg,Blast,2884,fb24918b11350b8512c52d9fa6bc94facbff8d0ba9f5e4ed403d9a311f660cb5
Blast/BLAST5_100.jpg,Blast,2883,a3de846075340f3d97a17778cc40e5b6675a7cb043ed847b5dd915fe6ebdc49b
Blast/BLAST5_101.jpg,Blast,2886,0f5cba9b343e1a3b83d89a226c8163267941acd04314ca4febb1bb4cba044bcc
Blast/BLAST5_102.jpg,Blast,2885,c0b2ec0a06ece83bbe8cf5ebf66f9be0c9a213ac5fbe233fa0564603093677cf
Blast/BLAST5_103.jpg,Blast,2888,5376cbe24d325174d036f1e53e3485bf7b04039de07f9f0a8cc6211d7eb7c59e
Blast/BLAST5_104.jpg,Blast,2887,0ec7fcf973915ab1644fa0717bb91627e2dcc52fec731cff5ccc5475f72a1861
Blast/BLAST5_105.jpg,Blast,2968,be7011b185d3d7ed7567e10e2984c7ee3bb5b96330eca150f53b3e742f294448
Blast/BLAST5_106.jpg,Blast,2889,82f8a6feb9d3742487094ef91c0deb42dd0fa1d6a57031caaecd59d0044d3ff7
Blast/BLAST5_107.jpg,Blast,2892,2e0598410ade21df5d6255f3d488f0826cc80fe3eda480f920e0e5afd2e75203
Blast/BLAST5_108.jpg,Blast,2891,2a4dbc26e7a49520cacff22db10149e16008507e7891ad64154eabf95a0b100a
Blast/BLAST5_109.JPG,Blast,2414,06107ec5e5e9b3067142717eaab81ac7ce6fc3085677dbf1c1599f134474f0dd
Blast/BLAST5_110.jpg,Blast,2893,2a1336c12fb7ad82c8017a7bf27745a8449bcbcafed9db675c7fecb9b7b58c24
Blast/BLAST5_111.JPG,Blast,2898,6adbc74020a6361c38478dd96d92f852e89e8ce6dc3e4f7fd26819dad9a7e6c3
Blast/BLAST5_112.jpg,Blast,2575,a593fbf3a9372b1c955510a3ecafbc6ae20c8cb33e95201ee88afe1616fee6c3
Blast/BLAST5_113.JPG,Blast,2898,e61dd3d6b148ccfa96362592df999b07f108a4edc47ecb3c6571ef90fc0c2c52
Blast/BLAST5_114.jpg,Blast,2897,7565b9a7d4abc195c359255deafaad8f574ae4474248bfcf49f2afac54cc5ef3
Blast/BLAST5_115.JPG,Blast,2900,a5d9e41c2772f0721d28fbc4ee5192ef2f41cf373719148a2549b7726b9062ed
Blast/BLAST5_116.jpg,Blast,2899,ef5b8429c021b557f97350369ce0e7d26223787c042aa7879dd13f70a8ceb59e
Blast/BLAST5_117.JPG,Blast,2902,278f86062008cec9b667113b74d04a2a871a682c91cef714292cdbd831f45361
Blast/BLAST5_118.jpg,Blast,2901,b4ba5088ef6369d364c6512cf51478f15ec26893c98e4f75bcd33fcd684f05a7
Blast/BLAST5_119.JPG,Blast,2904,8dacb9fa973353a769c9f34d41a5e7096751a7f0d231b22ed1a964bb9a8b5a34
Blast/BLAST5_120.jpg,Blast,2583,d3679a7586b3ce8890e2acfed0aee04aade015aa7bbc9675f12dfa61823926e8
Blast/BLAST5_121.JPG,Blast,2906,6ad81c95536ba4b709861618c4bea2b7f293364977f7e3983bf39439e545cc24
Blast/BLAST5_122.jpg,Blast,2905,50725be8848247e3602108c2ca300795a84ebf98b072404cb4a11aa9b9aaf48e
Blast/BLAST5_123.JPG,Blast,2908,b37ca42a6f7a826bbecde944f62330f38c576bd7da234610f9b9e8c8ebd55407
Blast/BLAST5_124.jpg,Blast,2907,350fd4a4ec4c0c770e46688c2678aaaff532065febf83bc663e4be991ed472ff
Blast/BLAST5_125.jpg,Blast,2910,d2214f8104344f209c6ef2a28e5deb07832ec7a03bec9d5395e02e4b21506b3d
Blast/BLAST5_126.jpg,Blast,2909,0082c43da670486fc67895a79c869e67f1468faf996670a383278d4a609b4e49
Blast/BLAST5_127.JPG,Blast,2911,d81b2550cd2e582282eb00e12c4d378360ede2b1faec4dcc20b0b42ff51251cb
Blast/BLAST5_128.JPG,Blast,2912,bc0f5c559177aabbb87fc22ee869f91a08182020c23e6229dc44d69f933312d0
Blast/BLAST5_129.JPG,Blast,2593,c042e0ca72445d21ab4f795e404b8f149a28fbaeb1f86c385b789f9a46b7d63f
Blast/BLAST5_130.JPG,Blast,2914,49a16dd21c4ad41853a92a6f129b66553138756e4bd31da819bd664e6d8d165a
Blast/BLAST5_131.jpg,Blast,2915,ee21863c8b3c0915ce53099b753fbe020973adcbd5f4d1fce264087ab24d32aa
Blast/BLAST5_132.JPG,Blast,2916,f77cb7cd42647d43c21da3fa08a60b16500cd3c88272f5ef482f90e558fa582d
Blast/BLAST5_133.JPG,Blast,2918,4b3eb145024c1ac6c4bb8d3dbcea3cd106e99d2543cbd0c2f499a3aa53a82eba
Blast/BLAST5_134.jpg,Blast,2918,f8b348829def752c15910d0df9719337dcc9ddec0f3488424677fa74d9c6f167
Blast/BLAST5_135.JPG,Blast,2919,759abe06702c77aa90945576b863f74e6028b44e2ad35834a1d905ea3bd418ad
Blast/BLAST5_136.JPG,Blast,2920,23c41f50010929088e5eb62d7f89b010bd74ce1e70e40838111f9d0e9db13d42
Blast/BLAST5_137.JPG,Blast,2921,1a1628e1fcf9e7f4b73ccc001ae7609172f4b608257f0df9392eed2ee2621af8
Blast/BLAST5_138.JPG,Blast,2922,19793bbd44d688a66e4860d29b4e267c2660f8043bc21ae9eed98cdf4467ec3a
Blast/BLAST5_139.JPG,Blast,2923,818dbcee03763f5fbe48bb03bf632f6aba0a040c02891749950cc3709f926df3
Blast/BLAST5_140.JPG,Blast,2924,554fb36326901b4c2f56e7a38efb6a734bb7e44b9c58db1ceb19d59a2b98999c
Blast/BLAST5_141.jpg,Blast,2925,78e5e5924073297a7e902560077bb1078054db8584c91c4e80ffc55e7bbbb523
Blast/BLAST5_142.JPG,Blast,2926,00ef4db7438d1d6abbb65725b4c8d7fcfcbfedba6029b2a73cef02b11b655183
Blast/BLAST5_143.JPG,Blast,2927,6abde4d13f0db291924095f8b376f5ace6bf39dfa91bb28eca172703eb28cc8d
Blast/BLAST5_144.JPG,Blast,2928,7a173238e40159cf7c643868aa425dd8dd2471a13e2c3c5ae5e2d6c94d4018a0
Blast/BLAST5_145.JPG,Blast,2929,91e6fb69182e17382d4096f6e1d89cb92122206f9895cdfbc59423ec1462081d
Blast/BLAST5_146.JPG,Blast,2930,9697e27e1c5dd3a71b85b508c53455fd0d06d88126b675b5fba54d57a08e497f
Blast/BLAST5_147.JPG,Blast,2931,865c1d9353708c7cc2f176fecd2e4fdf29c8fb5fc5a2a22467e6f7cf0ba357d4
Blast/BLAST5_148.JPG,Blast,3011,cd0f52ddb8db5741f5da5e439136490027532af67b3ad2bc0378c5a732b07645
Blast/BLAST5_149.JPG,Blast,2933,be1c3fcf82ce791c680e56e36f6eacba0a7781d9f95ab9b31607b633423bcfcd
Blast/BLAST5_150.JPG,Blast,2934,095019a90225f6e40bbf95bc13aa1b9000a0021dafe140778c741f98b9a57ed6
Blast/BLAST5_151.jpg,Blast,2935,f4f9bf74d5f02a4d1c7346d6dbef0aeaca1174c80b1b5c9f11f113f5466308d7
Blast/BLAST5_152.jpg,Blast,2936,98aac627fb15a56790f1102929f900a5944a54c6eeff1fad54b038b459670e93
Blast/BLAST5_153.jpg,Blast,2937,170651ee7d511e353ba3970bc534ad0c626e65ffcc19baedbd3b66fb99750645
Blast/BLAST5_154.jpg,Blast,2938,79b56d9da0e477956406c247030beb99deb9692dfc1f2aa0794cf51a6fcf558e
Blast/BLAST5_155.jpg,Blast,2939,f211ba3be6e29949c743d1c77435af818af7c7fb7bc6f58f2bd8261428895d8f
Blast/BLAST5_156.jpg,Blast,2940,e75c52981d2b8445cfb699cfe337e5a4f732e0e7b5f3c9ae46576ffae1c23834
Blast/BLAST5_157.jpg,Blast,2941,6644ec19cdbd1632b0041614134cf3b478417dba01f14d4b78b9ad1fc3333fce
Blast/BLAST5_158.jpg,Blast,3021,79f46d6979615c229f1d4904475d4a360d4d309f91759ca4bc95b9b1888599c7
Blast/BLAST5_159.jpg,Blast,2943,eac091f4d4727cdbc0099d7a210db8b2ff070b1a099d89aa24601191a5784e01
Blast/BLAST5_160.jpg,Blast,2864,0315193a1a58dca23de82cc796eb6cb02669eccd8e900034c2ce54d31f4255fb
Blast/BLAST6_001.jpg,Blast,2384,7426040242e14c58f4d1110c3f4193a7cf873fef8df2a52041e753b689d11e8a
Blast/BLAST6_002.jpg,Blast,2945,cbecd70bca72b50566c28e83c33c05d983f5a0ef4a7810aafce7a68b2a176b2c
Blast/BLAST6_003.jpg,Blast,2386,ed766c7c685195ad71b7ba1e1bf01ca530115635fa6a35b31ce14894d6a400e8
Blast/BLAST6_004.jpg,Blast,2387,726813e11bc026a5f4198f27c65aa0ba866a05a4682ba6be7f232cab6b61a045
Blast/BLAST6_005.jpg,Blast,2388,aa703ea40de3656392d2143624199fe3e758906b08f2d22b28d255a6c9fae918
Blast/BLAST6_006.jpg,Blast,2389,cf3e2f84e936dd0220f4a50bddbf3420f41f4839af4e6bed65dda06f4e4c6c56
Blast/BLAST6_007.jpg,Blast,2390,394971e5c8f7c0f40fe23ab24ef99353b03ee59b8ce408109e76698f88208d97
Blast/BLAST6_008.jpg,Blast,2391,dce2d57eda0e4c8113fdbd8b89c3535ea10f1f22fdfd058dc86e5efea13c6647
Blast/BLAST6_009.jpg,Blast,2392,0e9caa2668bf3ce9e6a85e19f2a176fd68ef5cff900af689a1e87ad47c16f96a
Blast/BLAST6_010.jpg,Blast,2393,8a1a6a2fa8365ed1a912f60b0175c744034cef1dd16b2fbdf18166f0add57029
Blast/BLAST6_011.jpg,Blast,2394,38ef935c441f5238e744c05c8e05eb3c037695041a6cf7a1f5db06bb34dfc645
Blast/BLAST6_012.jpg,Blast,2395,5082e8828971ed999be8447577c8fb63176f5df646f3d2d39eb661b6eab61fac
Blast/BLAST6_013.jpg,Blast,2396,762367589928b51098535502ed2cc5d34d11f4335dfd818f3d6428543c372745
Blast/BLAST6_014.jpg,Blast,2397,1e87334b35a42ed5f1a1a53b21cc0e85132d8e27188926a1187d68a5ef1025d6
Blast/BLAST6_015.jpg,Blast,2398,d9b5827c1d11e8e89ce7385249512f6c7ea3d1a94ef2626bb4b9d712b7dfdaba
Blast/BLAST6_016.jpg,Blast,2399,ad9efc36a05f823b5d87142fa50144ad6112be7cc4c104866d3459c18ee66aa0
Blast/BLAST6_017.jpg,Blast,2400,43346f2398e7e58802ae109d8030ccaf6f849caa7e71152896fa17a093cf1121
Blast/BLAST6_018.jpg,Blast,2401,cc6480e96733fea405eb53be52406a407975bfd7f5b830a3211455e640c6d1f8
Blast/BLAST6_019.jpg,Blast,2402,7f333f7f106663b53e57240ddbeeec066795db30ce4d662211279cbca3ba78ce
Blast/BLAST6_020.jpg,Blast,2403,21a94c01d5a090a97b57618c606cb4bd838860f256ab1a4d4b3ac207fd44454b
Blast/BLAST6_021.jpg,Blast,2404,17967ffc0234f9e5d552660ea5755c2031236a356828ba567d544fc46a89370a
Blast/BLAST6_022.jpg,Blast,2405,2d2142f4a4b11d94b5fd08b36d129aa00980dc3ec0d37722df9cad7281caef84
Blast/BLAST6_023.jpg,Blast,2406,e7222e3fd2f70d1c67244c58fc6788d0dfb4350a6488bc89427f3ee07b7557cc
Blast/BLAST6_024.jpg,Blast,2407,5cdd94bbf812003fb65d590919f5f2cab14927f5e7fce5fa1118fa2d21ba8d7e
Blast/BLAST6_025.jpg,Blast,2408,925caa4f96bec9d24f66871d43b56f6d42488753fcf1800dd3d230913d0c61dd
Blast/BLAST6_026.jpg,Blast,2409,6e3445ffac69b0aad13c7079633ebab376bd3482dc3d16e080b32e7ce9e98343
Blast/BLAST6_027.jpg,Blast,2968,47e93078de5dd7c28382b6f9d77b63284ca6dc1a57a3b2f14963c3e20ed2dab6
Blast/BLAST6_028.jpg,Blast,2891,2344aead0f2d62348787b25ffcb3f950ba15f5fd0f7bef7d169c0c586aa7b32e
Blast/BLAST6_029.jpg,Blast,2412,5e72217f6aa6686058a7d38133b5ecdf78695cb60418f32e8e49571d19389598
Blast/BLAST6_030.jpg,Blast,2413,b796ef17ff895b4e0b9c196a84e46dc97da18249f0f0fa230759442218dfa66b
Blast/BLAST6_031.JPG,Blast,2414,ed361a62b5f999c20cf1cfbbd5f33b376bd65f64fe2ac27ae0e09b21976fc1e1
Blast/BLAST6_032.jpg,Blast,2415,22a2ffcc33b5348de50bad281f06467e6e8d153587c47bfa6cab65d4cea0a3ca
Blast/BLAST6_033.JPG,Blast,2418,7f0619418f48c74b6ee18bc4daa5db87abaff77821e65f03be8d9f63a639f9ff
Blast/BLAST6_034.jpg,Blast,2417,3b5dbc81bb54a5313279ddbdd0ecec1c69635194e5a479ae9b535df96aead88a
Blast/BLAST6_035.JPG,Blast,2418,775276bc1436eb611302b48a08cd7b17de3f40e35090ea9e3930b9485780f722
Blast/BLAST6_036.jpg,Blast,2419,3da5fdceeb4c501c92733252279b8bfe651f1dbc8101d2e511a56bad1e062fee
Blast/BLAST6_037.JPG,Blast,2420,1f1f176cbf0583a6ab67be2e2029627f7586d29f6a82bbf2161a55b591b751a4
Blast/BLAST6_038.jpg,Blast,2421,8be6ebb126e06e94006c6a59697b5bff7f1884707d88d24de10664ab9f5aa3e2
Blast/BLAST6_039.JPG,Blast,2422,63dce8fe44a4aa3f6df5eecfa180b136cdf4bf3055976488e6ea4388551e45cf
Blast/BLAST6_040.jpg,Blast,2423,2619643a265aa70c6905af23d512d91f2992581b7360892430a9d1773e6ca6b9
Blast/BLAST6_041.JPG,Blast,2424,18b8b5bedf0703d24169a6f70128fc11a2665d2f9d0bd3e5b145bc1cbe790dd2
Blast/BLAST6_042.jpg,Blast,2425,fff2b5815ae7dc6df2e231635a145d7e31d19a029b3c47fff0f4ab4d06f9d3d1
Blast/BLAST6_043.JPG,Blast,2426,9dbbcfa77e696f0c672c7a44e18ec6b319a1dd5169a81391f64cd39ee9323c1a
Blast/BLAST6_044.jpg,Blast,2427,bf8ae519fd9fdf29ef075d7b510ec92cdb7291097d27e253d9237bbcfafb5f5e
Blast/BLAST6_045.JPG,Blast,2428,80eaa862283617c430cd8b1f001bedd7ceae15281ac0da13a70016232b6876f9
Blast/BLAST6_046.jpg,Blast,2429,dce051decb7f455daeab1fe237b23310aa10a1532ab3a67c2c9ef0eabbee674b
Blast/BLAST6_047.jpg,Blast,2910,0ab900579892aee9b02c81974750411b4bacac7403f768bcaa561fbcc6d868b9
Blast/BLAST6_048.JPG,Blast,2431,68a04f084cd1da4f8afdb49401cadd7bfe91116709261b45ca72058094b51355
Blast/BLAST6_049.JPG,Blast,2432,138e6344e953bcc0a7ce491b9721075e8ded83ac353f649fe84b937b321dd2ef
Blast/BLAST6_050.JPG,Blast,2433,7655cc0b78c23199b00dd05205796409b95013669da696ba1ae50c89fa24ddfc
Blast/BLAST6_051.JPG,Blast,2434,643203a56f4178e905d983a072c83758ac7c0e6ad76186e0c29f7bf32061ecd7
Blast/BLAST6_052.jpg,Blast,2435,83017868c38a6858f9d9569895f02863550e514366fedcc93b864dfe1b265c08
Blast/BLAST6_053.JPG,Blast,2436,06f48b30092ccea6bdf5549590f4ad71f210a9c5904934a2becfd8ba9befd5e2
Blast/BLAST6_054.JPG,Blast,2918,a396c968b5b01fc86d6188b2aefe9356aa8993f817915c4c8bfdb536ec208013
Blast/BLAST6_055.jpg,Blast,2918,d20f4205a6f977e14a1c909b1d153d646f378c9d11b4040aee7c83cc2a4f92cc
Blast/BLAST6_056.JPG,Blast,2439,f5f7ec1f576c288803ab989565993a94ecc810ffd4b6cd52a0a6b88fd1ebf360
Blast/BLAST6_057.JPG,Blast,2440,a44c7890bda4d1817539429f8c86f52a69fb2b53ab4fd765242ea4bf111f899f
Blast/BLAST6_058.JPG,Blast,2441,2ef10330b4193dca0669a74ab307a57f209eabf0636c9368e0a8c96c9766016e
Blast/BLAST6_059.JPG,Blast,2442,bcd9e23a188a46847b0f43c947a66c220a5fec418491630b957781de8fb26884
Blast/BLAST6_060.JPG,Blast,2443,8dd8c97b3e40bb0b19716b43520abd5ffe128bacb92ef8782233d146070db23a
Blast/BLAST6_061.JPG,Blast,2444,f0428812de060fa675e8654efe0c85f678f3ee615f0afa770bc54d44171f4aab
Blast/BLAST6_062.jpg,Blast,2445,6db7e81a5e4d0c8d78406d79e3549744079b198befbef25093be4bb7017a5671
Blast/BLAST6_063.JPG,Blast,2446,b3ea4b64046c4a5671eaaa2850f06388e55050e4799518a6482859d4fec11587
Blast/BLAST6_064.JPG,Blast,2447,84aa370a01160036bb8f0619897d8e280982f69598655daa1f21642374193567
Blast/BLAST6_065.JPG,Blast,2448,2c7c36283e4f90d447c9c438d4f4706048e79c430db5d8348c0838621a53ba4d
Blast/BLAST6_066.JPG,Blast,2449,e5327e9d62e16377330ec0eacf9dee3a3a8c94d760d95309fa7fadf0d799f694
Blast/BLAST6_067.JPG,Blast,2450,41394b581adac2662562171ceea160a310d1e2013d6591babf03b8dcdd076d06
Blast/BLAST6_068.JPG,Blast,2451,b77a510570c78b4ab3dd9067b12a1a4b8ff8cf473643da11941cdb2854ee845c
Blast/BLAST6_069.JPG,Blast,2452,60dde4601863d27fb9abff57b9297b88604e632f7113d873cfb03bb2190c90ca
Blast/BLAST6_070.JPG,Blast,2453,9151b0a1871f3a2299a175ed9dadba874152e445e0b8d631b97ecb5e58502a91
Blast/BLAST6_071.JPG,Blast,2454,8a127ea74c775ed4faf133fcb0107c6865454f37987b200e8ab8cfa6b9e86b74
Blast/BLAST6_072.jpg,Blast,2455,4947f8c7b83e48b9ee1ef85594adca15b49103678d0dd6ca9fa36eec45a2d39d
Blast/BLAST6_073.jpg,Blast,2456,0ac596eb1d9dea964a8f98a34772a89747e52ea579c7ae930ad72c29f708e005
Blast/BLAST6_074.jpg,Blast,2457,056e15690546bb641d5de29adc96dcf1a2515f7d2f8cf623275113ac529cd80d
Blast/BLAST6_075.jpg,Blast,2938,656eef20b5f73f9c552a1ac251d62ac17eaf61f23ae183fef75e36c4b2a4a2f3
Blast/BLAST6_076.jpg,Blast,2459,b597db9363d8eea3a01049921a1cc975a7476efdacb691888bc1e4e8c415e9c4
Blast/BLAST6_077.jpg,Blast,2460,4cf524cf877016b816d6dee43b3dcf906995c17eb6ff692aeedfae92a34d35ad
Blast/BLAST6_078.jpg,Blast,2461,89b803ba1dc10d3b1ba2507536764650b90da903b3a4a9a26ededc8855c4da5c
Blast/BLAST6_079.jpg,Blast,3021,8b36cf273cdf4b5ba08c859ded3c49976b14578eb8b424427a9611ba5bf1fecd
Blast/BLAST6_080.jpg,Blast,2542,3246f5120e6fb384189fa78ccd884f26d111dd6844b274f0d4f04245f314cbe5
Blast/BLAST6_081.jpg,Blast,2464,a85ad72acdef40802ec21ea499d14ed0bd16fa5d403dddfb225cac9c96481f2e
Blast/BLAST6_082.jpg,Blast,2945,f04511b60986725d2cc05b7d57d48b05dbb80f1e053b76eb4b6e6c6985059c18
Blast/BLAST6_083.jpg,Blast,2466,14d6896a7eefe206e0e373b19869c85a53141e521133c22af9b48f1f8a0cc618
Blast/BLAST6_084.jpg,Blast,2387,053500d82c5a73d6fa9fca4be60d90c29c35b02715702c95586bd783cf92c284
Blast/BLAST6_085.jpg,Blast,2468,cc0077eb1bbb685ffe8f3dd47b3606a56cd261695a1dbcba509809a5b175034d
Blast/BLAST6_086.jpg,Blast,2389,753080f73931b774472c1e23414e48c652aaeaa4ea518d0f3e5019ed37f78979
Blast/BLAST6_087.jpg,Blast,2392,ebadc6774f981d247d17a90185009e45f4d74bfe9ac50d8b87e82112ccf7be9e
Blast/BLAST6_088.jpg,Blast,2391,8cdf1683e1e75e5d0dd386fff11f3c1eb1199b735f0528e7e42dd4c95f5805e2
Blast/BLAST6_089.jpg,Blast,2472,c6aded4cce12944a596023a5d9c3b7da1a84b3abd9b8200ebaea4cf836ae7ce8
Blast/BLAST6_090.jpg,Blast,2473,732ca1d59b21bce33244699a754a0dcadcbd5a868690ef2644de07409dcd3c7a
Blast/BLAST6_091.jpg,Blast,2474,ccaa3a43d051bb4860d889a01dbfae8fe6129592c2ec69da4f7b38445de150ca
Blast/BLAST6_092.jpg,Blast,2475,7b4af8f44bce99670e6fd214d0b0b7fdce8d67b6b6d2412ab7904fdb2f10695d
Blast/BLAST6_093.jpg,Blast,2476,aa9a9cc9bfd21e407798381d9241455568f1fefdc1072d81368824e79b3ab6c0
Blast/BLAST6_094.jpg,Blast,2397,b6025a0310c1ccf9b75ff7cbc8de7f793585467358c8d1f3202d55cb8b575252
Blast/BLAST6_095.jpg,Blast,2478,3fc55f904a68877f3c856f8b03598e66c8e453a0c046a2d6d6aefd1dd9fe1232
Blast/BLAST6_096.jpg,Blast,2479,f4cce75b5a6792b128e5668726d3d5f2185f04219ab25f8c5d355da294e0804a
Blast/BLAST6_097.jpg,Blast,2480,6309a7dc87f956ba61b615b0ff7f6175638504d77fb45344c98136491a19bfd2
Blast/BLAST6_098.jpg,Blast,2481,ce2bb9ea668caaf8e8ff2e6415d01f975a0d71ac707686b9a7cc5f87ac3909a2
Blast/BLAST6_099.jpg,Blast,2482,acfd30c37b0d2212e04c36509a033e22489db9c576cfa0b8926e1f911dbe07b4
Blast/BLAST6_100.jpg,Blast,2483,c1f7dab15701d7e91e7c2ab1fe409ff93a9006f44ba75ab7212a124719bea938
Blast/BLAST6_101.jpg,Blast,2484,5adadb09c89b8c4f46999ed176332b74c66dbb4641d7c9a1d7c58338d88a76c8
Blast/BLAST6_102.jpg,Blast,2485,dfcbe53e8ec340353b5275739ac2ea65d32940bc6e4152ce67effcc734de6cba
Blast/BLAST6_103.jpg,Blast,2486,668a75ee116a50da624c59366b468fdd5c718f7cf29c1a47cf8f27322a35aa45
Blast/BLAST6_104.jpg,Blast,2487,1ac300b95dc6920323dbca92d661f32b8e46f55625dd28ad03a6a278adc7a8cc
Blast/BLAST6_105.jpg,Blast,2488,13a3f1c7d8b31ee5b9755db56c13babfd3ce94b68931469e1e62a0facb573fd2
Blast/BLAST6_106.jpg,Blast,2489,eec4629b332ffd149896708a3d5aaf493a0415875a45c5253c4b6a3bff462ef4
Blast/BLAST6_107.jpg,Blast,2490,56952a518fe579488a25e29415896e62727fa0b6453dd0c211ddd77310122280
Blast/BLAST6_108.jpg,Blast,2891,8beb706145af813c44b24288f9bbf90a76dbf0d14a139e0ee59735920b48be40
Blast/BLAST6_109.JPG,Blast,2414,127ff003a7444b5394b97f62cedfb64446779be6743882c2f9469ad2c8dc456a
Blast/BLAST6_110.jpg,Blast,2413,c4969b942e697ad8464e4aead04ecefdc33ed1dd94588f9c84dfb8b5e39fee35
Blast/BLAST6_111.JPG,Blast,2496,7ac28a69208c2db665c31b65bc1ca1e490cb39ccd200a9e30987f4dc812ec870
Blast/BLAST6_112.jpg,Blast,2495,f103ed4cf027cbf3772a049d60e56fa7d2b53ab41101aae1973bf294029bd6cd
Blast/BLAST6_113.JPG,Blast,2496,70c946870b1308b37083b00d20b8173f01877866efc2e5eff59c25b2597b8f2b
Blast/BLAST6_114.jpg,Blast,2497,70ace88abd1685f2b48ff63321f5e8a15f372367d946bc0e3f8a77b05a3dbff6
Blast/BLAST6_115.JPG,Blast,2498,4738c6017897aff08326febf08792be0cfe200a03d4dd61708719988bc234ddd
Blast/BLAST6_116.jpg,Blast,2499,1f0cfa04304fdcc607a7d2ce3941b25f7f84b160a8c2e623f384f78f10c5186e
Blast/BLAST6_117.JPG,Blast,2500,d358bf5f46d4d700f1134165610704900a3b84a5639c52a377621d5dab97b2c5
Blast/BLAST6_118.jpg,Blast,2501,f1bdbff0455f89f7f2ef7c900b7f32967f069186bcd145902a6441cdb772016d
Blast/BLAST6_119.JPG,Blast,2502,8929473d465b991f131f1763a638bc1f86b54f4881bd153a427b4ac56c9c5648
Blast/BLAST6_120.jpg,Blast,2503,832632b398a2fd720a344b9d95bc7647b5f3b8198f1edb01b436bd980d6c89c5
Blast/BLAST6_121.JPG,Blast,2504,079c06058b4aa3879487fe9e717db5a5ef8ffac7b255bfd31c1d6df8054ddd8b
Blast/BLAST6_122.jpg,Blast,2505,8c7db08fc1689eebdc723e89b574b758e2e5a0a4ab8f63a90ffea918752b3b44
Blast/BLAST6_123.JPG,Blast,2428,6bf8717411d2d103ba076bc0706345a79eb8e5373f55addbdd52469da8242847
Blast/BLAST6_124.jpg,Blast,2427,fcecf6ba3526594b5e641c5a955e6115a3c086419c22d0026715c70af04a9941
Blast/BLAST6_125.jpg,Blast,2910,17da31035f8331d44ec318388929821f81e04603c5109e67466dbc3b59be42f5
Blast/BLAST6_126.jpg,Blast,2509,7a7c3660eb9daa037b4e8f70e7e6c2c56c2ee89dab4fa239d299b39e2f326d40
Blast/BLAST6_127.JPG,Blast,2510,8c7a85cec15f7ecd79c95f7161aaeba2b4372280f8b9bf0b44e9ae33b61529d8
Blast/BLAST6_128.JPG,Blast,2511,2ecf8e1df5135ad0457985d4aca335845f5d9f79b9b272fcd330acba3451a7ea
Blast/BLAST6_129.JPG,Blast,2512,09046c6329c6016c0bae4df1d41e2f409a98e752e8377d058249d6f60941f6a2
Blast/BLAST6_130.JPG,Blast,2513,afb7e784f48bbcee12ffc6b8b17a32d385036b12ac0be3ef5b4a7a47f3d0f36c
Blast/BLAST6_131.jpg,Blast,2514,5eb93aa3361289f8b989237334faa13607ba4fb63c42aee456bb5de96c717b7f
Blast/BLAST6_132.JPG,Blast,2515,93af7cd651e4795d0086cb4d79278548f8dbde42f51facf62ea408cd7c2eaf05
Blast/BLAST6_133.JPG,Blast,2918,d1f57a03b8cf993376e95f710d1ce742732ba8404c724c4e00df326ae401d2b4
Blast/BLAST6_134.jpg,Blast,2918,5fb75380fd0d8411abd132d2983fc445529b416886dd08a4bb0a28a084f9b436
Blast/BLAST6_135.JPG,Blast,2518,f6cb473250971f7bcf09c19284c9f84d42ad247ce51dee04c2dd3cf752486dc9
Blast/BLAST6_136.JPG,Blast,2519,5429188756169b4196fd27ed3ba0c2d6912762b753bf443bad380ddcb0ab48fe
Blast/BLAST6_137.JPG,Blast,2520,0c63e9ca2e01c102ca04e7dea53907e85f2efdf3d6e275a0d4b09d253ad7b067
Blast/BLAST6_138.JPG,Blast,2521,58be5958ce3c287f59e68b97b292ef393a0b305407acd0e63c48748c8928d691
Blast/BLAST6_139.JPG,Blast,2521,58f508e2b31f1d97da18bc529e31bb1259e7bcfecb90a916cdd5047678e90555
Blast/BLAST6_140.JPG,Blast,2924,77a077a4f4a9d780e955e6420813fc385bd02185a26ecf4ac11c93f7f6abf806
Blast/BLAST6_141.jpg,Blast,2524,11ba5d764bd69c6d58aafca4fef7b631d445d188d5800a4d16285d82d37159db
Blast/BLAST6_142.JPG,Blast,2525,c681d255f15bf06d1f3f317806a562b746a4079d83477255e431027f856d3b97
Blast/BLAST6_143.JPG,Blast,2526,45b95f49bb200ff5c1d04ec77e60b98c82bd527882b3172d779ebe2d6e1a85e1
Blast/BLAST6_144.JPG,Blast,2527,f282acd618e842549028debc87c16d9ee201b868fca1927d363665a004a9a284
Blast/BLAST6_145.JPG,Blast,2528,e915b86f048f3829c5f279d97c9be99ea72fb26ac38d9d36691b1ca4370dfa5a
Blast/BLAST6_146.JPG,Blast,2529,261ede9a92c235631feeb446cc4333033e08ddcd2ceafe13cf89aef7af1576e6
Blast/BLAST6_147.JPG,Blast,2530,53d2714a4d5dbfdb177c34992693c4bd8eb7a35543c205b066b64e083bbd8609
Blast/BLAST6_148.JPG,Blast,2531,be96230ebb9ccd3a166ae89de56422db306262086dc4d390caa72e8e37a64785
Blast/BLAST6_149.JPG,Blast,2532,0b915a2003a1b3ef4c4a3fca3930e7f3f8c1b2511de0d0b447b1a990f1cf6c23
Blast/BLAST6_150.JPG,Blast,2533,62d2a8d992bfb765cd3b56450a08efafb8ab8d61dd4a8d36ed3b4e56006a38a4
Blast/BLAST6_151.jpg,Blast,2455,6f89719dadec6af2fd1fae2dfc3f7dd2f529e34bcf7f4e859d9cc1306d270bdc
Blast/BLAST6_152.jpg,Blast,2456,b960cfec8f41e05ecc831e274843a6d88d69a21137dac630c80b06a265dd4f1a
Blast/BLAST6_153.jpg,Blast,2457,18a7a94106af0ea660b45ea049391358714da6504da5edd1c38d99eff649a5f1
Blast/BLAST6_154.jpg,Blast,2938,83d53f26b2f3e0d087a411e9c0fe7d6610add1d8749dca4b6dd398c0b4f46bbf
Blast/BLAST6_155.jpg,Blast,2538,ae3f11c780560ea3d3a027eef776b9ff3d6fc9d9dc071d0364f4b43fc437539c
Blast/BLAST6_156.jpg,Blast,2539,f00c22786654203515683c2a770a80499fced218a6b0833e7a3f9650f31235b6
Blast/BLAST6_157.jpg,Blast,2540,946ab5fb52e81f2231db50fd9454c86e3aca1f8639d173a082190f1a4a3ea9ff
Blast/BLAST6_158.jpg,Blast,3021,a201c515152b3a5aced9e00233020f62070cf73d3c0e133b998147d0882810d9
Blast/BLAST6_159.jpg,Blast,2542,e487d046397971320c96a7f01f0a48e0e0198b96f2da19b697c16aadd40925ef
Blast/BLAST6_160.jpg,Blast,2543,eb2f36f1056cba40443bde1a078e910d758aec33b95f5ca5994746034f6a0596
Blast/BLAST7_001.jpg,Blast,2864,998801f993143fb8d31f39f0d52f4a975a2c08b6502bfe9954d221e62ea68e92
Blast/BLAST7_002.jpg,Blast,2945,5ca794a31eadc73dbf42ba020f4163f389fb0d5177fc484273d6d0e51610f154
Blast/BLAST7_003.jpg,Blast,2866,29f2a6df2066b9d5131fba5b182bdf475b8afadfe2b1cf4f9ae8f77a3d75b694
Blast/BLAST7_004.jpg,Blast,2867,72d99b0dce32a5cdb717a5898dea6234df6588b1c9a29da7b2696a0cd7292d8f
Blast/BLAST7_005.jpg,Blast,2868,8fe8db03477b44d5dbd6a90e1b3d21b31e8f882c04c852cd5cf227d21552d8cb
Blast/BLAST7_006.jpg,Blast,2869,7e308757dcef280abdeba6bec13d8f225f6d0551c43e764e14251facb65720e7
Blast/BLAST7_007.jpg,Blast,2948,564a29616c54e62422dae767893f24aba9b707615f5dd042e99727694e0a5c1e
Blast/BLAST7_008.jpg,Blast,2871,97986d25998e9410a700fb1defbbb397c81052e56b405982e4812dfd063ded74
Blast/BLAST7_009.jpg,Blast,2872,6a1e0713216b459afd9ab6656392601bccce1eb74fb9873eb7057cd3b547c2a4
Blast/BLAST7_010.jpg,Blast,2873,8d4da92704f4b967f4a7cf8177ffc353685583c289ebd247502ad84644db4716
Blast/BLAST7_011.jpg,Blast,2874,b5a07f849c972b1e78805a9cd97bbb05d6540055adf53d80a667f3f3040cad58
Blast/BLAST7_012.jpg,Blast,2875,37588d0378165a9a0c7d71f1da9ac9e05a1fe3eedce1f491b9c36a64e690d85b
Blast/BLAST7_013.jpg,Blast,2876,3b57a0de5f6ac400dad1ec68a0ed01bdcba3ee658646e4c9e6ed93c40825d4f4
Blast/BLAST7_014.jpg,Blast,2877,0f0f890d6bf561643305d2182a002f08d2ce6b442e2ef8f39427e6e5639a1713
Blast/BLAST7_015.jpg,Blast,2878,87ff5d42c0aa8f276c087b958ffd78d2b273aff5b6dd1691468170b0f04468b1
Blast/BLAST7_016.jpg,Blast,2879,75504acb667ce38ed2d29fcd3d9d825f69f942dac15f4ae97e891c9dbdff416c
Blast/BLAST7_017.jpg,Blast,2880,1b5fbeccbe6e401891c33cf5affcd9077f53959179cbf96415722e307dafc675
Blast/BLAST7_018.jpg,Blast,2881,3cb0cfbfe01bdfd263fb5c4551aced793bd95412d3219b4de886f5bec8f90d3c
Blast/BLAST7_019.jpg,Blast,2882,530440e19a4c9863066b8c20db27c3850720d082927f58ce99aca917950071ac
Blast/BLAST7_020.jpg,Blast,2883,65a28b36aba9df0c9833c8969c301e302ee80a6644a4d8cb69151fee8cc0d1ca
Blast/BLAST7_021.jpg,Blast,2884,bc6cf5caee88df41b7c97da6ae43a1cdb1756b3fa410a9d72377ab38d8c4c47b
Blast/BLAST7_022.jpg,Blast,2885,e56617130a73a36370a3173c97181043c260093d17eeea62f0005c7e1fea758d
Blast/BLAST7_023.jpg,Blast,2886,0f1bf2393d04da51721e2978e73d4d7e75e7d759eadf3c5f0c211135c6975bc8
Blast/BLAST7_024.jpg,Blast,2887,c5e4030e9ac4cef93deca9fdc9a0bb8a67904d8ec8d72826b1b2519df44e4d0c
Blast/BLAST7_025.jpg,Blast,2888,356e2b5871509412021834392bb4e557c286af5545d404116f5b079140f13f2c
Blast/BLAST7_026.jpg,Blast,2889,29b69950968e4db72bab21bee9e338a9a5d71b72a98992605d346155c9a5e3c4
Blast/BLAST7_027.jpg,Blast,2968,39ca0e0dce8374985f8af87af79dc18212d44054cdf91f270a7569ee5dab7908
Blast/BLAST7_028.jpg,Blast,2891,19ac43b8f186fc7b53c12644849e9cc00a05d60acbd6a9fab6289404c54dbec8
Blast/BLAST7_029.jpg,Blast,2892,8d50eb07a7364c0beacfce526af60304bbb81f9ddebf527eb3b9361750dafb02
Blast/BLAST7_030.jpg,Blast,2893,71ae79828bbba876844dc50f687344e9668477a500d7a08d011297ae5fc13dc3
Blast/BLAST7_031.JPG,Blast,2414,d9e52d66f009b07f26ee69f901e9046e4c696e6dceef51213f3c9137a3b2a2a8
Blast/BLAST7_032.jpg,Blast,2575,1c4f47700a5ab88c05e2368fbd3d2d8e86e3089a417ef9a242d5647d1e2af17f
Blast/BLAST7_033.JPG,Blast,2898,831d58398360f63ab11808d3eb17957f868cf3cad921c99791532e538134c23a
Blast/BLAST7_034.jpg,Blast,2897,3a938526e676eb4dbc32b59f3be3da2c3876eab0df1555b2b800b1add2142f22
Blast/BLAST7_035.JPG,Blast,2898,bdc8e0182fbe7d5da52fca03daf8654bc9bf76cbe2092127240a131b71c02fbe
Blast/BLAST7_036.jpg,Blast,2899,1434bf0035338118354069eeee7e59baf60933159ce0ee691d496076996822a7
Blast/BLAST7_037.JPG,Blast,2900,ed5d3b6980d0f2f4681f9e6a38f2246b036ca6bb1cfe82e528c36b85af8c71fd
Blast/BLAST7_038.jpg,Blast,2901,02673c0d5064f279108d4f7d8fc67e8ce77924d1519cb04886cfa8d67faacca0
Blast/BLAST7_039.JPG,Blast,2902,05c052ee181c9e0afe454aa4332faf2710b5a265966b9abaa9383744a14e04b2
Blast/BLAST7_040.jpg,Blast,2583,187636eabaa0cd9bea9bd7c8439e9c68f37e3cd463f85ce25d7f771577ecf9c3
Blast/BLAST7_041.JPG,Blast,2904,07cc8c8201d0e16209b0f8e63b92dd9763e00705b6e44341c6836c4090cb37b9
Blast/BLAST7_042.jpg,Blast,2905,6081ad1146b84be45fedf4ebc437a832ce6a61f7022e39a36d5914d4e88e3af2
Blast/BLAST7_043.JPG,Blast,2906,1b0dd849ca4fa2919615188131e68b00b20564f0bf256c50b6b28e6caa7f4e11
Blast/BLAST7_044.jpg,Blast,2907,a6765263657333946d1b7a89dfe0b96976724806e6bb698eb16fb6cf1ba11ff0
Blast/BLAST7_045.JPG,Blast,2908,88e80e8380cbd27808fe32a808f729ae7234a0f7706024d24ea79c9c5360ca25
Blast/BLAST7_046.jpg,Blast,2909,d384380c9d036664b51254d18b42fcefc7b0915e7290d7f35f2c416a0fe2b51a
Blast/BLAST7_047.jpg,Blast,2910,7a740ccabd3a8fe2a3ff0683551f60d71b3135810068b51982ba8413295310af
Blast/BLAST7_048.JPG,Blast,2911,faec4788acb2b98fe2a5e6f450a72d43360a16e38b0f8c38f9877dc87a6ff30b
Blast/BLAST7_049.JPG,Blast,2912,4ea41dfe3478ac9518e9fffe6a64f299a03c0b7b21041ade1b923868b61c9b8e
Blast/BLAST7_050.JPG,Blast,2593,10d30a313ea9b4a153ec309dcc82e68f3254b12e6fa3d64767eb1ef1c3991eb3
Blast/BLAST7_051.JPG,Blast,2914,e48b9187d97779776d1d36170cc541ad916a8e6aefa54f6c3ca9b099b7113d7b
Blast/BLAST7_052.jpg,Blast,2915,b4860219b6dfd5fa625daecc7a50781fbe426e20b314bef6d98776e387a54ee7
Blast/BLAST7_053.JPG,Blast,2916,3b14489b9db7ab05125e70091be3eaad2f0b5081a1ee9d80231d4fbd250e070e
Blast/BLAST7_054.JPG,Blast,2918,65ea92c4efbfb8004d8d15aecbaf069eaa4e44a3cbe20bd3fadf6409e2ee41e6
Blast/BLAST7_055.jpg,Blast,2918,4b82e3a5edf2c2002d84578d0ae7102eddeb275df5a0208153401aa46df42fc8
Blast/BLAST7_056.JPG,Blast,2919,4773ed09d2f5d4b3882caf137efe6d4568250e48cabec4a07e3bba9cb5b204c5
Blast/BLAST7_057.JPG,Blast,2920,a8f78d8c09592feff3dde844e35fa6b7b8824c166813751da696d4a57be1bca9
Blast/BLAST7_058.JPG,Blast,2921,2e6d7639ff807670c1ecc44221fc3e0495deb5a179fbad1e68a51ab83f11986a
Blast/BLAST7_059.JPG,Blast,2922,bacadc39dd819e04e22534d45bc27452f26d227852350caa1d803c163800e960
Blast/BLAST7_060.JPG,Blast,2923,5c675cce164de8e115a3cbb859073200a9bf86b8c4a22807826929980bd400b2
Blast/BLAST7_061.JPG,Blast,2924,9ec830cb984ba5f0aaa5a1a7ba8ee0445f365d1c18facc84a4de41e27f52060e
Blast/BLAST7_062.jpg,Blast,2925,0512e4c922f74e7e83dd622279ee04e99c8a8b9ee87349b1d02a93ac1368506c
Blast/BLAST7_063.JPG,Blast,2926,fbdd5b9fe4a69f3a4dd6eb60fd0169fc815e2dddb635c17b5739cfa560285e5e
Blast/BLAST7_064.JPG,Blast,2927,6b388b6d5a8c0f08b9d3bf0e60354504624a06ad49842b05703101a9a3af728b
Blast/BLAST7_065.JPG,Blast,2928,9a8216d2fd86d61183be4d25fa4e351508114307e3457c24ca6ea1cdfb6be404
Blast/BLAST7_066.JPG,Blast,2929,c8588d6ef766e55a37c10d7189bb038393f62fa2b940dd60aee9bca2c889d95d
Blast/BLAST7_067.JPG,Blast,2930,dfdada7f3102122bd87892d16060d4cf9781b7665db2f916389f1433107fb97e
Blast/BLAST7_068.JPG,Blast,2931,6e8f64ce0d8b797e8f51d5cdab0a30a8229344b16deb09f862ff2c273bb8c51a
Blast/BLAST7_069.JPG,Blast,3011,ce4e32f85de15b158ff7f1162af06cc7212b0639304be7acce938b63d4b12f43
Blast/BLAST7_070.JPG,Blast,2933,30ba90756b0815de9d9d394f43a18526fba9805cf529985d48ba0b1cef981b6e
Blast/BLAST7_071.JPG,Blast,2934,4c7cab34ac5c0c9d425bfe796c462f074ea8fcec4186b2086155d67d25ad805c
Blast/BLAST7_072.jpg,Blast,2935,53d18133da4e76372f2adc3d809db4af8b1b70844e83dc57aa9f069a3ae31b32
Blast/BLAST7_073.jpg,Blast,2936,c5b3b90c1c32e30755e61390f5ede61da24fd5b447a429cbd8950f2ad3904210
Blast/BLAST7_074.jpg,Blast,2937,aedda92b3ad3a944887604e7961489d186c40eaf55e09506fd15a4aa84ecc018
Blast/BLAST7_075.jpg,Blast,2938,6a0a7a04e53aa73a99eda0556adb2e5a3d57c91c1f1a88c2cddaf5aa4dbdfe50
Blast/BLAST7_076.jpg,Blast,2939,15195b7a905cf5406e96d94dd544312c469cbd2759432bc792247c1676bf39bd
Blast/BLAST7_077.jpg,Blast,2940,4455a5faf7964451cb52dacd33cbaf9574605b9f4213aec57bab932675806504
Blast/BLAST7_078.jpg,Blast,2941,a42f381aeda9f145d8195f1e2b0970d51aa15e1e04765e4d132d30f50db5e9f7
Blast/BLAST7_079.jpg,Blast,3021,d92acc4c9acd080445066f1c983de98ca917a6ec87e1bf88768c14213489b965
Blast/BLAST7_080.jpg,Blast,2943,74da550491c63c39c8032f812e8013d02d9e35493ca25c09072c86f0f057bff1
Blast/BLAST7_081.jpg,Blast,2944,de32a4573c1336bde0bec85b55bf50be64e39aa96dd2640da36c50a0b166e0a7
Blast/BLAST7_082.jpg,Blast,2945,fca67ac9dbf2201155591ce56e0cf97bb1b9ec5dab8fc723a92a060a85de6c8e
Blast/BLAST7_083.jpg,Blast,2946,050fa0d24abb7f757e50c7800c012923f0b78cca592e90658366d836e7ec8324
Blast/BLAST7_084.jpg,Blast,2867,aff432beec44df39f4343cc18d50c86feb332170fa5cc078c5626a20200e0d2a
Blast/BLAST7_085.jpg,Blast,2948,85b40a11fc43d1c6e964d3603a726c345a026edf891615596e00419bc597e14d
Blast/BLAST7_086.jpg,Blast,2869,5604b562d125202d00522637d3ac5d54a6d92841a5d12c3eb385265a5473fbc5
Blast/BLAST7_087.jpg,Blast,2950,4e032d7840b0a0c5b460877a1c07e3a4a64c959c7478c886e5c55b3ce692796d
Blast/BLAST7_088.jpg,Blast,2871,d68fd0a233cd808841f28e30749f5f1c57a6031b157400d865c137b3a1c65149
Blast/BLAST7_089.jpg,Blast,2952,9fee52c1a4b15f0ec9adbd46eedb210c5494f724130ec04df1cbfe4d9cf4eb49
Blast/BLAST7_090.jpg,Blast,2953,474f283209108eb2a88801af76b2de5ce19ac333bdc2b15298c6a4577dae4885
Blast/BLAST7_091.jpg,Blast,2954,1a3263373eca62940d02352f017e856b79888aa62d1588c4e68447505bc9a195
Blast/BLAST7_092.jpg,Blast,2875,1a9ac2f6af1cdcbace449cf659ae4a022b313055d91d75ce1d84a0066ead6df7
Blast/BLAST7_093.jpg,Blast,2956,c65c5458833bda94b78241dd92119663938b87c4a2afe62f55f9ad8fb24b5759
Blast/BLAST7_094.jpg,Blast,2957,b69e0a5a906dd30ed9b40b7f4fb00a5b8ea774e01bcabee0d7f680d3d02bef77
Blast/BLAST7_095.jpg,Blast,2958,3316f42a016583417752d62cd2d4082bb5c6c33c6f3806d10164fde5f444c45d
Blast/BLAST7_096.jpg,Blast,2959,97c4447f411471bcfc8f38cb775a743e34199ab27a3dce16b11d6ec11c50909d
Blast/BLAST7_097.jpg,Blast,2960,2bc55b1992b5f4cf9538ede95bb6aecc9d29ae2b6a6dde86e7b8527e5c4d1780
Blast/BLAST7_098.jpg,Blast,2881,0f7b89fe288d49c744a340c71416d07323827e29bb73afe39bc3ad13d168a75d
Blast/BLAST7_099.jpg,Blast,2962,c28581f21e6c280dd023be55ffa6af33b308184af943c2c6ffe9f9912f543fdc
Blast/BLAST7_100.jpg,Blast,2963,67eb6d378ebc0408280d9d553ea3f6a2d647c24bfe0fcff70247b80b525f6c88
Blast/BLAST7_101.jpg,Blast,2964,f82ec1283a4b8bf459582e38b65208445c854c97b1239a481e113a0921457c4c
Blast/BLAST7_102.jpg,Blast,2965,5ceeb92700f914708ce866b2b72bb1314e8e55a773414db97050980b57c19006
Blast/BLAST7_103.jpg,Blast,2646,807945a8569d1f4e5b15f54c1e62a2626faa5e2cb75a9b1cd4d6dab3f4c72fbd
Blast/BLAST7_104.jpg,Blast,2967,48db0df5ead1fad07036690249e628b667f6cfdf92851bc19037b5d2a8d32b99
Blast/BLAST7_105.jpg,Blast,2968,ba3dea204700afb0cbcf1fd04d58ead4b3ded4aecc6ad53d0d626f6a51448fcd
Blast/BLAST7_106.jpg,Blast,2889,d5ee95f4854079cd6cd6125b7839081f38a87c650d0905187fa6035668373590
Blast/BLAST7_107.jpg,Blast,2970,2057d39656119c12a92e8e806dda0098329627a07c19faab0c38aefd1e315092
Blast/BLAST7_108.jpg,Blast,2891,c01ac2d5f9e0f78ad70d7f1920f71f770b8f1dbec9cc5abf40e5771a7dee2a74
Blast/BLAST7_109.JPG,Blast,2414,7bb50f909239c67b96c243383568e28d3b4252f85b4dd96d710d267801ce0276
Blast/BLAST7_110.jpg,Blast,2893,27e9ff0aa2593e35d13060fa2c2da6fa5ab0cf38e8eb6c5a704031c586251280
Blast/BLAST7_111.JPG,Blast,2976,200dd1f7bcc2737e3961ebe39f96851707f3ddb77dfcb085655899201059d46f
Blast/BLAST7_112.jpg,Blast,2975,a0a3e3e8f2d2312ead6eaf446a02563f20efebed52ac420ecf70abcdcfca2074
Blast/BLAST7_113.JPG,Blast,2976,3eeb4b95ae0d17f9aa276c328e7e17b25362c2e3aeee7a091ab07f17dba3e3c9
Blast/BLAST7_114.jpg,Blast,2977,a83745703c5182193c59d57db85bdc068972776c081ad5652093d79039adb536
Blast/BLAST7_115.JPG,Blast,2978,4e051fb4faf1f43db3eb95e09ccb8a94c9e01203192f4948dea351c26128c1ad
Blast/BLAST7_116.jpg,Blast,2979,68a1488955f8e6fb166678817bf420c5ada19408eb4160930a32a8ad4a968215
Blast/BLAST7_117.JPG,Blast,2980,3088169a031192490318bbb259583679118b58c17616401bed01b6097a85e974
Blast/BLAST7_118.jpg,Blast,2981,c69c9034bfd21971a69c751a55628595ca0bf8ca80995e867df8e2bae2864eb2
Blast/BLAST7_119.JPG,Blast,2982,a32d1516621ea06ad9cd9a9a8b642cffe59586771b74896968fd9527cabed423
Blast/BLAST7_120.jpg,Blast,2983,adddbbb3affc40e8fee609619b9bc218e882f4099acde9d888dfd21200e716c5
Blast/BLAST7_121.JPG,Blast,2984,54c7157099503e79463e0241508006e9a4bfb9445f59c9408607ee3e7b9f4e97
Blast/BLAST7_122.jpg,Blast,2665,457eee7132287b7a9fb2c83555fc606092d7127f0a3334ba02d672074dd690e0
Blast/BLAST7_123.JPG,Blast,2986,1ddfe4a469fdb5c5ddb96b9113980fa9f123a126c1df14b5b0290335bc828738
Blast/BLAST7_124.jpg,Blast,2987,82242ceaee015553ccafb09d9d471b1bc1fd77e99209ac3cee802ba9ac9e8c68
Blast/BLAST7_125.jpg,Blast,2910,c68acf4dc495a40892f19dd24381ff637c9ead63e08c621bba0129b001292f17
Blast/BLAST7_126.jpg,Blast,2989,4561a1b30b10193585485eca52ddaf5f3c817612ddbf252bdb82cffc99ff4fe9
Blast/BLAST7_127.JPG,Blast,2670,0d7119f2742fa08817cf62bff6978fc6a2bc669312fafb8bbfbcd6893e4eb788
Blast/BLAST7_128.JPG,Blast,2991,b5838944a5619e70e3a5eaf68e5f19e346a44af06b2e50e623bd06f41d337b73
Blast/BLAST7_129.JPG,Blast,2992,091fb7f39e970da143211cc996ea2e190f64f6d1f26208722eb6d8afb4175669
Blast/BLAST7_130.JPG,Blast,2993,73c7f58b2f43ad21d0eadcdb6f8026e3ae33a22c1ad309359285610475c3d1aa
Blast/BLAST7_131.jpg,Blast,2915,4bb090f952497459df70ed290ae3274792f8260c7c054cd074eb5fabf2b5059f
Blast/BLAST7_132.JPG,Blast,2995,ccb10cec6e6aa34de9340c36604972a6a695e6b3af468d6c1946aa6cdb5b9ac9
Blast/BLAST7_133.JPG,Blast,2918,c738a8947021565cdc3f95241937e2ce056ad0e3f6430ea3621d704a6c0ecf69
Blast/BLAST7_134.jpg,Blast,2918,502c53cef3f69e7ac8d363b61d123c2ac92ed88ffb2c120d3c4df7f8f5674b74
Blast/BLAST7_135.JPG,Blast,2998,4799fd84eb4a758ea2a56714f889cae323d49fcbf84349e8d90e9fdf9145e5c0
Blast/BLAST7_136.JPG,Blast,2999,78c50da75269a6e1c1c2553286ae416d8eaa5ade7871ffaa10829c15b4b534fb
Blast/BLAST7_137.JPG,Blast,2921,3033ebf7bb122e459f9ef32a394ef1d296f33c392378e67686d44f4d22d7b3e0
Blast/BLAST7_138.JPG,Blast,3001,3dc1d06185221de84d0819598806fab031bb99acb6e2a3401d35296b1d0d1344
Blast/BLAST7_139.JPG,Blast,2923,8b20e3e0dccaa847dc3dea79e7b06f2c2e71fbd45ee51377eeefd884ab623672
Blast/BLAST7_140.JPG,Blast,2924,12b6a3b06ba65eed96be1ecca4f14f2a161a424689ad6a671854f56feb87f2f0
Blast/BLAST7_141.jpg,Blast,3004,6e08dc0b14c16ffaf7570794dc803d74b7b37a78fd12014c59775ce820f21c2c
Blast/BLAST7_142.JPG,Blast,3005,f24fc71f0cb28f7c61ce5cd0e5a255701249f82d69670badd70699f07249a914
Blast/BLAST7_143.JPG,Blast,3006,a40cf8d3b93e8305c82be90e14deca21e9c16b3600c11dd0d8605bfd6a314b70
Blast/BLAST7_144.JPG,Blast,3007,93ee48583cfa0bda4c9c938a8dc3f6ab4818ef0a8fbe78453dd27af82e11e10d
Blast/BLAST7_145.JPG,Blast,3008,6ca501fb1c7169e8db7cb9ae02f5f6189c5cb45f4e188f0a37e2f3a712d10ac3
Blast/BLAST7_146.JPG,Blast,3009,7276c4d6d2f12f65293bdb262d258c21379077d96bd8afc99d6289a33533f28b
Blast/BLAST7_147.JPG,Blast,3010,ab9dd262b7c78de4b62b6702b72c034f55e1dda95f0be6c67368f7a0e66da8b8
Blast/BLAST7_148.JPG,Blast,3011,9c08b399048b0026437e288c4b37d22e7644193354a7860c7821121861477e86
Blast/BLAST7_149.JPG,Blast,3012,72cb457431c6b5e8b40d52bf89542c9388d4b3b450cd7dc76af02682597acf8e
Blast/BLAST7_150.JPG,Blast,3013,90f473fd04509b366cca7e9f9e13d6bec26523e5bdfa823ea972d2cd6ba257bb
Blast/BLAST7_151.jpg,Blast,2935,7fb0bca03281237e2ca888e4f037d12e557f8fdbb274fa66b8dfd85f2263ea29
Blast/BLAST7_152.jpg,Blast,2936,b560b347fafda5594b7c37eb8568a02ff28cd8fdcaba6e41557c1aeea68a0445
Blast/BLAST7_153.jpg,Blast,2937,320d6bb9ae2fddbe17070ecfa7c0b4c21e964b4c0825091ef94eac884ab13629
Blast/BLAST7_154.jpg,Blast,2938,5b6cb118777a6e770ef351f55c56f51543d8b2dbfdb290cbe80d54291e9942bb
Blast/BLAST7_155.jpg,Blast,3018,199fdf5a82e6bed834168a1772eee7f52dae09955e3ecf9a503e9a400d933e76
Blast/BLAST7_156.jpg,Blast,2940,0e44dfecc1d0fd30bc40ca5e8d3fdde54230258c3cc5ef9e7fe5671026e82e45
Blast/BLAST7_157.jpg,Blast,3020,353ede4277f14c25a6cb3aa97312d94f9f4b96ffec4b2f143df24cc163ee5ee8
Blast/BLAST7_158.jpg,Blast,3021,4fa890dd9e31d3ef3373cab656be2428ab3782c27d61378a11293438e5a7f337
Blast/BLAST7_159.jpg,Blast,3022,829e24a6cd4c77b68dab3ab8f427961116fe0a3f90ddd55a4d64ed2885d2a47e
Blast/BLAST7_160.jpg,Blast,2703,e49c1fb01d0f192e14c94529c4aec727e42ac0b18d69699ef213231660eacb74
Blast/BLAST8_001.jpg,Blast,3023,7a8dfe386a2b77d6dbd6efc3a4658c3a6dcb1aa594570bd2acd19a63ed02dfe3
Blast/BLAST8_002.jpg,Blast,2945,3e7e401a669b09ecefed295be8df611bf11a6444d2aad9ac09b1bfc527c7019c
Blast/BLAST8_003.jpg,Blast,2944,647b785285d517d4d9498cc928f3e141fee7a12ab858618fd2c5d5c045b37df6
Blast/BLAST8_004.jpg,Blast,2867,5fcab829bf6561c8ff6817302ad28ebd72f097096009fdd3654544cc9c0b962c
Blast/BLAST8_005.jpg,Blast,2946,a81d5f2ca85f7c323c8e18fed01e089123b9c008e86075184e8e99599f1052e5
Blast/BLAST8_006.jpg,Blast,2869,3cc031c72a6f627551ec12379fe742ce9a18114b87f7fcffd4bc90879fe13b44
Blast/BLAST8_007.jpg,Blast,2948,90ebf2c8ea84dfd73e6c695f05c08da7ac3ebc67f425ce659f0a00ce7044944b
Blast/BLAST8_008.jpg,Blast,2871,db6591ffcf8dd2fa291ab4aa3aef99996ff33ee4201e5c0ce50a880c1a6780c1
Blast/BLAST8_009.jpg,Blast,2950,cbca8112d2921460508a6e44e6658f1b25ce157a85d2fa700aa31a84d618d309
Blast/BLAST8_010.jpg,Blast,2953,2e93313ffae88673a0194f696ff362cd92666105b40adc86bb281fc8490a1306
Blast/BLAST8_011.jpg,Blast,2952,6e647b1a6038a3cc81cfa2151f44c3462aa737614074e2b7cc249e579e99a721
Blast/BLAST8_012.jpg,Blast,2875,18b8bed4f5db855ffc910ee8784b11e720a63585349dbbf1dd090aae2616435a
Blast/BLAST8_013.jpg,Blast,2954,96725928a2b210626e43f36c3883869f6dd4ea268774e56325d48e7842dbbcb9
Blast/BLAST8_014.jpg,Blast,2957,3f57ad86c8f55c2f6b2fe9bd76f946e4cd15686c6312a2fdd4f70c4f1c88a19c
Blast/BLAST8_015.jpg,Blast,2956,b9906f8b91b9d96299c2b8bc673dc02c4e7087ce7202f36b32961aa74f8fabf0
Blast/BLAST8_016.jpg,Blast,2959,90125c549bac8674456b8879cf4d2d4c4b5e44bb5ff71e8c656228cdf9a7a89b
Blast/BLAST8_017.jpg,Blast,2958,8f569948935fd2dea6597bff7cabf0f8000425d3871f23bda28a526a7df21854
Blast/BLAST8_018.jpg,Blast,2881,ac433a3999a3fc01875457212d60f41e69fc73ab6a2102f4f7e2394a3efcfbdd
Blast/BLAST8_019.jpg,Blast,2960,c9a0f9315d4ee1fe8423a2000916e7a17a4798fd2ad6b3d3b3ff5c74c4e586e8
Blast/BLAST8_020.jpg,Blast,2963,95db4458d517059f746f4e079e35facb0d3dcd85a8da8c6fc467d9731d4cb772
Blast/BLAST8_021.jpg,Blast,2962,584002fc1290964c8938e9f7f9e2e2465501b73f9b3e1dfcce8ea4b7974c3eff
Blast/BLAST8_022.jpg,Blast,2965,fa68bd368da5e028b0b43420d03d61d0deb221f6021861cfbf7b779692d1f45f
Blast/BLAST8_023.jpg,Blast,2964,c8f072770cb6ca86d4a4a4d04d57cc9168e85c5160df970d918c9c19bfbe4f62
Blast/BLAST8_024.jpg,Blast,2967,d1feae87d9e414c75d65e02b222867bdf317688b98a24c0e2382b7ca67d9ec4d
Blast/BLAST8_025.jpg,Blast,2966,318d78657eecce034b9793a25cb7007386581f7e7b15a7bd054b77a1518f0def
Blast/BLAST8_026.jpg,Blast,2889,5e7011b079c2609a49a500739d201f27508773852a1a94c4f5cb558f8feb6ee9
Blast/BLAST8_027.jpg,Blast,2968,13f269a5cc8e71ab2efb3de7db01ada44b2874530aa8ee447e39393442e2e940
Blast/BLAST8_028.jpg,Blast,2891,d2afd71ed0116bf09d1f9b7575f86eb8fde94e8e40c294b947e8301d9a6acb53
Blast/BLAST8_029.jpg,Blast,2970,443f70e411e3c74598aa96675690c20f671e79dc3b65b6386911a71403309044
Blast/BLAST8_030.jpg,Blast,2893,c864cb1387b5fca9606fafa90198645b95d028723c53eae74eeac0dc64c3d6a5
Blast/BLAST8_031.JPG,Blast,2414,8ba7181cf63ae1902023064fe2cb2712cfc89f7eef791b19f0ac967cbb03533f
Blast/BLAST8_032.jpg,Blast,2975,6ca12d505d84228708594e55f1d48592fd344d70d892fd32fc9d465dbbf2f1d5
Blast/BLAST8_033.JPG,Blast,2976,e3a1dd3a51fbf6f9186b4c73b41189bf06344f0223bf97e48405c7a8a6ed61ae
Blast/BLAST8_034.jpg,Blast,2977,57c0bd18b147958a4e0daa48b10c09b7fa0a091f60855cc5f67efc684ba513f4
Blast/BLAST8_035.JPG,Blast,2976,bac8db27418adc8159a79c0a0ee88a18dcaa817ce7e3ba457d3a433562f70e6b
Blast/BLAST8_036.jpg,Blast,2979,99313a3ca05ff24c1d5ed182419e13cc29f9417f0778b0cc55cdf8270ccd1273
Blast/BLAST8_037.JPG,Blast,2978,af7ea1c201f229ad545d3843251db6f280aa7f0f21207cc8cf5cae02d6a28ece
Blast/BLAST8_038.jpg,Blast,2981,3b9c2ef95f0383065174dca31a570553c3c0e8ef663c3ff918d176e8294d4f08
Blast/BLAST8_039.JPG,Blast,2980,ad0f42daa77ca638cd326fee65531858561f23b8df05bd4e21d87aae1f8b1086
Blast/BLAST8_040.jpg,Blast,2983,52d0cc68145d7e5f65fed4c9b4aa34ece94731062c14a840be29482f6789bb06
Blast/BLAST8_041.JPG,Blast,2982,4a5c85e7d25c8c342b9ed48839923d1cc23c65ab995714b67db91ca0843ea6d2
Blast/BLAST8_042.jpg,Blast,2985,3d7e51203a4aead274413bd334f15c133d80237490dcbb5955eddba3cf636345
Blast/BLAST8_043.JPG,Blast,2984,7e9a0b8966d3134c6384299f035c76e059375f31b82a1a3107eb90475f6cedb6
Blast/BLAST8_044.jpg,Blast,2987,278ebd65a37a851116e92d3f4e5c515cb74d860b68cf9f865a966f79655d3aef
Blast/BLAST8_045.JPG,Blast,2986,3b8e5c5a84c2579a3f3413c45c6eb875691ff2eb79c538f6c1926b76feb74e6f
Blast/BLAST8_046.jpg,Blast,2989,73d093ebaf29975143fea752c748310eb3e0cceec0b3253e74f0eafb227d9b73
Blast/BLAST8_047.jpg,Blast,2910,147a8c8d3daea0c1af0788c6fd3b76d390b623832a442f1211f35db8a6824ffd
Blast/BLAST8_048.JPG,Blast,2990,1876c20b8282d3d56b42151e622f9181551a23c80061c921dc87e7c73d112237
Blast/BLAST8_049.JPG,Blast,2991,41bcaa999e84ff6db2906ec4b2594f95d94da42bf70e7c6ae117d8fbf5392ee4
Blast/BLAST8_050.JPG,Blast,2992,387a408c4b770bf424b7503c3d8f6088d1b9149231d1521ab2ce4fee1cc06440
Blast/BLAST8_051.JPG,Blast,2993,4a1a774a536e52426689bf28d10986dfd413913bb76d7b0f3b1e0d74fcb2ba1b
Blast/BLAST8_052.jpg,Blast,2915,49ccf76422c1102646577233a73d0b9fa3dba064c12b2af68d5647f9ca8bf353
Blast/BLAST8_053.JPG,Blast,2995,0186d606af7da80372616660eb5688d6adf73f9b1aa318d9a9bcce7262f86627
Blast/BLAST8_054.JPG,Blast,2918,d9f084e480a3cdba9c0835b6dff6fdf6f342a1ea6033b742e88a1d2940d39589
Blast/BLAST8_055.jpg,Blast,2918,22d2fdd3737abfb8f31750a00bdc8da1b31f909247e4164f947267a549811c09
Blast/BLAST8_056.JPG,Blast,2998,be2d8ed4794be9b507693469f14ed73d50685f5ab036b1a70e4fe75236576197
Blast/BLAST8_057.JPG,Blast,2999,f70325c86c49cfe314f81a0e7937d04cfc7de8257adf5464ec6c88fdfc7241b5
Blast/BLAST8_058.JPG,Blast,2921,a4f58e10f83809fb23bac4517d4ea33266d9254ab60475b3424b6e5a150ccb9d
Blast/BLAST8_059.JPG,Blast,3001,badfcd75791490e475a45318f965c1bccda18f6331a14fd5daa2bd5973168feb
Blast/BLAST8_060.JPG,Blast,2923,02e3319ba9dc98561ce1c62efdd38141e87390511ff1e559f34bd32658cc1825
Blast/BLAST8_061.JPG,Blast,2924,b56c81b6926f1b2ae6591f26bd210c7b5a9e8f00e692a53deab7671b3a0a4610
Blast/BLAST8_062.jpg,Blast,3004,7a1bab67af00cb8803c0c48a37ea1021a59e9e639421a324ff515280bea8f816
Blast/BLAST8_063.JPG,Blast,3005,c96a8329ee80d6f424112290e3213325f0bb6b94100af194d6cd4f69af17f56d
Blast/BLAST8_064.JPG,Blast,3006,40729835043b95ffa4522028059d9e04b96cef80ad3237ad7d695590c3e4524c
Blast/BLAST8_065.JPG,Blast,3007,3b24f519f758f819084421dae3e175bc118e2e7332f96ca7c2e3eafaf83f1be5
Blast/BLAST8_066.JPG,Blast,3008,30f66979fcf4bdf1f0149124e0267c253fcf7517ebf276f2057df0070c7ae316
Blast/BLAST8_067.JPG,Blast,3009,ff97e38278eddc77b10e9dd13b6c940afb467c492dda1be46c7bcd04471865d6
Blast/BLAST8_068.JPG,Blast,3010,db2726f971e2271b8a1eaf82211d638f5b5ad0979289735f3c6007de50b029cd
Blast/BLAST8_069.JPG,Blast,3011,50824e31b8082e66a535db1dd4fc61e8512725eb1a42ac5d6a4bad3bd99cfd72
Blast/BLAST8_070.JPG,Blast,3012,a5f650b98779016cff3af4e45d8a4843827f354184526ba1842297828a379a29
Blast/BLAST8_071.JPG,Blast,3013,c48a6e445d8d6ef9bb44b1a6f2f50c276df4d684ead16cc223d1f7f8bea000ae
Blast/BLAST8_072.jpg,Blast,2935,2c55e3b3eddbf705aa1b72cde20265e7f7c7fa24b552adc15fb031e1e7c39a83
Blast/BLAST8_073.jpg,Blast,2936,d46c6b74a6aeff52f72b9d4cf607e41206fbaab3698b990904812f369e3ed2f9
Blast/BLAST8_074.jpg,Blast,2937,7f05fe0de57cf8a3b872ca6a6a9a0a77e141aedac34295aff7756b86e3cd8cce
Blast/BLAST8_075.jpg,Blast,2938,4636edc3612f550b6746123cb977879d01bc566f2243ec0350e048b6f908ae6a
Blast/BLAST8_076.jpg,Blast,3018,8a3920ebe5555d96b91820e2cf1c3c939be5fc25d4236d72025832d8a64631da
Blast/BLAST8_077.jpg,Blast,2940,8566de3a81b837b91b911d959ff490cf4f053b35cfc3003142d3189cd4f09baa
Blast/BLAST8_078.jpg,Blast,3020,a2e3f537fae4074777c92af081f8a993cdd4fedd2c23199234561f7f698ca0b3
Blast/BLAST8_079.jpg,Blast,3021,78d974e72af7e05a9e104b5f5ae8e27de6341910d86d2acd58b43e86d38b8ea3
Blast/BLAST8_080.jpg,Blast,3022,fd7d2c58e25f5a9901e0a33b740731caf895d89ae5ca07e8c1b290e3e61c8e29
Blast/BLAST8_081.jpg,Blast,2866,b92eaca95eb4d905a27f31ebd425c33f8050d71cf695bf079eee9775876514b5
Blast/BLAST8_082.jpg,Blast,2945,5c75260e9bd0607c631c867e95f87bf446ab8ca38177a1768e2cd8e45bd94f8e
Blast/BLAST8_083.jpg,Blast,2868,090a4c1546bc93c91d1df5dc1fecee297a9caa9cfb6f7e49ffce55bd515e46a9
Blast/BLAST8_084.jpg,Blast,2867,c36afa6bf6f4cbf13d2684076c33c98c2bd5f8fd2ecbc64edbb954c880c4440f
Blast/BLAST8_085.jpg,Blast,2948,d317319d8a131e759b25df9a9fcef44d22495e80bf090a493e45e9e2b2f41cb8
Blast/BLAST8_086.jpg,Blast,2869,e7d8f305f55da70e4c77fb08bd1a71d53fce4449795c59d808d11b239bef0eaf
Blast/BLAST8_087.jpg,Blast,2872,85a16fc6a7007eafab606a1cabce2f258cff5827b8d550d699a0a25fd0adc988
Blast/BLAST8_088.jpg,Blast,2871,d8fd67fec63aefa0b0e6256197e65795d3abc8e2eca9e087b7db98d3127105d6
Blast/BLAST8_089.jpg,Blast,2874,f51466650af203cb5807160e8b4c31c49ad2bbd1059845314492d33b37f5297a
Blast/BLAST8_090.jpg,Blast,2873,8f19ec22ba788582275c5c6f77db897cac09e113a030d859e70fc7742a04817f
Blast/BLAST8_091.jpg,Blast,2876,497b8be37df17905db37bbb72b26de571943316526f7591d47afa395f63572c9
Blast/BLAST8_092.jpg,Blast,2875,6cf330ecb29d81a6cd43d5945beb1a5122caa3fd87d801e3addc0ca246c5bb5f
Blast/BLAST8_093.jpg,Blast,2878,6d04ee5688a0533ecf7d410f5954a9eaddcffbf84622ff2d697b21787881afe7
Blast/BLAST8_094.jpg,Blast,2877,7b740bc12cf84f38d27951011a6f74642eaa66f6e62a5705d57a16bf04bd8673
Blast/BLAST8_095.jpg,Blast,2880,2b603bb67d5ccd405da4339f6ca74517fa2b48bca260ae5ef86985f64888dee5
Blast/BLAST8_096.jpg,Blast,2879,f5f1ae8cb1b8cf7c66538c36ed7dbed4fdc9c395bba0dc6ee5dc00cb62f88882
Blast/BLAST8_097.jpg,Blast,2882,81237c92163b19720d1b7e45aa15d74a360e5e4089c45beb5457be7f89499042
Blast/BLAST8_098.jpg,Blast,2881,3e30dc9c282387629553aacadbff5bff5d770b9be589ec118f552383cb71a9d4
Blast/BLAST8_099.jpg,Blast,2884,ca0bc6e6006f5ac8a99eb5a66844e97149700841d338d972bd6105da27592a07
Blast/BLAST8_100.jpg,Blast,2883,6bd5ee14bb3b92db42423cebac652c5391c246826b60647a3e0721cd880f0f79
Blast/BLAST8_101.jpg,Blast,2886,e1819a52a2cb125b2ca4acb04c8c646a31eea85fb0a20f09ffa75c65f8df2369
Blast/BLAST8_102.jpg,Blast,2885,cf2eeecebd90efbcf7b3039082180baa8fde9df22a66104049f1dbdf6f1443c9
Blast/BLAST8_103.jpg,Blast,2888,d60ba508c5a775f403455a6d3f51549d36dff6a13f63b5cebee55d47d7247c3f
Blast/BLAST8_104.jpg,Blast,2887,706f0dd190a5af476a13936795d4e29774411f5b733f583445edca02da3240c5
Blast/BLAST8_105.jpg,Blast,2968,41f76a17a846784479ad544a13a1caeaf68d0ac350505ff07aa2c1c16c8c03f0
Blast/BLAST8_106.jpg,Blast,2889,ed68ec209262d6afec753eb93c2a54cd07cab5f932c1ea04b3a6ed653f8f161b
Blast/BLAST8_107.jpg,Blast,2892,eabd134abb81d18eb1a3b2354b54e1f281eab1b8e83b30bc8a52eafe6abfda79
Blast/BLAST8_108.jpg,Blast,2891,14e51b774f707889edcd5c1158edeaf5b84e3252f0d6adfb70e2ec1df70294fa
Blast/BLAST8_109.JPG,Blast,2414,14f923cb01ed4cfdd12fee7cd5062b1a03476aa34cbd2e7bcc2da98f7e44a916
Blast/BLAST8_110.jpg,Blast,2893,c06926e27e0a70a1216bbfcece1caad72d74c478b1b9bd748c996e5ae011a128
Blast/BLAST8_111.JPG,Blast,2898,e435b8805d2a1ac9974fbc636abecee297b18daa755fcce7dab96ce60c663a41
Blast/BLAST8_112.jpg,Blast,2895,eba87c1d4fe40dfc632961b3c6ee932fcaa4549f0996b78303c73b12c7066743
Blast/BLAST8_113.JPG,Blast,2898,67fefc715f7477eb60e95ad43ba078226bb1ecc5b5d163793d7246ea413c6669
Blast/BLAST8_114.jpg,Blast,2897,afa4ba36c2f33e53c1c540a50fa1b1cfe23f8accc0577adfc6454db4c3f485c3
Blast/BLAST8_115.JPG,Blast,2900,21daefc335b26d1dce380f7f8e9a29ae405f8bd95e848cb4564163c6f6699476
Blast/BLAST8_116.jpg,Blast,2899,44e0d2a48eb90a68a4430f809dd12d13c4fdb950d7ee1000d0ece61f39a88f74
Blast/BLAST8_117.JPG,Blast,2902,6345dc7d0d270dad08af60f8c23a957bc1cb89b2ba89bc1efcb01de18660ae82
Blast/BLAST8_118.jpg,Blast,2901,aa93d7ff718e69952619c31243a67291298b31e7805e3731cff9bc8e1ed85ae3
Blast/BLAST8_119.JPG,Blast,2904,ca9db8a8f5064a640a36c7cab0a136d979abf87d091281205b21ef1321a26fcd
Blast/BLAST8_120.jpg,Blast,2903,603c74c07190bb2b07ce6c2c4f80293d537236290de91bcb759602e127762202
Blast/BLAST8_121.JPG,Blast,2906,4b4b3613fe13d87b209f52c0ba4ba64eb26a63f992cf4c35a2e151ca6e77f877
Blast/BLAST8_122.jpg,Blast,2905,404415e416b6c628f872888d520b49ed896366424c702ca4a6f9ade2d37ea6dc
Blast/BLAST8_123.JPG,Blast,2908,d03b85efd2ad0c658990ef80d0b08f657471550de8b7cb782fad1008df7c1097
Blast/BLAST8_124.jpg,Blast,2907,182da5fd451b794ad8069028be9f6c8facab62eee825aceca83c023bd44107b8
Blast/BLAST8_125.jpg,Blast,2910,c42fa7c5ee8293720045b7fdc4fa0fc424c817c56bb64a89d1f3717bc131146a
Blast/BLAST8_126.jpg,Blast,2909,764569cbc10de4f66102fe7bf06da8928c08bf3fe78f1ae9ae3be20c1fe9154d
Blast/BLAST8_127.JPG,Blast,2911,aae936613ffb4a2ece3e2b52729d2ebc6c2ef742a56d6a6b3db44665a568c929
Blast/BLAST8_128.JPG,Blast,2912,25d34a75d3086eba1c7b73a88e0ae3739e7cf7cd06d3cff4f94d7befc62d3123
Blast/BLAST8_129.JPG,Blast,2913,f34530fb5f01f0dc97761bfb5e824a908bee5a0fb58a07856768e63b89f0ceb4
Blast/BLAST8_130.JPG,Blast,2914,5caf36504e197dd0f732185178ac625bba87582adee6e1056a443420246abb61
Blast/BLAST8_131.jpg,Blast,2915,7fe726aaca9d3793e86532c24932779bfd04c6e33f6ab8300a5d4e7fd6208ec8
Blast/BLAST8_132.JPG,Blast,2916,a7f7e04d1c3444cea24edee3e41988af3d3d81c89e86c98f0a59eee3b92650c8
Blast/BLAST8_133.JPG,Blast,2918,91d640ed2b2fd9593dc47bcb976363da810b8cb0637c4a8f70dac0415f965bb0
Blast/BLAST8_134.jpg,Blast,2918,d3bb4720ca3f931db1a33b2a5c33594b2c2a00c6cbe6cca2a6561075df0380a8
Blast/BLAST8_135.JPG,Blast,2919,163f60720fb9eb5625002a4775b178c35bf439d6c43b282d9ffce2923436bbe3
Blast/BLAST8_136.JPG,Blast,2920,09d547072c221085586cc1726690fb21d2ffc803aad9df5d85a47e1b9562e3e2
Blast/BLAST8_137.JPG,Blast,2921,894ace97aae454e4a42b8c5e2746c447f282b2553bb37ab9ba3e368336a9074c
Blast/BLAST8_138.JPG,Blast,2922,bac8b09d522022d34bfc3b1c0d69ea7afd9a658ba5234b1d04109a350f4b345a
Blast/BLAST8_139.JPG,Blast,2923,238189ac6c4445f9c0194e6810c78c5c7e3d472c2891403692dd65d8defda703
Blast/BLAST8_140.JPG,Blast,2924,754e71a04426c5a2282dde37e1ce6278eed1f5cdd191a2e2816f75a0d70b2544
Blast/BLAST8_141.jpg,Blast,2925,f573696b17dc1612c05b9bd9f7fadc942fe8fc2a86ebe9dec6d3fa885ac52ca3
Blast/BLAST8_142.JPG,Blast,2926,3814d7e73193f38720591abba53e1730fa075ba63bd302b069c79c8a162fd51c
Blast/BLAST8_143.JPG,Blast,2927,cf75b2cac1228ca89c541e3a0f8ecae1a811e0d249b37787c7e2da90edb0eb87
Blast/BLAST8_144.JPG,Blast,2928,5d28453542f29ae4c3b5a04aa23efc1385e429c185fd84727be82121e4711188
Blast/BLAST8_145.JPG,Blast,2929,1ad5d0dfee5054d198995aaa7a111d9d74e6d36bcfddec2befb7ebce2a714df9
Blast/BLAST8_146.JPG,Blast,2930,d4e24e36fc2b278e55da8910cff849213dea86ba7da3d65fa32e9b7a31532009
Blast/BLAST8_147.JPG,Blast,2931,8ba048978c9f97e4a67491cac05e849fdd0db2a67c789550d65f4116aafe83c6
Blast/BLAST8_148.JPG,Blast,3011,977555b04b8c623ebfec68c3c8f0ba0f2c52bf709fc86962a2577439a938bdef
Blast/BLAST8_149.JPG,Blast,2933,b6348f8caa36b44dc3a360a38c9a5d7abbf26d5f5a771a5456e27e745c7139f6
Blast/BLAST8_150.JPG,Blast,2934,ebc2bc2490dfa589a96b20b3da468ecb32ae4b9258bb3c01a227e09e2319eb47
Blast/BLAST8_151.jpg,Blast,2935,3b15b83522dfadf7dd8073dac5bcaaf8608010dbaa7c7a8c1fab7693c6b74c4d
Blast/BLAST8_152.jpg,Blast,2936,9d949196924d81856b23e35c70ad46056c45c0c61a6dfb11042eb4b77c10bb64
Blast/BLAST8_153.jpg,Blast,2937,6c8770fccbe3fe3a1d9134e28976b477ecbaa2079b67c2a607b5b42c0b12f9bc
Blast/BLAST8_154.jpg,Blast,2938,b81dd2acd80991f369203c1a96356e7d74c6c985b735aa92e554f34f8dcddd92
Blast/BLAST8_155.jpg,Blast,2939,90600bee14e83eb8b85f8f61149cc42d7f2cd08053d553dddc90c3ec8c78c01e
Blast/BLAST8_156.jpg,Blast,2940,75476988b375e5c6efddcfa6fcd1b081cb3bb0f5d5f2f91e73d4a1fb6a75976f
Blast/BLAST8_157.jpg,Blast,2941,9ca47ce7539f5ee9293002cb93b526b6ed8cd9655fca21ff9d1ebdc020cb95a7
Blast/BLAST8_158.jpg,Blast,3021,6b1248959927db10bfc518f9be8b7a49a5854260f069bf498ec226cf526ceebd
Blast/BLAST8_159.jpg,Blast,2943,23e61b96bfcc83c9a2b28460fbea60d2ec2f56e253b84c6edfe5e5766d3b4808
Blast/BLAST8_160.jpg,Blast,2864,35ecfe53d42a916c4b042e6af2398e6fd0f998d4890bab4264ce142581cdb44c
Blast/BLAST9_001.jpg,Blast,2864,e42521a5fa45de703d023e943abaaa07e4927f0fa0a52016238760935684ec4a
Blast/BLAST9_002.jpg,Blast,2945,eb27fc712e92eaeef4d67cb20e47c1cb22385c00be89a93e632a317c5d730777
Blast/BLAST9_003.jpg,Blast,2866,54a9ef0273f17066a2dd9f643827e1e4489e5cde30370b3b3e8e3ec5aaf84c21
Blast/BLAST9_004.jpg,Blast,2867,f227183a1de812200298d0af0969fa221657f80739b17dc50956bdaa55716679
Blast/BLAST9_005.jpg,Blast,2868,74cb3cf6f368145c988dc09c2e2a830ed3d49f3db246fbcadf7d316ce4f3d6e6
Blast/BLAST9_006.jpg,Blast,2869,3c3ece67ac8788dc4abc6ba61b5f6f47bb890ac0f5175c22b27db7dd23c0a87b
Blast/BLAST9_007.jpg,Blast,2948,d9eb501951dbcee4407b540bc6cb93cab9384e541ca6b7f0e2958db216204ed0
Blast/BLAST9_008.jpg,Blast,2871,0d8ee56b8347109846fd0b6e64f649a12536d96a900f7a1fd520b42abf2e8ddb
Blast/BLAST9_009.jpg,Blast,2872,b604c2e6507daae64334952d47c0399764c7eec22108781771a6e1362555d5b1
Blast/BLAST9_010.jpg,Blast,2873,642ef2cd8041b2ccc49b31443471d29d9d0396d626f93a3ce41a7f28e39234a6
Blast/BLAST9_011.jpg,Blast,2874,272e59d9f76861fce4248eded7a82aa3a26bbb2f38e0ca08619f6c61e8ec2b25
Blast/BLAST9_012.jpg,Blast,2875,125016977d49bb747589bdd2c8f6474fe6c4b6fa6a54f9bf8e99a794e8f0683f
Blast/BLAST9_013.jpg,Blast,2876,e98f16050051925c6c04b7b4fb6b0d12ffae7f4bc6eaad00a85df425200dcb43
Blast/BLAST9_014.jpg,Blast,2877,996506cf47171457d208e3863ca494fa95f361e852ecad13caf00100ae27befc
Blast/BLAST9_015.jpg,Blast,2878,2e7209fb330970dd69aaac00340aa799ce59c1e2bc389672eb79b3bf88a34eff
Blast/BLAST9_016.jpg,Blast,2879,4af5c16fdbd80be96d45043efb47cbd9464dcfd8f9abadcc5064863e3bf86e45
Blast/BLAST9_017.jpg,Blast,2880,cf533d5bce9f60192ce4fa9e99a4dc189b2e29ae426fe98d5330a0ea66f1bed8
Blast/BLAST9_018.jpg,Blast,2881,902cc7662e8a112736d5c7be294b34338e85729523129985628321f540277d31
Blast/BLAST9_019.jpg,Blast,2882,24f0b9afa232d8c98310f9e00f889477dd79e4a6545aa8ffa008de2a995cb04c
Blast/BLAST9_020.jpg,Blast,2883,946373db62043f7e2803b3899a06e553055fa09d5e86766818fd570deab0d58d
Blast/BLAST9_021.jpg,Blast,2884,c700cfd15f62ab93598b25cf839a25ac77118b3d796b139357337d1d57cc6c80
Blast/BLAST9_022.jpg,Blast,2885,79ef07ef5a6ae24a09272b1cc36fafb675763e7baa2a875b1b7d6e0656fa1bec
Blast/BLAST9_023.jpg,Blast,2886,1f268184fe3b63e894c09454676b3204a902c596a0293ff3ff13b0cfa6aea35b
Blast/BLAST9_024.jpg,Blast,2887,306e8856cb4d348355fa3bca24508facc326f10f7062f05f7b852db7b727eb7c
Blast/BLAST9_025.jpg,Blast,2888,fcb864d568618f58c5705fd1ecd76b25897d8bba943005880ee2aaa7ad07626c
Blast/BLAST9_026.jpg,Blast,2889,55f9c5c4d1a798829b9dd182646cfc40d0398ae30b1cbac63dcc0ef35805d2e5
Blast/BLAST9_027.jpg,Blast,2968,b52dd28b2029f151e52d1436c0205f0a5d61fca280e309ff343a5eb1dd6deeaf
Blast/BLAST9_028.jpg,Blast,2891,e3c85a3b589da72134f1219ac16886adfc4a72a2b3f32a4164e099eb8036e24d
Blast/BLAST9_029.jpg,Blast,2892,f2c2b4e0742b0ad2dc8f1fc670a4382d728229857f25e09c75385cf4d40ce397
Blast/BLAST9_030.jpg,Blast,2893,a034423d2a0d6fc378af09ce837a1f5f3dd32027be5ea7f5a219a58ae2fa6123
Blast/BLAST9_031.JPG,Blast,2414,4a86996b9a160458d5a4c9726e35d328e26d5816ecca9f8c483bb61613f2b2aa
Blast/BLAST9_032.jpg,Blast,2895,7e042db339d6a950836ee9d86312fce59f368465092594bbf7f0761cf5ecdde4
Blast/BLAST9_033.JPG,Blast,2898,27ebe3fc76ea382d5352e89da73b13202ed37808e4741ca555f9bcf70690a42b
Blast/BLAST9_034.jpg,Blast,2897,915a8864bb148e8d06c7d626ed579603e4e1b1de9d85b627f3bc237091d7194b
Blast/BLAST9_035.JPG,Blast,2898,eff7ce353cff8a4526d54b14aa618ab713a8d1c588a3d168488650428c65a327
Blast/BLAST9_036.jpg,Blast,2899,2370cbb02e6bc198232e7190042a7b9e853a128fd6ee2fdd93e08694f6407249
Blast/BLAST9_037.JPG,Blast,2900,2390c23c7622d1d6a1823de07a39f93deb745bdd436979fea6c9436cd78871b4
Blast/BLAST9_038.jpg,Blast,2901,1f4cebccb2c238732127302229b7da9d92d5008d9d1a425bd416a8bde6ccee75
Blast/BLAST9_039.JPG,Blast,2902,91266b53f174680847846aeeb1fdb9455f583e0199aea4c5e72e186e80ee4a63
Blast/BLAST9_040.jpg,Blast,2903,29b0a21f70a3348b31783fe6c4e0876bbef89fedfad11fc44d7e61726530d00f
Blast/BLAST9_041.JPG,Blast,2904,3911ca2ed4f3a507d339bac237d318104916ddab21edb6267210f6a98100865f
Blast/BLAST9_042.jpg,Blast,2905,50e3594bf37766642153ab4e2fd9057176e46c5ee400aa72adf1d4579ee0ac7c
Blast/BLAST9_043.JPG,Blast,2906,0d96c7f23ac4d780d527b7fe17b9a2788767a0c963372a3ede68552fc625bf39
Blast/BLAST9_044.jpg,Blast,2907,7794a8a6d36573d0df34c834922603828e0787a620833823a161f2e8cb0c4db5
Blast/BLAST9_045.JPG,Blast,2908,0591d1559d77602565e6ab32231b22196b85d3242775ae324e6f51294666ab13
Blast/BLAST9_046.jpg,Blast,2909,09e3f2fa4a01a26dc1173bbd024eab710ce04c6c71602c6a3a779ee4a503be38
Blast/BLAST9_047.jpg,Blast,2910,d2223f63c10918d214871d3cb9dbba40a372442f16ef566411763a4b68915ddd
Blast/BLAST9_048.JPG,Blast,2911,e7e00b9d4df23866df260a10e42c7b3a389963faa6b099d8359800113e1791b2
Blast/BLAST9_049.JPG,Blast,2912,5ef52e08d5bd4184a357c7d7779ff0d56870bf9eb1d1c7ba2c03000aa7ab05a5
Blast/BLAST9_050.JPG,Blast,2913,2532a594604289c6f66de4ad1fe9d58d33fda663405c4abbfbb2d1078560878a
Blast/BLAST9_051.JPG,Blast,2914,ead9e4984e2621838ea2095735ec748ba6a8ba7d4f9fbbd624170e2b8554f9e2
Blast/BLAST9_052.jpg,Blast,2915,e62e4cc64470ee5623a2d749610a522b51c8824e04452018911023505dd659ea
Blast/BLAST9_053.JPG,Blast,2916,f506748b99b36c11d61579f080525146158e35df23dc55ee32aaf51155792f15
Blast/BLAST9_054.JPG,Blast,2918,987e73ea040e4d4ff0337f8efdf9c80b8888088ac27e4fbbb766d67d0e66c76d
Blast/BLAST9_055.jpg,Blast,2918,38929cbe73ef9f0d625825895af77521ecfe246af04f8dcfa14eec7d96bd48a1
Blast/BLAST9_056.JPG,Blast,2919,7cf0133918c913f4eabcd0d907ae45cd00d9441bea31d139a9ac83bd2f92cc60
Blast/BLAST9_057.JPG,Blast,2920,f4b7537e49de6858710fafde942a6cb2fae4119d6b2a6b41b399578614b78bb0
Blast/BLAST9_058.JPG,Blast,2921,8a6145a2d4e71cbfab92a7b2d78071f907c3b024a95cc821afa27e685fcc298b
Blast/BLAST9_059.JPG,Blast,2922,75208e555056bdbbef723c3f1d3794312a41ed029ae0b5814d43f1be2dab9ad2
Blast/BLAST9_060.JPG,Blast,2923,d541b3d8985f206d0bf71526ee9cc3795cebd31b70b8516117118446e32de951
Blast/BLAST9_061.JPG,Blast,2924,b9cb3c9e4fd6a6d0df0dc81e84684c4ac27f7f31e4519f1612d343af05ac3521
Blast/BLAST9_062.jpg,Blast,2925,fdef0806706fc6894e5f6ef56d19921745fc9f448343633ee0a25e0e35bb1577
Blast/BLAST9_063.JPG,Blast,2926,ae355bfb506edac223232b6752cc5d39bf8c0561bf23d7b654c05a1835c2393e
Blast/BLAST9_064.JPG,Blast,2927,1cfb84aa5bea193f0b14c0edd7c2dac41bdce6b1ad40cb7356917f51f628c68d
Blast/BLAST9_065.JPG,Blast,2928,d67b8849cc02ea09a11694aa4a2f3a239af2253f87885736eb0322b4421eea02
Blast/BLAST9_066.JPG,Blast,2929,3bbabaa84a62d88d48d762527a66fbafb90ff6010c778826e5a47811eea47d7c
Blast/BLAST9_067.JPG,Blast,2930,3238cc5fe48a5cb6b11f18b187ecd78d4dd8908d120db5697879518e57a175ff
Blast/BLAST9_068.JPG,Blast,2931,4c8f736cf24d92e96befe1907f2a224552d2a7bef5f4d8316e8b580d95a38412
Blast/BLAST9_069.JPG,Blast,3011,10657aac2ce715ef2ee63b9378aadb20d377d78112125b7d900f7bad606895ee
Blast/BLAST9_070.JPG,Blast,2933,da314401722832777619b0177cfe487e34ce91a38fe0e74cfb53930d6cd06c18
Blast/BLAST9_071.JPG,Blast,2934,b22aa1d661b9b4f908c817223f64e3f9966c44c3714b1bc062ecaac24efbf21a
Blast/BLAST9_072.jpg,Blast,2935,674a6df6d70682323e28b4fe4b0ea84bf83f42b514146202cf92f85a5a9a513b
Blast/BLAST9_073.jpg,Blast,2936,0f93c8bd547014bd54158f829b30fd829da14d3606a51c90003f098ed47d94ac
Blast/BLAST9_074.jpg,Blast,2937,f34e544cc5e9d6270ff995fb2f8be9c2e22e679e7d653991ccb2796fb9a09821
Blast/BLAST9_075.jpg,Blast,2938,9db189f3ec7ba61e61fd62199c690937990809994d98fcfad212d3f359e9564b
Blast/BLAST9_076.jpg,Blast,2939,9f26aeaf952b3325433fb9de6f3dc8039361883eb6e792ad69abec5fff69204c
Blast/BLAST9_077.jpg,Blast,2940,5b1166b38dbd5fe8ccd5cb0ce7865a63f268d23d5edc334a46de90d27eab9b48
Blast/BLAST9_078.jpg,Blast,2941,a920f41a0f29ed7da6cf90e6dc27aac68f017a0f38df32edea0784dd96348b41
Blast/BLAST9_079.jpg,Blast,3021,80fa4e2d2f6e72abbebf1c11bcca45c28125e8c16c915d9cfce64575e51136ec
Blast/BLAST9_080.jpg,Blast,2943,b9a6c9a60d5ec572d201aa69e6e6528ea966374ac0e5f52f01f530a62697a096
Blast/BLAST9_081.jpg,Blast,2944,f307e0526bca705431b517990a5beb7b2f2c76dfdbff819cc0f4ad0d159cb763
Blast/BLAST9_082.jpg,Blast,2945,5b88bd2cbf2251d6a500516a66627a86d08dc2a3928c4a4b6ef931f7feed83cf
Blast/BLAST9_083.jpg,Blast,2946,dd7b9eb4db650ab0589fef2d67c42f0625bb43f9fb7219e5199b46257e3ab7cd
Blast/BLAST9_084.jpg,Blast,2867,dfa2d417e908dfc8118d051ad78bb55880969b01f254796304c187c0482ada0d
Blast/BLAST9_085.jpg,Blast,2948,3900f47c3c66dff0515ea22d9691674ebd114e2ce5d3844771c4abb0230b71b0
Blast/BLAST9_086.jpg,Blast,2869,2ea07f2ef0a2f72bb3e4389573dab99c1b3d249a5c7381ce94712530cbe7c35e
Blast/BLAST9_087.jpg,Blast,2950,e2ad30d7961cf62c6efd0aa320187c6f75e0cc2a805ff764aba9acbed35af9a0
Blast/BLAST9_088.jpg,Blast,2871,f1f1c56583ed44fd28db7697cd27cc3463ec08f025afef28e7a72829ae103162
Blast/BLAST9_089.jpg,Blast,2952,feca863d88fe4ef1c1273ee056f877428c316712c1922f6d9c6a43321817334c
Blast/BLAST9_090.jpg,Blast,2953,05692c7c9177229428f44b5f449d773f7096faf660dd9b9acf1c6fc9c735415a
Blast/BLAST9_091.jpg,Blast,2954,9afa11066feffe6191b1a3b48e53c67fa10352ba10deec57b99b307721f6fbec
Blast/BLAST9_092.jpg,Blast,2875,5cb4f85e8477855eda87b8234b318c0ea8fd3b7fd2d7f8bb7f41cc917b773a78
Blast/BLAST9_093.jpg,Blast,2956,40e7b2f98d599b4e9e5c36af1d22503e5176b48ca8534646447aab0c9fab9ae9
Blast/BLAST9_094.jpg,Blast,2957,e0f3b7f1a09a2a66c92f9c6b9678c2f2fbb446ad19288716f37410eead27ddf4
Blast/BLAST9_095.jpg,Blast,2958,7c9e72c08352f2eb33812a5f1fbfab642ad4cc68c8e271925567420e128f88d5
Blast/BLAST9_096.jpg,Blast,2959,d847d42ab80b420fa25c5385adcad01b08fcbcca5f3aeffa2c868073c0180560
Blast/BLAST9_097.jpg,Blast,2960,e7d11c4c7521fe60944c5c1a435f335251985a9439ab91f262d0474666a119c6
Blast/BLAST9_098.jpg,Blast,2881,5fc2b7de85c4f05103c0c7e78689ce1e14b373247b21373acaa3857922c7fd7f
Blast/BLAST9_099.jpg,Blast,2962,9876515cd53aea568a81a050acc180f0348da833c6fdbf5570c8f5724210f0e2
Blast/BLAST9_100.jpg,Blast,2963,0f87517c27c9bfda1c5633edf99cf8b1894d388c4e807f93ddaa76f915ebaaac
Blast/BLAST9_101.jpg,Blast,2964,ed065f8f3c8b6fd57e4d1416407909b201c64e0770d9b2399b35c2881f74939f
Blast/BLAST9_102.jpg,Blast,2965,04507750723caf976a3c9365f0cf9ff72e4851ee1a2d4eff4bcf2d8785490c1f
Blast/BLAST9_103.jpg,Blast,2966,83e0764ca07e00139f8544c4cdda9cad9691ebb67affea79a79e6d8b912faf68
Blast/BLAST9_104.jpg,Blast,2967,2ae0e9de73e7f2b19f47ea7f3f9e5c32eb7345ec1e66bdb9483a70ddaa61f58b
Blast/BLAST9_105.jpg,Blast,2968,848e4947abb9f91fd165bd5bd2281f7f03c0922e31b7357af926d43cee8e2000
Blast/BLAST9_106.jpg,Blast,2889,9b6b820a8cc4a3949bc5a208235fd9f3b520cde4386d7c7f677f91ba8aee2200
Blast/BLAST9_107.jpg,Blast,2970,6eafc5bdaf50584b727651abfdef36771772a265cbb0f676216c18f64b3754f1
Blast/BLAST9_108.jpg,Blast,2891,b397e8f5ab8312c9799cc996faf1fd1aa4402b7162f1eda40a7ebaaaa65cc543
Blast/BLAST9_109.JPG,Blast,2414,37bbfd41ecc8c9539db519704045e7fc1937b855c9b863b47d8ce633c8a1d33a
Blast/BLAST9_110.jpg,Blast,2893,4d06676e416bbb7546f4d2440de12a59c4f00587daa9f383d236c1bdbb307f70
Blast/BLAST9_111.JPG,Blast,2976,b1c6697e471652c3e64a2431fb6c5836f76424eed4e9b4bd5e0de06c44e1deac
Blast/BLAST9_112.jpg,Blast,2975,2e117425973a02ef5a4bb7d1b5f2986601c22a31438d31df6aee7b332b3b1706
Blast/BLAST9_113.JPG,Blast,2976,0e478b349d23639995b4675262ed9b3163df8f3d2569d9106c520ecd66f34218
Blast/BLAST9_114.jpg,Blast,2977,f415c2461dfd3ee9f2371aa57a378d35af33a4555a6f21eea15ba67e2ac0331a
Blast/BLAST9_115.JPG,Blast,2978,e17d9300582e8c508bb956742b0ee01de48c4545a5afb39d4fb7c6e261b8beb7
Blast/BLAST9_116.jpg,Blast,2979,902ea89b21b1e35520dd35a38fecd1580a8740c3a7803d3e832dff1be7a4518c
Blast/BLAST9_117.JPG,Blast,2980,9e61488a8a32b0adea21bf15089bdb1e790f1750e3ce6389dee4fa4fef8aeacc
Blast/BLAST9_118.jpg,Blast,2981,03694b787c39826d7359554075079d8bb49ae851893be152ad16658aa8a19584
Blast/BLAST9_119.JPG,Blast,2982,edfeed7695a2f01fdda90a131a9af27e1fae9f6910b1f9a4f726fd1d541f1c9b
Blast/BLAST9_120.jpg,Blast,2983,cfd730a6fe60b3f70854b6c6a542204e31607b085e443d0ee0f08f0a2cb07a73
Blast/BLAST9_121.JPG,Blast,2984,71bb6eaaaba8fe6a56331be399c591770b7300c5ac53d44d1dcb8d80c25ca1c4
Blast/BLAST9_122.jpg,Blast,2985,cf0923e2591fef9f3b0dafc78c20f6500e5ff2c9d38513ce2bc6dd1e9b688d95
Blast/BLAST9_123.JPG,Blast,2986,ad4a325c365b255f6da90da7e987a9605f1c54c2af68ed21d8b528ae25055f67
Blast/BLAST9_124.jpg,Blast,2987,2a08b81cdb0e44a260f50a5d2792972ce156b87ab0a64aa19d9f89ee7002c6ba
Blast/BLAST9_125.jpg,Blast,2910,82e1c93800ee7381b9bae71ef2fe364c86fc7b89898d374cd3e249f5aa0d873f
Blast/BLAST9_126.jpg,Blast,2989,e25a4210bbc88ee39fca5ef80993b6ec39501384087cc1c523d5a86ddfa9692d
Blast/BLAST9_127.JPG,Blast,2990,fe574085e1bea36e857e5b4574c8c69b227e36f217ed9e30389ff60040e32c45
Blast/BLAST9_128.JPG,Blast,2991,5d2c561e158ee82259bd054a66645fc929167473015226d2df206ed14c116e1c
Blast/BLAST9_129.JPG,Blast,2992,e127790357239739ca6290f8ad09b59d3d0b337a10742197ba26fd825b31dc5d
Blast/BLAST9_130.JPG,Blast,2993,7ecdea4de84314987e0cacc7f3c04322f5cf481ff978d62ad0ddece71f98abb2
Blast/BLAST9_131.jpg,Blast,2915,319a0102741c470df2f56e9409f34487d65a5eb4c66fc20f3ddc7c6cc55c751e
Blast/BLAST9_132.JPG,Blast,2995,e64f1441220bb87c269a8594bf04d2452eaddb6a37f73c9de6f8ba14d2cd8827
Blast/BLAST9_133.JPG,Blast,2918,a119847d4be0927aa1299a030ed0e856fd1744d06de355cb53369db9fa319997
Blast/BLAST9_134.jpg,Blast,2918,b12975683ac6872851c5a599111c5d026b768b956b6b07ff6c18af8d90331483
Blast/BLAST9_135.JPG,Blast,2998,32c4563c0bc22085a31c7292e73a4e9c64e47df30ab5382805dd6497d63b25d6
Blast/BLAST9_136.JPG,Blast,2999,8c8dcdc0048f1e241159bc6bfd33f2a93fa965d0ab7eeeb2b7af9ad762e62c21
Blast/BLAST9_137.JPG,Blast,2921,dc8dc0e1109a8b96014e3ed70101536d1860d89e6f5bda8660497534062f2589
Blast/BLAST9_138.JPG,Blast,3001,13277e5d6a5bf8c1e360d6cf0de55bd5f931f3bd347d8671a1dd6189a85278b7
Blast/BLAST9_139.JPG,Blast,2923,33cb88bcd7971649352acb5d400251b5712b09d034bf24c61bacf8354a69e3be
Blast/BLAST9_140.JPG,Blast,2924,cf5a28fdea9cb48b34735da83bdca060528246e5079b341051f37c717df21d5b
Blast/BLAST9_141.jpg,Blast,3004,7b901e5d1a8fa9bb0d433a8845f2b96720644efeba1befbf119f01261de8a470
Blast/BLAST9_142.JPG,Blast,3005,61694ba9913fe280659b56c9068a0a8722ffd31cdda1ca4614722807c85c183f
Blast/BLAST9_143.JPG,Blast,3006,9cb114e36d098345e44d3849139f779c7c0490a9d075dc04c72585a4ddbe2318
Blast/BLAST9_144.JPG,Blast,3007,0fdaf05e68a9c7c565ccfe2c5fa355dff657aa9b4db820fa85772c076006cacb
Blast/BLAST9_145.JPG,Blast,3008,fef2a535a1d6f17454331b4939edd068bc4601497beff04c785f5dc27b3c7d92
Blast/BLAST9_146.JPG,Blast,3009,7e6cb6919759f8d6adb0d0605ce3e668605475556826436f72830878232aa35c
Blast/BLAST9_147.JPG,Blast,3010,220604c0233c5488fcc2f7173bf4c342bcf01d4628b1d752eec090621b3c6a5c
Blast/BLAST9_148.JPG,Blast,3011,cc275021cad481c97411d26717ed436003b850a5c52e471953a7227b410e98b4
Blast/BLAST9_149.JPG,Blast,3012,0b4fbdc606e806d7744514748fe8396ee5d7b57dfbe61b173cf93302fa99d8c4
Blast/BLAST9_150.JPG,Blast,3013,68bdcf048209db977fa7f2349f748f71c4b1839a96c85ef95aa6365792135b57
Blast/BLAST9_151.jpg,Blast,2935,159f3c2ed5865e9d75c79ccc768d4e7d8370f7d1acb02ca52775f47b4d1390d7
Blast/BLAST9_152.jpg,Blast,2936,852cd47a88d43e49406da813ad2ab6ed54b95723effefc7878c4f77655d20060
Blast/BLAST9_153.jpg,Blast,2937,263c511e9eabcd9c6e36f7ba459d195d23c4f084b3b14c0c179ea94b774047a1
Blast/BLAST9_154.jpg,Blast,2938,cd0e04d504502002b0bf25b2b7371805dc4d1104e36c06e91e9d88855391454f
Blast/BLAST9_155.jpg,Blast,3018,a0b2d115dc16e1b6cfff271b51cf4f4d7e8d371dab2691e19001b988aa958bc8
Blast/BLAST9_156.jpg,Blast,2940,907b311cd4d824f1ce4fe0c4ad9249b5ee2b8401a0683bcd50efa4d61652fa1d
Blast/BLAST9_157.jpg,Blast,3020,a55bc507cf4afffe4759064de3806fc1682a322664de617d5d788f66cb1bf2af
Blast/BLAST9_158.jpg,Blast,3021,2347a7a79c98ea280df687bbf5e1dcf516c9308ff9081487c8b8231bac17eb9f
Blast/BLAST9_159.jpg,Blast,3022,28183183aacd941c2635b43cbafa54f10daf4865f9f165951398fc0bb10430ab
Blast/BLAST9_160.jpg,Blast,3023,b1d3fad5e476f0cb42f60ffecfb45908b0d78b9b4174549a4bbfe3b32d440eb4
Brownspot/BROWNSPOT1_001.jpg,Brownspot,4423,0dbd586560c2df4d9573e96298f6ba8d12753d7885c814d2a9b6832ddb9d4cbd
Brownspot/BROWNSPOT1_002.jpg,Brownspot,4325,f03657006bf346f5b937d865923de10b6b7c2a4885c82ad2a131db237436b3d7
Brownspot/BROWNSPOT1_003.jpg,Brownspot,4324,dc732da7591b80fb5945e434def29da4e3f9c358d279c3260aafaffba5d39550
Brownspot/BROWNSPOT1_004.jpg,Brownspot,4327,168a1672c746cd6a626c52b7edfe0e2a600f7bf0549e59017fead759140fa225
Brownspot/BROWNSPOT1_005.jpg,Brownspot,4326,02081b72ea956ac9f6981b14ead34786a96824322a3fc10151f2b0e5568bf239
Brownspot/BROWNSPOT1_006.jpg,Brownspot,4329,507042147b6b315938e2cda38faa0b7fbc3a0e1f66139307f4cb8e1b16b31340
Brownspot/BROWNSPOT1_007.jpg,Brownspot,4328,bae4aef1346c6da9371263e8006514fb1dc71b630056c65eb18629fa77722c9e
Brownspot/BROWNSPOT1_008.jpg,Brownspot,4331,a03d06fc393fa98f458271a61987167dfb6aba72b351040c270aa85795e4cbd9
Brownspot/BROWNSPOT1_009.jpg,Brownspot,4232,801edadaa7c322f1e2fccae368561dd9e65b82c107ae49a9ae54a25ec83ee077
Brownspot/BROWNSPOT1_010.jpg,Brownspot,3932,9db79058417d0598c13b2cc5fcb0a31d09d1fb99ee775fa42d667a45537e6a53
Brownspot/BROWNSPOT1_011.jpg,Brownspot,4234,1390dda22b13bcf786f08479e4d108a1afc073a9f9622e76b73de4d2f45b991c
Brownspot/BROWNSPOT1_012.jpg,Brownspot,4334,af2fd902717f3590131d2f6a6a0003f14a3e5ebe52f1182e2dbd831c8ed28ee4
Brownspot/BROWNSPOT1_013.jpg,Brownspot,4335,e056076428534ca70cecbaed18dfa1274bd65e7c01150bf23f65c8a5334e4621
Brownspot/BROWNSPOT1_014.jpg,Brownspot,4336,129bb06841582aeff0b7ad6db684330a5bd87d5946b38134d0568b1259d5ae0d
Brownspot/BROWNSPOT1_015.jpg,Brownspot,4337,48d8494b94068f8abc2f6347b1fe56c6c452b18b9dd890fa748e3fa5cf06391e
Brownspot/BROWNSPOT1_016.jpg,Brownspot,4338,2c6bed58fc80aad91bbf722125c3a5dc09e40ebb2aaca1f15933c8464a69b69f
Brownspot/BROWNSPOT1_017.jpg,Brownspot,4339,5bf75c93ed815821e37fb0c771e4090c0066f50cb359ddca0895042196bc5fd4
Brownspot/BROWNSPOT1_018.jpg,Brownspot,4553,3a04dceaef5c1de6b39030c97c75b27d48d9ba87f6352704c3d4919531e31d0c
Brownspot/BROWNSPOT1_019.jpg,Brownspot,4239,09ca55851ffa7e0b8f5197db58073fadf9d2fd2a5c57ef26bf2923bbc6c56262
Brownspot/BROWNSPOT1_020.jpg,Brownspot,4342,43ea623e4c40666265f8382b30bdb57f81876291e7ffc1061946514a1540c714
Brownspot/BROWNSPOT1_021.jpg,Brownspot,4343,5395352403b7c7b2e43fc31febbdad209f7aa60d256b2e1aed684e613cfd3a58
Brownspot/BROWNSPOT1_022.jpg,Brownspot,4344,c0fa5cfcd1295deda58166c29babd0897c95238bd63debb09674eb932c90afd0
Brownspot/BROWNSPOT1_023.jpg,Brownspot,4345,fe18730a16017f8b75424f722cddcdf3d0a09f1b1d3121886f56014fb2732a73
Brownspot/BROWNSPOT1_024.jpg,Brownspot,4546,585d189cc4554e31f2af4fe2fb0bb08e9fda11dd36d0fbeb3731771828b1a670
Brownspot/BROWNSPOT1_025.jpg,Brownspot,4547,bb67a63ae316fff8ae4aefe79912896addec36613c9bf7a4a320d32398e5c453
Brownspot/BROWNSPOT1_026.jpg,Brownspot,4348,3d29be1a6730832ccf0fe41df33db43d663b0210d74ec00eb76e368e194c7ffa
Brownspot/BROWNSPOT1_027.jpg,Brownspot,4349,e643d2798e78db150b9e9a917aaca57ecc392055b7152979f3516bd489e8f328
Brownspot/BROWNSPOT1_028.jpg,Brownspot,4350,0e1264a268529399f8e5c642d7d04f4abb2b1a30d6784f7c8e63a37e8a824b4c
Brownspot/BROWNSPOT1_029.jpg,Brownspot,4351,1f291e7a2f7cf0dc55d33c6e40710b8c842c3948170f09c62a3d6c8e884fdc4f
Brownspot/BROWNSPOT1_030.jpg,Brownspot,4352,3ce46b97e573841b6bffc767fcd864b1f014a0efa3dc18fa0f863441dde495b6
Brownspot/BROWNSPOT1_031.jpg,Brownspot,4553,ec06403e7c1f35bce77c280e081f9091a0170ea66d5bd4d62816a8b9e6339649
Brownspot/BROWNSPOT1_032.jpg,Brownspot,4354,7fd984c61319ced7689570c5d94ac6c9171dcb4192d0826a1fc93b20d1309696
Brownspot/BROWNSPOT1_033.jpg,Brownspot,4355,bc49f34e3f28478ff320106dde9f70763d536750f0af8377eedc438fd21c11f0
Brownspot/BROWNSPOT1_034.jpg,Brownspot,4356,0859ef01e6bd44ebf0160e7db43a735e6c227667d2fb46004a57955f2d2b376c
Brownspot/BROWNSPOT1_035.jpg,Brownspot,4357,2c163d53dcfeec8db5cf2b6886c90d6f288d85f164be707bf05c11b33e31e88e
Brownspot/BROWNSPOT1_036.jpg,Brownspot,4358,88021e45c9b9ac02d3ba7b8b5be1aca06cd59ebbdc186b6dc7ed351955d8bc40
Brownspot/BROWNSPOT1_037.jpg,Brownspot,4359,746e60ec62b7ee016191b6fe07056c95de36de45e8a443bb4340c7626e19e5d0
Brownspot/BROWNSPOT1_038.jpg,Brownspot,4360,bd5ac7e2736e873b6970de5511e7fb06fbbbc88b01ad35913d114db3a38f7ee0
Brownspot/BROWNSPOT1_039.jpg,Brownspot,4561,ca62043ae35995518c26768f16e75c2239b89106bd9638e88be8b0afac3bc01d
Brownspot/BROWNSPOT1_040.jpg,Brownspot,4263,b996bffe0f2f9125f5940ed8e84d11c9297948769e6de42bfd4e75bf75d7a4f6
Brownspot/BROWNSPOT1_041.jpg,Brownspot,4563,8604e11f17e699d68752bd565ce7ea32685183f35a2511d845d213cd4e2fc6ee
Brownspot/BROWNSPOT1_042.jpg,Brownspot,4364,4fa1900fd9b8783d964fbb7986c30b260883115e5346f32ea38653a5307931c3
Brownspot/BROWNSPOT1_043.jpg,Brownspot,4466,8acfc8cee247c482f08ff5162cdcffe516df0b4caa6e83b31481cfca80e3fcc1
Brownspot/BROWNSPOT1_044.jpg,Brownspot,4366,41a20335d41c6f4481ab0668205362f6d18c9194df30e1391b22e556dbbc8dd1
Brownspot/BROWNSPOT1_045.jpg,Brownspot,4367,0a18b896d65944442e6d8b73500cccfa1df855484201b70ca8db41d3f24f9e38
Brownspot/BROWNSPOT1_046.jpg,Brownspot,4568,3a03a5ad81802a167ccf8830883043dca32acd4ff2bfaff6cb6247b7d46525df
Brownspot/BROWNSPOT1_047.jpg,Brownspot,4369,6bfa484eaf93c9633cd60a98f3b0694c754d57eb6705efe232c3ed9ea121b723
Brownspot/BROWNSPOT1_048.jpg,Brownspot,4370,d95289471abb5048799f50db2d60d5faaf1882432e7be11aa62e1e3c3ffdc059
Brownspot/BROWNSPOT1_049.jpg,Brownspot,4371,1d1bdf273111bbbb94b52a3c2bae53ab22eeb5b14f118c182e0bd17859fa2209
Brownspot/BROWNSPOT1_050.jpg,Brownspot,4372,841dc6a60f0f1563e04bffa3ee20af93a6d7f6d0035c1fc51223ecaea2f26a79
Brownspot/BROWNSPOT1_051.jpg,Brownspot,4373,17c7059ecfe354c3b91c3c0543e3cf26d16e9e1d6d5efbc5f019e9a9a55d4d3a
Brownspot/BROWNSPOT1_052.jpg,Brownspot,4374,694c62f9311e10c1023cfd7549c47339bd5163cc21f86ee629303d2eb52f3d21
Brownspot/BROWNSPOT1_053.jpg,Brownspot,4375,fbc985400af8ef046134801d738be6089cf1368d1728cf08fabb3401878a4001
Brownspot/BROWNSPOT1_054.jpg,Brownspot,4277,c8254d3ccc2818ed68e05b52afce2bfc436d1dda597dd517348a6eb08cf1bb97
Brownspot/BROWNSPOT1_055.jpg,Brownspot,4278,03753a1d5ad26ccdcd6ebe8616b404de428058d450e232ced1bccc47b3afdcac
Brownspot/BROWNSPOT1_056.jpg,Brownspot,4378,25d2268f08e4ff87e8d446912c288bd081bc337eda33ab2e4d1f254245ca7888
Brownspot/BROWNSPOT1_057.jpg,Brownspot,4280,63b7833d77d695537010e5522e8710577d304a3141871291a18e493e163e6a53
Brownspot/BROWNSPOT1_058.jpg,Brownspot,4580,8dcac92876a16136b391090d6668301ba9c5d701acd5847341474a7e65fbfd47
Brownspot/BROWNSPOT1_059.jpg,Brownspot,4381,a287c8d6b686c39cda827a70a3ec3a7f57d8b907a54803d8527084a8de23b294
Brownspot/BROWNSPOT1_060.jpg,Brownspot,4382,9b997dd76281bded433faca95c54e3be94dbee12fcf492f3625c60de021cde98
Brownspot/BROWNSPOT1_061.jpg,Brownspot,4383,9c4079ea23fe9ea0dec664cca903566001a193ec7aa2f517438533883527c679
Brownspot/BROWNSPOT1_062.jpg,Brownspot,4384,81da82bfb951b4350c136ffba7f518234c4f3002ca6a37c2f2d15ec24e202656
Brownspot/BROWNSPOT1_063.jpg,Brownspot,4385,cafabe3eb4d7188cedc3be507104a811e4fadafe8bbdf4d73afb187faff90d12
Brownspot/BROWNSPOT1_064.jpg,Brownspot,4287,2631c42750388caaf11474435343d82bb637252dbe268c7b05e55d2f783b7fa6
Brownspot/BROWNSPOT1_065.jpg,Brownspot,4315,36cab6f14a05e74940ba252040843e572e859035fd6ee0dffcb3124339730eca
Brownspot/BROWNSPOT1_066.jpg,Brownspot,4388,fcd1015773e3cba312ecb0e690d5f78d31f7b04dc37b8424856c6815ec9bb613
Brownspot/BROWNSPOT1_067.jpg,Brownspot,4389,5c106de54ae530ae16738231acbec45a583e8283fb83983db020827a8f01d243
Brownspot/BROWNSPOT1_068.jpg,Brownspot,4390,580a8299ad2b2f403d36baf4f75193347f68314ddd10ec716e4ede09ca6b8cb9
Brownspot/BROWNSPOT1_069.jpg,Brownspot,4292,1321030fb70723c03ab6996f01ad833483cd27271b9eb309675d492cca0e16be
Brownspot/BROWNSPOT1_070.jpg,Brownspot,4392,4a72b0c9c8fbbbfa53c7f1caf2a0564aa6dd9a1d917569db2942968c62be29cd
Brownspot/BROWNSPOT1_071.jpg,Brownspot,4393,332c3c877dc64bc82241b5019624f24b6162cc87a197ab851d8ebaf9d5833ac9
Brownspot/BROWNSPOT1_072.jpg,Brownspot,4394,43ebca901b3b7368078476e7b47698b410aa9f713df437ff5c5e939b48073722
Brownspot/BROWNSPOT1_073.jpg,Brownspot,4395,e450d0fd48c8df4a05060699cb304b5b6d6290f2176f765785e3cfee9ee863fe
Brownspot/BROWNSPOT1_074.jpg,Brownspot,4396,61c967fe8ced0a101615b1f39bcc5674af005af4b79de458e697ac9ee00c88a0
Brownspot/BROWNSPOT1_075.jpg,Brownspot,4397,cb7c2a9ed1c3c933d9c4808f4caf5aa9863cbdc0ed850d2ad5f7a5435145c929
Brownspot/BROWNSPOT1_076.jpg,Brownspot,4398,91dc61f747b7838ea214eed5cf6a7d863da5e324a804617306a71eb5a54b089f
Brownspot/BROWNSPOT1_077.jpg,Brownspot,4399,bcc036a77cb0e9221583b9c9ac364b2f03759c438b810fd8a3ac995c0ef79319
Brownspot/BROWNSPOT1_078.jpg,Brownspot,4400,998086ed106e7d44e9e8d955071e54911bb7c90a877be8dbb402f6a2e1f70f56
Brownspot/BROWNSPOT1_079.jpg,Brownspot,4402,5f12f812cc7def8b8c2af9329de95a2b0da836ff23100b718c8b96bbf4e9b80a
Brownspot/BROWNSPOT1_080.jpg,Brownspot,4403,1ef3ef327642428ec1d7b9e77f121aa66cb1a392eb13d4752732c1f764a42c10
Brownspot/BROWNSPOT1_081.jpg,Brownspot,4404,41413a8b69b5b700406de962315cda6ab59aa7f6877344cf0e13770603c604ab
Brownspot/BROWNSPOT1_082.jpg,Brownspot,4605,013043a76d851b66330baf7c45cfd06d5c3a30db58d526e1a29afd3da9bc6bdf
Brownspot/BROWNSPOT1_083.jpg,Brownspot,4406,05bc5c6b182a66ae42dc7ca5eb0832b5a0e721ce0e32b888395828f4d1c0a28b
Brownspot/BROWNSPOT1_084.jpg,Brownspot,4407,4348dc3cef1064b6176de8ef9e22c5cc9af6f918da26ea575521cacbe3d3e299
Brownspot/BROWNSPOT1_085.jpg,Brownspot,4408,326f784e00fb215e1825760bd69f3b3164d0e2dffe25a46f8923346bc4bd414c
Brownspot/BROWNSPOT1_086.jpg,Brownspot,4109,64bb3df8a80e68a395f4f24b1e0cb534dbe93883fe0e399ebb42558f6348b857
Brownspot/BROWNSPOT1_087.jpg,Brownspot,4409,52fe801003feee4a0b18dd400ea3a905240b5812c553f3dca6ed2db14db43b4b
Brownspot/BROWNSPOT1_088.jpg,Brownspot,4410,d46d50e9bf0e0ec6b9ee5f9f79610ba52ef140444173a9fa6f9a05288fd7661e
Brownspot/BROWNSPOT1_089.jpg,Brownspot,4611,fe6e7fd9ab2dab0bd5d0339c1511e18295dd0fc03f4311faf9015c1118cabef5
Brownspot/BROWNSPOT1_090.jpg,Brownspot,4412,11e5934945f81ec2d1a8c72e1867ab4fe678faba6f72df00b94de7ae01ab4b24
Brownspot/BROWNSPOT1_091.jpg,Brownspot,4413,d82c638cac7502af46f4ba863a3b5718e2617774fe60269cfa42f08ef4c374e6
Brownspot/BROWNSPOT1_092.jpg,Brownspot,4315,2af73246cb7562cf1930a2fa0eaaa2d7719dba5249ca8ff30be5dc29b9626811
Brownspot/BROWNSPOT1_093.jpg,Brownspot,4615,e7493a91edb624c2d10d74b5efec9ac1ac414ed99c17cf39a50b06ef567e8782
Brownspot/BROWNSPOT1_094.jpg,Brownspot,4317,d016d5c68b20bacb6e88faef43757fcaa5c76012b05da6a1a44e4fcd24ca0f63
Brownspot/BROWNSPOT1_095.jpg,Brownspot,4318,6d4ce7396bba9951ecd0d332f41bb8ca5ab935ec35dab6e9792e1177b9b29a6a
Brownspot/BROWNSPOT1_096.jpg,Brownspot,4319,a64ec0ec044b0bdd1b9ceb74f17e43babd905bd65e843497630ebab8486622ce
Brownspot/BROWNSPOT1_097.jpg,Brownspot,4619,49df61f91ce8f804bf4e8883f3c8f6484821d771c2e828a1f955c26f6b5568ad
Brownspot/BROWNSPOT1_098.jpg,Brownspot,4420,6be6b5e111295e4c3f02f2074a3cea8790660395ec2e9ac692b10cdf7f0f30c7
Brownspot/BROWNSPOT1_099.jpg,Brownspot,4322,a9a461d1de27a756ace6d3b6747dc4ea36878e350d78476012afc36b74414762
Brownspot/BROWNSPOT1_100.jpg,Brownspot,4422,406f82d9e13f9e98025c771cc64d6524263d2bb97197b95e848f57a23bcca3df
Brownspot/BROWNSPOT1_101.jpg,Brownspot,4226,c3fccf5ef9f7bc876d82660d12df4cc0cdf68285a830a2af85932d0d35065467
Brownspot/BROWNSPOT1_102.jpg,Brownspot,4225,7e5413e4af606ec56281a1c96a9d75946d06b8af60b0eea74552b7d62209dc0c
Brownspot/BROWNSPOT1_103.jpg,Brownspot,4228,2cea4be3b4c7b3cb6dd47cbc084ebfc683f5344bbefee6eeff15dcc524aaa1be
Brownspot/BROWNSPOT1_104.jpg,Brownspot,4227,5d0fc93a1b125c44ea54420da5270a7e4da75690194bd20ada7cf8aaa0355859
Brownspot/BROWNSPOT1_105.jpg,Brownspot,4230,904af072b7ff59eb995c7f6c0044659cc318654bfd907401f6d232b19663a32e
Brownspot/BROWNSPOT1_106.jpg,Brownspot,4229,6ca0abd8bf9aea8f73d70f5d5377bb1575746c0671e12009f465bdffcc667b04
Brownspot/BROWNSPOT1_107.jpg,Brownspot,4232,2934b6109e9013dd26a8cb15f6bc0760464b639a058cb147deeab9c6c7dda6e3
Brownspot/BROWNSPOT1_108.jpg,Brownspot,4231,d653a3164481c9c0253cf77e2de4b062d6188b35d2f736bac6358002288cde46
Brownspot/BROWNSPOT1_109.jpg,Brownspot,3932,33f2686339d5dc0a785ab04cb46ffd9f6cc0eb190dc6ddcea36917974dcfdd83
Brownspot/BROWNSPOT1_110.jpg,Brownspot,4234,d149e564ba30f46ce53bdf94cf4ddd9c074725898d4f8204e3e4c1491ec6a540
Brownspot/BROWNSPOT1_111.jpg,Brownspot,4235,3fa12d22ed5b27da8b65eb9d560f0a190425d9fb6de65fda970c8baf02768b6c
Brownspot/BROWNSPOT1_112.jpg,Brownspot,4236,aeae3346f4c47ba6149adb317c93a10bb30bb2028bb0cf556f7bf2867d598ddf
Brownspot/BROWNSPOT1_113.jpg,Brownspot,4237,d171e2e0c7fb4ab7730c3cfd3455a6d20d6c57f0fc9aa964a089f2f105b64af1
Brownspot/BROWNSPOT1_114.jpg,Brownspot,4238,2ceb10334129cd4da0da3f8dd906186fe4abfeaf061115a946b896ebb3ba85d7
Brownspot/BROWNSPOT1_115.jpg,Brownspot,4239,b884c6613c4c9a38cac77f7255669546909e93289ec87d2ba5af412391a13d4e
Brownspot/BROWNSPOT1_116.jpg,Brownspot,4240,acdd47adf59defcfa7e9abe2c23f5d4a18e9fe23aa646763b9c4c323ead021c6
Brownspot/BROWNSPOT1_117.jpg,Brownspot,4254,9f5a93fcb93f2c8c1202a0c25384753cf3eed82ccad50c152a292030720e759c
Brownspot/BROWNSPOT1_118.jpg,Brownspot,4242,d876ceefdb3357bb26dc510f5fb02e52b83a4b79dccfee1617e07e9f1e06d723
Brownspot/BROWNSPOT1_119.jpg,Brownspot,4243,a2fc59b7426ab3deb698ad269b0d35879ea2a35cae236c85a5fdb337e34dc2d9
Brownspot/BROWNSPOT1_120.jpg,Brownspot,4244,f4fefecac71a9a2bd48cc8c2fc66685604f26277e466f2fa95f0258a1336c268
Brownspot/BROWNSPOT1_121.jpg,Brownspot,4245,9ba964ecb073e3dc7dde14d12812cb4fd0af7e6a94541898d6539c9e18e4e24d
Brownspot/BROWNSPOT1_122.jpg,Brownspot,4246,0aef69dba9056a7d034365938fe2270557607352fbd8aaf4f34b0e4eae644ef8
Brownspot/BROWNSPOT1_123.jpg,Brownspot,4247,607e71da4ca525205a132863447dcf0455d4d2cea1134c0b22a34b62735ffc95
Brownspot/BROWNSPOT1_124.jpg,Brownspot,4248,e97684f1686966085ac4e9ff8d6d9cfb332f31f0fb865fd41660639e1607d780
Brownspot/BROWNSPOT1_125.jpg,Brownspot,4249,193265921604b7cc34de0d2b5657b74bde453d807a0cada32d038b88847b24eb
Brownspot/BROWNSPOT1_126.jpg,Brownspot,4349,5fabcd76486f832774a8996a5af9e837b1bea1c8d79dc259b31c35484758bcc6
Brownspot/BROWNSPOT1_127.jpg,Brownspot,4251,3548eb19d1533f832f4f16c03da28af72160184938bd38bf33d179da4ffddd05
Brownspot/BROWNSPOT1_128.jpg,Brownspot,4351,f845e019fbf169645dbd5218372e07a371d0bbf2743636697533d345b32d62ca
Brownspot/BROWNSPOT1_129.jpg,Brownspot,4253,a5934c17d7c68710a68bdb72172761142420192ab7fcbaf901a431c95af6841b
Brownspot/BROWNSPOT1_130.jpg,Brownspot,4254,e72882f9b97ab963582ba89c6df379754a5e726f8f4de9add4f94811719d311b
Brownspot/BROWNSPOT1_131.jpg,Brownspot,4255,c80fa81ed537bbaf9668d7d682a7740deade46749af3a818a75cfd14ee56a634
Brownspot/BROWNSPOT1_132.jpg,Brownspot,4256,e7695816a376eb948222e080a221a2edeb9556e90e04043ad4003fc9fc92c3db
Brownspot/BROWNSPOT1_133.jpg,Brownspot,4257,a95ba003ba932c5c48822ce5d6e95ce9c08bb9f974e52657a58faf20d4832bd2
Brownspot/BROWNSPOT1_134.jpg,Brownspot,4258,a1c9d6a31b0b5587ec8f69c9d341d74de5aad5d434a53f29bca3809d11e32408
Brownspot/BROWNSPOT1_135.jpg,Brownspot,4358,c0cde991d5150f1a8220c86bf33b8af1628bc5f42aebf7a97d6226a94ad3f3b7
Brownspot/BROWNSPOT1_136.jpg,Brownspot,4260,a70f461f1c6e79c09e438ab84ffa90b5e1c1c91deae434a1fe2ba2b424da33a3
Brownspot/BROWNSPOT1_137.jpg,Brownspot,4261,6dae6e5dbfd7453ed5d869090be1c0313e8592329e21895da400fedfe434c175
Brownspot/BROWNSPOT1_138.jpg,Brownspot,4262,3adef8b457e0026f11135a756cd6dd88d8b0e62f60ef8266c2830bba763ed353
Brownspot/BROWNSPOT1_139.jpg,Brownspot,4263,ac16271e385d1ff0f73e965de33e0acd4121f95307ff1a6349cfddd1b7cbd357
Brownspot/BROWNSPOT1_140.jpg,Brownspot,4264,7082e352c92385a223137402aad91b8cf1d982f4d86286738d2c063f1c67e84b
Brownspot/BROWNSPOT1_141.jpg,Brownspot,4265,86a8b9bc8a3a559fe9a47baf60be684c892f91f3d4b44a388e8065a517f845f2
Brownspot/BROWNSPOT1_142.jpg,Brownspot,4466,a4636fad84822cdc57fd7396c609a6e3289542eabd7cdfc3ef05dd1c07f6bf71
Brownspot/BROWNSPOT1_143.jpg,Brownspot,4267,713c3143f48a0a6da805ba02eb62efb2886e88a45b7d64c64661dcc6c3a93ccc
Brownspot/BROWNSPOT1_144.jpg,Brownspot,4268,8fb3de22ec732bdd2bb465be8400364d65de74f3057b65183ad894c6290c4178
Brownspot/BROWNSPOT1_145.jpg,Brownspot,4269,4c907dc37eda4cfb210dc3a2ac5ddb3acf8616c9eb44c9e2d0a4627336a6ea26
Brownspot/BROWNSPOT1_146.jpg,Brownspot,4270,d0ed82a6144100dab050510dfaf09cacf8471204272be08c67b21a795c928d0f
Brownspot/BROWNSPOT1_147.jpg,Brownspot,4271,782b9124238c25b424ff2ba48a0c754eb6b44d9e0a75f389d11892d2c8de587a
Brownspot/BROWNSPOT1_148.jpg,Brownspot,4272,2b9221ab46d0831e6bf7024f062093eecbb5736daa7023c03cc3a5859e650375
Brownspot/BROWNSPOT1_149.jpg,Brownspot,4273,d736e9c6bab52ecbcd5ca970d9c82aadce457e4ded2706809f5d5ce7066b0a42
Brownspot/BROWNSPOT1_150.jpg,Brownspot,4474,54a466adf82614c1b1dc94f793ba2da5ff7d7aa357cf855b749806dc784b00c4
Brownspot/BROWNSPOT1_151.jpg,Brownspot,4275,138de130a8faae53ede08f7d908d3b2491c08b6b91cd942216c7b872d9039e6f
Brownspot/BROWNSPOT1_152.jpg,Brownspot,4276,880bb6e5b6ed5d324af8b621a205fb054dc013d88282be2aa257b1afb78e1377
Brownspot/BROWNSPOT1_153.jpg,Brownspot,4277,fa231b7044891c49d1dfbc91f766899d54173ecd2131f700b73cb20bc5d449d7
Brownspot/BROWNSPOT1_154.jpg,Brownspot,4278,dcd5d2307d86b680ed8075da5447992018d4d2006eb6f40d2a272dbc9d828dc1
Brownspot/BROWNSPOT1_155.jpg,Brownspot,4279,8bc6fccb06baf0e6879d34edfaa2b550b4e746405f2e3b8359bc392314f3ea60
Brownspot/BROWNSPOT1_156.jpg,Brownspot,4280,cdeca8cc80a85e14c88a7423f94d20e6e7827df98952de123239f1491c3cff70
Brownspot/BROWNSPOT1_157.jpg,Brownspot,4281,3c107022a34459fe57e3ff688cdb941e9fa1b3549a5b10d1f692ac75ec8d15bb
Brownspot/BROWNSPOT1_158.jpg,Brownspot,4282,d739e9c3415262e44be064048577746fb63b40580e6a05e534f693bd7b505f4f
Brownspot/BROWNSPOT1_159.jpg,Brownspot,4283,9751c80c6a6b21758596906a7112856a63c65122f85056e8c5e1a7a6bfae8a62
Brownspot/BROWNSPOT1_160.jpg,Brownspot,4484,45b78dfb4a1dc02298c829cfe640a19b36ad0e8b9ae2807dbb63ed11ebed03fa
Brownspot/BROWNSPOT1_161.jpg,Brownspot,4285,1910174cdb0612853c58536880bd8cbb89290a776e8a6d462df8603fbf93a58f
Brownspot/BROWNSPOT1_162.jpg,Brownspot,4286,ad43ff420ccb017b66c4d2ba748ae42eec54941f72a64ba972c679c9dd3d0cb4
Brownspot/BROWNSPOT1_163.jpg,Brownspot,4287,c89c5ff03374a5a036dab9d1834166582d64806b44c9184f4e4663c077bb94e4
Brownspot/BROWNSPOT1_164.jpg,Brownspot,4315,93ed90498c6adf7cc69c71a90af451929710180709f9b788c1ab1e1e69a8bb4f
Brownspot/BROWNSPOT1_165.jpg,Brownspot,4489,13fd3d6f482ce617f52bcf47fb3e5ac0ed6a42606f8d06aa4927dd265cb38c37
Brownspot/BROWNSPOT1_166.jpg,Brownspot,4290,bd5007cfbe32fef75a3207a4a4bfb647f172babf9fdd2934ee9900ac0ca39413
Brownspot/BROWNSPOT1_167.jpg,Brownspot,4291,6aa706e268b5bc2984517f8270a12bf864c175eb0e641406d96ff6eca59c45a3
Brownspot/BROWNSPOT1_168.jpg,Brownspot,4292,4fc6bfa7e258c6ef587491c556de575d234beb42e6442064e4529c7685d60417
Brownspot/BROWNSPOT1_169.jpg,Brownspot,4293,00f076de157a493f913655644d2a1e3483e4a6370217970ed19a5cd98811c847
Brownspot/BROWNSPOT1_170.jpg,Brownspot,4294,99f5ce832faf048c075681c46a481374c6bfffe43ebcbe61f1e5a8b012d0027d
Brownspot/BROWNSPOT1_171.jpg,Brownspot,4295,5fe9d014fcacbfeb68a6c4a74526de77494e712d3e003aa43403cf3741baa982
Brownspot/BROWNSPOT1_172.jpg,Brownspot,4296,ae1e6638fbb4e1a4a64b9e3ad1ddbcda1ce6977524aef0fca1fa07b61363ce23
Brownspot/BROWNSPOT1_173.jpg,Brownspot,4297,3b6961dd1ba473321fbacdda57260acf5baf1d6c195fa87c65ccb7223fa3fca5
Brownspot/BROWNSPOT1_174.jpg,Brownspot,4298,aa2411bad0841fd5ea0b6fc4078ce16f201cbc2dbfc03ecafebd1cd2094b1230
Brownspot/BROWNSPOT1_175.jpg,Brownspot,4299,cd6d8adf96e5a12cc9b45d703ed7b0f690b8aab9819b18bed112688bbc027920
Brownspot/BROWNSPOT1_176.jpg,Brownspot,4300,18428dcbf040d090040e55121004f034a878f567a7b2d11e1bbb8fec4d838145
Brownspot/BROWNSPOT1_177.jpg,Brownspot,4301,8c4effd3ede3399b645d2046307e170844c00c3c8e1587d2e6135cd83bb774c1
Brownspot/BROWNSPOT1_178.jpg,Brownspot,4201,102cab953c3905125f2d1a0f32dd47dfc14fc45c5f52236352bce5f495c81da1
Brownspot/BROWNSPOT1_179.jpg,Brownspot,4302,9f3204de903e0d1c09b1f12ff6bce4f286d7b3b910cdfc0cfdc8da82bf21448c
Brownspot/BROWNSPOT1_180.jpg,Brownspot,4303,abd005d107fbb2731e9a6cc4412c49c17dd5f28ab6ad63590ff7bd0a3480813d
Brownspot/BROWNSPOT1_181.jpg,Brownspot,4304,cb1c86babbf4417cf85148914eb5e218ebe3e69befd1f0d5c2d6e72db8cdb20a
Brownspot/BROWNSPOT1_182.jpg,Brownspot,4305,deb28ded04b2ec8b378e9757df9469c8c4f36cee270ac0bd00aed8b1dfd4f5d7
Brownspot/BROWNSPOT1_183.jpg,Brownspot,4306,59336e94afd7540ae2c138e02139009deafec69e49e2758ee5e6a1291a0b2bc1
Brownspot/BROWNSPOT1_184.jpg,Brownspot,4307,74852aaa1c7e97419a27f5a612fc11628aad1fcaa46b1e5e419e0b3534b93ff7
Brownspot/BROWNSPOT1_185.jpg,Brownspot,4308,c1a4785468f399b15fec345b8d67828d33731225410918b96f1fb4e1c1af51c3
Brownspot/BROWNSPOT1_186.jpg,Brownspot,4310,11a955d0b4fbbe378176c1a0abf663386b4102bc581be2825921ea83038f7204
Brownspot/BROWNSPOT1_187.jpg,Brownspot,4311,e477980d187cc3fb619871442d1a3b67386f626452f5ed063d2b6772fb05c135
Brownspot/BROWNSPOT1_188.jpg,Brownspot,4512,2eef303339427e1fbc76f84d3f33ffb21d84925394a6f48f022440e9a403b1e9
Brownspot/BROWNSPOT1_189.jpg,Brownspot,4313,eb0bfa38795a6bed0487936fb4bde82f2e6a75cbf1908d25e686b9f2f66b5dd0
Brownspot/BROWNSPOT1_190.jpg,Brownspot,4314,4a69dc4bcd62178ffa12ec48e69926d9feedce425a9d660070cc67568ffb21f3
Brownspot/BROWNSPOT1_191.jpg,Brownspot,4315,748704ff8109a3f3885b1835213c5e84588a15389c77bafd61074093b9577ab4
Brownspot/BROWNSPOT1_192.jpg,Brownspot,4316,5bb3d1eb044129fc2eaf52cc57f85a4a91cc4c08cde1a1eda2594047a69d4278
Brownspot/BROWNSPOT1_193.jpg,Brownspot,4317,d401808864df9f355de626780a49eee3731d419b51a021c2530e48a830f0d587
Brownspot/BROWNSPOT1_194.jpg,Brownspot,4318,045c6a8027cc813f0ed891640cc0677d84f0be0bc6b1ed81951f549b2858c888
Brownspot/BROWNSPOT1_195.jpg,Brownspot,4319,c817e05de29bd3e191eca42467453b472ed73a08bb202c38eede90b685aef288
Brownspot/BROWNSPOT1_196.jpg,Brownspot,4320,2602017aed2e805bf5893488ed113c107f174619206db6895b53df8324aab3ca
Brownspot/BROWNSPOT1_197.jpg,Brownspot,4321,f38fff337968b440c0edd60fa2929c351e84e6a566919a30694d78627b342f80
Brownspot/BROWNSPOT1_198.jpg,Brownspot,4322,977c0e4bc247ba69b5efa8105008769dbb9d5412f0a0665a774ca932d5109ea4
Brownspot/BROWNSPOT1_199.jpg,Brownspot,4323,7c89d5856a842d8f47c4a3f7023a39aa8b85c00c0eefe68ee3fa094ac8845b02
Brownspot/BROWNSPOT1_200.jpg,Brownspot,4224,e7539b55bc6395857012c7b4ff09a5a8392d9e7b8cab8d333bca2c8f35d1ebca
Brownspot/BROWNSPOT2_001.jpg,Brownspot,4023,f605d03b6d07655e0dc3a51bd314cea98c19f0416d1f7171469b83dc3a61c67c
Brownspot/BROWNSPOT2_002.jpg,Brownspot,3825,6c5990f29da4d031ca4162da15e0521f367080483239e91957ecd66d6d1554cf
Brownspot/BROWNSPOT2_003.jpg,Brownspot,3924,5969ecb1bb770eab2fd2b5a1e170ce74254950e868eac6f34153fc79aa42876d
Brownspot/BROWNSPOT2_004.jpg,Brownspot,3827,382fcaf77f6099b0845f3c1e890acb157dc78e5c9a01cf808008742c5337ccff
Brownspot/BROWNSPOT2_005.jpg,Brownspot,3926,78366716e1ba8f11d4acd461174b232ac085f340ec897c2bd578ef999602d9de
Brownspot/BROWNSPOT2_006.jpg,Brownspot,3929,971c2642939dc305da56862879dac75f4fa6bcd7b531ae2d72b729d5140db77b
Brownspot/BROWNSPOT2_007.jpg,Brownspot,3928,3bb65ebca454b71035c38f74b323faf61bbfce7fc59d0696933d598bd47d1662
Brownspot/BROWNSPOT2_008.jpg,Brownspot,3931,e1b182fd8be2d5b55b58ae57e7bda0722e381d25f6820fc8d17b1adfc7b9b2fa
Brownspot/BROWNSPOT2_009.jpg,Brownspot,3930,97bcc18638f692d9d2f7fb260495d6cf7fe42b5821b30e6b3b9c4f8143e91cc9
Brownspot/BROWNSPOT2_010.jpg,Brownspot,3932,5c84336f8bee5d347c4ff47d1d11b31c4cd2f25b95cf74af088eaba53fa4c690
Brownspot/BROWNSPOT2_011.jpg,Brownspot,3834,b0d1ac9e3b29aef8d41653dc3064603ee40cb91b0aed0038bdfd6f53598f933c
Brownspot/BROWNSPOT2_012.jpg,Brownspot,3934,b0bd07c03908b19af5b8ab4e0130bff31492954f4d0b99f09e2ae4fa4adfa43f
Brownspot/BROWNSPOT2_013.jpg,Brownspot,3935,72c1e8fed6b3923ffce07542a7a51b8641aaedcf917d672bfa43756574ca9d30
Brownspot/BROWNSPOT2_014.jpg,Brownspot,3837,94a98e465fc10b396d94ecb6c6bc788dcfecb9303dcb7af141c1bd43f34a7f0b
Brownspot/BROWNSPOT2_015.jpg,Brownspot,3937,42a49b0686b8f9e64a9307e5b891bbf646b8e71bad9922983d6dd7515c067ace
Brownspot/BROWNSPOT2_016.jpg,Brownspot,3938,dbfdd41a9f1b7b67a52f1586e28fb201d0004c2c6f88c94a9a13f7fcc6e40db5
Brownspot/BROWNSPOT2_017.jpg,Brownspot,3939,948636ef2ed091c7343f91f3c7f72395c89729a1a07818d872232d286428af50
Brownspot/BROWNSPOT2_018.jpg,Brownspot,3940,e240f050971ca00e9ec83520fcaf2a5cc96a5757fc3ad2566bb8f1280705fde2
Brownspot/BROWNSPOT2_019.jpg,Brownspot,3839,36dfa89bf3a10e10eb1df8401bd00abc267e27b132643a9a87ef4b143ce3976f
Brownspot/BROWNSPOT2_020.jpg,Brownspot,3942,eaca23c828068946f465542a4cd330f63d78b232de0980b8a0d61d95f45192db
Brownspot/BROWNSPOT2_021.jpg,Brownspot,3943,4fb5f402ad801da8abbc3a212d6885de8b70ce7935f6ca9c2d0551783c1eef8d
Brownspot/BROWNSPOT2_022.jpg,Brownspot,3944,2372c30b750dee5a28363f4e9e41b7e3b51031d33c09a916a94a0f63ed07caaf
Brownspot/BROWNSPOT2_023.jpg,Brownspot,4345,af03e884c76d508eb259eddd1a6c4c50da9b807bc1a9231a1e1a267a3d5ff747
Brownspot/BROWNSPOT2_024.jpg,Brownspot,3847,bf9c0d43b328f029e3f4e562fbd43e2b9f25037e930e252b884a7cd05059ebbb
Brownspot/BROWNSPOT2_025.jpg,Brownspot,3947,1994c7e36b3637e27c7c4c56f4813e29634311de26e9bc087722878bb5873d91
Brownspot/BROWNSPOT2_026.jpg,Brownspot,3948,fc778cc51c276a28caac7b016ab9bfd602e272e38392a29a193c7e2d3d087cdf
Brownspot/BROWNSPOT2_027.jpg,Brownspot,3850,db423e23ea1f1ab8bfe9ea7c196cb4cdd9016c8af909b4fcffe0b4e199db8061
Brownspot/BROWNSPOT2_028.jpg,Brownspot,3950,d02fa58aad882d28e22523e56dcbfea8465053a4d2ae545ef798108da856e2ea
Brownspot/BROWNSPOT2_029.jpg,Brownspot,3852,84c4f9c9f21d478c7008007b8690504327ac986d3571b47f2ab14862a084e90a
Brownspot/BROWNSPOT2_030.jpg,Brownspot,3853,95800e8d92fc46107ecfe67193ab25cea4752eb25ac4f825c2ff0ca65b61b626
Brownspot/BROWNSPOT2_031.jpg,Brownspot,3953,4373bcd779d2dcf1edbab9a2f5ba7d2205686a0a59caedf6e56be408d1014093
Brownspot/BROWNSPOT2_032.jpg,Brownspot,3855,257257ddfafb6085ae6e089f10b55173fd0f08a77295a4bea7599bc35626dec8
Brownspot/BROWNSPOT2_033.jpg,Brownspot,3955,a23b94fcbe4b7a77ebe187e402ab28dac15adf61bca1bc6bddf30e892a55669b
Brownspot/BROWNSPOT2_034.jpg,Brownspot,3956,a3a23c6533ca2cc608de950b1d678d46f4aa1a3271785d14e3a7213b2cb16729
Brownspot/BROWNSPOT2_035.jpg,Brownspot,3957,33235bb94bd4fac7a6ab4fd1ee88ea9f5a83edc766a3273a1ecd21faffb52826
Brownspot/BROWNSPOT2_036.jpg,Brownspot,3859,585dc5535bddedebf37232404267be3f000aee83942d859cae5e42ed573f4765
Brownspot/BROWNSPOT2_037.jpg,Brownspot,3959,cabfeee17057f57e9d9e64235e73e8acd69f6d2d5e5216926d832b990aebed61
Brownspot/BROWNSPOT2_038.jpg,Brownspot,3960,64db943ebde274a5e9c3632441ee0cfe6bfed9c59cf1e1a4c889672cd203c7e7
Brownspot/BROWNSPOT2_039.jpg,Brownspot,3961,151d0c33cd1ec05957ba71dc1a4d3dd38fbc1adb3a2cbbfa23f2c6ecec413c33
Brownspot/BROWNSPOT2_040.jpg,Brownspot,3962,bbc976ca9e6e9af39aadb325e343a8ba0b9c3bbdca08e43bb5ade7d0caa9525c
Brownspot/BROWNSPOT2_041.jpg,Brownspot,3963,32830959bc2257b746e9b21760266f0f64d09ea8f793929cb740ef42faea49ec
Brownspot/BROWNSPOT2_042.jpg,Brownspot,3964,e1dcc2888d9d6d103fba3a1b2a796b3b441d20399e4e036cf38f08c71ede2e22
Brownspot/BROWNSPOT2_043.jpg,Brownspot,3965,9a53f78afeb00f0f790a7369b64510e44e8c0ffe634306f190d8527320befbe2
Brownspot/BROWNSPOT2_044.jpg,Brownspot,3867,54749196e0730f629bcb8c4cb9bfc4f52cdf97ac3e22b34f6aa22e48e77d219d
Brownspot/BROWNSPOT2_045.jpg,Brownspot,3967,d7b8ce3c28cd95d8b58102ad7db409e89b637959e56c1779b1d53d9da02cd7ad
Brownspot/BROWNSPOT2_046.jpg,Brownspot,3968,50e3ac9a24cee8146701f76e6f8196c44191483208aaa25ea66c51b7677f71b8
Brownspot/BROWNSPOT2_047.jpg,Brownspot,3969,c66a8b381db9215f8644221e1e239532d7d71a5e71b09567ff6d5ac895055542
Brownspot/BROWNSPOT2_048.jpg,Brownspot,3970,d5a399de5663b60819a8586fbe6a9e7fd711c0f4fcd79d68a887c4a00617a136
Brownspot/BROWNSPOT2_049.jpg,Brownspot,3971,91313a3b27ec51ffb89828e939236b3c7725db96f6aa7078da4c67a1f3bf1cb6
Brownspot/BROWNSPOT2_050.jpg,Brownspot,3972,499cd7f3f1a496ed4668e581baaff0a65de6bea1a076fc76b9fdca8b4d5ef190
Brownspot/BROWNSPOT2_051.jpg,Brownspot,3973,a24efd5a94bf110c6d07b4e4f024e8e66563e47591a9793fa3889f1fb698d460
Brownspot/BROWNSPOT2_052.jpg,Brownspot,3974,cc7761332f521a78654416d56175da2acabd61cee2936cc36b7824b2fbd55c58
Brownspot/BROWNSPOT2_053.jpg,Brownspot,3975,bf6a95d07fc33d3815718602eeb24c9308d1ec45b2d60a5a15349cde2917526d
Brownspot/BROWNSPOT2_054.jpg,Brownspot,3877,b9d3694062336aa3bb7f997fdd051ae9cfae951a4f3411a93282cab549fc4d4e
Brownspot/BROWNSPOT2_055.jpg,Brownspot,3977,182b418c1b45e9a4786f8755d9d784feed57ebb940ee829c53323fdec8e5913d
Brownspot/BROWNSPOT2_056.jpg,Brownspot,3978,9d98d8f79679ed578c3c71ee6ac73e709b30cffaaaffc31e12f2d69a2e8238e2
Brownspot/BROWNSPOT2_057.jpg,Brownspot,4280,a3cf32ee40895d755f8628e6ec9eb3d2cef02a3f9a00a62efa6a58c07165b3d8
Brownspot/BROWNSPOT2_058.jpg,Brownspot,3980,40467dcbf8fab4d996e7e7accfc2ad1e4320c9683eed18d37475b7c63a68dedc
Brownspot/BROWNSPOT2_059.jpg,Brownspot,3981,1360927c4a5e1855259d45503013d79101a6e62e1b598be52f9d75a931fd3662
Brownspot/BROWNSPOT2_060.jpg,Brownspot,3982,5480f31a562d8793cdcef1a731eee331ac2c7df69bc0be566eaba3d761e83abe
Brownspot/BROWNSPOT2_061.jpg,Brownspot,3983,e4c3c563afb24f81605b0ec122bb69826a7b2ce5e20d116f4e475e96167ec5b3
Brownspot/BROWNSPOT2_062.jpg,Brownspot,3984,01c046d030d34613f6db00bc36330398ff43b2e2b078aeb902962da8dee10eb0
Brownspot/BROWNSPOT2_063.jpg,Brownspot,3886,058e75c4b2dbbe877001b19973fe2b86c796a9bcfef2f25fc3e394e23d9ba276
Brownspot/BROWNSPOT2_064.jpg,Brownspot,3887,d536a469208012d24eae45e530e4430096c717ac4e7736bf037f03131da9b9bc
Brownspot/BROWNSPOT2_065.jpg,Brownspot,3987,73caffb1885bd1950ee664a735f5b2d3d5bfad07e2d8a29e4b2978a3fd07d0de
Brownspot/BROWNSPOT2_066.jpg,Brownspot,3988,62a6846d24db0351c5961e6be3e14ca7713b665b89849c55a0bda39cc77a93d8
Brownspot/BROWNSPOT2_067.jpg,Brownspot,3989,f5b8c263289a5eb649b2373be20b5f08ef0813459298eb8630875054654e70fc
Brownspot/BROWNSPOT2_068.jpg,Brownspot,3990,1086080c335c311cb3fb11b1acfbee3dda5cf47fc8f91c69cdf067bec98286b5
Brownspot/BROWNSPOT2_069.jpg,Brownspot,3991,f98e41be162fecda07276c17b93f19c45746f044463a5e8260759e95ba9b050c
Brownspot/BROWNSPOT2_070.jpg,Brownspot,3992,a6825bbe8cd3b14550013fe1d75cd3326b8d189fadc400469acf9e78b8edcb6e
Brownspot/BROWNSPOT2_071.jpg,Brownspot,3993,3c74946abaf1757cbe366fd5d7f50a23a957f2db4b88f22b54975a834cbe7e15
Brownspot/BROWNSPOT2_072.jpg,Brownspot,3994,2c7730f5ae4fa58c69e94d39d4ee6922f06b850ac14d88b6a23943345222a2ae
Brownspot/BROWNSPOT2_073.jpg,Brownspot,3896,6b3b3814dc45bed5afa6110ee7ba8872570c18d436c07cbbf72a1279521bf282
Brownspot/BROWNSPOT2_074.jpg,Brownspot,3996,63194d4cbc7db3b20055fb123a4b2d0ac707095fd98f55ecb49fc4c7ec3573ea
Brownspot/BROWNSPOT2_075.jpg,Brownspot,3898,549db4e3fff63bc7edfe76c20811337d1b9ce64caa42a2d3ff98500c7979045a
Brownspot/BROWNSPOT2_076.jpg,Brownspot,3998,ec9f460b25282e583ddc6dec957708622e4699b45ea105483bc710a322fb0e66
Brownspot/BROWNSPOT2_077.jpg,Brownspot,3900,8216092cb3636f9d5a7b4806c41848f28112da9eb680735c068320b1b213c11f
Brownspot/BROWNSPOT2_078.jpg,Brownspot,4000,927875e039b670236e06c0aa427e0ee338d743c452c358e3e9ec164bcfaa65ac
Brownspot/BROWNSPOT2_079.jpg,Brownspot,4002,63a71128c592d1b61793dacab503b1a8a6c63633b4adeaa853538edf2484f640
Brownspot/BROWNSPOT2_080.jpg,Brownspot,3903,9018c2513fa65238d28145d533998eece5c960e52ed064cc39925bdc81df9d8b
Brownspot/BROWNSPOT2_081.jpg,Brownspot,3904,c6b9deebd86af2dd91e0ad07f109264f70de5bf10b61a1d3fe3227335c4bac19
Brownspot/BROWNSPOT2_082.jpg,Brownspot,4005,04667e50d9ece8b95223014c3bdf6be788682f416893819a854faf3f8bae2cc1
Brownspot/BROWNSPOT2_083.jpg,Brownspot,4006,b90e3745ce613b3c4dbbd226791d5c29043218be591a2a8651b3814851fe3216
Brownspot/BROWNSPOT2_084.jpg,Brownspot,4007,c9b07112e96ff40973da0945caf7443556114b4008277456e63c2d1c420d3445
Brownspot/BROWNSPOT2_085.jpg,Brownspot,4008,8fca1eeec85729ffe3a472b6d05f3e207f86907e8d6d31624325e61cd1a59a43
Brownspot/BROWNSPOT2_086.jpg,Brownspot,3309,aa0504cde438c1a15409be9842fe68e34f94fe373d578a22c8573828cee06182
Brownspot/BROWNSPOT2_087.jpg,Brownspot,3910,a388eab9df987f914d6a83ece8ad674fd031dfc323feeda2c8d12664b0d28d9c
Brownspot/BROWNSPOT2_088.jpg,Brownspot,4010,d664c15c9d41c0ac797f19241e4f8b51289c89c029f4985146cb3ea5890e6410
Brownspot/BROWNSPOT2_089.jpg,Brownspot,4011,998df0b7db1dfecf4ed327198984875f034cb2d651074707a96851abe9b184c9
Brownspot/BROWNSPOT2_090.jpg,Brownspot,4012,7bba7144206d429d6d2f650006471d447740cba3e5eaaad27cf9f160039b8136
Brownspot/BROWNSPOT2_091.jpg,Brownspot,4013,2d618bf5fe6ef82c9ac6d6f32692a0d4bc04f5c097b9ee6661962d0e5e654de9
Brownspot/BROWNSPOT2_092.jpg,Brownspot,3915,5d1af4adcfd7621f90476f0662a7ca187a247e1b4e0951beb30ce0aeb88ef401
Brownspot/BROWNSPOT2_093.jpg,Brownspot,4015,7eb098638ca6c8b37c7912f8dd9449143ca038fc5d0d9e4f700f5882f9241ffd
Brownspot/BROWNSPOT2_094.jpg,Brownspot,4016,b4098cff8a3b5b8eabc993de9f7efa2076c4861caf0ae323664576e07642b235
Brownspot/BROWNSPOT2_095.jpg,Brownspot,3918,7cd6afb4743d6028f687ab59495991ed4166a186730355f118580703834e9f16
Brownspot/BROWNSPOT2_096.jpg,Brownspot,3919,2952b8d3a3fc864b12564338f6ad0ddef85f8dbcd494027f5c54173e67ee5150
Brownspot/BROWNSPOT2_097.jpg,Brownspot,4019,19ff3a295b0ed5368334960ad95254fd16a34937cb1a38e2ddfe8cbda5bbf239
Brownspot/BROWNSPOT2_098.jpg,Brownspot,3921,62e96a5c9617d8058bff4d55723a9eac01dfc0d2ede24729058e702a0afa841d
Brownspot/BROWNSPOT2_099.jpg,Brownspot,3922,6238a3d1a847e83ae7896ed9aa15fea05333a7a7b5ee1ec66ae8cb736b55d85a
Brownspot/BROWNSPOT2_100.jpg,Brownspot,3923,4a5463e0fb88e4e72302a75cca4c311283de9a22c5cb1e9f2ddb8422b4c6e9c9
Brownspot/BROWNSPOT2_101.jpg,Brownspot,3826,b1890f5d30bd44b72bf6c658a380ac32065948447ef47fddcff4a8b0c9ce3594
Brownspot/BROWNSPOT2_102.jpg,Brownspot,3825,8f8ea91bb17d8bff1f911ff2eaeefd0d14b97b917c33a73ae76ee468786a3e81
Brownspot/BROWNSPOT2_103.jpg,Brownspot,3828,88b4c90ac6a6649a7293a25bea4edb02d4fe91c0f9a07b1cff747d7f70dff1a0
Brownspot/BROWNSPOT2_104.jpg,Brownspot,3827,4e539663a8d67e62e1f16b8292c509699888cc13b3939fdbc8a9f177db9495d5
Brownspot/BROWNSPOT2_105.jpg,Brownspot,3830,767822009657b88114bb4efa2619c30f483129083136ff16eef35d8e25b2ed74
Brownspot/BROWNSPOT2_106.jpg,Brownspot,3829,472c36925d6890372efb87c9508505ff1378bc73217646508d33f1e16f34c2e7
Brownspot/BROWNSPOT2_107.jpg,Brownspot,3832,16b3e922b0a461c7a5a0fa94a7b4ccdc0d870067a3f1f9de34c328a5ff40efee
Brownspot/BROWNSPOT2_108.jpg,Brownspot,3831,fd8311043db2c33b88bd0f9c4a9a83e41fedb29a14f09010234a0be93e67a2e8
Brownspot/BROWNSPOT2_109.jpg,Brownspot,3932,2d4ea9e82f3584e2acd1e51079412b5214da55959936dd351ea2fee0ffc022e1
Brownspot/BROWNSPOT2_110.jpg,Brownspot,3834,7ad3519b0af6ced1a445dd9c25835eba30123eb5ba9fb01672e7f169be748aef
Brownspot/BROWNSPOT2_111.jpg,Brownspot,3835,ba7c5b42870cfb2c28f6d485316e5f31803eaf362a8da9d90de60077e45bdc11
Brownspot/BROWNSPOT2_112.jpg,Brownspot,3836,47c541861f4a7f39d5a21ece5b35813c04e6d40042a5e59ce13341ad99554c35
Brownspot/BROWNSPOT2_113.jpg,Brownspot,3837,01ab75caad2633fc632cf90bed3a30c2f4f17591913a439baa2b085ae1e0414f
Brownspot/BROWNSPOT2_114.jpg,Brownspot,3838,5561a23123efb80f320ff496c18065252f804078fd36bd478f7aa5be21045c79
Brownspot/BROWNSPOT2_115.jpg,Brownspot,3839,95ee07d3761b70767465aab72bf1fcbe0beff4c15ad127038818690343854c0f
Brownspot/BROWNSPOT2_116.jpg,Brownspot,3840,72102099e5a4995b0dea7cddb7b3b69b5994c5b5ccfe68a81f8b809311594580
Brownspot/BROWNSPOT2_117.jpg,Brownspot,3841,6001ef22c1b4103acd6b3cabcecf014213d608307aec7a84e2689c38f72903fc
Brownspot/BROWNSPOT2_118.jpg,Brownspot,3842,d29e6744f29ca00ba3e02cef870b9857ecd32dcef41a435e30a16e05f8725c2b
Brownspot/BROWNSPOT2_119.jpg,Brownspot,3843,f553af6fa66b6ab3fa71c56cd84ac2535ff0f6464952874ebdb1b7c46a8dec17
Brownspot/BROWNSPOT2_120.jpg,Brownspot,3844,d5a6103bd7d76d11d3bc6de0d23cfe9d21391b139ee5269835546735c61a5790
Brownspot/BROWNSPOT2_121.jpg,Brownspot,3845,c8cfbe6d3160c616e573b1eca05a0fbcf4f80005a5fae9616409339808279a32
Brownspot/BROWNSPOT2_122.jpg,Brownspot,4345,cb38a23c0f4a54e910603c89725a296659a9e046648681ffddeeff872469a8b9
Brownspot/BROWNSPOT2_123.jpg,Brownspot,3847,ee34a7d6106ce914fb9025445b95beb44fc1082896e2362f7b6256758ed84ca2
Brownspot/BROWNSPOT2_124.jpg,Brownspot,3848,3d540dd159e5b568c3184c6ad9e6bfa83d1116e5b82314f486d84f3612178c66
Brownspot/BROWNSPOT2_125.jpg,Brownspot,3849,3abec6ba6ea46f66b876bc37e790e85d1d7e0c2e367b601bdff9bb9076e57ed1
Brownspot/BROWNSPOT2_126.jpg,Brownspot,3850,8c2d84ded34ec19250b962e147f32f7eda082c4bca2e52634ca0af7a468f49a1
Brownspot/BROWNSPOT2_127.jpg,Brownspot,3851,0257ac82c28ec1e3664757729834691f75b1dd03a0d1f35a1c7b8cfde3a42993
Brownspot/BROWNSPOT2_128.jpg,Brownspot,3852,1826cb1476a3ba44ec38d01ba5e10659b60af852643d6b4b2ec5775ce06c48ff
Brownspot/BROWNSPOT2_129.jpg,Brownspot,3853,e360023ace346b474c73349ff52ea9670ef2936c7ddb5b7b10b2f566d5798751
Brownspot/BROWNSPOT2_130.jpg,Brownspot,3841,802650e3de879fd922dafa9edade530f2b33c23ec4d984cf6b45bc64266e4880
Brownspot/BROWNSPOT2_131.jpg,Brownspot,3855,8262e5d067370431236fe155cd74f893ded8a7e14ab9c9cc7b4ccc66255e7cae
Brownspot/BROWNSPOT2_132.jpg,Brownspot,3856,65d581965aa82d41714925af14d4e0b1b1bcea38017295661813e9fc95be1aec
Brownspot/BROWNSPOT2_133.jpg,Brownspot,3857,184fb1655bb119b39517b543ef498727600e591b4d32b86072dcda94827c60a9
Brownspot/BROWNSPOT2_134.jpg,Brownspot,3858,f9112c70cb1fde90f148521eebcdc51d005b59706312f4bab688014af054153c
Brownspot/BROWNSPOT2_135.jpg,Brownspot,3859,b6c410a5e52e28255fcb8f69baa7be00cfaf677e83592c074e19c3898f5e627e
Brownspot/BROWNSPOT2_136.jpg,Brownspot,3860,7957c8e2113b5a7651d7189e24ed2e8431385b0b8427faf006e41f3ced3a1900
Brownspot/BROWNSPOT2_137.jpg,Brownspot,3861,8bfaea2aef002f34b5f0fe2b824e4ee396182d45ff3c2cca1bbfd1ba0b7ae4fd
Brownspot/BROWNSPOT2_138.jpg,Brownspot,3862,da5c45a83c135cb58a7c18c8e395bef1bcdff1168c942fa8a22d3e2b400ebec0
Brownspot/BROWNSPOT2_139.jpg,Brownspot,3863,2b5e0f7bb1467cc61466765588835779ee310d317f4883fadd9218672bb80ef1
Brownspot/BROWNSPOT2_140.jpg,Brownspot,3864,0d5a0ec27c4333a7867bac6b10b8bbfac6c4d79045772e87e66253447570d770
Brownspot/BROWNSPOT2_141.jpg,Brownspot,3865,d659ae95e3fbee25180a6722f05dbc6227bdd2c69b52d3792b99c2cb819c0db4
Brownspot/BROWNSPOT2_142.jpg,Brownspot,3866,8f1caa56dd7a986d0fcb8a5636e28f31a8fc76828561cf77920db8570fa989b0
Brownspot/BROWNSPOT2_143.jpg,Brownspot,3867,f2bc5bdaf1aba718f10d044b3f323c3a07da91240ac4e35b4ab2f7bf12cc6891
Brownspot/BROWNSPOT2_144.jpg,Brownspot,3967,3701dce4c7ca4eff0959e944ffe5f8ddc4c1f8fbc05dc93f8e82193d1ffe95fb
Brownspot/BROWNSPOT2_145.jpg,Brownspot,3869,a4b83005276f2c23ed3668035f0fd440889747ce29a512039e2c42899ad36e93
Brownspot/BROWNSPOT2_146.jpg,Brownspot,3870,0abfc92d7728952ff12e633763e5a1ed8fe163f5061dfd9be177801168fae640
Brownspot/BROWNSPOT2_147.jpg,Brownspot,3871,2a86fcfec9bccdfc01be64dd3f9576fa9bc02b810f77dccb478186b87c9119ed
Brownspot/BROWNSPOT2_148.jpg,Brownspot,3872,54d582ba361126fed2b25e2f645cd54811d27e5b263c523b84d6605cf882e948
Brownspot/BROWNSPOT2_149.jpg,Brownspot,3873,e1d10645081d88ed48bf909a62544988a335ba5c7f26b17337392181c5bea3de
Brownspot/BROWNSPOT2_150.jpg,Brownspot,3874,d7b313479c7198404ed9784e70b35637641241d95938acbba5048ef0b0647b86
Brownspot/BROWNSPOT2_151.jpg,Brownspot,3875,59b64277e9051bf0b95742f4ec0099414af35f33d1eab9f8c7fdcff3a193ee3f
Brownspot/BROWNSPOT2_152.jpg,Brownspot,4276,00cda5af3d326a6af94ede8873d1d744cab90404d557781a1c2e6d27cc92fffe
Brownspot/BROWNSPOT2_153.jpg,Brownspot,3877,a544b936917b7a3760477b941e90b2ebfb3739a88bba8e6fee054aecdc85821e
Brownspot/BROWNSPOT2_154.jpg,Brownspot,3878,049b70dcbc2f448c489f068878bd151878f21534581c1477ddb33d0ec3e01aae
Brownspot/BROWNSPOT2_155.jpg,Brownspot,3978,e0da2aab221127a99a07dd9f78b5df42bbb5cdd9b6f2adaf799aa589347cc9d4
Brownspot/BROWNSPOT2_156.jpg,Brownspot,4280,fbebcf56772b55001d590d0a17136a9a122eda187646433f9ffd5bc5de0ea012
Brownspot/BROWNSPOT2_157.jpg,Brownspot,3881,c74d6b32a545521e84aca8b23c0085ab0fde1a970550852e776ba31513e37aa3
Brownspot/BROWNSPOT2_158.jpg,Brownspot,3882,f49911a8dc06cfffaa3b41964bf5672dabcc445b009eedce901cc58ee2e0f889
Brownspot/BROWNSPOT2_159.jpg,Brownspot,3883,94236335138de46d845ee9bc351ed58c7a0f793ac7c955abacd171155fc8da28
Brownspot/BROWNSPOT2_160.jpg,Brownspot,3884,65d0f947ed668752bf787beaaf06babd82f22fa00ce5d82672cd527564e5b346
Brownspot/BROWNSPOT2_161.jpg,Brownspot,3885,c49342e306148bc0944c556a7e4a784a04954fa67b4aa65fbca19eabfc478e59
Brownspot/BROWNSPOT2_162.jpg,Brownspot,3886,17a8565428b70f2af8423d096e459e5b6a87989233f6e61854df4502edf7f6ee
Brownspot/BROWNSPOT2_163.jpg,Brownspot,3887,57d2fb21bda95401f65634effdaa17046e136aab08621e777f4e2eae573d57fd
Brownspot/BROWNSPOT2_164.jpg,Brownspot,4315,ec5a16e7c14c05533e4a049e872472888a0a0dfa91ee102d84e443e2982bcc83
Brownspot/BROWNSPOT2_165.jpg,Brownspot,3889,9ca27e6bf8ec9df4b4b861e7d4fe4e44bbaea18f1db0b19a697be787acf24cf1
Brownspot/BROWNSPOT2_166.jpg,Brownspot,3890,2e8da5ffa8efe4e2af80e671a8c0f6f9700798cdb652be6616d01d17f908f830
Brownspot/BROWNSPOT2_167.jpg,Brownspot,3891,c54e789db1c26cae35d0c0c8b261292ba44b854c1d1add5188fe7ce73a56366d
Brownspot/BROWNSPOT2_168.jpg,Brownspot,3892,fa522c34104e9d8c96881897665ff6316d969b5bd02a196f20cf6e36933394eb
Brownspot/BROWNSPOT2_169.jpg,Brownspot,3893,118ae152659763fd590ff023bf4079e24140740b21c2a3606bda24f97ed14e4b
Brownspot/BROWNSPOT2_170.jpg,Brownspot,3894,20fa54d6f99c91e0d8125fa0d9e9dca4249db39ea4fa781b059ea09943437b90
Brownspot/BROWNSPOT2_171.jpg,Brownspot,3895,e210b283ba5a8bfb8e19a2db8cac1df8586e0df2bf63d0ff6ee9c5c8708ea1f0
Brownspot/BROWNSPOT2_172.jpg,Brownspot,3896,1704b5b2de7c0c24c4f71ace5558a50d3d25cf9b5cb335806f1c2e50ca69a354
Brownspot/BROWNSPOT2_173.jpg,Brownspot,3897,9505e16146c91c85336f137292c68f09ac292b98304254be22069021cd849df7
Brownspot/BROWNSPOT2_174.jpg,Brownspot,3898,23e81886b7230260e79be80fd063040e6d6533b1ff702ecedeb0634565368f5b
Brownspot/BROWNSPOT2_175.jpg,Brownspot,3899,d781a39553953092496f3ffef64bbad4c556289bf4522d744eb77f9f0cd700e0
Brownspot/BROWNSPOT2_176.jpg,Brownspot,3900,7dad367593c40d7f2a3aa3cf05bb4a04f402e7861684f2bf915f7d05e292adcf
Brownspot/BROWNSPOT2_177.jpg,Brownspot,4000,351afbef18aac9c5d9067d3f221771b41a13486684e497fdaaa2a9e12e16ec0e
Brownspot/BROWNSPOT2_178.jpg,Brownspot,3401,3936dd91e8662ff8faae7e3b3e5861ce75031775ac3191749143cc4f4d1d8320
Brownspot/BROWNSPOT2_179.jpg,Brownspot,3902,1ba3f6937b555d81a6da133c75815a31e57fb67e261d8293556a01fdf0fc9b65
Brownspot/BROWNSPOT2_180.jpg,Brownspot,3903,9d8896d457ad9c5738c532407443275033dd6c1bba38c2411656bb4b9cfcbada
Brownspot/BROWNSPOT2_181.jpg,Brownspot,3904,7ec2594074133d836b728175efe5375a98e062c1ee99a7ce8d705949008d2928
Brownspot/BROWNSPOT2_182.jpg,Brownspot,3905,b52f9b9e0f701daaf89084a88ffb4ee97c74bc739d0589661e2e42657da8797f
Brownspot/BROWNSPOT2_183.jpg,Brownspot,3906,e66e00e8e53ce66280b22b00118c9fed1f2820da62473c846a4d054122bfb93e
Brownspot/BROWNSPOT2_184.jpg,Brownspot,3907,0fbb5c7bc4a3bafaa170750de04d1edae5aa2ddce188f11389f8299c2f09f160
Brownspot/BROWNSPOT2_185.jpg,Brownspot,3908,a65fd71a23c43bb71dfe2eb895ed219bbefbbc642706a4329e0038d0ebe01e90
Brownspot/BROWNSPOT2_186.jpg,Brownspot,3910,a35aade6dc86ae38da9818848400679456ecc2683d6b93512deee379b0261be1
Brownspot/BROWNSPOT2_187.jpg,Brownspot,3911,3acd325ab2366c005f5e67c5ff66867a582f7860fa91abdf105302d36ceeb588
Brownspot/BROWNSPOT2_188.jpg,Brownspot,3912,d071d4bc8cf0a1a272f9599e338c85f118d986f9c795d5a2cd75ee2f97848edb
Brownspot/BROWNSPOT2_189.jpg,Brownspot,3913,e477662b1cddf8ebeaeafba40c1050b8440b8fa569f89e9a66ff66efe1cb014a
Brownspot/BROWNSPOT2_190.jpg,Brownspot,3914,8842618dab1ebf964ceef3456f8d6f774df3f37b6dd4ca7a98339e8bed55985d
Brownspot/BROWNSPOT2_191.jpg,Brownspot,3915,e74b29b11bb03c4027009094f2b13cfd05a89c0e835e8f4467db5911a903bf67
Brownspot/BROWNSPOT2_192.jpg,Brownspot,3916,35bf6a259fba0a9f142da5ca5e5f5a861a4fa7e810873cb61b8c2c753a31743c
Brownspot/BROWNSPOT2_193.jpg,Brownspot,3917,0663d9fcc6ad2f77d0b2645d565010f3986950ba16754590b7311ff24f90d259
Brownspot/BROWNSPOT2_194.jpg,Brownspot,3918,35b2cfb736fc6f56c0dfd7eb91cdbe7fefe4af6bdba648b4ad8c6f7cd75d98f6
Brownspot/BROWNSPOT2_195.jpg,Brownspot,3919,15845dcfe4a1cea74949129f18cc765361bdad02a636835b6c6542445c5ca4ad
Brownspot/BROWNSPOT2_196.jpg,Brownspot,3920,53d3500e4cf2607d34dce25c76e1107d381bf4c250527df9eb2a40127b5e33c1
Brownspot/BROWNSPOT2_197.jpg,Brownspot,3921,8ae4b21b7a0e51158dd3b76b4136616136bdf976277cf93cfc5e2a4f3a19c0bb
Brownspot/BROWNSPOT2_198.jpg,Brownspot,3922,780e88b48795206abaf5f02179cd675c1e50c539c9cbcfcf4233e43531fa9cc8
Brownspot/BROWNSPOT2_199.jpg,Brownspot,3923,a3b1bf3feee6dc56abb8889d1961ed4080d8fd723d117a5d09512d3be543fb92
Brownspot/BROWNSPOT2_200.jpg,Brownspot,3824,547a8d8bea46e27bad1e44a08909d594fb5211720116748a62fa9f7ef42828a3
Brownspot/BROWNSPOT3_001.jpg,Brownspot,3824,ddc63f10ce4c7c445e925c958c9bd5cd2516322e304d202d4101c33ddf9595f1
Brownspot/BROWNSPOT3_002.jpg,Brownspot,3825,89900314494063724fd31ef3731f3e588bd059f2af51e9589f5787388192d938
Brownspot/BROWNSPOT3_003.jpg,Brownspot,3826,249aa0408a36dfcc37beacb440a49331d5dc516f30e5729abf6de802c94f1ef1
Brownspot/BROWNSPOT3_004.jpg,Brownspot,3827,fc4bd08337ff75c4fdd6017d3168c3eda968822ed1ababcf6ec4af10e239a3bf
Brownspot/BROWNSPOT3_005.jpg,Brownspot,3828,f678c649774a45ba7f7ad2390368199298c9cf0676a119e78d8edab5099cc69a
Brownspot/BROWNSPOT3_006.jpg,Brownspot,3829,43c4cb8280efa2d329cc102d8a07cb2c524923e9cfcc8cf889c8379ee52b27cb
Brownspot/BROWNSPOT3_007.jpg,Brownspot,3830,1d51991000d20ac8de33bc78b1d2f31656e7ecd37df80afbfd5be2875fbc5b30
Brownspot/BROWNSPOT3_008.jpg,Brownspot,3831,67db2981692da07b0a53c09e5e4b0a7f8cebb8d605b54edade2fe9554be42b0f
Brownspot/BROWNSPOT3_009.jpg,Brownspot,3832,956511e375665ddc8f918b18e6345ec6700dd31a509add73c25c059ae77c230b
Brownspot/BROWNSPOT3_010.jpg,Brownspot,3932,ae412f7b5809059b46e0bf07666b543644d99bd69ca2eab5c58458147b71534e
Brownspot/BROWNSPOT3_011.jpg,Brownspot,3834,8ac19bda5937c47e3f0a528a3fca5d2f527cef64f690c129a2a3b455204ec113
Brownspot/BROWNSPOT3_012.jpg,Brownspot,3835,5bfc03c35e404b81523a14c846430db96f1cdd73364ed55a9ad9988827967769
Brownspot/BROWNSPOT3_013.jpg,Brownspot,3836,5e8b22f628ec71b7a1d5b1ad314737905345e360d797b3add23b471903127c96
Brownspot/BROWNSPOT3_014.jpg,Brownspot,3837,f5d8761c08873d31eb5e0a7a8b9bb0435badc79129cfb130f99655a9eaa35ba6
Brownspot/BROWNSPOT3_015.jpg,Brownspot,3838,a9924a83a5d175c6f86758a1a7764c190b1e469f09067367d698749620e545ee
Brownspot/BROWNSPOT3_016.jpg,Brownspot,3839,8f4d635e45471f9d46e14f30b13f51ecb0a59db34361342d435df4da4f5d1e28
Brownspot/BROWNSPOT3_017.jpg,Brownspot,3840,079168125b7a5a1135a277789b0bbfce515a73033ef45ae5e4f0e30f43161d71
Brownspot/BROWNSPOT3_018.jpg,Brownspot,3841,d85fe966b1ecc4a359455f7b93209ae677ea52883d48f8e319572632d33baae4
Brownspot/BROWNSPOT3_019.jpg,Brownspot,3842,8714d0a71afaa1447c51d9de4cbfb8ac6e6040315b69c7df744d45e480891169
Brownspot/BROWNSPOT3_020.jpg,Brownspot,3843,d320a58c782014fdb07a8ae2170f85b3c1344bbe5d7caa2619e0ee807227ab08
Brownspot/BROWNSPOT3_021.jpg,Brownspot,3844,b9fbea692fe35b095458c32ecdd53f4eecaf31b065af41fd72bf8530edca7eac
Brownspot/BROWNSPOT3_022.jpg,Brownspot,3845,e1aebf0ec6748e3568c2fa10db6d696c51a15e818c558d6fe577b328440f9f88
Brownspot/BROWNSPOT3_023.jpg,Brownspot,4345,2e076754d592ef3f17641b304eb2ff02da3721a819ae8658f938c841a5c3cc86
Brownspot/BROWNSPOT3_024.jpg,Brownspot,3847,db8508ed1029bc513c7cbe9b85320ac2af099bcc77859ba56c2f036f8075016d
Brownspot/BROWNSPOT3_025.jpg,Brownspot,3848,342e8fc453bc38a8a8413e1ca606f8720ef8d08649b4f10a7d777154b5ea988d
Brownspot/BROWNSPOT3_026.jpg,Brownspot,3849,0c5c5143381be4f463dd21be5d661e202838a5a0e2fbe8cad9ef99e9f8d2c4b9
Brownspot/BROWNSPOT3_027.jpg,Brownspot,3850,6b0f5c7b5ddb2bdb00fefe3136d16ce65187025cdd5a4463561fe8a5d216f7da
Brownspot/BROWNSPOT3_028.jpg,Brownspot,3851,8d27025ec357d2968d78c5005392822cec27f4e92c404c8513bc0204ecd285a9
Brownspot/BROWNSPOT3_029.jpg,Brownspot,3852,90ca57e35310d77ad81d6aaa1a928896b41674cd94b7ae1a81ad0c7296a0192f
Brownspot/BROWNSPOT3_030.jpg,Brownspot,3853,f70a68b8b25cef5a18da46574a3e845a0110588777622d28a39e318e16c8655f
Brownspot/BROWNSPOT3_031.jpg,Brownspot,3841,dcbc9eda81ae8771e93c24bb3bbb47d80652d55e693f484012e8882b2fdd0c6a
Brownspot/BROWNSPOT3_032.jpg,Brownspot,3855,73404efe963198813422de4a3b1caa075aabb8319774f33f5e846b9620ed71bf
Brownspot/BROWNSPOT3_033.jpg,Brownspot,3856,347087b96a11fcfa1e663a03282fc8d4eccb6095738dd934ca0d9351e879da6b
Brownspot/BROWNSPOT3_034.jpg,Brownspot,3857,22e3546093d28c53c3ed29c6d3da9de9b02dbe0847df2c5870877e26434f97e1
Brownspot/BROWNSPOT3_035.jpg,Brownspot,3858,c3cae400a8f2bffae2b22980fa1ae862bb95401e3b87181928d1adb584c1ae04
Brownspot/BROWNSPOT3_036.jpg,Brownspot,3859,6794a2a4867d00ff35fa75d15a92c707b8af5684cf6dc138d037d89e9f1fe65f
Brownspot/BROWNSPOT3_037.jpg,Brownspot,3860,fd74cc7a056306dc831391e5c56d7c1d32d013c7b0dd351f8be43320e8170e70
Brownspot/BROWNSPOT3_038.jpg,Brownspot,3861,b4f9e17c61c0dd9c274b8576b14592a92aed8abac02e75e7d92bfdd48971961c
Brownspot/BROWNSPOT3_039.jpg,Brownspot,3862,1957c6c840c96d3b55071d020c8fa72c05cdc56b916108e78dbfe913ab04ab37
Brownspot/BROWNSPOT3_040.jpg,Brownspot,3863,4511c0d55b275467cb6a235a4bc45dfea36a616772a993315f6890df51cc7648
Brownspot/BROWNSPOT3_041.jpg,Brownspot,3864,f67e1c45a4e890df92913169bf6ec001052bc2431fa59d3290b080410f2d7130
Brownspot/BROWNSPOT3_042.jpg,Brownspot,3865,16978cc148fea590e8e5cb78df4f3f1752ef83a079921c2205d164f72c19945e
Brownspot/BROWNSPOT3_043.jpg,Brownspot,3866,78e01a58696bc4845afe88577985816f98473f2f29717a67370481e0fafdaf74
Brownspot/BROWNSPOT3_044.jpg,Brownspot,3867,9eadd4daf5fb2258caafeb891c4a0f7f26daa69467dddaf3fbc47cc25b7d2ffc
Brownspot/BROWNSPOT3_045.jpg,Brownspot,3967,4e42bccbcf3a1897119316cf549d3e2e85025152f84b6f518d8afa07ec8ba22f
Brownspot/BROWNSPOT3_046.jpg,Brownspot,3869,6da3a08b1a33a51552c6b0276015b535cf5e9c6903c2014917c76dfc71337ba3
Brownspot/BROWNSPOT3_047.jpg,Brownspot,3870,43276a4371d8908148d2babf73f894f840ae3972fda21879c24b5f03e7073234
Brownspot/BROWNSPOT3_048.jpg,Brownspot,3871,76281627203bb2f40ef400ac6c7ae4cfb2349c7b4453fe7ff15dc2b26593deb9
Brownspot/BROWNSPOT3_049.jpg,Brownspot,3872,9d51fb6ba3faf4287a463775945461b9352b89eee70de78da8e8b09793a591d3
Brownspot/BROWNSPOT3_050.jpg,Brownspot,3873,5f038f11793a0a0169eac350eb00a2c07ceeac215e3897e1eec83e3358b13373
Brownspot/BROWNSPOT3_051.jpg,Brownspot,3874,b4d899948398989cd80115babb0c0976132944ceacf65d74c9cd03ffaf3eb1b8
Brownspot/BROWNSPOT3_052.jpg,Brownspot,3875,d87b7040c53a59b38460bfa6749c0e04f2b2a1aeafa1c8a015f503ca4013be26
Brownspot/BROWNSPOT3_053.jpg,Brownspot,4276,223cf32bb30ca887ee9f41b4c1f022d09a778397550b2e0125a4669d4a4d6da1
Brownspot/BROWNSPOT3_054.jpg,Brownspot,3877,24dfaa6d4a74883dc7308af854d9bc1869efab94cd2be6e41ad5bae239f665b7
Brownspot/BROWNSPOT3_055.jpg,Brownspot,3878,a29e1f6ca324bd33ae623f46cbdbdbe091877fd1181c6d1a6bdfa1a0682c126d
Brownspot/BROWNSPOT3_056.jpg,Brownspot,3978,380226bf37fadb930e5449d26631b29bc8896feaba5082f35b9864d9eeecd462
Brownspot/BROWNSPOT3_057.jpg,Brownspot,4280,06131eb4344a66884004c333ae2a4e13371a59aa05e4c924c14a4a189e371e74
Brownspot/BROWNSPOT3_058.jpg,Brownspot,3881,02bbeba0dfdc83e896bc51ffed5f3994623c02fe8c5914e1c53ce07766db8ab5
Brownspot/BROWNSPOT3_059.jpg,Brownspot,3882,0657e87934055a78d44da279b88120a18b2b7582f4f93cf18dc311373b814dcf
Brownspot/BROWNSPOT3_060.jpg,Brownspot,3883,571af6136cd34e975a6dee2702a0606749f99e244d4b94faa44cd94c1ffb5129
Brownspot/BROWNSPOT3_061.jpg,Brownspot,3884,39e07e787403e9feb679762dd3e0118960982c9c6aced68fe5999227863c45f2
Brownspot/BROWNSPOT3_062.jpg,Brownspot,3885,835303fc37ab182fd7a0b8a6d6bf170dc571315ec4bd98497a0e913ba3f9c126
Brownspot/BROWNSPOT3_063.jpg,Brownspot,3886,b85e83574273baae9d73bb68c2efa61711ffe91f4689e5dd5b056f3d8880f9f9
Brownspot/BROWNSPOT3_064.jpg,Brownspot,3887,fd696f9734a9d931116294fe5400ab003b902a6efaacaec1e90bfff578572bf9
Brownspot/BROWNSPOT3_065.jpg,Brownspot,4315,90995ab3da72de05c02d9564d6920f22740fbc67e7c6ad9860bb9445bf99f984
Brownspot/BROWNSPOT3_066.jpg,Brownspot,3889,bd6d3bb34e36284abd936da8da1308962c02d784d03e30ce29a832b0f1d3a8c5
Brownspot/BROWNSPOT3_067.jpg,Brownspot,3890,f4b7ababd7004531322dc6d94791116a7d18a6309acaae70ede5612d4180a70d
Brownspot/BROWNSPOT3_068.jpg,Brownspot,3891,0dbb4ddcba7b825422178a004e90e07e025e0adf7162ffff52f88be2cdfaff0c
Brownspot/BROWNSPOT3_069.jpg,Brownspot,3892,124ed71c9807b736b6a7b47a59e37b9eb0b81a0a220ade69895c7db205911c0d
Brownspot/BROWNSPOT3_070.jpg,Brownspot,3893,4c230161777d7c9a083e3cb495b0b0b1704ab49474884314b3921fb911219b90
Brownspot/BROWNSPOT3_071.jpg,Brownspot,3894,66e56a04d121839caaadea040228c5f5ed53011c08270621b37a8035cd80289c
Brownspot/BROWNSPOT3_072.jpg,Brownspot,3895,a26132e44bb8c464e93abd92e722df3502bedad77df1144f911229879129b778
Brownspot/BROWNSPOT3_073.jpg,Brownspot,3896,ad8f3ae76c42f468550c42708cda421a9aa7d889798fcdf52fdfe704f73a94b8
Brownspot/BROWNSPOT3_074.jpg,Brownspot,3897,d935e0ec8fbdc28459b01e1d8219acf0e0dc4fdae8ca74c74b91ba31f3f88a1d
Brownspot/BROWNSPOT3_075.jpg,Brownspot,3898,faa6f44382f561123138a15eb51d42be74cc71f41c479f7bb75d5e534dce0c1d
Brownspot/BROWNSPOT3_076.jpg,Brownspot,3899,8ecd6607413479d40cf6dfddb9e595a78f8c57264a18f4a28ffec4b58aff5cad
Brownspot/BROWNSPOT3_077.jpg,Brownspot,3900,ff8b85eaecf22e7c1d426c09a976b405a2bf34ffc425a4ad9b5a274fbc725c45
Brownspot/BROWNSPOT3_078.jpg,Brownspot,4000,09d5d5780b6e8494008b09b6554c2aee701dafdf5a568bb021873763dead98c0
Brownspot/BROWNSPOT3_079.jpg,Brownspot,3902,e525f4f89e0a4b83d927030d8444ea7313f702b40997df0634dc2ab56b1df028
Brownspot/BROWNSPOT3_080.jpg,Brownspot,3903,ee70fb74a5cd047c5303ae5b4c23ffde487eae1fee7f53bacf88aca1d6876f7f
Brownspot/BROWNSPOT3_081.jpg,Brownspot,3904,ee1df255a2c4884750741f9cbfa9ccea9120227b3f0b2c3287c67c87b9e018b0
Brownspot/BROWNSPOT3_082.jpg,Brownspot,3905,19d9a8cbcc72d16079b26919d59f91fe1a4ffabfceefb912cdf8f817ee94666e
Brownspot/BROWNSPOT3_083.jpg,Brownspot,3906,d253af7201be2ff59d4051b215d44cd51d0555b259d2d2cec459840166258cbb
Brownspot/BROWNSPOT3_084.jpg,Brownspot,3907,44d8aae68c4b17e720989fa741951a99320ae5dcb4cc1ad08d33d9598f34a3aa
Brownspot/BROWNSPOT3_085.jpg,Brownspot,3908,bee43f9c931d5de31e94ab20fcb0e8f5c847fae9f01aa30afd2043e5c474a9a0
Brownspot/BROWNSPOT3_086.jpg,Brownspot,3909,d04d30226ca9ca2ef39ee2f1c1f3ad090a323a47452ac4a6fd108a13906f3618
Brownspot/BROWNSPOT3_087.jpg,Brownspot,3910,157ae8b34c4cef81181730afb10e834bd4c00c458060dffaff6b924290b5afac
Brownspot/BROWNSPOT3_088.jpg,Brownspot,3911,519d1a17789f5efc72d13a0bf5ece0425e973b58c078cab9c40ef23eb6961c5a
Brownspot/BROWNSPOT3_089.jpg,Brownspot,3912,6c3f66ac24068e27cc0208b4cd404b5798fbab16f114e644493979259c55e975
Brownspot/BROWNSPOT3_090.jpg,Brownspot,3913,d3087402c244dfab71d3ca1a4d079b3544caffd67a8833cb9571376f0fc9efac
Brownspot/BROWNSPOT3_091.jpg,Brownspot,3914,63d9863ce31bfffcd1b75f3c58f5128f49ab6aec7bd2794714bbfe7cd58f67e0
Brownspot/BROWNSPOT3_092.jpg,Brownspot,3915,74c0f8d6cd4ec86331c86ed80795cfe550b623c370a560a253fe4ff282b8834a
Brownspot/BROWNSPOT3_093.jpg,Brownspot,3916,c48769bd067b629a9e4a3a6b839615085178abf830984ac0d18eb7f503916c1a
Brownspot/BROWNSPOT3_094.jpg,Brownspot,3917,5340442ab3d1b75c8a655e27d837aa00395c525cb6b8beed11cf27f514573032
Brownspot/BROWNSPOT3_095.jpg,Brownspot,3918,2fb0e6bd2e06fd958170171c390d3fd37919bf29745a22d28bfbed8d08ac0d9b
Brownspot/BROWNSPOT3_096.jpg,Brownspot,3919,15c356354289613f1ab333f077a63660b3f17ba863ec4675df40ec8f4d2c8eea
Brownspot/BROWNSPOT3_097.jpg,Brownspot,3920,ea1a25cc38e87e8b50afb42abad20ce776bf16f55d059560b225c8d12cdbf477
Brownspot/BROWNSPOT3_098.jpg,Brownspot,3921,9c6c48fea428511ff018499531b8c9d39699549af62df312254cd7e4575848cb
Brownspot/BROWNSPOT3_099.jpg,Brownspot,3922,768043f0e4533cb9d7d48bb016581085042adbd03563a28d792bb8443fbf3afc
Brownspot/BROWNSPOT3_100.jpg,Brownspot,3923,645e35f3c5cf76963adaa9397fe74f5c3e5109f4eccd5fefc2e40c0900230e08
Brownspot/BROWNSPOT3_101.jpg,Brownspot,3924,818a5c7a93bc06353ebc723b3c46ce0189a4c2c27212ac0e3cc72678987b0184
Brownspot/BROWNSPOT3_102.jpg,Brownspot,3825,4615d440a3db6d987579f5de8f156735cb6add439684086eaa9831c4f9f1b1a1
Brownspot/BROWNSPOT3_103.jpg,Brownspot,3926,fc2070bdec8689efafee05e477c68b518dd3550b3ad0b14dd5a83e23cffe0744
Brownspot/BROWNSPOT3_104.jpg,Brownspot,3827,0945e49b8d756297a46e82bd228c5206c4a108d52846a0e3657d2560ec29da14
Brownspot/BROWNSPOT3_105.jpg,Brownspot,3928,b01c995b658f6bb4efc093de2de0f2046ed4e62ab60f5ba0e71f8ee2be7e0f75
Brownspot/BROWNSPOT3_106.jpg,Brownspot,3929,ac1ee098887193f8118cef85859613fc2a865e800f0474123fe788ff9fbeaaf3
Brownspot/BROWNSPOT3_107.jpg,Brownspot,3930,8efa167371a85e7b814bb18aaa85862b585e13fed48a1e1a2e8f5b03dab09539
Brownspot/BROWNSPOT3_108.jpg,Brownspot,3931,686992fa729e3e4c8c087b6403bd3a4ba2a78ccf1b8eaf49be0af99d65337ace
Brownspot/BROWNSPOT3_109.jpg,Brownspot,3932,d41caf4a905d3a2bfc87312fca8622091f5fbb012e3a3ce9063e3553af64618e
Brownspot/BROWNSPOT3_110.jpg,Brownspot,3834,8b344b8d92a37b3d3b7a442a649c1a6e2ed7a322ed958eac5ceba359f55f4b34
Brownspot/BROWNSPOT3_111.jpg,Brownspot,3934,e114470b78f784300a3ace78753ae91c6d794ae82731c2b2442fa6862fa43462
Brownspot/BROWNSPOT3_112.jpg,Brownspot,3935,26b31ba7b62745d3ad75d646b1ac991dc42b56e34f6a21c9daadd1011067d160
Brownspot/BROWNSPOT3_113.jpg,Brownspot,3837,0526342f7bdeb917994e607c0b4577125f303b9d9abb8421e2ec02448f0759c4
Brownspot/BROWNSPOT3_114.jpg,Brownspot,3937,d58c3dd201760a059342577df07fa164606732575d2cdce693b0a955f872a24b
Brownspot/BROWNSPOT3_115.jpg,Brownspot,3938,0398885411d61d5ec86b074bc706a80fe4f40dfff11159197a6e009255f3c559
Brownspot/BROWNSPOT3_116.jpg,Brownspot,3939,227dfeb385fc3e79c89da6df5fa3da14a9c73cb57113cc7525613c30747707cc
Brownspot/BROWNSPOT3_117.jpg,Brownspot,3940,6eed7a54bc3a926a99e16539d71da2f7cc6434080876a88095c16b18453b8b30
Brownspot/BROWNSPOT3_118.jpg,Brownspot,3839,6b7f7312b0e6c6590dc9910f4c40edc4e4f97ee0174ac9c793850c82ad75e354
Brownspot/BROWNSPOT3_119.jpg,Brownspot,3942,6edcfa8635e7b75790ed07c5df92cc1ed977cdbf7b2ede1bb88d780504816108
Brownspot/BROWNSPOT3_120.jpg,Brownspot,3943,b516dc325ce44fc31664cc877f36fad70ed122554b49b8095b4c6efdb26e9dd2
Brownspot/BROWNSPOT3_121.jpg,Brownspot,3944,495420b6a3dc7fad8c8973c2214d2dc0655e0d22cbef1ef4038f8367da52faf0
Brownspot/BROWNSPOT3_122.jpg,Brownspot,4345,167a484576fd82c8fa434e7c8e774887cea3f374623e485783ede2ff50669390
Brownspot/BROWNSPOT3_123.jpg,Brownspot,3847,323c04c4028c5c45ec5120dd8f6307573f52c176060dd241a5a324cf11f1320b
Brownspot/BROWNSPOT3_124.jpg,Brownspot,3947,d7bc22b78820dc0084fe6e77e9a2007eb996242cbce7001dbcee49610ff6e00e
Brownspot/BROWNSPOT3_125.jpg,Brownspot,3948,0bb260c15e8b2851000aea8efc7277e02faae38ae9de64f131051b44a44a52d7
Brownspot/BROWNSPOT3_126.jpg,Brownspot,3850,60b08b0f559cb63dd915d42c804442bfa5b65dc806d26973b913a89226a4b1fc
Brownspot/BROWNSPOT3_127.jpg,Brownspot,3950,d18fa8084a18e9b45e18c78a710b09fb1d82aaa01fcaf7394eeaa3a68b06edb9
Brownspot/BROWNSPOT3_128.jpg,Brownspot,3852,54255e41b55d65d35ac1942e0cb6b46bbac639c3d5681d76e580585123bfd28b
Brownspot/BROWNSPOT3_129.jpg,Brownspot,3853,77f338796ab8379bab01ca3a8764b8f2999055db03d551975db16797466ad717
Brownspot/BROWNSPOT3_130.jpg,Brownspot,3953,240c8d6cd3b1063cc31dda248d62e6d673798d999a3dbd5ecd13932dcc6c1958
Brownspot/BROWNSPOT3_131.jpg,Brownspot,3855,437905931f48e35e09a7b631c741fcc9a3d44035d216343c8f8476629d962164
Brownspot/BROWNSPOT3_132.jpg,Brownspot,3955,ed0e71cd7c021ab9a8312054361363ed53e4774f69cae658aaaaa2cf2332541f
Brownspot/BROWNSPOT3_133.jpg,Brownspot,3956,c8de0d8dc419d61d93884bd6a78463a6e56d0dcbe32413d44391e76508b7b5af
Brownspot/BROWNSPOT3_134.jpg,Brownspot,3957,672901b98ca31f9a9758938e99257e0805b8c5bd77ae2f1b48851227c3d59dfc
Brownspot/BROWNSPOT3_135.jpg,Brownspot,3859,39a8041f6d57f190620b85e54db13b18f2a2b7e0db334c71e4a9fed1bcf9a771
Brownspot/BROWNSPOT3_136.jpg,Brownspot,3959,0d0ce220d988a1ff20f195caaa86c70a4f0fc6713e672b4bf14b237507498e5f
Brownspot/BROWNSPOT3_137.jpg,Brownspot,3960,2adf01a288a53593f417cd792bc67a5704a85b2f01247ca03b7ddb5bfeb928cd
Brownspot/BROWNSPOT3_138.jpg,Brownspot,3961,a56c366a240442f3c821389559b1c7885a5b72822b3076cd27d2e3ee3e2baa52
Brownspot/BROWNSPOT3_139.jpg,Brownspot,3962,2b879dff879930e2eb6c469128208d435e500fb3488fd1280231986d6010aee2
Brownspot/BROWNSPOT3_140.jpg,Brownspot,3963,adcbf57db40f9cdb701c48023e06e45fe7f197b78b331af7dc6496de6e602d18
Brownspot/BROWNSPOT3_141.jpg,Brownspot,3964,64e696a6abfebd7e8731ba4353e92f89eedc82845108219a872e5119c7ca8ed3
Brownspot/BROWNSPOT3_142.jpg,Brownspot,3965,6b7a2633ed0dc766e8c6d5dfed19c5ca36ef3323b0ab4f66ba382aa4a189711b
Brownspot/BROWNSPOT3_143.jpg,Brownspot,3867,2dd0f510dca2dc30055b4a7479e8ada77e8ae712dc8c861eeccbff3501b434ee
Brownspot/BROWNSPOT3_144.jpg,Brownspot,3967,a1d0d72cf068734e1a2470677489c4c937f35dd1410f339f8b1c13683707b6a8
Brownspot/BROWNSPOT3_145.jpg,Brownspot,3968,d78e65c9c46c669a2467e82d75ebae8285f4a5e2e644445bdf6b6c0b50d8ef73
Brownspot/BROWNSPOT3_146.jpg,Brownspot,3969,a7e86455dbce2f92c5405b263dc4c4b4f2b9a04d0fa58486defa57c36590ba2c
Brownspot/BROWNSPOT3_147.jpg,Brownspot,3970,3243066ab4069737374cda038995fa19d5d68dea1e6f1e7c930dfe738941b783
Brownspot/BROWNSPOT3_148.jpg,Brownspot,3971,48535edaf990ad22a864809619249e42b9d9dd041906c27f61eef47460e2e863
Brownspot/BROWNSPOT3_149.jpg,Brownspot,3972,7e3cda6c9292ee14610e1a1a8330b26a58f90c94f5f393579d5ceffd2b75021c
Brownspot/BROWNSPOT3_150.jpg,Brownspot,3973,f65ef600074c276f3a11feacf8452ffe560a67e3fd45b290315d4c9ca52e6f13
Brownspot/BROWNSPOT3_151.jpg,Brownspot,3974,4de484ba31358b3dfb4f5db8fcdb75b8e35e98a61ddf57ef4747d6d1cdff7e21
Brownspot/BROWNSPOT3_152.jpg,Brownspot,3975,d0e7f862abdafbae9ff304909312fbdfe78fbabbacc3a90e98f26296f51ff573
Brownspot/BROWNSPOT3_153.jpg,Brownspot,3877,9938106719ce1b97e3b639551d36738f6810fba87481bd2099f3c49ae59e8836
Brownspot/BROWNSPOT3_154.jpg,Brownspot,3977,bb96f2074fc91ff15ee021f1f3a3f95c94e71bf700b10037aa8c0903a7fb5f8f
Brownspot/BROWNSPOT3_155.jpg,Brownspot,3978,a57361ae8dfb9e38e3e4d19b2d7209147508a2752dd11b4f6e3de9fabc62b167
Brownspot/BROWNSPOT3_156.jpg,Brownspot,4280,4ce4534cf4385c74c20ce1139862aabe46d9da34712cc9b24e0706966ef7757e
Brownspot/BROWNSPOT3_157.jpg,Brownspot,3980,24c78e0ad674c56f276124f507f71f5ff3074d8779375b134579399b8adbadee
Brownspot/BROWNSPOT3_158.jpg,Brownspot,3981,928b399242251fecd843cbecb4fb6b3c5dfbc96df79bc239510970c5b638cc3a
Brownspot/BROWNSPOT3_159.jpg,Brownspot,3982,2708a2bf9dfc2edc47462a2fb0b76ea587aaf0091784adeda95c14e7d91b937d
Brownspot/BROWNSPOT3_160.jpg,Brownspot,3983,6b26233dac3ba81b03e52d172b00193751c9c17d9c75eea4769cce190d599748
Brownspot/BROWNSPOT3_161.jpg,Brownspot,3984,79beeb2afe1ece0957f2c120f8ea05481b3ee823d70359e85b5155d9b6163083
Brownspot/BROWNSPOT3_162.jpg,Brownspot,3886,5d72b35d05362be422dbef02d8216ef26880c818894686b5a648d2336b269df9
Brownspot/BROWNSPOT3_163.jpg,Brownspot,3887,60c9767b014bdc7d57393db1402eefe43a4f105878f7998675fb1bc7c5ad0395
Brownspot/BROWNSPOT3_164.jpg,Brownspot,3987,06fc27e1bac64ca52b35d7544c617141844037ca17c6d1f2f0478eee5f3b2eae
Brownspot/BROWNSPOT3_165.jpg,Brownspot,3988,4c30adb6952efd54671153a27c15d6c163e4a37c066e29d2e527e9ef2f13a156
Brownspot/BROWNSPOT3_166.jpg,Brownspot,3989,0f6c08b827f34059392b82b192ade89b0d11e4f8b8e37bd03c951647656593df
Brownspot/BROWNSPOT3_167.jpg,Brownspot,3990,93bcfb93d0a07379b37a4736a25fbe4b745050fedfd14f927db14b3bd81e2e31
Brownspot/BROWNSPOT3_168.jpg,Brownspot,3991,e0ca4dd8bfdc21daa02cd86b4cdf47ed025d836e2256b972a2d24b0c3e6bb587
Brownspot/BROWNSPOT3_169.jpg,Brownspot,3992,b3e52b0be9e39bc99b52e5d8989c7e66417625bda411f0716d95da2666edab85
Brownspot/BROWNSPOT3_170.jpg,Brownspot,3993,9f4d0d70e195e76536d581f3792f25d46afd8002ba7cba5e3d99b4f636cb8424
Brownspot/BROWNSPOT3_171.jpg,Brownspot,3994,d2e0a0f557d7a3949cd67192a36ecbaefef477032d83ac0ad87263532840ae08
Brownspot/BROWNSPOT3_172.jpg,Brownspot,3896,6bc917c0aa6093d85b60546759086a3426a30dd80b7e3846843d7fb218647e0e
Brownspot/BROWNSPOT3_173.jpg,Brownspot,3996,947da07886a05afcb603f0f185592f4c42b205763a3decc1447251a8728a4b97
Brownspot/BROWNSPOT3_174.jpg,Brownspot,3898,5a6beaf1c6df2a9ac5b3d11de97beaae40b609e4dc055e0cf88aeae82e815bc8
Brownspot/BROWNSPOT3_175.jpg,Brownspot,3998,925e4ce2076b029df5eda72a3c32234fad2c64e9c631e0e9311c20dd50bd714a
Brownspot/BROWNSPOT3_176.jpg,Brownspot,3900,ed65250d0936c168c477e80f91884cd8a3ac5744d9b0704f4b49908595feeaaa
Brownspot/BROWNSPOT3_177.jpg,Brownspot,4000,f25a97c7db3bacb6db52e72860f5df97b6b23bb92440108077635b27284c40bc
Brownspot/BROWNSPOT3_178.jpg,Brownspot,4001,8bb35ffd0235c381510991b427fad629548eb404115e078a91cdcb0b0ca242d6
Brownspot/BROWNSPOT3_179.jpg,Brownspot,4002,a88694cd4fbeee56de059052980c6f65648b215b9963458fccf6c1b0419ee0db
Brownspot/BROWNSPOT3_180.jpg,Brownspot,3903,e13aad35ab6b2cb860ad5350ab974de601b85172a59d8e855d46573b9ca6faef
Brownspot/BROWNSPOT3_181.jpg,Brownspot,3904,bcbea7e21a1838e52ee81a3e90837d2743af8fe9ce3f133878f6fd8db9d8dc7d
Brownspot/BROWNSPOT3_182.jpg,Brownspot,4005,ff79208f3e14f4594ebe1a6db88fa65b09f4f615403a45c86b008f47acd69e41
Brownspot/BROWNSPOT3_183.jpg,Brownspot,4006,96b67d011f369a90646a2f1fdc56a7eb3bf1d6534c575a09405a55af16b1ecd1
Brownspot/BROWNSPOT3_184.jpg,Brownspot,4007,32de766497d230e8babdbbc07e8cfb2639f63354ae77145990cdbb866a31fb39
Brownspot/BROWNSPOT3_185.jpg,Brownspot,4008,7b7ae91cba561a42cfe1007f2ab0546acbfaaf57d70b2b6697f06751f50f7b32
Brownspot/BROWNSPOT3_186.jpg,Brownspot,3910,c129b5541fa88aaf16ebb28c191632380848469ddb07fd9c1282beb8f03831ae
Brownspot/BROWNSPOT3_187.jpg,Brownspot,4010,4dced219b25aec3847b2aea24c0fff58bd0f5633fda9476fdc717b02284effe8
Brownspot/BROWNSPOT3_188.jpg,Brownspot,4011,81ea6ba4e627372b9dae9e7969882da1fee1467014f79e0615cda5187c7323c3
Brownspot/BROWNSPOT3_189.jpg,Brownspot,4012,90cade19841103c90a2ac4a955b67d9c499a7ea348125348db25c0ef7046837a
Brownspot/BROWNSPOT3_190.jpg,Brownspot,4013,dee5edc900a4cf56bb7921612828f7b496b7256b37aae80461642111760ae91e
Brownspot/BROWNSPOT3_191.jpg,Brownspot,3915,22aa95285c76f1b3367081f561aa27c4d914b0e2ad1d295fe509ee7c38115752
Brownspot/BROWNSPOT3_192.jpg,Brownspot,4015,7d3e37cc7dd620c9ab2cb3e2eadd4ddc69bbae404df42a4e70243cb5f905f880
Brownspot/BROWNSPOT3_193.jpg,Brownspot,4016,272dcc7224452d2d4ae14c25859767c2ec2b89b5a138e8dfbfea21710348a79f
Brownspot/BROWNSPOT3_194.jpg,Brownspot,3918,bda7dd504bd1cc5ea20307d7c7ff2e527461a70b1480e232f5d9168b5e2fa432
Brownspot/BROWNSPOT3_195.jpg,Brownspot,3919,868140d27512fabc138a41cb7575416235aea078894270af42ca07a91e3c10b5
Brownspot/BROWNSPOT3_196.jpg,Brownspot,4019,478173986ac159c6396652f63179488538d2256d5342aadfece3de4ffb1d8390
Brownspot/BROWNSPOT3_197.jpg,Brownspot,3921,122680bc0d8c067309e59bf52ea95ba923063ecd47c52937922601dddafbe288
Brownspot/BROWNSPOT3_198.jpg,Brownspot,3922,3a148315cbb9a4ef6babfc259d734b65efd2c9df6f02fd556d84e0e932e512dd
Brownspot/BROWNSPOT3_199.jpg,Brownspot,3923,2c692fede9adcca2bd6458be1779139285f7ae906550644ded9ff06744d8895a
Brownspot/BROWNSPOT3_200.jpg,Brownspot,4023,75f4d2c8d9e3efca1c52214e32e635a0bb4f894b28a92d6e2ed2c4446bbdd54a
Brownspot/BROWNSPOT4_001.jpg,Brownspot,4423,0dbd586560c2df4d9573e96298f6ba8d12753d7885c814d2a9b6832ddb9d4cbd
Brownspot/BROWNSPOT4_002.jpg,Brownspot,4325,f03657006bf346f5b937d865923de10b6b7c2a4885c82ad2a131db237436b3d7
Brownspot/BROWNSPOT4_003.jpg,Brownspot,4324,dc732da7591b80fb5945e434def29da4e3f9c358d279c3260aafaffba5d39550
Brownspot/BROWNSPOT4_004.jpg,Brownspot,4327,168a1672c746cd6a626c52b7edfe0e2a600f7bf0549e59017fead759140fa225
Brownspot/BROWNSPOT4_005.jpg,Brownspot,4326,02081b72ea956ac9f6981b14ead34786a96824322a3fc10151f2b0e5568bf239
Brownspot/BROWNSPOT4_006.jpg,Brownspot,4329,507042147b6b315938e2cda38faa0b7fbc3a0e1f66139307f4cb8e1b16b31340
Brownspot/BROWNSPOT4_007.jpg,Brownspot,4328,bae4aef1346c6da9371263e8006514fb1dc71b630056c65eb18629fa77722c9e
Brownspot/BROWNSPOT4_008.jpg,Brownspot,4331,a03d06fc393fa98f458271a61987167dfb6aba72b351040c270aa85795e4cbd9
Brownspot/BROWNSPOT4_009.jpg,Brownspot,4232,801edadaa7c322f1e2fccae368561dd9e65b82c107ae49a9ae54a25ec83ee077
Brownspot/BROWNSPOT4_010.jpg,Brownspot,3932,9db79058417d0598c13b2cc5fcb0a31d09d1fb99ee775fa42d667a45537e6a53
Brownspot/BROWNSPOT4_011.jpg,Brownspot,4234,1390dda22b13bcf786f08479e4d108a1afc073a9f9622e76b73de4d2f45b991c
Brownspot/BROWNSPOT4_012.jpg,Brownspot,4334,af2fd902717f3590131d2f6a6a0003f14a3e5ebe52f1182e2dbd831c8ed28ee4
Brownspot/BROWNSPOT4_013.jpg,Brownspot,4335,e056076428534ca70cecbaed18dfa1274bd65e7c01150bf23f65c8a5334e4621
Brownspot/BROWNSPOT4_014.jpg,Brownspot,4336,129bb06841582aeff0b7ad6db684330a5bd87d5946b38134d0568b1259d5ae0d
Brownspot/BROWNSPOT4_015.jpg,Brownspot,4337,48d8494b94068f8abc2f6347b1fe56c6c452b18b9dd890fa748e3fa5cf06391e
Brownspot/BROWNSPOT4_016.jpg,Brownspot,4338,2c6bed58fc80aad91bbf722125c3a5dc09e40ebb2aaca1f15933c8464a69b69f
Brownspot/BROWNSPOT4_017.jpg,Brownspot,4339,5bf75c93ed815821e37fb0c771e4090c0066f50cb359ddca0895042196bc5fd4
Brownspot/BROWNSPOT4_018.jpg,Brownspot,4553,3a04dceaef5c1de6b39030c97c75b27d48d9ba87f6352704c3d4919531e31d0c
Brownspot/BROWNSPOT4_019.jpg,Brownspot,4239,09ca55851ffa7e0b8f5197db58073fadf9d2fd2a5c57ef26bf2923bbc6c56262
Brownspot/BROWNSPOT4_020.jpg,Brownspot,4342,43ea623e4c40666265f8382b30bdb57f81876291e7ffc1061946514a1540c714
Brownspot/BROWNSPOT4_021.jpg,Brownspot,4343,5395352403b7c7b2e43fc31febbdad209f7aa60d256b2e1aed684e613cfd3a58
Brownspot/BROWNSPOT4_022.jpg,Brownspot,4344,c0fa5cfcd1295deda58166c29babd0897c95238bd63debb09674eb932c90afd0
Brownspot/BROWNSPOT4_023.jpg,Brownspot,4345,fe18730a16017f8b75424f722cddcdf3d0a09f1b1d3121886f56014fb2732a73
Brownspot/BROWNSPOT4_024.jpg,Brownspot,4546,585d189cc4554e31f2af4fe2fb0bb08e9fda11dd36d0fbeb3731771828b1a670
Brownspot/BROWNSPOT4_025.jpg,Brownspot,4547,bb67a63ae316fff8ae4aefe79912896addec36613c9bf7a4a320d32398e5c453
Brownspot/BROWNSPOT4_026.jpg,Brownspot,4348,3d29be1a6730832ccf0fe41df33db43d663b0210d74ec00eb76e368e194c7ffa
Brownspot/BROWNSPOT4_027.jpg,Brownspot,4349,e643d2798e78db150b9e9a917aaca57ecc392055b7152979f3516bd489e8f328
Brownspot/BROWNSPOT4_028.jpg,Brownspot,4350,0e1264a268529399f8e5c642d7d04f4abb2b1a30d6784f7c8e63a37e8a824b4c
Brownspot/BROWNSPOT4_029.jpg,Brownspot,4351,1f291e7a2f7cf0dc55d33c6e40710b8c842c3948170f09c62a3d6c8e884fdc4f
Brownspot/BROWNSPOT4_030.jpg,Brownspot,4352,3ce46b97e573841b6bffc767fcd864b1f014a0efa3dc18fa0f863441dde495b6
Brownspot/BROWNSPOT4_031.jpg,Brownspot,4553,ec06403e7c1f35bce77c280e081f9091a0170ea66d5bd4d62816a8b9e6339649
Brownspot/BROWNSPOT4_032.jpg,Brownspot,4354,7fd984c61319ced7689570c5d94ac6c9171dcb4192d0826a1fc93b20d1309696
Brownspot/BROWNSPOT4_033.jpg,Brownspot,4355,bc49f34e3f28478ff320106dde9f70763d536750f0af8377eedc438fd21c11f0
Brownspot/BROWNSPOT4_034.jpg,Brownspot,4356,0859ef01e6bd44ebf0160e7db43a735e6c227667d2fb46004a57955f2d2b376c
Brownspot/BROWNSPOT4_035.jpg,Brownspot,4357,2c163d53dcfeec8db5cf2b6886c90d6f288d85f164be707bf05c11b33e31e88e
Brownspot/BROWNSPOT4_036.jpg,Brownspot,4358,88021e45c9b9ac02d3ba7b8b5be1aca06cd59ebbdc186b6dc7ed351955d8bc40
Brownspot/BROWNSPOT4_037.jpg,Brownspot,4359,746e60ec62b7ee016191b6fe07056c95de36de45e8a443bb4340c7626e19e5d0
Brownspot/BROWNSPOT4_038.jpg,Brownspot,4360,bd5ac7e2736e873b6970de5511e7fb06fbbbc88b01ad35913d114db3a38f7ee0
Brownspot/BROWNSPOT4_039.jpg,Brownspot,4561,ca62043ae35995518c26768f16e75c2239b89106bd9638e88be8b0afac3bc01d
Brownspot/BROWNSPOT4_040.jpg,Brownspot,4263,b996bffe0f2f9125f5940ed8e84d11c9297948769e6de42bfd4e75bf75d7a4f6
Brownspot/BROWNSPOT4_041.jpg,Brownspot,4563,8604e11f17e699d68752bd565ce7ea32685183f35a2511d845d213cd4e2fc6ee
Brownspot/BROWNSPOT4_042.jpg,Brownspot,4364,4fa1900fd9b8783d964fbb7986c30b260883115e5346f32ea38653a5307931c3
Brownspot/BROWNSPOT4_043.jpg,Brownspot,4466,8acfc8cee247c482f08ff5162cdcffe516df0b4caa6e83b31481cfca80e3fcc1
Brownspot/BROWNSPOT4_044.jpg,Brownspot,4366,41a20335d41c6f4481ab0668205362f6d18c9194df30e1391b22e556dbbc8dd1
Brownspot/BROWNSPOT4_045.jpg,Brownspot,4367,0a18b896d65944442e6d8b73500cccfa1df855484201b70ca8db41d3f24f9e38
Brownspot/BROWNSPOT4_046.jpg,Brownspot,4568,3a03a5ad81802a167ccf8830883043dca32acd4ff2bfaff6cb6247b7d46525df
Brownspot/BROWNSPOT4_047.jpg,Brownspot,4369,6bfa484eaf93c9633cd60a98f3b0694c754d57eb6705efe232c3ed9ea121b723
Brownspot/BROWNSPOT4_048.jpg,Brownspot,4370,d95289471abb5048799f50db2d60d5faaf1882432e7be11aa62e1e3c3ffdc059
Brownspot/BROWNSPOT4_049.jpg,Brownspot,4371,1d1bdf273111bbbb94b52a3c2bae53ab22eeb5b14f118c182e0bd17859fa2209
Brownspot/BROWNSPOT4_050.jpg,Brownspot,4372,841dc6a60f0f1563e04bffa3ee20af93a6d7f6d0035c1fc51223ecaea2f26a79
Brownspot/BROWNSPOT4_051.jpg,Brownspot,4373,17c7059ecfe354c3b91c3c0543e3cf26d16e9e1d6d5efbc5f019e9a9a55d4d3a
Brownspot/BROWNSPOT4_052.jpg,Brownspot,4374,694c62f9311e10c1023cfd7549c47339bd5163cc21f86ee629303d2eb52f3d21
Brownspot/BROWNSPOT4_053.jpg,Brownspot,4375,fbc985400af8ef046134801d738be6089cf1368d1728cf08fabb3401878a4001
Brownspot/BROWNSPOT4_054.jpg,Brownspot,4277,c8254d3ccc2818ed68e05b52afce2bfc436d1dda597dd517348a6eb08cf1bb97
Brownspot/BROWNSPOT4_055.jpg,Brownspot,4278,03753a1d5ad26ccdcd6ebe8616b404de428058d450e232ced1bccc47b3afdcac
Brownspot/BROWNSPOT4_056.jpg,Brownspot,4378,25d2268f08e4ff87e8d446912c288bd081bc337eda33ab2e4d1f254245ca7888
Brownspot/BROWNSPOT4_057.jpg,Brownspot,4280,63b7833d77d695537010e5522e8710577d304a3141871291a18e493e163e6a53
Brownspot/BROWNSPOT4_058.jpg,Brownspot,4580,8dcac92876a16136b391090d6668301ba9c5d701acd5847341474a7e65fbfd47
Brownspot/BROWNSPOT4_059.jpg,Brownspot,4381,a287c8d6b686c39cda827a70a3ec3a7f57d8b907a54803d8527084a8de23b294
Brownspot/BROWNSPOT4_060.jpg,Brownspot,4382,9b997dd76281bded433faca95c54e3be94dbee12fcf492f3625c60de021cde98
Brownspot/BROWNSPOT4_061.jpg,Brownspot,4383,9c4079ea23fe9ea0dec664cca903566001a193ec7aa2f517438533883527c679
Brownspot/BROWNSPOT4_062.jpg,Brownspot,4384,81da82bfb951b4350c136ffba7f518234c4f3002ca6a37c2f2d15ec24e202656
Brownspot/BROWNSPOT4_063.jpg,Brownspot,4385,cafabe3eb4d7188cedc3be507104a811e4fadafe8bbdf4d73afb187faff90d12
Brownspot/BROWNSPOT4_064.jpg,Brownspot,4287,2631c42750388caaf11474435343d82bb637252dbe268c7b05e55d2f783b7fa6
Brownspot/BROWNSPOT4_065.jpg,Brownspot,4315,36cab6f14a05e74940ba252040843e572e859035fd6ee0dffcb3124339730eca
Brownspot/BROWNSPOT4_066.jpg,Brownspot,4388,fcd1015773e3cba312ecb0e690d5f78d31f7b04dc37b8424856c6815ec9bb613
Brownspot/BROWNSPOT4_067.jpg,Brownspot,4389,5c106de54ae530ae16738231acbec45a583e8283fb83983db020827a8f01d243
Brownspot/BROWNSPOT4_068.jpg,Brownspot,4390,580a8299ad2b2f403d36baf4f75193347f68314ddd10ec716e4ede09ca6b8cb9
Brownspot/BROWNSPOT4_069.jpg,Brownspot,4292,1321030fb70723c03ab6996f01ad833483cd27271b9eb309675d492cca0e16be
Brownspot/BROWNSPOT4_070.jpg,Brownspot,4392,4a72b0c9c8fbbbfa53c7f1caf2a0564aa6dd9a1d917569db2942968c62be29cd
Brownspot/BROWNSPOT4_071.jpg,Brownspot,4393,332c3c877dc64bc82241b5019624f24b6162cc87a197ab851d8ebaf9d5833ac9
Brownspot/BROWNSPOT4_072.jpg,Brownspot,4394,43ebca901b3b7368078476e7b47698b410aa9f713df437ff5c5e939b48073722
Brownspot/BROWNSPOT4_073.jpg,Brownspot,4395,e450d0fd48c8df4a05060699cb304b5b6d6290f2176f765785e3cfee9ee863fe
Brownspot/BROWNSPOT4_074.jpg,Brownspot,4396,61c967fe8ced0a101615b1f39bcc5674af005af4b79de458e697ac9ee00c88a0
Brownspot/BROWNSPOT4_075.jpg,Brownspot,4397,cb7c2a9ed1c3c933d9c4808f4caf5aa9863cbdc0ed850d2ad5f7a5435145c929
Brownspot/BROWNSPOT4_076.jpg,Brownspot,4398,91dc61f747b7838ea214eed5cf6a7d863da5e324a804617306a71eb5a54b089f
Brownspot/BROWNSPOT4_077.jpg,Brownspot,4399,bcc036a77cb0e9221583b9c9ac364b2f03759c438b810fd8a3ac995c0ef79319
Brownspot/BROWNSPOT4_078.jpg,Brownspot,4400,998086ed106e7d44e9e8d955071e54911bb7c90a877be8dbb402f6a2e1f70f56
Brownspot/BROWNSPOT4_079.jpg,Brownspot,4402,5f12f812cc7def8b8c2af9329de95a2b0da836ff23100b718c8b96bbf4e9b80a
Brownspot/BROWNSPOT4_080.jpg,Brownspot,4403,1ef3ef327642428ec1d7b9e77f121aa66cb1a392eb13d4752732c1f764a42c10
Brownspot/BROWNSPOT4_081.jpg,Brownspot,4404,41413a8b69b5b700406de962315cda6ab59aa7f6877344cf0e13770603c604ab
Brownspot/BROWNSPOT4_082.jpg,Brownspot,4605,013043a76d851b66330baf7c45cfd06d5c3a30db58d526e1a29afd3da9bc6bdf
Brownspot/BROWNSPOT4_083.jpg,Brownspot,4406,05bc5c6b182a66ae42dc7ca5eb0832b5a0e721ce0e32b888395828f4d1c0a28b
Brownspot/BROWNSPOT4_084.jpg,Brownspot,4407,4348dc3cef1064b6176de8ef9e22c5cc9af6f918da26ea575521cacbe3d3e299
Brownspot/BROWNSPOT4_085.jpg,Brownspot,4408,326f784e00fb215e1825760bd69f3b3164d0e2dffe25a46f8923346bc4bd414c
Brownspot/BROWNSPOT4_086.jpg,Brownspot,4109,64bb3df8a80e68a395f4f24b1e0cb534dbe93883fe0e399ebb42558f6348b857
Brownspot/BROWNSPOT4_087.jpg,Brownspot,4409,52fe801003feee4a0b18dd400ea3a905240b5812c553f3dca6ed2db14db43b4b
Brownspot/BROWNSPOT4_088.jpg,Brownspot,4410,d46d50e9bf0e0ec6b9ee5f9f79610ba52ef140444173a9fa6f9a05288fd7661e
Brownspot/BROWNSPOT4_089.jpg,Brownspot,4611,fe6e7fd9ab2dab0bd5d0339c1511e18295dd0fc03f4311faf9015c1118cabef5
Brownspot/BROWNSPOT4_090.jpg,Brownspot,4412,11e5934945f81ec2d1a8c72e1867ab4fe678faba6f72df00b94de7ae01ab4b24
Brownspot/BROWNSPOT4_091.jpg,Brownspot,4413,d82c638cac7502af46f4ba863a3b5718e2617774fe60269cfa42f08ef4c374e6
Brownspot/BROWNSPOT4_092.jpg,Brownspot,4315,2af73246cb7562cf1930a2fa0eaaa2d7719dba5249ca8ff30be5dc29b9626811
Brownspot/BROWNSPOT4_093.jpg,Brownspot,4615,e7493a91edb624c2d10d74b5efec9ac1ac414ed99c17cf39a50b06ef567e8782
Brownspot/BROWNSPOT4_094.jpg,Brownspot,4317,d016d5c68b20bacb6e88faef43757fcaa5c76012b05da6a1a44e4fcd24ca0f63
Brownspot/BROWNSPOT4_095.jpg,Brownspot,4318,6d4ce7396bba9951ecd0d332f41bb8ca5ab935ec35dab6e9792e1177b9b29a6a
Brownspot/BROWNSPOT4_096.jpg,Brownspot,4319,a64ec0ec044b0bdd1b9ceb74f17e43babd905bd65e843497630ebab8486622ce
Brownspot/BROWNSPOT4_097.jpg,Brownspot,4619,49df61f91ce8f804bf4e8883f3c8f6484821d771c2e828a1f955c26f6b5568ad
Brownspot/BROWNSPOT4_098.jpg,Brownspot,4420,6be6b5e111295e4c3f02f2074a3cea8790660395ec2e9ac692b10cdf7f0f30c7
Brownspot/BROWNSPOT4_099.jpg,Brownspot,4322,a9a461d1de27a756ace6d3b6747dc4ea36878e350d78476012afc36b74414762
Brownspot/BROWNSPOT4_100.jpg,Brownspot,4422,406f82d9e13f9e98025c771cc64d6524263d2bb97197b95e848f57a23bcca3df
Brownspot/BROWNSPOT4_101.jpg,Brownspot,4226,c3fccf5ef9f7bc876d82660d12df4cc0cdf68285a830a2af85932d0d35065467
Brownspot/BROWNSPOT4_102.jpg,Brownspot,4225,7e5413e4af606ec56281a1c96a9d75946d06b8af60b0eea74552b7d62209dc0c
Brownspot/BROWNSPOT4_103.jpg,Brownspot,4228,2cea4be3b4c7b3cb6dd47cbc084ebfc683f5344bbefee6eeff15dcc524aaa1be
Brownspot/BROWNSPOT4_104.jpg,Brownspot,4227,5d0fc93a1b125c44ea54420da5270a7e4da75690194bd20ada7cf8aaa0355859
Brownspot/BROWNSPOT4_105.jpg,Brownspot,4230,904af072b7ff59eb995c7f6c0044659cc318654bfd907401f6d232b19663a32e
Brownspot/BROWNSPOT4_106.jpg,Brownspot,4229,6ca0abd8bf9aea8f73d70f5d5377bb1575746c0671e12009f465bdffcc667b04
Brownspot/BROWNSPOT4_107.jpg,Brownspot,4232,2934b6109e9013dd26a8cb15f6bc0760464b639a058cb147deeab9c6c7dda6e3
Brownspot/BROWNSPOT4_108.jpg,Brownspot,4231,d653a3164481c9c0253cf77e2de4b062d6188b35d2f736bac6358002288cde46
Brownspot/BROWNSPOT4_109.jpg,Brownspot,3932,33f2686339d5dc0a785ab04cb46ffd9f6cc0eb190dc6ddcea36917974dcfdd83
Brownspot/BROWNSPOT4_110.jpg,Brownspot,4234,d149e564ba30f46ce53bdf94cf4ddd9c074725898d4f8204e3e4c1491ec6a540
Brownspot/BROWNSPOT4_111.jpg,Brownspot,4235,3fa12d22ed5b27da8b65eb9d560f0a190425d9fb6de65fda970c8baf02768b6c
Brownspot/BROWNSPOT4_112.jpg,Brownspot,4236,aeae3346f4c47ba6149adb317c93a10bb30bb2028bb0cf556f7bf2867d598ddf
Brownspot/BROWNSPOT4_113.jpg,Brownspot,4237,d171e2e0c7fb4ab7730c3cfd3455a6d20d6c57f0fc9aa964a089f2f105b64af1
Brownspot/BROWNSPOT4_114.jpg,Brownspot,4238,2ceb10334129cd4da0da3f8dd906186fe4abfeaf061115a946b896ebb3ba85d7
Brownspot/BROWNSPOT4_115.jpg,Brownspot,4239,b884c6613c4c9a38cac77f7255669546909e93289ec87d2ba5af412391a13d4e
Brownspot/BROWNSPOT4_116.jpg,Brownspot,4240,acdd47adf59defcfa7e9abe2c23f5d4a18e9fe23aa646763b9c4c323ead021c6
Brownspot/BROWNSPOT4_117.jpg,Brownspot,4254,9f5a93fcb93f2c8c1202a0c25384753cf3eed82ccad50c152a292030720e759c
Brownspot/BROWNSPOT4_118.jpg,Brownspot,4242,d876ceefdb3357bb26dc510f5fb02e52b83a4b79dccfee1617e07e9f1e06d723
Brownspot/BROWNSPOT4_119.jpg,Brownspot,4243,a2fc59b7426ab3deb698ad269b0d35879ea2a35cae236c85a5fdb337e34dc2d9
Brownspot/BROWNSPOT4_120.jpg,Brownspot,4244,f4fefecac71a9a2bd48cc8c2fc66685604f26277e466f2fa95f0258a1336c268
Brownspot/BROWNSPOT4_121.jpg,Brownspot,4245,9ba964ecb073e3dc7dde14d12812cb4fd0af7e6a94541898d6539c9e18e4e24d
Brownspot/BROWNSPOT4_122.jpg,Brownspot,4246,0aef69dba9056a7d034365938fe2270557607352fbd8aaf4f34b0e4eae644ef8
Brownspot/BROWNSPOT4_123.jpg,Brownspot,4247,607e71da4ca525205a132863447dcf0455d4d2cea1134c0b22a34b62735ffc95
Brownspot/BROWNSPOT4_124.jpg,Brownspot,4248,e97684f1686966085ac4e9ff8d6d9cfb332f31f0fb865fd41660639e1607d780
Brownspot/BROWNSPOT4_125.jpg,Brownspot,4249,193265921604b7cc34de0d2b5657b74bde453d807a0cada32d038b88847b24eb
Brownspot/BROWNSPOT4_126.jpg,Brownspot,4349,5fabcd76486f832774a8996a5af9e837b1bea1c8d79dc259b31c35484758bcc6
Brownspot/BROWNSPOT4_127.jpg,Brownspot,4251,3548eb19d1533f832f4f16c03da28af72160184938bd38bf33d179da4ffddd05
Brownspot/BROWNSPOT4_128.jpg,Brownspot,4351,f845e019fbf169645dbd5218372e07a371d0bbf2743636697533d345b32d62ca
Brownspot/BROWNSPOT4_129.jpg,Brownspot,4253,a5934c17d7c68710a68bdb72172761142420192ab7fcbaf901a431c95af6841b
Brownspot/BROWNSPOT4_130.jpg,Brownspot,4254,e72882f9b97ab963582ba89c6df379754a5e726f8f4de9add4f94811719d311b
Brownspot/BROWNSPOT4_131.jpg,Brownspot,4255,c80fa81ed537bbaf9668d7d682a7740deade46749af3a818a75cfd14ee56a634
Brownspot/BROWNSPOT4_132.jpg,Brownspot,4256,e7695816a376eb948222e080a221a2edeb9556e90e04043ad4003fc9fc92c3db
Brownspot/BROWNSPOT4_133.jpg,Brownspot,4257,a95ba003ba932c5c48822ce5d6e95ce9c08bb9f974e52657a58faf20d4832bd2
Brownspot/BROWNSPOT4_134.jpg,Brownspot,4258,a1c9d6a31b0b5587ec8f69c9d341d74de5aad5d434a53f29bca3809d11e32408
Brownspot/BROWNSPOT4_135.jpg,Brownspot,4358,c0cde991d5150f1a8220c86bf33b8af1628bc5f42aebf7a97d6226a94ad3f3b7
Brownspot/BROWNSPOT4_136.jpg,Brownspot,4260,a70f461f1c6e79c09e438ab84ffa90b5e1c1c91deae434a1fe2ba2b424da33a3
Brownspot/BROWNSPOT4_137.jpg,Brownspot,4261,6dae6e5dbfd7453ed5d869090be1c0313e8592329e21895da400fedfe434c175
Brownspot/BROWNSPOT4_138.jpg,Brownspot,4262,3adef8b457e0026f11135a756cd6dd88d8b0e62f60ef8266c2830bba763ed353
Brownspot/BROWNSPOT4_139.jpg,Brownspot,4263,ac16271e385d1ff0f73e965de33e0acd4121f95307ff1a6349cfddd1b7cbd357
Brownspot/BROWNSPOT4_140.jpg,Brownspot,4264,7082e352c92385a223137402aad91b8cf1d982f4d86286738d2c063f1c67e84b
Brownspot/BROWNSPOT4_141.jpg,Brownspot,4265,86a8b9bc8a3a559fe9a47baf60be684c892f91f3d4b44a388e8065a517f845f2
Brownspot/BROWNSPOT4_142.jpg,Brownspot,4466,a4636fad84822cdc57fd7396c609a6e3289542eabd7cdfc3ef05dd1c07f6bf71
Brownspot/BROWNSPOT4_143.jpg,Brownspot,4267,713c3143f48a0a6da805ba02eb62efb2886e88a45b7d64c64661dcc6c3a93ccc
Brownspot/BROWNSPOT4_144.jpg,Brownspot,4268,8fb3de22ec732bdd2bb465be8400364d65de74f3057b65183ad894c6290c4178
Brownspot/BROWNSPOT4_145.jpg,Brownspot,4269,4c907dc37eda4cfb210dc3a2ac5ddb3acf8616c9eb44c9e2d0a4627336a6ea26
Brownspot/BROWNSPOT4_146.jpg,Brownspot,4270,d0ed82a6144100dab050510dfaf09cacf8471204272be08c67b21a795c928d0f
Brownspot/BROWNSPOT4_147.jpg,Brownspot,4271,782b9124238c25b424ff2ba48a0c754eb6b44d9e0a75f389d11892d2c8de587a
Brownspot/BROWNSPOT4_148.jpg,Brownspot,4272,2b9221ab46d0831e6bf7024f062093eecbb5736daa7023c03cc3a5859e650375
Brownspot/BROWNSPOT4_149.jpg,Brownspot,4273,d736e9c6bab52ecbcd5ca970d9c82aadce457e4ded2706809f5d5ce7066b0a42
Brownspot/BROWNSPOT4_150.jpg,Brownspot,4474,54a466adf82614c1b1dc94f793ba2da5ff7d7aa357cf855b749806dc784b00c4
Brownspot/BROWNSPOT4_151.jpg,Brownspot,4275,138de130a8faae53ede08f7d908d3b2491c08b6b91cd942216c7b872d9039e6f
Brownspot/BROWNSPOT4_152.jpg,Brownspot,4276,880bb6e5b6ed5d324af8b621a205fb054dc013d88282be2aa257b1afb78e1377
Brownspot/BROWNSPOT4_153.jpg,Brownspot,4277,fa231b7044891c49d1dfbc91f766899d54173ecd2131f700b73cb20bc5d449d7
Brownspot/BROWNSPOT4_154.jpg,Brownspot,4278,dcd5d2307d86b680ed8075da5447992018d4d2006eb6f40d2a272dbc9d828dc1
Brownspot/BROWNSPOT4_155.jpg,Brownspot,4279,8bc6fccb06baf0e6879d34edfaa2b550b4e746405f2e3b8359bc392314f3ea60
Brownspot/BROWNSPOT4_156.jpg,Brownspot,4280,cdeca8cc80a85e14c88a7423f94d20e6e7827df98952de123239f1491c3cff70
Brownspot/BROWNSPOT4_157.jpg,Brownspot,4281,3c107022a34459fe57e3ff688cdb941e9fa1b3549a5b10d1f692ac75ec8d15bb
Brownspot/BROWNSPOT4_158.jpg,Brownspot,4282,d739e9c3415262e44be064048577746fb63b40580e6a05e534f693bd7b505f4f
Brownspot/BROWNSPOT4_159.jpg,Brownspot,4283,9751c80c6a6b21758596906a7112856a63c65122f85056e8c5e1a7a6bfae8a62
Brownspot/BROWNSPOT4_160.jpg,Brownspot,4484,45b78dfb4a1dc02298c829cfe640a19b36ad0e8b9ae2807dbb63ed11ebed03fa
Brownspot/BROWNSPOT4_161.jpg,Brownspot,4285,1910174cdb0612853c58536880bd8cbb89290a776e8a6d462df8603fbf93a58f
Brownspot/BROWNSPOT4_162.jpg,Brownspot,4286,ad43ff420ccb017b66c4d2ba748ae42eec54941f72a64ba972c679c9dd3d0cb4
Brownspot/BROWNSPOT4_163.jpg,Brownspot,4287,c89c5ff03374a5a036dab9d1834166582d64806b44c9184f4e4663c077bb94e4
Brownspot/BROWNSPOT4_164.jpg,Brownspot,4315,93ed90498c6adf7cc69c71a90af451929710180709f9b788c1ab1e1e69a8bb4f
Brownspot/BROWNSPOT4_165.jpg,Brownspot,4489,13fd3d6f482ce617f52bcf47fb3e5ac0ed6a42606f8d06aa4927dd265cb38c37
Brownspot/BROWNSPOT4_166.jpg,Brownspot,4290,bd5007cfbe32fef75a3207a4a4bfb647f172babf9fdd2934ee9900ac0ca39413
Brownspot/BROWNSPOT4_167.jpg,Brownspot,4291,6aa706e268b5bc2984517f8270a12bf864c175eb0e641406d96ff6eca59c45a3
Brownspot/BROWNSPOT4_168.jpg,Brownspot,4292,4fc6bfa7e258c6ef587491c556de575d234beb42e6442064e4529c7685d60417
Brownspot/BROWNSPOT4_169.jpg,Brownspot,4293,00f076de157a493f913655644d2a1e3483e4a6370217970ed19a5cd98811c847
Brownspot/BROWNSPOT4_170.jpg,Brownspot,4294,99f5ce832faf048c075681c46a481374c6bfffe43ebcbe61f1e5a8b012d0027d
Brownspot/BROWNSPOT4_171.jpg,Brownspot,4295,5fe9d014fcacbfeb68a6c4a74526de77494e712d3e003aa43403cf3741baa982
Brownspot/BROWNSPOT4_172.jpg,Brownspot,4296,ae1e6638fbb4e1a4a64b9e3ad1ddbcda1ce6977524aef0fca1fa07b61363ce23
Brownspot/BROWNSPOT4_173.jpg,Brownspot,4297,3b6961dd1ba473321fbacdda57260acf5baf1d6c195fa87c65ccb7223fa3fca5
Brownspot/BROWNSPOT4_174.jpg,Brownspot,4298,aa2411bad0841fd5ea0b6fc4078ce16f201cbc2dbfc03ecafebd1cd2094b1230
Brownspot/BROWNSPOT4_175.jpg,Brownspot,4299,cd6d8adf96e5a12cc9b45d703ed7b0f690b8aab9819b18bed112688bbc027920
Brownspot/BROWNSPOT4_176.jpg,Brownspot,4300,18428dcbf040d090040e55121004f034a878f567a7b2d11e1bbb8fec4d838145
Brownspot/BROWNSPOT4_177.jpg,Brownspot,4301,8c4effd3ede3399b645d2046307e170844c00c3c8e1587d2e6135cd83bb774c1
Brownspot/BROWNSPOT4_178.jpg,Brownspot,4201,102cab953c3905125f2d1a0f32dd47dfc14fc45c5f52236352bce5f495c81da1
Brownspot/BROWNSPOT4_179.jpg,Brownspot,4302,9f3204de903e0d1c09b1f12ff6bce4f286d7b3b910cdfc0cfdc8da82bf21448c
Brownspot/BROWNSPOT4_180.jpg,Brownspot,4303,abd005d107fbb2731e9a6cc4412c49c17dd5f28ab6ad63590ff7bd0a3480813d
Brownspot/BROWNSPOT4_181.jpg,Brownspot,4304,cb1c86babbf4417cf85148914eb5e218ebe3e69befd1f0d5c2d6e72db8cdb20a
Brownspot/BROWNSPOT4_182.jpg,Brownspot,4305,deb28ded04b2ec8b378e9757df9469c8c4f36cee270ac0bd00aed8b1dfd4f5d7
Brownspot/BROWNSPOT4_183.jpg,Brownspot,4306,59336e94afd7540ae2c138e02139009deafec69e49e2758ee5e6a1291a0b2bc1
Brownspot/BROWNSPOT4_184.jpg,Brownspot,4307,74852aaa1c7e97419a27f5a612fc11628aad1fcaa46b1e5e419e0b3534b93ff7
Brownspot/BROWNSPOT4_185.jpg,Brownspot,4308,c1a4785468f399b15fec345b8d67828d33731225410918b96f1fb4e1c1af51c3
Brownspot/BROWNSPOT4_186.jpg,Brownspot,4310,11a955d0b4fbbe378176c1a0abf663386b4102bc581be2825921ea83038f7204
Brownspot/BROWNSPOT4_187.jpg,Brownspot,4311,e477980d187cc3fb619871442d1a3b67386f626452f5ed063d2b6772fb05c135
Brownspot/BROWNSPOT4_188.jpg,Brownspot,4512,2eef303339427e1fbc76f84d3f33ffb21d84925394a6f48f022440e9a403b1e9
Brownspot/BROWNSPOT4_189.jpg,Brownspot,4313,eb0bfa38795a6bed0487936fb4bde82f2e6a75cbf1908d25e686b9f2f66b5dd0
Brownspot/BROWNSPOT4_190.jpg,Brownspot,4314,4a69dc4bcd62178ffa12ec48e69926d9feedce425a9d660070cc67568ffb21f3
Brownspot/BROWNSPOT4_191.jpg,Brownspot,4315,748704ff8109a3f3885b1835213c5e84588a15389c77bafd61074093b9577ab4
Brownspot/BROWNSPOT4_192.jpg,Brownspot,4316,5bb3d1eb044129fc2eaf52cc57f85a4a91cc4c08cde1a1eda2594047a69d4278
Brownspot/BROWNSPOT4_193.jpg,Brownspot,4317,d401808864df9f355de626780a49eee3731d419b51a021c2530e48a830f0d587
Brownspot/BROWNSPOT4_194.jpg,Brownspot,4318,045c6a8027cc813f0ed891640cc0677d84f0be0bc6b1ed81951f549b2858c888
Brownspot/BROWNSPOT4_195.jpg,Brownspot,4319,c817e05de29bd3e191eca42467453b472ed73a08bb202c38eede90b685aef288
Brownspot/BROWNSPOT4_196.jpg,Brownspot,4320,2602017aed2e805bf5893488ed113c107f174619206db6895b53df8324aab3ca
Brownspot/BROWNSPOT4_197.jpg,Brownspot,4321,f38fff337968b440c0edd60fa2929c351e84e6a566919a30694d78627b342f80
Brownspot/BROWNSPOT4_198.jpg,Brownspot,4322,977c0e4bc247ba69b5efa8105008769dbb9d5412f0a0665a774ca932d5109ea4
Brownspot/BROWNSPOT4_199.jpg,Brownspot,4323,7c89d5856a842d8f47c4a3f7023a39aa8b85c00c0eefe68ee3fa094ac8845b02
Brownspot/BROWNSPOT4_200.jpg,Brownspot,4224,e7539b55bc6395857012c7b4ff09a5a8392d9e7b8cab8d333bca2c8f35d1ebca
Brownspot/BROWNSPOT5_001.jpg,Brownspot,3824,ddc63f10ce4c7c445e925c958c9bd5cd2516322e304d202d4101c33ddf9595f1
Brownspot/BROWNSPOT5_002.jpg,Brownspot,3825,89900314494063724fd31ef3731f3e588bd059f2af51e9589f5787388192d938
Brownspot/BROWNSPOT5_003.jpg,Brownspot,3826,249aa0408a36dfcc37beacb440a49331d5dc516f30e5729abf6de802c94f1ef1
Brownspot/BROWNSPOT5_004.jpg,Brownspot,3827,fc4bd08337ff75c4fdd6017d3168c3eda968822ed1ababcf6ec4af10e239a3bf
Brownspot/BROWNSPOT5_005.jpg,Brownspot,3828,f678c649774a45ba7f7ad2390368199298c9cf0676a119e78d8edab5099cc69a
Brownspot/BROWNSPOT5_006.jpg,Brownspot,3829,43c4cb8280efa2d329cc102d8a07cb2c524923e9cfcc8cf889c8379ee52b27cb
Brownspot/BROWNSPOT5_007.jpg,Brownspot,3830,1d51991000d20ac8de33bc78b1d2f31656e7ecd37df80afbfd5be2875fbc5b30
Brownspot/BROWNSPOT5_008.jpg,Brownspot,3831,67db2981692da07b0a53c09e5e4b0a7f8cebb8d605b54edade2fe9554be42b0f
Brownspot/BROWNSPOT5_009.jpg,Brownspot,3832,956511e375665ddc8f918b18e6345ec6700dd31a509add73c25c059ae77c230b
Brownspot/BROWNSPOT5_010.jpg,Brownspot,3932,ae412f7b5809059b46e0bf07666b543644d99bd69ca2eab5c58458147b71534e
Brownspot/BROWNSPOT5_011.jpg,Brownspot,3834,8ac19bda5937c47e3f0a528a3fca5d2f527cef64f690c129a2a3b455204ec113
Brownspot/BROWNSPOT5_012.jpg,Brownspot,3835,5bfc03c35e404b81523a14c846430db96f1cdd73364ed55a9ad9988827967769
Brownspot/BROWNSPOT5_013.jpg,Brownspot,3836,5e8b22f628ec71b7a1d5b1ad314737905345e360d797b3add23b471903127c96
Brownspot/BROWNSPOT5_014.jpg,Brownspot,3837,f5d8761c08873d31eb5e0a7a8b9bb0435badc79129cfb130f99655a9eaa35ba6
Brownspot/BROWNSPOT5_015.jpg,Brownspot,3838,a9924a83a5d175c6f86758a1a7764c190b1e469f09067367d698749620e545ee
Brownspot/BROWNSPOT5_016.jpg,Brownspot,3839,8f4d635e45471f9d46e14f30b13f51ecb0a59db34361342d435df4da4f5d1e28
Brownspot/BROWNSPOT5_017.jpg,Brownspot,3840,079168125b7a5a1135a277789b0bbfce515a73033ef45ae5e4f0e30f43161d71
Brownspot/BROWNSPOT5_018.jpg,Brownspot,3841,d85fe966b1ecc4a359455f7b93209ae677ea52883d48f8e319572632d33baae4
Brownspot/BROWNSPOT5_019.jpg,Brownspot,3842,8714d0a71afaa1447c51d9de4cbfb8ac6e6040315b69c7df744d45e480891169
Brownspot/BROWNSPOT5_020.jpg,Brownspot,3843,d320a58c782014fdb07a8ae2170f85b3c1344bbe5d7caa2619e0ee807227ab08
Brownspot/BROWNSPOT5_021.jpg,Brownspot,3844,b9fbea692fe35b095458c32ecdd53f4eecaf31b065af41fd72bf8530edca7eac
Brownspot/BROWNSPOT5_022.jpg,Brownspot,3845,e1aebf0ec6748e3568c2fa10db6d696c51a15e818c558d6fe577b328440f9f88
Brownspot/BROWNSPOT5_023.jpg,Brownspot,4345,2e076754d592ef3f17641b304eb2ff02da3721a819ae8658f938c841a5c3cc86
Brownspot/BROWNSPOT5_024.jpg,Brownspot,3847,db8508ed1029bc513c7cbe9b85320ac2af099bcc77859ba56c2f036f8075016d
Brownspot/BROWNSPOT5_025.jpg,Brownspot,3848,342e8fc453bc38a8a8413e1ca606f8720ef8d08649b4f10a7d777154b5ea988d
Brownspot/BROWNSPOT5_026.jpg,Brownspot,3849,0c5c5143381be4f463dd21be5d661e202838a5a0e2fbe8cad9ef99e9f8d2c4b9
Brownspot/BROWNSPOT5_027.jpg,Brownspot,3850,6b0f5c7b5ddb2bdb00fefe3136d16ce65187025cdd5a4463561fe8a5d216f7da
Brownspot/BROWNSPOT5_028.jpg,Brownspot,3851,8d27025ec357d2968d78c5005392822cec27f4e92c404c8513bc0204ecd285a9
Brownspot/BROWNSPOT5_029.jpg,Brownspot,3852,90ca57e35310d77ad81d6aaa1a928896b41674cd94b7ae1a81ad0c7296a0192f
Brownspot/BROWNSPOT5_030.jpg,Brownspot,3853,f70a68b8b25cef5a18da46574a3e845a0110588777622d28a39e318e16c8655f
Brownspot/BROWNSPOT5_031.jpg,Brownspot,3841,dcbc9eda81ae8771e93c24bb3bbb47d80652d55e693f484012e8882b2fdd0c6a
Brownspot/BROWNSPOT5_032.jpg,Brownspot,3855,73404efe963198813422de4a3b1caa075aabb8319774f33f5e846b9620ed71bf
Brownspot/BROWNSPOT5_033.jpg,Brownspot,3856,347087b96a11fcfa1e663a03282fc8d4eccb6095738dd934ca0d9351e879da6b
Brownspot/BROWNSPOT5_034.jpg,Brownspot,3857,22e3546093d28c53c3ed29c6d3da9de9b02dbe0847df2c5870877e26434f97e1
Brownspot/BROWNSPOT5_035.jpg,Brownspot,3858,c3cae400a8f2bffae2b22980fa1ae862bb95401e3b87181928d1adb584c1ae04
Brownspot/BROWNSPOT5_036.jpg,Brownspot,3859,6794a2a4867d00ff35fa75d15a92c707b8af5684cf6dc138d037d89e9f1fe65f
Brownspot/BROWNSPOT5_037.jpg,Brownspot,3860,fd74cc7a056306dc831391e5c56d7c1d32d013c7b0dd351f8be43320e8170e70
Brownspot/BROWNSPOT5_038.jpg,Brownspot,3861,b4f9e17c61c0dd9c274b8576b14592a92aed8abac02e75e7d92bfdd48971961c
Brownspot/BROWNSPOT5_039.jpg,Brownspot,3862,1957c6c840c96d3b55071d020c8fa72c05cdc56b916108e78dbfe913ab04ab37
Brownspot/BROWNSPOT5_040.jpg,Brownspot,3863,4511c0d55b275467cb6a235a4bc45dfea36a616772a993315f6890df51cc7648
Brownspot/BROWNSPOT5_041.jpg,Brownspot,3864,f67e1c45a4e890df92913169bf6ec001052bc2431fa59d3290b080410f2d7130
Brownspot/BROWNSPOT5_042.jpg,Brownspot,3865,16978cc148fea590e8e5cb78df4f3f1752ef83a079921c2205d164f72c19945e
Brownspot/BROWNSPOT5_043.jpg,Brownspot,3866,78e01a58696bc4845afe88577985816f98473f2f29717a67370481e0fafdaf74
Brownspot/BROWNSPOT5_044.jpg,Brownspot,3867,9eadd4daf5fb2258caafeb891c4a0f7f26daa69467dddaf3fbc47cc25b7d2ffc
Brownspot/BROWNSPOT5_045.jpg,Brownspot,3967,4e42bccbcf3a1897119316cf549d3e2e85025152f84b6f518d8afa07ec8ba22f
Brownspot/BROWNSPOT5_046.jpg,Brownspot,3869,6da3a08b1a33a51552c6b0276015b535cf5e9c6903c2014917c76dfc71337ba3
Brownspot/BROWNSPOT5_047.jpg,Brownspot,3870,43276a4371d8908148d2babf73f894f840ae3972fda21879c24b5f03e7073234
Brownspot/BROWNSPOT5_048.jpg,Brownspot,3871,76281627203bb2f40ef400ac6c7ae4cfb2349c7b4453fe7ff15dc2b26593deb9
Brownspot/BROWNSPOT5_049.jpg,Brownspot,3872,9d51fb6ba3faf4287a463775945461b9352b89eee70de78da8e8b09793a591d3
Brownspot/BROWNSPOT5_050.jpg,Brownspot,3873,5f038f11793a0a0169eac350eb00a2c07ceeac215e3897e1eec83e3358b13373
Brownspot/BROWNSPOT5_051.jpg,Brownspot,3874,b4d899948398989cd80115babb0c0976132944ceacf65d74c9cd03ffaf3eb1b8
Brownspot/BROWNSPOT5_052.jpg,Brownspot,3875,d87b7040c53a59b38460bfa6749c0e04f2b2a1aeafa1c8a015f503ca4013be26
Brownspot/BROWNSPOT5_053.jpg,Brownspot,4276,223cf32bb30ca887ee9f41b4c1f022d09a778397550b2e0125a4669d4a4d6da1
Brownspot/BROWNSPOT5_054.jpg,Brownspot,3877,24dfaa6d4a74883dc7308af854d9bc1869efab94cd2be6e41ad5bae239f665b7
Brownspot/BROWNSPOT5_055.jpg,Brownspot,3878,a29e1f6ca324bd33ae623f46cbdbdbe091877fd1181c6d1a6bdfa1a0682c126d
Brownspot/BROWNSPOT5_056.jpg,Brownspot,3978,380226bf37fadb930e5449d26631b29bc8896feaba5082f35b9864d9eeecd462
Brownspot/BROWNSPOT5_057.jpg,Brownspot,4280,06131eb4344a66884004c333ae2a4e13371a59aa05e4c924c14a4a189e371e74
Brownspot/BROWNSPOT5_058.jpg,Brownspot,3881,02bbeba0dfdc83e896bc51ffed5f3994623c02fe8c5914e1c53ce07766db8ab5
Brownspot/BROWNSPOT5_059.jpg,Brownspot,3882,0657e87934055a78d44da279b88120a18b2b7582f4f93cf18dc311373b814dcf
Brownspot/BROWNSPOT5_060.jpg,Brownspot,3883,571af6136cd34e975a6dee2702a0606749f99e244d4b94faa44cd94c1ffb5129
Brownspot/BROWNSPOT5_061.jpg,Brownspot,3884,39e07e787403e9feb679762dd3e0118960982c9c6aced68fe5999227863c45f2
Brownspot/BROWNSPOT5_062.jpg,Brownspot,3885,835303fc37ab182fd7a0b8a6d6bf170dc571315ec4bd98497a0e913ba3f9c126
Brownspot/BROWNSPOT5_063.jpg,Brownspot,3886,b85e83574273baae9d73bb68c2efa61711ffe91f4689e5dd5b056f3d8880f9f9
Brownspot/BROWNSPOT5_064.jpg,Brownspot,3887,fd696f9734a9d931116294fe5400ab003b902a6efaacaec1e90bfff578572bf9
Brownspot/BROWNSPOT5_065.jpg,Brownspot,4315,90995ab3da72de05c02d9564d6920f22740fbc67e7c6ad9860bb9445bf99f984
Brownspot/BROWNSPOT5_066.jpg,Brownspot,3889,bd6d3bb34e36284abd936da8da1308962c02d784d03e30ce29a832b0f1d3a8c5
Brownspot/BROWNSPOT5_067.jpg,Brownspot,3890,f4b7ababd7004531322dc6d94791116a7d18a6309acaae70ede5612d4180a70d
Brownspot/BROWNSPOT5_068.jpg,Brownspot,3891,0dbb4ddcba7b825422178a004e90e07e025e0adf7162ffff52f88be2cdfaff0c
Brownspot/BROWNSPOT5_069.jpg,Brownspot,3892,124ed71c9807b736b6a7b47a59e37b9eb0b81a0a220ade69895c7db205911c0d
Brownspot/BROWNSPOT5_070.jpg,Brownspot,3893,4c230161777d7c9a083e3cb495b0b0b1704ab49474884314b3921fb911219b90
Brownspot/BROWNSPOT5_071.jpg,Brownspot,3894,66e56a04d121839caaadea040228c5f5ed53011c08270621b37a8035cd80289c
Brownspot/BROWNSPOT5_072.jpg,Brownspot,3895,a26132e44bb8c464e93abd92e722df3502bedad77df1144f911229879129b778
Brownspot/BROWNSPOT5_073.jpg,Brownspot,3896,ad8f3ae76c42f468550c42708cda421a9aa7d889798fcdf52fdfe704f73a94b8
Brownspot/BROWNSPOT5_074.jpg,Brownspot,3897,d935e0ec8fbdc28459b01e1d8219acf0e0dc4fdae8ca74c74b91ba31f3f88a1d
Brownspot/BROWNSPOT5_075.jpg,Brownspot,3898,faa6f44382f561123138a15eb51d42be74cc71f41c479f7bb75d5e534dce0c1d
Brownspot/BROWNSPOT5_076.jpg,Brownspot,3899,8ecd6607413479d40cf6dfddb9e595a78f8c57264a18f4a28ffec4b58aff5cad
Brownspot/BROWNSPOT5_077.jpg,Brownspot,3900,ff8b85eaecf22e7c1d426c09a976b405a2bf34ffc425a4ad9b5a274fbc725c45
Brownspot/BROWNSPOT5_078.jpg,Brownspot,4000,09d5d5780b6e8494008b09b6554c2aee701dafdf5a568bb021873763dead98c0
Brownspot/BROWNSPOT5_079.jpg,Brownspot,3902,e525f4f89e0a4b83d927030d8444ea7313f702b40997df0634dc2ab56b1df028
Brownspot/BROWNSPOT5_080.jpg,Brownspot,3903,ee70fb74a5cd047c5303ae5b4c23ffde487eae1fee7f53bacf88aca1d6876f7f
Brownspot/BROWNSPOT5_081.jpg,Brownspot,3904,ee1df255a2c4884750741f9cbfa9ccea9120227b3f0b2c3287c67c87b9e018b0
Brownspot/BROWNSPOT5_082.jpg,Brownspot,3905,19d9a8cbcc72d16079b26919d59f91fe1a4ffabfceefb912cdf8f817ee94666e
Brownspot/BROWNSPOT5_083.jpg,Brownspot,3906,d253af7201be2ff59d4051b215d44cd51d0555b259d2d2cec459840166258cbb
Brownspot/BROWNSPOT5_084.jpg,Brownspot,3907,44d8aae68c4b17e720989fa741951a99320ae5dcb4cc1ad08d33d9598f34a3aa
Brownspot/BROWNSPOT5_085.jpg,Brownspot,3908,bee43f9c931d5de31e94ab20fcb0e8f5c847fae9f01aa30afd2043e5c474a9a0
Brownspot/BROWNSPOT5_086.jpg,Brownspot,3909,d04d30226ca9ca2ef39ee2f1c1f3ad090a323a47452ac4a6fd108a13906f3618
Brownspot/BROWNSPOT5_087.jpg,Brownspot,3910,157ae8b34c4cef81181730afb10e834bd4c00c458060dffaff6b924290b5afac
Brownspot/BROWNSPOT5_088.jpg,Brownspot,3911,519d1a17789f5efc72d13a0bf5ece0425e973b58c078cab9c40ef23eb6961c5a
Brownspot/BROWNSPOT5_089.jpg,Brownspot,3912,6c3f66ac24068e27cc0208b4cd404b5798fbab16f114e644493979259c55e975
Brownspot/BROWNSPOT5_090.jpg,Brownspot,3913,d3087402c244dfab71d3ca1a4d079b3544caffd67a8833cb9571376f0fc9efac
Brownspot/BROWNSPOT5_091.jpg,Brownspot,3914,63d9863ce31bfffcd1b75f3c58f5128f49ab6aec7bd2794714bbfe7cd58f67e0
Brownspot/BROWNSPOT5_092.jpg,Brownspot,3915,74c0f8d6cd4ec86331c86ed80795cfe550b623c370a560a253fe4ff282b8834a
Brownspot/BROWNSPOT5_093.jpg,Brownspot,3916,c48769bd067b629a9e4a3a6b839615085178abf830984ac0d18eb7f503916c1a
Brownspot/BROWNSPOT5_094.jpg,Brownspot,3917,5340442ab3d1b75c8a655e27d837aa00395c525cb6b8beed11cf27f514573032
Brownspot/BROWNSPOT5_095.jpg,Brownspot,3918,2fb0e6bd2e06fd958170171c390d3fd37919bf29745a22d28bfbed8d08ac0d9b
Brownspot/BROWNSPOT5_096.jpg,Brownspot,3919,15c356354289613f1ab333f077a63660b3f17ba863ec4675df40ec8f4d2c8eea
Brownspot/BROWNSPOT5_097.jpg,Brownspot,3920,ea1a25cc38e87e8b50afb42abad20ce776bf16f55d059560b225c8d12cdbf477
Brownspot/BROWNSPOT5_098.jpg,Brownspot,3921,9c6c48fea428511ff018499531b8c9d39699549af62df312254cd7e4575848cb
Brownspot/BROWNSPOT5_099.jpg,Brownspot,3922,768043f0e4533cb9d7d48bb016581085042adbd03563a28d792bb8443fbf3afc
Brownspot/BROWNSPOT5_100.jpg,Brownspot,3923,645e35f3c5cf76963adaa9397fe74f5c3e5109f4eccd5fefc2e40c0900230e08
Brownspot/BROWNSPOT5_101.jpg,Brownspot,3924,818a5c7a93bc06353ebc723b3c46ce0189a4c2c27212ac0e3cc72678987b0184
Brownspot/BROWNSPOT5_102.jpg,Brownspot,3825,4615d440a3db6d987579f5de8f156735cb6add439684086eaa9831c4f9f1b1a1
Brownspot/BROWNSPOT5_103.jpg,Brownspot,3926,fc2070bdec8689efafee05e477c68b518dd3550b3ad0b14dd5a83e23cffe0744
Brownspot/BROWNSPOT5_104.jpg,Brownspot,3827,0945e49b8d756297a46e82bd228c5206c4a108d52846a0e3657d2560ec29da14
Brownspot/BROWNSPOT5_105.jpg,Brownspot,3928,b01c995b658f6bb4efc093de2de0f2046ed4e62ab60f5ba0e71f8ee2be7e0f75
Brownspot/BROWNSPOT5_106.jpg,Brownspot,3929,ac1ee098887193f8118cef85859613fc2a865e800f0474123fe788ff9fbeaaf3
Brownspot/BROWNSPOT5_107.jpg,Brownspot,3930,8efa167371a85e7b814bb18aaa85862b585e13fed48a1e1a2e8f5b03dab09539
Brownspot/BROWNSPOT5_108.jpg,Brownspot,3931,686992fa729e3e4c8c087b6403bd3a4ba2a78ccf1b8eaf49be0af99d65337ace
Brownspot/BROWNSPOT5_109.jpg,Brownspot,3932,d41caf4a905d3a2bfc87312fca8622091f5fbb012e3a3ce9063e3553af64618e
Brownspot/BROWNSPOT5_110.jpg,Brownspot,3834,8b344b8d92a37b3d3b7a442a649c1a6e2ed7a322ed958eac5ceba359f55f4b34
Brownspot/BROWNSPOT5_111.jpg,Brownspot,3934,e114470b78f784300a3ace78753ae91c6d794ae82731c2b2442fa6862fa43462
Brownspot/BROWNSPOT5_112.jpg,Brownspot,3935,26b31ba7b62745d3ad75d646b1ac991dc42b56e34f6a21c9daadd1011067d160
Brownspot/BROWNSPOT5_113.jpg,Brownspot,3837,0526342f7bdeb917994e607c0b4577125f303b9d9abb8421e2ec02448f0759c4
Brownspot/BROWNSPOT5_114.jpg,Brownspot,3937,d58c3dd201760a059342577df07fa164606732575d2cdce693b0a955f872a24b
Brownspot/BROWNSPOT5_115.jpg,Brownspot,3938,0398885411d61d5ec86b074bc706a80fe4f40dfff11159197a6e009255f3c559
Brownspot/BROWNSPOT5_116.jpg,Brownspot,3939,227dfeb385fc3e79c89da6df5fa3da14a9c73cb57113cc7525613c30747707cc
Brownspot/BROWNSPOT5_117.jpg,Brownspot,3940,6eed7a54bc3a926a99e16539d71da2f7cc6434080876a88095c16b18453b8b30
Brownspot/BROWNSPOT5_118.jpg,Brownspot,3839,6b7f7312b0e6c6590dc9910f4c40edc4e4f97ee0174ac9c793850c82ad75e354
Brownspot/BROWNSPOT5_119.jpg,Brownspot,3942,6edcfa8635e7b75790ed07c5df92cc1ed977cdbf7b2ede1bb88d780504816108
Brownspot/BROWNSPOT5_120.jpg,Brownspot,3943,b516dc325ce44fc31664cc877f36fad70ed122554b49b8095b4c6efdb26e9dd2
Brownspot/BROWNSPOT5_121.jpg,Brownspot,3944,495420b6a3dc7fad8c8973c2214d2dc0655e0d22cbef1ef4038f8367da52faf0
Brownspot/BROWNSPOT5_122.jpg,Brownspot,4345,167a484576fd82c8fa434e7c8e774887cea3f374623e485783ede2ff50669390
Brownspot/BROWNSPOT5_123.jpg,Brownspot,3847,323c04c4028c5c45ec5120dd8f6307573f52c176060dd241a5a324cf11f1320b
Brownspot/BROWNSPOT5_124.jpg,Brownspot,3947,d7bc22b78820dc0084fe6e77e9a2007eb996242cbce7001dbcee49610ff6e00e
Brownspot/BROWNSPOT5_125.jpg,Brownspot,3948,0bb260c15e8b2851000aea8efc7277e02faae38ae9de64f131051b44a44a52d7
Brownspot/BROWNSPOT5_126.jpg,Brownspot,3850,60b08b0f559cb63dd915d42c804442bfa5b65dc806d26973b913a89226a4b1fc
Brownspot/BROWNSPOT5_127.jpg,Brownspot,3950,d18fa8084a18e9b45e18c78a710b09fb1d82aaa01fcaf7394eeaa3a68b06edb9
Brownspot/BROWNSPOT5_128.jpg,Brownspot,3852,54255e41b55d65d35ac1942e0cb6b46bbac639c3d5681d76e580585123bfd28b
Brownspot/BROWNSPOT5_129.jpg,Brownspot,3853,77f338796ab8379bab01ca3a8764b8f2999055db03d551975db16797466ad717
Brownspot/BROWNSPOT5_130.jpg,Brownspot,3953,240c8d6cd3b1063cc31dda248d62e6d673798d999a3dbd5ecd13932dcc6c1958
Brownspot/BROWNSPOT5_131.jpg,Brownspot,3855,437905931f48e35e09a7b631c741fcc9a3d44035d216343c8f8476629d962164
Brownspot/BROWNSPOT5_132.jpg,Brownspot,3955,ed0e71cd7c021ab9a8312054361363ed53e4774f69cae658aaaaa2cf2332541f
Brownspot/BROWNSPOT5_133.jpg,Brownspot,3956,c8de0d8dc419d61d93884bd6a78463a6e56d0dcbe32413d44391e76508b7b5af
Brownspot/BROWNSPOT5_134.jpg,Brownspot,3957,672901b98ca31f9a9758938e99257e0805b8c5bd77ae2f1b48851227c3d59dfc
Brownspot/BROWNSPOT5_135.jpg,Brownspot,3859,39a8041f6d57f190620b85e54db13b18f2a2b7e0db334c71e4a9fed1bcf9a771
Brownspot/BROWNSPOT5_136.jpg,Brownspot,3959,0d0ce220d988a1ff20f195caaa86c70a4f0fc6713e672b4bf14b237507498e5f
Brownspot/BROWNSPOT5_137.jpg,Brownspot,3960,2adf01a288a53593f417cd792bc67a5704a85b2f01247ca03b7ddb5bfeb928cd
Brownspot/BROWNSPOT5_138.jpg,Brownspot,3961,a56c366a240442f3c821389559b1c7885a5b72822b3076cd27d2e3ee3e2baa52
Brownspot/BROWNSPOT5_139.jpg,Brownspot,3962,2b879dff879930e2eb6c469128208d435e500fb3488fd1280231986d6010aee2
Brownspot/BROWNSPOT5_140.jpg,Brownspot,3963,adcbf57db40f9cdb701c48023e06e45fe7f197b78b331af7dc6496de6e602d18
Brownspot/BROWNSPOT5_141.jpg,Brownspot,3964,64e696a6abfebd7e8731ba4353e92f89eedc82845108219a872e5119c7ca8ed3
Brownspot/BROWNSPOT5_142.jpg,Brownspot,3965,6b7a2633ed0dc766e8c6d5dfed19c5ca36ef3323b0ab4f66ba382aa4a189711b
Brownspot/BROWNSPOT5_143.jpg,Brownspot,3867,2dd0f510dca2dc30055b4a7479e8ada77e8ae712dc8c861eeccbff3501b434ee
Brownspot/BROWNSPOT5_144.jpg,Brownspot,3967,a1d0d72cf068734e1a2470677489c4c937f35dd1410f339f8b1c13683707b6a8
Brownspot/BROWNSPOT5_145.jpg,Brownspot,3968,d78e65c9c46c669a2467e82d75ebae8285f4a5e2e644445bdf6b6c0b50d8ef73
Brownspot/BROWNSPOT5_146.jpg,Brownspot,3969,a7e86455dbce2f92c5405b263dc4c4b4f2b9a04d0fa58486defa57c36590ba2c
Brownspot/BROWNSPOT5_147.jpg,Brownspot,3970,3243066ab4069737374cda038995fa19d5d68dea1e6f1e7c930dfe738941b783
Brownspot/BROWNSPOT5_148.jpg,Brownspot,3971,48535edaf990ad22a864809619249e42b9d9dd041906c27f61eef47460e2e863
Brownspot/BROWNSPOT5_149.jpg,Brownspot,3972,7e3cda6c9292ee14610e1a1a8330b26a58f90c94f5f393579d5ceffd2b75021c
Brownspot/BROWNSPOT5_150.jpg,Brownspot,3973,f65ef600074c276f3a11feacf8452ffe560a67e3fd45b290315d4c9ca52e6f13
Brownspot/BROWNSPOT5_151.jpg,Brownspot,3974,4de484ba31358b3dfb4f5db8fcdb75b8e35e98a61ddf57ef4747d6d1cdff7e21
Brownspot/BROWNSPOT5_152.jpg,Brownspot,3975,d0e7f862abdafbae9ff304909312fbdfe78fbabbacc3a90e98f26296f51ff573
Brownspot/BROWNSPOT5_153.jpg,Brownspot,3877,9938106719ce1b97e3b639551d36738f6810fba87481bd2099f3c49ae59e8836
Brownspot/BROWNSPOT5_154.jpg,Brownspot,3977,bb96f2074fc91ff15ee021f1f3a3f95c94e71bf700b10037aa8c0903a7fb5f8f
Brownspot/BROWNSPOT5_155.jpg,Brownspot,3978,a57361ae8dfb9e38e3e4d19b2d7209147508a2752dd11b4f6e3de9fabc62b167
Brownspot/BROWNSPOT5_156.jpg,Brownspot,4280,4ce4534cf4385c74c20ce1139862aabe46d9da34712cc9b24e0706966ef7757e
Brownspot/BROWNSPOT5_157.jpg,Brownspot,3980,24c78e0ad674c56f276124f507f71f5ff3074d8779375b134579399b8adbadee
Brownspot/BROWNSPOT5_158.jpg,Brownspot,3981,928b399242251fecd843cbecb4fb6b3c5dfbc96df79bc239510970c5b638cc3a
Brownspot/BROWNSPOT5_159.jpg,Brownspot,3982,2708a2bf9dfc2edc47462a2fb0b76ea587aaf0091784adeda95c14e7d91b937d
Brownspot/BROWNSPOT5_160.jpg,Brownspot,3983,6b26233dac3ba81b03e52d172b00193751c9c17d9c75eea4769cce190d599748
Brownspot/BROWNSPOT5_161.jpg,Brownspot,3984,79beeb2afe1ece0957f2c120f8ea05481b3ee823d70359e85b5155d9b6163083
Brownspot/BROWNSPOT5_162.jpg,Brownspot,3886,5d72b35d05362be422dbef02d8216ef26880c818894686b5a648d2336b269df9
Brownspot/BROWNSPOT5_163.jpg,Brownspot,3887,60c9767b014bdc7d57393db1402eefe43a4f105878f7998675fb1bc7c5ad0395
Brownspot/BROWNSPOT5_164.jpg,Brownspot,3987,06fc27e1bac64ca52b35d7544c617141844037ca17c6d1f2f0478eee5f3b2eae
Brownspot/BROWNSPOT5_165.jpg,Brownspot,3988,4c30adb6952efd54671153a27c15d6c163e4a37c066e29d2e527e9ef2f13a156
Brownspot/BROWNSPOT5_166.jpg,Brownspot,3989,0f6c08b827f34059392b82b192ade89b0d11e4f8b8e37bd03c951647656593df
Brownspot/BROWNSPOT5_167.jpg,Brownspot,3990,93bcfb93d0a07379b37a4736a25fbe4b745050fedfd14f927db14b3bd81e2e31
Brownspot/BROWNSPOT5_168.jpg,Brownspot,3991,e0ca4dd8bfdc21daa02cd86b4cdf47ed025d836e2256b972a2d24b0c3e6bb587
Brownspot/BROWNSPOT5_169.jpg,Brownspot,3992,b3e52b0be9e39bc99b52e5d8989c7e66417625bda411f0716d95da2666edab85
Brownspot/BROWNSPOT5_170.jpg,Brownspot,3993,9f4d0d70e195e76536d581f3792f25d46afd8002ba7cba5e3d99b4f636cb8424
Brownspot/BROWNSPOT5_171.jpg,Brownspot,3994,d2e0a0f557d7a3949cd67192a36ecbaefef477032d83ac0ad87263532840ae08
Brownspot/BROWNSPOT5_172.jpg,Brownspot,3896,6bc917c0aa6093d85b60546759086a3426a30dd80b7e3846843d7fb218647e0e
Brownspot/BROWNSPOT5_173.jpg,Brownspot,3996,947da07886a05afcb603f0f185592f4c42b205763a3decc1447251a8728a4b97
Brownspot/BROWNSPOT5_174.jpg,Brownspot,3898,5a6beaf1c6df2a9ac5b3d11de97beaae40b609e4dc055e0cf88aeae82e815bc8
Brownspot/BROWNSPOT5_175.jpg,Brownspot,3998,925e4ce2076b029df5eda72a3c32234fad2c64e9c631e0e9311c20dd50bd714a
Brownspot/BROWNSPOT5_176.jpg,Brownspot,3900,ed65250d0936c168c477e80f91884cd8a3ac5744d9b0704f4b49908595feeaaa
Brownspot/BROWNSPOT5_177.jpg,Brownspot,4000,f25a97c7db3bacb6db52e72860f5df97b6b23bb92440108077635b27284c40bc
Brownspot/BROWNSPOT5_178.jpg,Brownspot,4001,8bb35ffd0235c381510991b427fad629548eb404115e078a91cdcb0b0ca242d6
Brownspot/BROWNSPOT5_179.jpg,Brownspot,4002,a88694cd4fbeee56de059052980c6f65648b215b9963458fccf6c1b0419ee0db
Brownspot/BROWNSPOT5_180.jpg,Brownspot,3903,e13aad35ab6b2cb860ad5350ab974de601b85172a59d8e855d46573b9ca6faef
Brownspot/BROWNSPOT5_181.jpg,Brownspot,3904,bcbea7e21a1838e52ee81a3e90837d2743af8fe9ce3f133878f6fd8db9d8dc7d
Brownspot/BROWNSPOT5_182.jpg,Brownspot,4005,ff79208f3e14f4594ebe1a6db88fa65b09f4f615403a45c86b008f47acd69e41
Brownspot/BROWNSPOT5_183.jpg,Brownspot,4006,96b67d011f369a90646a2f1fdc56a7eb3bf1d6534c575a09405a55af16b1ecd1
Brownspot/BROWNSPOT5_184.jpg,Brownspot,4007,32de766497d230e8babdbbc07e8cfb2639f63354ae77145990cdbb866a31fb39
Brownspot/BROWNSPOT5_185.jpg,Brownspot,4008,7b7ae91cba561a42cfe1007f2ab0546acbfaaf57d70b2b6697f06751f50f7b32
Brownspot/BROWNSPOT5_186.jpg,Brownspot,3910,c129b5541fa88aaf16ebb28c191632380848469ddb07fd9c1282beb8f03831ae
Brownspot/BROWNSPOT5_187.jpg,Brownspot,4010,4dced219b25aec3847b2aea24c0fff58bd0f5633fda9476fdc717b02284effe8
Brownspot/BROWNSPOT5_188.jpg,Brownspot,4011,81ea6ba4e627372b9dae9e7969882da1fee1467014f79e0615cda5187c7323c3
Brownspot/BROWNSPOT5_189.jpg,Brownspot,4012,90cade19841103c90a2ac4a955b67d9c499a7ea348125348db25c0ef7046837a
Brownspot/BROWNSPOT5_190.jpg,Brownspot,4013,dee5edc900a4cf56bb7921612828f7b496b7256b37aae80461642111760ae91e
Brownspot/BROWNSPOT5_191.jpg,Brownspot,3915,22aa95285c76f1b3367081f561aa27c4d914b0e2ad1d295fe509ee7c38115752
Brownspot/BROWNSPOT5_192.jpg,Brownspot,4015,7d3e37cc7dd620c9ab2cb3e2eadd4ddc69bbae404df42a4e70243cb5f905f880
Brownspot/BROWNSPOT5_193.jpg,Brownspot,4016,272dcc7224452d2d4ae14c25859767c2ec2b89b5a138e8dfbfea21710348a79f
Brownspot/BROWNSPOT5_194.jpg,Brownspot,3918,bda7dd504bd1cc5ea20307d7c7ff2e527461a70b1480e232f5d9168b5e2fa432
Brownspot/BROWNSPOT5_195.jpg,Brownspot,3919,868140d27512fabc138a41cb7575416235aea078894270af42ca07a91e3c10b5
Brownspot/BROWNSPOT5_196.jpg,Brownspot,4019,478173986ac159c6396652f63179488538d2256d5342aadfece3de4ffb1d8390
Brownspot/BROWNSPOT5_197.jpg,Brownspot,3921,122680bc0d8c067309e59bf52ea95ba923063ecd47c52937922601dddafbe288
Brownspot/BROWNSPOT5_198.jpg,Brownspot,3922,3a148315cbb9a4ef6babfc259d734b65efd2c9df6f02fd556d84e0e932e512dd
Brownspot/BROWNSPOT5_199.jpg,Brownspot,3923,2c692fede9adcca2bd6458be1779139285f7ae906550644ded9ff06744d8895a
Brownspot/BROWNSPOT5_200.jpg,Brownspot,4023,75f4d2c8d9e3efca1c52214e32e635a0bb4f894b28a92d6e2ed2c4446bbdd54a
Brownspot/BROWNSPOT6_001.jpg,Brownspot,4423,7496669593ac206b3549831082612fd510ed8d7cd7ab60e37e68316819bf73d4
Brownspot/BROWNSPOT6_002.jpg,Brownspot,4325,275f1435fb2888db9ba97ac472b44eee6c711a462b6bd7c7984b40a7ab953be0
Brownspot/BROWNSPOT6_003.jpg,Brownspot,4324,c9cfdd80ebefc9b1dd953bc4e472125a8b07a3fb29c3a4ec102e9132c58653ca
Brownspot/BROWNSPOT6_004.jpg,Brownspot,4327,6dd470471ea1cfd10233209fca7d6a5782d5c340e10c59c5d466b3312dc23a6f
Brownspot/BROWNSPOT6_005.jpg,Brownspot,4326,99430b4a9e0b9aa21c32ea637e375f10781290303472527bf15c3b94d4f5ecae
Brownspot/BROWNSPOT6_006.jpg,Brownspot,4329,cf9ac15624303d0a3e24eccae6e7348611878a2fad2d023f7744792ef7799276
Brownspot/BROWNSPOT6_007.jpg,Brownspot,4328,e7ab804f5d97d9b47f6b50d05c6aa3ad060e8ec945b26442d63221e05a81fe63
Brownspot/BROWNSPOT6_008.jpg,Brownspot,4331,7c56fd6a241e74b327e1cad64ab7c3abbd170219e18d182f48b001d6896b3588
Brownspot/BROWNSPOT6_009.jpg,Brownspot,4232,1a8ab3688fe62bd438081d023061d2e748afec3eadf311c3af1c0d0d0adf0861
Brownspot/BROWNSPOT6_010.jpg,Brownspot,3932,acd5f456feee095f9e3122c32cf1fd50b45222d5361fa4059922a910917cdfba
Brownspot/BROWNSPOT6_011.jpg,Brownspot,4234,c780712848b0b7ce375b43d39d64bf9ad565253aa6586e986fd9a995c7abd132
Brownspot/BROWNSPOT6_012.jpg,Brownspot,4334,307f978e96189a3abf508d74dfb7335a76d121bb33728d5e520380f047c3c90b
Brownspot/BROWNSPOT6_013.jpg,Brownspot,4335,1f1b1afc7592ed619fc7370aca62aff027f57403e372e1790a071c5df48e0c3b
Brownspot/BROWNSPOT6_014.jpg,Brownspot,4336,c6457acd2dadd777211046cca359882148ad5f2cf5159565aa30c6cf00e75c05
Brownspot/BROWNSPOT6_015.jpg,Brownspot,4337,c08d502cc7b5789b0e5cfb1fc17507848b218f512932617eb7096eb95c382cc2
Brownspot/BROWNSPOT6_016.jpg,Brownspot,4338,5c4922f1a90e788a53185ff18e47b828545f2a0d22b98657ac030008b12de194
Brownspot/BROWNSPOT6_017.jpg,Brownspot,4339,3f9287cbc67a6b8dc82828b9e33f640e1df03cce15012cb14af4f47ef3468ca8
Brownspot/BROWNSPOT6_018.jpg,Brownspot,4553,5312fc93deec42296e8078f4a16d173a66509c6afd9809fe341c8916f71d94f1
Brownspot/BROWNSPOT6_019.jpg,Brownspot,4239,fd0301550c76853377f7580fd0e5c4123ec3169ac162e485589aab49b3060878
Brownspot/BROWNSPOT6_020.jpg,Brownspot,4342,4d2623e116a1b4977188d3481041a93795e933f7b6e72d72301f651a748e4b9d
Brownspot/BROWNSPOT6_021.jpg,Brownspot,4343,7ffcf933c8791c28787c6e15d3ea19628510b0cb54de73903121af24bf85a362
Brownspot/BROWNSPOT6_022.jpg,Brownspot,4344,8ea6517b11c71631447cea869ab99ce3ce9d2df445781b1e011f279174dbfcb5
Brownspot/BROWNSPOT6_023.jpg,Brownspot,4345,d5580ddc44fd7312580375e2325d1bbfed60d84d29232822a1f4dd7365c1c407
Brownspot/BROWNSPOT6_024.jpg,Brownspot,4546,ea1d821750c1c0ba84202e45be82b1dcb711994e819e68d56eb180ce82c60b65
Brownspot/BROWNSPOT6_025.jpg,Brownspot,4347,4bbc5bd08764eec651558315f96e3b6ccdc9922ab0ab0ba26e7a8104853fd428
Brownspot/BROWNSPOT6_026.jpg,Brownspot,4348,c15ca783d907765be7ccd7177c9f96f79f097a89a3d0ae8c63359e6f53e2d26e
Brownspot/BROWNSPOT6_027.jpg,Brownspot,4349,b660070e077d7cdb90d1b728e4a986390852ca9b9ab4b34bb6aa8c26fe622e93
Brownspot/BROWNSPOT6_028.jpg,Brownspot,4350,fd89757d8eb633baa00fcad39837372492245b57c9d3c886143cc48fde4b95c0
Brownspot/BROWNSPOT6_029.jpg,Brownspot,4351,5fd42fcd2de61edfbacfd88a60c3eb90e252c2aa1ad5b29ffaedf7ec34b94f53
Brownspot/BROWNSPOT6_030.jpg,Brownspot,4352,f19ff1e9036b547120e60fdf88cacc21f16e6c9cde992304af8e1c40ec499582
Brownspot/BROWNSPOT6_031.jpg,Brownspot,4553,e9d37649dba8b1affc9938526ef59fefedb02ac2eeecbafd51e9b63a72374f63
Brownspot/BROWNSPOT6_032.jpg,Brownspot,4354,2e34ff2f7bf8dda069925a8093fb7770102c294701db3979560c7b24842c4b3b
Brownspot/BROWNSPOT6_033.jpg,Brownspot,4355,a5f59ddf502e33bbf9c51e37bae6155952279653ad5a0022d183616ae92c4b64
Brownspot/BROWNSPOT6_034.jpg,Brownspot,4356,46856f682b6322b4d85c866302427ff0623c16460307734db6b2fa1ac48aad69
Brownspot/BROWNSPOT6_035.jpg,Brownspot,4357,7c34b4ea1f680bd721c59a2bbac3d83a00d031bd4f844bb2c8bf8aac5d63133c
Brownspot/BROWNSPOT6_036.jpg,Brownspot,4358,9cbbb970cc07a76a74691055203e1ca0a2b1e88ac96960316c0f4053628e8be1
Brownspot/BROWNSPOT6_037.jpg,Brownspot,4359,5c90b2fc6fe5dcb34b93fb9adacf8571c8f91d8ad5b96a28af43cdad43dee3bd
Brownspot/BROWNSPOT6_038.jpg,Brownspot,4360,99382387a94c704fc033705e4bec02afdef380ce4c46d7ef3f3e78236542f592
Brownspot/BROWNSPOT6_039.jpg,Brownspot,4361,92ff8bd2cf4a1fb6eb851fbbbd8c052def163749d6d20f471af71585970aa509
Brownspot/BROWNSPOT6_040.jpg,Brownspot,4263,8da4738de9b817ff24ef10edefff100e70efe4ec87c5559f97fd24a8c7038e40
Brownspot/BROWNSPOT6_041.jpg,Brownspot,4363,3a7894508c8790f8f0f86ca98debc55004e58b81cc3298b417e42e439e91692d
Brownspot/BROWNSPOT6_042.jpg,Brownspot,4364,a77c315decdbd9c226f99746822b215a95f12eeefe12c703ceeee6188ab5b17c
Brownspot/BROWNSPOT6_043.jpg,Brownspot,4466,447ca840f1ecc37d63a8155d4eb8af4ca812f6d46c018bbcf896ee48a9d32c03
Brownspot/BROWNSPOT6_044.jpg,Brownspot,4366,d8ada02e0080e7fdf2de158b50bb9de526cb25b6223779319bfedd0cf2727b25
Brownspot/BROWNSPOT6_045.jpg,Brownspot,4367,bb34da3d61ef1500acb51e856c39975390cfbf2fbe2ea071d5be9608dc7ab805
Brownspot/BROWNSPOT6_046.jpg,Brownspot,4368,29db8dcf82d15473dc8bea61e2f36534e4be94b405f37ebc4579a25dbf2afacb
Brownspot/BROWNSPOT6_047.jpg,Brownspot,4369,a316be4c3f14a40615c6d8c3d6e00262ecc7099953dfdabaeaece7358820c83f
Brownspot/BROWNSPOT6_048.jpg,Brownspot,4370,8298c433d3acf6dcf3211edd4d196a2ead19bcedb6d737991e1d41db256b3e27
Brownspot/BROWNSPOT6_049.jpg,Brownspot,4371,a24014f4dcf33de85d0c2c9d4d8a85d58342e12b508924a56c59548e425a9a62
Brownspot/BROWNSPOT6_050.jpg,Brownspot,4372,4dd0c8ad7fa5c9d6064e4f6ebb2693292d850186991708c058cbaf60856ec941
Brownspot/BROWNSPOT6_051.jpg,Brownspot,4373,b8af9a19d35f41fdddd6ec91ee715a1887e9c824221f920ea387d064aafb3ddd
Brownspot/BROWNSPOT6_052.jpg,Brownspot,4374,07e81d64205c91146964a78963e53790fb54f9106ef51cbb5c84272392dfb253
Brownspot/BROWNSPOT6_053.jpg,Brownspot,4375,36b0b9fce79364a4d91488a06eb1ff59bf1732668feb3d4eac75e4f0f5bbace6
Brownspot/BROWNSPOT6_054.jpg,Brownspot,4277,8cc773c7b039508f4d66aa36138c31d196c5381d0d44430f4ceccb7e4b12e50c
Brownspot/BROWNSPOT6_055.jpg,Brownspot,4278,5284ebd753af063e449c5cd7c7450abc9640871ec9ee1e1f24b5763415e5c74b
Brownspot/BROWNSPOT6_056.jpg,Brownspot,4378,c3a45691b511f551dc660ea06601c2551f1c92818917c1e3d6a7a4b2bcda5ee3
Brownspot/BROWNSPOT6_057.jpg,Brownspot,4280,816c7494a5cd82bd70c7a785324ff1397f589953874dc158af98c40868fdd47d
Brownspot/BROWNSPOT6_058.jpg,Brownspot,4380,433cf150823ae75074ae858d9947709ab002f74d9eb3c88967cd295bad4bc9fe
Brownspot/BROWNSPOT6_059.jpg,Brownspot,4381,a1787d2273e150fcecfff9b17aaaf4f0b72099a8c6762741157e4c16cbe53a16
Brownspot/BROWNSPOT6_060.jpg,Brownspot,4382,e27531a13a2c56e7bd5ba0b539bcc9b2dc6ad09edc7bf853562b5f2b79bf1cb5
Brownspot/BROWNSPOT6_061.jpg,Brownspot,4383,bd103362543325f5093538f23e1718da275387851d5aa0aad3bef874900455f2
Brownspot/BROWNSPOT6_062.jpg,Brownspot,4384,23e04ea8179999e9edc5eb54738c05548b30afaec540e4183679e5fd14988936
Brownspot/BROWNSPOT6_063.jpg,Brownspot,4385,ccada91f499af6987a7b2a774beaf7b7c25464cb9e5f19d69dcf11c1ce10e236
Brownspot/BROWNSPOT6_064.jpg,Brownspot,4287,cdd558d658262fe8d006f47cbe955f919f1444341f011c1a5949ec984d4c20f6
Brownspot/BROWNSPOT6_065.jpg,Brownspot,4315,725fa16d8602d3d15125c5e72811d097413bf614cea60f8f31e0b743d8cfb15b
Brownspot/BROWNSPOT6_066.jpg,Brownspot,4388,9d96878b2aafa03a0883e0c9fc51129945a472b2840f3619d52a10108942f679
Brownspot/BROWNSPOT6_067.jpg,Brownspot,4389,0e9807920742d0a8e7ac8bbd22dd635cac80f55025ef13eb10174276732c1d33
Brownspot/BROWNSPOT6_068.jpg,Brownspot,4390,be8583390b20d4862f0cbda076a9d0443b339d432224cab1441b05f6936612ee
Brownspot/BROWNSPOT6_069.jpg,Brownspot,4292,3fa0160a8afaef0540652684dd3d3606b5eef07cee2844babbd32b3d7e9fa60d
Brownspot/BROWNSPOT6_070.jpg,Brownspot,4392,d86099b62d82555a1e11ca3bad76d9fb5c38f7cf7ebbf4a65cba387428e62001
Brownspot/BROWNSPOT6_071.jpg,Brownspot,4393,e7f7c6f43bee116219a04c192de536bc5b7e496f70696ecfe41f9e93a6634d8c
Brownspot/BROWNSPOT6_072.jpg,Brownspot,4394,33104e0972abdc4f8894f30f455d7eb9ef946144ccf71679608322a4d19f8994
Brownspot/BROWNSPOT6_073.jpg,Brownspot,4395,526518280d492b24e3c9e071a3c42e0401c40bfce72af4fa99a9f1a69020d3f6
Brownspot/BROWNSPOT6_074.jpg,Brownspot,4396,e55368c607bcc97385c0a9c75aaaae7a1b2a6c33fc4cc405dcb8ca71b586131b
Brownspot/BROWNSPOT6_075.jpg,Brownspot,4397,1ae46281a70523b988377058eb51429341df7eec18b07cb1b6ed8118bacefd5f
Brownspot/BROWNSPOT6_076.jpg,Brownspot,4398,3750a8fdb9224ed943bbfd56fbf6a99bc6f670fd772471ce9ffae6ce93513e84
Brownspot/BROWNSPOT6_077.jpg,Brownspot,4399,28d72e057f754be656822cf3f6bd6d3d2207a58089154651935f36b44e6326a0
Brownspot/BROWNSPOT6_078.jpg,Brownspot,4400,d24ceebd5e414da60ec5a7342fd2fc66c7811409bffbab4d127d53cf96223e53
Brownspot/BROWNSPOT6_079.jpg,Brownspot,4402,2df0dc5136c1f8033a4f3f056a1ec597a528c8b2ec01b9fda96a08aaab65fbae
Brownspot/BROWNSPOT6_080.jpg,Brownspot,4403,f137659df03fedb6be09fba9620de7054627f9f24a9b0b1eb1db55fc69c10e9f
Brownspot/BROWNSPOT6_081.jpg,Brownspot,4404,0a761c423e7bd00b3d29bc2cc9d12a74723db3c325f53d7aec0d1c8052cc8ea5
Brownspot/BROWNSPOT6_082.jpg,Brownspot,4405,c47728f9f8494a14fb411d7c883447eebfa9e79e79673519a4e2b93b0d303e67
Brownspot/BROWNSPOT6_083.jpg,Brownspot,4406,f0335d5fd3f259f5a64ca8cf9afc3dc23c78b313c29893c965a89a6ba645254d
Brownspot/BROWNSPOT6_084.jpg,Brownspot,4407,53efc97600c6c998b426a0717b7f6a995cda9c7f9236e54d72f0eac95714f4d1
Brownspot/BROWNSPOT6_085.jpg,Brownspot,4408,0b82d6ead3c387fe69cc2761a2c02e2543ca2f4123e3368687f4a1abe8e08078
Brownspot/BROWNSPOT6_086.jpg,Brownspot,4109,3e31950c54e761e58b4f30a6c131f865bab1e744cea6883f49aca4132c60f15f
Brownspot/BROWNSPOT6_087.jpg,Brownspot,4409,142f86a57384197deaec462df702f23187968bff5c63db6a25658a207b68fc55
Brownspot/BROWNSPOT6_088.jpg,Brownspot,4410,1b711ab3f2bcb42a8ef2d7c460ca0462b7b5759eafaea9d96ed1296d037e160e
Brownspot/BROWNSPOT6_089.jpg,Brownspot,4411,ea2555994399dc0947071faf86811652153405f34e065c87ba6ec1fbc4a2e0a8
Brownspot/BROWNSPOT6_090.jpg,Brownspot,4412,4549b64ff2bbbd961303df713d656e4e138bd7904a7257675490be9698d51b12
Brownspot/BROWNSPOT6_091.jpg,Brownspot,4413,a57f283b0e265e3abcea847b67053c180b2527f50a3e10736c57eea71da0ecb7
Brownspot/BROWNSPOT6_092.jpg,Brownspot,4315,cc76c04a1c05a3588fc4e68260e43b6b6ad41259b06d2149ee7ff66d46548337
Brownspot/BROWNSPOT6_093.jpg,Brownspot,4415,0405a1e85fb63dc2914ae4f0aad78c57111cf136a689d7d04b76309af4edf713
Brownspot/BROWNSPOT6_094.jpg,Brownspot,4317,80d771615855df953e4cd9f204293b2345a68de4ba4de69ac61e6acb15062171
Brownspot/BROWNSPOT6_095.jpg,Brownspot,4318,49a866acc54c48393c638dd1aca28ff95e952dd9a7da833550f7b53e0316518f
Brownspot/BROWNSPOT6_096.jpg,Brownspot,4319,0bed4070503bea98734c4fd57e90365cd3fff5989322f10238b9c1c8d7d241ea
Brownspot/BROWNSPOT6_097.jpg,Brownspot,4619,e5326b95c480c888f39a6abfe376f85870ac0f91f9610aef28e392362aed8d38
Brownspot/BROWNSPOT6_098.jpg,Brownspot,4420,0cf7a698c0c47e31c504ce257b0fd1e34234e2e4d7357b0ab23df47586b97a4d
Brownspot/BROWNSPOT6_099.jpg,Brownspot,4322,f52cdb80acdab4921930c0b87d2078dc81f25405e9100e9e56a1242daa870c88
Brownspot/BROWNSPOT6_100.jpg,Brownspot,4422,bf6363c39a3ab33fb960c1325f1f4af7cd64d90b849065fc01c1b484a5bf6660
Brownspot/BROWNSPOT6_101.jpg,Brownspot,4226,6b80ecceab3c55e430754c6b3fb2ae144e8fe8d0335fffc2283f1cbd2d1e076d
Brownspot/BROWNSPOT6_102.jpg,Brownspot,4225,f1760817781e2ac23b494e2dd6680e56702dde69125489f01009ee559806c631
Brownspot/BROWNSPOT6_103.jpg,Brownspot,4228,13ecc8280004998e63e2b57e5dd5ffe8446dcdc4e2a22ee85830e027bd1eecfd
Brownspot/BROWNSPOT6_104.jpg,Brownspot,4227,8140ef0d2c4efa3c6622d0cde917700eb3e8c4d90d025d106c0ab74b779a33ef
Brownspot/BROWNSPOT6_105.jpg,Brownspot,4230,ffcb1f7fd1741caa32a4787f37ba218ab147b49648389e99fc7382c0561e150e
Brownspot/BROWNSPOT6_106.jpg,Brownspot,4229,ee32a04a0b726dcc7866bf7d4d31970c0a6adc8a6ed9eaf30e4bfc07e7030c06
Brownspot/BROWNSPOT6_107.jpg,Brownspot,4232,d80769b5dca53a9131c9a83569df7216b6f608bc5fb37a48507e18e5d75db951
Brownspot/BROWNSPOT6_108.jpg,Brownspot,4231,947122b98a93349e3f2da95276ebd2cc9b36e09dca8b3286a70502903c18667a
Brownspot/BROWNSPOT6_109.jpg,Brownspot,3932,a50573096c5ab96c4f3aa18c54cc3a093dd1271bbebf5cebe9764ec597334d01
Brownspot/BROWNSPOT6_110.jpg,Brownspot,4234,3f7c84d27657ef25100941b7dae6fc18dd1c5f287849cb60fc7340098bdfee90
Brownspot/BROWNSPOT6_111.jpg,Brownspot,4235,b2d08c86c8cb4226aeadeb82bc4690b90b56350445c3ab3bb7b39f861cfde26d
Brownspot/BROWNSPOT6_112.jpg,Brownspot,4236,47c4bde1a23e99f857b14c07e9c9bb8b06467e84c482d1317b0b072ade1a13c4
Brownspot/BROWNSPOT6_113.jpg,Brownspot,4237,b7b2ccd5353e303c116c45cf251aa5de7580d506193e994f79a4d32e076229af
Brownspot/BROWNSPOT6_114.jpg,Brownspot,4238,54ea566e7844c7ab1880b220e631f85c868adee2ebb2571df2efc7438bb3f19c
Brownspot/BROWNSPOT6_115.jpg,Brownspot,4239,b78df97f3a9270962ca6fa38fa90b5e0f67051bac146a6918e6d36077677b7ee
Brownspot/BROWNSPOT6_116.jpg,Brownspot,4240,bcf5e59ee66575d310dc388a091813efbf003442059b25e3da7255444c82b79e
Brownspot/BROWNSPOT6_117.jpg,Brownspot,4254,b0ad4359681d342a42c329c0c526435e096f96c8d2ccadcd222ed582bd18bed7
Brownspot/BROWNSPOT6_118.jpg,Brownspot,4242,2856c6344849906546129a93e2da3d4d7437dd9f351df38f6a0979e62caf9039
Brownspot/BROWNSPOT6_119.jpg,Brownspot,4243,d120ae5ecfa6515320553b732e298d9b71ae7960a23612f5947f8f7449d50f23
Brownspot/BROWNSPOT6_120.jpg,Brownspot,4244,779abf1f16b7537f0586804069aeae6f3c737e4193a2cee0ec4ea20f2669d91f
Brownspot/BROWNSPOT6_121.jpg,Brownspot,4245,3f82ad3b45b649d0cc075d753eeaf32222bd12aa8ea4fe7a53bcd2428b02a8c2
Brownspot/BROWNSPOT6_122.jpg,Brownspot,4246,94693f314fface1e156e8a3303bf004e319670541e7f0ad68f8d92865c83d491
Brownspot/BROWNSPOT6_123.jpg,Brownspot,4247,b62634528d805b6f7db5046ec3f189869a1ebeba528b2044a40f87842000a1cd
Brownspot/BROWNSPOT6_124.jpg,Brownspot,4248,c635a659450f74d159e0635b9597bcc9871f15dd0a6f4a1308dd8c6e0878629d
Brownspot/BROWNSPOT6_125.jpg,Brownspot,4249,4080eb3c4e6a69d21eb753d20b18d61f13fef9df49be1c2aa1979fe3c7a4b8d8
Brownspot/BROWNSPOT6_126.jpg,Brownspot,4349,1dc151eefcb08d4214e99374debc37077e1a8c5840e6f99d555138f30a197af8
Brownspot/BROWNSPOT6_127.jpg,Brownspot,4251,7c80c5d37f9a8a5ada9a69347e1247a03a97b085b5df01def6163bb5f916207f
Brownspot/BROWNSPOT6_128.jpg,Brownspot,4351,55e9fe02f133e3778d2e694c59669d0bca4c444bddf4ec6c021e6817b626de84
Brownspot/BROWNSPOT6_129.jpg,Brownspot,4253,48f3b19b0c8b77297eff0bb49dcabb8e65395c2448ad9a81e273752a410d3722
Brownspot/BROWNSPOT6_130.jpg,Brownspot,4254,63edd8aa8fc5a5b9f965447bcaf548ba9e0c5c361ad80567f512c7c540de4251
Brownspot/BROWNSPOT6_131.jpg,Brownspot,4255,48488f1b81c7df2ff39b1f8898c79418a0225860d8927ab7adb2daf3a7908c65
Brownspot/BROWNSPOT6_132.jpg,Brownspot,4256,74ca362f621a41b420832f484bd2d4f3dd2cb350378b0acb3839fc1f3f214baa
Brownspot/BROWNSPOT6_133.jpg,Brownspot,4257,75bf874cc3a9a4b8020860d6582263c8a9e389acef8641595a09358ede0543d9
Brownspot/BROWNSPOT6_134.jpg,Brownspot,4258,a3d65c03fe8a47091c40c5e03520c5445f9528a40bb1a6dfdedf6a647d11a923
Brownspot/BROWNSPOT6_135.jpg,Brownspot,4358,5b0573c9bbffce1cfec2476393d1737868ad68c72340435a31c783a2961ad33e
Brownspot/BROWNSPOT6_136.jpg,Brownspot,4260,f6c6db2ed12a7f3c177eeea9a5e5856008d1d6e8f4d0d5dd9bc93f57b8faa79d
Brownspot/BROWNSPOT6_137.jpg,Brownspot,4261,0e13558c39f1a3546a291a626077d0081e95ac029e5f34a9bff6efbcc5be6d00
Brownspot/BROWNSPOT6_138.jpg,Brownspot,4262,f0101f8d721c3ef0eda12a822848d865a6f7fe314dba9211218ba6f8c9d575d1
Brownspot/BROWNSPOT6_139.jpg,Brownspot,4263,20d702032b895c9652a5ae30cb0c14e4f6dfd581b86736d3ec4afa7c41e58ed0
Brownspot/BROWNSPOT6_140.jpg,Brownspot,4264,869f3d8bcb4422498f6ac9ef25bb177527758bccd57462ab6e8556dfd1da5775
Brownspot/BROWNSPOT6_141.jpg,Brownspot,4265,51528093fa834e672646ffb0f000d38a238816172420c33d4fd2b1cf41669de8
Brownspot/BROWNSPOT6_142.jpg,Brownspot,4466,5795829be0fb6991be3b3ce0748abaa4eaaeb8dd71f3eb5210299741e85ec6c6
Brownspot/BROWNSPOT6_143.jpg,Brownspot,4267,79f4a25eeb1810dd7e89eff77e5ff30a0c11dfc467dd368a73613f8ae8534a1c
Brownspot/BROWNSPOT6_144.jpg,Brownspot,4268,157a30abdd2680cccbe8b1bb143f925024e340ef08a33335e4006d0a9e243079
Brownspot/BROWNSPOT6_145.jpg,Brownspot,4269,ae344be75d0abcde4ca15ba39eee7104b937ee22b9edc99a8b91ea1ee6b2758c
Brownspot/BROWNSPOT6_146.jpg,Brownspot,4270,8db944e2e08d1efc486e50c7496ccacf58955b2b977336ed8f8251975560e5a8
Brownspot/BROWNSPOT6_147.jpg,Brownspot,4271,abc7633ef75c24053184934be0df4493abe31b512433190347729b96ed95a1cc
Brownspot/BROWNSPOT6_148.jpg,Brownspot,4272,e0bb696addcbe5832a627998e7a287f4acc26df7e245c7c8a5cd2d6d5aa2b1e6
Brownspot/BROWNSPOT6_149.jpg,Brownspot,4273,09b494325dc7e1bc5d692aa804023413b4942a4c308bebdc382cf4ff9ffbb475
Brownspot/BROWNSPOT6_150.jpg,Brownspot,4474,08bf609f8128c83cf5f3646b3077680ad934aa0f295e8215417ea17af678e28c
Brownspot/BROWNSPOT6_151.jpg,Brownspot,4275,c4748ccfe3bbeba3cad0e720565904c11503a10f6f37567f1f3043b34a3cab50
Brownspot/BROWNSPOT6_152.jpg,Brownspot,4276,5fcc4624f67aff9e9cf797d9dd69fc84d06b82ae9066b6aa84f3a2121c2bfbd9
Brownspot/BROWNSPOT6_153.jpg,Brownspot,4277,85848b53caf094d3bb4d80a57fef8338f61469f5cab74f6feafdf1a710086e78
Brownspot/BROWNSPOT6_154.jpg,Brownspot,4278,82f37446365d8653e47dc1fbe5e5cece70eae1bbe76fcc0e86afad92571a0ba2
Brownspot/BROWNSPOT6_155.jpg,Brownspot,4279,6b18764e26f81470bd9594475580c2b509e20b87d5100f4ee3023a4302c431a2
Brownspot/BROWNSPOT6_156.jpg,Brownspot,4280,891562f245174a1e5b53449223a70aa75d1ccf7e25e467c5a4a078bb2bc15cb5
Brownspot/BROWNSPOT6_157.jpg,Brownspot,4281,c85a1919024ca5b897db9f4e9e4aab42822c4b5340066ca7bd6ba34fded242bb
Brownspot/BROWNSPOT6_158.jpg,Brownspot,4282,41f557246392cdef486687be361d39579d022e699c1b5805b32d3d1604b7767f
Brownspot/BROWNSPOT6_159.jpg,Brownspot,4283,153b480fbdaccea00a7ec4cad835a639db2d681ac93365d371e0bc1273fb9363
Brownspot/BROWNSPOT6_160.jpg,Brownspot,4484,0fd61298d9730653cd78f1b08c1368bcd0e95d212d617e976d6bea5eafe4d3d1
Brownspot/BROWNSPOT6_161.jpg,Brownspot,4285,7639ff52d59a09c4aa0815a7bdc819797e4cb0b7cfe8989a9b5845052df17960
Brownspot/BROWNSPOT6_162.jpg,Brownspot,4286,40a53b800ca670a836fb3fb49a0a7dae5ca83a3b8cc2bb8d54a45ab83f129591
Brownspot/BROWNSPOT6_163.jpg,Brownspot,4287,b022f1a9ae1f7b8ee339e31be568a6df288bc76c62fc06baa2f6fcd5b1d80515
Brownspot/BROWNSPOT6_164.jpg,Brownspot,4315,5c2b6d950ed0926a18125fe51c27e9be3fa50b680733535150484f7d60f1a870
Brownspot/BROWNSPOT6_165.jpg,Brownspot,4289,3a40090da003f4412581acb5778403cdf27606a94ffa5002ea0ba4578808257d
Brownspot/BROWNSPOT6_166.jpg,Brownspot,4290,f84e91e4b6b681e3034a196b8672ec4a9539b1615a7a308a60a4575895396f37
Brownspot/BROWNSPOT6_167.jpg,Brownspot,4291,9361fdf25395bf4ec3b45c5e7c3567437a1c3b02f1eaaf41d7e5b7f0c73eb157
Brownspot/BROWNSPOT6_168.jpg,Brownspot,4292,8ad262117897618893e2e0c0c9db4988514d5887327ce86db4fd1a0053a1e075
Brownspot/BROWNSPOT6_169.jpg,Brownspot,4293,78e75d1496ddb6888b6062a4f099e038a2d8b57bdb0a8ff7f01617aa4bf53193
Brownspot/BROWNSPOT6_170.jpg,Brownspot,4294,a1ae1d957a3762290b5313d48f3b55d2e30eaabc88f57f0240b14529b967b9c4
Brownspot/BROWNSPOT6_171.jpg,Brownspot,4295,0deb72795cb6686d93423d5272086c7b1ac39fc60bc3cd1fd643c9791d4d0381
Brownspot/BROWNSPOT6_172.jpg,Brownspot,4296,edb377bcf67f5cf6c4509c8d4002b73e03cec62da908217b737cef12e1671ac3
Brownspot/BROWNSPOT6_173.jpg,Brownspot,4297,5ef552e4ca2c95b4a17c388c1f919a7c91cd9cbd4ebc462a1659dab030528c4e
Brownspot/BROWNSPOT6_174.jpg,Brownspot,4298,ce28e0ae09042e0152765a0c469429ae23135cc985a8b0cff0a7de7416198e69
Brownspot/BROWNSPOT6_175.jpg,Brownspot,4299,8d46341795dbcef5e10b0e8fd46643c03b4fc164e625f0c071886f4729ce22e9
Brownspot/BROWNSPOT6_176.jpg,Brownspot,4300,a1ce6886fd279d40dd1f8c92724e25e621f3e62d8653ae46ef41cda9846f3116
Brownspot/BROWNSPOT6_177.jpg,Brownspot,4301,94fb53f37b65efbd156ba6fbea1d8f53110632c2f490ee49ad619eacb91d827e
Brownspot/BROWNSPOT6_178.jpg,Brownspot,4201,07ad7489d068d4402f18da56b000e440cd86a998103193d7afeb42fe03df5706
Brownspot/BROWNSPOT6_179.jpg,Brownspot,4302,6066159142f70448166a3d0bb6f2b3a83d814091513dc968ea9eb739d5289172
Brownspot/BROWNSPOT6_180.jpg,Brownspot,4303,01e9813c05d14cc990cf08d1ed1b2e229bcd95a0374e67516a07d6b910321aa0
Brownspot/BROWNSPOT6_181.jpg,Brownspot,4304,c012bfaed3c3566bf8e4553e1e372beece21b947740402d7bd3ee64cafcf35cc
Brownspot/BROWNSPOT6_182.jpg,Brownspot,4305,9865f58e7d785b322f1c9e6ef88bba6c1c9a29766bb3c07d2ee3a3b5e98e8557
Brownspot/BROWNSPOT6_183.jpg,Brownspot,4306,7b6ee7c0a15409fd19de84469ad0a05753a819639ec55387d9d1d38f40869165
Brownspot/BROWNSPOT6_184.jpg,Brownspot,4307,d5f399705adc75438216fe626e50531d323daa1850a0585598c7501087a433b5
Brownspot/BROWNSPOT6_185.jpg,Brownspot,4308,a316683a0ac00ee729cd241665433e0173acfc9fd927691c6996ac90b1890462
Brownspot/BROWNSPOT6_186.jpg,Brownspot,4310,b8d9972cc8babceee59d4a70c1050db94f53c9b07b91dbb6246b731c50b52de8
Brownspot/BROWNSPOT6_187.jpg,Brownspot,4311,5c5114a66052dc6c124b7cf1f78a0c26e8d6688af4ba11669a8b266c43331d30
Brownspot/BROWNSPOT6_188.jpg,Brownspot,4312,c4d7c0ecd3a2a9675a149626e2f2c7f66dc68c960214cde10ffaffc9f242fb77
Brownspot/BROWNSPOT6_189.jpg,Brownspot,4313,eedc8543bd8c9e74a798787e09875eb734dbfa1980381ff82b1b51f9d7d5ac3e
Brownspot/BROWNSPOT6_190.jpg,Brownspot,4314,60a53fe432417165a3c154495160529aea626349827fcdf3257c7b43aaa51545
Brownspot/BROWNSPOT6_191.jpg,Brownspot,4315,cdcd271973f4b4faf9d21713ac83728bfddc0c817a149156923921040ccf33cf
Brownspot/BROWNSPOT6_192.jpg,Brownspot,4316,fb21b66e36daf971dcb1c0d04bd2fd9a657bba60147c18914c6935674d2be8ee
Brownspot/BROWNSPOT6_193.jpg,Brownspot,4317,fa9650e5118147d908d126c20f3700241beff937ccd43aad8585928649efd127
Brownspot/BROWNSPOT6_194.jpg,Brownspot,4318,99363661c792ab32d2405865bf36b9f56c1c315c6bf7fbe663b442b6984fbf68
Brownspot/BROWNSPOT6_195.jpg,Brownspot,4319,cbb9fcae7a540e6feaa0fcbc6c9fcd1347d2f9ef23b9165d9f2afcb1de5ae9c3
Brownspot/BROWNSPOT6_196.jpg,Brownspot,4320,be9667e686caf2373d2e1697f5f7e93f30fbab808dc54f40683b64d7bb02867e
Brownspot/BROWNSPOT6_197.jpg,Brownspot,4321,927e4cd9923531759d8509bc49d4b111fc21eb969b2c11dc2aa18adf21f71dfa
Brownspot/BROWNSPOT6_198.jpg,Brownspot,4322,86ea0eef899de409a2aba5c35204bef881b10ed5841661f59f48906fba2bbd6e
Brownspot/BROWNSPOT6_199.jpg,Brownspot,4323,efa3abd12f723a7170df0d7f1d615ea35022ffd06c09e1547985a1838f5cf2f0
Brownspot/BROWNSPOT6_200.jpg,Brownspot,4224,882d28422fd42c86ea0d6ebdcbff9a627cbb8ddf47fde6a970c125dac082b8a9
Brownspot/BROWNSPOT7_001.jpg,Brownspot,4224,363e25510843fc5d1b14d11187cdb7da77409c3c0f42680e763ccf2b11fcf7d4
Brownspot/BROWNSPOT7_002.jpg,Brownspot,4225,894e2d5182e43eba652915557f29cf36948ab1238eed8490eddde049a186f75d
Brownspot/BROWNSPOT7_003.jpg,Brownspot,4226,4ece6e98c709c2d2af8d2abb3bd5b3a86a1f621451768a89d7befad839cda2a9
Brownspot/BROWNSPOT7_004.jpg,Brownspot,4227,5bb3e2be65f4ecd1b434e7c7705cfe8dd266a95ad4cf9f125f8c0b8569dae828
Brownspot/BROWNSPOT7_005.jpg,Brownspot,4228,58049657942aab516154b13a06684073ab46937aee489119f647e099631e1a5f
Brownspot/BROWNSPOT7_006.jpg,Brownspot,4229,f66ba4bc5a8c84b63e74b00a54b9f2893adb3eebe4895756dd638d143a68fe3c
Brownspot/BROWNSPOT7_007.jpg,Brownspot,4230,76a959020e27431c1cdfa70a9ee7135f705b264fa31cc4526235775852df341d
Brownspot/BROWNSPOT7_008.jpg,Brownspot,4231,299caa313cb05b0418aad47485f65795dc7480fc42d4a3c8d3e65ad4e6aa8137
Brownspot/BROWNSPOT7_009.jpg,Brownspot,4232,86560b25b806c04aef311ed75f5d98d2ec3f5aad987ea3f9893f470790ecffea
Brownspot/BROWNSPOT7_010.jpg,Brownspot,3932,bfbbd899949e3345aa22b43cdf882db66f7be636ef483a8b9bcd48a4d94b4c29
Brownspot/BROWNSPOT7_011.jpg,Brownspot,4234,e9cbd1b7671d521b702f20f2bea8f6fdeb03cb0d66c8d81e6b61c5ae4be6b8d9
Brownspot/BROWNSPOT7_012.jpg,Brownspot,4235,034b065ac69eeeb8beb9e2d6ed2dc78a8375c4843021a869b84de7744017d692
Brownspot/BROWNSPOT7_013.jpg,Brownspot,4236,4bdf18f30a6df08f87b92f62e3b89cef7670755fb8bf37953d5b64b91159ad42
Brownspot/BROWNSPOT7_014.jpg,Brownspot,4237,7d9c7b83d68c909bbc12da216cca7d5d55d1db4dc6d1413dc7e30e96398a0e90
Brownspot/BROWNSPOT7_015.jpg,Brownspot,4238,3586dd1fa9f907f551fbacb453db3a35eb8ffb06c057d9ca5392bbbe2f326767
Brownspot/BROWNSPOT7_016.jpg,Brownspot,4239,8b9e96cbf046978c60f426cc3fcfd8b31938847d5fe6ca3cef639d217e831999
Brownspot/BROWNSPOT7_017.jpg,Brownspot,4240,ed16ed7bdc2b7758ca90b9a118241dc0f33a1ba68f8f9e0dd533c71021128a09
Brownspot/BROWNSPOT7_018.jpg,Brownspot,4254,ceaab4f096e8516d34b8bc9829f2299d3bc5d9e5d7ed38daaff67e22e4e61160
Brownspot/BROWNSPOT7_019.jpg,Brownspot,4242,6db0ad45f90f18843d9ff293df47f72d92eaf8d355e57bc9700f4dbcc7138775
Brownspot/BROWNSPOT7_020.jpg,Brownspot,4243,c53dfa83d76f23de87cc870425e977095872cd401b9a8e75861bc6bc27004227
Brownspot/BROWNSPOT7_021.jpg,Brownspot,4244,8a9aab15540a06d1a2b42e25ecaa521c0b32b0f47dbd446ed3e5dbf3d4f53208
Brownspot/BROWNSPOT7_022.jpg,Brownspot,4245,2e53f6b238c6bedf3b907f6f426174126e9cc89247d90291b4f2799fe66778a4
Brownspot/BROWNSPOT7_023.jpg,Brownspot,4246,08490c71760094cfd9cb4ed5ddf4d1ff615814b95c8643510d4fd68da3411fc6
Brownspot/BROWNSPOT7_024.jpg,Brownspot,4247,75208fc67e1db7e95d04e377a861fb28d07b08b8fb331141e3e78ed8bb046368
Brownspot/BROWNSPOT7_025.jpg,Brownspot,4248,744fca8b85ac46f7f6e568d132363f1433d9ce21cfefcedeece395dda3e7a777
Brownspot/BROWNSPOT7_026.jpg,Brownspot,4249,5cb29be64a76ec21247b5941bd51997c9e194c3fe4a78072f9ec8d130158a4b7
Brownspot/BROWNSPOT7_027.jpg,Brownspot,4349,df683b6e7b6becabc7b1816f2425013f23101073a1dde226fd31c77daef678b9
Brownspot/BROWNSPOT7_028.jpg,Brownspot,4251,766224c98a210a3a837ac67cb2665adaee4629349006104855a63d508dfad0b3
Brownspot/BROWNSPOT7_029.jpg,Brownspot,4351,78ad839eb7bee48b396ad5052ffffae50f3aea51db6ec5b1c86cf47ca3bc50e6
Brownspot/BROWNSPOT7_030.jpg,Brownspot,4253,ddf687d14b2a7903b43aaaac0c8ecc4f1291ed016481820c1300edbf42add8a6
Brownspot/BROWNSPOT7_031.jpg,Brownspot,4254,91e27be9df8dfac93f19efd740012f2743a8466e36eba5ab0439a8df15a2a10c
Brownspot/BROWNSPOT7_032.jpg,Brownspot,4255,030da63d1588e36b21618a84e06ff05ecda943a975ae28f1b84ba35c7e52f36e
Brownspot/BROWNSPOT7_033.jpg,Brownspot,4256,d8886107515947b05510e1a480f3a43085bab3c32adf2321bc06dd8d8bf08c27
Brownspot/BROWNSPOT7_034.jpg,Brownspot,4257,a203c77fa7eef1f04baa8ffc926ce40b48af73ce131a27ddb0dbf873f5f7e2f1
Brownspot/BROWNSPOT7_035.jpg,Brownspot,4258,6ea76c08fe59eabb3f91c0b20d124ecfa2a948f66a9d2bf22e1a8414e5ca6d1a
Brownspot/BROWNSPOT7_036.jpg,Brownspot,4358,f9cd5df5bf7fd2061d072a483c77bdc9e5cbfb94458b9caf72986710053a2148
Brownspot/BROWNSPOT7_037.jpg,Brownspot,4260,3a844544d059b2df16fc7fa47fee29eb26872aa71ae07bccc7c42fc6152f33d8
Brownspot/BROWNSPOT7_038.jpg,Brownspot,4261,b5fb58661867d326c68cf555092490eb539d3e376acad2f48906e1e1b16e35bb
Brownspot/BROWNSPOT7_039.jpg,Brownspot,4262,a78a59cd17c2dae9a9346e4ed8c50ee163cbf9adb96c9dd56058c888425d51e0
Brownspot/BROWNSPOT7_040.jpg,Brownspot,4263,fa904e2b4de25e4a6aab5a58470303b3cde8174e69c7ea98d2267ae5aba264c9
Brownspot/BROWNSPOT7_041.jpg,Brownspot,4264,7c4f42d273d6f56facd60643bde78560af9c0c86166bd891f8e6833fc2e29f5c
Brownspot/BROWNSPOT7_042.jpg,Brownspot,4265,ad046d2639e8eeeb76aeef363c77bce9504eb889b29158f886101baf5a8724bb
Brownspot/BROWNSPOT7_043.jpg,Brownspot,4466,7f1602085cbfebb89c3732b3383e90de478665d796d00363f6ea0cdbfa7c0ab5
Brownspot/BROWNSPOT7_044.jpg,Brownspot,4267,81486e978a76deae47ed7ab007c69bf08c1e97bcfa05047e8f3717cfaaef2ac3
Brownspot/BROWNSPOT7_045.jpg,Brownspot,4268,c066cead6ba1a51bb220fb30d227826f7b8ad7a99a5790a5bad19403346c001e
Brownspot/BROWNSPOT7_046.jpg,Brownspot,4269,c42f33ace6a6454159dcb465fe86d51c39cd5df31bcf6791ab6c298def989508
Brownspot/BROWNSPOT7_047.jpg,Brownspot,4270,8f4ceb8cb45e592fdee58935fb54780641aa5bbbbc762106f5fcbbc0b6e0ef71
Brownspot/BROWNSPOT7_048.jpg,Brownspot,4271,3e28bbc0ba6010c8f203cd815e86a0abfb1211259eb9e52e8362e2914edcd80a
Brownspot/BROWNSPOT7_049.jpg,Brownspot,4272,59cfaea16b05a4c3041595a6c47dcf406fb89043de07f98eb89ea07e134bb754
Brownspot/BROWNSPOT7_050.jpg,Brownspot,4273,17f0c7c39b010ada70ac7d03eb91ad70f14430e3235c6448a5b97920eeeddb8d
Brownspot/BROWNSPOT7_051.jpg,Brownspot,4474,a884c8b7e1ec0270fa877f0445cec0991bd3ddd06e81215fa884f1dac6d3660a
Brownspot/BROWNSPOT7_052.jpg,Brownspot,4275,add535dbab545ce427bda79f96d9c10d4c6ef1de44bfc8d85a35cbd61ccbc03a
Brownspot/BROWNSPOT7_053.jpg,Brownspot,4276,7da2e4874673ed174b569062c3936fba3bd571c51b2d278c1f9c84dc64207489
Brownspot/BROWNSPOT7_054.jpg,Brownspot,4277,0eaaf8e994eca93287fcfb75a2e9198aabbe18b1bbc649d47f50cd76883c6de3
Brownspot/BROWNSPOT7_055.jpg,Brownspot,4278,a5934bb9d04d08af5a9a29edf92accc9efa89cac46579bd659ddff032b61eed7
Brownspot/BROWNSPOT7_056.jpg,Brownspot,4279,997156bc4a5b00ae4166dff0841732ae79bbfdf8096fb7c3b36caa72ea2cd73e
Brownspot/BROWNSPOT7_057.jpg,Brownspot,4280,0dba8b905a4f0ce81a923b662593fff6f54ea3379feca7bf3170c2ff342869fa
Brownspot/BROWNSPOT7_058.jpg,Brownspot,4281,1f4b4af6929eb5002b9a5b79fe70573f3f78713f05a534e367e5e06ccaae97ae
Brownspot/BROWNSPOT7_059.jpg,Brownspot,4282,93538599c72f3dd9730956f0a4154d935bcf284585e5c787ab700bde1c2a7081
Brownspot/BROWNSPOT7_060.jpg,Brownspot,4283,bba0927f8b4337c72347940f8c4ba8e8873173d45c0ced2955b9e163ffd47b1f
Brownspot/BROWNSPOT7_061.jpg,Brownspot,4484,347a425507ad6f4f219bd36194f0cdae28f12a0fc0180c46e9463c748927af3f
Brownspot/BROWNSPOT7_062.jpg,Brownspot,4285,be3db0a3f1e03d3216010783fe30e29fef6f5b69f1b198ced09df565a67e9088
Brownspot/BROWNSPOT7_063.jpg,Brownspot,4286,39de79bcadaecd9cca200a1fab2c2819eeecc47e2b333ef4d7d76bd123d3ebe4
Brownspot/BROWNSPOT7_064.jpg,Brownspot,4287,f0f4944f05ba350186c7e7ce0af09bc1cd565b2fc59b57c2576bc65b130ff37e
Brownspot/BROWNSPOT7_065.jpg,Brownspot,4315,05200e7016d7b88fee834ee1380305897c6758dfef8e0c2fc7793d0fd0db1bd3
Brownspot/BROWNSPOT7_066.jpg,Brownspot,4289,d65ce044ffa86200e695a14f7dc1729a960b72cf10f553b241980c97b2d6bd29
Brownspot/BROWNSPOT7_067.jpg,Brownspot,4290,ca2ce97bef17a94841d1b8cf6a9037e3e7c88de7b07d6eeeee4f5dd3642c5f25
Brownspot/BROWNSPOT7_068.jpg,Brownspot,4291,8115ab07f7473d6ec463e2c8052e2aa719982b2719b4c5429eb78b87d0179fe5
Brownspot/BROWNSPOT7_069.jpg,Brownspot,4292,40343b6523851067e69ab9106a6351b44eb118d80b0a4a48b8f7cd30206177e1
Brownspot/BROWNSPOT7_070.jpg,Brownspot,4293,60bc473f9acd7b98b2cac6adfbd8ab13082e3220fcf461f9da3feb708e73e862
Brownspot/BROWNSPOT7_071.jpg,Brownspot,4294,339a577da159de5478e299eaf586e4026ae2091a5cb5837c088d05cb2c589e06
Brownspot/BROWNSPOT7_072.jpg,Brownspot,4295,7471179f37a0af41c3e8872dfcb2e8131260ab6eefd3c8622351d58bd293f4d3
Brownspot/BROWNSPOT7_073.jpg,Brownspot,4296,3cbc9e44accfb486ac87b51951c838da53ed418eebb8ccc8998113b90c0239f3
Brownspot/BROWNSPOT7_074.jpg,Brownspot,4297,41536d87265d46047c7d9ff64b79b2658f250e2255395b4bf0ce7cc94a0bb756
Brownspot/BROWNSPOT7_075.jpg,Brownspot,4298,169520faf66973f629085b3d83dec88f22e8d8db37dd0b47ef9350e7f0a95783
Brownspot/BROWNSPOT7_076.jpg,Brownspot,4299,aad0f6096768a6db002e527a35d5c7484bb24ba21d1901a35d490d13d50a4653
Brownspot/BROWNSPOT7_077.jpg,Brownspot,4300,14fbd49fa3f83fd65f0db5b615a5b73931f935e7a26ea1c267b26454f1e7d768
Brownspot/BROWNSPOT7_078.jpg,Brownspot,4301,041c8f3a1d2a0f0eea8d310f894f0060a1161eeac2065602139e0ce7986c7da9
Brownspot/BROWNSPOT7_079.jpg,Brownspot,4302,49656963ad718d8cd2504c964079ca2ee9da9c0a847f31a0efa87262368db178
Brownspot/BROWNSPOT7_080.jpg,Brownspot,4303,8e43db6758e649502942eaa85256212360eed3330cc75ea5bac1ad1fdc511130
Brownspot/BROWNSPOT7_081.jpg,Brownspot,4304,1a9bd589e24702351be44f5a40d84e96ed6b0a9f02e26c8da6fce167814e9362
Brownspot/BROWNSPOT7_082.jpg,Brownspot,4305,be05472d717100915171e378288ff136b3da5800899b282f58eb4fb9d8b9655e
Brownspot/BROWNSPOT7_083.jpg,Brownspot,4306,1011435c483f0ecafa7200ae7e0b879e18443bc2fbea8f6a19330bbf4b031a54
Brownspot/BROWNSPOT7_084.jpg,Brownspot,4307,bee3c05e032b2c3fc9092c1658eaa41eee3641560689d85f5dfc7d123a5f826d
Brownspot/BROWNSPOT7_085.jpg,Brownspot,4308,a8ff81943bc83041dff817745ff13712ebe8591a4ad17e206407f85b85591917
Brownspot/BROWNSPOT7_086.jpg,Brownspot,4509,8c3c19f461d5a4dafcc4a099ce2f6dacb6e8db2f42dfbad1e47c300df2930814
Brownspot/BROWNSPOT7_087.jpg,Brownspot,4310,7a8dd072a2c6950d237125277eceb0ee779b7bcbc0203779829fa9a20589f50e
Brownspot/BROWNSPOT7_088.jpg,Brownspot,4311,55feeb7d6d7a2dd63da8d1818443f05ee099425e28d372a2beaadff6fe87ade9
Brownspot/BROWNSPOT7_089.jpg,Brownspot,4312,4ab4ec53d0cfa9285bd55fee0bc4dcf9ff4065528b26b113552bee2749aba905
Brownspot/BROWNSPOT7_090.jpg,Brownspot,4313,798c1a970a921a05eb27e2b2a4d2fb94d28d3f01e7631040628950f00a75387a
Brownspot/BROWNSPOT7_091.jpg,Brownspot,4314,6cb6621309910f3583f110b4f8762dd5a2c791a9d2901ac94753ec38f34440d7
Brownspot/BROWNSPOT7_092.jpg,Brownspot,4315,f123ccd4da68251212805462b74cb5ebfc367b8e739f83b7ee51d9f7d548df57
Brownspot/BROWNSPOT7_093.jpg,Brownspot,4316,cc91a3e7e534e5001e5f37658faa413146fe783f19425e7f731928df50d7556d
Brownspot/BROWNSPOT7_094.jpg,Brownspot,4317,d4b8b39cf1872894295a5c0db530872125efcbadc626ca1368636ceb7255efca
Brownspot/BROWNSPOT7_095.jpg,Brownspot,4318,053e46480c8c0bebefa89b29b14be786f04beb92a6789d360f8de5c26217f75a
Brownspot/BROWNSPOT7_096.jpg,Brownspot,4319,25b4593cf71cdf0b5aa969aff206a9f7dec8ca1ec111f603bf6d946108ef2530
Brownspot/BROWNSPOT7_097.jpg,Brownspot,4320,c7b0053ca29adbfbb41154be65c66edd11f6418c9a6f2f0bb7186f864558705d
Brownspot/BROWNSPOT7_098.jpg,Brownspot,4321,b97f1e13764625e8f051d4ed250e257e0e4f69746cd1b1c4785994cb0c19eed5
Brownspot/BROWNSPOT7_099.jpg,Brownspot,4322,5d34221325797d67eb00ef8ad33d86a47a3b5c9296460b9cdf3baf40f1f0e381
Brownspot/BROWNSPOT7_100.jpg,Brownspot,4323,bfda1139a39d754b1ea51fc98759564b7398657fcdc56e4e0acc91afd69cbe8d
Brownspot/BROWNSPOT7_101.jpg,Brownspot,4324,3fc1224af901ae6210c98ed429b81205b29c9c8f6f82a883d66838ea53f68cdf
Brownspot/BROWNSPOT7_102.jpg,Brownspot,4325,02e0698a356016f3e20367d36ba51cc92ea2546923e7299db220b9e111c6f90a
Brownspot/BROWNSPOT7_103.jpg,Brownspot,4326,126479c43ed02559bbb5295ce03d8a819adaba62ea8b78ad8b9f34d2e338fee5
Brownspot/BROWNSPOT7_104.jpg,Brownspot,4327,6fda2498e3c0a3b2faecd4e37599e93937c2a28dfa50da24bec22035445aeb76
Brownspot/BROWNSPOT7_105.jpg,Brownspot,4328,3cb3001b196a9447bea63de7f707e30f8760059be1e48d110a400a1380745681
Brownspot/BROWNSPOT7_106.jpg,Brownspot,4329,5685f0979b69ada4af58a43f13ac58a3096ab3fd0d6e8ad9d3fca1aa10e1745f
Brownspot/BROWNSPOT7_107.jpg,Brownspot,4232,183f236ec490ef2326a4d469315cd805874fdd6df67de8fe87e6894ac0e4faec
Brownspot/BROWNSPOT7_108.jpg,Brownspot,4331,e3a29392cdfcf3d958430811c3c0513f848a1f649afdc48b52035b02f2a0bde4
Brownspot/BROWNSPOT7_109.jpg,Brownspot,3932,afcbbfe5d4c00a9d5c1181a1f219062b55f962af7a711225386acfa6cdd1ae39
Brownspot/BROWNSPOT7_110.jpg,Brownspot,4234,4a61e661463772f2410c1ddf307c43e9500d15923a0901243e72743c516f1dec
Brownspot/BROWNSPOT7_111.jpg,Brownspot,4334,040bb60843898d0c9f998e6f70d30486f42aa820a00c7755959367e1cd0372f5
Brownspot/BROWNSPOT7_112.jpg,Brownspot,4335,b454a9c8183acd124530694c86b7106fdaeb9e5d73f533906ed846a216b0a9c9
Brownspot/BROWNSPOT7_113.jpg,Brownspot,4336,b89a586c9bd56f6394ef53fe7f2fe76fef72ce8896892f3661e953edfd01e2af
Brownspot/BROWNSPOT7_114.jpg,Brownspot,4337,1e7d2760e234b6a113acbc28b25ac8da9f78ea7bc03125e87a20feba2233d87f
Brownspot/BROWNSPOT7_115.jpg,Brownspot,4338,a7e1e726dffaed4d048a78c6594c3715ab15a855a1b6d8e15b34545fe3f66566
Brownspot/BROWNSPOT7_116.jpg,Brownspot,4339,df383f1f9afb0dbdbbd98003f269d4aa610edba2f36a2237e2d64775856ec979
Brownspot/BROWNSPOT7_117.jpg,Brownspot,4553,d7f86addc0d39e4ae3146188fbd8a31b2b7e28c6ca27d6224bc802720d51cd60
Brownspot/BROWNSPOT7_118.jpg,Brownspot,4239,4adbdd3e35a201f228b12a9cea63a50fa456abacf105a4e8701cd0dc428bcccf
Brownspot/BROWNSPOT7_119.jpg,Brownspot,4342,8d6b1358937e1568bcf95f07f83075d21ee07a990cb4be71786a76eb203980b6
Brownspot/BROWNSPOT7_120.jpg,Brownspot,4343,ab7d603e0ba9487fe561fa4d3fd379e882c8339f995961ce6cddde4b3bd09c09
Brownspot/BROWNSPOT7_121.jpg,Brownspot,4344,df02ede0f43f13e658ef55200c66630c0ed5808605fc4959ff6c948fa247f2f3
Brownspot/BROWNSPOT7_122.jpg,Brownspot,4345,b7bf0d1c5518f5a9d22bde9744ce927ceffbcb5fa3cb498f172cd72a3b8bfff8
Brownspot/BROWNSPOT7_123.jpg,Brownspot,4546,99bb52b8cd83c7ac51560ec6d0ddc936145b5296a3aeb7ecad9e60cb0a38ef38
Brownspot/BROWNSPOT7_124.jpg,Brownspot,4347,3092dc2e1963f91e13e4300f9f8de615ad61fbe3d8cda8642fab6da1b5f0a2a0
Brownspot/BROWNSPOT7_125.jpg,Brownspot,4348,a1ac46f8652a16a75c86ac2b45cce1fd6eb9834897667a6eebeeb41da0dea20c
Brownspot/BROWNSPOT7_126.jpg,Brownspot,4349,0f5f7d36f7fa42db514359c4468e68a695bba0db65c7e2d7c7e3773db0f9beb2
Brownspot/BROWNSPOT7_127.jpg,Brownspot,4350,a7fe94f5c6efe3836b2d5774d480b1449609fd2ea2c37ab645f616e7cd62babf
Brownspot/BROWNSPOT7_128.jpg,Brownspot,4351,52c7549612c4ffe3d68f88fd13f3562c4dc30d63f3aeed38534040c7265c16a2
Brownspot/BROWNSPOT7_129.jpg,Brownspot,4352,81edf2dbb00a2c88dbde82042269a880b101cb3862c039286ef1394f5a162e8b
Brownspot/BROWNSPOT7_130.jpg,Brownspot,4553,290e58830a1d90ee999b20f26b082390c25e4ba2dba83cfa73a937a7f7ba5083
Brownspot/BROWNSPOT7_131.jpg,Brownspot,4354,67d2f4af37bae6532e474dad7d4c0c7e701ce26d509d7791b6c963476938be6e
Brownspot/BROWNSPOT7_132.jpg,Brownspot,4355,0c6a6ea6296b07dd02f0bbd3f0f8367a616804629f38ed0ce098c3a57d7519d7
Brownspot/BROWNSPOT7_133.jpg,Brownspot,4356,7a4064f6b0061554a2178fde978aaf9d7a12d6d1b40501fa7acb16143d334db5
Brownspot/BROWNSPOT7_134.jpg,Brownspot,4357,1e4232d6d931a9673550a8cb1101c45f4a2b620f735c7d9b2f92b01d75e48e8f
Brownspot/BROWNSPOT7_135.jpg,Brownspot,4358,97bf82bf16226ff78a959f3bdef73ae456ece8325f3161b59b4f3473ff3d6734
Brownspot/BROWNSPOT7_136.jpg,Brownspot,4359,82a5763fb6844d00a19fcbc78364cbf76a545313094eee5f48f16ab50ae4baa8
Brownspot/BROWNSPOT7_137.jpg,Brownspot,4360,e8d0e4bf8b95e01b46115dddc964cfa6ac0fcf5a2215aefc22fc0ded730faeab
Brownspot/BROWNSPOT7_138.jpg,Brownspot,4361,075f8b215d840ce1c268f1eaa14895c86a365b9770af68720e1c0437fdc2d5fa
Brownspot/BROWNSPOT7_139.jpg,Brownspot,4263,e1ca6de0a65efda747f8eb08e0a3308bd75ca9672424889d52253a5e26cf96af
Brownspot/BROWNSPOT7_140.jpg,Brownspot,4363,9625c6fa65d85157f41bd04fae3373725e6905091002707394d6706ee21606c7
Brownspot/BROWNSPOT7_141.jpg,Brownspot,4364,5e2a0e13c3542335867befe0cd532cd1ce1c4dc03341a5668696924401100895
Brownspot/BROWNSPOT7_142.jpg,Brownspot,4466,fcf6caac78622c5d80efe515aff76e7a3d52cf7f0377744050621015517ae5cc
Brownspot/BROWNSPOT7_143.jpg,Brownspot,4366,09912a457c048a10a04994526789a400739f1653971b857bf5cf387d890aa2de
Brownspot/BROWNSPOT7_144.jpg,Brownspot,4367,a8bdcaa8dc0c04311f4195aee64b910b15e0625af00544700defe68d7eb874a9
Brownspot/BROWNSPOT7_145.jpg,Brownspot,4368,1295cce0be95374ff60b8fc605674fd140b8dd8b9e02a660d022fb8f0b63c0d4
Brownspot/BROWNSPOT7_146.jpg,Brownspot,4369,b1e62b0b4202e250a08ec6b81fbb128e583bd38d1ada21379baccdbb2e0d8966
Brownspot/BROWNSPOT7_147.jpg,Brownspot,4370,284ae4cdd940eadc75df4b0c1d196387426cdce10a0b9a81dc6970199797e81e
Brownspot/BROWNSPOT7_148.jpg,Brownspot,4371,c1b96b515b6b6256ac9294ec0aa251272b3451b15cbf21b68f7232356c147355
Brownspot/BROWNSPOT7_149.jpg,Brownspot,4372,1d3163b1ff5179f9a2e08308c8611096ba35bf680ada9dbe5822721557e84e02
Brownspot/BROWNSPOT7_150.jpg,Brownspot,4373,0d4ce9109299436b10e01a9d7c57bcea143b5bd23c3dde9fd9e62d973acd65f5
Brownspot/BROWNSPOT7_151.jpg,Brownspot,4374,fcf96fb47ea8272bddab2988caa2caf0cb84415b4ae11fbed80618227d6d889e
Brownspot/BROWNSPOT7_152.jpg,Brownspot,4375,0b0b118c9e991670a3b672c5bba9f0746f12f2eade6ea2857637ad8eda3887db
Brownspot/BROWNSPOT7_153.jpg,Brownspot,4277,bb764f6461d5fdc5554d184892ad00f290138e0c290a7edf42f1a0a23d462bd9
Brownspot/BROWNSPOT7_154.jpg,Brownspot,4278,c2cb1fdc693f48d5aaca2f267117abe777c4e7bf0d2dd6107dd9d90ae1f768b3
Brownspot/BROWNSPOT7_155.jpg,Brownspot,4378,bb050dcf68e1d6e63c09ea721e380e0701da6b2e85cc5e7725b6fef52feab62f
Brownspot/BROWNSPOT7_156.jpg,Brownspot,4280,21b1f582585dc0147935eb78cfae19d9234dcd24cd1cd00f4c3acf6c3541f0d1
Brownspot/BROWNSPOT7_157.jpg,Brownspot,4380,44da1b91873464db580cefc39914072380447224d01282299d5f41e1502977b5
Brownspot/BROWNSPOT7_158.jpg,Brownspot,4381,4e31e7c30ef63cc9d86d535f60520bfad92f0931ff71fb94943211d9a2e74aaa
Brownspot/BROWNSPOT7_159.jpg,Brownspot,4382,003f8b56a0dc986ad918494e1db8f3f5ae552c9776115f9566f88cbb92ead874
Brownspot/BROWNSPOT7_160.jpg,Brownspot,4383,259cc905d9e9a1040b98388c51993027dbb06538ac6ce9b34fe7758d330c8091
Brownspot/BROWNSPOT7_161.jpg,Brownspot,4384,45ba9a34b9eca8fe939a702c95577dc8b7e9b09b0595dd1caf8848e6d6111121
Brownspot/BROWNSPOT7_162.jpg,Brownspot,4385,8c9e78af55fd79664487b2e88b8af37d0d7c1427321c50e09c9a97d3e42ce25a
Brownspot/BROWNSPOT7_163.jpg,Brownspot,4287,a907a482af699cdc94839b5e3c1c929cef96efa9d8079f3602a8eefbbf88e55f
Brownspot/BROWNSPOT7_164.jpg,Brownspot,4315,29326b81a0c3c98ce9717988cca69c089e805d294bfde944267a1fbb4c00b563
Brownspot/BROWNSPOT7_165.jpg,Brownspot,4388,cc5bff3243e428d6b745fa29189dd0b017b320c9d1bb6408cd67041816c06e1e
Brownspot/BROWNSPOT7_166.jpg,Brownspot,4389,4355b76f1a7869917147f833d11f92e04034652aa8e773e65719a7ef550c50ee
Brownspot/BROWNSPOT7_167.jpg,Brownspot,4390,97906c142a985f8a6b561ea65aa27714268a9ecda37070c642b166450c876cae
Brownspot/BROWNSPOT7_168.jpg,Brownspot,4292,e2f5f29b990970b48ba08ebfb4e19d0bb34842c54ea7b05a3418b3ea76b6b81e
Brownspot/BROWNSPOT7_169.jpg,Brownspot,4392,a3d33af4d8eb9bc4bb8ac0295a727305998c633a91143cdaada49067dc687a26
Brownspot/BROWNSPOT7_170.jpg,Brownspot,4393,9b3ac3f8ff215c5cfd4d6367471ec8e746f43de4ad76f7083491cf20ed2be48a
Brownspot/BROWNSPOT7_171.jpg,Brownspot,4394,ab79895130c57ca6d70a1b4ae7c09b65fa5e53418c83ab36751230d28d9c38f8
Brownspot/BROWNSPOT7_172.jpg,Brownspot,4395,98d5614da4f1f7d028addcf569e18021654f70deb66a30318f919db0ef3b2305
Brownspot/BROWNSPOT7_173.jpg,Brownspot,4396,b978bb88c3421dd0d1e84258f705b053d719df58be90bd5662cc96b4c9af4b54
Brownspot/BROWNSPOT7_174.jpg,Brownspot,4397,42db98d11440c5315bb6125dd66f78060de6cbba53b36abd61e1c3efe543e7e2
Brownspot/BROWNSPOT7_175.jpg,Brownspot,4398,d414c5628be3b70fbd2c4f5f2ce17123329bb114a716a5cc41a7512a8bc96083
Brownspot/BROWNSPOT7_176.jpg,Brownspot,4399,bf816aad32e39e0cdb5e6484892ef8289e9da501ce6cda61da36612be239f115
Brownspot/BROWNSPOT7_177.jpg,Brownspot,4400,f1d9fc4041c576ce7f0971be926ca33806ebf06b804746bbf60a2be46e883e94
Brownspot/BROWNSPOT7_178.jpg,Brownspot,4601,94ca352c86d31358c51b8afd290c44e5f8fba42e6241022e7ae2188ad6fb72ab
Brownspot/BROWNSPOT7_179.jpg,Brownspot,4402,571fc5ca9e1d8b418afa89212b0143ad8a71cb4a5e609491516196a98db775ec
Brownspot/BROWNSPOT7_180.jpg,Brownspot,4403,89c88ea32f54c4ba92a0ec9ba65522a447f391b5c95ac67f6a539df942e2d113
Brownspot/BROWNSPOT7_181.jpg,Brownspot,4404,4023da49d5534b5b423217aa8bd1eb71a39d39a1e262927960b4e5fa1a24b5df
Brownspot/BROWNSPOT7_182.jpg,Brownspot,4405,b152d20d42e018323b18d2219ef96fb31662634ed4d62f62afe224b9545636e0
Brownspot/BROWNSPOT7_183.jpg,Brownspot,4406,ac2a8b2196ca8f4d9b6e5896c79e6b542b3a277319c8fbca4e3b9aa826442f3c
Brownspot/BROWNSPOT7_184.jpg,Brownspot,4407,5b59c419ca775cf2b8835089db0b819de9c8c4a2cee7beec7558f74f4d2209d8
Brownspot/BROWNSPOT7_185.jpg,Brownspot,4408,ed234ead0fa36b7fb52c807a11bf8c287627edde64a536d9b4473c7e32a69637
Brownspot/BROWNSPOT7_186.jpg,Brownspot,4409,ef183d0900a6151cb9fed6e8070044e94579518ac6eabd015a6dbbf495a3f970
Brownspot/BROWNSPOT7_187.jpg,Brownspot,4410,039a34932c4614015a6419187d4fb80b9991cd9c45c47adfd330bf17b3f2f31f
Brownspot/BROWNSPOT7_188.jpg,Brownspot,4411,fe07ff25151f08175ace914329b5641061bb0884dc26abd25db6a50d22128517
Brownspot/BROWNSPOT7_189.jpg,Brownspot,4412,d8b0ca7f7b61e04db393c575e2a263a94385eddb3be22eb3186488e01b349dae
Brownspot/BROWNSPOT7_190.jpg,Brownspot,4413,fe7c5181c2caf2f6e0cd216b3fa00185f3119c7b7c75ee75743345f24426a6cb
Brownspot/BROWNSPOT7_191.jpg,Brownspot,4315,5b692b7ae77d44ecaf35c15df0b84effe2643a9e2d9a46a87c4cd4cbb0cd8c0e
Brownspot/BROWNSPOT7_192.jpg,Brownspot,4415,e9578d3cec684181db3949b2d27da81fe1a8395e25e712bd2ba49f7f0758cce1
Brownspot/BROWNSPOT7_193.jpg,Brownspot,4317,5f3ea8ba8729834aa1566de38f840dbf0b870818d0cec2058c1baa2f5b589f63
Brownspot/BROWNSPOT7_194.jpg,Brownspot,4318,f80802d2518689ab5780b4860711919471c5d2f4e8355c8fd941a3bd5392db4b
Brownspot/BROWNSPOT7_195.jpg,Brownspot,4319,4927d539fd83e2b402485bd3ed904becef6f1f48f33bb9a2744aee83f0812127
Brownspot/BROWNSPOT7_196.jpg,Brownspot,4619,976cb4deef838b33446857126987e4a9056a4beffd1708451cc15c6df58a438c
Brownspot/BROWNSPOT7_197.jpg,Brownspot,4420,cbde900067cced44fd20bfc640bbab6612172e6cbf4235a91524ef36a3b617d4
Brownspot/BROWNSPOT7_198.jpg,Brownspot,4322,947931d9d4af2ec7ee6eef631b7e038fde0bee6a1bffc3e48849f2755fc0a3d2
Brownspot/BROWNSPOT7_199.jpg,Brownspot,4422,56e424c4688d49dbe461c8b0964a42a4fdabe0d5bdc5f86c5178be762fca7cf3
Brownspot/BROWNSPOT7_200.jpg,Brownspot,4423,3861e925f3b0acc86b51e17090dae70daf9b46c43ecdf731e8aff3b046cfcfa0
Brownspot/brownspot_orig_001.jpg,Brownspot,4224,6792a60d4883639ad26cbd33b7ca3303360c4de1aff56ccee065ac53f0cd2a7e
Brownspot/brownspot_orig_002.jpg,Brownspot,4225,01c6b59fcc64b49d2d14a1ca7b2aa83548c8b5eba22fb8304c3743b973048b0e
Brownspot/brownspot_orig_003.jpg,Brownspot,4226,a8910291558f239a42909beaa3621823a3349f3c38f052e6f5ae4c0a66216108
Brownspot/brownspot_orig_004.jpg,Brownspot,4227,0cb4c6cfb1e56e40a4a760eedb10456c8af0007701667d8b9ba9e6f0016c5925
Brownspot/brownspot_orig_005.jpg,Brownspot,4228,4b0de29e2283dffdc77b7738cf126f88800988157d9493ba852342eb2c659e44
Brownspot/brownspot_orig_006.jpg,Brownspot,4229,a2dd78023f752c40c5008670fb4002b5298c2fd030bec21d85920fdf0493ca0f
Brownspot/brownspot_orig_007.jpg,Brownspot,4230,87ba62854c8665547e79ef1de247b36c3fa01a01d649fc1d0b739c952162b4ad
Brownspot/brownspot_orig_008.jpg,Brownspot,4231,bc979f158584bc1dddbeb4671bfeba3ce580d57c6cd67d4dbc4b7519ec276da6
Brownspot/brownspot_orig_009.jpg,Brownspot,4232,d549e9b72acd8b5942513fd4fc6df5096cc8e1872c6af0badebd40468a14ac6c
Brownspot/brownspot_orig_010.jpg,Brownspot,3932,4290f150d342680f7c74ec8029893d8cb7bae388cc154ac5083041dc66fd8893
Brownspot/brownspot_orig_011.jpg,Brownspot,4234,f71381ccd09465cd468521b3097d821754d76dfe6354394d8c87160f1f96ece2
Brownspot/brownspot_orig_012.jpg,Brownspot,4235,9ae8e58fb4248acaa0bbb8228f12601e7f9f9425d2aa36a096a0f135de03184f
Brownspot/brownspot_orig_013.jpg,Brownspot,4236,122314b00a942809c13933efeda6040ed4430b31b859c0cc46393c286d14efe9
Brownspot/brownspot_orig_014.jpg,Brownspot,4237,478f319930c578775b5dd54f40fac78d628a2489c08156b06b85884eaa9d9739
Brownspot/brownspot_orig_015.jpg,Brownspot,4238,fc5a0d81ec60ab464a40d7c899b0edfecf9cfd57a6632318b2d56850950ac1a8
Brownspot/brownspot_orig_016.jpg,Brownspot,4239,990b8fb90b3e9c2eccba384fdc082930df35a231f0293affb6016b529ebf3b7f
Brownspot/brownspot_orig_017.jpg,Brownspot,4240,55b189b3916a03bdec4b5cce287f710e7b0cb867304c2cc9d281f97db373a15b
Brownspot/brownspot_orig_018.jpg,Brownspot,4254,71c3a38a497b7bea87f341dec4bdf17835e15c8bf5949da1787dd90f03e7cedc
Brownspot/brownspot_orig_019.jpg,Brownspot,4242,f47acdc8b6daed07b0b6619b9513d8619bce798fb837c2b896642543a332c44d
Brownspot/brownspot_orig_020.jpg,Brownspot,4243,432f033c7e37ce823799a59636beb0f35df49a4f80bb4c2f71078398861d0bda
Brownspot/brownspot_orig_021.jpg,Brownspot,4244,f6a50dbb24d11648ddfd877bd86ca572f13633b3d66fb5f6028bd99bb648bc96
Brownspot/brownspot_orig_022.jpg,Brownspot,4245,f10e5966b0cca4efcdae782648515cccfbb84a004f6f76d59161fba97f15ba71
Brownspot/brownspot_orig_023.jpg,Brownspot,4246,831bfa04ebadab94e1e1cf86ebf551b80381c546b523e301852ffe909adbcd31
Brownspot/brownspot_orig_024.jpg,Brownspot,4247,0ae83bd0e7f501858e4d00064c4ea0bec2326b192accd803292f4f8c613befb5
Brownspot/brownspot_orig_025.jpg,Brownspot,4248,85c2535e1ea8ba541475abcf6e459c550bf342ba473ee54b4ee7dfef6f597ce4
Brownspot/brownspot_orig_026.jpg,Brownspot,4249,4febbe9fd9334a23b631bf2bc8deed82ead6167e965fdbaa8d7022a760f0a9db
Brownspot/brownspot_orig_027.jpg,Brownspot,4349,3e218f34c8c009faf492d6f8300d4e33bc735cb8635832a696f2f645de88313e
Brownspot/brownspot_orig_028.jpg,Brownspot,4251,ea5af4e7378e0791b1ff8ab6a8ffe21f19ec22d73cef927c85e1cce8a1640d8a
Brownspot/brownspot_orig_029.jpg,Brownspot,4351,d1142d7a7d9a1abfc9696785b3870bfdab0eb90dcdcb402b4eae1c2f07b75b6c
Brownspot/brownspot_orig_030.jpg,Brownspot,4253,d16552325d8c85117c7c14f14d93e276ac06ba4fe86d914d1b98f23a218fc43a
Brownspot/brownspot_orig_031.jpg,Brownspot,4254,25aef9ef75dcfd4032005c65d49e8364a3f2ea3ad3471838aed9f664b5f6fe86
Brownspot/brownspot_orig_032.jpg,Brownspot,4255,563c9cf672c736a24a3569aa7b98d7e2ee9f06fd3cd3e23645dfc289acd19002
Brownspot/brownspot_orig_033.jpg,Brownspot,4256,8994c5671168323deb2482bb8cc80d2c96eda6658b2c7391b2f938255d2ead92
Brownspot/brownspot_orig_034.jpg,Brownspot,4257,4768193fd00753d47b71ae91e3bbfb55eedefcabd246883839cf971e4af5253a
Brownspot/brownspot_orig_035.jpg,Brownspot,4258,8e18902d193d92d2bade307ad858d1be42084bf9e68f7486ca3ba33190697f78
Brownspot/brownspot_orig_036.jpg,Brownspot,4358,0514ba4e261f17f45715155e60812ba8027c02ad687c0adb14219b41c9a16d26
Brownspot/brownspot_orig_037.jpg,Brownspot,4260,3a1067e88cfed4de829a862bfd4d83e2a27f251566afbf7caeafd384b8e23809
Brownspot/brownspot_orig_038.jpg,Brownspot,4261,5518796c6d31363f30ffc79d396ab388121a3177dbf2213a69026ae9b59de9cc
Brownspot/brownspot_orig_039.jpg,Brownspot,4262,b28df20efb7ed4fc7e5bb6ddabf63be9af28aa89516b842a48725e8cfd75bba1
Brownspot/brownspot_orig_040.jpg,Brownspot,4263,950d8d13fcff7a78a95c8164ab6bbbccfbe42df98668face86b81db4cf570eca
Brownspot/brownspot_orig_041.jpg,Brownspot,4264,50c1946397fb2d843d8fbd840edee461cdf51627d8dcaf79fbbe145b88552827
Brownspot/brownspot_orig_042.jpg,Brownspot,4265,393c1fdb4396cba415da654fdd37e68c17207f1dda71ad75e3b0d44d5c6d3b17
Brownspot/brownspot_orig_043.jpg,Brownspot,4466,956080c9c04d1b7f862593336907aca6d42631225cab9f8bb16a086a66ba812d
Brownspot/brownspot_orig_044.jpg,Brownspot,4267,f4942c6f63628102f69f2ac2ef21f60d2bde072e86024c81d01a0f436e06e6a8
Brownspot/brownspot_orig_045.jpg,Brownspot,4268,f517e948fbb6f0a09cc163e95716ab3cf398daf77244d943b0ef9c6bf105b36d
Brownspot/brownspot_orig_046.jpg,Brownspot,4269,0328d51339fa1e8058b8da789a5e98bf3effff6901612d41c8bf816551ac29a2
Brownspot/brownspot_orig_047.jpg,Brownspot,4270,0e89615a869aa6baebc415692b91e41a34d17c4ade5c80a1918933497cf3167a
Brownspot/brownspot_orig_048.jpg,Brownspot,4271,35d97559a4db0444f2bc7dad90984b8e867b22fa3ab033ce795d02871cb8f838
Brownspot/brownspot_orig_049.jpg,Brownspot,4272,ba851edaee8871ff8c6be6929ce437900ac6dac35d0e4d5e25deb2297233104b
Brownspot/brownspot_orig_050.jpg,Brownspot,4273,eac856c596111f93b7b1f115f9bb3d148cd3b086ed4fb32c2ea59c5658032168
Brownspot/brownspot_orig_051.jpg,Brownspot,4474,cd3181aa5b92b57e1ec7d58a70ac13d1d3ac91f44cea26d3b856cc62974cc764
Brownspot/brownspot_orig_052.jpg,Brownspot,4275,596551a08fb4df257bf39222e2522c91a533fef19f7ab653d1eb8d0707580ec8
Brownspot/brownspot_orig_053.jpg,Brownspot,4276,6c93a75b2af778150bb56747259928676193b6adc994f6dc34c613841c315459
Brownspot/brownspot_orig_054.jpg,Brownspot,4277,80f8607d406a9119f31dccc851c5277e93cfa9a1fdde4edef249cf9bacd8fa8c
Brownspot/brownspot_orig_055.jpg,Brownspot,4278,b93c5d12feaaa2eb1858a24e3f8106a733e3d1b597cb28a068edb68517ecf1ff
Brownspot/brownspot_orig_056.jpg,Brownspot,4279,4cafe8b2c6fdf1b40f5dafe253b6378f080375f2ab204a1102e3e0c25e184fe9
Brownspot/brownspot_orig_057.jpg,Brownspot,4280,0cc727862a378542129141c022fabfad0d3a05918cc850584f82d311ae9f315c
Brownspot/brownspot_orig_058.jpg,Brownspot,4281,9e3cfe308be2678e65378f887f85e9a5891672b5301e1eaf0752d48c8d1b0f99
Brownspot/brownspot_orig_059.jpg,Brownspot,4282,c625ea2d646019aced19999397eac9df21baca2da48f1c8fa4cc393bf880159f
Brownspot/brownspot_orig_060.jpg,Brownspot,4283,e278742560949229774f0378493271108f767c3644683cce4eb74148b7ecc137
Brownspot/brownspot_orig_061.jpg,Brownspot,4484,5fd2c243e016f078fa49f16e3ee016d413688c339542025602c06042ba9d2b28
Brownspot/brownspot_orig_062.jpg,Brownspot,4285,8206935db1a3bcc393d9215b05e8ab4f7c8c53c11c22e3701d4b50a605225e0e
Brownspot/brownspot_orig_063.jpg,Brownspot,4286,e778eec888a6b59a88793bf50f780f24c4243da1557bbf57960ed25aad1c0ef3
Brownspot/brownspot_orig_064.jpg,Brownspot,4287,ff4c4ab5f82869a6b880d301e05a26fea1438ffa653eb04e53ecb60b056a1d5e
Brownspot/brownspot_orig_065.jpg,Brownspot,4315,563c4258f6c880f99271aa4a6e03bb79f8f5a5e48773fed0ae79554242d99925
Brownspot/brownspot_orig_066.jpg,Brownspot,4489,2c00ec13418a2e31f14b7e9c400552a8a48c243138980a1247c7d099a3f4192f
Brownspot/brownspot_orig_067.jpg,Brownspot,4290,f9b7ec9df7a02b0fb322faeaf7ca2f5927a677105a46e561d5e9d58ca08a9737
Brownspot/brownspot_orig_068.jpg,Brownspot,4291,d66f0d80928bd7872078e8e17071873d4f0d7f064aeb33b48e5bb365042b8ee4
Brownspot/brownspot_orig_069.jpg,Brownspot,4292,e50c6acae07dd2366358b03552612170fb4c9e194ee195befcc771777e0e95d5
Brownspot/brownspot_orig_070.jpg,Brownspot,4293,064d6eb236351453865f66b9fc888f10aee7479c60a5505ee175a43095bb2580
Brownspot/brownspot_orig_071.jpg,Brownspot,4294,439c53499f3fb33e30f8adb56665ff5d42397f6fdd7e125f434c37dbaefdc23f
Brownspot/brownspot_orig_072.jpg,Brownspot,4295,7a58007794b5408d53454642cb039731d9a2299d2e0e72b65f3a86fffbfb5ab0
Brownspot/brownspot_orig_073.jpg,Brownspot,4296,bebac7ce85f8e99eeead5aa87473a11d0fdda08900cb2930aea6903aed5b152e
Brownspot/brownspot_orig_074.jpg,Brownspot,4297,bcd548624700d4d1e5a01f02b1473c5254840ec2f2dcf9af0fc82b4c4f71052f
Brownspot/brownspot_orig_075.jpg,Brownspot,4298,a2143c2944e8f4163c13dc20e0562d1af9bf0e12e3ff71a9e74e9b7a709e4333
Brownspot/brownspot_orig_076.jpg,Brownspot,4299,595954dea80efc87ec60f69ce36dcf4121a0b0b0d0865338a3b70228d82d3b09
Brownspot/brownspot_orig_077.jpg,Brownspot,4300,316b7f694bec3f16b0184ead97fc74881e7476cf552a3bc19075d38c986a89ae
Brownspot/brownspot_orig_078.jpg,Brownspot,4301,253a550a730893e406fff2f2cbae52770a755556b0d3fe906f815a185b604556
Brownspot/brownspot_orig_079.jpg,Brownspot,4302,cfdf45391dd354c03685198c2d8a2c595cbdba73bee83298528bd42f9a73e5ca
Brownspot/brownspot_orig_080.jpg,Brownspot,4303,be4acc614e3533b5e849300029ad543fa4375cfcaa30d8ee2b45930acfdc3094
Brownspot/brownspot_orig_081.jpg,Brownspot,4304,6340f21a99a67d2f6e18b0f929fbe01bda5e7e40ef512696fe1158f5f92acaba
Brownspot/brownspot_orig_082.jpg,Brownspot,4305,f2a026bd876d2056cb0699e8f91e41674d78014efc6e238a311a96eaf2fcb1da
Brownspot/brownspot_orig_083.jpg,Brownspot,4306,784112c4721019c1635f2ec43c639c75403159c3adee767db936a1acb740af50
Brownspot/brownspot_orig_084.jpg,Brownspot,4307,c9ffc078d10826ed828869bd5a73fb8575be8035cb11162f4df3814f88af1f3c
Brownspot/brownspot_orig_085.jpg,Brownspot,4308,c04d7ebc2affa774b157dfd24684371806ceaa91d90d721b509b8c1f294e10cf
Brownspot/brownspot_orig_086.jpg,Brownspot,4509,2b343631e85af0fb2372b90c55d236ae1353bee892c7a5f4da80bf3c4e80b218
Brownspot/brownspot_orig_087.jpg,Brownspot,4310,e0acca934ca39e61df713c6f190006859b8d0eb01d02c6c9ee17497dad557baf
Brownspot/brownspot_orig_088.jpg,Brownspot,4311,4fc2faa80da7c7c38d2a59f3ceb313ac247591c8b6dc0815f53dd100e3f237b3
Brownspot/brownspot_orig_089.jpg,Brownspot,4512,4b1e518d3edd650bb51d7d1aa39abb258f49a5302f094592110a39f53e4b7b14
Brownspot/brownspot_orig_090.jpg,Brownspot,4313,0b91fedd163259b649a6056679a1a0f90adce79b538b53cab4fd4d852ce6614a
Brownspot/brownspot_orig_091.jpg,Brownspot,4314,d6ba280daf68c5de450c0331e571a9a2ecba0fd12ccd9be536e19c88b44224a8
Brownspot/brownspot_orig_092.jpg,Brownspot,4315,f7a4dd85139101418d38d76cef6fe11a5b663f08289fbb28aee2eea390391578
Brownspot/brownspot_orig_093.jpg,Brownspot,4316,489d29ba3c0d0fcb5696f0d6ed519505553b836c6614449c3be357cc567d5942
Brownspot/brownspot_orig_094.jpg,Brownspot,4317,cbfef3761edcdd67380ff9ac71c5f2b7d726d734f3ecb407cec07e63ed8ae19f
Brownspot/brownspot_orig_095.jpg,Brownspot,4318,1160980d80509f434c4fed48c9bd98958230a7cb72b74d2c40633b4eb014bab1
Brownspot/brownspot_orig_096.jpg,Brownspot,4319,4ba0afdd8e73293a91a83e5dd6c87b058a0d4855330702fd2f4be65b63987c66
Brownspot/brownspot_orig_097.jpg,Brownspot,4320,5f91ff4878fde6fae09ca0e2daccc7d6c200dbb260bd1ca42fd18627bacd6305
Brownspot/brownspot_orig_098.jpg,Brownspot,4321,926e94e1b7cabd509c1c568f903fa099ae52adae31f62c24e52d0c0ef35951a1
Brownspot/brownspot_orig_099.jpg,Brownspot,4322,24c42724662040cad1f5cc94472b9690815e99dff38aacdedbba67cada1d3f18
Brownspot/brownspot_orig_100.jpg,Brownspot,4323,b31a20b919a7295f7122f869b412175d94796e6db43b37df8a824a19ea1c770a
Brownspot/brownspot_rotated_001.jpg,Brownspot,4324,0e57f49000bc2d4f28a7293d14fb70d1ccd66813bf26034659702e3aacb08eae
Brownspot/brownspot_rotated_002.jpg,Brownspot,4325,7f57c404f906d424808f1c88ff9e2f8ca98a9379f0a0189f2983a1d0f6a786ee
Brownspot/brownspot_rotated_003.jpg,Brownspot,4326,89dee933fee6c4825b424751ba8c5223b59a88ca7ecfee4764b972515358ee90
Brownspot/brownspot_rotated_004.jpg,Brownspot,4327,2b733b63d5e2beb5d8a46ef58b8496206e38632b0ceed50237b5d6e48154de30
Brownspot/brownspot_rotated_005.jpg,Brownspot,4328,39ec8f33ac34ea4f7a725cfa32408bb6059fb919a7fbb43985d87be5acf3e834
Brownspot/brownspot_rotated_006.jpg,Brownspot,4329,26896a77edea7903453c0df5d7c531e729083758c52c1979606b9e4484dbf7ba
Brownspot/brownspot_rotated_007.jpg,Brownspot,4232,1e170257510e0887ba2937f6ab56410075b150737ca620309c6363d902ddae1e
Brownspot/brownspot_rotated_008.jpg,Brownspot,4331,72295eab4e9271588b266a52cfa508ffd53d1f9d5c0917e082d857d57041497f
Brownspot/brownspot_rotated_009.jpg,Brownspot,3932,7129f13aaff57b209d12af67e71077504991bbf4faf95f324eea03043e85fdd1
Brownspot/brownspot_rotated_010.jpg,Brownspot,4234,9af3a685e7194d92e7fa3a8949596bfd851582f00060a5efb2786e422327f67a
Brownspot/brownspot_rotated_011.jpg,Brownspot,4334,6f80b7c5d0caeceb71cbce38c6d42cd21fbc8d973af4d4c713ca2cf506d0fac0
Brownspot/brownspot_rotated_012.jpg,Brownspot,4335,49f3cdb0a1b0a7a7ba88411fd740c40dc0307be908e34328154f6a1f0ed02101
Brownspot/brownspot_rotated_013.jpg,Brownspot,4336,c0c4c0fae827b155c03424fa8505a6e3dbb6c44b5f2d9a7485cd2852e57b181d
Brownspot/brownspot_rotated_014.jpg,Brownspot,4337,1f2b6a0815683bfbdf380233d5d479d95942eb0b5aa750d39c9cb18018b5af24
Brownspot/brownspot_rotated_015.jpg,Brownspot,4338,ce534e213f4f8dacb52fb0792000304f59665123e3e6abd4182c28b5ab7823d8
Brownspot/brownspot_rotated_016.jpg,Brownspot,4339,71046daf610012010ae1a9776e84ba597188b39a1ad6b4beb8b6a9d840588158
Brownspot/brownspot_rotated_017.jpg,Brownspot,4553,8a648e97e91826f3e7732d3efca818a125495ea130c69546ccaa4dd45ef4e4bd
Brownspot/brownspot_rotated_018.jpg,Brownspot,4239,67d0e3db29b4bf39ede38338f208227549e45f3c4ff22bc488279a9183126d48
Brownspot/brownspot_rotated_019.jpg,Brownspot,4342,ef109c08b33fbce1a52b5e6cee1ab778b6825527ceb98d7494bff60495387a1d
Brownspot/brownspot_rotated_020.jpg,Brownspot,4343,dd10a1c44be60aedd50a53940f2503da3a5bc8067e89fdfd25e075a9debde246
Brownspot/brownspot_rotated_021.jpg,Brownspot,4344,6b5c47e0293cae59a3cdaf86ae589de1b3799e6f5de71de403f132965f5f6d36
Brownspot/brownspot_rotated_022.jpg,Brownspot,4345,2572a46b5c33fd08389bdc06bc3df0e0543148e26004a81622046fc7a3794d5c
Brownspot/brownspot_rotated_023.jpg,Brownspot,4546,5cffa3f5acd73bcab60533aa02c53152979b0c4321605b3415af9fead4cf7a21
Brownspot/brownspot_rotated_024.jpg,Brownspot,4547,d7540e027cd5e1669998b3de0d46a723e9860fdbc5a56586f5e6d2aff6797ffb
Brownspot/brownspot_rotated_025.jpg,Brownspot,4348,b8261b57d73ba640c4ba8853a3c93ce948c1fabff89a4e584d8a0d5e24300c58
Brownspot/brownspot_rotated_026.jpg,Brownspot,4349,08f2b5f12d293c7109109de9de0f6e425016bf182697da2a0c78736bff87a464
Brownspot/brownspot_rotated_027.jpg,Brownspot,4350,9206ff38666d70e473594c01aab2961b53561792f65c2105b849a265bd455216
Brownspot/brownspot_rotated_028.jpg,Brownspot,4351,6c7a35eba701a92161b68f133cccad606bcc815492d001c78abdd36b8528adfd
Brownspot/brownspot_rotated_029.jpg,Brownspot,4352,00ac282276636cac44ce5730b3a54b941c13eb7acb0c5e53f976a901a2c142fb
Brownspot/brownspot_rotated_030.jpg,Brownspot,4553,db97297eb842cb8abfc499e76500867ddc317c921bf98e3046dab8b4d933139c
Brownspot/brownspot_rotated_031.jpg,Brownspot,4354,dafc7efd001cbf0601fc0a5955c79e3116bf28c43a98473a8dac03ce59796b3e
Brownspot/brownspot_rotated_032.jpg,Brownspot,4355,a81158624d87d5b89229087f7db89fec4d068be5009d200e9096a58d2d25bc32
Brownspot/brownspot_rotated_033.jpg,Brownspot,4356,e3df4479e745fcc1982f79bdfae89228eaee256d3d74a932dabc399c0ca3228e
Brownspot/brownspot_rotated_034.jpg,Brownspot,4357,fe8bcb46e42188169f3a129449cf9c95887978783a53cff0ca5035ec5fc7c064
Brownspot/brownspot_rotated_035.jpg,Brownspot,4358,18ccc62875a92d4df5e874580a848b6d2b116eb6add01940a55b9b81c2f7065b
Brownspot/brownspot_rotated_036.jpg,Brownspot,4359,db820d4ce081cad63f6ba7e6e532146949e7b5e7ecdd35a42af870e58089456b
Brownspot/brownspot_rotated_037.jpg,Brownspot,4360,73f85edbcd40225f9600c90c402ce621f6c9aa47670699b118bf1baadb73dd93
Brownspot/brownspot_rotated_038.jpg,Brownspot,4561,b9b8b67c8389a275cd1a0db22172dc397795ebfe18c73645df12d837b2a81c38
Brownspot/brownspot_rotated_039.jpg,Brownspot,4263,13310f14bb92a18e3899b12640e62d863b0a9cfeb8161c045c28684044e15d05
Brownspot/brownspot_rotated_040.jpg,Brownspot,4563,68ae54086ae5ee3afa69c477a843604bb5b1de1038edcbc1479efae09bb67db4
Brownspot/brownspot_rotated_041.jpg,Brownspot,4364,52d96b38b9efb7f8370f01f731948aa6993ffbb647557e1af828dca473df62cf
Brownspot/brownspot_rotated_042.jpg,Brownspot,4466,306b15bc1a24948a2cbc310871c8f30ff255057afe10f5eef333147ef1a59ca7
Brownspot/brownspot_rotated_043.jpg,Brownspot,4366,9575d067d9c171e0b135492eac9fa20423a3786ee3bc8bfceab55c7044e9a494
Brownspot/brownspot_rotated_044.jpg,Brownspot,4367,4ab1f874f047392947d067fbd1dde0c59c0ff2a4725e0f6be12694bd80d1dfa9
Brownspot/brownspot_rotated_045.jpg,Brownspot,4568,0ca576257c38234fe165e518dfe4640a4ec4a0abd1007e1b7e285f31fe7b85fe
Brownspot/brownspot_rotated_046.jpg,Brownspot,4369,3c927114c1d366e2a9ba326bd29e14fd5a60a3f354354e6d59ebdd7ee0bd46ce
Brownspot/brownspot_rotated_047.jpg,Brownspot,4370,650777aadf5b487b42f3698711b7a339717133bebae94a75fcb46ff92a89eb0e
Brownspot/brownspot_rotated_048.jpg,Brownspot,4371,71fa11ee7e3283a5873804b04782669998f7d7e52d8ad89316ee8d780d41e1bd
Brownspot/brownspot_rotated_049.jpg,Brownspot,4372,3af0c0c09be7150d75c49374ea9412d78f4ffa2a3d837c705ce63d6495cab627
Brownspot/brownspot_rotated_050.jpg,Brownspot,4373,8a404efdd02577d4bae8204144038833802a9cce0f212d85b287c234de81e435
Brownspot/brownspot_rotated_051.jpg,Brownspot,4374,814dfeff6a4f69bffa0780d9f4e7f863eac35811585480bb18553a5eb557bb2d
Brownspot/brownspot_rotated_052.jpg,Brownspot,4375,26f6b31f4a141ba875c628c76e638f57fae6d4d7aad35ee932bdb8d9587be2f5
Brownspot/brownspot_rotated_053.jpg,Brownspot,4277,c98c5f9493522b5eba5477fcd72372b8e395b9abc8ea7b782b6dcbaf0c7898ff
Brownspot/brownspot_rotated_054.jpg,Brownspot,4278,76fc7aa83dc4c56a6e402115c5329929310ffd97892927d04c658ef6353ecf79
Brownspot/brownspot_rotated_055.jpg,Brownspot,4378,24fb2935a833943a3b4e4a376761bd8a4000e0ec69fddbcb50268aca5084b61c
Brownspot/brownspot_rotated_056.jpg,Brownspot,4280,35607b5d39c98494e63eecc72b442bfd948e2ba8e18a0b005892bfdaccd3fd44
Brownspot/brownspot_rotated_057.jpg,Brownspot,4580,d0cc43830531bca1b57d52dea749aae5b4549433b4f0b6a759c6988a151c0096
Brownspot/brownspot_rotated_058.jpg,Brownspot,4381,60565636df1ad31f49d625e4620bf5e3483ac8e4510d99bc91d9b9a8658a1c77
Brownspot/brownspot_rotated_059.jpg,Brownspot,4382,f5432aac8889cd1f43c8a0170fe1ce875df5857c3858c09a3b6f8dfaa806b2c1
Brownspot/brownspot_rotated_060.jpg,Brownspot,4383,313d282abe80de13f704d95d53c67128438330ca6122892ac1ccd9f9d1c52f34
Brownspot/brownspot_rotated_061.jpg,Brownspot,4384,759e84029ad2ad2688271f4225c030cbb4f4041dd98590e5da6327fa7e9f89d8
Brownspot/brownspot_rotated_062.jpg,Brownspot,4385,941fdf18f5fb72e5319101b82ef0b8bb43c37f32278a878b1f21c499deeeaf84
Brownspot/brownspot_rotated_063.jpg,Brownspot,4287,253c67810c7287a2cf4e3798e6e7e50954f6f3b9803b5e631732d974a74a71a7
Brownspot/brownspot_rotated_064.jpg,Brownspot,4315,4c64f81ca49f3b245f0f1b1fe78adb37d13e0e2e8f4729f3c680cf5ace7624e8
Brownspot/brownspot_rotated_065.jpg,Brownspot,4388,36bfd4a11ac173aeb0f8c9b332974e0ea06a7805a5491aa4b3ba3e9674f155ae
Brownspot/brownspot_rotated_066.jpg,Brownspot,4389,8da535d722bb74117ed2040d327756ee31f2e5689a36e4df0d71f798b8ff63dc
Brownspot/brownspot_rotated_067.jpg,Brownspot,4390,8fc65a019848b24d4945f647f4cca2d133012afb53b01f2756f45376dfc89750
Brownspot/brownspot_rotated_068.jpg,Brownspot,4292,89e5c5bf81f6b43b828502e518123785bdecd7a73e5a778351c433c7d1e0e703
Brownspot/brownspot_rotated_069.jpg,Brownspot,4392,1b2566a0ee7bb1ca5e17aa72ee12f213c1370ffaea8095498974a8f0cc05bcca
Brownspot/brownspot_rotated_070.jpg,Brownspot,4393,3f674b17a96cfd72629b6aba2e6beb3307dca74a03825d03a86eb8fd6fc94691
Brownspot/brownspot_rotated_071.jpg,Brownspot,4394,b4a9b156f7a8a86314d448292e3ee7fe46b0b06eccf6998bb5ccd2efcab76275
Brownspot/brownspot_rotated_072.jpg,Brownspot,4395,4c814ec396d698e87bfbab6f4882cdf85f55a088962042ba21d41f3866c8f24e
Brownspot/brownspot_rotated_073.jpg,Brownspot,4396,36d05ac8c3b37df068bedcf11db3ef8498be6bf5942ebdd5272a40fbfeaf0ef5
Brownspot/brownspot_rotated_074.jpg,Brownspot,4397,7b7168bf2211bb48a1d21f869f5c00ee886f7820e332d362fd70b967b7792957
Brownspot/brownspot_rotated_075.jpg,Brownspot,4398,a07f1ac079a3ca389ef42d9f3702b16f18f9d04fca9d9027645c26adfe4d3a18
Brownspot/brownspot_rotated_076.jpg,Brownspot,4399,243d5c370238a36887546dc4e7f38b7c66e845f5ee8a094f0a57cd7e8241d655
Brownspot/brownspot_rotated_077.jpg,Brownspot,4400,fd4e57c3b03b097954575d91fd26c65cf69844f6155c0e70271272e2f7863d9e
Brownspot/brownspot_rotated_078.jpg,Brownspot,4601,ff22f85869831ad49325b90d4ff2e0f00f0593fbef5edac7bc65e0cd6daf250f
Brownspot/brownspot_rotated_079.jpg,Brownspot,4402,fd9804a38f610f7da184ec62becb409bdd73e8151271467d21fcb8d7f24cfe8b
Brownspot/brownspot_rotated_080.jpg,Brownspot,4403,dbbf2e9fce5c8c3b7a5d6982cb3ec70bef23a86f9fb28f76d52a4f0ea4b68200
Brownspot/brownspot_rotated_081.jpg,Brownspot,4404,3259139720d428c9bba0cbacbcb916fc82882a331bce222ff998e9ff1978180d
Brownspot/brownspot_rotated_082.jpg,Brownspot,4605,69f88baff65056abfa4bfc272d3cdea9b4f4a5f9f52397dad4c29e3f30990f2c
Brownspot/brownspot_rotated_083.jpg,Brownspot,4406,2505aba4171877b6deb4a95b870201421b2c41073479f1b044045523cfb089b3
Brownspot/brownspot_rotated_084.jpg,Brownspot,4407,2d81779c579ff3a51caca21518e446150694303d15882b7c9444cc87e092d89b
Brownspot/brownspot_rotated_085.jpg,Brownspot,4408,f115fd147bbcacb9d63a0d28bfc5eecfb5c1426bb804c18fe8acac2509962eac
Brownspot/brownspot_rotated_086.jpg,Brownspot,4409,48c25b8441d5214a7f8357a40754a8ba236624d24b41c84b948cfb0d5171a51b
Brownspot/brownspot_rotated_087.jpg,Brownspot,4410,91fdb73697b2ffb9d97778a03a442c9cdc11baddbbb776426ee3e303874c02ef
Brownspot/brownspot_rotated_088.jpg,Brownspot,4611,b148546fd3ae21ae8dbc9d6740dbc10c9e88d59460cfd8c494769b6a7395c7c6
Brownspot/brownspot_rotated_089.jpg,Brownspot,4412,5dacee319c45ae4f215dbf7461801bd4907fe6f46cb4866bd64769f786c7683c
Brownspot/brownspot_rotated_090.jpg,Brownspot,4413,bf17115cf529723e3802cead5fb7a1e21890736b7d73a7a0c24c02401d2c4d0d
Brownspot/brownspot_rotated_091.jpg,Brownspot,4315,1d3f67ab0cc0ee54bfa35a524abae9f5fe6c81fdb575e2e38f3f2404933620f8
Brownspot/brownspot_rotated_092.jpg,Brownspot,4615,e7426ac83f977883ac73bc55d02209b7e5ba0e485747c4f818d55f3924c390b0
Brownspot/brownspot_rotated_093.jpg,Brownspot,4317,7e2ec22fc825755d42703cfed05eec26e62a58d8d5b3e0f2f2a56a650216e51e
Brownspot/brownspot_rotated_094.jpg,Brownspot,4318,057375e0400b667395ef721e4ac5b39099fbd1a8140b1817dfa58dc7414d8420
Brownspot/brownspot_rotated_095.jpg,Brownspot,4319,3b1c68f03bbe8e528132d73555fd0dd9a5909c49b1bf2b489d0c6aaa47c201b0
Brownspot/brownspot_rotated_096.jpg,Brownspot,4619,28db25c16288d5cc40d4d1e5fefcc1be4607f4cd4d07b1086af4a9a7c98defa5
Brownspot/brownspot_rotated_097.jpg,Brownspot,4420,248d36f07d660944a7d2b8bfd7ec4e6597121893fdc59cf568dd8b318fec86c7
Brownspot/brownspot_rotated_098.jpg,Brownspot,4322,f24547c831cfc3ebc79e8e56f53c0dd9a6377752370626e054e1d126d3e7c8d9
Brownspot/brownspot_rotated_099.jpg,Brownspot,4422,937f30f2272e0a8ef242f5c3265f6a7caa758d5d05acb236558862b9655e456f
Brownspot/brownspot_rotated_100.jpg,Brownspot,4423,02b858bbafe5d129ba56db3cde0faaa89a4258ab48d5da200ac4b031a5017b80
Tungro/TUNGRO1_001.jpg,Tungro,5178,c15f2d072295c29dd348afcecc9e72b3393860dc8b0ff6fbb6fb6ccfd661c3d4
Tungro/TUNGRO1_002.jpg,Tungro,5183,51a025c8da9f1a264f46bf4585b60d4c607f8e91d3a9847a74206218afad6a24
Tungro/TUNGRO1_003.jpg,Tungro,5180,8ac294b23d881819537478245cd6d6f92d01760919ae38cfc27d171f2bc6a011
Tungro/TUNGRO1_004.jpg,Tungro,5183,7a010f60dabaf924caeedef52072e1f1f7ecfda5c899d9cda3237063f0e20e56
Tungro/TUNGRO1_005.jpg,Tungro,5183,c8e3738bf5c7af1e4d9eeccefccdc06bad26e0b7262a23a21b40b3b74591f6b4
Tungro/TUNGRO1_006.jpg,Tungro,5183,544a0856c4f7aa6d84063d100d8a293d2bb774f3a15d5adeff9c34a6ffe74fda
Tungro/TUNGRO1_007.jpg,Tungro,5188,2a4f2f093135c4e97739d268ecd7b068a8ad2555fc977afefda9b41278c8f55c
Tungro/TUNGRO1_008.jpg,Tungro,5188,a5db094a094153b66b266bf18eab248908ef62161b8fc41f035b7a5eab420296
Tungro/TUNGRO1_009.jpg,Tungro,5188,559c32c7686d862fba514389e5f600a33a9b57b59bd1df333a72deadea0ec7a2
Tungro/TUNGRO1_010.jpg,Tungro,5188,b13d6c0a56e6fe2f6ab4f94ea96398bd4d7361e8d3e9dac41856296fdb920cb5
Tungro/TUNGRO1_011.jpg,Tungro,5188,91f65f58937c351e7562a1626d5fd5ea3a5f644c94245b8c94f4621d3f200d41
Tungro/TUNGRO1_012.jpg,Tungro,5191,be46613317e2a6985bb9f9976ca6d0fa84601f749a29933bfd3e212d36308148
Tungro/TUNGRO1_013.jpg,Tungro,5191,edaa4473bf5782664999b492b13030d18bdeb946035078f7a42e2ab68f89b437
Tungro/TUNGRO1_014.jpg,Tungro,5191,b10c21d8b5d7ff1abea883f54161557f2df9c615741d96045309ac2c061d0220
Tungro/TUNGRO1_015.jpg,Tungro,5214,8bbdc3b3f115f8add4662608ac0d6f7ac0faf4b3f621ef4156891749d8a2c314
Tungro/TUNGRO1_016.jpg,Tungro,5214,224f43fc6447d3af3d9dc89c9b96944609acd22a2e700ced15795c35d1d2b135
Tungro/TUNGRO1_017.jpg,Tungro,5198,64a403d7780ce4a7c8634c1583d95fd2ea3e6ffcb89fa32d280acb92ca9fe97c
Tungro/TUNGRO1_018.jpg,Tungro,5198,c50046130e9003cd59e043628bdc05630a13b712f93870ce996bdfdd5a53a367
Tungro/TUNGRO1_019.jpg,Tungro,5198,537a19fcfc0191edf4f846b5efeb32c7745c561005223766c71d6470c13278dd
Tungro/TUNGRO1_020.jpg,Tungro,5198,e57c01e72f7a03540e59f3cd67fac8da3f84a272cc77949625ee77ac1d1414a2
Tungro/TUNGRO1_021.jpg,Tungro,5198,0c32f28cf58eb3887b919f85cf4ad7bbbc863dab685755ff9840c9953d59ce47
Tungro/TUNGRO1_022.jpg,Tungro,5199,fc9c0ba57341dd96ab6e04815cdbbf3283db54ec8086a533e021578f9498a913
Tungro/TUNGRO1_023.jpg,Tungro,5214,419bfc09371543c52481ddf65d554fa41b67b2263b320ca6d43e81dc9cc8ed31
Tungro/TUNGRO1_024.jpg,Tungro,5214,3a175ce988462981b11288d5ab2b35c02ceb051a92d8a71a3462e4bdaedb61c0
Tungro/TUNGRO1_025.jpg,Tungro,5214,88ba013402bd6e355efef50c561b98c2967126b1722d234592e8813563644d61
Tungro/TUNGRO1_026.jpg,Tungro,5203,f8fb95d3fbd8f70c4e797838370b247632fc4ecaaeffe48bad3873dcb3324acf
Tungro/TUNGRO1_027.jpg,Tungro,5204,bb76322ec98d474f7327b0f020458e1dc94291df93c97eccb2c979a7ef7220c5
Tungro/TUNGRO1_028.jpg,Tungro,5204,0c4a3291c699a24b2d28f713ea73448e4601e3d411cfd96a63d2f3602861835c
Tungro/TUNGRO1_029.jpg,Tungro,5204,653971637bb9ea3ecfbfd296306554538fe875fe02c3094749ca1918b299ce97
Tungro/TUNGRO1_030.jpg,Tungro,5204,3d810e59ab44d5c3b8e43a5dbdc2c74f153e016c8fb6fd83a4ec2a5adab2c7b9
Tungro/TUNGRO1_031.jpg,Tungro,5214,1de36d18d5ba9ca033e7724acbbab9a9e6635f661be328784e5a357b58e4f06a
Tungro/TUNGRO1_032.jpg,Tungro,5214,d65f7bc81f6860df91af87c413ba4b93786b0e5b88cab515f3989da122b93d0d
Tungro/TUNGRO1_033.jpg,Tungro,5214,6ae052418208b87bc986612d7d650778a991257f8047990ba9a2d8ce76087236
Tungro/TUNGRO1_034.jpg,Tungro,5214,7a10e2e4d0b78fc7cc0396056fdee715f0db0a64c7f51e84ebd9285677720339
Tungro/TUNGRO1_035.jpg,Tungro,5212,3ea97e34dae336fc9751be2fb56502db137920ccafe808497e9ac276de0379da
Tungro/TUNGRO1_036.jpg,Tungro,5213,69c70c6234b7e99a881f920c44f85450e626b5077064baa152696173c26bbfa2
Tungro/TUNGRO1_037.jpg,Tungro,5214,d12dfd60818c8cee8d37c7ff55e40262ef01efc832596c97977bd05ee56d0a8b
Tungro/TUNGRO1_038.jpg,Tungro,5214,c90c4989973ce12fe5c46b1b0082d83dc9e4b91a17d38652b299564e3bc7574c
Tungro/TUNGRO1_039.jpg,Tungro,5214,f60a75edaa04d8c324f980e63b31f8e325eb9f62785c0150b7757d1f88a9a466
Tungro/TUNGRO1_040.jpg,Tungro,5214,19f2ebc2fb5b049d6bcb7e8905855e000feee5337cb445092b0e1f5f6fc4da4f
Tungro/TUNGRO1_041.jpg,Tungro,5220,c7336a1b746700277eddbbd2d88c261748fda99c43c3a60a04b3d6375221e0e2
Tungro/TUNGRO1_042.jpg,Tungro,5219,7cebdd6094f4ae3b5c991678f58536967b01531299bb0e6d072cd30446c561ed
Tungro/TUNGRO1_043.jpg,Tungro,5220,f125e723822e2f60b3b80515615c0562e2b18e7dd284fb9c17650bdafab90eb3
Tungro/TUNGRO1_044.jpg,Tungro,5223,1e8745ec5b8e0d3cc49154f82d9a865ca3a15179b6bd1d04798b6986f5db6c1e
Tungro/TUNGRO1_045.jpg,Tungro,5223,9186e946dc8746c4e91aef039be3e35d1fc4d16cb5a7849b9182b35c4945527c
Tungro/TUNGRO1_046.jpg,Tungro,5223,7823226ab18a30993eb954237b26ecf167aade7ca01e0bc3857d96ac6a8f1e1b
Tungro/TUNGRO1_047.jpg,Tungro,5214,e3353cb02eea1a780806cb21cdbb7c334a85b21387bf2e278c270f56181cd25a
Tungro/TUNGRO1_048.jpg,Tungro,5214,314e6d4997c1be05bd15dd15dcdc398080f08838b56609299af175c107e5a9b6
Tungro/TUNGRO1_049.jpg,Tungro,5214,bbd24f5a41bc3c23c831689f395fb25444b8844efc265e3517251fa05a833ab3
Tungro/TUNGRO1_050.jpg,Tungro,5214,ec52944bfe6ac5a579712f24de9db449de968e0bbf22d0bd335fb7f2c1433174
Tungro/TUNGRO1_051.jpg,Tungro,5230,d56658f5f1b2b04f194799549aff8865d2b29ce92238329b1d02151091662763
Tungro/TUNGRO1_052.jpg,Tungro,5230,812a4672d4f725e61ef5d6e08c3e968c40b9f6ee29d45ef8b1cfa77c7bff7440
Tungro/TUNGRO1_053.jpg,Tungro,5230,a929e41a9968e8978c4f931384f87bfd2515644b05129a4e6023400ba3dd4976
Tungro/TUNGRO1_054.jpg,Tungro,5233,b07ebf1666f664ad6d6bef03ba550636d9af8719ac115434043a831f5b754b25
Tungro/TUNGRO1_055.jpg,Tungro,5233,b44c6735b03774ae99ce0b881d18c0412431df1a129bc38c3afa2319747130ea
Tungro/TUNGRO1_056.jpg,Tungro,5233,9387f1a32b1d4867dbae3d4a54ee76c526e87e88773c967becb873e3a0cb7919
Tungro/TUNGRO1_057.jpg,Tungro,5236,b39f71723bb7879db84c3ce8e151754d851604eb032853b7497ca536ed9aaf84
Tungro/TUNGRO1_058.jpg,Tungro,5236,ade4cebb7c3ae1426165b4f5343bc9fa2ea8fe262f59ce2b3db07987882c7bd7
Tungro/TUNGRO1_059.jpg,Tungro,5236,fbcbad56c3e86c9003afbaebc452e00a7f09c47d840342238820039adecfc905
Tungro/TUNGRO1_060.jpg,Tungro,5242,5b7842f712de72dea58094aae6f14fa1b8c23f3fbf7dfc625fd294289eeadd1c
Tungro/TUNGRO1_061.jpg,Tungro,5242,0d4294136abcecd6812e96c90b237d05875166df43867def0defa58683b6d245
Tungro/TUNGRO1_062.jpg,Tungro,5242,dbf39169e805f086d01e7446640c9c3542c951c7d41215d581b540ef9bbf6c54
Tungro/TUNGRO1_063.jpg,Tungro,5242,aeb06ca652eb0d35b4d4694138bdfbcebbd9c9304b28bb7766992446a8e15677
Tungro/TUNGRO1_064.jpg,Tungro,5242,de0944871957bd39dfd8d56d66c32749deb917bcc7c6a6d6042a32449522ad41
Tungro/TUNGRO1_065.jpg,Tungro,5242,0b4d21982db91d19e5497ef329999d6d0227bfaa4fd6bd6acca171b42fefd9c5
Tungro/TUNGRO1_066.jpg,Tungro,5244,ff15a39f46cf22a6955ed47558affb9e9e0e3650e9ad08a21bc3fc8857be2a35
Tungro/TUNGRO1_067.jpg,Tungro,5244,8fdb39889584cfeddc709161a739f12073ea0afc192f4740fa4e8e649e911c85
Tungro/TUNGRO1_068.jpg,Tungro,5249,df6dbe25ce2047adfcf86bf99a55aa1cfdb4e3bc1917be1061db23184ac8ae27
Tungro/TUNGRO1_069.jpg,Tungro,5249,5731c6dc8128a54792e96795897374a0cf3d671b224243e1260596aaf09eb2d7
Tungro/TUNGRO1_070.jpg,Tungro,5249,28d434e2c1be1c97cd04529f85640621dac911498b69c1550e9749af05969096
Tungro/TUNGRO1_071.jpg,Tungro,5249,a21031ad53b7a9172e23ba8cbcea922a08e5a81b99b09adf6506828a7c3c61f9
Tungro/TUNGRO1_072.jpg,Tungro,5249,8c7c7fbee4499863b2d0de9b9968e83461cdf7257382b07cf2124744beb01075
Tungro/TUNGRO1_073.jpg,Tungro,5250,a613b7934675a04bb43c806c5da33383a2db3cf74b9868dac5f875ccaafdf42d
Tungro/TUNGRO1_074.jpg,Tungro,5253,1cc680147a6b5ba24546ec902c5536e762fabcb2c28af3cfe25c2797868e4bff
Tungro/TUNGRO1_075.jpg,Tungro,5253,19a4adb60efb1efdc30fe9ef5af22b8a96420e93241549ac427506e00ae2d3b3
Tungro/TUNGRO1_076.jpg,Tungro,5253,b79eaa26739b1ab0e98fc61ec504bb489c64ffd60a75fb99529344f81f522cfb
Tungro/TUNGRO1_077.jpg,Tungro,5256,dabf95c907bac586b7dab6316b5aba8443e939ce0bcb7961f93b21fdde49c954
Tungro/TUNGRO1_078.jpg,Tungro,5256,9e32281869ac95a404a4d933b1d865fd300c7ba8e43bcdfb1852344ef5630ef6
Tungro/TUNGRO1_079.jpg,Tungro,5256,62eece4beac1602210dc109f4c38ab3745b477eed76c88c72509c3e7c34c8fd0
Tungro/TUNGRO1_080.jpg,Tungro,5806,8111e6ec46d3acd681275b82b0a961a853c3c3def63bc2284f61bfdfd89cb9ac
Tungro/TUNGRO1_081.jpg,Tungro,5806,8ebb21f81f046ec7550d887d459038817bf34c3dc5c7955f6490939447460f1d
Tungro/TUNGRO1_082.jpg,Tungro,5806,4addace777f25c0c1edf1d2a351ccb45aaf84d33ec5d2f5dc5881aa82a9633b0
Tungro/TUNGRO1_083.jpg,Tungro,5806,5da0ab008ae01a86a8ca3237504cbbdc8e0fd7b25c0cb5edefec66d6119c2282
Tungro/TUNGRO1_084.jpg,Tungro,5806,f529c4b99b004a4b9db64eba77eb098e9042385d9c9c5143c6136272db2c3ab2
Tungro/TUNGRO1_085.jpg,Tungro,5264,0f484efc17b69410e1e773dc59911053313168bbde0be1a3bc0513437b539815
Tungro/TUNGRO1_086.jpg,Tungro,5264,9c998aa7609e134ddcbb34b7cc4b526082853865811537b2604a176c5e45886d
Tungro/TUNGRO1_087.jpg,Tungro,5264,56b4cba760398fc3bab1427394ba66f5ef7f9fd937d28c56e5bc71d5b9384acc
Tungro/TUNGRO1_088.jpg,Tungro,5799,ef14a00b0ded45f6863c4146eb045521b609cb36fb00a9c96dac3e8cb2f66a9b
Tungro/TUNGRO1_089.jpg,Tungro,5799,abd1607277b022445cf73098f434c89029cff3bdc8d9d19bb4ab1ac4d4ba777b
Tungro/TUNGRO1_090.jpg,Tungro,5799,bdfd3123b84e59e260aa32a5fda8247350ae76403f833a01fa23f59ac0309fda
Tungro/TUNGRO1_091.JPG,Tungro,5275,7b2561b766330ad2c22e424018a52b7b0d4011f80a16b89d676ec8556443a819
Tungro/TUNGRO1_092.JPG,Tungro,5275,acfd52b49bd8a8bead97bf576d683061e3f39b9dc13083e3ff87684bc7e9f895
Tungro/TUNGRO1_093.JPG,Tungro,5275,00cba18ba7aba8ead21a0acc3ac364e68d9b080d114da46fc974ef0460110f40
Tungro/TUNGRO1_094.JPG,Tungro,5275,bb41d2d14bc5b534a26ad5cbca27346a0e51637a36cb3897fbd89c83828f12f8
Tungro/TUNGRO1_095.JPG,Tungro,5275,df6ae180076694ef474665c851656c91e8e3121ab26b3dbd4e27cab8a9bd63e0
Tungro/TUNGRO1_096.JPG,Tungro,5275,3db5216638ef76de1efbb9db9807f3b7967e5bd16cd487ac32817bf99c5979ae
Tungro/TUNGRO1_097.JPG,Tungro,5275,39022775288f5e4e6f62cf2f34f235944130d882842afca077b544bf3b842bdb
Tungro/TUNGRO1_098.JPG,Tungro,5275,a039be01eba059498d09bdafac6f790089f9d95ffad9e57d16449c35f8aca90f
Tungro/TUNGRO1_099.JPG,Tungro,5282,956393171ab09b2dfa1b9c95f58ea0164e9c5a7c1613f99f12bdb5580a0095fa
Tungro/TUNGRO1_100.JPG,Tungro,5282,ba6165071832d3c4e55120c5611a2278318c9195ee44b39e9deda909deedd89a
Tungro/TUNGRO1_101.JPG,Tungro,5282,1ced88dbdce6e7d6b438cb66841f273c52dbc1e29b1c04fb0502d63f50489f5b
Tungro/TUNGRO1_102.JPG,Tungro,5282,da45a5df9ed9ede1ddea5eadee6904a988dd69a4f0ebe05342780062cdd1d616
Tungro/TUNGRO1_103.JPG,Tungro,5282,c43cda5955b73303bfcf36c636dd3ded5eab255a5c1359147e79f15736e2f9a2
Tungro/TUNGRO1_104.JPG,Tungro,5282,ce95dc7f567a61639e160a572cff869cb1097bc388dc1c98cbfdab89d85d3bb9
Tungro/TUNGRO1_105.JPG,Tungro,5282,6bae1c6c43a8482cf5cd0a9a83e3632499917c6889b5dec23bfd92c49e7f9b56
Tungro/TUNGRO1_106.JPG,Tungro,5288,a8adfb0417f98008c5055472902cd8e54a95ec35cd6613624cb9df667f1880dd
Tungro/TUNGRO1_107.JPG,Tungro,5288,ae50a1df50e4973def598ecea6c8012b117a135d0f509fc1630430ab9a53784b
Tungro/TUNGRO1_108.JPG,Tungro,5288,e229109c93b9ebe88122bb279280680b181e5826c43f8928af7db6f5ed96cb21
Tungro/TUNGRO1_109.JPG,Tungro,5288,bd8a8b51f750b3bb94f47fcd98a1af3ef33628b10bf92257acccf3ec1421118d
Tungro/TUNGRO1_110.JPG,Tungro,5288,8af49ba1e3cb5fdc6419e560eb40f3f74d3b68f76b787c554e0cd50fd688bbed
Tungro/TUNGRO1_111.JPG,Tungro,5288,8e24590f514e84c7ff6d7d355e33e8344b155f02cb83c100c542b622e3e1584b
Tungro/TUNGRO1_112.JPG,Tungro,5293,c7b4adc29806e98630234cbce5758700fd7b9f84219330290810fafcae0d437b
Tungro/TUNGRO1_113.JPG,Tungro,5293,3775dfb3ef4faea504729768b4eb515c784743e32b247c5da585995017c11963
Tungro/TUNGRO1_114.JPG,Tungro,5293,c0d4bd3c26819e385fbd86a9491b4209458900ce806f6f26dd3245fa1c229967
Tungro/TUNGRO1_115.JPG,Tungro,5293,5c4874d594b460c3eacb83e774d2e96bec2b8acbe4f38dd4b9e81e8a0d5fb368
Tungro/TUNGRO1_116.JPG,Tungro,5293,f78aed391d40acc28819c866f424d35557735d4b7350a2655a2a9be2e26b6acc
Tungro/TUNGRO1_117.JPG,Tungro,5298,3847480ee3ca664f00ddb9fe3d069a31d1a5ebc850167890035cc3f72ed589ef
Tungro/TUNGRO1_118.JPG,Tungro,5298,272deef21b598debad1bfe8083d550fa949fd5693a1c542a5997bacac5e0c4eb
Tungro/TUNGRO1_119.JPG,Tungro,5298,bd0380df4f84f5f789f59b60adc2c62faadf26b0006bf6e2ab648b74a90d2a77
Tungro/TUNGRO1_120.JPG,Tungro,5298,fe5edbe081894bb732ba40e7883624fade56aedc4edcf1edd5f9e510ce92ed6e
Tungro/TUNGRO1_121.JPG,Tungro,5298,95da489a8ba4bd5609b548d0f4dd11867394ecdd20eb4cab2594210903feef64
Tungro/TUNGRO1_122.JPG,Tungro,5302,9a918f6e713426ed29b48e24f4b06e4a07a074e051fd29008723e71e45610145
Tungro/TUNGRO1_123.JPG,Tungro,5302,5f7dc1480171d5ef6f177eb8d9b531730aecf5cb03e7a8770f51bdf7a675d910
Tungro/TUNGRO1_124.JPG,Tungro,5302,6954eb5ce9e65e9599db4599297ece7be2a9eec4404b27499c29f7352d058c3c
Tungro/TUNGRO1_125.JPG,Tungro,5302,9736fdd7730d04c2111efa63fc69b3b18815d7958fe192daa9a675ecce64dda7
Tungro/TUNGRO1_126.JPG,Tungro,5302,421f9eebc713fbe2acc9e42d8cd030df8e4c640ed1a47770e7440a882b46c6b1
Tungro/TUNGRO1_127.JPG,Tungro,5302,75418f84caecfa59eba326128243885783ec65cb2d1868619487483a2f802f0f
Tungro/TUNGRO1_128.JPG,Tungro,5309,143fe14942964279f95cac766a4a9e1e96f90d0b04742cf449f548b19d028ec1
Tungro/TUNGRO1_129.JPG,Tungro,5309,9b3140fdbffe310854be32315861662e196a564d9add8324978a41a9d1504dcd
Tungro/TUNGRO1_130.JPG,Tungro,5309,161764cd70194504985eac457576dc4917df537dd945503bbd8b4d28f0315ef8
Tungro/TUNGRO1_131.JPG,Tungro,5309,9f2dd73cbbcfd33b6b36f67a6dd9ebb4f28a18d637e38c416f748d135267c3e1
Tungro/TUNGRO1_132.JPG,Tungro,5309,8f62de147119f72348761c96df0b49e05d567be683b081b599fa8e2932002ca9
Tungro/TUNGRO1_133.JPG,Tungro,5314,d559c8d650cc37c04d4565eb042c8d9f594367568263b38ef6424571a45eaf36
Tungro/TUNGRO1_134.JPG,Tungro,5314,ffc2635f156da0fe2c4b334607dd161870bc385f81bd55b54b6fb9f90067d5ad
Tungro/TUNGRO1_135.JPG,Tungro,5314,e9154c99455950aec79d97ac40e4210ea2e3eafcb4830d6a9d0e08182c4eb540
Tungro/TUNGRO1_136.JPG,Tungro,5314,d64ebea06a80b67bbbd1f453706395f9954e9a35417716021eb245711a0d753f
Tungro/TUNGRO1_137.JPG,Tungro,5314,99eeaeac14b60bf06622206dc07a5f3e4e4397faec6a7f154794c1f58c228186
Tungro/TUNGRO1_138.JPG,Tungro,5906,583fdb80b0cf02435f30bb57ef7a06ebb97e917e82dc49d78c68a1d15b3f5bb0
Tungro/TUNGRO1_139.JPG,Tungro,5906,a31cd4d541449c6424ebe1acbfa70720dc05c2bc17ac6d5ed628a28d0f443288
Tungro/TUNGRO1_140.JPG,Tungro,5906,b439702923f6d926c755cdc51fbfd04bd3cca2a7ea1f43dc948b4a5c5f59f68e
Tungro/TUNGRO1_141.JPG,Tungro,5906,7fd780493db9ba6350d44b893ec21e33841d71cc56b0dc3bb7a0b45354e05064
Tungro/TUNGRO1_142.JPG,Tungro,5906,c5a12b8081d1e97190a3a32fbdec771e42eb9497a2c30aab2d74c1ec1399c755
Tungro/TUNGRO1_143.JPG,Tungro,5907,833f7ea740c6b4113c600a401cdb88260e16ab7d58ee9e8499906e5a2e913517
Tungro/TUNGRO1_144.JPG,Tungro,5907,6f3d9aa00fee6d7e18ca04c3bf4e5cfc306fdf4e260c0b0ae0b3f7e2f29cc20b
Tungro/TUNGRO1_145.JPG,Tungro,5907,5f0eec554723fc499bfb20bb76867cc562781071c37a3f617d0c0e0df18dff63
Tungro/TUNGRO1_146.JPG,Tungro,5907,570013c981ebb7092b7ee672ad6634d09f7cf099da3b99a9aac5c7ca45490767
Tungro/TUNGRO1_147.JPG,Tungro,5907,a37067281839951a0da1aa93d531a52e7edeacf57687b0073283bf2b61f00925
Tungro/TUNGRO1_148.JPG,Tungro,5907,6e938b78b322d135b1dead15c87bdcbd15a7586d9237907cc78f32e6760af940
Tungro/TUNGRO1_149.JPG,Tungro,5907,a5a3369374b4a0c5759d1665d9a4b3c07fabe5de4f8ddec13d06a5f70e2bfc85
Tungro/TUNGRO1_150.JPG,Tungro,5907,918604e1b65517f89b8eadf35d81d3fb5df038bcfcd3fcbb11ca232c4f9c2f59
Tungro/TUNGRO1_151.JPG,Tungro,5907,9106d5e916b647fecbe712a375fed805e6b6318c12be2ed8c29660b583286e3c
Tungro/TUNGRO1_152.JPG,Tungro,5822,085a800b51aeb347a3acacf565b0a7af8f8a061ef4711d95fa88eaa237bec1fd
Tungro/TUNGRO1_153.JPG,Tungro,5822,1f96f9870306c6bf83d3d29ac4170a460668acc9cf589160eb5f225ab7c0fd4b
Tungro/TUNGRO1_154.JPG,Tungro,5822,a9c9f395c3977eab1cdbc7e9bfdc049435ea855043ebf1594e005253f7f72ac4
Tungro/TUNGRO1_155.JPG,Tungro,5822,cb3ec1597845f5f57b4bcfecc5a0176bfd1bb8544c757a4337d4970a83c23077
Tungro/TUNGRO1_156.JPG,Tungro,5822,e5a198d41a9f26ddf8546c1c23e3f0baed8d3d484b4169a47a28ef5c02bdb42a
Tungro/TUNGRO1_157.JPG,Tungro,5822,b0af488e24006f64dfe80b7d588fc07f5e84f0a2c7d305d7932a8df3641876c2
Tungro/TUNGRO1_158.JPG,Tungro,5822,8ffd088d1529a34bcfe6332aa0a1a86677b8648708cfd9f767270bacf34165e3
Tungro/TUNGRO1_159.JPG,Tungro,5822,23c4d4bec4b13085c2c8181b2610efefc6f842b8e5ec1b08e038c39356d2ed76
Tungro/TUNGRO1_160.JPG,Tungro,5822,23bfce2453fb4f4d94a0fa3dd4552fc304917a8959f3b1721404eb859ed2379a
Tungro/TUNGRO1_161.JPG,Tungro,5342,7fc59ebc796a697e7461a626824555f83a2f2f08ec54ab9d69b3517ffa67b8c2
Tungro/TUNGRO1_162.JPG,Tungro,5342,bb9497d0214211fab83c21d8440339fab8d90bb8d3dd90ffef999e45c7bfe99d
Tungro/TUNGRO1_163.JPG,Tungro,5342,36bada724d339ff98974dacfb5d5a9cdbf74fa9bb95c81be9179e77bb3648c71
Tungro/TUNGRO1_164.JPG,Tungro,5342,cf54c697a43dbbe0cbce9664a2e25efd6a7a8e5087b4b2ffdaa8103fb6d1008e
Tungro/TUNGRO1_165.JPG,Tungro,5342,d7d58c34e9cdbbfbbec0249f277286617ad9abc3efbdfcd6b0a30b3a716ee367
Tungro/TUNGRO1_166.JPG,Tungro,5348,f124577f62c19bfb5337aabcc578a12a70917a8cb629b52675168961e967efda
Tungro/TUNGRO1_167.JPG,Tungro,5348,7ecbd7362a30801da6a36f2326e25d2aab827a88814b188b1e6874eac7f4b37f
Tungro/TUNGRO1_168.JPG,Tungro,5348,f9195c1c6f67bb612ae93770dda58adf8dcccf87a6b5e391f1d1b5999f241240
Tungro/TUNGRO1_169.JPG,Tungro,5348,56772b929ebd1a0f0dba74e778dff483b2a49b8d3c0e85f1255498aacb0dd21c
Tungro/TUNGRO1_170.JPG,Tungro,5348,e33d8a26f51df88622cf89e41aa4b2ddf4337de29056f81411dd45d6e6ee7357
Tungro/TUNGRO1_171.JPG,Tungro,5348,1bf593e8f8cad135c90d29d3e7050e6937c46638c30f1f35a8e82070244d03ca
Tungro/TUNGRO1_172.JPG,Tungro,5356,fcef5277950cdbf5225224dc4ed27517da757de436e1bbf24d663259d7e8627c
Tungro/TUNGRO1_173.JPG,Tungro,5356,af800b693c8dcb256050fa89456ceedd5bdb49eed580256e2484a712941347c6
Tungro/TUNGRO1_174.JPG,Tungro,5356,821d815345c21321cc7c099d3f3af970f5bb282cb915c2fa8ecc07a4efaef92d
Tungro/TUNGRO1_175.JPG,Tungro,5356,f7ec8c2ecab2dc84ad850cc7155a96d5e8982695bcca7a27467085a274409d8e
Tungro/TUNGRO1_176.JPG,Tungro,5356,0dd8b6e26988c2ddf6f9e548879fbff93b0b17b21dc995e3c80ffa535c2634f0
Tungro/TUNGRO1_177.JPG,Tungro,5356,8a13ec971fef7d283d5daf96721e89f43cddf92cefdd9e3dbea765b3cd6c24ec
Tungro/TUNGRO1_178.JPG,Tungro,5356,cec0ba8934f4f9aee6dd590417d0bf1320d216029af8079143d52c89ac6d1e1e
Tungro/TUNGRO1_179.JPG,Tungro,5356,cd91888878f33d83f7c24c3f3c4a0010adbb483c4dbf5df7a5f26afe1a1558b1
Tungro/TUNGRO1_180.JPG,Tungro,5365,b989a01ab48e42a717e00d358a126760961e1900ca0d983c0cd367b991cb8216
Tungro/TUNGRO1_181.JPG,Tungro,5365,dc4768e9a60f28e0c9eb3cbe3438e5835e33c847eea0ce26c19c2dc96149b412
Tungro/TUNGRO1_182.JPG,Tungro,5365,1912add573a9263ac1196a112a0831aef5f9b5a01dd33bc452adaefe7516e342
Tungro/TUNGRO1_183.JPG,Tungro,5365,a499eda47daf86f57d74d18ad9e9ac6bbddce44985528653c0d641508fe0c126
Tungro/TUNGRO1_184.JPG,Tungro,5365,28250da22ee7f55f226cfa0bc791bc960b4acbb7c10a6cb65a4bb1a74cd26bd0
Tungro/TUNGRO1_185.JPG,Tungro,5365,832e829e09bf97f323c093b2d4fa0f14bed50266986f5ffff95056cd668b0720
Tungro/TUNGRO1_186.JPG,Tungro,5365,e4b3a16446b5cc3553f3f53e706306a0ea2a9772821666a8ce7f71f330bd3169
Tungro/TUNGRO1_187.JPG,Tungro,5365,87a46095c1f716aee82bbff59b395c88cc8a11ed0bf50a255483a3cc2aa5e2a8
Tungro/TUNGRO1_188.JPG,Tungro,5365,b304afb27136272f9e8723fcb68d2f0b5dd81daf47f790afcd559773ac2438ba
Tungro/TUNGRO1_189.JPG,Tungro,5371,c57b36cc21ba5eba4cf483c9bdfb659a9e9fcb7d2b8e379cfb4fb5ed37a91854
Tungro/TUNGRO1_190.JPG,Tungro,5371,3a56ae150d9ba039e9e019ef157870c8663f0a0d55784f8172ae8b7bc0975038
Tungro/TUNGRO1_191.JPG,Tungro,5371,9ce958db4be845d2978162f66d55e30c81ddd1083cad1fd97cd425b9ae701731
Tungro/TUNGRO1_192.JPG,Tungro,5371,6510c651a081410521060d0640134f66bb08044deec9ad8b216f5870f9fa5734
Tungro/TUNGRO1_193.JPG,Tungro,5371,5b715c55680cced14dcd3a815f9ade301da2dbdfea8c4e19fdde83fd61ee0e0b
Tungro/TUNGRO1_194.JPG,Tungro,5371,8a71c97ee81a497bb2d3db013fd354860aee7cf84451508eab07b66177954c9a
Tungro/TUNGRO1_195.JPG,Tungro,5377,859823e69332554127df49d89184a1ef413bad06641137c936dc4c1affc3cde6
Tungro/TUNGRO1_196.JPG,Tungro,5377,78b8d916c3234293c16c60ca452cb1f5588883f185cbd7b632be93464bde7e1c
Tungro/TUNGRO1_197.JPG,Tungro,5377,04adf96892d53068699dfb8956be7915a1af9396d49b2f29b8e3ab2af5936adf
Tungro/TUNGRO1_198.JPG,Tungro,5377,87b9d2cd6c7c74ab78347de27fa63caaf1acab93982006b256d69d5a36a3affe
Tungro/TUNGRO1_199.JPG,Tungro,5377,628a0cffe4037b7109bb8198464a104c53c4d515d6aabcc725ab2494035d9e76
Tungro/TUNGRO1_200.JPG,Tungro,5377,91b69d32bebbc9896045eeb1ea573c7e82e2fdd631f812376a332ad3e883b2ea
Tungro/TUNGRO1_201.JPG,Tungro,5383,d83fddb273bddd7a3bcabce88f66accff237de97e62ee373701e37eeb54614cf
Tungro/TUNGRO1_202.JPG,Tungro,5383,481309ce0eec379773cebc19934b127ef9079891b3616d31ae245aa165155c79
Tungro/TUNGRO1_203.JPG,Tungro,5383,1ecfb81731f65dceb1dedf082b65892d1895e1a88a93a66ae52a220e1d7d0cf4
Tungro/TUNGRO1_204.JPG,Tungro,5383,6933e5797e84e2dce9619c2817a4b5fd15062ef70f2f4dac31c19dd6f587b639
Tungro/TUNGRO1_205.JPG,Tungro,5383,cf659336aef1c89e863bac4098f2232f4ef6ff4df1f324a60983db94ffbf443a
Tungro/TUNGRO1_206.JPG,Tungro,5383,7648d13475297fef37b365760a1b204afacb3e022077993cceb3ff7609de885f
Tungro/TUNGRO1_207.JPG,Tungro,5389,17ed2c3c7344ea5ce2a8268378890c9972ab22f19531812db30587c9b41bde5f
Tungro/TUNGRO1_208.JPG,Tungro,5389,532a648888d391280e84ea1b05812cac030fbaa5a4092c885bb0233f6138695a
Tungro/TUNGRO1_209.JPG,Tungro,5389,106446b10dac3083734e08cff3448ee92646dee372fb78bb1d69bd462d4cfd3a
Tungro/TUNGRO1_210.JPG,Tungro,5389,b3c347bc548129e6078ef4067be27b1da62d6b6ee089d13fdcdecf7bb42868a8
Tungro/TUNGRO1_211.JPG,Tungro,5389,da97d87cd91052d0d64fc25873d65f18360bae9a7a8541384aee94c0b600b5c4
Tungro/TUNGRO1_212.JPG,Tungro,5389,4ae814795f8b8009db199c8a75670b4f5dddab6c7c4029fbd5487eb5e1ba198f
Tungro/TUNGRO1_213.JPG,Tungro,5398,c42ec3feadb477c21f4d4525d4099d556bcf12a256957f89bd2dc59049fd4155
Tungro/TUNGRO1_214.JPG,Tungro,5398,0f0695016775bd51436f160b2bde5584484c21c5027f7371440f894e7e0cdd82
Tungro/TUNGRO1_215.JPG,Tungro,5398,183e0fb9f2c7e7de250c87d730f5058893a6262f8e4150ad3d852590b879a17e
Tungro/TUNGRO1_216.JPG,Tungro,5398,de866c389729a301e8cbc0113cc8069d9c04821662094b9f74b0f392e026e71b
Tungro/TUNGRO1_217.JPG,Tungro,5398,4a75d5c078b1441aa0a17d20a2fb1bbf890033f9e785c9891d673179b6bbd109
Tungro/TUNGRO1_218.JPG,Tungro,5398,7388eb371e5a4b6c86d6b253fa07d2607e248297e8c83a313d8b58524b0bac25
Tungro/TUNGRO1_219.JPG,Tungro,5398,577c8c0cdf9786b845bae640f0c61ece46a892ab35d3b9ee8d08e438a3b0b18c
Tungro/TUNGRO1_220.JPG,Tungro,5398,3f65b6bd0ff23fb5291234304089bf8092d2efced3d2cdd192bba7b87739b5fd
Tungro/TUNGRO1_221.JPG,Tungro,5398,828448ee8fdeea4d0d3bee4b83e923006f0d9c4bad690f73e6378bedc2cc7505
Tungro/TUNGRO1_222.JPG,Tungro,5408,90141574ff3b85e3ef087ea93b6445aa0796d5bddd8021334f64b2b4f79a213a
Tungro/TUNGRO1_223.JPG,Tungro,5408,1567e71171b2b3dd5878602071827b7ebea9f45c735a065738b0203d9a0382f1
Tungro/TUNGRO1_224.JPG,Tungro,5408,9ae936cd6d8e9ae55bf0880b3553ae17c5edb717269dac3b9fca8e1911b8e056
Tungro/TUNGRO1_225.JPG,Tungro,5408,699a17748fddf48c2176013e20fd88109ddfe38570912d97700a683cd5593a67
Tungro/TUNGRO1_226.JPG,Tungro,5408,f8202f3e2e11e87ba2117bf78b7ba802739d5962bd7d7566d325a9bcbfe8eefc
Tungro/TUNGRO1_227.JPG,Tungro,5408,2a4304feb0286de2971023984cc281a43a20285c0de60be5d911775af849637e
Tungro/TUNGRO1_228.JPG,Tungro,5408,cc061d741db853af0afc9ae61c9bde6716634af05cf71d3def789c94647f9197
Tungro/TUNGRO1_229.JPG,Tungro,5408,0eacb913e35abab429f5fdc27d4f4cbad3e207415295d7ad25f837a31b1d2849
Tungro/TUNGRO1_230.JPG,Tungro,5408,a603598fff9208a59678ef4d26a0f43a9fa324c88ca9f6e08e49848590b49665
Tungro/TUNGRO1_231.JPG,Tungro,5408,e7254a6571cee8504bd71fe8b811b1ffe60b07cda8de8a477a96c876b75fef50
Tungro/TUNGRO1_232.JPG,Tungro,5415,27f3ca74775c12d493b812bbbbf5f2e2d7d5b59cd59794028a9062688e32b0b6
Tungro/TUNGRO1_233.JPG,Tungro,5415,fc335fc82260d17c615223e1924df58fd0b0e470515ac82f1a5f81b04f84ae2f
Tungro/TUNGRO1_234.JPG,Tungro,5415,0a9cb703dae8ad22395aafb0d8f10de4b822c0c2ff638fdefff1a2537e217e08
Tungro/TUNGRO1_235.JPG,Tungro,5415,1359f62d396de2fcc6ab91a2b6b4eac4acc40f5ae848162659782f218962c94c
Tungro/TUNGRO1_236.JPG,Tungro,5415,32077133cefe13f154cd8f03596a636cc7974a640aabac5bd380128c698cd1c2
Tungro/TUNGRO1_237.JPG,Tungro,5415,8820c688ad52ffecbb8a551d89364945bb631499acfbd48df550962db0645716
Tungro/TUNGRO1_238.JPG,Tungro,5415,c83322a703dd12daff573091211a6360435824291735a988d4d8cd411ba67df2
Tungro/TUNGRO1_239.JPG,Tungro,5415,ca065b7457f6863537c2c5a2b98f3d2aad4050492d8e949e63decdbce5df3cb6
Tungro/TUNGRO1_240.JPG,Tungro,5415,b7f62dc5c5b6cc225472c9e0d84476db2c393f339d8fab301cb60f5b6ee9f2ee
Tungro/TUNGRO1_241.JPG,Tungro,5427,78b566c7c1a28369d2e32013f9b3ea20c13fd4fc6238aa3f8f690fa49d3b453d
Tungro/TUNGRO1_242.JPG,Tungro,5427,9460075c6a16e8d777c8842870a958958027104f2d81ab4eee9e2ebdfaed3dac
Tungro/TUNGRO1_243.JPG,Tungro,5427,0662fac76dce6a6627d5c330da1ae4262f8d88e503a7710783fa122ec7756d1d
Tungro/TUNGRO1_244.JPG,Tungro,5427,dac626f25694c2bfb57e80391c5a0262f206af9481ac0c478d47cba4cfe76a97
Tungro/TUNGRO1_245.JPG,Tungro,5427,8046b562c463523c707dac6e497dfdac5796ebcfbe063505a40913b133a92a02
Tungro/TUNGRO1_246.JPG,Tungro,5427,0e1d1fa991f6c215f554ec49c31200fb615538fe04a18d7ededeaf270e6bb902
Tungro/TUNGRO1_247.JPG,Tungro,5427,37892dc2c691b7175cc44c0fcda42fa39222e8e7717d2c678eb7df87f0a2a04e
Tungro/TUNGRO1_248.JPG,Tungro,5427,217808f23cbbd386cf37eb147f53d5bc5d27f8a48c6e785a59f06540632f42ed
Tungro/TUNGRO1_249.JPG,Tungro,5427,336a711298663da276c704512930185c941776b6fcf677327dfbfdcf63a0f3d2
Tungro/TUNGRO1_250.JPG,Tungro,5427,8bd61f08fce1e288c5e00369c1dd7e975bd6921fb73cc91bb033239e165a18c8
Tungro/TUNGRO1_251.JPG,Tungro,5433,34aaef33ca65cb9ae463e0205caede0e7f00e2f2042dffc9c6d8e936948e175e
Tungro/TUNGRO1_252.JPG,Tungro,5433,e62749d391025a5637911424bc7ed97e230e37ab3b6cef1aec66f09bc64f6d3a
Tungro/TUNGRO1_253.JPG,Tungro,5433,c24b1a4daf8fa3b166e2758763c7b3e8e063089ac216d63c48587d68a2253348
Tungro/TUNGRO1_254.JPG,Tungro,5433,7b6b0022d2a98541f12e7fe54e9624bf17da596c31e7eead0ba8b95132f9a704
Tungro/TUNGRO1_255.JPG,Tungro,5433,74c346e96d54b644bf11ae9f7034ac49b8a14032b88a0df0be072ba9df1d8059
Tungro/TUNGRO1_256.JPG,Tungro,5433,4b42f69059d3a1dee9157da4c1b5840ccc1b7d80fe185025d35cc2b60bce74eb
Tungro/TUNGRO1_257.JPG,Tungro,5447,bef4f9cfd75302d38424b4db9ed9250b199544a93f01765dea7947066fd25e68
Tungro/TUNGRO1_258.JPG,Tungro,5447,e82fb0ecac87d4ade00353b97c17a20afb594b82089abad64c80d5309d2c3072
Tungro/TUNGRO1_259.JPG,Tungro,5447,abf0ded02db8350de131fd253bbaa95da017554ed06392dd5c54c3734e4fb16e
Tungro/TUNGRO1_260.JPG,Tungro,5447,a2afca28113758d25ea8b89cc301abdb770b94f2da974d18d62b518a8af5b7c2
Tungro/TUNGRO1_261.JPG,Tungro,5447,7bcfdff7d756720f280a48bce2487b921bc256003b49701f1729de4f8eab7415
Tungro/TUNGRO1_262.JPG,Tungro,5447,78ef22d0bdd46f3d996d1811470b8ca1f04e7090a49538aa52941d0930130531
Tungro/TUNGRO1_263.JPG,Tungro,5447,603f48fad7fa8cab53a8debe4661006e8f92dfdcfd14f88c0acfb9c14442ed30
Tungro/TUNGRO1_264.JPG,Tungro,5447,a00056942f970c95d80453d5b04131fe135827fbb457e01c2cfc21b5dbdfa324
Tungro/TUNGRO1_265.JPG,Tungro,5447,804768efda49e32c0db3f09a2cad08a87ca942aa5824f9d7c994ea9d194e9468
Tungro/TUNGRO1_266.JPG,Tungro,5447,f1baadec54ef359b5962782cf1331a2bdc6fc119ca44a9123ae896d2dc8e023b
Tungro/TUNGRO1_267.JPG,Tungro,5447,c6092b032055dda15f46852f5846f4e51e3d8743234d9600af5087521aa1c847
Tungro/TUNGRO1_268.JPG,Tungro,5447,6f5a574b1f1ef7350bfdc1ae37476953d02cc77faa0a56945557e893c6dddec0
Tungro/TUNGRO1_269.JPG,Tungro,5447,9ab275eaaacf82fbc4d6fe0a2db7b1961a724817f83a880ad3a6a854f308b848
Tungro/TUNGRO1_270.JPG,Tungro,5447,27bdb9c854d761b2c49e5c2fd48f43e68994dd9b8283b90a86b0dc7a04774b2a
Tungro/TUNGRO1_271.JPG,Tungro,5454,410e980e337ca9743abb87f0941759a1fc17630a401646f1c10c5b0cc6e7984b
Tungro/TUNGRO1_272.JPG,Tungro,5454,d4ef34eee0cc8b193c26ef56cae2e6b2e9acc5581c682eb8c7f87a5e43b14056
Tungro/TUNGRO1_273.JPG,Tungro,5454,e2a2a89c6abd2f633c2278151926af20f3550a6f4d13963bb29dbc270fc71f7c
Tungro/TUNGRO1_274.JPG,Tungro,5454,0ecc79043e858713901ba69c67980f15768b052183d84206549ab188445bcdee
Tungro/TUNGRO1_275.JPG,Tungro,5454,cefb82baba7b33a672c613fc0077fbf62823af0524128a39ae9208819c03764d
Tungro/TUNGRO1_276.JPG,Tungro,5454,a47bf4f2dbce9941582e1b3291ad03e8dfaab82538dbc140b6e0146275e5715c
Tungro/TUNGRO1_277.JPG,Tungro,5454,6d6437482944de4a1d96414ce9b9381ad4b7a98d8ede7aa10c5967cec241d678
Tungro/TUNGRO2_001.jpg,Tungro,4901,5468b7539d6aae7e321a04190b3c13629c04b6fdb40cc47f732998b5423001ed
Tungro/TUNGRO2_002.jpg,Tungro,5459,4a57bd54e67a7512e8b81b7a1cfbb8948929cfc257e3ad76a79eca540668e499
Tungro/TUNGRO2_003.jpg,Tungro,5457,e2f665bce423feb7d56d5b1a0a61cc447135bd5d278fb4e359723abe1e74b0d9
Tungro/TUNGRO2_004.jpg,Tungro,5459,e50a7e8c2845c563c546ea94b8d6db0a30d25ca71f52750fa84543aacc9113a4
Tungro/TUNGRO2_005.jpg,Tungro,5459,04ebb5a7779475393f47aae48c837fc0c8854587797e856f9b0d2882b84451b7
Tungro/TUNGRO2_006.jpg,Tungro,5459,363f11822691531d9fc0fab5166e8a1e54e7d4566b27e9b33fa10badc714262b
Tungro/TUNGRO2_007.jpg,Tungro,5188,5116d47a39d9d2ef52f2b3f86a251f7efc356f0a9517781f09262c52a3cc71a5
Tungro/TUNGRO2_008.jpg,Tungro,5188,4841e3d93b663f3d06b697abd8de555965464fbaeeb0b21970b6493ef48b2a95
Tungro/TUNGRO2_009.jpg,Tungro,5188,3737624fef7fba538d25246a4396bf205a30f144349f095d1bc4723b7227d207
Tungro/TUNGRO2_010.jpg,Tungro,5188,80781ff459b4ed2f1b42315b3324b1b49a843a7a18b63e5d526c027438f14dad
Tungro/TUNGRO2_011.jpg,Tungro,5188,269712d60d6130a70189208a9f5cb5a4922bbefd806ea6c38a5104211271e91c
Tungro/TUNGRO2_012.jpg,Tungro,4914,13b98f7e69de840014c2bef41786449f0ae9c953eee9ed1eaa5e8e100e938a71
Tungro/TUNGRO2_013.jpg,Tungro,4914,453f94cf68ea93c9de1c9175d1431cf401103e13630f55b4d1b88d0d41aa2fef
Tungro/TUNGRO2_014.jpg,Tungro,4914,31f1c885f3d48dc7301192e483dc136af08218c55122cb661ca620e65061aff4
Tungro/TUNGRO2_015.jpg,Tungro,5793,bdddc2dfcf85dadb7c183b575fa7b893e58c671c7f7cee405cff5d3d0be38fe8
Tungro/TUNGRO2_016.jpg,Tungro,5793,08a6fe394ab9bc5b3f399e57b4d308da97a9e92ccd5fdd3796ae9d3849d75d40
Tungro/TUNGRO2_017.jpg,Tungro,4920,626de54b000412d15a5c5ba4ca517f55413c05b0cb5c03728c7f2efa79941df9
Tungro/TUNGRO2_018.jpg,Tungro,4920,0bb5e1eb355444c2465d2fa9a1ab6ec7d5f2b490e36ca3b6a9d22fd5e9413bb8
Tungro/TUNGRO2_019.jpg,Tungro,4920,0aba5faf539bca6309b9a5f2a5ff26a5be045a48f96d8564883751875a71ff2d
Tungro/TUNGRO2_020.jpg,Tungro,4920,2fd422185fea46cdd436e5e12762bcc609de494192c4ccba1f20081b9eefc2f9
Tungro/TUNGRO2_021.jpg,Tungro,4921,3d1aad4a3000851ea05d36f4cd378ea24dfcd5cccc2c6a858f893a157227fb4a
Tungro/TUNGRO2_022.jpg,Tungro,4922,16bd162a77892d1b167d37c1ceab9453b79976c4a87f1ab5a37383ec7983b7bd
Tungro/TUNGRO2_023.jpg,Tungro,4925,7a1c0afe354870910bb5ff19fb4f38b724bfaef639696b4907668f6c628c45be
Tungro/TUNGRO2_024.jpg,Tungro,4925,79b90cb699049d25f9e71688491a417758bc3f3a743348bf5edeb0eb2e446c94
Tungro/TUNGRO2_025.jpg,Tungro,4925,7740d1e0c6a3de41f3bed9116b6de40dd780c0dacca6ed9454cdb373526d212e
Tungro/TUNGRO2_026.jpg,Tungro,4926,f0c12c045789d0c902a1b58b812dbadd64de4c253dd13c1510dc7652e976b026
Tungro/TUNGRO2_027.jpg,Tungro,4927,585d414a6d71391f080eb4f804c5d1fb71b668fb66cd775e64d5b6f1a0b7ad00
Tungro/TUNGRO2_028.jpg,Tungro,4929,87e04fc7999ebb84b3fd5319a648926c040ddd4b557e3280bd5708859d8a8414
Tungro/TUNGRO2_029.jpg,Tungro,4929,b701e7d1c91f64dceebcdce77c1ec2c5d8536c87e268c0cb00cb375ab75b2b1a
Tungro/TUNGRO2_030.jpg,Tungro,4930,906db55840cb69f473031cb017d2abdbc90c41227d19774749c05dc22fd3702b
Tungro/TUNGRO2_031.jpg,Tungro,4931,03699b6e7602684b702a427189ff26b12443bf0d91d45526a1bd8457fe1b596f
Tungro/TUNGRO2_032.jpg,Tungro,4932,567d94c6703ff9926d9b4238b6e18b0ef8ede7af5a66338700c7a29dd258e95a
Tungro/TUNGRO2_033.jpg,Tungro,4933,ea35678a1c26155c817e8d32b69b493c54dd1cee1d2445f86273bf7e48b3ac92
Tungro/TUNGRO2_034.jpg,Tungro,4934,11ab8a685b914524d5416f5737bed469067799267b49106c5d90e38c5fea9691
Tungro/TUNGRO2_035.jpg,Tungro,4935,cc671fb2a1e8a394bf3a66d30513e40bd779a11dd1dd8f3145973cfe9d2a6d28
Tungro/TUNGRO2_036.jpg,Tungro,5490,1efe8dbced3c71b2df411c056b72c22e78f04332eff5c76dd0c6ba9af464f477
Tungro/TUNGRO2_037.jpg,Tungro,5797,d5047921169e0fb6750bb570634f6cb3c5ffe1359accdf5a5110cf1698c6433e
Tungro/TUNGRO2_038.jpg,Tungro,5797,858c042a70e429a93ec1b554511dbed666e7f8e06c9c88c62c05da5a97782297
Tungro/TUNGRO2_039.jpg,Tungro,5797,12331ddc484266a9a0ed81654f8c39d6e800f338c73e43eee3da968089acc165
Tungro/TUNGRO2_040.jpg,Tungro,5797,d1d49be6afbcd20cb3300da62b505181024fb66475f815f8ac78a38670bf4d7e
Tungro/TUNGRO2_041.jpg,Tungro,4943,87df63a0a5bee2018cd94777f962ef461994b20ce986802230ef96988f8f0a97
Tungro/TUNGRO2_042.jpg,Tungro,4942,9cc8cfca795f6d69619b4c4c2d2c72323d1c82c1c02bd796eee52e43544f01fd
Tungro/TUNGRO2_043.jpg,Tungro,4943,46754e87ed3726fb57af6589d692e808caf3bb454729d842a0c59b5add33372e
Tungro/TUNGRO2_044.jpg,Tungro,4946,c64d2892b6a0d1eff704ce6993b2b45e75e999b451465d2665e2edd8b2cdaa64
Tungro/TUNGRO2_045.jpg,Tungro,4946,88fba5b73a5d0fc0a22467cda4e5d7d323c9cfa3bd735955aaa18b800795c8d1
Tungro/TUNGRO2_046.jpg,Tungro,4946,532f4ec0e6236abbe42e169a9565d12b8eb1c5d35dc0dd2d30271f8601e62572
Tungro/TUNGRO2_047.jpg,Tungro,5800,52dd8ae8635d8c19f2f9fc07daaf151dd4f71617fb00f7742ef824781115ccc4
Tungro/TUNGRO2_048.jpg,Tungro,5800,4572f22af81c64912bcf629901125fc9e6700b79c4f02ae1fbfcce618a2cf026
Tungro/TUNGRO2_049.jpg,Tungro,5800,d9d867f6f6539eaff3d4684e2d4cb0d37a1a29efa243e179d8936fc3f0e10ebd
Tungro/TUNGRO2_050.jpg,Tungro,5800,940a2d9f4a47852077f8b553972e2f2e5f28dbf4545c755eca38fc8ca43d8573
Tungro/TUNGRO2_051.jpg,Tungro,4952,81df55e99255e97dc5c04457d0589d5263fe6d3bd3737d1b8556b1da193e01ea
Tungro/TUNGRO2_052.jpg,Tungro,4952,a517e1989758394eaa64a123a32f4a9dde95e9bf8787e8f771d1389687264d2e
Tungro/TUNGRO2_053.jpg,Tungro,4953,9559ba3fdc2675e5681c208dca475bb0e2cb17cfa29864c5d46c7c532be7b678
Tungro/TUNGRO2_054.jpg,Tungro,4954,3ea4dd1fde2560ba41aacef84d745d53ef1b4e41a1893536bd70af75846c580b
Tungro/TUNGRO2_055.jpg,Tungro,4955,196c6ec20d0359edd86c865a1cb48de435637ce864b5e522e752077b9cbc3745
Tungro/TUNGRO2_056.jpg,Tungro,4956,d275924a2ee0ee734520ba1297ebeed1e96a0bc2e3f13a33fb97409c19a052ea
Tungro/TUNGRO2_057.jpg,Tungro,4958,7b6547190d588b92782b24edb218d5cd71586fa75085d8c6d8d4dadce2cac828
Tungro/TUNGRO2_058.jpg,Tungro,4958,78b115673151ad0cedb0d747e945dff19a5cc61d25b85b807be84582cea89752
Tungro/TUNGRO2_059.jpg,Tungro,4959,7bb2812478c56b4c5722fbcca3125a61c83a17c64c08a20343d3f9a335a6b9e7
Tungro/TUNGRO2_060.jpg,Tungro,5891,8495da249f2bbde93b6d6d4b2caa5a4fccc918021c695b4daaf84d0d5eeafd24
Tungro/TUNGRO2_061.jpg,Tungro,5891,e127d845fcc94f816c20c3c80003e129f9ab2204e5ded60f18bbf8688a69d250
Tungro/TUNGRO2_062.jpg,Tungro,5242,a83ab189636c5310985a39d4d383e919016a56ed96a02419b3262479d89b6e6b
Tungro/TUNGRO2_063.jpg,Tungro,5242,230c396bf4c727f0509448317a4eb0270cfee3049af120a7ee75180905d28201
Tungro/TUNGRO2_064.jpg,Tungro,5242,27ee55f5582b739ad14d00a46c537de68bf05947dcec31a88ee549429a3608a3
Tungro/TUNGRO2_065.jpg,Tungro,5242,1b3394999a4dd1d173e354679bbb1f86f3d214e9b0cdfd37d5f79b2d4a4561e1
Tungro/TUNGRO2_066.jpg,Tungro,4967,7ab4de23f1f2553c968f7bb508e16aea5a0786894673f001a21a579b0cae7da4
Tungro/TUNGRO2_067.jpg,Tungro,4967,485a89dbf4f8fca7ab3290584cca0ee4b14269865296f1369221f17f7c3eb330
Tungro/TUNGRO2_068.jpg,Tungro,4968,62a16ffd5b4e355d10e84af8595f876a7316ee1b2f4104e678b694b5779da279
Tungro/TUNGRO2_069.jpg,Tungro,5250,eb9b18b43eb2d9d6c346629799d842db6dd02fa1c802f3ffb0f74b6e9a7d1abe
Tungro/TUNGRO2_070.jpg,Tungro,5250,6389313fa210fe77b951dd4fda481f406cc045fa4e43cb2ff45e2288ff1f761a
Tungro/TUNGRO2_071.jpg,Tungro,5250,896c6bb0c7851853f173bef8d4800aaddcd8a85f75f1ef96bf19b2efe152db8a
Tungro/TUNGRO2_072.jpg,Tungro,5250,df9b81e760e461972134f60d90703522b8d7b43040ec555041b7383a4f4bec2b
Tungro/TUNGRO2_073.jpg,Tungro,5250,6a0c4a3f8aef879dd64f06eb7f2aff29ac4e74b0c463def568ec7ad93bdb3426
Tungro/TUNGRO2_074.jpg,Tungro,5893,d6ca9958782bc8f671754862b8edd8ffc0d5ea890abb8d70c7f07cfeb2c0ff4c
Tungro/TUNGRO2_075.jpg,Tungro,5893,3293296e0e3dd3a95ac79bbdf39af00ec81cbba56ad01d75a2701c8776150e2e
Tungro/TUNGRO2_076.jpg,Tungro,5893,6036e0f105035ab283c9f6ba6031acbfcf6a3248a0e0139917c0e79a81e0c77c
Tungro/TUNGRO2_077.jpg,Tungro,4979,9c30bed0e210d89d6a987ab818617f56119bfd90c860a60224d8a38f981c8929
Tungro/TUNGRO2_078.jpg,Tungro,4979,bce7f32d20434461c97727d0cf90aa1e3637a7b552094094cefd00264295ddea
Tungro/TUNGRO2_079.jpg,Tungro,4979,e86bf610c1bccb1ba74c99c5ce4d66db47d8572dd542624f2d19ea6c38d4148b
Tungro/TUNGRO2_080.jpg,Tungro,5806,312db0e54abf9bdcf147d69236b32ea5e88d6837001575f80680c60c8d5fd38a
Tungro/TUNGRO2_081.jpg,Tungro,5806,ff885f82756b0af48aec44083013219d918d862d48e176f9003acdca226a3fe7
Tungro/TUNGRO2_082.jpg,Tungro,5806,0f6504d181f9973c00d20d412efeba4c0974978ed822c344b2fbba7d2f59228b
Tungro/TUNGRO2_083.jpg,Tungro,5806,783a85afe5dc3f80ccdfb35d0dd0b04d0923a4ee777489300ef17a96fcbadd4b
Tungro/TUNGRO2_084.jpg,Tungro,5806,139aea060d18169c6866cc0c3ff77b1de2212cbc79a52224f7a27128126a6616
Tungro/TUNGRO2_085.jpg,Tungro,4987,6732445fa0bb0d6e7ddacd8d67160a8126b447d928609f2b617f2a82a98b364c
Tungro/TUNGRO2_086.jpg,Tungro,4987,caeebc70a0edbf1b1e05e0261941b97d5f44000535c0b7f437c805000abf914f
Tungro/TUNGRO2_087.jpg,Tungro,4987,87d68e23a2dfc1aa0051a0ea1acbe9a0e6ded687351653e6cea3574e592d8daa
Tungro/TUNGRO2_088.jpg,Tungro,5799,823d0a9f227e1ac917631158d3bcf5360d2261fe1729a3405482d606efa82ff4
Tungro/TUNGRO2_089.jpg,Tungro,5799,f9fc01f7c8d2dd22c467673eb8925c4cee24732b646aadc50b3f42866704210a
Tungro/TUNGRO2_090.jpg,Tungro,5799,a91eefc9f5659489629f30e35963a830bdab875a06846dc60881a47d9e1b82e0
Tungro/TUNGRO2_091.JPG,Tungro,5897,bbb84067b80f0fb433a172853bf0446f7843cc2a17b8069c3d2779d935513931
Tungro/TUNGRO2_092.JPG,Tungro,5897,2478e50768c1ba5cdcbc8b8d1cec027755c9e16fdfdccb8ba26e8bbed62be10d
Tungro/TUNGRO2_093.JPG,Tungro,5897,bfb3bcbd4332aa22f993e59dd1949be259edacbc25fd7d6f53430db43acc3c06
Tungro/TUNGRO2_094.JPG,Tungro,5897,c4afb181da8f9a159735a5d7df1bd86200e95244b491ad2d1c80dbc2907e9934
Tungro/TUNGRO2_095.JPG,Tungro,5897,7ba55b3c65d144c3aa1cdfabf410d3c7bff96e3654990493baa5248a0b2e6fea
Tungro/TUNGRO2_096.JPG,Tungro,5897,6ddf584ce38af7542f03280b1175cda2dc1d688e38580468d0c4914b8dc899b2
Tungro/TUNGRO2_097.JPG,Tungro,5897,2c3973a313a8dcb69023453f535acc2930057dfc1dd9e231820785c42bca59f4
Tungro/TUNGRO2_098.JPG,Tungro,5897,d741ae59b62d4eaf0edf7db98bb99ddd83a407c0674d410739f3e7f6ed129881
Tungro/TUNGRO2_099.JPG,Tungro,5811,2e1b652eed5214fdbc8b777d29b1cab22a1bba963f9d8ddd2e4a80c87dd57cd9
Tungro/TUNGRO2_100.JPG,Tungro,5811,2ff2e3c1eaed7202b21699622007a581591cfd8ddd638a45a78a08f403d0a8bc
Tungro/TUNGRO2_101.JPG,Tungro,5811,14a84cd4688ca5403f11e105d2a156a4b0db21b2776da87d98c68608a548271b
Tungro/TUNGRO2_102.JPG,Tungro,5811,749c5900ad0d2e4589b54f80716e7e40415adbffddab4865e436595df882a334
Tungro/TUNGRO2_103.JPG,Tungro,5811,f472e71b144a320099b0b26d7271068d59c66761fdb3aec306865f8ed938c67c
Tungro/TUNGRO2_104.JPG,Tungro,5811,2e14d73e9681a5e5d3eb2673ccf814300409e9d23823272b1a458c7bc82338cd
Tungro/TUNGRO2_105.JPG,Tungro,5811,5427b49a4582def43a918be55461811793973f948bec2219327bf369d550dfaa
Tungro/TUNGRO2_106.JPG,Tungro,5900,ace3747225fe9669dc0946759135bd16744ae8ea512078423435ac29939ffba3
Tungro/TUNGRO2_107.JPG,Tungro,5900,42d935778edfec9d7a08a74ba0ca0e6f89ce527e9b40b07112937ff02c79b25e
Tungro/TUNGRO2_108.JPG,Tungro,5900,f25c55b8f94dd958e5acb3d453aa4beb57ae92033de14c8ffe0dd254f5b953d0
Tungro/TUNGRO2_109.JPG,Tungro,5900,71762b051c34a6be3a4f241384920ce08e46d100f0401d9932f0d9979317d2e8
Tungro/TUNGRO2_110.JPG,Tungro,5900,02bd44a0bc80bc31a9ccad05e21a3623ab36833ba3511ce8af18e843441b1c45
Tungro/TUNGRO2_111.JPG,Tungro,5900,b6381a5581473dccc446fb5ab36267e345b00427fe10a68fe553bb754bd6bf22
Tungro/TUNGRO2_112.JPG,Tungro,5813,ed0a9c920738c5c344ee8cbeb5dfb6666069923fbf4ad4983acfbfe358f44df4
Tungro/TUNGRO2_113.JPG,Tungro,5813,605e3ef7ac8db55c6b85684d9568d0177df737441facfc60fbf74c8e492e50a5
Tungro/TUNGRO2_114.JPG,Tungro,5813,09910ac6125d7f75d1e650d6a5b23c06c05d1bf1fd993a8ae963c52a58937c08
Tungro/TUNGRO2_115.JPG,Tungro,5813,9e5408f9108268058a862712d229c279c6fda0218001b593a618d0a38f4b594b
Tungro/TUNGRO2_116.JPG,Tungro,5813,5ac63c88c7e094388ed4c548f02abb351ec0d673f5b64563a51f53fc732881b8
Tungro/TUNGRO2_117.JPG,Tungro,5902,a2bbead4fa6406716cd5cdf851b4087bfa5c581cc2faa839a3de74f2dba94c42
Tungro/TUNGRO2_118.JPG,Tungro,5902,b0e8e615ac76a487b84d2b39c7c4b2704b179fd70f0566f2e89f1c89777e1e98
Tungro/TUNGRO2_119.JPG,Tungro,5902,f295f166236c4f40507a337d330627035049e159be92ae71956f1c6ea54dff00
Tungro/TUNGRO2_120.JPG,Tungro,5902,6b7af3f5189c1a5496c237e6bb22678309bcba79a564e9b9aa056848ec9983da
Tungro/TUNGRO2_121.JPG,Tungro,5902,b80720f72cc10d23d1cf11e2aaf91aa1677d26b027d553791a74b592f357e9da
Tungro/TUNGRO2_122.JPG,Tungro,5581,0229d47526ff7f85dc0dd04b180496c3d02f93f84fd558d48e27ca4cacac7420
Tungro/TUNGRO2_123.JPG,Tungro,5581,a4a65d2f601255f917b185e71af6811188a602d61247c3976a2298f3602cf191
Tungro/TUNGRO2_124.JPG,Tungro,5581,ab22cfde30148df9fde00696a0a955fa6166ca7f12d484d1b8acbdf50705f6e1
Tungro/TUNGRO2_125.JPG,Tungro,5581,bbdc0713f3c7cb770b4f6b43a54c57c398ceb63eab755308a15556a7370a1be5
Tungro/TUNGRO2_126.JPG,Tungro,5581,417118d63f8a038f0713c15ec70a201e607bcf8280bed8a9a3267d66b58ef0c8
Tungro/TUNGRO2_127.JPG,Tungro,5581,43aefddc24490a88e7241c9abf738cdbc2bc5b57a7c75b9543054587f88a4508
Tungro/TUNGRO2_128.JPG,Tungro,5032,79b84521d1c464d71c6dc1d1df999dab5d0e80745178f2decb9149ac0406bac8
Tungro/TUNGRO2_129.JPG,Tungro,5032,1a82e132f988d6092e21f79a80a147b42503dadb742750f151a91a651ac68cf9
Tungro/TUNGRO2_130.JPG,Tungro,5032,6497c8d3ce18f89e461dceef786f3902bbb64aae197b1d10a9cef8844bdeb3a6
Tungro/TUNGRO2_131.JPG,Tungro,5032,a922613f1e9216bed71f860eaefda0aac9aba1ffb2945915fe4ee6b319b62b39
Tungro/TUNGRO2_132.JPG,Tungro,5032,5ca3cfe1ca83517938f24dff4c737792792374e798a7b1baabd0ae187642f643
Tungro/TUNGRO2_133.JPG,Tungro,5817,ed068f789e8d4edd261050f9c9084c60046a29267db75c942c87cb5bedd1bf03
Tungro/TUNGRO2_134.JPG,Tungro,5817,477c0c6af36d00feb20d8623670b429ad0b44be19beec2c7769380cb5e4b1c88
Tungro/TUNGRO2_135.JPG,Tungro,5817,05c711d83b6f29a6eb9ae88b7c6700cc6126f877e71c8f9fc5863e485e8f3440
Tungro/TUNGRO2_136.JPG,Tungro,5817,945e9b874d33152bfd58b7be1c14c7dd7840eb949a44cd0a52ff9065e9d293e9
Tungro/TUNGRO2_137.JPG,Tungro,5817,277afc2a91abfe8ab182665bba90f4efee551e2a40ba5b6c117f3f612cd4ff23
Tungro/TUNGRO2_138.JPG,Tungro,5906,2875dc7c7ed17b866df3ce9006755079ed22a55333b3f11d386313379290b93c
Tungro/TUNGRO2_139.JPG,Tungro,5906,556171b0818e47df837257ccd8cd80d64eb313b17f8c2a79afa36f2c57a47fb4
Tungro/TUNGRO2_140.JPG,Tungro,5906,c1f413639170466bcf4926c1e63ad34c1c6740697a72f824be074d778c258ac1
Tungro/TUNGRO2_141.JPG,Tungro,5906,d7d3e09fcdd57f7830e04dc7fff74043f74d1da3482911df01fc23dddd26352c
Tungro/TUNGRO2_142.JPG,Tungro,5906,e73a402b5c2e087c0f2face54b1bee186d588953d76b109194dc81141417a76b
Tungro/TUNGRO2_143.JPG,Tungro,5819,1432321c1dfb4270f0118babca50716419c67d52f4403a26cc98f921c3a0ae25
Tungro/TUNGRO2_144.JPG,Tungro,5819,c2d70f34b3d62dc16d94579188879cae7b6a4f0e19eb0e61a83692389d1cd299
Tungro/TUNGRO2_145.JPG,Tungro,5819,f3ab48e4907c5426c7937325819660a2336ae0aefa7909ea5654885dcf3602ed
Tungro/TUNGRO2_146.JPG,Tungro,5819,d58baa8224a892a7a7e5a8dcea70ef2b340f18ce73e9d08734f9da07efacf2e0
Tungro/TUNGRO2_147.JPG,Tungro,5819,c7c466c5a86ca1fc97598a52fa1d565ed3f5c3cc34d0d8c117d20a5f79680860
Tungro/TUNGRO2_148.JPG,Tungro,5819,4f3e128a5b91fa6813d3153979d06be11d2c3f3983a5866f49b5148524abbbae
Tungro/TUNGRO2_149.JPG,Tungro,5819,64f043fe779fe9e25ab8558f0c1bacd3502d24586672cdf105dabba6a6cf98d7
Tungro/TUNGRO2_150.JPG,Tungro,5819,0ec5ecc59d5a9c0d0bfb7faa378ebd0300f4dae34d674972645caa98be3b2670
Tungro/TUNGRO2_151.JPG,Tungro,5819,bbe688fa6400597cb2dee98ca9b4eef9dc5a5ffb8381aeadf9a87f4c8ca78819
Tungro/TUNGRO2_152.JPG,Tungro,5822,a7732911555777335830f49256aed842ba5d68ac9e45adeca57e965c4c9f5d05
Tungro/TUNGRO2_153.JPG,Tungro,5822,00f075cb20d7efb667a06d5f1ea150251ba1979c802f34e9e043b69bb6627ab7
Tungro/TUNGRO2_154.JPG,Tungro,5822,049cd67670f31514d9f1473d5210ae0467b3c00e33a021ea9162b61a75dfc655
Tungro/TUNGRO2_155.JPG,Tungro,5822,c770af630669803489675353ae3ffab255acf40d218e12d5315c3148a3b0ec90
Tungro/TUNGRO2_156.JPG,Tungro,5822,871c19cd65fd5c027e42a65ce1807e8755879d98431dd26cfeb143b78cf067a9
Tungro/TUNGRO2_157.JPG,Tungro,5822,5ef4382a34d2d27d2318b80baf434853f577df6b989e370ae913c8fa55c32626
Tungro/TUNGRO2_158.JPG,Tungro,5822,e8e385ef929a5ccb67c761beac1c3eaecf67a3f1c66d479a45b80396452729e4
Tungro/TUNGRO2_159.JPG,Tungro,5822,fa6cb9bed2b063879b93b0b635c7dc884cb2ea6ef5dd3ada0c0891d6f4e20bed
Tungro/TUNGRO2_160.JPG,Tungro,5822,7ff0bcf862e3aa6e620b7ce2711388ad5bf0740716667aa3b53b6d8f66b622ef
Tungro/TUNGRO2_161.JPG,Tungro,5911,788b2d355cebd0533f33556f9a86106bf0ff50eb48cf0923a7ca5afaa7a5c322
Tungro/TUNGRO2_162.JPG,Tungro,5911,f03cc7541ce8f5629f5c362f6e215590cd7562b64371052cf1efa5c6dc6b100c
Tungro/TUNGRO2_163.JPG,Tungro,5911,26df9d5ae33cc899949bd1ad5f51d28fdf162169ebe1f39a8a40f9f6b3fa7d18
Tungro/TUNGRO2_164.JPG,Tungro,5911,6d2fe40be40b6a92fc0fc006f35cf6b147b3143375acf4cbe77ab3d6530c1cfb
Tungro/TUNGRO2_165.JPG,Tungro,5911,ccb9481f4a1bd076c425a3bb1696c97c0d55d624d401131fa207e0bd5e1acd0a
Tungro/TUNGRO2_166.JPG,Tungro,5824,5cdf304ffa493a8f82313e82b6a2512f03d921921b6e50347c5e9c807bf1aba9
Tungro/TUNGRO2_167.JPG,Tungro,5824,41d4fe439b7fff08e3044184ae9dc362b586418c913bdfc4f8b0eda8cb0bc609
Tungro/TUNGRO2_168.JPG,Tungro,5824,48f8bf2e5c15fd7f8fb7e461db070da363dfc08accb62df8cd1acf51040b1044
Tungro/TUNGRO2_169.JPG,Tungro,5824,8fa0afbdb2ca202cbc773baa80e7fd722bf3b90dc8ee1d4b7da449066baf3564
Tungro/TUNGRO2_170.JPG,Tungro,5824,9b59e31d45846343527fc996bfb8b2fc753b1fd71e39c1c941b73533184f70a7
Tungro/TUNGRO2_171.JPG,Tungro,5824,4289e3ed207b72ae9478d32dd0b7bcc3a83c4dcad8421b0105e4d187e7129d04
Tungro/TUNGRO2_172.JPG,Tungro,5079,6cc10012e7d6db4cadf4d319cd16bb0f6787653619695274d4e5a26d13d87031
Tungro/TUNGRO2_173.JPG,Tungro,5079,b142b181d16b56c83c04c51985b8f4c291eb3f40543b9387d315d08a284b0cf3
Tungro/TUNGRO2_174.JPG,Tungro,5079,e637bcd03c98686a69c81de61099cb1ab808ca88fd398eb275ff607375645374
Tungro/TUNGRO2_175.JPG,Tungro,5079,f6f18e123b7aa9c3ec6b389d775fb98ab761779e122fa8e0f385d05194343356
Tungro/TUNGRO2_176.JPG,Tungro,5079,c784598f3559f0a5bfae751b6a255a6299c5591bac36baf7a6e450a93b6a9a33
Tungro/TUNGRO2_177.JPG,Tungro,5079,0fb9204a9d1b0b310093d7f9da5ee33cae1cc3c9a2ab57f0982b1d01129273de
Tungro/TUNGRO2_178.JPG,Tungro,5079,5ce36e6c489130b6c4b788860f5c7aaed077a7a06343e5d8bcb8268db2ded4f5
Tungro/TUNGRO2_179.JPG,Tungro,5079,ea8cafe9ca9b45db92cee6254c37dc84b74012be0eaea29156165fb24fd0c669
Tungro/TUNGRO2_180.JPG,Tungro,5915,ae093783f098823e604fcd5970c5085f516383453ac5f3570cd7ff168b23567d
Tungro/TUNGRO2_181.JPG,Tungro,5915,4382bc8bdf9a39e6296ed2a06f1968399982ef53130e8be9e389f1f1f1f54b36
Tungro/TUNGRO2_182.JPG,Tungro,5915,136f5265dee8aebcb561880f5afdf0bdbcdecd75513f36a4264e6a2cb5e07c06
Tungro/TUNGRO2_183.JPG,Tungro,5915,1b0d2bf04b11b56b0c4f8c6c4837ee7a403ed6a676d345ebe802063c74f900bb
Tungro/TUNGRO2_184.JPG,Tungro,5915,d569f423f2c44851eeebd8985fc6a500ce26715267ba573e93cdcb6e9d782ee6
Tungro/TUNGRO2_185.JPG,Tungro,5915,8e22e5ea7cfad7f488c8e1303695c12dcbc38700f1201ce9766f63fcf2dc9943
Tungro/TUNGRO2_186.JPG,Tungro,5915,9c96ea1b0a30c5090d9d7f370f959f225788aefecda63ae83b177ee3e25f9755
Tungro/TUNGRO2_187.JPG,Tungro,5915,0681de70ee9c345f7b53b2bfc23855805f7ec8b8b148acdb2d484909a35722ee
Tungro/TUNGRO2_188.JPG,Tungro,5915,d3e82742621c6476df9feaffcc8a7dcd51d625e256c1ffa2655de773121dcd42
Tungro/TUNGRO2_189.JPG,Tungro,5828,7e3e3c940da11f00e1511366601cc5a037b72b8e898d5a24c43cccf1c4f0d0c7
Tungro/TUNGRO2_190.JPG,Tungro,5828,0591e12dc4dbfdf9db5b4c611a8e8322d5f04553182b6a57ebc39a6abf0f026c
Tungro/TUNGRO2_191.JPG,Tungro,5828,e3663616f579e0cf3ff4252872c3b4f329f5f0e2b572bef4df188caae14d13df
Tungro/TUNGRO2_192.JPG,Tungro,5828,d7e66cd8fc1369c759dea9ca3c2d9067d5076404bcb75dc540439665fdaabfd0
Tungro/TUNGRO2_193.JPG,Tungro,5828,96b9977be1a4ef2555b9df3e448f709ae481950edf9c773dee295e7bb0d8b374
Tungro/TUNGRO2_194.JPG,Tungro,5828,6e3fe97a2ae4a0cca26a9c2e759cef246799d4e2ba9e88c50c8f6051facfa7a6
Tungro/TUNGRO2_195.JPG,Tungro,5100,9ed8be9c2738709281d12d9c6a6697249180a82f73ca9935233199b54afb213f
Tungro/TUNGRO2_196.JPG,Tungro,5100,db74569062c4958cc248882753b372092244920ff2e87a89f07efd52081a5535
Tungro/TUNGRO2_197.JPG,Tungro,5100,6ec92dd521c879fb5553665763122d5595ea38314f25bb84cf6bca376e83e30f
Tungro/TUNGRO2_198.JPG,Tungro,5100,d05cbb5b48846d435aea94da7717bfc44ba07cb4c6404184f5e5c309ba7fdf77
Tungro/TUNGRO2_199.JPG,Tungro,5100,d50b3b4f6b8cfe3ede9b0788803d2ad4ddd47ab1601ceb3005f05252654d48b4
Tungro/TUNGRO2_200.JPG,Tungro,5100,5b8a99f4cbcd356f2f3c7eb591bf4e810c79d5d8c9168465b587959026558fa6
Tungro/TUNGRO2_201.JPG,Tungro,5830,1b20359fe158448e0bb8a10b5b63320070606204f589fc2092a6172fdedb63cb
Tungro/TUNGRO2_202.JPG,Tungro,5830,647d7a7d631205986a8927977dd00eb43b2ecb3504db1599dfd2870111e84233
Tungro/TUNGRO2_203.JPG,Tungro,5830,3568939849e74818068058764a59eecf752eaae5605ba2b9739fa417d5434aa5
Tungro/TUNGRO2_204.JPG,Tungro,5830,19ae179b802732ff7bb606a88fccab305b3bdb8ca8398309b696a598156bfcea
Tungro/TUNGRO2_205.JPG,Tungro,5830,4509e6d066a35437294c99d8e73a0516eea4070780418c1f3f1d8f0ebcbc7dac
Tungro/TUNGRO2_206.JPG,Tungro,5830,46a9593f5746dc19c4479a0cdcc00cd038f04b88e65c8f2648c0b293f3236257
Tungro/TUNGRO2_207.JPG,Tungro,5919,c0e825999774e78e84a0f95445e97b19d82727b22e4fa13da1f5515ece1e0831
Tungro/TUNGRO2_208.JPG,Tungro,5919,bd5bd2fcf70b5f3ed95d358cb992b51f6e1b3b82cd3cf231e9fbc07427ba3a18
Tungro/TUNGRO2_209.JPG,Tungro,5919,0df51a86c7f0af2d4c4f3b5600d658dff3bde42fb4796779f3f17bb737b08677
Tungro/TUNGRO2_210.JPG,Tungro,5919,01a75cfef68a4ef08c1488eaa1305e627b0a1d1aba2c71706e252801f900ff49
Tungro/TUNGRO2_211.JPG,Tungro,5919,3a111761f8f6ad4223da229bd603a8b3107ad915196be680188d8f71a7902726
Tungro/TUNGRO2_212.JPG,Tungro,5919,558b2ea21c1837782a82293c03a109065b0087c80574465fd9b74a918dc8de75
Tungro/TUNGRO2_213.JPG,Tungro,5922,cb316c8c05dad285f45486e33a752dbd2ed1592d311b7dfd92e47cfd17679168
Tungro/TUNGRO2_214.JPG,Tungro,5922,51316228b209163077fc0abacf03f75f0f6044bfe625aa8db408a6c313075689
Tungro/TUNGRO2_215.JPG,Tungro,5922,98ecfff37d40c5c10125803a5678e5985f8af7d12d35d7ed5e758820d85318d7
Tungro/TUNGRO2_216.JPG,Tungro,5922,258b805895abea3fba8414147c8b9c63fb9650092d4bfbdac6f84c3aa5579574
Tungro/TUNGRO2_217.JPG,Tungro,5922,db53be4192fd32e2af47ee546830433ab196747651d95b3180895a11ff5ac16e
Tungro/TUNGRO2_218.JPG,Tungro,5922,b5fe1973f161ca6895f2ce26aead432221ec5b7634979b7c2efcb5dd30e02d42
Tungro/TUNGRO2_219.JPG,Tungro,5922,4e72a5822420ed5197c3fffd13437378cf6370110a0db2e19359b76aa358cf40
Tungro/TUNGRO2_220.JPG,Tungro,5922,1d5b20f56cd1822d0c4721168f02cc4c4e6e9165d7295bd9e59f9a20ae603803
Tungro/TUNGRO2_221.JPG,Tungro,5922,5e4cdc54e59ce4ac68c4a94f1eb7e266a1b0c243bc3e944dd41448bc593c3cc6
Tungro/TUNGRO2_222.JPG,Tungro,5835,1404a08caacbda607d770819edceb16fdef5416267ab56cad303f57afbcc6217
Tungro/TUNGRO2_223.JPG,Tungro,5835,022de319fb111369e1785535293f369a1bb1283690a939ded859fbb9db2ccefc
Tungro/TUNGRO2_224.JPG,Tungro,5835,5e677ea844913c93bc1bd061a5e8671fcce9ebf74191cdee89ece2f38fa54c78
Tungro/TUNGRO2_225.JPG,Tungro,5835,a1bc172ad13e54cb688ab837b045ea85b8fe800ae5314007c3a9b5a7ab822e3a
Tungro/TUNGRO2_226.JPG,Tungro,5835,a476567db98d7ed8bc5aa495270f7bc873614435b56ba269b676fd158cb919e5
Tungro/TUNGRO2_227.JPG,Tungro,5835,4ce8aed3c5871ceb516788543b8441b88db90bea9bd1f7cea13c95ba02b7a0d0
Tungro/TUNGRO2_228.JPG,Tungro,5835,6c8f28d5681dfff71df4b8e47681eb1c174bed54c43cdf2d5caa93181274429a
Tungro/TUNGRO2_229.JPG,Tungro,5835,4d8d9e693778e64a18e1cc9c727f25c1f7d9511252994bdd01c70baf560b2ba9
Tungro/TUNGRO2_230.JPG,Tungro,5835,cf7e6d436f5a698105337f53a5010e000de3a5b04d478b5e5a7f7dd68d991fbf
Tungro/TUNGRO2_231.JPG,Tungro,5835,68d524c4ddd7c794873b3f24ebfba84c3ffff5cf3ec57a1618075cec96269201
Tungro/TUNGRO2_232.JPG,Tungro,5415,35fb368ab2d2610770769eb91a33532f0e9121ed7f2a43be27efc1f0a9b5c45c
Tungro/TUNGRO2_233.JPG,Tungro,5415,485fcad85e981f868dc05149051bfc20b35edcf5139e8a6e07435dca32fb1c00
Tungro/TUNGRO2_234.JPG,Tungro,5415,dd16905e00d59d0d13ad0efb305437f869ceae27d9ce18f0e9bf07e9643a223c
Tungro/TUNGRO2_235.JPG,Tungro,5415,63b17092d33fedf9308140ab57ba86fe6fa6dd42b53d6f8ce942869f4275d04d
Tungro/TUNGRO2_236.JPG,Tungro,5837,bf2397ce316e072dcece5dbee56d780e763978a805ea1b34fde16f12c5bda1ce
Tungro/TUNGRO2_237.JPG,Tungro,5837,980baaa49d771d7504b3a77f8e068844b29a4b4ba7d07b0ced95e1f7f66fbbb8
Tungro/TUNGRO2_238.JPG,Tungro,5837,7f6c33ae3d14d5bc6909ed28bf4bd2c457ccf08d5a34f54eb200257d90976f5f
Tungro/TUNGRO2_239.JPG,Tungro,5837,8a6b2744f82bc3255d9472c9fbac809882ab0cd1129e2613c299232db52ca6e0
Tungro/TUNGRO2_240.JPG,Tungro,5837,d9f90ea1af73d3a5f32df15395bcf5a3f792b25dc82d07af60c09d4c54755cd6
Tungro/TUNGRO2_241.JPG,Tungro,5839,c7eb4146fd2683902b133e5405f477bea25861c6ccb4fa50527064319b1b2d3f
Tungro/TUNGRO2_242.JPG,Tungro,5839,2387676e6f24c345578d1103a8005c7ca69e66558724de29f90df7760f3f02ab
Tungro/TUNGRO2_243.JPG,Tungro,5839,1924f67e8fbf41585fd2cd8e44cfb068ca0484897e51bc178918601cbb7f72df
Tungro/TUNGRO2_244.JPG,Tungro,5839,a0e39888242e8f82ee24a108bf58271c823bcbdce59b1692f9c12c54e27ab54c
Tungro/TUNGRO2_245.JPG,Tungro,5839,e8a6172cbe92c767ce26ded776c8f31ea04aca7189e80cb8fe9b857581e17e6d
Tungro/TUNGRO2_246.JPG,Tungro,5839,284c766a29bfa121715feaf7d3298d594b27a1c46b344385d9a556bab831ccbb
Tungro/TUNGRO2_247.JPG,Tungro,5839,39386654671c2c16ad056d72d51fdd8df608a55564f2a902eb61c632dc57fb38
Tungro/TUNGRO2_248.JPG,Tungro,5839,b9adb1c85bd3fcf8ef1a8d141a2259a77a44cfc66401829029862a93f691e047
Tungro/TUNGRO2_249.JPG,Tungro,5839,e75c5fbe3bb9144782ba0821802c287a688eb892d666a84eafd59a051ef78a80
Tungro/TUNGRO2_250.JPG,Tungro,5839,3f8775d417766650b864b6fc858ddde4881903ce3bbf7407af4bc7a272e4acd4
Tungro/TUNGRO2_251.JPG,Tungro,5156,7d75c3bf977980eea50972ef8d4deccfa3f8f60bbbefd63b370dec752b3f7d8b
Tungro/TUNGRO2_252.JPG,Tungro,5156,746071ad06d3ebe7946013f37f7dfd33fea9dc7769567076361aead93a14c191
Tungro/TUNGRO2_253.JPG,Tungro,5156,5b39e7016808ed88d70f59293ac840d87ea82f857a0b5326924f855311fdf35d
Tungro/TUNGRO2_254.JPG,Tungro,5156,a32bbc2d67fdc35349b6769ea92fe80d4db03f0e578b0727b1eaa37b6a6a25e7
Tungro/TUNGRO2_255.JPG,Tungro,5156,896cf725cf8632c68fd473cd4f1c109f0d31364a179ef7fb4ee4eaa3b4cab03e
Tungro/TUNGRO2_256.JPG,Tungro,5156,958eef91237233e65abf811a2a3fe528df3f0f191b0c6a2bf933cec13d158cbd
Tungro/TUNGRO2_257.JPG,Tungro,5845,91bb7167c2876144b73224fc664f05f16899e709713e5d8257c8e4e295de272b
Tungro/TUNGRO2_258.JPG,Tungro,5845,5897bcd32f4506f88ffb7e0e80d7d599ac2866c91ad98539deeb05dc6d240539
Tungro/TUNGRO2_259.JPG,Tungro,5845,71969173f3c5e0d180e7fc67a1b44c0b323ee94a8d3e91cb9b8611bcb69f6ecb
Tungro/TUNGRO2_260.JPG,Tungro,5845,4866d3c0ee536721b866945d5f3571d1ddb78f38ccab4bfddb3aa14297476740
Tungro/TUNGRO2_261.JPG,Tungro,5845,48342a0c7ae31e423432e0bd6eace6bac0205842ddb5edb426f2fb0b1113a67d
Tungro/TUNGRO2_262.JPG,Tungro,5845,74ff191d2678a19337dbe9ad947af3228af2813227717014cb6ad838f5bf2af3
Tungro/TUNGRO2_263.JPG,Tungro,5845,a913cfddb562ca07815d32740069836daeb2b91f824f4b367d435b1454652e0f
Tungro/TUNGRO2_264.JPG,Tungro,5845,aa06817a6bb3059761d9f5e599b9069c717e085b62c9908f96a399b14ecd3315
Tungro/TUNGRO2_265.JPG,Tungro,5845,5e686e3f06aa0f22a9e2bad5b4ab0b21113099733d26cc96a7160805ae1353eb
Tungro/TUNGRO2_266.JPG,Tungro,5845,c1bbfaa3d84afb9659060adb0df7b0622f037f3f936f6325dc515e7f61774739
Tungro/TUNGRO2_267.JPG,Tungro,5845,f06d3c431b513b232deffd8e6d499f13c0c077dd06990873effbdff947399891
Tungro/TUNGRO2_268.JPG,Tungro,5845,98b8ccba3e62cb9252fab21f00aaf50137bd7b8f33a6d766b2d587a6a2c8d550
Tungro/TUNGRO2_269.JPG,Tungro,5845,76c259f37dfe99919005cba0f50d654abf553d7a6c2facc7857bd8702fb8e576
Tungro/TUNGRO2_270.JPG,Tungro,5845,01c5e815b82f7cd834c2f0935f38892dbaa9c567d18cea87ffc4dc3217647d70
Tungro/TUNGRO2_271.JPG,Tungro,5878,c1bbd7734986ce25245199db3d45b8214683d231c92446d596733733bd4ddfb7
Tungro/TUNGRO2_272.JPG,Tungro,5878,dd034d0ae79c0d71b93663c7fb254cdbb0f9065ebbaae9e1d6105fa0f7f93f16
Tungro/TUNGRO2_273.JPG,Tungro,5878,d144c773e45856cfff9c267328d5fe7017e8a9b1e05c2419e8398fb0a6be700a
Tungro/TUNGRO2_274.JPG,Tungro,5878,afab1a582c2f640470b6eda0ea5647109507af8af7723501f2360c8d04e79ea3
Tungro/TUNGRO2_275.JPG,Tungro,5878,75450a028c8d78c485410ec825981c4915d8ce5853aa99d24d0dc35c7aefb8f0
Tungro/TUNGRO2_276.JPG,Tungro,5878,03c43b045aff6143c5d413d6e1c0d7f052b6fa1ae9995285ef9d5241de746f95
Tungro/TUNGRO2_277.JPG,Tungro,5878,2542ece46a25bb0a2dc3fc597882dff5ba126d17bfb2c097140929e7e7c59ab7
Tungro/TUNGRO3_001.jpg,Tungro,5178,590a9d0932004095326f0a9f51464798ad1b26b0bfd553860b1570876de5120b
Tungro/TUNGRO3_002.jpg,Tungro,5183,f02201392b0e4ab69b8fc3f520f402ce0bcc8792314501a001dc02d8af1fd643
Tungro/TUNGRO3_003.jpg,Tungro,5180,8c486b8e22fa20c93a1ba272b9285e57fada1c1cbafbb82953aaa917ba464fe0
Tungro/TUNGRO3_004.jpg,Tungro,5183,361dce431ec15a383a6404b07e85cf97d2e7ea8647ea72a01694e1df88d0d8a6
Tungro/TUNGRO3_005.jpg,Tungro,5183,34b81281e542dbc5723b0100fe018674354299a5d00948de5306019cf7be31a5
Tungro/TUNGRO3_006.jpg,Tungro,5183,5fe6b9778e3ad4081006ada58f8b864b32b597d1fabfe22c2e98f4a6d7457fe5
Tungro/TUNGRO3_007.jpg,Tungro,5188,d63af8b22b3aec0a338b7ba11dfc4ebcde39c2d23de1c41a71ba2bf102189781
Tungro/TUNGRO3_008.jpg,Tungro,5188,ecf535a8894dd8237d71f0053ce94d99a17ef68436f225c09fb0bbdeb423d833
Tungro/TUNGRO3_009.jpg,Tungro,5188,42cbd76ac258bb86d3f7b4e5a26c25a1d4d3c5dfa94c00c86bc0035fe4e5466b
Tungro/TUNGRO3_010.jpg,Tungro,5188,048a181d8a693ef4cbefc936bcfd62697cccd17ef57008b1bb0f91a9274b3247
Tungro/TUNGRO3_011.jpg,Tungro,5188,7f631d95c85cb25c02f9221efef9d29e171cec22cab7e94da5f4e3072630886b
Tungro/TUNGRO3_012.jpg,Tungro,5191,652e02b0ac7a4a39f8668910f17a5cdc795d85eb8381eb7faf1456f9bb27c8aa
Tungro/TUNGRO3_013.jpg,Tungro,5191,e30fc04d37f52ececc2688379e3d99cf184931128f217efc44c17bcbc6b2b915
Tungro/TUNGRO3_014.jpg,Tungro,5191,3b8bf4579a69afc2c6a5510cd1df9b172ded58cbebff65178b0c0526a0aaa051
Tungro/TUNGRO3_015.jpg,Tungro,5214,93d10ce2e3fbcad8bc83580cfd8b6bef4209d68fa4cf73cf43337bf352c70372
Tungro/TUNGRO3_016.jpg,Tungro,5214,79f88659df461add2122478efe3146b12e1310e879ddc21fa523a4479b1fff0d
Tungro/TUNGRO3_017.jpg,Tungro,5198,b7a5935c5fd1343561d8cff5dc2843e19f231a61b2c88af109acb9850d4555d1
Tungro/TUNGRO3_018.jpg,Tungro,5198,aa0db4181ab36b66b6d6edf6a1e18b671302c29b0fb92e43d8d74e0790ec6eec
Tungro/TUNGRO3_019.jpg,Tungro,5198,c09445ff51e3278e605c04d6676175f4f0c3e40e8a3fdb1e892bdcfd9e2904a1
Tungro/TUNGRO3_020.jpg,Tungro,5198,c6517b8ff4548a572683a99dcea9bac225b076b567bc98c8d175445f43659b69
Tungro/TUNGRO3_021.jpg,Tungro,5198,0998e51d4aa231500fe6b3de53559878e0b75fcb64fb259ccdfef1ac440f5fea
Tungro/TUNGRO3_022.jpg,Tungro,5199,e43a3c1f797339adfd815f7a8a83be1cef5cf87c242987ecdaaf8a6202bfa9f2
Tungro/TUNGRO3_023.jpg,Tungro,5214,ffc0a0dbf18d92ec506a144f1cea1d1b70cb39a0d64c3c0f3b881ae2e4e69ecc
Tungro/TUNGRO3_024.jpg,Tungro,5214,15ac234e5f16e1ed823288070718ab887ca1011da8bcf4521a711a4a2774e887
Tungro/TUNGRO3_025.jpg,Tungro,5214,99b796f54623fa7818d1c11239311ecfbced5833344d1dcb287d3fb24e64c339
Tungro/TUNGRO3_026.jpg,Tungro,5203,b6da6a826b5068562bf344340d5ca263bec54263646e096cfd6387be6ae5ae37
Tungro/TUNGRO3_027.jpg,Tungro,5204,444be903740d8b957249dad2f5e4c64f0cb15ec80333a8ea6df9715ba9b38315
Tungro/TUNGRO3_028.jpg,Tungro,5204,612dcbc7b449d3916cf91a12623c0f90d50ac1d84990db052fa355b30bd5d454
Tungro/TUNGRO3_029.jpg,Tungro,5204,cf1a352793013a2282b9148e9924bc016778e64fafdfc4cfcffb4df659431c08
Tungro/TUNGRO3_030.jpg,Tungro,5204,1ad6de0ab320178971e36c62ec63ec2e170e5b55c60599e8d8e45a36a505fef1
Tungro/TUNGRO3_031.jpg,Tungro,5214,f7e6b308226e8489048028b2aea1cd00066f15fbc68e8c78322517119b4f8c00
Tungro/TUNGRO3_032.jpg,Tungro,5214,5717d765cf93b3cdf4a81565cbca9c2e5ac9f244d91b3a2922ba66314331179a
Tungro/TUNGRO3_033.jpg,Tungro,5214,a032fe9ee869cf45fcfb423dbf7ad17443ad7d703c19d58cc98018d6a46e4db6
Tungro/TUNGRO3_034.jpg,Tungro,5214,ed0ae4f3538b262b8f4e3690381ffe8a8a98a162c33d0cf0e3996a4f29bbf8ea
Tungro/TUNGRO3_035.jpg,Tungro,5212,68d8f81a77e9e701903e88038c7778eadb2ae71a75acdbba720956b11f8345a7
Tungro/TUNGRO3_036.jpg,Tungro,5213,93e63bf8a735ca14c1b2aa633fd99228cc76fd6cedab0525bdd26510307f9ddf
Tungro/TUNGRO3_037.jpg,Tungro,5214,8b973b47bafb451fbcd49f0d1b99df28725c986570a2690d199b83326ef948f8
Tungro/TUNGRO3_038.jpg,Tungro,5214,5f15f355e3af623eaa78f4e18a6ccad10df59b5bb1f1f7454923e950fcc8a7df
Tungro/TUNGRO3_039.jpg,Tungro,5214,acade59d9e168973c4fc4136b4252d52113c0de3dc029a53639214842c11c4ab
Tungro/TUNGRO3_040.jpg,Tungro,5214,bbc480081c0569da8da07d31d5e54335d0dac03ac195baf8a7005a0e66584d49
Tungro/TUNGRO3_041.jpg,Tungro,5220,f4b24eef9a699fafdd987c43150812e201cb89f1ebe8098a61d214d6cf9037d3
Tungro/TUNGRO3_042.jpg,Tungro,5219,eb0ff5be9d6cd6ed3d645d044fbeb4de3afff80b8af1c76e57f9f12c75ccbb04
Tungro/TUNGRO3_043.jpg,Tungro,5220,fadcdee6692138551e4b6d2a2e0de187751970dbab1bf6f1630e34c6dc3ce8cf
Tungro/TUNGRO3_044.jpg,Tungro,5223,ca18d69ea106d4bb5406346cbf7b3780362f1f72eb4d4e4c143759d9f8ff33a0
Tungro/TUNGRO3_045.jpg,Tungro,5223,e8faab9d500a39f8b7166fcd42fc9a4bad172e5132c88b491c74206d8b37b7cf
Tungro/TUNGRO3_046.jpg,Tungro,5223,e0e91b36964201f124d096b7e63c6832f8cd25880f4edf365320c6c4ff464699
Tungro/TUNGRO3_047.jpg,Tungro,5214,30585e4743d56618c3d6b591263f87c55aca7be591783ce5c31a5ce7c24d19ee
Tungro/TUNGRO3_048.jpg,Tungro,5214,b18e5a2d1e601ed1f6298dd9974176d29c09e75ceba3900b468ccdfdeb80c046
Tungro/TUNGRO3_049.jpg,Tungro,5214,efd1de6578b4996a355c7691e8c2aaa5c6c177aab3636faf1cfe5fd9120cec9a
Tungro/TUNGRO3_050.jpg,Tungro,5214,8d9862fd304a8bc51617d4ccb80e24fc6c94f635a3885114485bbfae68880d41
Tungro/TUNGRO3_051.jpg,Tungro,5230,011d47732839c67aa5800ed586432930ff19b040f08fd01c35d353af266af62c
Tungro/TUNGRO3_052.jpg,Tungro,5230,38b806e37f899bd66f7fb75641e64c9ebbaca43be75e78f3acfdbc35c0b47825
Tungro/TUNGRO3_053.jpg,Tungro,5230,bc08d18a08edd97304b5b7862102f755c706f09502802cccce8ef9aacf4eabc6
Tungro/TUNGRO3_054.jpg,Tungro,5233,58cb02cf81cb6317e41fb08ecf6144df96f02a225c921b3661a94779e0b4d99f
Tungro/TUNGRO3_055.jpg,Tungro,5233,98e001c5aef4cc1648ffa924aae159dc7e512095f798faf826afb7b38acbae1f
Tungro/TUNGRO3_056.jpg,Tungro,5233,cd53e7d8ef6c88832b59ae193eadfa894ea330359939e591ea895073910acfda
Tungro/TUNGRO3_057.jpg,Tungro,5236,1d5282ae6fcc94c878d6d191de2820315dabaa8a9fc99cfa701060ae2836a067
Tungro/TUNGRO3_058.jpg,Tungro,5236,f1fd5cd2b1da164960c6ec0807cc5b76ee2c3a3f28ebbe2e079c54f791cf7cf2
Tungro/TUNGRO3_059.jpg,Tungro,5236,207884b0851fe99d3750285c245ab93a40e2cb8d2f063035269eacdac2fad419
Tungro/TUNGRO3_060.jpg,Tungro,5242,50fb1ccf34654744dc8807b92366f21e7c15fb8142dfe10c07578a5c413ccf9d
Tungro/TUNGRO3_061.jpg,Tungro,5242,a8b74e50ed890007d263e656b2980fec9125a59735c5039759c8138d817e2f8b
Tungro/TUNGRO3_062.jpg,Tungro,5242,624b5b34002151ceb86bdd2adf97fc3c28f5b0dce68ec6e32f1f84be127ca7d4
Tungro/TUNGRO3_063.jpg,Tungro,5242,f58431400e6748691feb3fa08ce8d5a109e6ca0d379ad2494f684fdc13bb8dbf
Tungro/TUNGRO3_064.jpg,Tungro,5242,23c45ac0abc119534e8d2ec520622307b175091362e0910c34298848f97d2e28
Tungro/TUNGRO3_065.jpg,Tungro,5242,5e271141a0d3a11784d3b54f997483018381d513c398034a61d3ad49bd72289f
Tungro/TUNGRO3_066.jpg,Tungro,5244,0689785599507e484dc34ba3b9315eccb157afae8e825c9a082b1c0ae4b0cb3f
Tungro/TUNGRO3_067.jpg,Tungro,5244,35ff4be01041d32794d730a49b1b08b429f2032456e6044bb8aac56528f9f65d
Tungro/TUNGRO3_068.jpg,Tungro,5249,2b368c3a13911120ac470deea44e4a624616aa9cf5e9b99a1a9fffe450fc8ff0
Tungro/TUNGRO3_069.jpg,Tungro,5249,dd5e71d384bcb7c0163001e6234eb5bde1bd649ced3257f4142b08ab4d1b321c
Tungro/TUNGRO3_070.jpg,Tungro,5249,1e6998ce88c795ed231ae68a6c6b21e5c366ce366d2358249661f1d9c09bb5ae
Tungro/TUNGRO3_071.jpg,Tungro,5249,2487fdb82a4153bdd047a57ceaa73c2418d4e1a5b327d0b875811cbc3fd59f53
Tungro/TUNGRO3_072.jpg,Tungro,5249,cde20d233a87ae60d59aca498ed81ed082366d2802cf77bacdf8a11f14ae73c3
Tungro/TUNGRO3_073.jpg,Tungro,5250,9a5d2cd018329e9f73b794a37527f95c5eeab54220a698dfd08d1903edd87d12
Tungro/TUNGRO3_074.jpg,Tungro,5253,32f7e4e358f734bcfdce1af8f42754dbf290ef7ebb6b663254b0b921780e836d
Tungro/TUNGRO3_075.jpg,Tungro,5253,998c2c183ba5cb1559d810f767de4839bdd529b1331a2fbf7420d0384a378e2d
Tungro/TUNGRO3_076.jpg,Tungro,5253,920b00b19423960094c8bb1692d4c293f43364f05954424ff6399de2a277b8b1
Tungro/TUNGRO3_077.jpg,Tungro,5256,b662ca8ef4b906a3de6717a6d309b20430eb2b6096666519cbc26e96845847c1
Tungro/TUNGRO3_078.jpg,Tungro,5256,814e0ca1080da7af8ff9f7a3d2b320d9a12b2b6f31a069310614d36ca567be39
Tungro/TUNGRO3_079.jpg,Tungro,5256,b079c407194dd7943e99c58cbad3f5e222d251bec12c41aaf1a42a07f991480b
Tungro/TUNGRO3_080.jpg,Tungro,5806,8287d4fe0f92f751f47182d684dc58bba1d442c481f0723f6a8f7fa033ba569d
Tungro/TUNGRO3_081.jpg,Tungro,5806,c4b294811828be3b365a782527191beba3f38338e1a4c16f08da786f237fce1e
Tungro/TUNGRO3_082.jpg,Tungro,5806,c771346f4efbc1dfc236cf87cf3684d4b79bd906642890f0c3b83825d1a8b3a8
Tungro/TUNGRO3_083.jpg,Tungro,5806,f686b26e0160ad2fa52b107928a02af63c1d402792fd03046c486626266bf0ff
Tungro/TUNGRO3_084.jpg,Tungro,5806,88b5911d01ec00ca151c1fc1209f21787d5ebe673b088f225e150d10c5ee474b
Tungro/TUNGRO3_085.jpg,Tungro,5264,f0f943fe5fecf2ea504286cdc3f89ae960f40e7c93048f33e6d20525038a6ec4
Tungro/TUNGRO3_086.jpg,Tungro,5264,777203efd5d57a482756ddddf53f039522951e994b046d0977b6bbf138d95532
Tungro/TUNGRO3_087.jpg,Tungro,5264,662012089903ed01a7d8f0b0b415f05b77e9ee0a5593a53b0c2759b827b5d672
Tungro/TUNGRO3_088.jpg,Tungro,5799,e570064df095a1ddfe0b58318dd895e51a89d3d57bf23aa6bf9af98db4031a9f
Tungro/TUNGRO3_089.jpg,Tungro,5799,44dc1d063e3e90dbdee85d0616fe07eb2e50fb47b884f25c1df746a3ae91285f
Tungro/TUNGRO3_090.jpg,Tungro,5799,a495d4b988b4bea246f4ddb6874647944c9c524358b3d9b877ec13610c284c0c
Tungro/TUNGRO3_091.JPG,Tungro,5275,bb649a2df6b33b318ae8f785a33d7ec1d50efe2bcdd625236d1a8ad815735613
Tungro/TUNGRO3_092.JPG,Tungro,5275,0717a3cc3902463f8c7742a9e740ffcb2906095a4b3c08eeaf81b2822160b4b1
Tungro/TUNGRO3_093.JPG,Tungro,5275,81539354ad917dc3232480c61d1c0a30660362c1b23ede5434107ac9ff7d36c0
Tungro/TUNGRO3_094.JPG,Tungro,5275,579e849ded60aea0b5f794b8bfcfdbe9151dc93000a6d6421c01f3278c5855b9
Tungro/TUNGRO3_095.JPG,Tungro,5275,ed339950fe715c0982da3aa604d2cb65a45f6ad1a924386fc27c4ed302984879
Tungro/TUNGRO3_096.JPG,Tungro,5275,8069279e45ddeb1d4f49d9f368861933b356c16ae6cd185bf24907906c3c429d
Tungro/TUNGRO3_097.JPG,Tungro,5275,2d35e4bf3864b3a09193dccdc38b611ce929e2b911ab3b880eaa3aa020ca59e5
Tungro/TUNGRO3_098.JPG,Tungro,5275,ba6c98aa91ecf71f1e45d3e8d5ba183600a46870da559cdee1ca5f6414f5b47b
Tungro/TUNGRO3_099.JPG,Tungro,5282,e2a1b366ebb1455db123bba0c6b51ff04e4577e6d9841054be502e0c40d213b1
Tungro/TUNGRO3_100.JPG,Tungro,5282,eb81632d67188c3fb78f66dc620564cb98f26495b176d8dea0c3e5d2238fc773
Tungro/TUNGRO3_101.JPG,Tungro,5282,5f27e78b97f64ee38bb8cfff15eb4de9c533e2d20819b8468699e5cee266affe
Tungro/TUNGRO3_102.JPG,Tungro,5282,cf3003cd4e6e56b6ba64a7cf00ba707b1490251a0aacb3305597289dcc5db4e9
Tungro/TUNGRO3_103.JPG,Tungro,5282,08e1bfa1239253dcf0a925645afd21fb3cb57d15333f3c8d7ef3004817a33e6b
Tungro/TUNGRO3_104.JPG,Tungro,5282,ed0afc9b2e3898642f2c451f1af93dd0c585d97746da4b293e3b65103c8f9ec1
Tungro/TUNGRO3_105.JPG,Tungro,5282,c2987dd1fd08d3095a5c9df20e2690160d509d2fc4b53921115888a42b7dc011
Tungro/TUNGRO3_106.JPG,Tungro,5288,965ea817d5f2c773b7bd8928ce6d3d2588b914af450d930a8e30b7c24c5443b2
Tungro/TUNGRO3_107.JPG,Tungro,5288,1bc3174e2f08eb448e87d9749b5f61ce9170123e988e55347c1e64ec06e7629d
Tungro/TUNGRO3_108.JPG,Tungro,5288,3a63e8dcb83ccd3b222eb026ccf7960d7f621869bf9596fd7d9346d26356ae81
Tungro/TUNGRO3_109.JPG,Tungro,5288,b494de376d1fc13000e0fd7b124627409bdb98945f1e38cbba78addd8aaf9896
Tungro/TUNGRO3_110.JPG,Tungro,5288,37a7813512ec4d2bc1795883134a0b732f8ec4bec37dfe44d4cb1bdea89c96fe
Tungro/TUNGRO3_111.JPG,Tungro,5288,c32ed684b42eb8aa8f3c92f834c92654782514c67d66e09bb714ce654b584208
Tungro/TUNGRO3_112.JPG,Tungro,5293,4f00ba651773f21117808660b82fe51b43ce05847be75d2c0797277109eb97c4
Tungro/TUNGRO3_113.JPG,Tungro,5293,cfe86ef5d2de50be72d27171a041d82e046b7878ba81459cb2a3aa59673c2f96
Tungro/TUNGRO3_114.JPG,Tungro,5293,b512b27a011b58256805dc7a2c597091315fd981f70229dd655e8781fd349148
Tungro/TUNGRO3_115.JPG,Tungro,5293,2a9e17d961c7a85f2355f4ce5956a766332615435d6fa7ea753976e4909e1109
Tungro/TUNGRO3_116.JPG,Tungro,5293,df90b7194cd556aa69668856b1404e209ff39820b1d539bd85f0b2f267c46747
Tungro/TUNGRO3_117.JPG,Tungro,5298,8b106445cfc3d8fdce0b2ad8e65b527a62f4c014b47fbcdec8340f2e2fcf9a4e
Tungro/TUNGRO3_118.JPG,Tungro,5298,da03f538363a50d972914bdf4a4ac2d1d16d197a2ce7fb221846141fe122e51f
Tungro/TUNGRO3_119.JPG,Tungro,5298,a2cfa0fbdf6095ab285e4843f8a5ec1dd86f0f319757c7fee58522b01016349a
Tungro/TUNGRO3_120.JPG,Tungro,5298,b2fdbda5cf74d701a367dddcdd12ac9953bbb2a4eff380f943b53b7710afb873
Tungro/TUNGRO3_121.JPG,Tungro,5298,4bf683a85849dab7d0d8403747a6b7bd9fc0a2434816874efecd0cf21c246f21
Tungro/TUNGRO3_122.JPG,Tungro,5302,70c419a43c5c594a5ba213337d87c8bf8521a4287f39ebda3126f919db8535f2
Tungro/TUNGRO3_123.JPG,Tungro,5302,765bc068bc9a43d9aad1d8461f0fc8eac84a7d40df4f8a9a8894f4cd9ef813b6
Tungro/TUNGRO3_124.JPG,Tungro,5302,da1f81826d8fdac7af896803f559fc1583f441f4f0fc38bd799658f7fb0fdf5d
Tungro/TUNGRO3_125.JPG,Tungro,5302,b7d16101b5770229304d7acdcab7cd80bc15cfe3f1247453e36eb431bf59c94b
Tungro/TUNGRO3_126.JPG,Tungro,5302,6d5bc9245f3cfa561b96d3edebea658b396f6ef54a895bdc678476fb235b731a
Tungro/TUNGRO3_127.JPG,Tungro,5302,e68ecb78e7393e2ad7d4fb01e9e26c5e8a337016d332e48f3cda469a154ef163
Tungro/TUNGRO3_128.JPG,Tungro,5309,09e703335b663f6a3d41adb35feca2e82c730635181486d41c5e890d809834c2
Tungro/TUNGRO3_129.JPG,Tungro,5309,717a119cfafce15eb2d2c152e03f8a8411df830070c93c8cd43fd7b1dc2a8ebc
Tungro/TUNGRO3_130.JPG,Tungro,5309,a699be825086ece5a400ed7e8408c41dc8f157f24d68c4396157aa099cafb8a6
Tungro/TUNGRO3_131.JPG,Tungro,5309,f97de21aed86257d1fd8b782f05be8f3ff07ecee8a2bacc2ed077e350b32bd64
Tungro/TUNGRO3_132.JPG,Tungro,5309,8126e110811e9c5463b2e271b0df65bae737259f04640db12f0b4a4df95cafe6
Tungro/TUNGRO3_133.JPG,Tungro,5314,2c1514dfe000d50fac56cb0b39d1140198d0939929bc552279669d55138b93d7
Tungro/TUNGRO3_134.JPG,Tungro,5314,eeb32f177b8540910cfe9e5e4943390c2f4d3e19897a0f88ff538fb115eb5066
Tungro/TUNGRO3_135.JPG,Tungro,5314,bb7efd2db418c802b26441d4209d7acb6450fe75c99db9daa1d453a169ef8ba9
Tungro/TUNGRO3_136.JPG,Tungro,5314,a435b59f6551d8f806881cadbcd8cd277e2a22b509a5e2ac20d013ea63d76f83
Tungro/TUNGRO3_137.JPG,Tungro,5314,4fb79f61b3da4532734c068c674e6c1e083b48d7ce7a9043e14d3dbd3d01b4c4
Tungro/TUNGRO3_138.JPG,Tungro,5906,a00e411da072f10ea031f57148b7a4a452e9d826cea405fe828503468d6dca3d
Tungro/TUNGRO3_139.JPG,Tungro,5906,7bc1d810f6e5af8188947d3308e506c75fa1fdbd6c8c6c835b6758cef7725170
Tungro/TUNGRO3_140.JPG,Tungro,5906,0e0be06d776a418e7670edaeb1f096075c09d5e6428215de6f2a006500e75ba0
Tungro/TUNGRO3_141.JPG,Tungro,5906,0c0b59cab94718079625f5dbe965cfc366330d2509a7c246f0b48485067ad2d0
Tungro/TUNGRO3_142.JPG,Tungro,5906,d36a22b2ab10b05723010586c74beaabae520deb8417c2a6c0e11ea805552329
Tungro/TUNGRO3_143.JPG,Tungro,5907,ffa2cb127081581bc36dd63eee57cb237a2e6c17d53d7ba2485f6062fd881dcd
Tungro/TUNGRO3_144.JPG,Tungro,5907,d1afb70065d5392b6b7dcff6b29cda6d39aaf5a62cea152cb1b806f3ac219b02
Tungro/TUNGRO3_145.JPG,Tungro,5907,653f3c69990c9c6a24fe972696ce12bbae00cf383067c68c0587cfcca9ebdca6
Tungro/TUNGRO3_146.JPG,Tungro,5907,d25cf37638b1abbf45d9ea7000aeeafcebc0d6dde57fa0bb618d033084855658
Tungro/TUNGRO3_147.JPG,Tungro,5907,fc61ca7a9932d9829e140f9bb0fb55abc5303cefe55b3af3e87de593c81c8c81
Tungro/TUNGRO3_148.JPG,Tungro,5907,535a4929085f9f5f94fc43c9a1f204841801df79c2ee49132030878ccafc12f5
Tungro/TUNGRO3_149.JPG,Tungro,5907,672e948dcff54593689ebcd035a50061c95c6ecf41aa8743a9d9978ea6675713
Tungro/TUNGRO3_150.JPG,Tungro,5907,af7f393efe26a182b065e7858a225c496f252c80d1856a4c8c77fe88b3088ff3
Tungro/TUNGRO3_151.JPG,Tungro,5907,e4b4013216b6bc60d8a6f1a3a9c3c171d3757ef62f5a3e417b9216921f5a0145
Tungro/TUNGRO3_152.JPG,Tungro,5822,5bc889ee46c1b6542407c97b55923924b9d99f8c75bbfe0ad9a69e99d3b80547
Tungro/TUNGRO3_153.JPG,Tungro,5822,2ac4fcb8a0d1627fc32fee532e705a0750b1e783ddda5def2af794ec0567cea9
Tungro/TUNGRO3_154.JPG,Tungro,5822,d98d9e8f40fb5624eb09f612bed29bc9155a3d4ffb54286f2529bc4e3bc3b42c
Tungro/TUNGRO3_155.JPG,Tungro,5822,ffd31117d81a0f64042c9f4e293a1afb4169c7382f8d88bba00bc7ac996524dd
Tungro/TUNGRO3_156.JPG,Tungro,5822,7a09e7ee5fc8452e59a447dfc37a8cdecf465afd04650a63964ba1dd46e15ed5
Tungro/TUNGRO3_157.JPG,Tungro,5822,b026a206a291151ddf8aabed8d53be73be00d9a8a0b7faa5d33872209466806e
Tungro/TUNGRO3_158.JPG,Tungro,5822,00dda348801a0ca8ea3f31b6486d2b97125bdc25b86cd4c03604ef848b153d8e
Tungro/TUNGRO3_159.JPG,Tungro,5822,5771e3a1aef22668e6ec8fa44920c0f1903f6f935819abed4635c44967b7289f
Tungro/TUNGRO3_160.JPG,Tungro,5822,fed2307e02eda6bcee76d4e6b4bdf858ecfc87a9aabadec62a0478825c40e139
Tungro/TUNGRO3_161.JPG,Tungro,5342,377519915b2329bcd74f1e9cd37c82f320b8254740bddb401f4ff304327c28ad
Tungro/TUNGRO3_162.JPG,Tungro,5342,be6d1a5c1cebb32b2dcf6365a76309d95586e39c3ee0bbfd0dde438ea3d04440
Tungro/TUNGRO3_163.JPG,Tungro,5342,9a5879a94fb66cb35e398028331cba1ef2aaf3ea04e43f68d319f5f2942868ad
Tungro/TUNGRO3_164.JPG,Tungro,5342,f79448ad55c123d1dc686ca923201685ff31526f564b1954dc07ef813c0a64f0
Tungro/TUNGRO3_165.JPG,Tungro,5342,d6019c8b4239388acce93575355d01a5b285785203abc25f47d6d7aa93912eef
Tungro/TUNGRO3_166.JPG,Tungro,5348,2490d693e08476bec61fbe341f62820adfa6e80086c55ee8a41ce6c776beef3f
Tungro/TUNGRO3_167.JPG,Tungro,5348,ef6763d49d78d2c4855c0c44b86a8c17ad310be24898941d655382bc78de9d48
Tungro/TUNGRO3_168.JPG,Tungro,5348,d916935f46e71367b258b0a0cc6dc79147a33134ff0558963325d2e1afcc39b4
Tungro/TUNGRO3_169.JPG,Tungro,5348,3a99bcf029b7516e98f2ed5bb0158030677cae04fc425b2eefd49cf06870a731
Tungro/TUNGRO3_170.JPG,Tungro,5348,2f3bfc394afa9d4b23a2121691102e61fe13e6a8cef2412360c6fd431a364359
Tungro/TUNGRO3_171.JPG,Tungro,5348,bae8dfe21db01b32dd8e20fa1ff9a001516ae9fef3d19ec237e82b3276939fc5
Tungro/TUNGRO3_172.JPG,Tungro,5356,432751a91285d073894c5dfb38f97dc6f5adb6af4018d8fa7f1acc0dca002bf7
Tungro/TUNGRO3_173.JPG,Tungro,5356,78422fa5f58315577de0e867a75fc7dacdb002075f85090d088cd15689661188
Tungro/TUNGRO3_174.JPG,Tungro,5356,4b447d009b5573c304a56fd21abf902baafc4dd9ffeb7b51290a98da59326761
Tungro/TUNGRO3_175.JPG,Tungro,5356,615d20daa062e467c41a7ec7eb963e774b1d01852e964ba060e4b8f7136c7b5d
Tungro/TUNGRO3_176.JPG,Tungro,5356,5ac00907564d134cc95d72b52428332ac94eb97a1aafa5ef0cad3c1efa065c18
Tungro/TUNGRO3_177.JPG,Tungro,5356,f1ee9def2fd477be03687c26434777fafc63c4e6c4a005f9ba847c10293ee226
Tungro/TUNGRO3_178.JPG,Tungro,5356,95192988c2de7cf8e743eedd5d9d7434609eae227729988bd35b95c82915010b
Tungro/TUNGRO3_179.JPG,Tungro,5356,8f37c43da25b6501b7bb1a38d4b76858ad3d327e2e69debfb98ddc74575beb0b
Tungro/TUNGRO3_180.JPG,Tungro,5365,3da3b35440d77100ac6a72f82925770de89506bbc53710fda1f1fdfbac4847e6
Tungro/TUNGRO3_181.JPG,Tungro,5365,07a9613f0ef551c339fbc13a47e7a94cb0e9c3188f2051c12d9652c7dea065df
Tungro/TUNGRO3_182.JPG,Tungro,5365,ba9d00a6b32fee314b065162d5f6db1a77ae7a7a635d20e8fa8b671e28202f87
Tungro/TUNGRO3_183.JPG,Tungro,5365,82996c08894d4838fab0d1a3dba5d47c703f4b6ea9e42d25c56ef2ba8d94acc6
Tungro/TUNGRO3_184.JPG,Tungro,5365,a236e554a444ecf994992cd7714e5ed4fe1031a2975dd52f2601781d792564fe
Tungro/TUNGRO3_185.JPG,Tungro,5365,b07e0157206b3a4d0b661fd194e54f9269d60777c52496555a9ea3e039b94506
Tungro/TUNGRO3_186.JPG,Tungro,5365,10c1a454a43a408e8758c522a29419aec7346c870968a7085e7986ccc40f5925
Tungro/TUNGRO3_187.JPG,Tungro,5365,ddcb8a71a1c4a50dcd458e7e1b54f44c3aef40d2af5fd61510f9be38e2e661fa
Tungro/TUNGRO3_188.JPG,Tungro,5365,3e05dd034b9b1cfe989bb65aae632e39aa91ba65a32e9ec930a5eca3bd2e6439
Tungro/TUNGRO3_189.JPG,Tungro,5371,49b54a7d48fa2064256789884d3e7291afc7aaa5babece9446b4760246ad62a9
Tungro/TUNGRO3_190.JPG,Tungro,5371,c056e22ca40dc85514c8cf2085881a3cc4054b2a990fbcba17c0d7badc49ad75
Tungro/TUNGRO3_191.JPG,Tungro,5371,39593f70409d68633b32a68703bf97934eb3958d8eec4e7f5f80b8ee78ae9c19
Tungro/TUNGRO3_192.JPG,Tungro,5371,0e8f8d9346ae60f592c817da90b52616f0f03313ea1a3a965fdeaaa5d24eac46
Tungro/TUNGRO3_193.JPG,Tungro,5371,58f0aa3bac25ed75b93339ad53a020cb4868d871f1e2f4594680dfc3b0be1e8e
Tungro/TUNGRO3_194.JPG,Tungro,5371,5a6c8c7cfcfdad3310ef340051ada95c463b58adc5201a737b69c8a60f75fad9
Tungro/TUNGRO3_195.JPG,Tungro,5377,299a6cc2f15382c55f3297d6ed9b3801825e2e7a1881b9322f8d44e288803d52
Tungro/TUNGRO3_196.JPG,Tungro,5377,d7c628f42e3c2084b28e3c87455a26a19c85a6c082cfa5c776a0f9c3535b4dc3
Tungro/TUNGRO3_197.JPG,Tungro,5377,c0050b9d116b53dbce65a284cc8ca35905a20f0de166acb4446a3d85c0eff6c2
Tungro/TUNGRO3_198.JPG,Tungro,5377,2cddfda683d5f9417f1d5522860d080dae2f542689d13dce644e122288b18cf3
Tungro/TUNGRO3_199.JPG,Tungro,5377,456f182e0dfa7e3d806ae9f017fe9ecbba8e51157bd46f3a8d28de30955387a3
Tungro/TUNGRO3_200.JPG,Tungro,5377,2ebc1d01a7d31823281a898ee852f5b729d09fdfb430da21a12d58f9d11ace79
Tungro/TUNGRO3_201.JPG,Tungro,5383,8c33bd4dfa8c3ccb009bf234deca363f43f6ace185e31bab2f18c4887d265417
Tungro/TUNGRO3_202.JPG,Tungro,5383,f1ca4bf811782e17f0f554f93517b7cd44dd35e7f3340a51c0071edbaae3e7c6
Tungro/TUNGRO3_203.JPG,Tungro,5383,af97cd5f5c6b52a549158658d228e548ca0da4c338d34c4c2d4d1a82a16ba3c1
Tungro/TUNGRO3_204.JPG,Tungro,5383,9b73c5e1d568ace0e811cb55a3e59d5f933134cf4ad0486cb8af8998d48d23c3
Tungro/TUNGRO3_205.JPG,Tungro,5383,0efa32ecac73b510ba4ed757e656ae2cfc0820ec3894fdf5b778c7865b32a08f
Tungro/TUNGRO3_206.JPG,Tungro,5383,2d4d5eaab0a11875c0a577efcc8dc82d23c6fd820a2f0c14203ed32a6f68ce8d
Tungro/TUNGRO3_207.JPG,Tungro,5389,304435ba7a0e8b08dd8f7bb39b3f594c721ef8af3ba418c49c71ae57389de268
Tungro/TUNGRO3_208.JPG,Tungro,5389,391c493c81eac8da045e91fda16d0a07427215541a55b7a2ec3cb75cb0a3b7f3
Tungro/TUNGRO3_209.JPG,Tungro,5389,bac550682ef42e1af164ec2fb5b71cf769cda8e25b9d6b578a559df81f828048
Tungro/TUNGRO3_210.JPG,Tungro,5389,9a618f6a6ce7071389e88c3a8168a47de3f411d30a3f70db2a593e6ac3281c8e
Tungro/TUNGRO3_211.JPG,Tungro,5389,ef1b4e9692786133d441374f559bcdd7d13470fd8acefbab1427e57093db85eb
Tungro/TUNGRO3_212.JPG,Tungro,5389,5b099b5616920693cfb901f6bfd04fe4381072aa8eb128d727b774c5e07c8a39
Tungro/TUNGRO3_213.JPG,Tungro,5398,7ef44434eb2a2303d32e7b2e1167d026b1a52311413f3279c8e73d0ae36f9bdd
Tungro/TUNGRO3_214.JPG,Tungro,5398,cfad4cf30d4fd8d7f1a6167036a5f0e73cb8987188cccdd02a5b861a24cc3e8d
Tungro/TUNGRO3_215.JPG,Tungro,5398,41abf5168c08e72a0d4c3ad0814bad958c82010e50f65dc7bda665903db81d50
Tungro/TUNGRO3_216.JPG,Tungro,5398,114edb6733d9f7b7e4dd823528b70ed93179d8bf594735f73e6558ae3753007f
Tungro/TUNGRO3_217.JPG,Tungro,5398,b37aa95011c78c6fe79360e47c07a3257a65fa1cf3a63dcac49319ebd1bbf431
Tungro/TUNGRO3_218.JPG,Tungro,5398,64da65d7cb6a9c566c7f7ea75d1e19dbc2a9c65d6e7822ee9875e3e5faa9a446
Tungro/TUNGRO3_219.JPG,Tungro,5398,1e2eb4a1b8feff2d4bd1ece5a9a12f4868a399e287f1448fe62e64b58c89521c
Tungro/TUNGRO3_220.JPG,Tungro,5398,2d20b751cb10432fd009b894999fc4e12c1fc4785e5f7466b1cbd753e7130f53
Tungro/TUNGRO3_221.JPG,Tungro,5398,0dc86fe9190c237fce8409a57ca98a78d7de60b05fdda946ee799891ddfe18c4
Tungro/TUNGRO3_222.JPG,Tungro,5408,420aac5a8a788de23f8ce29f850100abf1cd6309eca274703269d45492e94fac
Tungro/TUNGRO3_223.JPG,Tungro,5408,e3dd809692b7f79bf8ee9b9e35baa0b17a650e9ed3894e55b81302b5797200eb
Tungro/TUNGRO3_224.JPG,Tungro,5408,7e1df4a7368dd44fc0f9b3795ff297b2c2cb5c5eb3a4d2009451f9b2adc3a389
Tungro/TUNGRO3_225.JPG,Tungro,5408,8cd1ac2f00f9654b8ea82bada667643fac3947c2a2da82459c569dcc48211c6c
Tungro/TUNGRO3_226.JPG,Tungro,5408,a14f7abc52bc33c15ce7a0d93897a3cbfbe883b2aff0d6bc25b8f557f3a0e944
Tungro/TUNGRO3_227.JPG,Tungro,5408,20b7c8e29c09165824ee34a69b9d89ec9c5b5ea2e42707a6f8bc4cee08ab5125
Tungro/TUNGRO3_228.JPG,Tungro,5408,5ab1791f6c9a8caa28a9e4af52cc20648a20feb25d59b47bc473dcee44db7337
Tungro/TUNGRO3_229.JPG,Tungro,5408,31593fd6752af4599173ab558b0139ed74b85f4cd2d2026513092ba4cd16e643
Tungro/TUNGRO3_230.JPG,Tungro,5408,32a6a5e3a5f5231a604a3b377584fb8ffdd48c654d5736c116ba2bf94c484cae
Tungro/TUNGRO3_231.JPG,Tungro,5408,a02c715eed59260bd4494d4026a97c027da0f5abac646f702dff70a06859c8e2
Tungro/TUNGRO3_232.JPG,Tungro,5415,9509c347a9779aebad95af267b96276dcf4efde0c2b86c19ea2f641944da8a8a
Tungro/TUNGRO3_233.JPG,Tungro,5415,182f178c735ad433f0701a4b807c9b47bd575afb3d49ffdcdd686bb4617c1621
Tungro/TUNGRO3_234.JPG,Tungro,5415,b3ab2950c2894f8ff800ac0a57c712531b9a35cf77ac18d30bdfc55eab065f98
Tungro/TUNGRO3_235.JPG,Tungro,5415,7e209040481043e900f0abbc90ed067ecaea2536b42d654bc24f4aad35c72889
Tungro/TUNGRO3_236.JPG,Tungro,5415,950439dd721be57c3cbcea0781212ad51ea4f8f08a97ed27faaf708cc0f8c533
Tungro/TUNGRO3_237.JPG,Tungro,5415,228674a2f6eaae45133f2b1229ed78545468d9a36819ce6431e4680dd1220c93
Tungro/TUNGRO3_238.JPG,Tungro,5415,63f40458173e92777308a66d2bf17aa271f7c433da92e90ee0cb1377a70b515f
Tungro/TUNGRO3_239.JPG,Tungro,5415,ba10738da9aa6860e019b77340649a6e9a4501bc74c7426e9fc443caa5e0098c
Tungro/TUNGRO3_240.JPG,Tungro,5415,34eea14a552225e8dfa27beeb48b6fc2224137c8154b03de9dcdab17fbcd9c4f
Tungro/TUNGRO3_241.JPG,Tungro,5427,e4a7f87b16d5a4690f6ae88f929e09faf708ac8bd5f2fc9200659e5bfd93f261
Tungro/TUNGRO3_242.JPG,Tungro,5427,984eec0e75ab9ee4e9b1625b2521874bd7b3c2478c2386d0dd68d3524c84416b
Tungro/TUNGRO3_243.JPG,Tungro,5427,edb1ba65c2c8a9cede98545f0ad7f7c2063496275c421019641f90e09c07e5c8
Tungro/TUNGRO3_244.JPG,Tungro,5427,73891e7344a63b52e575235c3092c00c598479e83e5ab163aea25060e4e02222
Tungro/TUNGRO3_245.JPG,Tungro,5427,3bd91209a56c1fa05264c298cc391fddb83d25268134b7187223377986322652
Tungro/TUNGRO3_246.JPG,Tungro,5427,373217bceac2e734de6a67290a0e59491d25575d4047e98c893e7768dfd32ea6
Tungro/TUNGRO3_247.JPG,Tungro,5427,9e6d4230335da7c93b09dc9df6cc1f84c64acee0678880772cfa816af0afb515
Tungro/TUNGRO3_248.JPG,Tungro,5427,966d6c7fe4882ad01f2d5f2b6bd6dbd3b4f5370f97c77a664f8f30367a734b10
Tungro/TUNGRO3_249.JPG,Tungro,5427,8813b619d2fffdd87ddbad479cd7af4733e57d97ee459ff75962e202d9e15dc3
Tungro/TUNGRO3_250.JPG,Tungro,5427,6f1eeb51d2091d499f88ed631f570d2bb310185afd234ad308ce13584c564748
Tungro/TUNGRO3_251.JPG,Tungro,5433,d22964da19c5d60dddd078af2fded4d0d0dc696c649cd7fef603a425a71cf807
Tungro/TUNGRO3_252.JPG,Tungro,5433,6a7fa78fb1707c952146317f480b03752872aad9a5a71d3bd2f28a291f03f2e4
Tungro/TUNGRO3_253.JPG,Tungro,5433,7e483c3f0aaea6b406f8350d29e2b62213a55cc260ae2a0004517d6569b44b12
Tungro/TUNGRO3_254.JPG,Tungro,5433,8d3d1750892859b0820cb832e069af51ee7a2f450d59be3e71000c6edd78a95b
Tungro/TUNGRO3_255.JPG,Tungro,5433,584d9a47bfbd9cdbe42fe59f54bb4ece889593860e77ba8ffbc903238596f174
Tungro/TUNGRO3_256.JPG,Tungro,5433,7ad300cb8f4261515aaeaca1c4c439c48fa278f8164f8f0345445ad3b54bff09
Tungro/TUNGRO3_257.JPG,Tungro,5447,260eb21afe3a0789174b3220fa7210b571b00a6e658aa9975c227236f5154fa5
Tungro/TUNGRO3_258.JPG,Tungro,5447,ebe94c00c087a465ad63aaa2c9349acc853db9692b8f369f32bb9d34814c3218
Tungro/TUNGRO3_259.JPG,Tungro,5447,c319cc21da8f55c457484bd1fff08cb65ae7701b0634ca7e9178a40772c82d6c
Tungro/TUNGRO3_260.JPG,Tungro,5447,6e36b77c15fb0d5544dfd9aa6c4b9b9ff15c31e9306ae0f18f83ee36557136b0
Tungro/TUNGRO3_261.JPG,Tungro,5447,ffe5b99cc9bae8136ae815dc87a090ee484c50bb4ce25e63d7ad2d68cbd705e0
Tungro/TUNGRO3_262.JPG,Tungro,5447,c5b6540331a929ec9c8199cc59cfa23b3f981089a33a38da856addb9efc4bf11
Tungro/TUNGRO3_263.JPG,Tungro,5447,109512d3f3dade258781f8b5e3dc1f20744b917149d4007887b9b5e9f19057f0
Tungro/TUNGRO3_264.JPG,Tungro,5447,00e3896370636d0020f54a6576a34ef7097983c45af2b11514392a3391414c67
Tungro/TUNGRO3_265.JPG,Tungro,5447,a928a36f15647642e548bf014d4c8653c1aace8a224b314b1569352a2af77303
Tungro/TUNGRO3_266.JPG,Tungro,5447,b5ee0ee24a7024dafd37a1f15278da6ba3a80359cd51d8f20a5fce8ea8f14bae
Tungro/TUNGRO3_267.JPG,Tungro,5447,a7b9cedf48e1512c39fc57d83f499ea3ea6829927153daab37f095872212c949
Tungro/TUNGRO3_268.JPG,Tungro,5447,44ec5a9089fd8e9ca73d18c59ff6df33446a153cbd7747399ab5c02eaac60b03
Tungro/TUNGRO3_269.JPG,Tungro,5447,7868278d043ea5a245eada61233ff650da3de9f72df01889aa2a770f7658be9f
Tungro/TUNGRO3_270.JPG,Tungro,5447,1a343692216107a0ca1c43c838a791e43490a1b1c12b5e59a43ca39562404025
Tungro/TUNGRO3_271.JPG,Tungro,5454,245ab407787d611da48878c6865df77735c15bb283e429915d4c25b13da7ed04
Tungro/TUNGRO3_272.JPG,Tungro,5454,62e738bbb767fc44eb062d0add98cc11306f0a0c369f3bbbe81150745bebd70f
Tungro/TUNGRO3_273.JPG,Tungro,5454,ee85a54e5f0b2fc6344e81970160a76a9559bfd2713b7b8f1359a22f475919bb
Tungro/TUNGRO3_274.JPG,Tungro,5454,8fa9d1e3f9d04d6a7d8a0e45ce12309eee6f82ba2b0a7ea94a2dd8e65b724230
Tungro/TUNGRO3_275.JPG,Tungro,5454,72599670c10e466dd5e2c27cfdfca977846843eb52bb3893c0d0fcf6392a6d43
Tungro/TUNGRO3_276.JPG,Tungro,5454,e4c13f4193bcdfeb4dfd2498f2f14381f15a72d9a5127000f4d58f61899d4b86
Tungro/TUNGRO3_277.JPG,Tungro,5454,07017bca9caef1b1b6fbc9f5c96b3113155aa64075dc6b877be48ead9374faf3
Tungro/TUNGRO4_001.jpg,Tungro,5455,d15c69d9c799da9e91a660af66dc56b8b677a2a36c9356b2bc2bbad5481f9b18
Tungro/TUNGRO4_002.jpg,Tungro,5459,a2df555465ce5974bbf48c2efbe859744e4f30265ba984c4588e64423c916190
Tungro/TUNGRO4_003.jpg,Tungro,5457,712dfe6369f805593011551468fef28c8cfe67b83c14606f3c59cde63aa2522d
Tungro/TUNGRO4_004.jpg,Tungro,5790,06d5353553ffe2f2a75ea6c7d1102bc05e3c48cfce85cfc576c37c319fff1a59
Tungro/TUNGRO4_005.jpg,Tungro,5459,2efb20b3d6810def709afa4904e27dbdb193307a586303e7b54d9c834c5ef291
Tungro/TUNGRO4_006.jpg,Tungro,5460,c56dbccd190dff0083a6a276db1a6b75bf9cdbca0b1cfeed68a48bedc3113e04
Tungro/TUNGRO4_007.jpg,Tungro,5736,23c9b32aae0c8d1e8d8f72c63449da20f15cf5695ba4edb037a0bb9fa1f59111
Tungro/TUNGRO4_008.jpg,Tungro,5736,23eadca0dfcfeb5cf15f3ea05846918cebf6b7bda9f8bf239b7fdca280727e52
Tungro/TUNGRO4_009.jpg,Tungro,5736,cec9e589be95457730370cb1ea2e41e14f40db8b85d070f5ac4eb196df051140
Tungro/TUNGRO4_010.jpg,Tungro,5736,7e26e4fa162061b4a264e2f95fbc1c9b4c351e506fb3e88190f1980ee0d43a9f
Tungro/TUNGRO4_011.jpg,Tungro,5736,8e6be90ff6a28191446773f3d5389235732ef68a3ddac056ab3ff8aeb1bbcc0d
Tungro/TUNGRO4_012.jpg,Tungro,5468,a9b05f510b222504067dd028a86f09324e5174cde4d27544049764fa3265890e
Tungro/TUNGRO4_013.jpg,Tungro,5468,3a4cbb33adfb89f3a1a7a15bdb98f6d9cbd7115248227baebaa5e722acdbffc4
Tungro/TUNGRO4_014.jpg,Tungro,5468,f448bb26eeb8839f60afa21ceb7d5e4f3922fcd56a60b52ccd81bb2f7820fece
Tungro/TUNGRO4_015.jpg,Tungro,5470,ff712af1c824c09270e29810dfcee1fc772374a4b64f6327c2f0b321d07d2648
Tungro/TUNGRO4_016.jpg,Tungro,5470,420f6d637b755a4c4d1b0899d1014cb8be1b0542fc14ca178ea410f5cd6cfcb3
Tungro/TUNGRO4_017.jpg,Tungro,5882,f80f65a9655df1105b7dacc81c3cd7ffdfe34144332815584821eb16f70a774a
Tungro/TUNGRO4_018.jpg,Tungro,5882,214557664b055f76bd778d9c5848128fe0f1ccf9966b065fa607dccd0a3e40d5
Tungro/TUNGRO4_019.jpg,Tungro,5882,7512d6e5c3448a1a42ce771ed24bf73f02296e397f506be22c0b1fad5b68261c
Tungro/TUNGRO4_020.jpg,Tungro,5882,9b0a3b7dfc74aa92c9157827edcac5d088cdc7ce6d306b76879ee368d2f6d72f
Tungro/TUNGRO4_021.jpg,Tungro,5882,5c3ff9393c5aa9d161804be7252746ddcfc8e3f2af80c2949ea4c67cf989a018
Tungro/TUNGRO4_022.jpg,Tungro,5476,2108e17dce6d019956d2987853732bf7ecb273a14734ca2e30998cd83cc63f3d
Tungro/TUNGRO4_023.jpg,Tungro,5477,4142319ce5d787b930ca2f55fa1b5c995f8f63ed90df6f5c91152e1652f923f4
Tungro/TUNGRO4_024.jpg,Tungro,5479,1706ed4d488e66b1df78803d51677d23e8a9fe6daaca8c80fa7b977b7f1ccd40
Tungro/TUNGRO4_025.jpg,Tungro,5479,0d3b6e5a9261191e8da03eb9b75ea07f0acecb7c1385a649b165a5d971e58817
Tungro/TUNGRO4_026.jpg,Tungro,5480,d7bcac2ef8eec184bca719cfefd4056b8ca29ae7247a02284584190ee9689131
Tungro/TUNGRO4_027.jpg,Tungro,5481,ba1db6e10984c0d339a2c8393c648b496f113b38faa03b1a7e1e2412745168f9
Tungro/TUNGRO4_028.jpg,Tungro,5883,c7760050bd716f13cfa551175c4b78c568bc442ca160a7e030613c51cecb1e44
Tungro/TUNGRO4_029.jpg,Tungro,5883,7c0dbe8880ae16c96c98c6567e0210fc5d085e01d71da0216925b47da9490e57
Tungro/TUNGRO4_030.jpg,Tungro,5883,7f3e4688e7f97688288337c1582aa4693f4056d7b3f1e633bfcb4dc06252c61b
Tungro/TUNGRO4_031.jpg,Tungro,5884,1e28a88cd81b95352dc16576f04874fdea686fe552069f1930924a1fcdf943f8
Tungro/TUNGRO4_032.jpg,Tungro,5884,2144c8a899e41949df986f57325ad090413497a445bdb8472d536901b588e50a
Tungro/TUNGRO4_033.jpg,Tungro,5487,05471a1ae359a27d270cf4eea61899c534932ee47b566424cc46653af51e65c8
Tungro/TUNGRO4_034.jpg,Tungro,5488,63a9b339ee2aba5392997343bcfdf9892e3fd85b94d9ed8eba59f2440cb6ec19
Tungro/TUNGRO4_035.jpg,Tungro,5489,06046c359c2d13353bea0b81d83bf79af2c7ee487a8cc41a4b8ba05b0ee529af
Tungro/TUNGRO4_036.jpg,Tungro,5490,9a8a2607453d25a8096342c96fcdc829c28d519af55aeb460fdf4f11a92a14ea
Tungro/TUNGRO4_037.jpg,Tungro,5494,612c44710a0b28a27d8049abb78198ec73e697ff90cfa85d1e1d606cca39854e
Tungro/TUNGRO4_038.jpg,Tungro,5494,84da026d3aacef51b7aeaa83cabbb7be71178d57cee2bfbad7f3994faa793a95
Tungro/TUNGRO4_039.jpg,Tungro,5494,51a9f38945f7a2a81412861e282347e5c993889b9d3a06f658e19def4378ffb7
Tungro/TUNGRO4_040.jpg,Tungro,5494,f867a01fe67612b7a717ac2277b8e58fe8077d68d218c9074d2cc1ccccfe4878
Tungro/TUNGRO4_041.jpg,Tungro,5495,6fa6c649b907d5370516f7b30aa0dce4a211fcbe627f1312c0eaec31efab5cfd
Tungro/TUNGRO4_042.jpg,Tungro,5886,4d1b9e1983b004d3171f90215b8bc3dfacdce3b84c3f274282e7ebd2b99fbd3d
Tungro/TUNGRO4_043.jpg,Tungro,5497,0ccbd13f07cd27e7ae4eda89fd42adf6a24cfb0bd9dbd6a519c194f4b1e2dbe2
Tungro/TUNGRO4_044.jpg,Tungro,5500,14ea666d79bbf1545142e60c44369336f7f8ac7c3e870a0f8b9f8131a7414abe
Tungro/TUNGRO4_045.jpg,Tungro,5500,4c2e08339993e7be123f76baa23966d6282be183665c7156772c06a9854050c5
Tungro/TUNGRO4_046.jpg,Tungro,5500,467c46e1483ac6816c2b846ad816abbe010292741a35f1c7735748da73fed560
Tungro/TUNGRO4_047.jpg,Tungro,5800,361f78358888c31aeeb602dc1a3edd74a23efd18c2a267537611e74ffea1d419
Tungro/TUNGRO4_048.jpg,Tungro,5800,f8d6bac6c6ec4d2e97c3798317c8e4466c9b1ec543a89f391589beee428c8cca
Tungro/TUNGRO4_049.jpg,Tungro,5800,c907ac0c75e9f93c075870c29107b32134e5a9f087f957300ffb8cd28c142974
Tungro/TUNGRO4_050.jpg,Tungro,5800,ba40208d0bdade317f5201f5b88843653880af49d70112f4dad0c1830e740616
Tungro/TUNGRO4_051.jpg,Tungro,5887,8690bab225cc64b927c07b4f0c2f22e7ac2efd12bdf247e3425f6cfff2ed2c08
Tungro/TUNGRO4_052.jpg,Tungro,5887,77c29f1feecbef6d55ac1ea7984ad177378f252841f0dba471faa85343db15f5
Tungro/TUNGRO4_053.jpg,Tungro,5889,4f00f49cfcfcf9281a8f1565656c352c20962c47d6155e9ac2df6d2f1c3091b8
Tungro/TUNGRO4_054.jpg,Tungro,5508,f87309b803c82817c41f666ce7093a2513b4f2e238227def81a9350421da0783
Tungro/TUNGRO4_055.jpg,Tungro,5509,9eb3fb15689ac30dac57711d3263692ea4fa7b38272d7229e05e1574a55e8a1b
Tungro/TUNGRO4_056.jpg,Tungro,5510,70503ad856f14452e5c15da94dcf5de4ba75647f811d1497ba6d881c42749d82
Tungro/TUNGRO4_057.jpg,Tungro,5511,a6f368c49765dc23d88c86340633eaa99d583b807e89a7fd290747a739e8630a
Tungro/TUNGRO4_058.jpg,Tungro,5513,bc234fa25c255010d88027be6fdbdc0b8a103878c785663eac0b81e8d43d550a
Tungro/TUNGRO4_059.jpg,Tungro,5513,435e19dff36e72b8ac0f4645ed593de1d980d42ce71c4cedc9ce199a967f52a6
Tungro/TUNGRO4_060.jpg,Tungro,5242,25abd496c560bc3ae0fd1bc7431ee39f9e16a84b5d9c7b0a3cc65279b7c1f1d7
Tungro/TUNGRO4_061.jpg,Tungro,5242,5d3bc59e0cf04afd20395452897686a718b2ea6486a727a0c95f1588d10b63a0
Tungro/TUNGRO4_062.jpg,Tungro,5891,f502a59966b61394f64d992b1ec2fd7d60d68c1c7252d6c7b0bacc7199d7bfdb
Tungro/TUNGRO4_063.jpg,Tungro,5891,b503464f95ac92964c17f5a174549964b737f02f4c9aea03dab875811c0c8ca0
Tungro/TUNGRO4_064.jpg,Tungro,5891,3b5feaeeb9581aeadf6f7408c70fd59f047784710635d60bb8b2b6ba121198dc
Tungro/TUNGRO4_065.jpg,Tungro,5891,cbbb6bd5143958b6aa117d05c814be618f3973deff8f2e6f69d019f64fc119dc
Tungro/TUNGRO4_066.jpg,Tungro,5521,984c0ccfb12b08222c3e84e592d38b72f8d3367075cc1d70ad818ee8208b1186
Tungro/TUNGRO4_067.jpg,Tungro,5521,95fab9bfb1d188f18cd3d93ba1eba4a7902c061ab9aa4472e98914d58d8c1448
Tungro/TUNGRO4_068.jpg,Tungro,5748,1bc13c39fda159f4b56968d670b950cf272ec722e10be5f23be9454585f52319
Tungro/TUNGRO4_069.jpg,Tungro,5748,e0ae6eb6add9c46aca0944472d8f9d25170aada5e76ab33870d19f98d1b5c4d2
Tungro/TUNGRO4_070.jpg,Tungro,5748,88a504b894aec58fac45d710b85205a68845e918105a2b7611435c8114193834
Tungro/TUNGRO4_071.jpg,Tungro,5748,7fce18e87ff564d4c06b06bd5343343a1ed056df671f7d247b37be2cfbd833af
Tungro/TUNGRO4_072.jpg,Tungro,5748,d075900993717c318e4782e242b78367da9bb03e7db6319f39a2d338da675af4
Tungro/TUNGRO4_073.jpg,Tungro,5749,29cf8258f6c6feeb7f7f58eddb01d8f19505ecfe46d607e4ca6657f26ea3bf71
Tungro/TUNGRO4_074.jpg,Tungro,5893,9e334b0e74a38b5daa689f0f4b746bf685a5e00029a17c3287d603892ce2c8af
Tungro/TUNGRO4_075.jpg,Tungro,5893,3b3b9fe2747126788c5d9817c126c9a856c2a9fb4020def750a0faa411833708
Tungro/TUNGRO4_076.jpg,Tungro,5893,864d61de9728862ec44f18eb56cc1eb782834ead0d2f7c2cb67ea92ea83dc333
Tungro/TUNGRO4_077.jpg,Tungro,5533,43419b36eab5d7fc81dd0d0a399bf1ad1048b1adcd5eeea6e3cc1330c07d8758
Tungro/TUNGRO4_078.jpg,Tungro,5533,044dc69ff03e53888b113ff7ab44c079a2c23d4302c83e7d6815eeb39d9bec31
Tungro/TUNGRO4_079.jpg,Tungro,5533,05caa395b282412608ec0a76058e7cf2e1694c24de8d8768688fa49ae7261c32
Tungro/TUNGRO4_080.jpg,Tungro,5806,74c7758fd66c23db8dde1f335fad45ac879b05bb150d894fc9b41a94634369fe
Tungro/TUNGRO4_081.jpg,Tungro,5806,8f4f125b0acc4936cbcd5db96740849521f46c2bcfc5b2a2df95a4cfddb96710
Tungro/TUNGRO4_082.jpg,Tungro,5806,6405ad48160dfe817e7ca12234bea0b03c045c8274014796029d9082de23530d
Tungro/TUNGRO4_083.jpg,Tungro,5806,b56f3c2e5ed65a2303632dc5a9be173bd7c850c148bc640dc6f4340b3e9b3274
Tungro/TUNGRO4_084.jpg,Tungro,5806,456d1b8fd657b8fce6e6ada170cfc14e60f6a85bd41bbd9cb852774b36df1dd6
Tungro/TUNGRO4_085.jpg,Tungro,5895,1fae7adbec30575870687707ed6501811dc41b974afa2fbd59c33b18f24742fa
Tungro/TUNGRO4_086.jpg,Tungro,5895,465b97de56beef6a7afb44ed6f39cb6a1d298170e2f6038c7a4cf5606e9e0049
Tungro/TUNGRO4_087.jpg,Tungro,5895,cbcd80355c7e35c0c7f3b9f53f20f305d3d0f2d17b414d4b2cf499ccf0bc28ef
Tungro/TUNGRO4_088.jpg,Tungro,5543,3e967601a853d8ff2d72381bc28bb386646721baa75552728392d698b060dac3
Tungro/TUNGRO4_089.jpg,Tungro,5543,15fc86da194949a18e60433f62b857b33292adeaee71eafb2284856bbced8a44
Tungro/TUNGRO4_090.jpg,Tungro,5799,038d03b091c569117f80dfdcb9ca73e625ecdfc348193ae50863f18596b285ed
Tungro/TUNGRO4_091.JPG,Tungro,5897,1f5fdbafff43b116a1365c28a4bcee0df1660df5b62a5a987d9370d49cf77cce
Tungro/TUNGRO4_092.JPG,Tungro,5897,fa06fb044cb33a03c8df482210cbec84aa73a2f1e2b04ab9e3a49d7f967eff32
Tungro/TUNGRO4_093.JPG,Tungro,5897,0e4a433b0a52235f2806e13ff9fcf9d0b28a440b0e5e6b469475f621944b7f63
Tungro/TUNGRO4_094.JPG,Tungro,5897,0ba3636c07113381b37631926a56ed554ca26567b4e184f8fbea606ab1e9f948
Tungro/TUNGRO4_095.JPG,Tungro,5897,c97e53edf6f7867dbc549fd7f7c08e0a918f03066953e539e29ed72ce6e4574f
Tungro/TUNGRO4_096.JPG,Tungro,5897,49ca9a0cfe96ee6b79c83e7f328feddb4846e2f5adafc05440660801bba891b5
Tungro/TUNGRO4_097.JPG,Tungro,5897,32b1177d97156b8b0176f08f177bc25409d3890023bb6d9d90b85b01a22d7633
Tungro/TUNGRO4_098.JPG,Tungro,5897,8f14273cb6d0eb618321619f82740656ae6c4600d667e3a4f488003f395b1929
Tungro/TUNGRO4_099.JPG,Tungro,5811,dddd71a0b9fb39808d63a185a57de5691a848b332f08cd1f0b14c2a5def58f4c
Tungro/TUNGRO4_100.JPG,Tungro,5811,3820eab4a9174113e1cf1e78c97742436ae3d74033d2df4ed0f8e724586eee7f
Tungro/TUNGRO4_101.JPG,Tungro,5811,4fae6d8da6583ac25557ae77c126a1e9387bf72a926d8bae97e29f31519fc286
Tungro/TUNGRO4_102.JPG,Tungro,5811,9e654c39ffdbe79d5ca9c8c3094bc16bf676533be45a2f98885378aaa0d60350
Tungro/TUNGRO4_103.JPG,Tungro,5811,781eb4dd1ed06cd4cdaa635dce67453242808eee626b333acfd47702bdb3670a
Tungro/TUNGRO4_104.JPG,Tungro,5811,6bcae6bb9b57ea74d3ccf6d77d40097dd8975afac35e4f2ae994da7d4731e63c
Tungro/TUNGRO4_105.JPG,Tungro,5811,98b899f78d52844b593a88ba731208ed33aafb8610f2807c36bc08a9f75daf72
Tungro/TUNGRO4_106.JPG,Tungro,5900,f6679a856c82afca68459f28fa16e2eb5d6dda723bbca38b0bfc4e1bad9459b6
Tungro/TUNGRO4_107.JPG,Tungro,5900,9cae6351f5240175effc8e346ad160ec68d77aac500e411872a04fd3b667f094
Tungro/TUNGRO4_108.JPG,Tungro,5900,de9e1d9a236ebd2a612276932078d9518a8952559a091947496750cf35adcfda
Tungro/TUNGRO4_109.JPG,Tungro,5900,fbecd0a5fc7c06299de4affa5a8be7b323e7478df04f19e4410718cd6a0117f9
Tungro/TUNGRO4_110.JPG,Tungro,5900,78c2f7fba020638de648792251f5df38983587576534bb2eeb2c199217e2bd82
Tungro/TUNGRO4_111.JPG,Tungro,5900,c22730920a52aaf73a1332ccfc00a5f078d6eb8755b8221f5b0ec73513272ce7
Tungro/TUNGRO4_112.JPG,Tungro,5570,97f74db1fa5fb6ad3abf28ddf538d9787e81f23e5e490106657a1e2deb91e3db
Tungro/TUNGRO4_113.JPG,Tungro,5570,1b8decd569d265e07a80177353f2a240c27910ff2f2b5bcccc93c71168132e49
Tungro/TUNGRO4_114.JPG,Tungro,5570,a9105c661b0fc314a72bf0cd91ec6fd5fd5105cd6c911a33fccaf9c067a9045f
Tungro/TUNGRO4_115.JPG,Tungro,5570,09b2f5fc99cd38d8a7bfe011bcbf25ef6602adda5ae4b2ddd50bff37fe30c456
Tungro/TUNGRO4_116.JPG,Tungro,5570,8ce0a9e059f76f2c1a68ae0f35560a35c8c0f30515221f4b55bd0d57f8e7a137
Tungro/TUNGRO4_117.JPG,Tungro,5902,73220724721e4b2263158f9a8be1e4880f8a518c31f3b9ce475b215a4c9a43b6
Tungro/TUNGRO4_118.JPG,Tungro,5902,14db01fcd6d48d5c2f8a011d39e779b9006f0dee5a2285891d6bf528e00b0aa5
Tungro/TUNGRO4_119.JPG,Tungro,5902,8aef02ff88f65ded9adda2c3081037f7ad5eb2f0140a566d855e3eb4a50d7a13
Tungro/TUNGRO4_120.JPG,Tungro,5902,e13bc0af778c9ec45d39b3471ab2ffe29acb47cf17f1514d983bff1939cd7ea6
Tungro/TUNGRO4_121.JPG,Tungro,5902,9aee12f9eb51a04884c131820035db07d3b52b435d99424085fcac2b6038fb07
Tungro/TUNGRO4_122.JPG,Tungro,5581,9dc40801535cc8366eaee0b8187d680598ebc007e633f9f391f5ebdc1dea26b2
Tungro/TUNGRO4_123.JPG,Tungro,5581,30cb43b1d404157b197514720c4c0d9538e7f71178b24cde3c9dbb2807e52f1a
Tungro/TUNGRO4_124.JPG,Tungro,5581,0ffa9ac7109dc918ebfba599eafa465f27dd965a7d17f8befd8a44fc1cdfc986
Tungro/TUNGRO4_125.JPG,Tungro,5581,160d6e8ece8479a7d4fe277b0175de81ee607961b724167bd3a34642aa2dcb4f
Tungro/TUNGRO4_126.JPG,Tungro,5581,6eab5d9fa2b8d63e968ff6f8b822b259443218ddb9d2943a76af2c38196e3df1
Tungro/TUNGRO4_127.JPG,Tungro,5581,c935c8e5513b25a32361f5f51934e848c5e186fcd28c83c9a5055ca0e7de7159
Tungro/TUNGRO4_128.JPG,Tungro,5904,356f9ea465da49196d0afb9bf5ddf3ab4fcc0c1e0869c2caf17f66b6d206b253
Tungro/TUNGRO4_129.JPG,Tungro,5904,03ce0889f90a87a73b22b63fda58a2f72bf5f0427b09aa6224d74a4f9c2aee13
Tungro/TUNGRO4_130.JPG,Tungro,5904,e98dc367a00f2da3b92413f197d5d1cc40f7af0f8fc68a82de949179f628bbd3
Tungro/TUNGRO4_131.JPG,Tungro,5904,0c5a991b4c2d2644ef53aa1b7fc9b21e25cf3dbcb6b5863e075ecaa9b6955f15
Tungro/TUNGRO4_132.JPG,Tungro,5904,2855dd017b62027eac80140293ed53b58388838d23247df15a4b5314e89c7578
Tungro/TUNGRO4_133.JPG,Tungro,5591,a481ab781b5e51594ba6c76cbf2206d359bceadd862f2996630afd95295ba162
Tungro/TUNGRO4_134.JPG,Tungro,5591,fb7be43fd7ffd541fb3626621aca9a24d7bc04ac3dfd6084b94d2957e27fbeb0
Tungro/TUNGRO4_135.JPG,Tungro,5591,c99ffacf4b8f2d42794236f1972b5f88ae159adc7eae0881d64bf24fd7ef5613
Tungro/TUNGRO4_136.JPG,Tungro,5591,84586d1ab57bab4c1f62ce2fe63942a2e42301ec8680a19a30c45ed4162bb5f8
Tungro/TUNGRO4_137.JPG,Tungro,5591,215af69f95b32a8517124834726917726d9661b128686d7b1a7603f3cace37a9
Tungro/TUNGRO4_138.JPG,Tungro,5906,5c54b1659590ca287e9ad8ba41e326ce6e1bb2a883ed5dcb022b66c96b44fdc3
Tungro/TUNGRO4_139.JPG,Tungro,5906,9c9e679cd9504112d80e9eb03df026216066312ab437a9c3f682603c54adb976
Tungro/TUNGRO4_140.JPG,Tungro,5906,48ac2b016953e0fcc30b5e7429a0b231254ecffdb188a3b3b90b7f45635de78c
Tungro/TUNGRO4_141.JPG,Tungro,5906,39600067f323ace40f12302318adcc372f58e0d60132020119c204070a44ede4
Tungro/TUNGRO4_142.JPG,Tungro,5906,cca7573dd55142ccac204a7d695bbee14cbea3f5a3c24dc23c0b4551a7677e56
Tungro/TUNGRO4_143.JPG,Tungro,5907,412d3cc622d053dde715c79b31b7a790efebca154268b29af0007c2d7b705a10
Tungro/TUNGRO4_144.JPG,Tungro,5907,fb53a9390f5240e3a0d601e04c7d0a2211181c9f447b74beed956256002623ec
Tungro/TUNGRO4_145.JPG,Tungro,5907,791cfc85aee99d85d5bb1cb373150d729f769b217d11a551cce13cf4ee8a0863
Tungro/TUNGRO4_146.JPG,Tungro,5907,6aaca3fad3ffae48fda6efd34bac1a5f2ba1d8b34ce6dfcd581829870b8ab770
Tungro/TUNGRO4_147.JPG,Tungro,5907,d1fcca3553793172da4bbeeed8a3ad434c6eb517f90b1840770bafdaebb47153
Tungro/TUNGRO4_148.JPG,Tungro,5907,f9dc02af09730d09b2917e399d993e0b59505128d39cd9a53ece9b9d56177b22
Tungro/TUNGRO4_149.JPG,Tungro,5907,7c449b136498a80a9d59717fc308757d6f133ee6bce97a8253aeb19bd3de9cfe
Tungro/TUNGRO4_150.JPG,Tungro,5907,6af311e763258d1e41d56c95fd60ce6c55aab0f9b1b2df1f82ecb46f94e34ddd
Tungro/TUNGRO4_151.JPG,Tungro,5907,b37e48e497e000305f7a6aae9e301ef1da001d45df8ee83690dfca1a7ce089cc
Tungro/TUNGRO4_152.JPG,Tungro,5908,aa4e37ee6c368288bcef660abe8d9e68adbe5b9914f776e62c96563476292b0e
Tungro/TUNGRO4_153.JPG,Tungro,5908,3871dc74f2e4154e06d54765392735f60aaa867145313a871398c8ffac793f45
Tungro/TUNGRO4_154.JPG,Tungro,5908,0056b49de7f9c13be0ef6d8e74ac189d66d02c561e9c551a3532184106b32e5e
Tungro/TUNGRO4_155.JPG,Tungro,5908,69e81facd659d55eebafd16dea4cf38ab50656d6d8a9ed5afcf4854d22345442
Tungro/TUNGRO4_156.JPG,Tungro,5908,c3212f1cb26c2e0636a84f0b7d3a6f5d4d52dc632870f5b973a9fc8e6ac4c875
Tungro/TUNGRO4_157.JPG,Tungro,5908,34cb932134b5b7ee7c10298ec0580087125697aff7c6327fc65d8bf54d2d5211
Tungro/TUNGRO4_158.JPG,Tungro,5908,c462d4b4a50cc8ac2e0e8db3976bb0d92d94c64fea0cfd9a767738ee1b793c8f
Tungro/TUNGRO4_159.JPG,Tungro,5908,c83bfa29be1a287a1325b7b4a358548337e8db96185cc9d70daee801414ac68a
Tungro/TUNGRO4_160.JPG,Tungro,5908,9827ef1a1e9866972e9c9add464a06ae954d67c1f80d38f464bb00b5b5ff39dd
Tungro/TUNGRO4_161.JPG,Tungro,5911,61fc59ebf73822f5169038acc8b7f63375faeb13795f9886ceac26e268cf003e
Tungro/TUNGRO4_162.JPG,Tungro,5911,87a3ee48253055431a4580e63c19d235009be7362824e2a2d39e2604a5647e34
Tungro/TUNGRO4_163.JPG,Tungro,5911,9bb217cb7f251e393182b0f7d7200e2506c405aae3a1d83a3470497ab4d2b692
Tungro/TUNGRO4_164.JPG,Tungro,5911,8e774bb4c64db191c3c800da47095fe38eab299999473fc083347879edf03098
Tungro/TUNGRO4_165.JPG,Tungro,5911,ccd38111ddc97f246e9f89c296fbbaadda2214adc45568c3caf7010ba3bef64f
Tungro/TUNGRO4_166.JPG,Tungro,5824,61899db2af0d734b5bc2991efc02059c6e7ddaeb4fd19fe34482cfc571d02976
Tungro/TUNGRO4_167.JPG,Tungro,5824,b93af2271fd39b73c05f2db6e3b6aa61bf0efc467717e4e8d48a55ba760698f4
Tungro/TUNGRO4_168.JPG,Tungro,5824,decb3b7bf1c45d032c71d6c7d41ef4e94ae72c3c1dfc86c495d6b27292975430
Tungro/TUNGRO4_169.JPG,Tungro,5824,1c94b413616d38279641a2704c8690130be435a7f932b0f9661048e2e7391603
Tungro/TUNGRO4_170.JPG,Tungro,5824,345173edb9c711a13cea202c4719db29add1a62e9a9f137a43d0a9c76db6d2b1
Tungro/TUNGRO4_171.JPG,Tungro,5824,f712e25084db0ca6b7f19957d9af317995eaedc918dcbc0296c2b9c9c5db7408
Tungro/TUNGRO4_172.JPG,Tungro,5913,39fa6720d5172d7d44f497460dcdda4db0258b39b6274b918c137bb2272bbfd7
Tungro/TUNGRO4_173.JPG,Tungro,5913,af08c893a9810ef00045c3b815f9cf57dc162006d52b30258be901116ac16076
Tungro/TUNGRO4_174.JPG,Tungro,5913,af63e8d5666294ba8629f70772aef9dfa32655989f25aeea91e9268c99806a11
Tungro/TUNGRO4_175.JPG,Tungro,5913,40db581a200ec12d3b25cefdfc6eccf05bce329adf909b2859f122a0684d6fc1
Tungro/TUNGRO4_176.JPG,Tungro,5913,3a7f686da27fd746043c8ee2e90ab71064b867a90bddce85c3c367f18ff3ccb2
Tungro/TUNGRO4_177.JPG,Tungro,5913,ee0aeb1df6fcbdbb62cc35bc5d7ceb35ab28d83f9a4fe38883073c6272f08001
Tungro/TUNGRO4_178.JPG,Tungro,5913,3766b0adf0fa9ea07d11d753f1ce90c279d8e9bfd26b0d48e399f6e12034666b
Tungro/TUNGRO4_179.JPG,Tungro,5913,2d297b94b34db4d427e24f686bf016a9385ca870918fd407c37a5ff73b061c2f
Tungro/TUNGRO4_180.JPG,Tungro,5915,39da2c718e445c1fe62d36ab8dd1643a9f531daf884c5470a9d1df152fe06b84
Tungro/TUNGRO4_181.JPG,Tungro,5915,f144eb53c76c220ccd551d6d29b871aaf8044ce867c0ddd407a59b9ff774ded1
Tungro/TUNGRO4_182.JPG,Tungro,5915,0974d2f22dc55ce921fa6851b6cdb2bcbf63abe8565d7439956e08fc30844bdf
Tungro/TUNGRO4_183.JPG,Tungro,5915,87fde4c6190f84f52f85426d87ec6bd6abcb329054e2d69b0cf4d4559f5eb175
Tungro/TUNGRO4_184.JPG,Tungro,5915,c9ecba6f186e06663555fe1591c2177ab6088e32b0d244257c66e16634fff1ce
Tungro/TUNGRO4_185.JPG,Tungro,5915,9d85675e7450749e0353b39f931169b893d42ccd9517f3cf01ae30ba205bb459
Tungro/TUNGRO4_186.JPG,Tungro,5915,666056720e897c042623ddb65617428c64f159f88eb1f9ffdf85fb647e1b4a4d
Tungro/TUNGRO4_187.JPG,Tungro,5915,5c2d7cac6f9576f4ccf66ec2d8bf2c16904ff155ddd28c790a3ca1b377b45846
Tungro/TUNGRO4_188.JPG,Tungro,5915,2a11596853c5f3c9270f7441d299cddd2d597c1c8affd6da3b6f9cbc5d619de5
Tungro/TUNGRO4_189.JPG,Tungro,5648,2b50e7cb1ed98767c924a52bd0add2ccd7c1bd6d45beb6f14db0b48f7c1ce9fe
Tungro/TUNGRO4_190.JPG,Tungro,5648,07c41fda014a3df968e61f2fad3b35ae99bf8cf2ec4e97ac9e0864319f81bf74
Tungro/TUNGRO4_191.JPG,Tungro,5648,476fede6891370358c5369b7be68432cecb62c63fc6a39d268bcee3671aa780a
Tungro/TUNGRO4_192.JPG,Tungro,5648,6786cfb1963e52d35179388d379bb8560941001e97a9e48d47a6615150b5e568
Tungro/TUNGRO4_193.JPG,Tungro,5648,af4b00b032472f6aa8aa2c48d8469a314c620bb61fe1a6328001730afb152015
Tungro/TUNGRO4_194.JPG,Tungro,5648,d3d443b89ec3af31eadded34e46b1e01d6b2f639f40faab080e791c5a6902f8d
Tungro/TUNGRO4_195.JPG,Tungro,5917,8bd3e331892b1a747e3310b9902ef2017cf13fe7f5a60f5ad7f0bd280930857a
Tungro/TUNGRO4_196.JPG,Tungro,5917,899e7da0771ff74640b7312757754ccdb649a540d055ebeb0ba5d5cb2f046d4b
Tungro/TUNGRO4_197.JPG,Tungro,5917,a249bcb7fedb2d68a25a18fa254f7501a04eaffb7babf060c20c9eb64b2fc949
Tungro/TUNGRO4_198.JPG,Tungro,5917,be8a66612b2d69823e67b68570721d232d7be805e776d4457e77d61cb66156da
Tungro/TUNGRO4_199.JPG,Tungro,5917,3a13501dcfb7aa81a61087c0feae26ac3bfdedb55f4b1ef8a8f2f9fffbf0a468
Tungro/TUNGRO4_200.JPG,Tungro,5917,23a5bfb2c4517774b9fa1f3b148eefda66c2d7c43b92d5af9d4e13ee8f48e6c7
Tungro/TUNGRO4_201.JPG,Tungro,5918,419314a902f7b32b8634a855e24d4e2921440fc02084dd6c5e7de72f6e05711d
Tungro/TUNGRO4_202.JPG,Tungro,5918,13a3669c8ca1c5910ee0be18e61df8b56fb79f641e24863666ddf4e55a1710d4
Tungro/TUNGRO4_203.JPG,Tungro,5918,25990bd2f5d38cc0c6e40008b620d702c09abe350c4ca0c59f1f497d67ff34af
Tungro/TUNGRO4_204.JPG,Tungro,5918,9031e9c90e141b3690a789439661558dea51930696bf09b03aaeccfbfcbd840d
Tungro/TUNGRO4_205.JPG,Tungro,5918,49f9316090b04c14174d1a498f5cc243278d7f660853ebe7b46b75804a2b1740
Tungro/TUNGRO4_206.JPG,Tungro,5918,2773976bee5a37e1a1f910b4e54a28e01c270c5e5d353e72a3f2700b010a4404
Tungro/TUNGRO4_207.JPG,Tungro,5919,1c8e53212728c0a2ed4872a1efb9285d6734c76963c860131831a21bb823d4a8
Tungro/TUNGRO4_208.JPG,Tungro,5919,1b03b9968dc10745d7703d209d2ef40bbdb6200167bbe5b9c10942d1d40f583b
Tungro/TUNGRO4_209.JPG,Tungro,5919,31f1b381edd9361b581d1f81a141e817e4be9b1a4bcdf0bce61292f17942f551
Tungro/TUNGRO4_210.JPG,Tungro,5919,63bea0c1e7fc42ef3f70edb3eaee2e818d4cf29f153b01679320ba4d6961947b
Tungro/TUNGRO4_211.JPG,Tungro,5919,0097b9c7bd1a9662a3046c4a17d8b27b8975492cabcb26cde7f4395ffce3f396
Tungro/TUNGRO4_212.JPG,Tungro,5919,70adf5b025b5775f9ff5e0f17ea9fb43ea2f407a68247fb948f864e54e6bb3a4
Tungro/TUNGRO4_213.JPG,Tungro,5922,a70527cdf231ab676e86226e13410c5d9527221ecbf0e635a74cb3ad1e58039f
Tungro/TUNGRO4_214.JPG,Tungro,5922,1ad5d4b7c552dbe99873bc094d0b41bed395308fcb44bb64c14f0489d4550435
Tungro/TUNGRO4_215.JPG,Tungro,5922,b475d5c2288f91a35412a77a38457c53793f15a60a7b6548147b3e86b74fdec8
Tungro/TUNGRO4_216.JPG,Tungro,5922,372136bce0565b546a15fccb7adb7e350c1955865a020cb6526e083991702f46
Tungro/TUNGRO4_217.JPG,Tungro,5922,7fd57d5a0ef8f817f76777eaa8881e6b2390ddea88a613cc12ae5244cc77119a
Tungro/TUNGRO4_218.JPG,Tungro,5922,83ff76362f484f5387d08a221347ed714283bc6452ea127fdc19155329d9512a
Tungro/TUNGRO4_219.JPG,Tungro,5922,7448958e675f5df23358bfc46be552de307bd2763348ee5d8db66bfd7586713b
Tungro/TUNGRO4_220.JPG,Tungro,5922,5a83418a3f4be663d88739b84b20baa5e580e3def52c734aa53f5fe1c24d359e
Tungro/TUNGRO4_221.JPG,Tungro,5922,cf3734c5a182b0fedc83d76ada5e8ab177edfb49cd2c3f72238438362f68a6f8
Tungro/TUNGRO4_222.JPG,Tungro,5679,06b0524898c72ed1b64a080349e365e312d25d98884c6f0bdddfde141c5f3096
Tungro/TUNGRO4_223.JPG,Tungro,5679,18c5935d2194443216c2c6fcf82317a307935a645fa504a531e7c013433fb198
Tungro/TUNGRO4_224.JPG,Tungro,5679,97b7ea4489ccc20a668c9554cfc79953865694b4e2076db22eaab54853d531e3
Tungro/TUNGRO4_225.JPG,Tungro,5679,81c8eee1d07cec8787dbda99d78f3dc7e8acb4cdbd467c549ba0a5780ad68220
Tungro/TUNGRO4_226.JPG,Tungro,5679,ca9db6bf4ced220e68a489ccc1b16365f87f5606c9a376c5a5e6ff9fd18a4821
Tungro/TUNGRO4_227.JPG,Tungro,5679,5c7d818f243926f93fa235388bb4d8c6e0f3d1c7517a3597714e6de14097e83d
Tungro/TUNGRO4_228.JPG,Tungro,5679,0aa0013a9274576c9055ed920b0a36894104a99c9b7261c35668bddfd245a42b
Tungro/TUNGRO4_229.JPG,Tungro,5679,ff3e16aef40a83671fda1a81f07c394feba5a60e51b076a276ef3bfcfb6b4342
Tungro/TUNGRO4_230.JPG,Tungro,5679,f587235ed82db0f13703cd45bdf46b9fecd565d30e62e53e3dc16c67261c04a9
Tungro/TUNGRO4_231.JPG,Tungro,5679,0f11b55cd64b9b8009f4a654c5995cb04cb561fffc27fa4f006d02dfea0f30ea
Tungro/TUNGRO4_232.JPG,Tungro,5837,a98fc312a52b2e51ffa3a652b781255602d1032b1999fc8030c7ee158640224b
Tungro/TUNGRO4_233.JPG,Tungro,5837,6194777138eb2516dad907bb999cd1743be7ec416c04fab74a0426e5f78b2542
Tungro/TUNGRO4_234.JPG,Tungro,5837,e15b0defc8359c3eb65aab573ca48ca35bbfb38c11c7974864b8c8f65be54db1
Tungro/TUNGRO4_235.JPG,Tungro,5837,9345474f19c7b1faae214db8f3783248f7ebe3df99e81d2f890b31650861402d
Tungro/TUNGRO4_236.JPG,Tungro,5415,0fda0f001ad4b706ceca16c4b360870f3d0040a38695933e5c8ddb9fde23ab7a
Tungro/TUNGRO4_237.JPG,Tungro,5415,78e02735689fbd08e90e1527b7e0717f6afd812246f980b149be5031d65a403d
Tungro/TUNGRO4_238.JPG,Tungro,5415,2ead57d6165327f8e7f3913d9c15822e77f51fc0f43c84e974efb19b212929ad
Tungro/TUNGRO4_239.JPG,Tungro,5415,acf7d31cc761da91107dee19fac074c70d8a3f3f9e714cbe93c5f9d0dd3a573b
Tungro/TUNGRO4_240.JPG,Tungro,5415,8402e106fb6688f9723a37f4010255ba22faf0c62d16df2d1fc459150cbf7cd0
Tungro/TUNGRO4_241.JPG,Tungro,5927,7ad8fb432da8284e58853118fbb6642870bcd2340a34ee18cf09d5ac2421128a
Tungro/TUNGRO4_242.JPG,Tungro,5927,3af67bf2f77234a7544ea900e1655ffb61f0fd58a3aff1f5df6e9138a69715e7
Tungro/TUNGRO4_243.JPG,Tungro,5927,25e64ae7d322d22f941bdf28a73c6a394acc5ea5c7644eabb820b6e95d2fa634
Tungro/TUNGRO4_244.JPG,Tungro,5927,288c5006a147eb3a6cfc54bdb1efc9f7b1969ecd164a82f10516ceace1e24ff0
Tungro/TUNGRO4_245.JPG,Tungro,5927,1d8537f0eea6aff3f4c46508277af497c73f0fa19091cb2dbb975199fd2fa13e
Tungro/TUNGRO4_246.JPG,Tungro,5927,64c26dde098fa5888792c36f4f05bb3280b1c89ce6209de4c1db8483cc2b8808
Tungro/TUNGRO4_247.JPG,Tungro,5927,4b300ceaf0b0c7960bc7013673133488c87dc88cc5941e8c354f7a1e9b4f588e
Tungro/TUNGRO4_248.JPG,Tungro,5927,ebfe54a01fefd6fc26d71b40126831b72bd6bf27ddcb1f6d7f37944c9ce06cbc
Tungro/TUNGRO4_249.JPG,Tungro,5927,e70ffc875be5fceb3889e9163c3b66ef50cd19c1fa63ed7569582837c2d024b4
Tungro/TUNGRO4_250.JPG,Tungro,5927,bce15fded91d456fe4f4c8ed05f509bd4dbdf58e77de338a87d9e45f9c206319
Tungro/TUNGRO4_251.JPG,Tungro,5928,8df5b16d526cf28c515192fb9cff5b502ed9b9dbc4a15ecb6da7e533cd7eef7b
Tungro/TUNGRO4_252.JPG,Tungro,5928,958e7cca0666a5d17ab7225954368c235ddd79b9203dc8b8387a72a52d6a3b59
Tungro/TUNGRO4_253.JPG,Tungro,5928,b4592db511768cf2c4fe17eaffb971f3cecc7100e9136ea50f627df71b2eeaea
Tungro/TUNGRO4_254.JPG,Tungro,5928,3dad22ccfd40623b668c49d84ea6df5fb7d36db3011fee63c6747c2900982fcc
Tungro/TUNGRO4_255.JPG,Tungro,5928,a12374de34adb8b5bb19c962545717c7a50310a12d1ed5f35995d47ee061a0fc
Tungro/TUNGRO4_256.JPG,Tungro,5928,c14c5897463977507fb27ef65b6e0c127c16944ce6ddc111f0f201025518fc3d
Tungro/TUNGRO4_257.JPG,Tungro,5930,38338cb6b89a5002a08166a6db2e4a41ce2c69d846e4ada28d73e8d43e9b2946
Tungro/TUNGRO4_258.JPG,Tungro,5930,6b12f5e2ec983c07307adf7bb53a69a580a4df8436bdea5db78e3080042adf78
Tungro/TUNGRO4_259.JPG,Tungro,5930,f594b82b3663835b9a593e4d7e0515f347413daf776ec1f09c07e327844d8992
Tungro/TUNGRO4_260.JPG,Tungro,5930,e055c0944e69502a93392ef386d645b9d1042b4d32785ce2c6436d2779975859
Tungro/TUNGRO4_261.JPG,Tungro,5930,658c0940e89498a0a0af99bb9151460227a03cbc762d0798d1bcda8af0fb84ff
Tungro/TUNGRO4_262.JPG,Tungro,5930,a888f7b144dd9aba40c7b9f0819ba2de7d22355e0a48d09d7d29ff31909cd030
Tungro/TUNGRO4_263.JPG,Tungro,5930,205821e088da2738e1d74da01284fd66da6fd4fa99146dc059b6ca560cab44ac
Tungro/TUNGRO4_264.JPG,Tungro,5930,b4870a8078fcb966cf4f73b7422c2c404957e2ecd69a810c1b572e390430d38c
Tungro/TUNGRO4_265.JPG,Tungro,5930,d916b8e83060053c100e760f852cdefa1e11cfed0b6e531e02a645508324a20f
Tungro/TUNGRO4_266.JPG,Tungro,5930,94520c8bdc3dbb9c997e46a6ad3d81a4c0bc13359e344782639bf2e0a6c71a4a
Tungro/TUNGRO4_267.JPG,Tungro,5930,df59cbf98ae483eb6956b02ba4acacc62607db2fd71ee4dfb90a8ab432396932
Tungro/TUNGRO4_268.JPG,Tungro,5930,dae5953e37b5d791080d5efbac28f7dbf8ea37fa54547b1b8e6a5c262a991686
Tungro/TUNGRO4_269.JPG,Tungro,5930,a3d4bc1a70153d47f5294cf9846a49eb839dea25a64a8dc8b915969a9d1bbd8f
Tungro/TUNGRO4_270.JPG,Tungro,5930,9128d0a4a17c8563fdb9bf2cfd5ba16906d433b97e88b6afefd81e9b486f2d4c
Tungro/TUNGRO4_271.JPG,Tungro,5931,a0e910a77acfc9b6632dfe16a9743d2677cacb906305e75e5b083ba170c28a84
Tungro/TUNGRO4_272.JPG,Tungro,5931,1b71ecd2d82a74c7dc8a4f091fda5f54a05d1489e575a94cf6d8c77214c2f55c
Tungro/TUNGRO4_273.JPG,Tungro,5931,77360c0060b9e5939d96ea7901777a5958912945a2c386daac6c465529ee195f
Tungro/TUNGRO4_274.JPG,Tungro,5931,ae6ca6c609953a4a82ba0fe738f8c7aaf7ec38fc8c3702b63232d4b075ccfa85
Tungro/TUNGRO4_275.JPG,Tungro,5931,93619921463aad31d7be0df4ddc8b5799c46464eb6ba1a9ab63c8ef3f85a6167
Tungro/TUNGRO4_276.JPG,Tungro,5931,f61d1b77bf49d3b34e861fd11c4e9e6b530fb77cafe1564f169bb1b68c282173
Tungro/TUNGRO4_277.JPG,Tungro,5931,0edbd8feb57522e7af6309adb5335e8e6a46627e50cf05a3b94edf757576a2ae
Tungro/TUNGRO5_1.jpg,Tungro,5736,c5911f69fa8652edad88b06ef77994793547e5843168e81345f21c031da5f3e7
Tungro/TUNGRO5_10.jpg,Tungro,5733,c54b1a6ce9f485e2fa838bbc0098f491f1cd9bccbfd5a2b8ceb4d90c550f8e52
Tungro/TUNGRO5_100.JPG,Tungro,5931,8c263e771b1f55212afc8ee5497ae579a929ad239a9d8e407c69d55e64fc8d28
Tungro/TUNGRO5_101.jpg,Tungro,5735,c91f3c13b04cef1d3d6b0496795c847f30af2b986e8f924e6af4fb2b8e7b6eb3
Tungro/TUNGRO5_102.jpg,Tungro,5736,4c1bc01bd738c07b59252351aaee0abb8fda2a2eb99c162b1951f69158cce3ed
Tungro/TUNGRO5_103.jpg,Tungro,5738,23062f5372e8ee28c2ebeba99a60a91e4c2c6bc6ee83f3917bf4a600a69df906
Tungro/TUNGRO5_104.jpg,Tungro,5738,9b7581e3df2dab26523c482d84b5d40015ea6875aa8ab03d79fe567f9aa6900d
Tungro/TUNGRO5_105.jpg,Tungro,5740,3f07ee506d8bf56b0631cb0988af7c6047a71a9c38a561e1ce05c6c306aa24a2
Tungro/TUNGRO5_106.jpg,Tungro,5740,5c85070007cec27849a01978924b69f6209b6a8c672f451029f983c9949017b4
Tungro/TUNGRO5_107.jpg,Tungro,5742,27036f73aa078ccf576e1c4c763585237c5727a7ea306b7954e1c0de632af3e2
Tungro/TUNGRO5_108.jpg,Tungro,5742,a1dff0838cc8fbac87bab4500543f1f3455fc355a99c7a57576eff5f0dd2d210
Tungro/TUNGRO5_109.jpg,Tungro,5743,8289ec8c92d4aa82f6b71de7d79e4c56dbb04d2b38e193f1abc0cc67013406b9
Tungro/TUNGRO5_11.jpg,Tungro,5744,6723a20c1024c72ba255033e44f13a5ef44c59dc970bb0a7977cdf0fb1968480
Tungro/TUNGRO5_110.jpg,Tungro,5745,ebc44e1377e019d026bd4ff92e4f7826a7f427e6d59918ead02b26144c2f5cca
Tungro/TUNGRO5_111.jpg,Tungro,5891,aa6694480fd8eb6a66958ee06ecefc73ec3cedd20cd9660ea1eece1ab3d99d0b
Tungro/TUNGRO5_112.jpg,Tungro,5891,9407f2c63470067d6e290e5fac89c76be116efbc3932a6c5c348a862f93b6ff0
Tungro/TUNGRO5_113.jpg,Tungro,5748,0476d8724c2bef8531ae637b376210e07c3e6df57f0a677e7ffe513404eacf0f
Tungro/TUNGRO5_114.jpg,Tungro,5749,1edb99301b2d55d2706b93de776576dfb53b5929e7139f3434927f104c1bdedd
Tungro/TUNGRO5_115.jpg,Tungro,5751,7f959213aafa56470edade4462a8b0490a36a39a69384c9e3edc5c5752960564
Tungro/TUNGRO5_116.jpg,Tungro,5751,36e0ae0ca1a56ff1c4ecd177f5eb1a908a3a8dc8507a3a06557c6ed259874dbc
Tungro/TUNGRO5_117.JPG,Tungro,5810,07616ef1489c68c7233033cbe96aed5a6c9c127b20e50fed1d01e8218f37d2b3
Tungro/TUNGRO5_118.JPG,Tungro,5810,4ad797f949aa474fa7d6958c0a3de63975b12de8c0ba3d99136b90616c81fbc7
Tungro/TUNGRO5_119.JPG,Tungro,5821,06db4ece3ff4048d4a37ab09d37c33111b9dfd98186d14db969b0e811d0ee93b
Tungro/TUNGRO5_12.jpg,Tungro,5755,dab3be5441a992e99bc83a0322261d7bfa060a95bf03e6c0faa47d8749ccac74
Tungro/TUNGRO5_120.JPG,Tungro,5844,40748d4c99f7a67c2eef5f75fdaebe0040961d2c85c88c4a012f612060c96940
Tungro/TUNGRO5_121.JPG,Tungro,5757,47deffcc8b73e100ce60d6c579b5a7bd7615de38849a79ec84ad9a35a2027252
Tungro/TUNGRO5_122.JPG,Tungro,5847,6cb0bdc92d5ed3f81a19c2fcab53a1e7e18102f0a090c2f977952ac230f446ef
Tungro/TUNGRO5_123.JPG,Tungro,5759,c8c394c6b32784b6fb03826eea70f00fa75122f9f3797bdf4e7ee80ae752f993
Tungro/TUNGRO5_124.JPG,Tungro,5849,bbec2b2c8a47b6d718e45626f9fba8364212d99b46225bf8e21700f6db46a511
Tungro/TUNGRO5_125.JPG,Tungro,5850,e8b3b3ffac7e89e2177ebd93972d6cd997432c4f1cb5dcca0e40895a9130e984
Tungro/TUNGRO5_126.JPG,Tungro,5850,8ae4fe2c9035265c709673a75af54d1a76e9e0ce1ccfe5faefcab13e6b4a8643
Tungro/TUNGRO5_127.JPG,Tungro,5764,a3c2d2913fb9c4fc41eb66f5e6ac92207b1a2a9d9ecc8c9d9284bc24bcf9ffc3
Tungro/TUNGRO5_128.JPG,Tungro,5764,811bef964eb8b462c6110ce2a22ee62e6afac9c0553d3597b45ce0b202113271
Tungro/TUNGRO5_129.JPG,Tungro,5908,bf202a049011cb1e897115f6eaf7f8c3c1443d047712ae3975c4d4f4e6f4b7d5
Tungro/TUNGRO5_13.jpg,Tungro,5766,2d837bc4da93c97b1f1955e835ccc9909a4e9411a44c2058686aedb7c115716a
Tungro/TUNGRO5_130.JPG,Tungro,5856,aad8ee8b52a8635231bb5530e3082983706832be23a6668008ea1d055abe4a42
Tungro/TUNGRO5_131.JPG,Tungro,5768,92d2704d734e30064f2c7839df2aba146d503ceee1223b5a7f8a93d5aa9a99bd
Tungro/TUNGRO5_132.JPG,Tungro,5858,f1350da472acd531a39935a227c969716a103801ca1c0159c3ef83f5367e3d98
Tungro/TUNGRO5_133.JPG,Tungro,5860,27794e46e929c8f07cf6f2e43907659b630ab20742232a1aca2d4fef5e9a34df
Tungro/TUNGRO5_134.JPG,Tungro,5860,2ad37f049ea21a1b455879202c4f27e0151c08d529276f41def7cb073e5f39c7
Tungro/TUNGRO5_135.JPG,Tungro,5773,6441393e495a6fc3bf3d8a0dd71359d68eeec35b4b7af6b5be6d233f3805870c
Tungro/TUNGRO5_136.JPG,Tungro,5773,1d041aa7a15cbd017f4f6a3c127c42aafe6b497eac23276de0f16be110f44318
Tungro/TUNGRO5_137.JPG,Tungro,5775,06cac663ad86d296d3d7f5d06edb4ee0001e3669335411ee4144cfdfe9c0c5b8
Tungro/TUNGRO5_138.JPG,Tungro,5775,6b14f3cc01e2a8119c5b92b549fc088860e146d09e5a72162e6d7be1cd3ca2a8
Tungro/TUNGRO5_139.JPG,Tungro,5867,be29d1102a2371e9ecf45b1c0030da1c56743a1a627b61e8c72fbc8eec5dd0a1
Tungro/TUNGRO5_14.jpg,Tungro,5777,7345b21cbef73cc003dce24190daae7cd7fbaee1aeeecf98ae830c34ce9ca8db
Tungro/TUNGRO5_140.JPG,Tungro,5867,43d1a3fd356c4dfc80d92172d7d1b3b3da95b6b4ff082483cc77574f2e2e1e4a
Tungro/TUNGRO5_141.JPG,Tungro,5869,60ae5646903bd2d470d18667182cb90c9af8ee9704350af79158d84a58e30238
Tungro/TUNGRO5_142.JPG,Tungro,5869,eb61ea02cfcbc329b8acca3878d99639b767fd2dd36e527539989f88cd12f84f
Tungro/TUNGRO5_143.JPG,Tungro,5837,9335e28c317bdbb9867c9462e352466b1fbe277e401297493d2f1cf818b4b531
Tungro/TUNGRO5_144.JPG,Tungro,5837,76baf641dd9ae1cce872abdda7b4e874fc94eeee88f4cd183dd7dde69d791411
Tungro/TUNGRO5_145.JPG,Tungro,5871,4bad01ae750947d6fcdf5e4b37143f100814612e116cd4d43c965b2484ea4deb
Tungro/TUNGRO5_146.JPG,Tungro,5871,c04904be58457c0661fb48423c4c68e1d319cd50fea658224d885e56d98b994f
Tungro/TUNGRO5_147.JPG,Tungro,5787,1124f76e44e9d50e95424a69ec347a8cc04209568350883c95eddb900a07f791
Tungro/TUNGRO5_148.JPG,Tungro,5787,09c555ad9e3ff662c0af1c283c763072cdbe76a815f536b807c6ebb6744dc32f
Tungro/TUNGRO5_149.JPG,Tungro,5787,6330c35d1d5bb5d1b6f1085c319c29b12f834c7f4cedff7773464417faf70ca0
Tungro/TUNGRO5_15.jpg,Tungro,5788,0966e4c046b8b5f5c2f21dda57682e545445e9b04075237e67f6ab3e9d217108
Tungro/TUNGRO5_150.JPG,Tungro,5878,6a6bcf1b874e544ca2f652bf62ba66809b33b16aab9050385a33996bdbba2fb1
Tungro/TUNGRO5_151.jpg,Tungro,5790,83414f39d6100f8e4276c02339c29c4d607839d0eda1aef4627f2a97a8f756a0
Tungro/TUNGRO5_152.jpg,Tungro,5459,94ea086a58d3d9facc7386aa6f30877419cd05c71df6632f6881b469755787eb
Tungro/TUNGRO5_153.jpg,Tungro,5793,02b0c47c6a9f29766709bf712fa96a2a0a3efaaeaa97373953ff797759e2ebad
Tungro/TUNGRO5_154.jpg,Tungro,5793,26aff85f34ef9ef9652df8a963b30574c774e794632839aa64746c4cdb451c69
Tungro/TUNGRO5_155.jpg,Tungro,5794,5cbcd18f444baf1e84c01ac26f7ddf3d41ee57979634088a5828a41fbffe9109
Tungro/TUNGRO5_156.jpg,Tungro,5795,a10a6d235fe3d0f1627225d634824ffe8e333e23ce67b98edbde16676429b97c
Tungro/TUNGRO5_157.jpg,Tungro,5797,1b2066ad0568e222592304e6fc4b4bedb92b061a87a53ad7a8f2dc7532a5ab90
Tungro/TUNGRO5_158.jpg,Tungro,5797,3666b2cec00649cb8d93e4122e4fdff52049209413f2bc1c4e2098ca8b957e73
Tungro/TUNGRO5_159.jpg,Tungro,5800,e0b825710898b8cae6d13d2ff0ba7c3027341ed525615ea9bba1fbcc73b7e37e
Tungro/TUNGRO5_16.jpg,Tungro,5799,aea454bed46b435e4370750148c030d2842d33c2730efb0941da7502e74fb77d
Tungro/TUNGRO5_160.jpg,Tungro,5800,cf54d50f4375eb0fed3951fee94056f9d21f61dbc7c1ae42682d43c8249f7ca1
Tungro/TUNGRO5_161.jpg,Tungro,5801,21ecf2cd99b2be99a353460e90bc6fc8069ca8b57bb47a7266b04a35f9340aac
Tungro/TUNGRO5_162.jpg,Tungro,5891,d82b46a60fb6c642802e8423e76f058e730bdaf62a0dd4df09f91a00062471eb
Tungro/TUNGRO5_163.jpg,Tungro,5250,1ebd612f5978e5622097c0bb94af419a2a3582921e9c96d2a3468b6fcc22278f
Tungro/TUNGRO5_164.jpg,Tungro,5250,a67c7a6f8538715afd25178f8433ed7ac278ca363b2b09d70af6f95a3e0f0bdd
Tungro/TUNGRO5_165.jpg,Tungro,5806,dad19eec788b9c12794d22f807264467dd2136d008ce04e73f95340455629ee2
Tungro/TUNGRO5_166.jpg,Tungro,5806,14128997d83210769498c531e3c17c83b5f906f1935606a17c2757c3a5cecb94
Tungro/TUNGRO5_167.JPG,Tungro,5897,55902c5d8dec6107daca133baee88df0579f0cca9afff3a08ae6c93dcef06ef5
Tungro/TUNGRO5_168.JPG,Tungro,5897,d136c4db3d39d7150efcdc59dcde7e9084284b99c84f47899675097f1f75f47f
Tungro/TUNGRO5_169.JPG,Tungro,5811,e5896dbad4b6f5da2bef8809cd1f56ed980b5d98dbe9def4b0ad6c51da1a3ee8
Tungro/TUNGRO5_17.JPG,Tungro,5810,285d959a1b0847c9983d2cbe2eddc3989560a0f1ae1d932cd1183e01643525b9
Tungro/TUNGRO5_170.JPG,Tungro,5811,636346e35cc50a988793cd3e714ba4c1d28c6128bea747765ee306f46ae28970
Tungro/TUNGRO5_171.JPG,Tungro,5813,302d648984bb88530c07db605ea263477f2c30e758e0c2295cf6a8fa70459722
Tungro/TUNGRO5_172.JPG,Tungro,5813,ae6f60965b26100db78b7d427f5759b4655ad202b50a692f7090256eb927926d
Tungro/TUNGRO5_173.JPG,Tungro,5581,020f0d07680c03b74f4645b9dbbc306c66250ef16139c482e70311521e33ab7d
Tungro/TUNGRO5_174.JPG,Tungro,5581,39370f422f22f0d9a728156b8a49677ff39560f879cd10eeabd61ba68c4d518e
Tungro/TUNGRO5_175.JPG,Tungro,5817,9149800125f47ee593ebefcebd6a1bb2915e464df615fb7269d8e2ebf2d945e1
Tungro/TUNGRO5_176.JPG,Tungro,5817,4a3665a43c6a087910d050d6d51a80963862c4081a42ac3f2da1f13469b69f3a
Tungro/TUNGRO5_177.JPG,Tungro,5819,755be68f7335aac8cd0cd2e0bf42071dc038abbdfb1c4fbfae3456d5ddd8c2ce
Tungro/TUNGRO5_178.JPG,Tungro,5819,4c230526b926cc81ed13508e310dab95a92f6d985ef41801a1fbc35e764f73a4
Tungro/TUNGRO5_179.JPG,Tungro,5822,b5f03df78e4ab39b038f70818c883f64a1ae866b2ffc3405616331e382e65f6e
Tungro/TUNGRO5_18.JPG,Tungro,5821,92471b4677f0503eba8e510e2ea48d63f6b72c85b29f3a26d56994464af6a3b1
Tungro/TUNGRO5_180.JPG,Tungro,5822,086fe233518186b68b74ffb07178ea4eb9ffbd7f61f8b6cbc0443d49e2038ed7
Tungro/TUNGRO5_181.JPG,Tungro,5824,a86b1e1fcfbc648db320645a5211a95a2a0e52a7abed9905fab61053b18c210b
Tungro/TUNGRO5_182.JPG,Tungro,5824,8c67ce305692ff7ec6948b6ddcced2085c98c0221c38f3fc1c888bdc11a4a2b2
Tungro/TUNGRO5_183.JPG,Tungro,5915,2dd1ceb07c7fd4ae0ebcc90a40b01c478a93201a274d50f3116c870225cf0e1e
Tungro/TUNGRO5_184.JPG,Tungro,5915,bb8238b9e7b17476c173e0e07951071a9ed5a90ae7c99789ad4bbebbe934b46e
Tungro/TUNGRO5_185.JPG,Tungro,5828,8ff24f3181d6e96f8b6cef2be968359ae2d317bbea2ad5852000cbf633327b30
Tungro/TUNGRO5_186.JPG,Tungro,5828,9fe6a742058ddacfbf4eb16e50923f060a41e59bbfe7a697554ece14e16be225
Tungro/TUNGRO5_187.JPG,Tungro,5830,4f83d02e8d6199f080fb4f8972884f3d90f58db0d829644af554f8cb72028b2e
Tungro/TUNGRO5_188.JPG,Tungro,5830,f2cc010865cb8393d938c84936039f0a05152c25177965dc4d693e81c6914fe9
Tungro/TUNGRO5_189.JPG,Tungro,5922,6bcf2871eef6cc8c6d2940817f8f4c304f8508d011d55759d7edb33c9ab9757f
Tungro/TUNGRO5_19.JPG,Tungro,5844,52cd35c4ede900f4127b7b8b4496b8671323829516fcbd01e8c40f138acf98ed
Tungro/TUNGRO5_190.JPG,Tungro,5922,e1782adea4429baa7b216aec81ea5b2a7c825e383b8dbeac53aff5a21ad2ce82
Tungro/TUNGRO5_191.JPG,Tungro,5835,3903ee5f2eadc641c5071f977a92d91dc53819987b1b5c782baa0683fc2c9039
Tungro/TUNGRO5_192.JPG,Tungro,5835,2fe33d67279743c71b1f3e0037fd46d24ac4e84645c88d50c9b80176b349db51
Tungro/TUNGRO5_193.JPG,Tungro,5415,0d891be2b3eb6a3542cd3a5f8ee84cece1eb7c31bbce0c70159c35acc4c5d286
Tungro/TUNGRO5_194.JPG,Tungro,5837,356847456e1674233dc0abfa3f05e33a4231416c1528add65a4bd08d8d0e6d63
Tungro/TUNGRO5_195.JPG,Tungro,5839,d32cde74626a5b215208de64cd3341d02a5451f6366c86db4419e82d67789051
Tungro/TUNGRO5_196.JPG,Tungro,5839,18d4b6751657ce32349a2f47866f1a8154342684adaca2284be8ee22523c9c5a
Tungro/TUNGRO5_197.JPG,Tungro,5845,8f4802a95ab3095d30929bbec36482853dec48aa809876f1ade891268f8301ce
Tungro/TUNGRO5_198.JPG,Tungro,5845,b0b7135ae506f6cdda2a6248477c83e16568a42cc958117aaa844a92b112493d
Tungro/TUNGRO5_199.JPG,Tungro,5845,235c2a1004723618bf8e53a0dfd53f7cb9fd375a695937a4de8eec220e306189
Tungro/TUNGRO5_2.jpg,Tungro,5736,9f99dd253cecda4d6840983cabb4ada9ca8397372d337e2157cd0fc34c9b2129
Tungro/TUNGRO5_20.JPG,Tungro,5844,0b7a38c64e8e4e07795def09ae040fba1efe92bb27abca73b44b5c6f399c6c47
Tungro/TUNGRO5_200.JPG,Tungro,5845,aa3303080f92dc8b707ea87a8b08fcf1d175d4724b41bc1bddd64000988ca8c1
Tungro/TUNGRO5_21.JPG,Tungro,5847,67c4a59f0901f1aa9e79f70eaec0c8adf2d8fb918a39f93499db35e38f6ba5b1
Tungro/TUNGRO5_22.JPG,Tungro,5847,631066e7351510a039e1e1d18bcbabb08cb128ce368958c56b4e0052945a06b0
Tungro/TUNGRO5_23.JPG,Tungro,5849,7af71aa4f542bd3d2d68a1249c0c1b2ee90ef2c7341c6f9dd065812a0a8bb699
Tungro/TUNGRO5_24.JPG,Tungro,5849,62494e393e63f1808b8193e7b54f3233729757091f5b148f2205d8f17308b132
Tungro/TUNGRO5_25.JPG,Tungro,5850,5ccfac039b7fee9b1a23abc8ac0251cef9ac79eac7381ae7daedcaa6e90eb892
Tungro/TUNGRO5_26.JPG,Tungro,5851,d43e04aaecf9920eb79159a0d921cfeaa0afe158b3f50d6ffa0662fdd0d24f7f
Tungro/TUNGRO5_27.JPG,Tungro,5908,95020f03fab3226d0a42ab461f686df794815b0a45548ab8a639ae44bb1e60e2
Tungro/TUNGRO5_28.JPG,Tungro,5908,146896d33677b2f7ce91bdfe4bd260ccc76593568126b168c64e7be7c72aec54
Tungro/TUNGRO5_29.JPG,Tungro,5856,20d82da07a425c0b270f565d8491581e09df72fbe7a370357ea88efbcd57a314
Tungro/TUNGRO5_3.jpg,Tungro,5855,d965dc75877e04c34e5894547f2a3a3223dd9253f1bc349422062dd169afba1c
Tungro/TUNGRO5_30.JPG,Tungro,5856,022df3edf2ba5222c3178ec8df0a5e465d1d3dbb96d23d6e9c074789b5f0ad10
Tungro/TUNGRO5_31.JPG,Tungro,5858,7bf9bf30a2e2a2b39217e53d9196f84bfd4e0e5ed9c1e2ff1df83612587f2de2
Tungro/TUNGRO5_32.JPG,Tungro,5858,36afcdf140fda2151d561c1d1f3f592508afd2ce6b7c77ab6ed81d29babbb2af
Tungro/TUNGRO5_33.JPG,Tungro,5860,b8effa7ecc4f03d63a6ceb0687fe99d4bfc4e59dec88dccc041b89950a527b84
Tungro/TUNGRO5_34.JPG,Tungro,5860,b5cf07c789927117aeff257e8e724325110344a2ac512aff7a1e6732ac09ed7c
Tungro/TUNGRO5_35.JPG,Tungro,5917,758e07d753bbe09633d0602daa21cece18837bb53eada984d2126243e16e740d
Tungro/TUNGRO5_36.JPG,Tungro,5917,8ec2a3c50eaf927f4303f8cf74402cd447f3369af0f216dc956e436f078e863b
Tungro/TUNGRO5_37.JPG,Tungro,5864,0c0dfcf56aba9abcdcbf607df104630b22d81436338c37d474bd2ff00f1bc772
Tungro/TUNGRO5_38.JPG,Tungro,5864,bae0b0523f34620102b8906ccede996955f8cf68481e2adba869c072d43b1f62
Tungro/TUNGRO5_39.JPG,Tungro,5867,99d3236a4642f95e8e3d676d15bce914c28d03fee49dc40c01dcfce1c3b0ff54
Tungro/TUNGRO5_4.jpg,Tungro,5866,cc25e65b3a96989be3ab23c3b0bd5eae7ca143c2f798d02681d5cfa4675e9fea
Tungro/TUNGRO5_40.JPG,Tungro,5867,acc4026125be5db4be574b75d0683b6f33515486b5425ae3275ed1be6a51dc0a
Tungro/TUNGRO5_41.JPG,Tungro,5869,14a828f1091c584ec74b573b431a960275e035d0c76ee1392f70648d4bc22112
Tungro/TUNGRO5_42.JPG,Tungro,5869,6bb514069fbb19a930341d0a52efc33651070c98b4969f1f1ddc17f2cc6f219b
Tungro/TUNGRO5_43.JPG,Tungro,5871,458dbabff93ffb04b11c2c2f75c4b784dcb9b1742bf02afa42f11ec64c57452f
Tungro/TUNGRO5_44.JPG,Tungro,5871,081699cb2e94b52dbf8ae1e4021e318d0447c133a3755b525fd204590c717269
Tungro/TUNGRO5_45.JPG,Tungro,5873,1d0203695894b5e8629569a5da01e653cd4d15cb573534b4e80005dc3fabcf09
Tungro/TUNGRO5_46.JPG,Tungro,5873,534c22f15057c518e0b81e9ff13659e79171b2aa619c3134c346a55ce809b48c
Tungro/TUNGRO5_47.JPG,Tungro,5787,86eb2abf8290b6e862092b8568a1d11f6896766bd2ae16c1e8bf7556c2e5817a
Tungro/TUNGRO5_48.JPG,Tungro,5787,af884c96bed1b12e82c3027b36bee8bd2b9ad0cf4d8140ac27511a002e318ed0
Tungro/TUNGRO5_49.JPG,Tungro,5878,86a6acfc7eb8c1948c364cc5c4df9082c681e5663debafe9e215d5c2d00b0d16
Tungro/TUNGRO5_5.jpg,Tungro,5877,b6c48234deefedf808ccb78bb530ae28d90eb740a3642df902ce8520dfa8da39
Tungro/TUNGRO5_50.JPG,Tungro,5878,a29328bc1ca0056db7487bf5ecf9f9f336b438910fc8ec17cf34d5c3457accbe
Tungro/TUNGRO5_51.jpg,Tungro,5736,b251e68f420c53b2cadfe69a71e2acb8ba956850859fd360194d5576b47273d7
Tungro/TUNGRO5_52.jpg,Tungro,5736,6b09013143f704c3a65cf42cfa92bac6c4b3365aae396716bac3b120ccb76080
Tungro/TUNGRO5_53.jpg,Tungro,5882,1e65d5dd685920abf4a9ef4efcc8c4fd904d71d1913da56a403a2d569c6f4e59
Tungro/TUNGRO5_54.jpg,Tungro,5882,9f2cb6611f60ba5115f154b3579c0c3ebacaf4a1db0a33c8a0884a99e8617736
Tungro/TUNGRO5_55.jpg,Tungro,5883,bbbbabe2a7f6d4d7085b2eedabcc05fb3f849410896074b4a216d136bbf5d737
Tungro/TUNGRO5_56.jpg,Tungro,5884,c6c0097b83b401c85c5ba6cab8d09d85232f17afec70c6483c70c68798fb35ad
Tungro/TUNGRO5_57.jpg,Tungro,5885,d8aced3569d4e0727bf71799bb160081247acb2d4cd2cdaf7d28cedba6a815d4
Tungro/TUNGRO5_58.jpg,Tungro,5886,3425cb784e5465b4ea596085a16a0446cc261e0128cef0b9dd8bdb7876277d1e
Tungro/TUNGRO5_59.jpg,Tungro,5887,168997358ff42226c67aaa98d1eba158aa19535e7baf88d9d6adfe4b4f96f128
Tungro/TUNGRO5_6.jpg,Tungro,5888,63e3ac93cf286bab36b4ca53d0cfe5f6c2716ff06d57513192f841e432e0d987
Tungro/TUNGRO5_60.jpg,Tungro,5889,8094d1f43865ffc91bf59036205480152033585d1c82eb01affa509141367e6b
Tungro/TUNGRO5_61.jpg,Tungro,5891,b55c28a763c387c2fd64834cc5fddfc7b904d3a4151026f6f377ef301b7577ab
Tungro/TUNGRO5_62.jpg,Tungro,5891,44235d86e9f03c42b27014d5905ee535632d7e45b814a7bc37452aa3af7990a5
Tungro/TUNGRO5_63.jpg,Tungro,5893,ef89aa84936f5724020ea0a8648606c8f776ce6ef9201ac5e115f25f37da4c55
Tungro/TUNGRO5_64.jpg,Tungro,5893,07b83ac41d78b8b82a8b94b2183cf8d44bea2b0f9e82f46118e0a91b2ed9e648
Tungro/TUNGRO5_65.jpg,Tungro,5895,9c6bf043f3ad38e1275a1000334b2ec29ca1fb6d33cd1fe684669c82e214a5e2
Tungro/TUNGRO5_66.jpg,Tungro,5895,d05dc9443f967a3fdee701f7677efbd65cf5e7bb6a25e7220aad3268026a6eee
Tungro/TUNGRO5_67.JPG,Tungro,5897,cffcbe4c360e9df946589a9ac38b590aa98712c9d8e40f1fa45b2312d99720ca
Tungro/TUNGRO5_68.JPG,Tungro,5897,823d1132a0adfb3e72a079c961b9e90bd5fd5fd43552ad9daeca357e99a93e71
Tungro/TUNGRO5_69.JPG,Tungro,5900,d99693972b4df704fe63664209aa082c3ec193a024c92bbd5f6c1ea02b87014c
Tungro/TUNGRO5_7.jpg,Tungro,5899,c21e9b2ac549d8b6f7b12616014dc8dbeea53f2a7e9d13191c81064de2110644
Tungro/TUNGRO5_70.JPG,Tungro,5900,17998e57c3a3e83f5fd17b2c64e6860ba52c7aa587d44116b512c293da4f92a0
Tungro/TUNGRO5_71.JPG,Tungro,5902,b76350ecc39c7c9ab54b7b0b727de82d7a462b73fb1f22cf9e9f5be63a98f314
Tungro/TUNGRO5_72.JPG,Tungro,5902,92af522ec912b92bda88d6fb16b9237c117f9631d58e350c9135d70bdbd31e48
Tungro/TUNGRO5_73.JPG,Tungro,5904,0ae5fa03d747ed291c9c2335cddcef83c4dffece68a7084e7499858addf1dcf7
Tungro/TUNGRO5_74.JPG,Tungro,5904,20c23ac4458f21055742d9d96e78db70da8c64de57ac8af8f2b347d33b80cc43
Tungro/TUNGRO5_75.JPG,Tungro,5906,424f35aa89f86d013cd9fb820186adbede4ec73a9079c8063ae74b63f63cd340
Tungro/TUNGRO5_76.JPG,Tungro,5906,eaf586a7cd7b42b9e07578daceb90d83d4e265f0a4c5b8cbcdb2c45c85c679b2
Tungro/TUNGRO5_77.JPG,Tungro,5907,3c7f4c8e876edeef2006cd137d3fda57e36fcac063edbe9513943955740de9c9
Tungro/TUNGRO5_78.JPG,Tungro,5908,7e06bff7ee36d2b198be1c7b710e10ad965f130564341e0d90a65f9550f15637
Tungro/TUNGRO5_79.JPG,Tungro,5911,f523422c547228a2e4f199173bf74eb5aadd4c2bf96581acec5b4c77209a518d
Tungro/TUNGRO5_8.jpg,Tungro,5910,9293924f9c6130b8028d5139373c1f31c837b3960e9d5c296f2abf3d61936639
Tungro/TUNGRO5_80.JPG,Tungro,5911,c6b925ef3e85e3a32c2734fce05f4d2f0da581155f0dd1c8b39fe47f4b7bc0d7
Tungro/TUNGRO5_81.JPG,Tungro,5913,8189c7ab69304a82a60f64386c22162f1a5964878937422483e512b78fdc4641
Tungro/TUNGRO5_82.JPG,Tungro,5913,476494d985ce17d4aca49527e3fc5d6d75386ae56885591244d34ab91c5096f9
Tungro/TUNGRO5_83.JPG,Tungro,5915,5303b3bf0b5bfa88bf16507103904857dd05b32701a6720704c410b49097b9f2
Tungro/TUNGRO5_84.JPG,Tungro,5915,d0dcf0f44590afee816211230f8cfc1ade002de68ca92ddfe57530c15f1c6b13
Tungro/TUNGRO5_85.JPG,Tungro,5917,da10e4dcf5c171d70d09fc6243b3506789db4b82a3cea025c1775de1a5174f0a
Tungro/TUNGRO5_86.JPG,Tungro,5917,7c33ff2c7164dae9d848d6e5d84fb8c113b4edf4edee378fb0930c7f408a41dd
Tungro/TUNGRO5_87.JPG,Tungro,5918,b2c51636fe165c9e7047f1f8a1d377ff4957baa879210a13102b575c4a213937
Tungro/TUNGRO5_88.JPG,Tungro,5919,9e85b2227fe132d81b8a87ab1c4d849969a2e603c873f5421fb80079df86b591
Tungro/TUNGRO5_89.JPG,Tungro,5922,55df983f59a1cb9e2cca1b63e351c59f6bcbbfa4fcffba399c6ac2b7fa992724
Tungro/TUNGRO5_9.jpg,Tungro,5921,420419d7cca727bfeb46e581ae0e3f7a2d93201a87004221c2c0edfe0eba1d5e
Tungro/TUNGRO5_90.JPG,Tungro,5922,62329dc16b420742b9565bbac24fbe9ae4e61cfb90ce811242b01483f99584f0
Tungro/TUNGRO5_91.JPG,Tungro,5679,712539254f6ccad7933661af33c72a7035b0af1cc0c07f48574d00cafc33a876
Tungro/TUNGRO5_92.JPG,Tungro,5679,e7f8cb77048fdcedba0ab92fce25123827a0e19590747484a330e44db4cf7209
Tungro/TUNGRO5_93.JPG,Tungro,5415,437fe7af5f79fea0cf914685ba4335e7ace4b25fa9187c8985a156c9eea0e060
Tungro/TUNGRO5_94.JPG,Tungro,5415,dc5e93bd746c83dbc107254dc4f332ae6b9db144fd5557830cb47aa8877a9c55
Tungro/TUNGRO5_95.JPG,Tungro,5927,fe59ca0e7f56f703967eb4b0000e131fbc9e2af07c0996e576bacee99b6a82ec
Tungro/TUNGRO5_96.JPG,Tungro,5928,73f027a8d74ccc72d54cb7fc0a9d42170044115c6aafe25aef564dda7feebca5
Tungro/TUNGRO5_97.JPG,Tungro,5930,3c9050c579461cdba55227455081eecd1937642f92a74783165adf44b313fe6d
Tungro/TUNGRO5_98.JPG,Tungro,5930,e47b8f0e9ef8a05c627881491a6211a12dfc7fb52bd9eca7514c289573ca9f48
Tungro/TUNGRO5_99.JPG,Tungro,5931,0f7ab2a60f94403c6abb7e99395a02663406e4bd31ce7a22a46bfdc95ebfda04
