path,RAND-SPLIT_s0,GROUP-SPLIT_s0,RAND-SPLIT_s1,GROUP-SPLIT_s1,RAND-SPLIT_s2,GROUP-SPLIT_s2,RAND-SPLIT_s3,GROUP-SPLIT_s3,RAND-SPLIT_s4,GROUP-SPLIT_s4
Bacterialblight/BACTERAILBLIGHT3_001.jpg,test,test,train,test,train,test,val,train,train,train
Bacterialblight/BACTERAILBLIGHT3_002.jpg,test,train,train,train,train,train,val,train,train,train
Bacterialblight/BACTERAILBLIGHT3_003.jpg,test,train,train,train,train,val,train,train,train,train
Bacterialblight/BACTERAILBLIGHT3_004.jpg,train,val,train,train,train,train,train,train,train,val
Bacterialblight/BACTERAILBLIGHT3_005.jpg,train,train,val,train,val,train,train,train,test,train
Bacterialblight/BACTERAILBLIGHT3_006.jpg,val,train,train,train,train,train,train,train,train,train
Bacterialblight/BACTERAILBLIGHT3_007.jpg,train,test,test,train,train,train,train,train,train,train
Bacterialblight/BACTERAILBLIGHT3_008.jpg,train,test,train,train,train,train,train,train,test,train
Bacterialblight/BACTERAILBLIGHT3_009.jpg,val,train,train,train,train,train,train,test,train,train
Bacterialblight/BACTERAILBLIGHT3_010.jpg,test,train,train,val,train,test,train,val,val,train
Bacterialblight/BACTERAILBLIGHT3_011.jpg,train,train,train,train,train,val,train,test,train,val
Bacterialblight/BACTERAILBLIGHT3_012.jpg,train,test,train,train,val,train,train,test,train,train
Bacterialblight/BACTERAILBLIGHT3_013.jpg,test,train,test,train,test,val,val,test,train,val
Bacterialblight/BACTERAILBLIGHT3_014.jpg,train,test,train,train,val,train,test,test,test,train
Bacterialblight/BACTERAILBLIGHT3_015.jpg,train,test,train,test,test,test,test,train,train,train
Bacterialblight/BACTERAILBLIGHT3_016.jpg,test,train,train,train,test,train,test,train,train,train
Bacterialblight/BACTERAILBLIGHT3_017.jpg,train,val,train,train,train,train,val,train,test,val
Bacterialblight/BACTERAILBLIGHT3_018.jpg,train,train,test,train,train,val,train,train,train,train
Bacterialblight/BACTERAILBLIGHT3_019.jpg,train,train,train,train,train,train,train,train,train,train
Bacterialblight/BACTERAILBLIGHT3_020.jpg,test,train,train,train,train,train,test,train,train,train
Bacterialblight/BACTERAILBLIGHT3_021.jpg,val,val,train,train,train,train,train,test,train,train
Bacterialblight/BACTERAILBLIGHT3_022.jpg,train,train,train,val,val,val,train,train,test,test
Bacterialblight/BACTERAILBLIGHT3_023.jpg,train,test,train,val,train,test,test,train,val,train
Bacterialblight/BACTERAILBLIGHT3_024.jpg,train,test,train,val,train,test,train,train,train,train
Bacterialblight/BACTERAILBLIGHT3_025.jpg,train,train,val,test,test,train,train,train,train,val
Bacterialblight/BACTERAILBLIGHT3_026.jpg,val,train,train,val,train,train,train,test,train,train
Bacterialblight/BACTERAILBLIGHT3_027.jpg,test,train,train,val,train,train,train,test,test,train
Bacterialblight/BACTERAILBLIGHT3_028.jpg,test,train,val,train,train,train,train,train,train,train
Bacterialblight/BACTERAILBLIGHT3_029.jpg,train,test,test,test,train,test,test,train,train,test
Bacterialblight/BACTERAILBLIGHT3_030.jpg,train,train,val,val,test,test,test,train,test,train
Bacterialblight/BACTERAILBLIGHT3_031.jpg,test,train,train,train,train,train,train,val,train,test
Bacterialblight/BACTERAILBLIGHT3_032.jpg,test,train,test,train,train,train,train,train,train,train
Bacterialblight/BACTERAILBLIGHT3_033.jpg,train,test,test,train,train,train,train,train,train,train
Bacterialblight/BACTERAILBLIGHT3_034.jpg,train,test,train,train,val,train,train,test,train,train
Bacterialblight/BACTERAILBLIGHT3_035.jpg,train,train,val,train,test,train,train,train,train,train
Bacterialblight/BACTERAILBLIGHT3_036.jpg,train,test,train,train,train,train,train,train,train,train
Bacterialblight/BACTERAILBLIGHT3_037.jpg,val,test,train,train,train,train,train,train,train,train
Bacterialblight/BACTERAILBLIGHT3_038.jpg,train,train,train,train,train,train,train,train,val,train
Bacterialblight/BACTERAILBLIGHT3_039.jpg,train,train,train,train,train,train,test,train,test,train
Bacterialblight/BACTERAILBLIGHT3_040.jpg,train,val,test,test,test,train,train,train,test,test
Bacterialblight/BACTERAILBLIGHT3_041.jpg,val,train,train,train,test,train,test,val,train,test
Bacterialblight/BACTERAILBLIGHT3_042.jpg,train,train,train,train,train,train,train,train,train,train
Bacterialblight/BACTERAILBLIGHT3_043.jpg,train,test,test,train,train,train,train,test,test,train
Bacterialblight/BACTERAILBLIGHT3_044.jpg,train,train,val,train,test,train,val,train,train,train
Bacterialblight/BACTERAILBLIGHT3_045.jpg,train,val,train,train,train,train,train,train,test,train
Bacterialblight/BACTERAILBLIGHT3_046.jpg,train,train,test,train,train,test,train,train,test,train
Bacterialblight/BACTERAILBLIGHT3_047.jpg,val,train,test,train,train,test,train,train,test,train
Bacterialblight/BACTERAILBLIGHT3_048.jpg,train,train,train,train,train,train,val,train,test,train
Bacterialblight/BACTERAILBLIGHT3_049.jpg,val,test,train,train,train,train,train,test,train,val
Bacterialblight/BACTERAILBLIGHT3_050.jpg,train,train,train,train,train,train,train,train,train,train
Bacterialblight/BACTERAILBLIGHT3_051.jpg,train,train,train,train,val,train,train,train,train,train
Bacterialblight/BACTERAILBLIGHT3_052.jpg,train,test,train,train,test,val,train,train,val,train
Bacterialblight/BACTERAILBLIGHT3_053.jpg,test,test,test,train,train,val,train,train,train,train
Bacterialblight/BACTERAILBLIGHT3_054.jpg,train,train,train,train,train,train,train,test,train,test
Bacterialblight/BACTERAILBLIGHT3_055.jpg,train,val,train,train,val,test,train,test,train,test
Bacterialblight/BACTERAILBLIGHT3_056.jpg,train,train,train,train,train,train,val,train,train,test
Bacterialblight/BACTERAILBLIGHT3_057.jpg,train,val,train,test,val,test,test,train,train,train
Bacterialblight/BACTERAILBLIGHT3_058.jpg,val,val,train,train,train,train,train,train,train,train
Bacterialblight/BACTERAILBLIGHT3_059.jpg,test,test,train,train,train,train,val,train,val,train
Bacterialblight/BACTERAILBLIGHT3_060.jpg,train,train,train,train,val,train,test,test,test,train
Bacterialblight/BACTERAILBLIGHT3_061.jpg,train,train,train,test,val,test,val,val,test,train
Bacterialblight/BACTERAILBLIGHT3_062.jpg,train,test,test,test,val,train,test,train,train,train
Bacterialblight/BACTERAILBLIGHT3_063.jpg,train,train,train,train,train,train,train,train,train,train
Bacterialblight/BACTERAILBLIGHT3_064.jpg,test,train,train,train,train,test,train,train,train,train
Bacterialblight/BACTERAILBLIGHT3_065.jpg,test,train,train,val,val,test,train,train,train,train
Bacterialblight/BACTERAILBLIGHT3_066.jpg,train,train,val,train,train,test,train,train,test,train
Bacterialblight/BACTERAILBLIGHT3_067.jpg,train,train,train,train,train,test,train,test,train,train
Bacterialblight/BACTERAILBLIGHT3_068.jpg,train,train,test,train,test,train,train,train,train,val
Bacterialblight/BACTERAILBLIGHT3_069.jpg,train,train,train,train,test,train,train,train,train,train
Bacterialblight/BACTERAILBLIGHT3_070.jpg,test,train,test,test,test,test,val,train,train,train
Bacterialblight/BACTERAILBLIGHT3_071.jpg,train,train,test,train,train,train,train,train,test,train
Bacterialblight/BACTERAILBLIGHT3_072.jpg,train,val,train,train,train,train,train,train,train,train
Bacterialblight/BACTERAILBLIGHT3_073.jpg,test,train,train,train,test,train,train,train,train,train
Bacterialblight/BACTERAILBLIGHT3_074.jpg,train,train,train,train,val,train,train,test,train,test
Bacterialblight/BACTERAILBLIGHT3_075.jpg,val,val,train,train,train,train,train,train,val,val
Bacterialblight/BACTERAILBLIGHT3_076.jpg,test,test,test,train,train,val,train,test,train,train
Bacterialblight/BACTERAILBLIGHT3_077.jpg,val,train,train,train,train,train,train,train,test,train
Bacterialblight/BACTERAILBLIGHT3_078.jpg,train,train,train,train,test,train,val,train,train,test
Bacterialblight/BACTERAILBLIGHT3_079.JPG,test,test,test,train,train,train,train,train,train,train
Bacterialblight/BACTERAILBLIGHT3_080.jpg,test,train,val,test,train,test,train,train,train,train
Bacterialblight/BACTERAILBLIGHT3_081.JPG,train,train,train,val,train,test,train,val,train,train
Bacterialblight/BACTERAILBLIGHT3_082.jpg,test,train,test,train,train,train,train,train,train,train
Bacterialblight/BACTERAILBLIGHT3_083.jpg,test,test,test,train,train,train,test,test,train,train
Bacterialblight/BACTERAILBLIGHT3_084.jpg,train,train,train,train,train,train,train,test,train,test
Bacterialblight/BACTERAILBLIGHT3_085.jpg,train,test,train,train,train,train,train,test,val,train
Bacterialblight/BACTERAILBLIGHT3_086.jpg,val,train,train,train,test,train,train,test,train,test
Bacterialblight/BACTERAILBLIGHT3_087.jpg,train,train,test,train,train,train,train,train,test,train
Bacterialblight/BACTERAILBLIGHT3_088.jpg,train,train,train,train,test,train,train,test,train,test
Bacterialblight/BACTERAILBLIGHT3_089.jpg,train,train,train,train,train,val,val,train,train,train
Bacterialblight/BACTERAILBLIGHT3_090.jpg,val,train,test,train,train,train,train,test,train,test
Bacterialblight/BACTERAILBLIGHT3_091.jpg,train,train,train,train,train,train,train,train,train,train
Bacterialblight/BACTERAILBLIGHT3_092.jpg,train,train,train,train,train,train,train,test,train,test
Bacterialblight/BACTERAILBLIGHT3_093.jpg,train,train,train,val,val,val,train,train,train,test
Bacterialblight/BACTERAILBLIGHT3_094.jpg,train,train,train,train,train,train,test,train,train,test
Bacterialblight/BACTERAILBLIGHT3_095.jpg,train,test,train,val,test,test,val,train,train,train
Bacterialblight/BACTERAILBLIGHT3_096.jpg,train,train,train,train,test,train,test,train,train,train
Bacterialblight/BACTERAILBLIGHT3_097.jpg,train,train,train,train,train,train,train,test,test,train
Bacterialblight/BACTERAILBLIGHT3_098.jpg,train,val,val,train,train,train,val,train,train,train
Bacterialblight/BACTERAILBLIGHT3_099.jpg,train,train,train,val,train,train,train,test,train,train
Bacterialblight/BACTERAILBLIGHT3_100.jpg,train,train,val,test,train,train,train,train,train,train
Bacterialblight/BACTERAILBLIGHT3_101.jpg,train,test,test,test,train,test,train,train,train,test
Bacterialblight/BACTERAILBLIGHT3_102.jpg,test,test,test,train,train,test,train,train,train,train
Bacterialblight/BACTERAILBLIGHT3_103.jpg,train,train,train,train,train,train,train,val,train,test
Bacterialblight/BACTERAILBLIGHT3_104.jpg,test,train,train,train,test,train,train,train,train,train
Bacterialblight/BACTERAILBLIGHT3_105.jpg,train,test,train,train,train,train,train,train,train,train
Bacterialblight/BACTERAILBLIGHT3_106.jpg,train,train,train,train,train,test,train,train,train,train
Bacterialblight/BACTERAILBLIGHT3_107.JPG,train,train,train,train,train,train,train,train,train,train
Bacterialblight/BACTERAILBLIGHT3_108.JPG,train,test,train,test,train,train,test,train,test,train
Bacterialblight/BACTERAILBLIGHT3_109.JPG,test,test,test,train,train,train,test,train,train,train
Bacterialblight/BACTERAILBLIGHT3_110.JPG,train,train,train,train,val,train,train,train,train,test
Bacterialblight/BACTERAILBLIGHT3_111.jpg,val,train,val,train,train,train,train,train,train,train
Bacterialblight/BACTERAILBLIGHT3_112.jpg,val,test,train,test,train,test,train,train,train,val
Bacterialblight/BACTERAILBLIGHT3_113.jpg,train,train,train,train,train,train,train,val,train,test
Bacterialblight/BACTERAILBLIGHT3_114.jpg,train,test,train,train,train,train,train,train,train,val
Bacterialblight/BACTERAILBLIGHT3_115.jpg,train,test,train,train,train,train,val,test,train,train
Bacterialblight/BACTERAILBLIGHT3_116.jpg,test,test,train,train,train,train,train,train,test,train
Bacterialblight/BACTERAILBLIGHT3_117.jpg,train,val,train,train,train,train,train,train,train,train
Bacterialblight/BACTERAILBLIGHT3_118.jpg,test,train,val,test,train,test,test,train,train,train
Bacterialblight/BACTERAILBLIGHT3_119.jpg,train,train,test,train,train,test,train,train,train,train
Bacterialblight/BACTERAILBLIGHT3_120.jpg,train,train,test,train,train,train,train,test,train,test
Bacterialblight/BACTERAILBLIGHT3_121.jpg,test,test,train,train,train,train,train,test,train,val
Bacterialblight/BACTERAILBLIGHT3_122.jpg,val,test,train,test,train,train,train,train,train,train
Bacterialblight/BACTERAILBLIGHT3_123.jpg,train,train,train,train,train,train,train,train,train,train
Bacterialblight/BACTERAILBLIGHT3_124.jpg,train,train,train,train,train,train,train,train,train,train
Bacterialblight/BACTERAILBLIGHT3_125.jpg,train,test,test,train,train,val,test,train,train,train
Bacterialblight/BACTERAILBLIGHT3_126.jpg,test,train,train,train,train,train,train,test,test,train
Bacterialblight/BACTERAILBLIGHT3_127.jpg,test,val,test,train,train,test,train,test,train,test
Bacterialblight/BACTERAILBLIGHT3_128.jpg,train,train,train,test,train,train,train,val,train,train
Bacterialblight/BACTERAILBLIGHT3_129.jpg,val,val,train,test,test,test,train,train,train,train
Bacterialblight/BACTERAILBLIGHT3_130.jpg,train,train,train,train,test,test,train,val,train,train
Bacterialblight/BACTERAILBLIGHT3_131.jpg,train,test,val,train,test,train,train,train,train,train
Bacterialblight/BACTERAILBLIGHT3_132.JPG,train,val,train,train,train,train,train,train,train,val
Bacterialblight/BACTERAILBLIGHT3_133.JPG,test,train,train,test,val,test,train,val,train,train
Bacterialblight/BACTERAILBLIGHT3_134.JPG,train,train,train,test,train,val,train,train,train,train
Bacterialblight/BACTERAILBLIGHT3_135.JPG,train,train,train,train,train,train,train,train,train,train
Bacterialblight/BACTERAILBLIGHT3_136.JPG,test,train,train,train,train,train,train,test,train,train
Bacterialblight/BACTERAILBLIGHT3_137.JPG,train,train,test,val,train,test,test,train,train,train
Bacterialblight/BACTERAILBLIGHT3_138.JPG,train,train,train,train,train,train,train,train,train,test
Bacterialblight/BACTERAILBLIGHT3_139.JPG,train,train,train,train,train,train,train,train,train,val
Bacterialblight/BACTERAILBLIGHT3_140.JPG,test,train,train,train,train,train,test,test,train,train
Bacterialblight/BACTERAILBLIGHT3_141.JPG,train,val,test,train,test,train,train,val,val,val
Bacterialblight/BACTERAILBLIGHT3_142.JPG,train,train,train,test,train,train,train,train,train,test
Bacterialblight/BACTERAILBLIGHT3_143.JPG,train,val,val,train,train,train,train,train,train,train
Bacterialblight/BACTERAILBLIGHT3_144.JPG,train,test,train,train,val,val,train,train,train,train
Bacterialblight/BACTERAILBLIGHT3_145.JPG,train,test,train,train,val,val,train,train,test,val
Bacterialblight/BACTERAILBLIGHT3_146.JPG,train,train,train,test,train,train,train,train,train,train
Bacterialblight/BACTERAILBLIGHT3_147.jpg,train,train,test,test,train,test,test,train,train,test
Bacterialblight/BACTERAILBLIGHT3_148.jpg,train,val,train,test,test,train,val,train,test,train
Bacterialblight/BACTERAILBLIGHT3_149.jpg,train,train,test,test,val,train,test,test,test,train
Bacterialblight/BACTERAILBLIGHT3_150.jpg,train,train,train,train,test,val,train,test,test,train
Bacterialblight/BACTERAILBLIGHT3_151.jpg,train,train,test,test,train,test,train,test,train,train
Bacterialblight/BACTERAILBLIGHT3_152.jpg,train,test,train,train,test,train,train,test,test,train
Bacterialblight/BACTERAILBLIGHT3_153.jpg,test,test,train,train,train,train,train,train,train,train
Bacterialblight/BACTERAILBLIGHT3_154.jpg,train,train,val,train,train,train,train,train,train,train
Bacterialblight/BACTERAILBLIGHT3_155.jpg,train,train,test,test,train,test,test,train,train,train
Bacterialblight/BACTERAILBLIGHT3_156.jpg,train,train,train,train,train,test,train,train,test,train
Bacterialblight/BACTERAILBLIGHT3_157.jpg,val,train,train,train,test,train,test,test,train,test
Bacterialblight/BACTERAILBLIGHT3_158.jpg,val,test,train,train,train,train,train,test,train,val
Bacterialblight/BACTERAILBLIGHT3_159.jpg,train,test,train,test,train,train,train,train,train,train
Bacterialblight/BACTERAILBLIGHT3_160.jpg,val,train,train,train,test,train,train,train,train,train
Bacterialblight/BACTERAILBLIGHT3_161.jpg,train,train,train,train,train,train,train,train,test,train
Bacterialblight/BACTERAILBLIGHT3_162.jpg,train,train,test,train,train,train,train,test,train,train
Bacterialblight/BACTERAILBLIGHT3_163.jpg,train,val,train,train,test,test,test,test,test,test
Bacterialblight/BACTERAILBLIGHT3_164.jpg,train,train,val,val,train,test,train,test,train,train
Bacterialblight/BACTERAILBLIGHT3_165.jpg,train,val,val,train,train,test,test,test,test,test
Bacterialblight/BACTERAILBLIGHT3_166.jpg,test,train,train,test,train,train,train,val,train,train
Bacterialblight/BACTERAILBLIGHT3_167.jpg,train,train,test,train,val,test,val,val,train,train
Bacterialblight/BACTERAILBLIGHT3_168.jpg,test,test,train,train,train,train,train,test,train,train
Bacterialblight/BACTERAILBLIGHT3_169.jpg,test,train,train,train,train,val,train,test,val,val
Bacterialblight/BACTERAILBLIGHT3_170.jpg,val,train,train,train,train,train,train,train,train,train
Bacterialblight/BACTERAILBLIGHT3_171.jpg,train,test,test,test,train,test,test,train,train,train
Bacterialblight/BACTERAILBLIGHT3_172.jpg,train,test,train,train,train,train,train,test,train,train
Bacterialblight/BACTERAILBLIGHT3_173.jpg,train,train,test,train,train,val,train,train,train,train
Bacterialblight/BACTERAILBLIGHT3_174.jpg,val,train,train,test,test,train,train,train,test,train
Bacterialblight/BACTERAILBLIGHT3_175.jpg,val,train,train,train,test,train,test,train,train,train
Bacterialblight/BACTERAILBLIGHT3_176.jpg,train,val,train,train,train,train,train,train,train,test
Bacterialblight/BACTERAILBLIGHT3_177.JPG,train,test,test,train,train,train,train,train,train,train
Bacterialblight/BACTERAILBLIGHT3_178.jpg,test,val,val,test,train,train,train,train,train,train
Bacterialblight/BACTERAILBLIGHT3_179.JPG,test,train,test,train,val,train,train,test,train,train
Bacterialblight/BACTERAILBLIGHT3_180.jpg,train,train,val,train,train,train,train,train,train,train
Bacterialblight/BACTERAILBLIGHT3_181.jpg,test,train,train,train,train,val,train,test,train,val
Bacterialblight/BACTERAILBLIGHT3_182.jpg,train,train,train,train,train,train,test,train,val,train
Bacterialblight/BACTERAILBLIGHT3_183.jpg,train,test,test,test,train,test,test,train,train,train
Bacterialblight/BACTERAILBLIGHT3_184.jpg,train,train,train,train,train,train,test,train,train,train
Bacterialblight/BACTERAILBLIGHT3_185.jpg,train,val,train,train,train,train,train,train,train,val
Bacterialblight/BACTERAILBLIGHT3_186.jpg,train,train,train,train,train,train,train,train,train,train
Bacterialblight/BACTERAILBLIGHT3_187.jpg,test,train,train,train,train,train,train,train,train,train
Bacterialblight/BACTERAILBLIGHT3_188.jpg,train,val,train,train,train,train,train,train,test,train
Bacterialblight/BACTERAILBLIGHT3_189.jpg,train,val,train,train,test,train,test,test,train,train
Bacterialblight/BACTERAILBLIGHT3_190.jpg,train,train,val,train,val,train,test,val,test,train
Bacterialblight/BACTERAILBLIGHT3_191.jpg,train,test,test,val,train,test,train,train,train,train
Bacterialblight/BACTERAILBLIGHT3_192.jpg,train,train,train,train,train,val,test,train,train,train
Bacterialblight/BACTERAILBLIGHT3_193.jpg,train,train,train,test,test,train,test,train,train,val
Bacterialblight/BACTERAILBLIGHT3_194.jpg,train,val,test,train,train,train,train,train,val,train
Bacterialblight/BACTERAILBLIGHT3_195.jpg,train,train,train,val,train,train,train,test,train,train
Bacterialblight/BACTERAILBLIGHT3_196.jpg,val,train,train,test,test,test,train,train,train,train
Bacterialblight/BACTERAILBLIGHT3_197.jpg,train,train,train,test,train,test,test,train,train,train
Bacterialblight/BACTERAILBLIGHT3_198.jpg,train,val,test,test,test,test,train,train,train,train
Bacterialblight/BACTERAILBLIGHT3_199.jpg,train,train,train,val,test,test,train,train,train,train
Bacterialblight/BACTERAILBLIGHT3_200.jpg,val,train,test,train,val,train,train,test,train,train
Bacterialblight/BACTERAILBLIGHT3_201.jpg,train,train,train,train,test,train,train,train,train,train
Bacterialblight/BACTERAILBLIGHT3_202.jpg,test,train,test,train,train,test,train,train,train,train
Bacterialblight/BACTERAILBLIGHT3_203.JPG,train,test,train,train,test,train,train,test,train,train
Bacterialblight/BACTERAILBLIGHT3_204.JPG,train,train,train,train,train,train,val,train,train,test
Bacterialblight/BACTERAILBLIGHT3_205.JPG,train,train,train,test,test,train,train,test,train,train
Bacterialblight/BACTERAILBLIGHT3_206.JPG,train,test,train,train,train,train,train,test,train,val
Bacterialblight/BACTERAILBLIGHT3_207.jpg,val,train,train,train,train,train,train,train,train,train
Bacterialblight/BACTERAILBLIGHT3_208.jpg,test,test,train,train,test,train,train,train,train,train
Bacterialblight/BACTERAILBLIGHT3_209.jpg,train,val,test,test,train,train,test,train,train,test
Bacterialblight/BACTERAILBLIGHT3_210.jpg,test,test,train,train,test,train,test,train,train,val
Bacterialblight/BACTERAILBLIGHT3_211.jpg,train,train,train,train,train,train,train,train,test,train
Bacterialblight/BACTERAILBLIGHT3_212.jpg,val,train,train,train,train,train,train,train,train,val
Bacterialblight/BACTERAILBLIGHT3_213.jpg,train,train,train,train,train,train,train,train,test,train
Bacterialblight/BACTERAILBLIGHT3_214.jpg,test,train,train,train,train,test,train,train,train,train
Bacterialblight/BACTERAILBLIGHT3_215.jpg,val,train,val,train,train,test,train,train,train,train
Bacterialblight/BACTERAILBLIGHT3_216.jpg,train,test,train,train,train,train,val,train,train,train
Bacterialblight/BACTERAILBLIGHT3_217.jpg,val,train,train,train,train,train,train,train,test,train
Bacterialblight/BACTERAILBLIGHT3_218.jpg,train,train,train,train,train,train,val,train,train,test
Bacterialblight/BACTERAILBLIGHT3_219.jpg,test,train,train,train,val,train,test,train,train,train
Bacterialblight/BACTERAILBLIGHT3_220.jpg,val,test,train,train,train,train,train,train,val,train
Bacterialblight/BACTERAILBLIGHT3_221.jpg,train,test,train,train,val,val,test,train,test,train
Bacterialblight/BACTERAILBLIGHT3_222.jpg,train,train,train,train,train,train,train,test,val,train
Bacterialblight/BACTERAILBLIGHT3_223.jpg,train,train,train,train,val,train,train,test,test,test
Bacterialblight/BACTERAILBLIGHT3_224.jpg,val,train,test,train,train,train,train,train,test,train
Bacterialblight/BACTERAILBLIGHT3_225.jpg,train,train,train,train,test,train,train,train,train,test
Bacterialblight/BACTERAILBLIGHT3_226.jpg,train,train,train,val,test,train,test,train,train,val
Bacterialblight/BACTERAILBLIGHT3_227.jpg,test,val,test,train,train,train,train,train,train,train
Bacterialblight/BACTERAILBLIGHT3_228.JPG,val,train,train,train,train,val,test,train,train,train
Bacterialblight/BACTERAILBLIGHT3_229.JPG,test,train,train,train,test,train,train,test,test,train
Bacterialblight/BACTERAILBLIGHT3_230.JPG,train,train,test,test,test,train,val,train,test,train
Bacterialblight/BACTERAILBLIGHT3_231.JPG,train,test,train,test,train,train,test,train,train,train
Bacterialblight/BACTERAILBLIGHT3_232.JPG,train,train,train,test,train,train,test,train,val,test
Bacterialblight/BACTERAILBLIGHT3_233.JPG,train,train,test,train,train,test,val,train,train,train
Bacterialblight/BACTERAILBLIGHT3_234.JPG,train,train,train,train,train,test,train,train,train,test
Bacterialblight/BACTERAILBLIGHT3_235.JPG,train,train,train,train,val,test,test,test,train,train
Bacterialblight/BACTERAILBLIGHT3_236.JPG,train,train,train,val,train,train,train,train,val,test
Bacterialblight/BACTERAILBLIGHT3_237.JPG,test,train,train,test,val,train,train,train,train,test
Bacterialblight/BACTERAILBLIGHT3_238.JPG,train,train,test,train,test,test,train,train,train,train
Bacterialblight/BACTERAILBLIGHT3_239.JPG,train,test,test,train,train,train,train,val,train,train
Bacterialblight/BACTERAILBLIGHT3_240.JPG,train,train,train,train,train,train,train,train,train,train
Bacterialblight/BACTERAILBLIGHT3_241.JPG,test,train,train,val,test,train,test,train,train,val
Bacterialblight/BACTERAILBLIGHT3_242.JPG,train,train,train,train,train,val,val,test,train,val
Bacterialblight/BACTERAILBLIGHT3_243.JPG,train,train,test,test,val,test,train,train,train,train
Bacterialblight/BACTERAILBLIGHT3_244.jpg,val,train,train,train,train,test,train,train,test,train
Bacterialblight/BACTERAILBLIGHT3_245.jpg,train,val,train,test,train,train,train,train,train,train
Bacterialblight/BACTERAILBLIGHT3_246.jpg,train,train,train,train,train,val,train,train,train,train
Bacterialblight/BACTERAILBLIGHT3_247.jpg,test,train,train,test,train,train,test,train,test,train
Bacterialblight/BACTERAILBLIGHT3_248.jpg,train,test,test,train,train,train,test,val,train,train
Bacterialblight/BACTERAILBLIGHT3_249.jpg,train,train,val,train,test,train,test,train,train,train
Bacterialblight/BACTERAILBLIGHT3_250.jpg,train,train,test,train,val,train,train,train,train,val
Bacterialblight/BACTERAILBLIGHT3_251.jpg,train,val,test,train,test,train,test,train,train,train
Bacterialblight/BACTERAILBLIGHT3_252.jpg,test,train,test,train,train,test,train,train,val,train
Bacterialblight/BACTERAILBLIGHT3_253.jpg,train,train,test,train,test,test,train,train,train,train
Bacterialblight/BACTERAILBLIGHT3_254.jpg,train,test,train,train,train,train,train,train,train,train
Bacterialblight/BACTERAILBLIGHT3_255.jpg,train,train,train,train,train,train,test,train,val,train
Bacterialblight/BACTERAILBLIGHT3_256.jpg,val,train,val,train,train,train,train,train,train,test
Bacterialblight/BACTERAILBLIGHT3_257.jpg,train,train,train,train,val,train,train,train,train,train
Bacterialblight/BACTERAILBLIGHT3_258.jpg,train,test,train,train,test,train,test,train,train,train
Bacterialblight/BACTERAILBLIGHT3_259.jpg,test,train,train,train,train,train,train,test,val,train
Bacterialblight/BACTERAILBLIGHT3_260.jpg,train,train,train,train,train,train,train,test,test,test
Bacterialblight/BACTERAILBLIGHT3_261.jpg,train,train,test,test,train,train,train,train,test,train
Bacterialblight/BACTERAILBLIGHT3_262.jpg,train,val,train,val,test,train,train,val,val,val
Bacterialblight/BACTERAILBLIGHT3_263.jpg,train,train,train,train,train,train,train,train,train,train
Bacterialblight/BACTERAILBLIGHT3_264.jpg,train,train,train,val,train,train,train,train,test,val
Bacterialblight/BACTERAILBLIGHT4_001.jpg,train,test,train,train,train,test,test,test,train,train
Bacterialblight/BACTERAILBLIGHT4_002.jpg,test,val,test,train,val,train,train,train,test,train
Bacterialblight/BACTERAILBLIGHT4_003.jpg,train,train,train,test,train,train,train,train,train,train
Bacterialblight/BACTERAILBLIGHT4_004.jpg,train,train,train,train,train,val,val,train,train,train
Bacterialblight/BACTERAILBLIGHT4_005.jpg,train,train,train,val,train,test,train,train,train,train
Bacterialblight/BACTERAILBLIGHT4_006.jpg,train,train,train,train,val,train,test,train,test,train
Bacterialblight/BACTERAILBLIGHT4_007.jpg,test,test,train,train,train,train,test,train,val,test
Bacterialblight/BACTERAILBLIGHT4_008.jpg,train,train,test,val,train,test,train,test,train,test
Bacterialblight/BACTERAILBLIGHT4_009.jpg,test,train,train,train,train,train,train,train,train,val
Bacterialblight/BACTERAILBLIGHT4_010.jpg,train,train,train,train,train,train,train,test,train,test
Bacterialblight/BACTERAILBLIGHT4_011.jpg,train,train,train,test,test,test,train,train,train,train
Bacterialblight/BACTERAILBLIGHT4_012.jpg,test,train,train,test,train,train,test,train,train,test
Bacterialblight/BACTERAILBLIGHT4_013.jpg,val,train,train,test,test,test,train,train,train,train
Bacterialblight/BACTERAILBLIGHT4_014.jpg,train,train,train,test,test,train,test,train,train,test
Bacterialblight/BACTERAILBLIGHT4_015.jpg,train,test,train,train,test,test,test,test,test,train
Bacterialblight/BACTERAILBLIGHT4_016.jpg,train,val,train,train,train,train,train,train,train,train
Bacterialblight/BACTERAILBLIGHT4_017.jpg,val,train,test,train,train,val,test,train,test,train
Bacterialblight/BACTERAILBLIGHT4_018.jpg,train,train,train,test,train,train,train,train,train,train
Bacterialblight/BACTERAILBLIGHT4_019.jpg,train,train,test,val,train,test,train,train,train,train
Bacterialblight/BACTERAILBLIGHT4_020.jpg,train,train,train,train,train,train,train,train,test,train
Bacterialblight/BACTERAILBLIGHT4_021.jpg,train,train,test,train,train,test,train,val,train,train
Bacterialblight/BACTERAILBLIGHT4_022.jpg,val,val,train,train,train,train,train,train,test,train
Bacterialblight/BACTERAILBLIGHT4_023.jpg,val,train,train,test,train,val,test,train,train,test
Bacterialblight/BACTERAILBLIGHT4_024.jpg,train,train,train,test,train,val,test,train,train,test
Bacterialblight/BACTERAILBLIGHT4_025.jpg,test,train,train,train,train,train,train,train,train,train
Bacterialblight/BACTERAILBLIGHT4_026.jpg,train,train,test,train,train,train,train,val,train,val
Bacterialblight/BACTERAILBLIGHT4_027.jpg,test,train,test,train,test,train,train,train,train,train
Bacterialblight/BACTERAILBLIGHT4_028.jpg,train,train,train,train,train,test,test,train,test,test
Bacterialblight/BACTERAILBLIGHT4_029.jpg,test,train,train,train,test,test,train,train,test,test
Bacterialblight/BACTERAILBLIGHT4_030.jpg,train,train,train,test,train,train,test,train,train,train
Bacterialblight/BACTERAILBLIGHT4_031.jpg,test,train,train,test,test,test,train,test,train,train
Bacterialblight/BACTERAILBLIGHT4_032.jpg,val,test,train,test,train,train,test,train,train,train
Bacterialblight/BACTERAILBLIGHT4_033.jpg,train,train,test,test,train,test,train,train,test,test
Bacterialblight/BACTERAILBLIGHT4_034.jpg,val,train,train,train,test,test,test,test,train,val
Bacterialblight/BACTERAILBLIGHT4_035.jpg,test,test,train,test,train,train,train,test,val,train
Bacterialblight/BACTERAILBLIGHT4_036.jpg,train,train,train,train,train,val,test,test,train,train
Bacterialblight/BACTERAILBLIGHT4_037.jpg,train,test,train,train,train,train,train,test,train,test
Bacterialblight/BACTERAILBLIGHT4_038.jpg,val,train,train,train,train,train,test,train,test,train
Bacterialblight/BACTERAILBLIGHT4_039.jpg,train,train,val,train,train,train,train,train,test,train
Bacterialblight/BACTERAILBLIGHT4_040.jpg,train,val,train,train,train,train,test,train,train,train
Bacterialblight/BACTERAILBLIGHT4_041.jpg,train,val,train,train,train,train,train,train,test,train
Bacterialblight/BACTERAILBLIGHT4_042.jpg,train,train,train,val,train,train,test,train,train,train
Bacterialblight/BACTERAILBLIGHT4_043.jpg,train,test,test,train,val,train,train,train,train,train
Bacterialblight/BACTERAILBLIGHT4_044.jpg,train,train,train,train,test,train,train,train,train,train
Bacterialblight/BACTERAILBLIGHT4_045.jpg,train,train,val,train,train,test,test,val,train,train
Bacterialblight/BACTERAILBLIGHT4_046.jpg,test,test,train,test,train,train,test,train,train,train
Bacterialblight/BACTERAILBLIGHT4_047.jpg,train,test,test,test,train,train,val,train,test,train
Bacterialblight/BACTERAILBLIGHT4_048.jpg,train,train,train,test,train,train,train,train,train,train
Bacterialblight/BACTERAILBLIGHT4_049.jpg,test,test,train,train,test,test,train,test,train,train
Bacterialblight/BACTERAILBLIGHT4_050.jpg,test,train,train,train,train,train,train,train,test,train
Bacterialblight/BACTERAILBLIGHT4_051.jpg,val,train,train,train,train,train,train,train,train,train
Bacterialblight/BACTERAILBLIGHT4_052.jpg,train,test,train,train,val,val,train,train,train,train
Bacterialblight/BACTERAILBLIGHT4_053.jpg,test,train,train,train,train,train,train,train,train,val
Bacterialblight/BACTERAILBLIGHT4_054.jpg,train,train,train,train,train,test,train,train,val,train
Bacterialblight/BACTERAILBLIGHT4_055.jpg,test,train,train,val,train,val,train,test,train,train
Bacterialblight/BACTERAILBLIGHT4_056.jpg,train,train,train,train,train,train,train,train,test,test
Bacterialblight/BACTERAILBLIGHT4_057.jpg,val,val,test,train,test,train,test,train,train,val
Bacterialblight/BACTERAILBLIGHT4_058.jpg,train,train,train,train,train,train,train,val,train,val
Bacterialblight/BACTERAILBLIGHT4_059.jpg,test,test,train,train,train,val,train,train,train,train
Bacterialblight/BACTERAILBLIGHT4_060.jpg,train,train,train,train,train,train,train,train,train,train
Bacterialblight/BACTERAILBLIGHT4_061.jpg,train,test,test,train,train,test,train,train,train,test
Bacterialblight/BACTERAILBLIGHT4_062.jpg,train,val,train,test,train,train,train,train,train,train
Bacterialblight/BACTERAILBLIGHT4_063.jpg,train,train,train,val,train,train,train,train,val,train
Bacterialblight/BACTERAILBLIGHT4_064.jpg,test,train,test,train,train,train,train,train,train,test
Bacterialblight/BACTERAILBLIGHT4_065.jpg,val,train,test,train,train,train,train,test,train,val
Bacterialblight/BACTERAILBLIGHT4_066.jpg,train,train,train,train,test,train,train,train,train,test
Bacterialblight/BACTERAILBLIGHT4_067.jpg,val,train,test,train,train,val,train,train,train,train
Bacterialblight/BACTERAILBLIGHT4_068.jpg,test,train,val,train,train,train,train,test,test,train
Bacterialblight/BACTERAILBLIGHT4_069.jpg,test,test,val,train,train,train,test,train,train,train
Bacterialblight/BACTERAILBLIGHT4_070.jpg,test,train,test,train,train,train,train,test,train,train
Bacterialblight/BACTERAILBLIGHT4_071.jpg,train,test,train,test,test,train,train,train,test,train
Bacterialblight/BACTERAILBLIGHT4_072.jpg,train,train,train,train,test,train,train,train,train,test
Bacterialblight/BACTERAILBLIGHT4_073.jpg,train,test,test,train,train,test,train,test,train,train
Bacterialblight/BACTERAILBLIGHT4_074.jpg,test,train,train,train,train,train,train,test,train,test
Bacterialblight/BACTERAILBLIGHT4_075.jpg,train,train,train,test,train,train,test,train,test,train
Bacterialblight/BACTERAILBLIGHT4_076.jpg,val,train,train,train,train,test,train,train,train,val
Bacterialblight/BACTERAILBLIGHT4_077.jpg,val,train,train,val,train,test,train,train,train,train
Bacterialblight/BACTERAILBLIGHT4_078.jpg,train,train,train,train,train,val,train,train,train,train
Bacterialblight/BACTERAILBLIGHT4_079.JPG,train,test,train,train,test,train,val,train,train,test
Bacterialblight/BACTERAILBLIGHT4_080.jpg,test,train,train,train,val,train,train,train,train,val
Bacterialblight/BACTERAILBLIGHT4_081.JPG,test,train,val,train,train,train,test,train,train,val
Bacterialblight/BACTERAILBLIGHT4_082.jpg,test,train,train,val,train,test,train,train,train,train
Bacterialblight/BACTERAILBLIGHT4_083.jpg,test,train,train,test,train,test,train,train,train,train
Bacterialblight/BACTERAILBLIGHT4_084.jpg,train,train,train,train,val,train,test,test,train,test
Bacterialblight/BACTERAILBLIGHT4_085.jpg,train,train,train,test,val,test,train,train,train,train
Bacterialblight/BACTERAILBLIGHT4_086.jpg,train,train,val,train,train,train,test,test,test,test
Bacterialblight/BACTERAILBLIGHT4_087.jpg,train,test,test,train,train,test,test,test,test,train
Bacterialblight/BACTERAILBLIGHT4_088.jpg,train,train,train,train,val,train,test,test,train,test
Bacterialblight/BACTERAILBLIGHT4_089.jpg,train,train,val,train,train,val,train,train,val,train
Bacterialblight/BACTERAILBLIGHT4_090.jpg,val,train,train,train,test,train,train,test,test,test
Bacterialblight/BACTERAILBLIGHT4_091.jpg,train,train,train,val,train,test,train,train,test,train
Bacterialblight/BACTERAILBLIGHT4_092.jpg,train,train,train,train,train,train,test,train,train,train
Bacterialblight/BACTERAILBLIGHT4_093.jpg,val,train,test,train,val,test,val,val,train,train
Bacterialblight/BACTERAILBLIGHT4_094.jpg,val,train,train,val,train,train,train,train,test,train
Bacterialblight/BACTERAILBLIGHT4_095.jpg,test,train,train,test,train,val,train,train,train,test
Bacterialblight/BACTERAILBLIGHT4_096.jpg,train,train,train,train,val,val,train,train,train,train
Bacterialblight/BACTERAILBLIGHT4_097.jpg,train,train,train,train,train,train,test,train,train,train
Bacterialblight/BACTERAILBLIGHT4_098.jpg,val,test,train,train,train,val,train,train,train,test
Bacterialblight/BACTERAILBLIGHT4_099.jpg,train,train,val,train,train,train,test,val,test,val
Bacterialblight/BACTERAILBLIGHT4_100.jpg,test,train,train,train,test,test,test,test,train,train
Bacterialblight/BACTERAILBLIGHT4_101.jpg,test,train,train,train,train,test,train,train,test,test
Bacterialblight/BACTERAILBLIGHT4_102.jpg,test,train,train,train,train,train,train,test,train,train
Bacterialblight/BACTERAILBLIGHT4_103.jpg,train,train,train,test,train,train,train,train,test,train
Bacterialblight/BACTERAILBLIGHT4_104.jpg,train,train,test,train,train,test,train,train,train,train
Bacterialblight/BACTERAILBLIGHT4_105.jpg,test,test,test,test,test,train,test,train,test,train
Bacterialblight/BACTERAILBLIGHT4_106.jpg,train,train,train,train,train,train,test,train,train,train
Bacterialblight/BACTERAILBLIGHT4_107.JPG,test,train,train,train,train,test,train,test,train,val
Bacterialblight/BACTERAILBLIGHT4_108.JPG,train,train,test,val,val,train,test,train,train,train
Bacterialblight/BACTERAILBLIGHT4_109.JPG,train,train,train,train,train,val,train,test,train,train
Bacterialblight/BACTERAILBLIGHT4_110.JPG,train,train,train,train,train,test,train,train,train,train
Bacterialblight/BACTERAILBLIGHT4_111.jpg,test,train,test,train,test,train,train,train,train,train
Bacterialblight/BACTERAILBLIGHT4_112.jpg,train,train,train,train,train,train,test,train,train,train
Bacterialblight/BACTERAILBLIGHT4_113.jpg,train,val,train,train,train,train,train,train,train,train
Bacterialblight/BACTERAILBLIGHT4_114.jpg,train,train,train,train,train,train,train,test,train,train
Bacterialblight/BACTERAILBLIGHT4_115.jpg,test,train,test,val,test,train,test,train,train,train
Bacterialblight/BACTERAILBLIGHT4_116.jpg,train,train,train,train,val,train,train,val,test,test
Bacterialblight/BACTERAILBLIGHT4_117.jpg,train,train,train,train,train,train,train,train,test,train
Bacterialblight/BACTERAILBLIGHT4_118.jpg,train,test,train,train,train,train,val,train,train,train
Bacterialblight/BACTERAILBLIGHT4_119.jpg,val,test,train,test,train,train,train,train,train,train
Bacterialblight/BACTERAILBLIGHT4_120.jpg,test,test,train,train,test,train,train,train,train,train
Bacterialblight/BACTERAILBLIGHT4_121.jpg,train,train,train,test,train,train,train,train,test,train
Bacterialblight/BACTERAILBLIGHT4_122.jpg,test,test,val,val,test,train,train,val,test,train
Bacterialblight/BACTERAILBLIGHT4_123.jpg,val,train,train,train,val,train,val,train,train,train
Bacterialblight/BACTERAILBLIGHT4_124.jpg,train,train,train,train,train,test,train,train,train,val
Bacterialblight/BACTERAILBLIGHT4_125.jpg,test,test,test,train,train,val,train,train,train,train
Bacterialblight/BACTERAILBLIGHT4_126.jpg,train,train,train,train,val,train,train,test,train,train
Bacterialblight/BACTERAILBLIGHT4_127.jpg,train,train,val,train,val,test,train,train,train,train
Bacterialblight/BACTERAILBLIGHT4_128.jpg,train,train,train,train,test,test,train,test,train,train
Bacterialblight/BACTERAILBLIGHT4_129.jpg,train,train,train,train,train,train,train,train,val,test
Bacterialblight/BACTERAILBLIGHT4_130.jpg,train,val,train,train,val,train,train,train,train,train
Bacterialblight/BACTERAILBLIGHT4_131.jpg,train,train,test,train,train,train,test,val,train,val
Bacterialblight/BACTERAILBLIGHT4_132.JPG,test,train,train,test,train,train,train,train,train,train
Bacterialblight/BACTERAILBLIGHT4_133.JPG,train,train,val,train,test,train,train,train,train,train
Bacterialblight/BACTERAILBLIGHT4_134.JPG,train,train,test,test,test,train,train,train,train,train
Bacterialblight/BACTERAILBLIGHT4_135.JPG,train,val,train,test,train,train,train,train,train,train
Bacterialblight/BACTERAILBLIGHT4_136.JPG,val,train,test,train,train,val,test,train,train,train
Bacterialblight/BACTERAILBLIGHT4_137.JPG,train,train,train,train,test,train,train,train,train,test
Bacterialblight/BACTERAILBLIGHT4_138.JPG,train,train,train,train,train,train,train,train,train,train
Bacterialblight/BACTERAILBLIGHT4_139.JPG,train,train,val,train,val,val,train,train,train,train
Bacterialblight/BACTERAILBLIGHT4_140.JPG,train,train,train,train,train,test,val,train,train,val
Bacterialblight/BACTERAILBLIGHT4_141.JPG,train,test,train,train,train,train,test,train,train,train
Bacterialblight/BACTERAILBLIGHT4_142.JPG,train,train,train,test,train,train,train,val,test,test
Bacterialblight/BACTERAILBLIGHT4_143.JPG,train,test,train,test,train,train,train,train,train,train
Bacterialblight/BACTERAILBLIGHT4_144.JPG,test,train,test,train,test,test,train,train,train,val
Bacterialblight/BACTERAILBLIGHT4_145.JPG,test,test,train,train,train,val,test,train,train,val
Bacterialblight/BACTERAILBLIGHT4_146.JPG,train,test,val,train,train,train,test,train,train,test
Bacterialblight/BACTERAILBLIGHT4_147.jpg,train,val,test,train,train,train,train,train,train,test
Bacterialblight/BACTERAILBLIGHT4_148.jpg,train,train,train,train,train,val,test,train,train,train
Bacterialblight/BACTERAILBLIGHT4_149.jpg,train,test,train,train,train,train,train,val,train,train
Bacterialblight/BACTERAILBLIGHT4_150.jpg,train,train,train,train,train,train,train,val,train,train
Bacterialblight/BACTERAILBLIGHT4_151.jpg,train,train,train,train,train,train,test,train,test,train
Bacterialblight/BACTERAILBLIGHT4_152.jpg,train,train,train,val,test,train,train,train,train,train
Bacterialblight/BACTERAILBLIGHT4_153.jpg,train,train,val,train,train,train,train,val,train,test
Bacterialblight/BACTERAILBLIGHT4_154.jpg,train,train,train,train,train,test,test,val,train,train
Bacterialblight/BACTERAILBLIGHT4_155.jpg,train,test,train,train,val,train,test,train,train,train
Bacterialblight/BACTERAILBLIGHT4_156.jpg,val,test,train,test,test,train,test,train,train,train
Bacterialblight/BACTERAILBLIGHT4_157.jpg,train,test,train,train,train,train,train,train,test,train
Bacterialblight/BACTERAILBLIGHT4_158.jpg,train,train,train,test,train,train,train,train,test,train
Bacterialblight/BACTERAILBLIGHT4_159.jpg,train,test,train,val,train,train,val,val,val,train
Bacterialblight/BACTERAILBLIGHT4_160.jpg,val,train,train,train,train,train,train,train,train,train
Bacterialblight/BACTERAILBLIGHT4_161.jpg,train,train,val,train,train,test,train,train,train,val
Bacterialblight/BACTERAILBLIGHT4_162.jpg,train,train,train,train,train,train,test,test,train,train
Bacterialblight/BACTERAILBLIGHT4_163.jpg,train,train,val,train,train,test,train,train,train,train
Bacterialblight/BACTERAILBLIGHT4_164.jpg,val,train,test,test,train,train,train,val,train,train
Bacterialblight/BACTERAILBLIGHT4_165.jpg,train,test,train,val,train,train,train,train,train,train
Bacterialblight/BACTERAILBLIGHT4_166.jpg,test,train,train,train,test,test,train,test,train,train
Bacterialblight/BACTERAILBLIGHT4_167.jpg,test,val,train,train,train,train,train,train,train,train
Bacterialblight/BACTERAILBLIGHT4_168.jpg,train,train,train,test,train,test,train,train,train,train
Bacterialblight/BACTERAILBLIGHT4_169.jpg,train,train,test,test,test,train,val,train,train,test
Bacterialblight/BACTERAILBLIGHT4_170.jpg,train,train,train,train,train,test,train,train,test,test
Bacterialblight/BACTERAILBLIGHT4_171.jpg,train,val,train,train,train,train,test,train,train,train
Bacterialblight/BACTERAILBLIGHT4_172.jpg,train,train,train,val,test,train,train,test,train,test
Bacterialblight/BACTERAILBLIGHT4_173.jpg,train,train,val,train,train,val,test,train,train,train
Bacterialblight/BACTERAILBLIGHT4_174.jpg,train,train,train,train,train,train,train,train,test,train
Bacterialblight/BACTERAILBLIGHT4_175.jpg,train,train,train,train,test,train,test,train,train,train
Bacterialblight/BACTERAILBLIGHT4_176.jpg,val,val,train,val,train,train,train,train,train,train
Bacterialblight/BACTERAILBLIGHT4_177.JPG,train,train,train,val,test,test,train,test,train,test
Bacterialblight/BACTERAILBLIGHT4_178.jpg,test,train,val,val,train,test,test,train,train,train
Bacterialblight/BACTERAILBLIGHT4_179.JPG,val,train,train,train,train,train,train,test,train,test
Bacterialblight/BACTERAILBLIGHT4_180.jpg,train,train,train,train,test,test,train,train,train,test
Bacterialblight/BACTERAILBLIGHT4_181.jpg,train,train,train,test,train,train,train,train,train,test
Bacterialblight/BACTERAILBLIGHT4_182.jpg,train,train,train,train,val,test,train,train,test,test
Bacterialblight/BACTERAILBLIGHT4_183.jpg,train,val,train,train,val,train,train,train,train,train
Bacterialblight/BACTERAILBLIGHT4_184.jpg,train,train,train,train,val,test,val,train,train,test
Bacterialblight/BACTERAILBLIGHT4_185.jpg,train,train,train,test,train,train,val,train,train,train
Bacterialblight/BACTERAILBLIGHT4_186.jpg,train,train,train,train,train,test,test,train,train,test
Bacterialblight/BACTERAILBLIGHT4_187.jpg,train,train,train,train,test,train,train,train,val,train
Bacterialblight/BACTERAILBLIGHT4_188.jpg,train,train,train,train,train,train,train,train,train,train
Bacterialblight/BACTERAILBLIGHT4_189.jpg,train,val,train,train,train,train,train,train,test,train
Bacterialblight/BACTERAILBLIGHT4_190.jpg,train,train,test,train,train,train,val,train,test,train
Bacterialblight/BACTERAILBLIGHT4_191.jpg,test,train,train,test,train,val,train,train,train,test
Bacterialblight/BACTERAILBLIGHT4_192.jpg,train,train,train,train,train,train,train,test,train,train
Bacterialblight/BACTERAILBLIGHT4_193.jpg,train,train,val,train,val,train,train,train,val,val
Bacterialblight/BACTERAILBLIGHT4_194.jpg,train,train,train,train,val,test,train,train,train,train
Bacterialblight/BACTERAILBLIGHT4_195.jpg,train,train,train,train,train,train,val,train,train,train
Bacterialblight/BACTERAILBLIGHT4_196.jpg,train,train,test,train,train,train,train,train,val,train
Bacterialblight/BACTERAILBLIGHT4_197.jpg,train,train,train,train,train,train,train,val,train,val
Bacterialblight/BACTERAILBLIGHT4_198.jpg,train,train,train,train,train,train,train,train,train,train
Bacterialblight/BACTERAILBLIGHT4_199.jpg,train,train,val,test,train,test,test,test,test,train
Bacterialblight/BACTERAILBLIGHT4_200.jpg,train,train,train,train,test,test,train,train,test,train
Bacterialblight/BACTERAILBLIGHT4_201.jpg,val,train,train,test,train,test,test,train,train,test
Bacterialblight/BACTERAILBLIGHT4_202.jpg,train,train,train,train,test,train,train,train,train,train
Bacterialblight/BACTERAILBLIGHT4_203.JPG,test,test,train,test,train,train,val,test,train,train
Bacterialblight/BACTERAILBLIGHT4_204.JPG,train,test,test,val,train,train,train,train,val,train
Bacterialblight/BACTERAILBLIGHT4_205.JPG,val,test,train,train,train,train,train,test,train,test
Bacterialblight/BACTERAILBLIGHT4_206.JPG,train,train,train,train,train,train,train,train,test,train
Bacterialblight/BACTERAILBLIGHT4_207.jpg,train,train,train,train,train,train,train,train,test,train
Bacterialblight/BACTERAILBLIGHT4_208.jpg,train,test,val,train,train,train,train,train,test,train
Bacterialblight/BACTERAILBLIGHT4_209.jpg,train,train,train,train,train,train,train,train,val,train
Bacterialblight/BACTERAILBLIGHT4_210.jpg,test,test,train,train,train,train,train,train,train,test
Bacterialblight/BACTERAILBLIGHT4_211.jpg,train,test,train,train,train,train,train,train,train,train
Bacterialblight/BACTERAILBLIGHT4_212.jpg,test,train,train,train,val,train,train,train,train,train
Bacterialblight/BACTERAILBLIGHT4_213.jpg,test,train,test,train,train,test,train,val,train,train
Bacterialblight/BACTERAILBLIGHT4_214.jpg,train,train,val,train,train,train,train,train,train,train
Bacterialblight/BACTERAILBLIGHT4_215.jpg,train,test,val,test,train,train,train,train,train,train
Bacterialblight/BACTERAILBLIGHT4_216.jpg,train,val,train,train,test,train,train,train,train,val
Bacterialblight/BACTERAILBLIGHT4_217.jpg,train,test,test,train,train,test,train,test,train,train
Bacterialblight/BACTERAILBLIGHT4_218.jpg,train,train,test,train,test,train,train,train,train,train
Bacterialblight/BACTERAILBLIGHT4_219.jpg,train,train,train,train,train,train,train,train,test,train
Bacterialblight/BACTERAILBLIGHT4_220.jpg,train,train,train,test,train,train,train,train,train,val
Bacterialblight/BACTERAILBLIGHT4_221.jpg,test,train,train,train,train,train,train,train,train,val
Bacterialblight/BACTERAILBLIGHT4_222.jpg,train,train,train,train,train,train,train,test,train,train
Bacterialblight/BACTERAILBLIGHT4_223.jpg,train,train,train,val,train,val,val,test,test,train
Bacterialblight/BACTERAILBLIGHT4_224.jpg,train,test,train,test,train,test,test,train,train,train
Bacterialblight/BACTERAILBLIGHT4_225.jpg,train,val,train,train,train,train,train,train,train,val
Bacterialblight/BACTERAILBLIGHT4_226.jpg,train,train,train,val,val,train,test,val,val,train
Bacterialblight/BACTERAILBLIGHT4_227.jpg,val,test,train,train,val,val,val,train,train,train
Bacterialblight/BACTERAILBLIGHT4_228.JPG,train,train,train,train,test,val,train,train,train,train
Bacterialblight/BACTERAILBLIGHT4_229.JPG,test,test,train,train,train,test,test,train,train,test
Bacterialblight/BACTERAILBLIGHT4_230.JPG,test,train,test,train,train,test,train,train,val,train
Bacterialblight/BACTERAILBLIGHT4_231.JPG,train,train,train,val,test,train,train,train,train,train
Bacterialblight/BACTERAILBLIGHT4_232.JPG,train,train,train,train,train,train,test,train,test,test
Bacterialblight/BACTERAILBLIGHT4_233.JPG,train,train,train,train,train,train,test,test,train,val
Bacterialblight/BACTERAILBLIGHT4_234.JPG,train,train,train,train,train,train,train,train,train,train
Bacterialblight/BACTERAILBLIGHT4_235.JPG,train,train,test,train,train,train,train,test,train,train
Bacterialblight/BACTERAILBLIGHT4_236.JPG,train,val,train,train,train,test,train,train,train,train
Bacterialblight/BACTERAILBLIGHT4_237.JPG,test,train,train,train,train,train,test,train,test,train
Bacterialblight/BACTERAILBLIGHT4_238.JPG,train,train,train,train,test,train,train,train,test,train
Bacterialblight/BACTERAILBLIGHT4_239.JPG,test,train,train,test,train,train,test,val,train,test
Bacterialblight/BACTERAILBLIGHT4_240.JPG,train,train,train,train,val,train,train,train,val,test
Bacterialblight/BACTERAILBLIGHT4_241.JPG,train,train,train,val,train,test,train,train,test,val
Bacterialblight/BACTERAILBLIGHT4_242.JPG,train,test,train,train,test,val,train,train,train,val
Bacterialblight/BACTERAILBLIGHT4_243.JPG,train,val,train,train,train,train,train,train,test,train
Bacterialblight/BACTERAILBLIGHT4_244.jpg,train,test,train,val,test,train,train,train,test,test
Bacterialblight/BACTERAILBLIGHT4_245.jpg,val,val,train,test,train,train,train,train,train,train
Bacterialblight/BACTERAILBLIGHT4_246.jpg,test,test,train,val,train,val,train,train,test,train
Bacterialblight/BACTERAILBLIGHT4_247.jpg,test,test,test,train,train,test,train,train,train,val
Bacterialblight/BACTERAILBLIGHT4_248.jpg,test,train,train,train,val,train,test,train,test,test
Bacterialblight/BACTERAILBLIGHT4_249.jpg,train,test,train,train,train,train,train,train,val,train
Bacterialblight/BACTERAILBLIGHT4_250.jpg,train,train,train,train,train,train,train,train,train,train
Bacterialblight/BACTERAILBLIGHT4_251.jpg,train,train,train,train,train,train,train,train,val,train
Bacterialblight/BACTERAILBLIGHT4_252.jpg,test,train,test,train,val,train,val,train,train,train
Bacterialblight/BACTERAILBLIGHT4_253.jpg,train,test,test,test,test,train,train,train,train,train
Bacterialblight/BACTERAILBLIGHT4_254.jpg,train,val,train,train,train,train,train,train,test,val
Bacterialblight/BACTERAILBLIGHT4_255.jpg,val,test,train,train,test,test,test,test,train,train
Bacterialblight/BACTERAILBLIGHT4_256.jpg,train,train,train,train,train,train,test,train,test,train
Bacterialblight/BACTERAILBLIGHT4_257.jpg,train,train,train,train,train,train,train,train,train,train
Bacterialblight/BACTERAILBLIGHT4_258.jpg,test,train,train,test,val,train,train,train,train,val
Bacterialblight/BACTERAILBLIGHT4_259.jpg,train,train,train,train,train,train,train,test,train,train
Bacterialblight/BACTERAILBLIGHT4_260.jpg,test,train,train,val,train,val,train,test,test,train
Bacterialblight/BACTERAILBLIGHT4_261.jpg,train,train,train,test,train,train,test,train,train,test
Bacterialblight/BACTERAILBLIGHT4_262.jpg,val,test,test,val,train,test,train,val,train,test
Bacterialblight/BACTERAILBLIGHT4_263.jpg,train,test,train,test,train,test,val,train,train,train
Bacterialblight/BACTERAILBLIGHT4_264.jpg,train,train,test,val,train,train,val,val,train,train
Bacterialblight/BACTERAILBLIGHT5_001.jpg,train,val,val,train,val,train,train,train,test,train
Bacterialblight/BACTERAILBLIGHT5_002.jpg,train,test,train,train,test,test,train,test,train,train
Bacterialblight/BACTERAILBLIGHT5_003.jpg,test,train,train,train,train,val,train,train,test,train
Bacterialblight/BACTERAILBLIGHT5_004.jpg,train,train,test,test,test,train,train,train,train,train
Bacterialblight/BACTERAILBLIGHT5_005.jpg,train,train,train,train,train,train,train,train,train,train
Bacterialblight/BACTERAILBLIGHT5_006.jpg,train,train,train,val,train,test,train,train,train,train
Bacterialblight/BACTERAILBLIGHT5_007.jpg,val,train,train,val,train,test,train,test,train,test
Bacterialblight/BACTERAILBLIGHT5_008.jpg,train,test,test,train,train,train,train,train,train,test
Bacterialblight/BACTERAILBLIGHT5_009.jpg,train,train,train,train,test,train,test,test,train,test
Bacterialblight/BACTERAILBLIGHT5_010.jpg,test,train,train,train,train,train,train,train,val,val
Bacterialblight/BACTERAILBLIGHT5_011.jpg,train,train,train,test,train,train,train,train,train,test
Bacterialblight/BACTERAILBLIGHT5_012.jpg,test,train,val,test,train,test,train,train,train,train
Bacterialblight/BACTERAILBLIGHT5_013.jpg,train,train,train,test,train,train,val,train,train,test
Bacterialblight/BACTERAILBLIGHT5_014.jpg,train,train,train,test,train,test,val,train,train,train
Bacterialblight/BACTERAILBLIGHT5_015.jpg,train,val,train,train,train,train,train,train,train,train
Bacterialblight/BACTERAILBLIGHT5_016.jpg,test,test,train,train,val,test,train,test,test,train
Bacterialblight/BACTERAILBLIGHT5_017.jpg,test,train,train,test,train,train,train,train,test,train
Bacterialblight/BACTERAILBLIGHT5_018.jpg,test,train,train,train,train,val,test,train,val,train
Bacterialblight/BACTERAILBLIGHT5_019.jpg,train,train,train,train,train,train,train,train,train,train
Bacterialblight/BACTERAILBLIGHT5_020.jpg,train,train,test,val,test,test,train,train,val,train
Bacterialblight/BACTERAILBLIGHT5_021.jpg,train,val,test,train,train,train,test,train,test,train
Bacterialblight/BACTERAILBLIGHT5_022.jpg,train,train,train,train,train,test,train,val,val,train
Bacterialblight/BACTERAILBLIGHT5_023.jpg,train,train,train,test,train,val,train,train,train,test
Bacterialblight/BACTERAILBLIGHT5_024.jpg,train,train,train,test,val,val,train,train,train,test
Bacterialblight/BACTERAILBLIGHT5_025.jpg,train,train,train,train,test,train,train,train,train,val
Bacterialblight/BACTERAILBLIGHT5_026.jpg,train,train,train,train,test,train,train,train,train,train
Bacterialblight/BACTERAILBLIGHT5_027.jpg,train,train,test,train,train,train,train,val,test,val
Bacterialblight/BACTERAILBLIGHT5_028.jpg,train,train,train,train,train,train,train,train,test,test
Bacterialblight/BACTERAILBLIGHT5_029.jpg,train,train,train,train,train,train,test,val,val,val
Bacterialblight/BACTERAILBLIGHT5_030.jpg,test,train,train,test,train,test,test,test,train,train
Bacterialblight/BACTERAILBLIGHT5_031.jpg,train,train,test,test,train,train,val,train,train,train
Bacterialblight/BACTERAILBLIGHT5_032.jpg,train,train,train,test,val,test,train,train,train,test
Bacterialblight/BACTERAILBLIGHT5_033.jpg,train,test,train,test,train,train,test,train,train,train
Bacterialblight/BACTERAILBLIGHT5_034.jpg,val,test,test,test,train,train,test,test,train,train
Bacterialblight/BACTERAILBLIGHT5_035.jpg,train,train,train,train,train,test,train,test,train,val
Bacterialblight/BACTERAILBLIGHT5_036.jpg,val,test,test,train,train,train,train,test,train,test
Bacterialblight/BACTERAILBLIGHT5_037.jpg,train,train,train,train,train,val,train,test,test,train
Bacterialblight/BACTERAILBLIGHT5_038.jpg,test,train,val,train,train,train,train,train,test,train
Bacterialblight/BACTERAILBLIGHT5_039.jpg,train,train,train,train,train,train,train,train,train,train
Bacterialblight/BACTERAILBLIGHT5_040.jpg,train,train,train,train,train,train,test,train,train,train
Bacterialblight/BACTERAILBLIGHT5_041.jpg,val,train,train,train,train,train,val,train,train,train
Bacterialblight/BACTERAILBLIGHT5_042.jpg,train,test,test,train,train,train,train,train,train,train
Bacterialblight/BACTERAILBLIGHT5_043.jpg,train,train,train,val,train,train,train,train,train,train
Bacterialblight/BACTERAILBLIGHT5_044.jpg,train,train,test,train,train,test,train,val,train,train
Bacterialblight/BACTERAILBLIGHT5_045.jpg,train,train,train,train,train,train,train,train,train,train
Bacterialblight/BACTERAILBLIGHT5_046.jpg,test,test,train,test,train,train,val,train,val,train
Bacterialblight/BACTERAILBLIGHT5_047.jpg,train,test,test,test,train,train,train,train,test,train
Bacterialblight/BACTERAILBLIGHT5_048.jpg,val,test,train,train,test,test,train,test,train,train
Bacterialblight/BACTERAILBLIGHT5_049.jpg,test,train,train,test,val,train,train,train,test,train
Bacterialblight/BACTERAILBLIGHT5_050.jpg,test,train,test,train,train,train,train,train,train,train
Bacterialblight/BACTERAILBLIGHT5_051.jpg,train,train,train,train,train,train,train,train,train,train
Bacterialblight/BACTERAILBLIGHT5_052.jpg,train,train,test,train,test,train,train,train,train,val
Bacterialblight/BACTERAILBLIGHT5_053.jpg,test,test,test,train,train,val,train,train,train,train
Bacterialblight/BACTERAILBLIGHT5_054.jpg,train,train,train,val,train,val,train,test,train,train
Bacterialblight/BACTERAILBLIGHT5_055.jpg,train,train,train,train,test,test,train,train,train,train
Bacterialblight/BACTERAILBLIGHT5_056.jpg,train,val,train,train,train,train,train,train,train,val
Bacterialblight/BACTERAILBLIGHT5_057.jpg,train,train,train,train,train,train,train,train,test,test
Bacterialblight/BACTERAILBLIGHT5_058.jpg,train,test,train,train,train,val,test,train,test,train
Bacterialblight/BACTERAILBLIGHT5_059.jpg,val,train,test,train,val,train,test,val,train,val
Bacterialblight/BACTERAILBLIGHT5_060.jpg,train,test,train,train,train,test,test,train,train,test
Bacterialblight/BACTERAILBLIGHT5_061.jpg,train,train,train,train,val,train,train,train,val,train
Bacterialblight/BACTERAILBLIGHT5_062.jpg,test,train,train,val,test,train,train,train,train,train
Bacterialblight/BACTERAILBLIGHT5_063.jpg,train,val,train,test,train,train,test,train,test,train
Bacterialblight/BACTERAILBLIGHT5_064.jpg,train,train,train,train,train,train,train,test,train,val
Bacterialblight/BACTERAILBLIGHT5_065.jpg,test,train,test,train,val,train,test,train,train,test
Bacterialblight/BACTERAILBLIGHT5_066.jpg,train,train,train,train,train,train,train,test,val,val
Bacterialblight/BACTERAILBLIGHT5_067.jpg,train,train,test,train,train,train,train,test,train,train
Bacterialblight/BACTERAILBLIGHT5_068.jpg,train,train,test,train,test,val,train,train,train,train
Bacterialblight/BACTERAILBLIGHT5_069.jpg,train,train,test,train,test,train,train,test,train,train
Bacterialblight/BACTERAILBLIGHT5_070.jpg,train,test,train,train,train,train,train,train,train,train
Bacterialblight/BACTERAILBLIGHT5_071.jpg,val,train,train,train,train,train,train,train,train,test
Bacterialblight/BACTERAILBLIGHT5_072.jpg,test,test,test,test,train,train,val,train,train,train
Bacterialblight/BACTERAILBLIGHT5_073.jpg,train,val,train,train,train,train,train,train,train,train
Bacterialblight/BACTERAILBLIGHT5_074.jpg,train,train,test,train,train,test,train,train,train,test
Bacterialblight/BACTERAILBLIGHT5_075.jpg,train,train,train,train,test,val,train,train,train,train
Bacterialblight/BACTERAILBLIGHT5_076.jpg,train,train,train,val,val,train,train,test,train,test
Bacterialblight/BACTERAILBLIGHT5_077.jpg,test,train,train,train,test,train,test,train,train,train
Bacterialblight/BACTERAILBLIGHT5_078.jpg,train,train,train,train,val,train,train,train,test,train
Bacterialblight/BACTERAILBLIGHT5_079.JPG,test,train,train,val,train,test,train,test,train,test
Bacterialblight/BACTERAILBLIGHT5_080.jpg,train,val,val,val,train,train,train,train,train,train
Bacterialblight/BACTERAILBLIGHT5_081.JPG,train,train,train,train,train,train,train,test,train,test
Bacterialblight/BACTERAILBLIGHT5_082.jpg,train,train,val,val,train,test,train,train,test,train
Bacterialblight/BACTERAILBLIGHT5_083.jpg,train,train,train,test,train,train,train,train,train,test
Bacterialblight/BACTERAILBLIGHT5_084.jpg,train,train,val,train,train,test,train,train,train,test
Bacterialblight/BACTERAILBLIGHT5_085.jpg,train,train,train,test,val,train,val,train,test,test
Bacterialblight/BACTERAILBLIGHT5_086.jpg,train,train,test,train,train,test,train,train,train,test
Bacterialblight/BACTERAILBLIGHT5_087.jpg,train,val,train,train,train,train,train,train,train,train
Bacterialblight/BACTERAILBLIGHT5_088.jpg,train,train,test,train,train,test,train,train,train,test
Bacterialblight/BACTERAILBLIGHT5_089.jpg,train,train,train,test,train,train,train,train,train,train
Bacterialblight/BACTERAILBLIGHT5_090.jpg,test,train,train,train,test,test,train,train,train,test
Bacterialblight/BACTERAILBLIGHT5_091.jpg,train,train,train,train,train,train,train,train,train,train
Bacterialblight/BACTERAILBLIGHT5_092.jpg,train,train,train,train,train,train,train,train,train,train
Bacterialblight/BACTERAILBLIGHT5_093.jpg,train,val,train,train,train,train,train,train,test,train
Bacterialblight/BACTERAILBLIGHT5_094.jpg,train,train,train,train,train,train,test,train,train,train
Bacterialblight/BACTERAILBLIGHT5_095.jpg,train,train,train,test,train,val,train,train,val,test
Bacterialblight/BACTERAILBLIGHT5_096.jpg,val,train,val,train,val,train,train,test,train,train
Bacterialblight/BACTERAILBLIGHT5_097.jpg,train,train,train,train,train,train,test,train,val,val
Bacterialblight/BACTERAILBLIGHT5_098.jpg,test,train,test,train,train,test,train,train,train,train
Bacterialblight/BACTERAILBLIGHT5_099.jpg,test,train,test,train,train,train,train,train,train,train
Bacterialblight/BACTERAILBLIGHT5_100.jpg,train,train,test,train,test,train,train,train,train,train
Bacterialblight/BACTERAILBLIGHT5_101.jpg,train,train,train,train,test,train,train,val,train,val
Bacterialblight/BACTERAILBLIGHT5_102.jpg,train,train,train,train,train,train,train,train,test,train
Bacterialblight/BACTERAILBLIGHT5_103.jpg,train,train,train,test,val,test,test,test,val,train
Bacterialblight/BACTERAILBLIGHT5_104.jpg,test,train,test,train,test,test,train,train,test,train
Bacterialblight/BACTERAILBLIGHT5_105.jpg,train,train,val,test,train,test,test,train,test,test
Bacterialblight/BACTERAILBLIGHT5_106.jpg,train,test,val,train,test,test,test,train,train,test
Bacterialblight/BACTERAILBLIGHT5_107.JPG,val,test,train,test,train,train,train,test,train,train
Bacterialblight/BACTERAILBLIGHT5_108.JPG,train,test,train,val,train,train,test,train,train,train
Bacterialblight/BACTERAILBLIGHT5_109.JPG,train,test,train,train,train,train,train,test,test,test
Bacterialblight/BACTERAILBLIGHT5_110.JPG,val,train,train,train,val,train,test,train,train,train
Bacterialblight/BACTERAILBLIGHT5_111.jpg,test,train,train,train,train,train,test,train,train,train
Bacterialblight/BACTERAILBLIGHT5_112.jpg,train,test,train,train,train,train,train,train,val,train
Bacterialblight/BACTERAILBLIGHT5_113.jpg,train,train,test,train,train,train,train,train,train,train
Bacterialblight/BACTERAILBLIGHT5_114.jpg,train,test,val,train,train,train,train,train,train,test
Bacterialblight/BACTERAILBLIGHT5_115.jpg,val,test,train,train,train,train,train,train,test,train
Bacterialblight/BACTERAILBLIGHT5_116.jpg,test,train,test,train,train,train,val,train,val,train
Bacterialblight/BACTERAILBLIGHT5_117.jpg,train,train,train,train,train,test,train,val,train,train
Bacterialblight/BACTERAILBLIGHT5_118.jpg,test,train,test,train,train,train,train,train,train,train
Bacterialblight/BACTERAILBLIGHT5_119.jpg,train,test,train,test,train,train,train,train,train,train
Bacterialblight/BACTERAILBLIGHT5_120.jpg,test,val,train,train,train,train,train,train,test,val
Bacterialblight/BACTERAILBLIGHT5_121.jpg,train,test,train,train,train,test,test,test,train,train
Bacterialblight/BACTERAILBLIGHT5_122.jpg,train,train,train,train,train,train,val,train,train,train
Bacterialblight/BACTERAILBLIGHT5_123.jpg,train,train,train,train,train,train,train,train,train,train
Bacterialblight/BACTERAILBLIGHT5_124.jpg,train,train,test,test,train,train,val,train,train,val
Bacterialblight/BACTERAILBLIGHT5_125.jpg,val,train,train,train,train,train,train,train,test,val
Bacterialblight/BACTERAILBLIGHT5_126.jpg,train,train,train,train,test,train,train,test,train,train
Bacterialblight/BACTERAILBLIGHT5_127.jpg,train,train,train,val,train,val,test,test,train,train
Bacterialblight/BACTERAILBLIGHT5_128.jpg,val,test,train,test,test,test,test,train,test,train
Bacterialblight/BACTERAILBLIGHT5_129.jpg,test,val,train,train,train,train,train,train,train,val
Bacterialblight/BACTERAILBLIGHT5_130.jpg,test,train,train,val,train,train,train,val,train,train
Bacterialblight/BACTERAILBLIGHT5_131.jpg,train,test,train,train,test,val,train,train,train,train
Bacterialblight/BACTERAILBLIGHT5_132.JPG,test,train,train,train,test,val,test,train,test,train
Bacterialblight/BACTERAILBLIGHT5_133.JPG,train,test,train,train,train,test,train,train,val,test
Bacterialblight/BACTERAILBLIGHT5_134.JPG,test,train,train,train,val,test,train,train,test,train
Bacterialblight/BACTERAILBLIGHT5_135.JPG,train,train,train,val,train,train,test,train,train,train
Bacterialblight/BACTERAILBLIGHT5_136.JPG,train,train,train,train,train,train,train,train,train,test
Bacterialblight/BACTERAILBLIGHT5_137.JPG,train,train,train,train,val,train,train,test,test,val
Bacterialblight/BACTERAILBLIGHT5_138.JPG,train,train,train,train,train,train,train,train,train,train
Bacterialblight/BACTERAILBLIGHT5_139.JPG,test,train,test,train,test,train,train,test,test,train
Bacterialblight/BACTERAILBLIGHT5_140.JPG,test,val,train,train,train,test,train,train,test,train
Bacterialblight/BACTERAILBLIGHT5_141.JPG,test,train,train,train,train,train,val,train,train,train
Bacterialblight/BACTERAILBLIGHT5_142.JPG,train,train,test,test,train,train,train,val,train,test
Bacterialblight/BACTERAILBLIGHT5_143.JPG,train,train,train,train,train,train,train,train,train,test
Bacterialblight/BACTERAILBLIGHT5_144.JPG,train,train,test,val,train,test,train,train,test,val
Bacterialblight/BACTERAILBLIGHT5_145.JPG,train,test,train,train,train,val,train,train,train,val
Bacterialblight/BACTERAILBLIGHT5_146.JPG,train,val,train,train,test,train,train,train,train,train
Bacterialblight/BACTERAILBLIGHT5_147.jpg,test,test,train,val,train,train,train,train,train,test
Bacterialblight/BACTERAILBLIGHT5_148.jpg,val,val,train,test,train,train,train,train,train,train
Bacterialblight/BACTERAILBLIGHT5_149.jpg,train,train,val,val,train,val,train,test,test,test
Bacterialblight/BACTERAILBLIGHT5_150.jpg,train,test,train,train,train,test,train,train,val,val
Bacterialblight/BACTERAILBLIGHT5_151.jpg,val,train,train,train,train,train,val,train,train,test
Bacterialblight/BACTERAILBLIGHT5_152.jpg,train,test,train,train,test,train,train,train,train,train
Bacterialblight/BACTERAILBLIGHT5_153.jpg,train,train,train,train,train,train,train,train,train,train
Bacterialblight/BACTERAILBLIGHT5_154.jpg,train,train,test,train,train,train,train,train,train,train
Bacterialblight/BACTERAILBLIGHT5_155.jpg,train,train,train,train,train,train,test,train,test,train
Bacterialblight/BACTERAILBLIGHT5_156.jpg,test,test,train,test,val,train,val,train,train,train
Bacterialblight/BACTERAILBLIGHT5_157.jpg,train,val,train,train,train,train,val,train,train,val
Bacterialblight/BACTERAILBLIGHT5_158.jpg,test,test,test,train,train,test,train,test,train,train
Bacterialblight/BACTERAILBLIGHT5_159.jpg,train,train,val,train,train,train,train,train,train,train
Bacterialblight/BACTERAILBLIGHT5_160.jpg,train,train,train,train,val,train,train,train,train,train
Bacterialblight/BACTERAILBLIGHT5_161.jpg,test,train,train,test,val,train,train,train,train,val
Bacterialblight/BACTERAILBLIGHT5_162.jpg,train,train,train,train,train,train,test,test,train,train
Bacterialblight/BACTERAILBLIGHT5_163.jpg,train,train,train,val,test,val,train,test,train,train
Bacterialblight/BACTERAILBLIGHT5_164.jpg,train,train,train,test,val,train,train,train,train,test
Bacterialblight/BACTERAILBLIGHT5_165.jpg,test,test,val,val,val,test,train,val,train,test
Bacterialblight/BACTERAILBLIGHT5_166.jpg,test,test,test,test,train,test,train,train,train,train
Bacterialblight/BACTERAILBLIGHT5_167.jpg,train,train,train,val,train,train,val,val,train,train
Bacterialblight/BACTERAILBLIGHT5_168.jpg,train,train,train,test,test,train,train,train,test,test
Bacterialblight/BACTERAILBLIGHT5_169.jpg,train,train,test,test,train,test,train,train,train,train
Bacterialblight/BACTERAILBLIGHT5_170.jpg,train,train,train,train,train,train,train,test,test,test
Bacterialblight/BACTERAILBLIGHT5_171.jpg,test,test,train,train,train,test,val,test,train,train
Bacterialblight/BACTERAILBLIGHT5_172.jpg,val,train,train,train,train,test,train,train,train,val
Bacterialblight/BACTERAILBLIGHT5_173.jpg,train,train,train,test,train,train,test,train,train,train
Bacterialblight/BACTERAILBLIGHT5_174.jpg,test,train,train,train,train,val,train,train,train,train
Bacterialblight/BACTERAILBLIGHT5_175.jpg,train,train,test,val,train,test,test,train,val,train
Bacterialblight/BACTERAILBLIGHT5_176.jpg,train,train,train,train,test,train,test,train,test,val
Bacterialblight/BACTERAILBLIGHT5_177.JPG,train,test,train,train,train,train,train,train,train,test
Bacterialblight/BACTERAILBLIGHT5_178.jpg,train,train,train,val,test,test,test,train,val,train
Bacterialblight/BACTERAILBLIGHT5_179.JPG,train,train,train,train,train,train,train,train,train,val
Bacterialblight/BACTERAILBLIGHT5_180.jpg,train,train,train,train,val,train,train,test,train,test
Bacterialblight/BACTERAILBLIGHT5_181.jpg,test,train,test,test,train,test,train,train,test,train
Bacterialblight/BACTERAILBLIGHT5_182.jpg,test,train,train,train,test,train,train,test,test,test
Bacterialblight/BACTERAILBLIGHT5_183.jpg,train,test,train,train,train,test,val,test,test,train
Bacterialblight/BACTERAILBLIGHT5_184.jpg,val,train,train,train,train,train,train,test,train,test
Bacterialblight/BACTERAILBLIGHT5_185.jpg,test,train,train,train,train,val,train,train,train,train
Bacterialblight/BACTERAILBLIGHT5_186.jpg,train,train,train,train,train,train,train,test,train,test
Bacterialblight/BACTERAILBLIGHT5_187.jpg,train,train,val,val,train,test,train,train,train,train
Bacterialblight/BACTERAILBLIGHT5_188.jpg,train,train,train,train,train,train,train,train,train,train
Bacterialblight/BACTERAILBLIGHT5_189.jpg,train,train,train,train,train,test,train,val,train,train
Bacterialblight/BACTERAILBLIGHT5_190.jpg,train,train,train,val,train,train,train,train,train,train
Bacterialblight/BACTERAILBLIGHT5_191.jpg,train,train,train,test,test,val,train,train,train,test
Bacterialblight/BACTERAILBLIGHT5_192.jpg,train,train,train,train,test,val,test,train,train,train
Bacterialblight/BACTERAILBLIGHT5_193.jpg,train,train,train,train,train,train,train,train,train,train
Bacterialblight/BACTERAILBLIGHT5_194.jpg,train,test,val,train,train,val,train,train,train,test
Bacterialblight/BACTERAILBLIGHT5_195.jpg,train,train,train,train,train,train,train,val,train,val
Bacterialblight/BACTERAILBLIGHT5_196.jpg,train,train,train,train,train,test,train,test,train,train
Bacterialblight/BACTERAILBLIGHT5_197.jpg,train,train,train,train,train,test,val,train,train,test
Bacterialblight/BACTERAILBLIGHT5_198.jpg,train,train,val,train,train,train,test,test,train,train
Bacterialblight/BACTERAILBLIGHT5_199.jpg,train,train,train,test,train,train,test,train,test,train
Bacterialblight/BACTERAILBLIGHT5_200.jpg,train,train,train,train,train,test,test,train,train,train
Bacterialblight/BACTERAILBLIGHT5_201.jpg,train,test,train,test,train,train,train,train,train,train
Bacterialblight/BACTERAILBLIGHT5_202.jpg,train,test,train,train,train,test,train,train,test,test
Bacterialblight/BACTERAILBLIGHT5_203.JPG,train,train,val,train,test,test,train,test,train,val
Bacterialblight/BACTERAILBLIGHT5_204.JPG,train,train,test,val,val,train,train,train,test,train
Bacterialblight/BACTERAILBLIGHT5_205.JPG,train,train,test,train,train,val,test,test,train,train
Bacterialblight/BACTERAILBLIGHT5_206.JPG,train,train,train,train,val,test,train,train,train,train
Bacterialblight/BACTERAILBLIGHT5_207.jpg,val,train,val,train,train,train,train,train,train,train
Bacterialblight/BACTERAILBLIGHT5_208.jpg,test,train,train,train,val,train,train,train,train,train
Bacterialblight/BACTERAILBLIGHT5_209.jpg,train,val,train,train,train,train,train,train,train,train
Bacterialblight/BACTERAILBLIGHT5_210.jpg,train,train,test,train,val,train,train,test,train,train
Bacterialblight/BACTERAILBLIGHT5_211.jpg,train,train,train,val,test,train,train,train,test,train
Bacterialblight/BACTERAILBLIGHT5_212.jpg,train,train,train,train,train,train,train,val,train,test
Bacterialblight/BACTERAILBLIGHT5_213.jpg,train,train,test,train,train,train,train,train,train,train
Bacterialblight/BACTERAILBLIGHT5_214.jpg,train,test,test,train,test,train,test,train,train,train
Bacterialblight/BACTERAILBLIGHT5_215.jpg,test,test,train,test,train,train,train,train,train,train
Bacterialblight/BACTERAILBLIGHT5_216.jpg,train,test,train,train,train,train,train,train,train,train
Bacterialblight/BACTERAILBLIGHT5_217.jpg,train,train,train,test,train,train,train,train,train,train
Bacterialblight/BACTERAILBLIGHT5_218.jpg,test,test,test,val,train,train,test,val,train,train
Bacterialblight/BACTERAILBLIGHT5_219.jpg,train,train,val,train,train,train,train,train,train,train
Bacterialblight/BACTERAILBLIGHT5_220.jpg,test,train,test,train,train,test,train,train,test,val
Bacterialblight/BACTERAILBLIGHT5_221.jpg,train,test,val,train,train,val,train,train,test,train
Bacterialblight/BACTERAILBLIGHT5_222.jpg,test,train,train,train,train,train,train,test,train,train
Bacterialblight/BACTERAILBLIGHT5_223.jpg,test,train,test,train,test,test,train,train,train,train
Bacterialblight/BACTERAILBLIGHT5_224.jpg,train,train,test,train,train,test,train,test,train,train
Bacterialblight/BACTERAILBLIGHT5_225.jpg,train,train,val,train,train,train,test,train,train,test
Bacterialblight/BACTERAILBLIGHT5_226.jpg,train,val,val,train,test,train,test,train,train,train
Bacterialblight/BACTERAILBLIGHT5_227.jpg,train,train,test,train,train,train,train,val,test,val
Bacterialblight/BACTERAILBLIGHT5_228.JPG,val,train,train,test,test,train,train,train,train,train
Bacterialblight/BACTERAILBLIGHT5_229.JPG,train,train,train,train,train,train,train,train,train,train
Bacterialblight/BACTERAILBLIGHT5_230.JPG,train,train,train,test,val,train,val,train,test,train
Bacterialblight/BACTERAILBLIGHT5_231.JPG,test,val,train,test,train,train,test,train,train,train
Bacterialblight/BACTERAILBLIGHT5_232.JPG,train,train,train,train,train,val,train,train,train,train
Bacterialblight/BACTERAILBLIGHT5_233.JPG,train,train,train,train,train,train,train,train,train,test
Bacterialblight/BACTERAILBLIGHT5_234.JPG,train,train,train,train,test,train,train,train,test,train
Bacterialblight/BACTERAILBLIGHT5_235.JPG,train,train,test,train,train,val,train,train,train,train
Bacterialblight/BACTERAILBLIGHT5_236.JPG,train,train,train,train,train,test,train,train,test,val
Bacterialblight/BACTERAILBLIGHT5_237.JPG,test,train,train,val,train,train,train,train,train,train
Bacterialblight/BACTERAILBLIGHT5_238.JPG,test,test,train,train,test,train,train,train,test,train
Bacterialblight/BACTERAILBLIGHT5_239.JPG,train,train,train,test,train,train,val,val,test,test
Bacterialblight/BACTERAILBLIGHT5_240.JPG,test,test,train,test,train,train,test,train,train,train
Bacterialblight/BACTERAILBLIGHT5_241.JPG,train,train,test,train,test,test,test,train,train,val
Bacterialblight/BACTERAILBLIGHT5_242.JPG,train,test,train,train,train,val,train,train,val,val
Bacterialblight/BACTERAILBLIGHT5_243.JPG,train,test,test,train,train,train,train,train,val,test
Bacterialblight/BACTERAILBLIGHT5_244.jpg,val,val,train,train,train,train,val,train,train,test
Bacterialblight/BACTERAILBLIGHT5_245.jpg,train,train,train,train,train,val,test,train,train,train
Bacterialblight/BACTERAILBLIGHT5_246.jpg,train,test,train,train,test,train,train,train,train,train
Bacterialblight/BACTERAILBLIGHT5_247.jpg,train,train,val,train,train,train,train,val,train,train
Bacterialblight/BACTERAILBLIGHT5_248.jpg,train,train,train,train,train,train,train,train,train,train
Bacterialblight/BACTERAILBLIGHT5_249.jpg,test,train,train,val,train,train,train,train,train,train
Bacterialblight/BACTERAILBLIGHT5_250.jpg,train,train,train,train,train,train,train,val,train,test
Bacterialblight/BACTERAILBLIGHT5_251.jpg,train,train,train,train,test,test,train,val,train,train
Bacterialblight/BACTERAILBLIGHT5_252.jpg,train,test,train,train,train,train,train,train,test,train
Bacterialblight/BACTERAILBLIGHT5_253.jpg,train,test,test,test,train,train,train,train,test,train
Bacterialblight/BACTERAILBLIGHT5_254.jpg,train,test,train,train,train,train,val,train,train,train
Bacterialblight/BACTERAILBLIGHT5_255.jpg,train,train,train,test,train,train,train,train,train,train
Bacterialblight/BACTERAILBLIGHT5_256.jpg,train,test,train,val,train,train,train,val,train,train
Bacterialblight/BACTERAILBLIGHT5_257.jpg,val,train,train,train,train,train,train,train,train,train
Bacterialblight/BACTERAILBLIGHT5_258.jpg,train,train,train,train,test,test,test,train,test,val
Bacterialblight/BACTERAILBLIGHT5_259.jpg,train,train,train,train,test,train,train,test,train,train
Bacterialblight/BACTERAILBLIGHT5_260.jpg,train,train,train,train,test,test,train,train,test,train
Bacterialblight/BACTERAILBLIGHT5_261.jpg,val,train,train,test,train,train,train,val,train,train
Bacterialblight/BACTERAILBLIGHT5_262.jpg,train,test,test,val,train,train,train,train,train,train
Bacterialblight/BACTERAILBLIGHT5_263.jpg,val,train,train,train,train,test,train,test,train,train
Bacterialblight/BACTERAILBLIGHT5_264.jpg,train,val,test,train,train,train,val,train,test,train
Bacterialblight/BACTERIALBLIGHT1_001.jpg,train,train,train,train,train,train,train,train,test,train
Bacterialblight/BACTERIALBLIGHT1_002.jpg,train,test,train,test,train,test,test,train,train,train
Bacterialblight/BACTERIALBLIGHT1_003.jpg,train,val,train,train,train,train,test,train,train,val
Bacterialblight/BACTERIALBLIGHT1_004.jpg,train,train,train,train,train,val,test,train,test,train
Bacterialblight/BACTERIALBLIGHT1_005.jpg,train,train,train,train,train,train,train,train,test,train
Bacterialblight/BACTERIALBLIGHT1_006.jpg,train,train,test,train,test,train,train,train,train,train
Bacterialblight/BACTERIALBLIGHT1_007.jpg,train,test,train,train,train,train,test,train,train,train
Bacterialblight/BACTERIALBLIGHT1_008.jpg,train,test,train,train,train,train,train,train,val,train
Bacterialblight/BACTERIALBLIGHT1_009.jpg,val,train,val,val,train,test,train,val,train,train
Bacterialblight/BACTERIALBLIGHT1_010.jpg,test,train,train,train,train,train,train,test,train,train
Bacterialblight/BACTERIALBLIGHT1_011.jpg,train,test,train,train,train,train,train,test,train,train
Bacterialblight/BACTERIALBLIGHT1_012.jpg,test,train,train,train,test,val,train,test,train,val
Bacterialblight/BACTERIALBLIGHT1_013.jpg,train,test,train,train,train,train,train,test,train,train
Bacterialblight/BACTERIALBLIGHT1_014.jpg,train,train,train,train,train,val,train,test,train,val
Bacterialblight/BACTERIALBLIGHT1_015.jpg,val,train,train,train,train,train,train,train,test,train
Bacterialblight/BACTERIALBLIGHT1_016.jpg,train,test,test,test,val,test,val,train,train,train
Bacterialblight/BACTERIALBLIGHT1_017.jpg,test,train,train,train,train,val,train,train,train,train
Bacterialblight/BACTERIALBLIGHT1_018.jpg,test,val,train,train,train,train,train,train,train,val
Bacterialblight/BACTERIALBLIGHT1_019.jpg,test,train,val,train,train,train,train,train,train,train
Bacterialblight/BACTERIALBLIGHT1_020.jpg,train,train,test,train,train,train,train,train,train,train
Bacterialblight/BACTERIALBLIGHT1_021.jpg,test,train,test,val,val,val,train,train,val,test
Bacterialblight/BACTERIALBLIGHT1_022.jpg,train,val,test,train,test,train,test,test,train,train
Bacterialblight/BACTERIALBLIGHT1_023.jpg,test,test,train,val,train,test,train,train,val,train
Bacterialblight/BACTERIALBLIGHT1_024.jpg,train,test,train,val,test,test,train,train,val,train
Bacterialblight/BACTERIALBLIGHT1_025.jpg,train,train,val,train,train,train,test,test,val,train
Bacterialblight/BACTERIALBLIGHT1_026.jpg,train,train,train,val,test,train,train,test,train,train
Bacterialblight/BACTERIALBLIGHT1_027.jpg,train,train,test,val,test,train,test,test,train,train
Bacterialblight/BACTERIALBLIGHT1_028.jpg,train,test,test,test,train,test,train,train,train,test
Bacterialblight/BACTERIALBLIGHT1_029.jpg,test,train,test,test,train,test,train,train,train,train
Bacterialblight/BACTERIALBLIGHT1_030.jpg,train,train,train,train,train,train,train,val,train,test
Bacterialblight/BACTERIALBLIGHT1_031.jpg,val,train,train,val,test,test,train,train,test,train
Bacterialblight/BACTERIALBLIGHT1_032.jpg,train,test,train,train,train,train,train,train,train,train
Bacterialblight/BACTERIALBLIGHT1_033.jpg,test,train,train,train,train,train,train,train,train,train
Bacterialblight/BACTERIALBLIGHT1_034.jpg,train,train,val,train,train,train,val,train,train,train
Bacterialblight/BACTERIALBLIGHT1_035.jpg,test,test,test,train,train,train,train,test,train,train
Bacterialblight/BACTERIALBLIGHT1_036.jpg,train,train,test,test,test,train,train,test,test,train
Bacterialblight/BACTERIALBLIGHT1_037.jpg,train,train,val,test,test,train,train,test,val,train
Bacterialblight/BACTERIALBLIGHT1_038.jpg,train,train,train,train,train,train,train,train,val,train
Bacterialblight/BACTERIALBLIGHT1_039.jpg,train,train,train,train,test,train,test,train,train,train
Bacterialblight/BACTERIALBLIGHT1_040.jpg,test,train,train,train,train,train,train,val,val,test
Bacterialblight/BACTERIALBLIGHT1_041.jpg,train,val,train,test,train,train,test,train,train,test
Bacterialblight/BACTERIALBLIGHT1_042.jpg,val,test,train,train,train,train,train,test,val,train
Bacterialblight/BACTERIALBLIGHT1_043.jpg,train,train,train,train,test,train,test,train,train,train
Bacterialblight/BACTERIALBLIGHT1_044.jpg,test,val,train,train,test,train,train,train,val,train
Bacterialblight/BACTERIALBLIGHT1_045.jpg,train,train,train,train,test,train,train,train,train,train
Bacterialblight/BACTERIALBLIGHT1_046.jpg,train,train,test,train,train,test,train,train,train,train
Bacterialblight/BACTERIALBLIGHT1_047.jpg,test,train,train,train,train,test,train,train,train,train
Bacterialblight/BACTERIALBLIGHT1_048.jpg,train,test,train,train,train,train,test,test,train,val
Bacterialblight/BACTERIALBLIGHT1_049.jpg,test,train,train,train,train,train,test,train,train,train
Bacterialblight/BACTERIALBLIGHT1_050.jpg,train,train,train,train,train,train,train,train,val,train
Bacterialblight/BACTERIALBLIGHT1_051.jpg,train,train,test,train,val,train,train,train,train,train
Bacterialblight/BACTERIALBLIGHT1_052.jpg,train,test,train,train,test,val,train,train,test,train
Bacterialblight/BACTERIALBLIGHT1_053.jpg,train,test,val,train,val,val,test,train,train,train
Bacterialblight/BACTERIALBLIGHT1_054.jpg,train,val,val,train,train,test,train,test,test,test
Bacterialblight/BACTERIALBLIGHT1_055.jpg,train,train,val,train,train,train,test,test,val,test
Bacterialblight/BACTERIALBLIGHT1_056.jpg,train,val,train,test,train,test,train,train,train,train
Bacterialblight/BACTERIALBLIGHT1_057.jpg,train,train,train,train,val,train,val,train,test,test
Bacterialblight/BACTERIALBLIGHT1_058.jpg,val,test,val,train,train,train,train,train,train,train
Bacterialblight/BACTERIALBLIGHT1_059.jpg,train,val,train,train,train,train,val,train,train,train
Bacterialblight/BACTERIALBLIGHT1_060.jpg,val,train,train,test,test,test,train,val,train,train
Bacterialblight/BACTERIALBLIGHT1_061.jpg,train,train,train,train,train,train,test,test,test,train
Bacterialblight/BACTERIALBLIGHT1_062.jpg,train,train,train,train,train,train,val,train,test,train
Bacterialblight/BACTERIALBLIGHT1_063.jpg,train,test,test,test,test,train,train,train,train,train
Bacterialblight/BACTERIALBLIGHT1_064.jpg,train,train,test,val,train,test,val,train,train,train
Bacterialblight/BACTERIALBLIGHT1_065.jpg,train,train,train,train,train,test,train,train,train,train
Bacterialblight/BACTERIALBLIGHT1_066.jpg,test,train,test,val,train,test,train,train,train,train
Bacterialblight/BACTERIALBLIGHT1_067.jpg,test,train,train,train,val,train,test,train,val,val
Bacterialblight/BACTERIALBLIGHT1_068.jpg,train,train,train,train,train,test,test,test,train,train
Bacterialblight/BACTERIALBLIGHT1_069.jpg,train,train,train,test,test,test,test,train,val,train
Bacterialblight/BACTERIALBLIGHT1_070.jpg,train,train,train,train,test,train,train,train,train,train
Bacterialblight/BACTERIALBLIGHT1_071.jpg,test,val,train,train,train,train,train,train,train,train
Bacterialblight/BACTERIALBLIGHT1_072.jpg,test,train,train,train,test,train,train,train,train,train
Bacterialblight/BACTERIALBLIGHT1_073.jpg,train,test,val,test,val,test,train,train,train,train
Bacterialblight/BACTERIALBLIGHT1_074.jpg,train,train,train,train,train,train,train,train,train,train
Bacterialblight/BACTERIALBLIGHT1_075.jpg,train,train,val,train,train,val,train,train,train,train
Bacterialblight/BACTERIALBLIGHT1_076.jpg,train,test,train,train,train,train,train,test,train,train
Bacterialblight/BACTERIALBLIGHT1_077.jpg,train,train,train,train,test,train,train,train,train,train
Bacterialblight/BACTERIALBLIGHT1_078.jpg,train,train,train,test,test,train,train,train,test,train
Bacterialblight/BACTERIALBLIGHT1_079.JPG,train,test,train,train,test,train,train,train,train,train
Bacterialblight/BACTERIALBLIGHT1_080.jpg,train,val,test,train,train,train,train,train,train,test
Bacterialblight/BACTERIALBLIGHT1_081.JPG,train,train,train,train,train,train,train,test,train,train
Bacterialblight/BACTERIALBLIGHT1_082.jpg,val,val,train,test,val,train,train,train,train,train
Bacterialblight/BACTERIALBLIGHT1_083.jpg,train,train,train,train,train,val,test,test,train,val
Bacterialblight/BACTERIALBLIGHT1_084.jpg,val,train,test,train,train,train,val,train,train,train
Bacterialblight/BACTERIALBLIGHT1_085.jpg,train,train,test,train,test,val,val,test,train,val
Bacterialblight/BACTERIALBLIGHT1_086.jpg,train,train,train,train,train,train,test,train,test,train
Bacterialblight/BACTERIALBLIGHT1_087.jpg,test,test,train,test,train,test,train,train,train,train
Bacterialblight/BACTERIALBLIGHT1_088.jpg,train,train,train,train,train,train,test,train,train,train
Bacterialblight/BACTERIALBLIGHT1_089.jpg,train,val,train,train,train,train,test,train,test,val
Bacterialblight/BACTERIALBLIGHT1_090.jpg,train,train,train,train,train,train,val,train,train,train
Bacterialblight/BACTERIALBLIGHT1_091.jpg,train,train,test,train,train,train,train,train,train,train
Bacterialblight/BACTERIALBLIGHT1_092.jpg,train,val,val,train,train,train,train,train,train,train
Bacterialblight/BACTERIALBLIGHT1_093.jpg,test,val,test,train,train,train,train,test,val,train
Bacterialblight/BACTERIALBLIGHT1_094.jpg,val,train,test,train,val,train,test,val,train,train
Bacterialblight/BACTERIALBLIGHT1_095.jpg,train,test,train,val,test,test,test,train,train,train
Bacterialblight/BACTERIALBLIGHT1_096.jpg,train,train,train,train,test,val,train,train,train,train
Bacterialblight/BACTERIALBLIGHT1_097.jpg,train,train,train,test,train,train,train,train,train,val
Bacterialblight/BACTERIALBLIGHT1_098.jpg,test,val,train,train,train,train,test,train,train,train
Bacterialblight/BACTERIALBLIGHT1_099.jpg,test,train,test,val,train,train,train,test,train,train
Bacterialblight/BACTERIALBLIGHT1_100.jpg,train,train,train,test,train,test,test,train,train,train
Bacterialblight/BACTERIALBLIGHT1_101.jpg,train,train,val,test,train,test,train,train,train,train
Bacterialblight/BACTERIALBLIGHT1_102.jpg,test,val,train,test,train,test,test,train,train,train
Bacterialblight/BACTERIALBLIGHT1_103.jpg,train,train,train,val,train,test,train,train,val,train
Bacterialblight/BACTERIALBLIGHT1_104.jpg,train,train,train,train,train,train,train,test,val,train
Bacterialblight/BACTERIALBLIGHT1_105.jpg,train,train,test,train,train,train,train,train,train,train
Bacterialblight/BACTERIALBLIGHT1_106.jpg,train,train,train,train,train,train,val,test,train,train
Bacterialblight/BACTERIALBLIGHT1_107.JPG,train,test,train,train,test,train,train,test,train,train
Bacterialblight/BACTERIALBLIGHT1_108.JPG,train,train,train,train,train,train,train,train,train,test
Bacterialblight/BACTERIALBLIGHT1_109.JPG,train,train,val,test,train,train,train,test,train,train
Bacterialblight/BACTERIALBLIGHT1_110.JPG,val,test,train,train,train,train,test,test,train,val
Bacterialblight/BACTERIALBLIGHT1_111.jpg,train,train,train,train,train,train,test,train,train,train
Bacterialblight/BACTERIALBLIGHT1_112.jpg,val,test,train,train,train,train,train,train,train,train
Bacterialblight/BACTERIALBLIGHT1_113.jpg,train,val,train,test,train,train,train,train,train,test
Bacterialblight/BACTERIALBLIGHT1_114.jpg,train,test,train,train,val,train,train,train,train,val
Bacterialblight/BACTERIALBLIGHT1_115.jpg,train,train,train,train,train,train,train,train,train,train
Bacterialblight/BACTERIALBLIGHT1_116.jpg,val,train,train,train,train,train,train,train,test,val
Bacterialblight/BACTERIALBLIGHT1_117.jpg,val,train,test,train,test,train,test,train,train,train
Bacterialblight/BACTERIALBLIGHT1_118.jpg,test,train,train,train,train,test,train,train,train,train
Bacterialblight/BACTERIALBLIGHT1_119.jpg,val,train,val,train,test,test,val,train,test,train
Bacterialblight/BACTERIALBLIGHT1_120.jpg,train,test,train,train,train,train,train,train,val,train
Bacterialblight/BACTERIALBLIGHT1_121.jpg,train,train,test,train,train,train,train,train,train,train
Bacterialblight/BACTERIALBLIGHT1_122.jpg,train,train,train,train,train,train,train,train,train,test
Bacterialblight/BACTERIALBLIGHT1_123.jpg,train,train,train,train,train,train,test,train,train,train
Bacterialblight/BACTERIALBLIGHT1_124.jpg,train,test,train,train,val,train,train,train,train,train
Bacterialblight/BACTERIALBLIGHT1_125.jpg,val,test,train,train,test,val,train,train,test,train
Bacterialblight/BACTERIALBLIGHT1_126.jpg,train,train,train,train,test,train,train,test,val,train
Bacterialblight/BACTERIALBLIGHT1_127.jpg,test,train,train,train,test,train,test,test,train,test
Bacterialblight/BACTERIALBLIGHT1_128.jpg,train,train,val,train,val,train,train,train,train,train
Bacterialblight/BACTERIALBLIGHT1_129.jpg,test,train,train,train,train,train,train,train,train,test
Bacterialblight/BACTERIALBLIGHT1_130.jpg,val,train,val,val,train,train,test,train,train,val
Bacterialblight/BACTERIALBLIGHT1_131.jpg,train,val,train,train,train,train,train,train,train,train
Bacterialblight/BACTERIALBLIGHT1_132.JPG,train,train,test,train,train,val,test,train,train,train
Bacterialblight/BACTERIALBLIGHT1_133.JPG,train,train,train,train,train,train,train,test,train,train
Bacterialblight/BACTERIALBLIGHT1_134.JPG,train,train,train,test,val,train,train,train,test,train
Bacterialblight/BACTERIALBLIGHT1_135.JPG,train,test,test,test,test,train,train,train,train,train
Bacterialblight/BACTERIALBLIGHT1_136.JPG,train,train,train,test,train,train,train,train,train,test
Bacterialblight/BACTERIALBLIGHT1_137.JPG,train,train,val,train,val,test,test,train,train,train
Bacterialblight/BACTERIALBLIGHT1_138.JPG,test,train,val,train,train,test,train,train,train,test
Bacterialblight/BACTERIALBLIGHT1_139.JPG,train,train,train,train,train,test,test,test,test,train
Bacterialblight/BACTERIALBLIGHT1_140.JPG,train,train,train,val,train,train,train,train,train,test
Bacterialblight/BACTERIALBLIGHT1_141.JPG,train,train,train,train,train,test,train,train,val,train
Bacterialblight/BACTERIALBLIGHT1_142.JPG,train,test,test,train,train,train,train,val,test,train
Bacterialblight/BACTERIALBLIGHT1_143.JPG,train,train,train,train,train,train,train,train,test,train
Bacterialblight/BACTERIALBLIGHT1_144.JPG,train,train,test,val,train,train,train,train,train,val
Bacterialblight/BACTERIALBLIGHT1_145.JPG,train,train,test,train,test,val,train,test,train,val
Bacterialblight/BACTERIALBLIGHT1_146.JPG,test,train,train,test,train,test,train,train,test,train
Bacterialblight/BACTERIALBLIGHT1_147.jpg,train,train,train,train,train,test,val,train,train,train
Bacterialblight/BACTERIALBLIGHT1_148.jpg,train,val,test,test,train,train,test,train,train,train
Bacterialblight/BACTERIALBLIGHT1_149.jpg,train,train,train,val,train,test,val,train,train,train
Bacterialblight/BACTERIALBLIGHT1_150.jpg,test,train,train,test,val,train,train,train,test,train
Bacterialblight/BACTERIALBLIGHT1_151.jpg,test,test,test,train,train,train,test,val,train,train
Bacterialblight/BACTERIALBLIGHT1_152.jpg,train,train,train,train,test,train,val,train,train,train
Bacterialblight/BACTERIALBLIGHT1_153.jpg,test,train,train,train,train,train,train,train,train,val
Bacterialblight/BACTERIALBLIGHT1_154.jpg,val,val,train,train,train,train,train,train,val,train
Bacterialblight/BACTERIALBLIGHT1_155.jpg,train,train,test,train,train,test,train,train,train,train
Bacterialblight/BACTERIALBLIGHT1_156.jpg,train,train,train,train,train,test,train,train,train,train
Bacterialblight/BACTERIALBLIGHT1_157.jpg,test,test,test,train,test,train,train,train,train,train
Bacterialblight/BACTERIALBLIGHT1_158.jpg,train,train,train,train,train,train,train,train,test,train
Bacterialblight/BACTERIALBLIGHT1_159.jpg,test,train,train,train,train,train,test,train,train,test
Bacterialblight/BACTERIALBLIGHT1_160.jpg,test,train,val,train,val,train,test,train,train,train
Bacterialblight/BACTERIALBLIGHT1_161.jpg,train,test,train,train,train,train,train,train,train,train
Bacterialblight/BACTERIALBLIGHT1_162.jpg,train,train,val,train,test,train,train,test,val,train
Bacterialblight/BACTERIALBLIGHT1_163.jpg,train,train,test,train,test,train,train,test,train,test
Bacterialblight/BACTERIALBLIGHT1_164.jpg,train,train,train,test,train,train,train,train,val,train
Bacterialblight/BACTERIALBLIGHT1_165.jpg,train,val,train,val,val,train,val,val,test,val
Bacterialblight/BACTERIALBLIGHT1_166.jpg,train,train,train,train,train,train,test,train,test,train
Bacterialblight/BACTERIALBLIGHT1_167.jpg,train,train,train,val,train,train,train,train,val,val
Bacterialblight/BACTERIALBLIGHT1_168.jpg,test,train,test,train,test,val,train,test,train,val
Bacterialblight/BACTERIALBLIGHT1_169.jpg,test,test,train,train,train,train,val,test,train,train
Bacterialblight/BACTERIALBLIGHT1_170.jpg,train,train,train,train,train,train,val,test,train,test
Bacterialblight/BACTERIALBLIGHT1_171.jpg,train,train,test,train,train,train,train,train,train,train
Bacterialblight/BACTERIALBLIGHT1_172.jpg,train,test,train,train,val,val,val,test,train,train
Bacterialblight/BACTERIALBLIGHT1_173.jpg,train,val,train,train,train,train,train,train,test,val
Bacterialblight/BACTERIALBLIGHT1_174.jpg,train,train,test,train,train,train,train,train,train,test
Bacterialblight/BACTERIALBLIGHT1_175.jpg,train,train,train,train,train,train,test,train,train,train
Bacterialblight/BACTERIALBLIGHT1_176.jpg,test,train,test,test,train,test,train,train,train,train
Bacterialblight/BACTERIALBLIGHT1_177.JPG,test,test,train,train,train,train,train,train,test,train
Bacterialblight/BACTERIALBLIGHT1_178.jpg,train,train,val,train,val,train,train,train,train,train
Bacterialblight/BACTERIALBLIGHT1_179.JPG,val,train,train,val,test,test,train,val,train,train
Bacterialblight/BACTERIALBLIGHT1_180.jpg,train,train,val,train,test,train,train,test,test,test
Bacterialblight/BACTERIALBLIGHT1_181.jpg,test,test,train,train,train,train,train,test,train,train
Bacterialblight/BACTERIALBLIGHT1_182.jpg,val,train,train,train,train,train,train,test,train,test
Bacterialblight/BACTERIALBLIGHT1_183.jpg,test,train,train,train,val,train,test,train,train,train
Bacterialblight/BACTERIALBLIGHT1_184.jpg,train,train,val,train,val,train,train,test,train,test
Bacterialblight/BACTERIALBLIGHT1_185.jpg,train,train,test,train,train,val,test,train,test,train
Bacterialblight/BACTERIALBLIGHT1_186.jpg,train,train,train,train,train,train,train,test,train,test
Bacterialblight/BACTERIALBLIGHT1_187.jpg,train,train,train,train,test,train,train,train,test,train
Bacterialblight/BACTERIALBLIGHT1_188.jpg,train,train,train,train,train,train,train,test,train,test
Bacterialblight/BACTERIALBLIGHT1_189.jpg,test,train,train,val,train,val,val,train,train,test
Bacterialblight/BACTERIALBLIGHT1_190.jpg,train,train,train,train,train,train,train,train,train,test
Bacterialblight/BACTERIALBLIGHT1_191.jpg,train,test,train,val,val,test,train,train,train,train
Bacterialblight/BACTERIALBLIGHT1_192.jpg,val,train,test,train,train,train,test,train,train,train
Bacterialblight/BACTERIALBLIGHT1_193.jpg,train,train,train,train,train,train,train,test,val,train
Bacterialblight/BACTERIALBLIGHT1_194.jpg,train,val,train,train,train,train,train,train,train,train
Bacterialblight/BACTERIALBLIGHT1_195.jpg,train,train,val,val,train,train,train,test,train,train
Bacterialblight/BACTERIALBLIGHT1_196.jpg,test,train,train,test,train,train,train,train,train,train
Bacterialblight/BACTERIALBLIGHT1_197.jpg,train,test,train,test,train,test,train,train,train,test
Bacterialblight/BACTERIALBLIGHT1_198.jpg,test,test,train,train,train,test,test,train,train,train
Bacterialblight/BACTERIALBLIGHT1_199.jpg,train,train,test,train,train,train,test,val,test,test
Bacterialblight/BACTERIALBLIGHT1_200.jpg,train,train,train,train,train,train,train,train,train,train
Bacterialblight/BACTERIALBLIGHT1_201.jpg,train,test,train,train,train,train,train,train,train,train
Bacterialblight/BACTERIALBLIGHT1_202.jpg,train,train,train,train,train,train,test,test,train,train
Bacterialblight/BACTERIALBLIGHT1_203.JPG,test,train,train,train,train,train,test,train,train,train
Bacterialblight/BACTERIALBLIGHT1_204.JPG,test,test,val,test,train,train,train,train,train,train
Bacterialblight/BACTERIALBLIGHT1_205.JPG,train,test,val,train,val,train,train,train,train,train
Bacterialblight/BACTERIALBLIGHT1_206.JPG,test,train,test,train,test,train,train,train,test,test
Bacterialblight/BACTERIALBLIGHT1_207.jpg,train,train,test,train,train,train,train,train,train,train
Bacterialblight/BACTERIALBLIGHT1_208.jpg,train,test,train,test,test,test,train,train,train,val
Bacterialblight/BACTERIALBLIGHT1_209.jpg,train,train,train,train,train,train,val,val,test,test
Bacterialblight/BACTERIALBLIGHT1_210.jpg,train,test,train,train,train,train,test,train,test,val
Bacterialblight/BACTERIALBLIGHT1_211.jpg,train,test,train,train,train,train,train,test,train,train
Bacterialblight/BACTERIALBLIGHT1_212.jpg,train,test,train,train,train,train,val,train,train,train
Bacterialblight/BACTERIALBLIGHT1_213.jpg,val,val,train,train,train,train,train,train,train,train
Bacterialblight/BACTERIALBLIGHT1_214.jpg,train,train,train,test,train,test,train,train,train,train
Bacterialblight/BACTERIALBLIGHT1_215.jpg,train,train,train,train,train,test,train,train,train,train
Bacterialblight/BACTERIALBLIGHT1_216.jpg,train,train,train,train,test,train,train,test,train,test
Bacterialblight/BACTERIALBLIGHT1_217.jpg,train,test,train,train,train,train,test,test,train,val
Bacterialblight/BACTERIALBLIGHT1_218.jpg,test,test,test,test,train,train,val,train,train,train
Bacterialblight/BACTERIALBLIGHT1_219.jpg,test,train,train,train,val,train,train,train,train,train
Bacterialblight/BACTERIALBLIGHT1_220.jpg,train,train,train,train,train,train,train,train,train,train
Bacterialblight/BACTERIALBLIGHT1_221.jpg,train,test,train,train,train,val,val,train,train,train
Bacterialblight/BACTERIALBLIGHT1_222.jpg,train,train,train,train,train,train,test,test,test,train
Bacterialblight/BACTERIALBLIGHT1_223.jpg,test,val,test,train,train,test,train,test,val,test
Bacterialblight/BACTERIALBLIGHT1_224.jpg,train,train,train,test,val,train,test,val,test,train
Bacterialblight/BACTERIALBLIGHT1_225.jpg,train,val,train,test,val,test,train,train,train,train
Bacterialblight/BACTERIALBLIGHT1_226.jpg,train,train,train,train,train,test,train,val,train,train
Bacterialblight/BACTERIALBLIGHT1_227.jpg,test,test,train,train,val,train,train,train,train,train
Bacterialblight/BACTERIALBLIGHT1_228.JPG,test,val,train,train,train,train,test,train,train,val
Bacterialblight/BACTERIALBLIGHT1_229.JPG,train,train,train,test,train,test,test,val,train,train
Bacterialblight/BACTERIALBLIGHT1_230.JPG,train,train,train,test,train,val,train,train,train,train
Bacterialblight/BACTERIALBLIGHT1_231.JPG,test,train,train,train,train,train,train,train,train,train
Bacterialblight/BACTERIALBLIGHT1_232.JPG,train,train,train,train,train,train,train,test,train,train
Bacterialblight/BACTERIALBLIGHT1_233.JPG,val,train,test,val,train,test,train,train,train,train
Bacterialblight/BACTERIALBLIGHT1_234.JPG,test,train,test,train,train,train,test,train,train,test
Bacterialblight/BACTERIALBLIGHT1_235.JPG,val,train,train,train,val,train,train,train,val,val
Bacterialblight/BACTERIALBLIGHT1_236.JPG,val,train,train,train,train,train,test,test,val,train
Bacterialblight/BACTERIALBLIGHT1_237.JPG,train,val,train,test,train,train,train,train,train,train
Bacterialblight/BACTERIALBLIGHT1_238.JPG,train,val,test,train,val,train,train,val,train,val
Bacterialblight/BACTERIALBLIGHT1_239.JPG,val,train,train,test,train,train,train,train,train,test
Bacterialblight/BACTERIALBLIGHT1_240.JPG,train,val,val,train,train,train,train,train,train,train
Bacterialblight/BACTERIALBLIGHT1_241.JPG,train,test,val,train,val,val,train,train,train,train
Bacterialblight/BACTERIALBLIGHT1_242.JPG,train,test,train,train,train,val,val,train,test,val
Bacterialblight/BACTERIALBLIGHT1_243.JPG,train,train,test,test,train,train,train,train,train,train
Bacterialblight/BACTERIALBLIGHT1_244.jpg,train,train,test,test,train,test,train,train,train,test
Bacterialblight/BACTERIALBLIGHT1_245.jpg,train,val,train,test,train,train,train,train,train,train
Bacterialblight/BACTERIALBLIGHT1_246.jpg,train,train,test,train,test,val,train,train,train,train
Bacterialblight/BACTERIALBLIGHT1_247.jpg,val,train,train,train,train,val,train,test,val,train
Bacterialblight/BACTERIALBLIGHT1_248.jpg,train,train,train,test,train,test,test,test,train,train
Bacterialblight/BACTERIALBLIGHT1_249.jpg,train,test,train,train,test,train,train,test,test,train
Bacterialblight/BACTERIALBLIGHT1_250.jpg,test,test,test,train,train,train,train,train,train,train
Bacterialblight/BACTERIALBLIGHT1_251.jpg,train,train,train,train,train,train,train,train,train,train
Bacterialblight/BACTERIALBLIGHT1_252.jpg,test,train,train,test,train,test,train,train,train,train
Bacterialblight/BACTERIALBLIGHT1_253.jpg,train,train,train,train,test,test,train,train,train,train
Bacterialblight/BACTERIALBLIGHT1_254.jpg,train,train,train,train,train,train,test,test,test,test
Bacterialblight/BACTERIALBLIGHT1_255.jpg,train,test,train,train,test,train,train,test,train,val
Bacterialblight/BACTERIALBLIGHT1_256.jpg,train,test,val,test,test,train,train,train,val,train
Bacterialblight/BACTERIALBLIGHT1_257.jpg,train,train,train,train,val,train,train,train,train,train
Bacterialblight/BACTERIALBLIGHT1_258.jpg,test,train,train,train,test,train,train,train,train,train
Bacterialblight/BACTERIALBLIGHT1_259.jpg,train,train,test,train,test,train,train,test,val,train
Bacterialblight/BACTERIALBLIGHT1_260.jpg,train,val,train,train,train,test,train,test,train,test
Bacterialblight/BACTERIALBLIGHT1_261.jpg,train,train,train,val,test,test,test,test,train,train
Bacterialblight/BACTERIALBLIGHT1_262.jpg,train,val,train,train,train,test,train,test,train,test
Bacterialblight/BACTERIALBLIGHT1_263.jpg,train,train,train,test,test,train,train,val,train,train
Bacterialblight/BACTERIALBLIGHT1_264.jpg,train,train,train,train,train,test,train,val,val,train
Bacterialblight/BACTERIALBLIGHT2_001.jpg,train,val,test,train,train,train,train,train,train,train
Bacterialblight/BACTERIALBLIGHT2_002.jpg,train,test,train,train,val,test,train,test,train,train
Bacterialblight/BACTERIALBLIGHT2_003.jpg,test,train,test,train,train,val,train,train,test,train
Bacterialblight/BACTERIALBLIGHT2_004.jpg,train,train,train,test,test,train,train,train,val,train
Bacterialblight/BACTERIALBLIGHT2_005.jpg,train,train,val,train,train,train,train,train,train,train
Bacterialblight/BACTERIALBLIGHT2_006.jpg,train,train,val,val,test,test,train,train,train,train
Bacterialblight/BACTERIALBLIGHT2_007.jpg,test,train,test,val,train,test,test,test,val,test
Bacterialblight/BACTERIALBLIGHT2_008.jpg,test,test,train,train,train,train,val,train,val,test
Bacterialblight/BACTERIALBLIGHT2_009.jpg,train,train,test,train,train,train,train,test,test,test
Bacterialblight/BACTERIALBLIGHT2_010.jpg,train,train,test,train,train,train,train,train,train,val
Bacterialblight/BACTERIALBLIGHT2_011.jpg,test,train,val,test,train,train,train,train,train,test
Bacterialblight/BACTERIALBLIGHT2_012.jpg,train,train,test,test,train,test,test,train,train,train
Bacterialblight/BACTERIALBLIGHT2_013.jpg,train,train,test,test,test,train,test,train,train,test
Bacterialblight/BACTERIALBLIGHT2_014.jpg,test,train,train,test,train,test,train,train,train,train
Bacterialblight/BACTERIALBLIGHT2_015.jpg,train,val,train,train,train,train,train,train,train,train
Bacterialblight/BACTERIALBLIGHT2_016.jpg,train,test,train,train,val,test,val,test,train,train
Bacterialblight/BACTERIALBLIGHT2_017.jpg,train,train,test,test,train,train,train,train,train,train
Bacterialblight/BACTERIALBLIGHT2_018.jpg,train,train,train,train,train,val,train,train,train,train
Bacterialblight/BACTERIALBLIGHT2_019.jpg,train,train,train,train,train,train,val,train,train,train
Bacterialblight/BACTERIALBLIGHT2_020.jpg,train,train,train,val,val,test,val,train,train,train
Bacterialblight/BACTERIALBLIGHT2_021.jpg,train,val,train,train,train,train,test,train,train,train
Bacterialblight/BACTERIALBLIGHT2_022.jpg,train,train,train,train,train,test,test,val,train,train
Bacterialblight/BACTERIALBLIGHT2_023.jpg,train,train,train,test,test,val,train,train,train,test
Bacterialblight/BACTERIALBLIGHT2_024.jpg,train,train,train,test,test,val,train,train,test,test
Bacterialblight/BACTERIALBLIGHT2_025.jpg,train,train,train,train,test,train,train,train,train,val
Bacterialblight/BACTERIALBLIGHT2_026.jpg,test,train,train,train,train,train,train,train,train,train
Bacterialblight/BACTERIALBLIGHT2_027.jpg,test,train,train,train,train,train,train,val,val,val
Bacterialblight/BACTERIALBLIGHT2_028.jpg,test,train,val,train,val,train,train,val,train,val
Bacterialblight/BACTERIALBLIGHT2_029.jpg,test,train,val,train,train,train,train,train,test,test
Bacterialblight/BACTERIALBLIGHT2_030.jpg,test,train,train,test,train,test,train,test,train,train
Bacterialblight/BACTERIALBLIGHT2_031.jpg,train,train,val,test,train,train,train,train,test,train
Bacterialblight/BACTERIALBLIGHT2_032.jpg,test,train,train,test,test,test,train,train,train,test
Bacterialblight/BACTERIALBLIGHT2_033.jpg,train,test,train,test,train,train,val,train,train,train
Bacterialblight/BACTERIALBLIGHT2_034.jpg,train,test,test,test,train,train,val,test,test,train
Bacterialblight/BACTERIALBLIGHT2_035.jpg,train,train,val,train,train,test,train,test,val,val
Bacterialblight/BACTERIALBLIGHT2_036.jpg,train,test,val,train,train,train,test,test,test,test
Bacterialblight/BACTERIALBLIGHT2_037.jpg,test,train,test,train,test,val,train,test,train,train
Bacterialblight/BACTERIALBLIGHT2_038.jpg,train,train,train,train,train,train,train,train,train,train
Bacterialblight/BACTERIALBLIGHT2_039.jpg,train,train,train,train,val,train,train,train,train,train
Bacterialblight/BACTERIALBLIGHT2_040.jpg,train,train,train,train,train,train,test,train,train,train
Bacterialblight/BACTERIALBLIGHT2_041.jpg,train,train,train,train,test,train,train,train,train,train
Bacterialblight/BACTERIALBLIGHT2_042.jpg,val,test,val,train,train,train,train,train,test,train
Bacterialblight/BACTERIALBLIGHT2_043.jpg,train,train,train,val,train,train,test,train,train,train
Bacterialblight/BACTERIALBLIGHT2_044.jpg,val,train,train,train,train,test,train,val,train,train
Bacterialblight/BACTERIALBLIGHT2_045.jpg,train,train,test,train,train,train,test,train,train,train
Bacterialblight/BACTERIALBLIGHT2_046.jpg,test,test,train,test,train,train,train,train,train,train
Bacterialblight/BACTERIALBLIGHT2_047.jpg,train,test,test,test,train,train,train,train,train,train
Bacterialblight/BACTERIALBLIGHT2_048.jpg,train,test,train,train,val,test,train,test,train,train
Bacterialblight/BACTERIALBLIGHT2_049.jpg,test,train,train,test,test,train,train,train,val,train
Bacterialblight/BACTERIALBLIGHT2_050.jpg,train,train,train,train,train,train,train,train,train,train
Bacterialblight/BACTERIALBLIGHT2_051.jpg,train,train,val,train,train,train,train,train,val,train
Bacterialblight/BACTERIALBLIGHT2_052.jpg,train,train,test,train,val,train,train,train,train,val
Bacterialblight/BACTERIALBLIGHT2_053.jpg,val,test,test,train,train,val,train,train,train,train
Bacterialblight/BACTERIALBLIGHT2_054.jpg,train,train,train,val,test,val,val,test,test,train
Bacterialblight/BACTERIALBLIGHT2_055.jpg,test,train,train,train,train,test,test,train,train,train
Bacterialblight/BACTERIALBLIGHT2_056.jpg,train,val,train,train,val,train,test,train,train,val
Bacterialblight/BACTERIALBLIGHT2_057.jpg,test,train,train,train,train,train,train,train,test,test
Bacterialblight/BACTERIALBLIGHT2_058.jpg,train,test,train,train,train,val,test,train,train,train
Bacterialblight/BACTERIALBLIGHT2_059.jpg,train,train,train,train,val,train,train,val,train,val
Bacterialblight/BACTERIALBLIGHT2_060.jpg,val,test,train,train,train,test,train,train,train,test
Bacterialblight/BACTERIALBLIGHT2_061.jpg,train,train,train,train,train,train,test,train,test,train
Bacterialblight/BACTERIALBLIGHT2_062.jpg,train,train,train,val,test,train,train,train,test,train
Bacterialblight/BACTERIALBLIGHT2_063.jpg,train,val,test,test,test,train,test,train,train,train
Bacterialblight/BACTERIALBLIGHT2_064.jpg,train,train,train,train,test,train,train,test,val,val
Bacterialblight/BACTERIALBLIGHT2_065.jpg,val,train,train,train,train,train,val,train,train,test
Bacterialblight/BACTERIALBLIGHT2_066.jpg,train,train,train,train,val,train,train,test,train,val
Bacterialblight/BACTERIALBLIGHT2_067.jpg,train,train,train,train,train,train,train,test,train,train
Bacterialblight/BACTERIALBLIGHT2_068.jpg,train,train,train,train,train,val,train,train,train,train
Bacterialblight/BACTERIALBLIGHT2_069.jpg,test,train,train,train,train,train,train,train,train,train
Bacterialblight/BACTERIALBLIGHT2_070.jpg,test,test,train,train,train,train,train,train,train,train
Bacterialblight/BACTERIALBLIGHT2_071.jpg,train,train,val,train,train,train,test,train,train,test
Bacterialblight/BACTERIALBLIGHT2_072.jpg,train,test,train,test,test,train,train,train,train,train
Bacterialblight/BACTERIALBLIGHT2_073.jpg,test,val,train,train,train,train,train,train,test,train
Bacterialblight/BACTERIALBLIGHT2_074.jpg,val,train,train,train,test,test,train,train,test,test
Bacterialblight/BACTERIALBLIGHT2_075.jpg,val,train,train,train,train,val,train,train,train,train
Bacterialblight/BACTERIALBLIGHT2_076.jpg,train,train,test,val,test,train,val,test,val,test
Bacterialblight/BACTERIALBLIGHT2_077.jpg,val,train,test,train,train,train,train,train,test,train
Bacterialblight/BACTERIALBLIGHT2_078.jpg,train,train,train,train,test,train,test,train,train,train
Bacterialblight/BACTERIALBLIGHT2_079.JPG,test,train,test,val,train,test,train,test,train,test
Bacterialblight/BACTERIALBLIGHT2_080.jpg,val,val,test,val,test,train,train,train,train,train
Bacterialblight/BACTERIALBLIGHT2_081.JPG,train,train,train,train,train,train,train,test,test,test
Bacterialblight/BACTERIALBLIGHT2_082.jpg,train,train,train,val,train,test,train,train,val,train
Bacterialblight/BACTERIALBLIGHT2_083.jpg,train,train,val,test,train,train,val,train,train,test
Bacterialblight/BACTERIALBLIGHT2_084.jpg,train,train,test,train,train,test,train,train,train,test
Bacterialblight/BACTERIALBLIGHT2_085.jpg,test,train,val,test,train,train,test,train,test,test
Bacterialblight/BACTERIALBLIGHT2_086.jpg,train,train,train,train,train,test,train,train,train,test
Bacterialblight/BACTERIALBLIGHT2_087.jpg,train,val,val,train,test,train,val,train,train,train
Bacterialblight/BACTERIALBLIGHT2_088.jpg,test,train,val,train,train,test,test,train,test,test
Bacterialblight/BACTERIALBLIGHT2_089.jpg,test,train,train,test,test,train,test,train,train,train
Bacterialblight/BACTERIALBLIGHT2_090.jpg,train,train,train,train,val,test,train,train,test,test
Bacterialblight/BACTERIALBLIGHT2_091.jpg,train,train,train,train,test,train,val,train,val,train
Bacterialblight/BACTERIALBLIGHT2_092.jpg,train,train,val,train,val,train,train,train,train,train
Bacterialblight/BACTERIALBLIGHT2_093.jpg,train,val,train,train,test,train,train,train,train,train
Bacterialblight/BACTERIALBLIGHT2_094.jpg,train,train,test,train,train,train,train,train,train,train
Bacterialblight/BACTERIALBLIGHT2_095.jpg,test,train,train,test,test,val,train,train,test,test
Bacterialblight/BACTERIALBLIGHT2_096.jpg,train,train,train,train,test,train,train,test,train,train
Bacterialblight/BACTERIALBLIGHT2_097.jpg,test,train,train,train,val,train,train,train,test,val
Bacterialblight/BACTERIALBLIGHT2_098.jpg,val,train,train,train,train,test,train,train,train,train
Bacterialblight/BACTERIALBLIGHT2_099.jpg,test,train,train,train,train,train,train,train,train,train
Bacterialblight/BACTERIALBLIGHT2_100.jpg,val,train,train,train,train,train,train,train,test,train
Bacterialblight/BACTERIALBLIGHT2_101.jpg,train,train,train,train,train,train,train,train,train,test
Bacterialblight/BACTERIALBLIGHT2_102.jpg,train,train,train,train,train,train,train,train,train,train
Bacterialblight/BACTERIALBLIGHT2_103.jpg,train,train,train,test,test,test,test,test,train,train
Bacterialblight/BACTERIALBLIGHT2_104.jpg,train,train,test,train,train,test,train,train,train,train
Bacterialblight/BACTERIALBLIGHT2_105.jpg,val,train,test,test,train,test,train,train,test,test
Bacterialblight/BACTERIALBLIGHT2_106.jpg,train,test,train,train,test,test,train,train,val,test
Bacterialblight/BACTERIALBLIGHT2_107.JPG,test,test,val,test,train,train,val,test,train,train
Bacterialblight/BACTERIALBLIGHT2_108.JPG,test,test,train,val,train,train,train,train,train,train
Bacterialblight/BACTERIALBLIGHT2_109.JPG,val,test,train,train,test,train,train,test,train,test
Bacterialblight/BACTERIALBLIGHT2_110.JPG,test,train,train,train,train,train,val,train,train,train
Bacterialblight/BACTERIALBLIGHT2_111.jpg,train,train,train,train,train,train,train,train,train,train
Bacterialblight/BACTERIALBLIGHT2_112.jpg,test,test,train,train,train,train,val,train,train,train
Bacterialblight/BACTERIALBLIGHT2_113.jpg,val,train,train,train,train,train,train,train,train,train
Bacterialblight/BACTERIALBLIGHT2_114.jpg,test,test,val,train,val,train,train,train,val,test
Bacterialblight/BACTERIALBLIGHT2_115.jpg,train,test,train,train,val,train,train,train,train,train
Bacterialblight/BACTERIALBLIGHT2_116.jpg,train,train,train,train,train,train,test,train,val,train
Bacterialblight/BACTERIALBLIGHT2_117.jpg,train,train,train,train,val,test,test,val,train,train
Bacterialblight/BACTERIALBLIGHT2_118.jpg,test,train,val,train,train,train,train,train,test,train
Bacterialblight/BACTERIALBLIGHT2_119.jpg,train,test,train,test,train,train,train,train,train,train
Bacterialblight/BACTERIALBLIGHT2_120.jpg,train,val,train,train,train,train,test,train,train,val
Bacterialblight/BACTERIALBLIGHT2_121.jpg,val,test,train,train,train,test,test,test,train,train
Bacterialblight/BACTERIALBLIGHT2_122.jpg,train,train,train,train,test,train,train,train,train,train
Bacterialblight/BACTERIALBLIGHT2_123.jpg,train,train,val,train,test,train,train,train,train,train
Bacterialblight/BACTERIALBLIGHT2_124.jpg,train,train,train,test,test,train,train,train,test,val
Bacterialblight/BACTERIALBLIGHT2_125.jpg,train,train,train,train,train,train,train,train,train,val
Bacterialblight/BACTERIALBLIGHT2_126.jpg,val,train,train,train,train,train,val,test,train,train
Bacterialblight/BACTERIALBLIGHT2_127.jpg,train,train,val,val,train,val,train,test,test,train
Bacterialblight/BACTERIALBLIGHT2_128.jpg,train,test,train,test,test,test,train,train,train,train
Bacterialblight/BACTERIALBLIGHT2_129.jpg,val,val,train,train,train,train,train,train,train,val
Bacterialblight/BACTERIALBLIGHT2_130.jpg,train,train,test,val,test,train,train,val,val,train
Bacterialblight/BACTERIALBLIGHT2_131.jpg,train,test,train,train,test,val,train,train,test,train
Bacterialblight/BACTERIALBLIGHT2_132.JPG,train,train,train,train,train,val,train,train,train,train
Bacterialblight/BACTERIALBLIGHT2_133.JPG,train,test,train,train,val,test,train,train,test,test
Bacterialblight/BACTERIALBLIGHT2_134.JPG,train,train,test,train,train,test,val,train,train,train
Bacterialblight/BACTERIALBLIGHT2_135.JPG,train,train,train,val,train,train,train,train,train,train
Bacterialblight/BACTERIALBLIGHT2_136.JPG,train,train,train,train,train,train,train,train,train,test
Bacterialblight/BACTERIALBLIGHT2_137.JPG,train,train,train,train,train,train,train,test,val,val
Bacterialblight/BACTERIALBLIGHT2_138.JPG,test,train,train,train,test,train,train,train,train,train
Bacterialblight/BACTERIALBLIGHT2_139.JPG,train,train,train,train,train,train,train,test,train,train
Bacterialblight/BACTERIALBLIGHT2_140.JPG,train,val,train,train,train,test,train,train,train,train
Bacterialblight/BACTERIALBLIGHT2_141.JPG,train,train,train,train,train,train,train,test,train,train
Bacterialblight/BACTERIALBLIGHT2_142.JPG,train,train,val,test,train,train,val,val,train,test
Bacterialblight/BACTERIALBLIGHT2_143.JPG,test,train,train,train,val,train,val,train,train,test
Bacterialblight/BACTERIALBLIGHT2_144.JPG,train,train,test,val,train,test,test,train,train,val
Bacterialblight/BACTERIALBLIGHT2_145.JPG,train,test,train,train,test,val,test,train,train,val
Bacterialblight/BACTERIALBLIGHT2_146.JPG,train,val,train,train,train,train,train,train,train,train
Bacterialblight/BACTERIALBLIGHT2_147.jpg,train,test,train,val,train,train,val,train,train,test
Bacterialblight/BACTERIALBLIGHT2_148.jpg,test,val,train,test,test,train,train,train,test,train
Bacterialblight/BACTERIALBLIGHT2_149.jpg,train,train,train,val,train,val,train,test,train,test
Bacterialblight/BACTERIALBLIGHT2_150.jpg,train,test,train,train,train,test,train,train,train,val
Bacterialblight/BACTERIALBLIGHT2_151.jpg,train,train,test,train,train,train,train,train,train,test
Bacterialblight/BACTERIALBLIGHT2_152.jpg,train,test,train,train,train,train,train,train,train,train
Bacterialblight/BACTERIALBLIGHT2_153.jpg,test,train,train,train,train,train,val,train,train,train
Bacterialblight/BACTERIALBLIGHT2_154.jpg,val,train,val,train,train,train,train,train,train,train
Bacterialblight/BACTERIALBLIGHT2_155.jpg,train,train,train,train,val,train,train,train,train,train
Bacterialblight/BACTERIALBLIGHT2_156.jpg,train,test,train,test,train,train,train,train,train,train
Bacterialblight/BACTERIALBLIGHT2_157.jpg,test,val,train,train,train,train,val,train,val,val
Bacterialblight/BACTERIALBLIGHT2_158.jpg,val,test,test,train,train,test,train,test,val,train
Bacterialblight/BACTERIALBLIGHT2_159.jpg,train,train,test,train,train,train,train,train,train,train
Bacterialblight/BACTERIALBLIGHT2_160.jpg,test,train,test,train,train,train,train,train,train,train
Bacterialblight/BACTERIALBLIGHT2_161.jpg,train,train,train,test,train,train,train,train,train,val
Bacterialblight/BACTERIALBLIGHT2_162.jpg,train,train,train,train,train,train,train,test,val,train
Bacterialblight/BACTERIALBLIGHT2_163.jpg,train,train,test,val,train,val,train,test,test,train
Bacterialblight/BACTERIALBLIGHT2_164.jpg,test,train,val,test,train,train,train,train,train,test
Bacterialblight/BACTERIALBLIGHT2_165.jpg,train,test,val,val,train,test,train,val,train,test
Bacterialblight/BACTERIALBLIGHT2_166.jpg,train,test,val,test,train,test,test,train,val,train
Bacterialblight/BACTERIALBLIGHT2_167.jpg,train,train,train,val,train,train,train,val,test,train
Bacterialblight/BACTERIALBLIGHT2_168.jpg,train,train,val,test,train,train,test,train,test,test
Bacterialblight/BACTERIALBLIGHT2_169.jpg,test,train,val,test,train,test,val,train,train,train
Bacterialblight/BACTERIALBLIGHT2_170.jpg,test,train,test,train,test,train,test,test,test,test
Bacterialblight/BACTERIALBLIGHT2_171.jpg,train,test,train,train,val,test,train,test,train,train
Bacterialblight/BACTERIALBLIGHT2_172.jpg,train,train,val,train,test,test,val,train,train,val
Bacterialblight/BACTERIALBLIGHT2_173.jpg,train,train,train,test,train,train,train,train,train,train
Bacterialblight/BACTERIALBLIGHT2_174.jpg,val,train,train,train,train,val,train,train,train,train
Bacterialblight/BACTERIALBLIGHT2_175.jpg,train,train,train,val,train,test,train,train,train,train
Bacterialblight/BACTERIALBLIGHT2_176.jpg,train,train,train,train,train,train,train,train,train,val
Bacterialblight/BACTERIALBLIGHT2_177.JPG,train,test,train,train,val,train,train,train,train,test
Bacterialblight/BACTERIALBLIGHT2_178.jpg,train,train,train,val,test,test,test,train,train,train
Bacterialblight/BACTERIALBLIGHT2_179.JPG,train,train,train,train,train,train,test,train,train,val
Bacterialblight/BACTERIALBLIGHT2_180.jpg,val,train,train,train,train,train,test,test,test,test
Bacterialblight/BACTERIALBLIGHT2_181.jpg,train,train,train,test,test,test,train,train,train,train
Bacterialblight/BACTERIALBLIGHT2_182.jpg,test,train,test,train,test,train,train,test,train,test
Bacterialblight/BACTERIALBLIGHT2_183.jpg,test,test,train,train,train,test,train,test,train,train
Bacterialblight/BACTERIALBLIGHT2_184.jpg,test,train,train,train,test,train,train,test,train,test
Bacterialblight/BACTERIALBLIGHT2_185.jpg,test,train,val,train,test,val,train,train,train,train
Bacterialblight/BACTERIALBLIGHT2_186.jpg,train,train,train,train,train,train,test,test,val,test
Bacterialblight/BACTERIALBLIGHT2_187.jpg,train,train,train,val,train,test,test,train,train,train
Bacterialblight/BACTERIALBLIGHT2_188.jpg,train,train,train,train,train,train,train,train,train,train
Bacterialblight/BACTERIALBLIGHT2_189.jpg,train,train,train,train,train,test,val,val,train,train
Bacterialblight/BACTERIALBLIGHT2_190.jpg,train,train,test,val,train,train,val,train,val,train
Bacterialblight/BACTERIALBLIGHT2_191.jpg,train,train,train,test,train,val,train,train,test,test
Bacterialblight/BACTERIALBLIGHT2_192.jpg,train,train,test,train,train,val,train,train,train,train
Bacterialblight/BACTERIALBLIGHT2_193.jpg,train,train,train,train,train,train,train,train,train,train
Bacterialblight/BACTERIALBLIGHT2_194.jpg,train,test,train,train,train,val,train,train,test,test
Bacterialblight/BACTERIALBLIGHT2_195.jpg,train,train,train,train,train,train,test,val,test,val
Bacterialblight/BACTERIALBLIGHT2_196.jpg,val,train,train,train,train,test,train,test,test,train
Bacterialblight/BACTERIALBLIGHT2_197.jpg,train,train,train,train,train,test,train,train,test,test
Bacterialblight/BACTERIALBLIGHT2_198.jpg,val,train,train,train,val,train,train,test,val,train
Bacterialblight/BACTERIALBLIGHT2_199.jpg,val,train,val,test,train,train,train,train,train,train
Bacterialblight/BACTERIALBLIGHT2_200.jpg,train,train,train,train,train,test,test,train,train,train
Bacterialblight/BACTERIALBLIGHT2_201.jpg,test,test,train,test,train,train,train,train,train,train
Bacterialblight/BACTERIALBLIGHT2_202.jpg,train,test,train,train,test,test,train,train,train,test
Bacterialblight/BACTERIALBLIGHT2_203.JPG,train,train,train,train,train,test,train,test,val,val
Bacterialblight/BACTERIALBLIGHT2_204.JPG,test,train,train,val,train,train,train,train,train,train
Bacterialblight/BACTERIALBLIGHT2_205.JPG,test,train,train,train,train,val,test,test,train,train
Bacterialblight/BACTERIALBLIGHT2_206.JPG,val,train,train,train,val,test,train,train,train,train
Bacterialblight/BACTERIALBLIGHT2_207.jpg,train,train,train,train,train,train,train,train,train,train
Bacterialblight/BACTERIALBLIGHT2_208.jpg,val,train,test,train,train,train,train,train,test,train
Bacterialblight/BACTERIALBLIGHT2_209.jpg,train,val,train,train,train,train,train,train,train,train
Bacterialblight/BACTERIALBLIGHT2_210.jpg,test,train,train,train,train,train,train,test,train,train
Bacterialblight/BACTERIALBLIGHT2_211.jpg,train,train,train,val,val,train,train,train,train,train
Bacterialblight/BACTERIALBLIGHT2_212.jpg,train,train,train,train,train,train,train,val,train,test
Bacterialblight/BACTERIALBLIGHT2_213.jpg,train,train,train,train,test,train,train,train,test,train
Bacterialblight/BACTERIALBLIGHT2_214.jpg,train,test,train,train,val,train,train,train,test,train
Bacterialblight/BACTERIALBLIGHT2_215.jpg,train,test,train,test,train,train,train,train,train,train
Bacterialblight/BACTERIALBLIGHT2_216.jpg,test,test,train,train,train,train,train,train,train,train
Bacterialblight/BACTERIALBLIGHT2_217.jpg,val,train,train,test,val,train,test,train,train,train
Bacterialblight/BACTERIALBLIGHT2_218.jpg,train,test,val,val,train,train,train,val,train,train
Bacterialblight/BACTERIALBLIGHT2_219.jpg,train,train,val,train,train,train,train,train,train,train
Bacterialblight/BACTERIALBLIGHT2_220.jpg,test,train,val,train,train,test,train,train,train,val
Bacterialblight/BACTERIALBLIGHT2_221.jpg,train,test,test,train,test,val,train,train,test,train
Bacterialblight/BACTERIALBLIGHT2_222.jpg,test,train,train,train,train,train,test,test,val,train
Bacterialblight/BACTERIALBLIGHT2_223.jpg,train,train,test,train,test,test,train,train,test,train
Bacterialblight/BACTERIALBLIGHT2_224.jpg,test,train,train,train,train,test,test,test,train,train
Bacterialblight/BACTERIALBLIGHT2_225.jpg,train,train,train,train,train,train,train,train,train,test
Bacterialblight/BACTERIALBLIGHT2_226.jpg,test,val,train,train,test,train,train,train,val,train
Bacterialblight/BACTERIALBLIGHT2_227.jpg,train,train,train,train,train,train,train,val,train,val
Bacterialblight/BACTERIALBLIGHT2_228.JPG,train,train,train,test,train,train,train,train,test,train
Bacterialblight/BACTERIALBLIGHT2_229.JPG,train,train,train,train,train,train,train,train,test,train
Bacterialblight/BACTERIALBLIGHT2_230.JPG,val,train,test,test,train,train,train,train,train,train
Bacterialblight/BACTERIALBLIGHT2_231.JPG,test,val,test,test,val,train,test,train,test,train
Bacterialblight/BACTERIALBLIGHT2_232.JPG,train,train,train,train,test,val,train,train,val,train
Bacterialblight/BACTERIALBLIGHT2_233.JPG,train,train,train,train,train,train,train,train,train,test
Bacterialblight/BACTERIALBLIGHT2_234.JPG,val,train,train,train,train,train,train,train,train,train
Bacterialblight/BACTERIALBLIGHT2_235.JPG,train,train,train,train,test,val,train,train,test,train
Bacterialblight/BACTERIALBLIGHT2_236.JPG,test,train,train,train,val,test,train,train,test,val
Bacterialblight/BACTERIALBLIGHT2_237.JPG,train,train,train,val,train,train,val,train,train,train
Bacterialblight/BACTERIALBLIGHT2_238.JPG,train,test,test,train,train,train,val,train,train,train
Bacterialblight/BACTERIALBLIGHT2_239.JPG,train,train,train,test,train,train,train,val,val,test
Bacterialblight/BACTERIALBLIGHT2_240.JPG,train,test,train,test,train,train,train,train,train,train
Bacterialblight/BACTERIALBLIGHT2_241.JPG,test,train,test,train,val,test,train,train,train,val
Bacterialblight/BACTERIALBLIGHT2_242.JPG,train,test,train,train,test,val,train,train,val,val
Bacterialblight/BACTERIALBLIGHT2_243.JPG,val,test,train,train,train,train,val,train,test,test
Bacterialblight/BACTERIALBLIGHT2_244.jpg,train,val,val,train,train,train,train,train,train,test
Bacterialblight/BACTERIALBLIGHT2_245.jpg,train,train,train,train,train,val,train,train,train,train
Bacterialblight/BACTERIALBLIGHT2_246.jpg,train,test,val,train,train,train,train,train,test,train
Bacterialblight/BACTERIALBLIGHT2_247.jpg,val,train,test,train,test,train,train,val,test,train
Bacterialblight/BACTERIALBLIGHT2_248.jpg,train,train,train,train,train,train,test,train,val,train
Bacterialblight/BACTERIALBLIGHT2_249.jpg,train,train,train,val,train,train,train,train,train,train
Bacterialblight/BACTERIALBLIGHT2_250.jpg,val,train,train,train,train,train,test,val,train,test
Bacterialblight/BACTERIALBLIGHT2_251.jpg,val,train,test,train,test,test,train,val,train,train
Bacterialblight/BACTERIALBLIGHT2_252.jpg,train,test,test,train,train,train,train,train,train,train
Bacterialblight/BACTERIALBLIGHT2_253.jpg,train,test,val,test,train,train,train,train,train,train
Bacterialblight/BACTERIALBLIGHT2_254.jpg,train,test,val,train,train,train,train,train,val,train
Bacterialblight/BACTERIALBLIGHT2_255.jpg,train,train,train,test,train,train,train,train,train,train
Bacterialblight/BACTERIALBLIGHT2_256.jpg,test,test,test,val,train,train,train,val,train,train
Bacterialblight/BACTERIALBLIGHT2_257.jpg,train,train,test,train,test,train,train,train,train,train
Bacterialblight/BACTERIALBLIGHT2_258.jpg,train,train,train,train,train,test,train,train,train,val
Bacterialblight/BACTERIALBLIGHT2_259.jpg,train,train,train,train,train,train,train,test,test,train
Bacterialblight/BACTERIALBLIGHT2_260.jpg,val,train,train,train,train,test,test,train,test,train
Bacterialblight/BACTERIALBLIGHT2_261.jpg,test,train,val,test,train,train,train,val,train,train
Bacterialblight/BACTERIALBLIGHT2_262.jpg,train,test,train,val,train,train,test,train,train,train
Bacterialblight/BACTERIALBLIGHT2_263.jpg,train,train,val,train,train,test,train,test,train,train
Bacterialblight/BACTERIALBLIGHT2_264.jpg,train,val,train,train,train,train,train,train,train,train
Bacterialblight/BACTERIALBLIGHT_001.jpg,train,test,train,train,test,test,val,test,train,train
Bacterialblight/BACTERIALBLIGHT_002.jpg,train,val,train,train,train,train,test,train,test,train
Bacterialblight/BACTERIALBLIGHT_003.jpg,val,train,train,test,val,train,train,train,train,train
Bacterialblight/BACTERIALBLIGHT_004.jpg,train,train,train,train,train,val,train,train,train,train
Bacterialblight/BACTERIALBLIGHT_005.jpg,train,train,test,val,val,test,train,train,train,train
Bacterialblight/BACTERIALBLIGHT_006.jpg,train,train,train,train,train,train,train,train,train,train
Bacterialblight/BACTERIALBLIGHT_007.jpg,test,test,train,train,train,train,train,train,test,test
Bacterialblight/BACTERIALBLIGHT_008.jpg,train,train,test,val,train,test,val,test,val,test
Bacterialblight/BACTERIALBLIGHT_009.jpg,val,train,train,train,train,train,train,train,val,val
Bacterialblight/BACTERIALBLIGHT_010.jpg,test,train,train,train,test,train,train,test,train,test
Bacterialblight/BACTERIALBLIGHT_011.jpg,train,train,train,test,test,test,train,train,test,train
Bacterialblight/BACTERIALBLIGHT_012.jpg,val,train,test,test,test,train,test,train,train,test
Bacterialblight/BACTERIALBLIGHT_013.jpg,train,train,train,test,train,test,train,train,val,train
Bacterialblight/BACTERIALBLIGHT_014.jpg,train,train,train,test,train,train,train,train,test,test
Bacterialblight/BACTERIALBLIGHT_015.jpg,test,test,train,train,train,test,train,test,train,train
Bacterialblight/BACTERIALBLIGHT_016.jpg,test,val,test,train,test,train,train,train,train,train
Bacterialblight/BACTERIALBLIGHT_017.jpg,train,train,train,train,train,val,test,train,test,train
Bacterialblight/BACTERIALBLIGHT_018.jpg,train,train,train,test,train,train,train,train,test,train
Bacterialblight/BACTERIALBLIGHT_019.jpg,train,train,train,val,train,test,train,train,test,train
Bacterialblight/BACTERIALBLIGHT_020.jpg,test,train,train,train,val,train,train,train,test,train
Bacterialblight/BACTERIALBLIGHT_021.jpg,val,train,train,train,train,test,train,val,train,train
Bacterialblight/BACTERIALBLIGHT_022.jpg,test,val,test,train,train,train,train,train,test,train
Bacterialblight/BACTERIALBLIGHT_023.jpg,test,train,train,test,val,val,train,train,test,test
Bacterialblight/BACTERIALBLIGHT_024.jpg,train,train,train,test,train,val,train,train,val,test
Bacterialblight/BACTERIALBLIGHT_025.jpg,train,train,test,train,train,train,train,train,val,train
Bacterialblight/BACTERIALBLIGHT_026.jpg,train,train,train,train,train,train,train,val,train,val
Bacterialblight/BACTERIALBLIGHT_027.jpg,train,train,train,train,train,train,train,train,train,train
Bacterialblight/BACTERIALBLIGHT_028.jpg,val,train,train,train,test,test,train,train,train,test
Bacterialblight/BACTERIALBLIGHT_029.jpg,train,train,train,train,train,test,train,train,train,test
Bacterialblight/BACTERIALBLIGHT_030.jpg,train,train,test,test,train,train,test,train,train,train
Bacterialblight/BACTERIALBLIGHT_031.jpg,train,train,test,test,val,test,train,test,test,train
Bacterialblight/BACTERIALBLIGHT_032.jpg,train,test,train,test,train,train,train,train,val,train
Bacterialblight/BACTERIALBLIGHT_033.jpg,train,train,train,test,train,test,train,train,train,test
Bacterialblight/BACTERIALBLIGHT_034.jpg,train,train,test,train,train,test,test,test,train,val
Bacterialblight/BACTERIALBLIGHT_035.jpg,train,test,train,test,train,train,train,test,train,train
Bacterialblight/BACTERIALBLIGHT_036.jpg,train,train,train,train,train,val,train,test,test,train
Bacterialblight/BACTERIALBLIGHT_037.jpg,train,test,test,train,test,train,test,test,train,test
Bacterialblight/BACTERIALBLIGHT_038.jpg,test,train,train,train,train,train,test,train,train,train
Bacterialblight/BACTERIALBLIGHT_039.jpg,train,train,train,train,train,train,val,train,test,train
Bacterialblight/BACTERIALBLIGHT_040.jpg,train,val,train,train,test,train,train,train,test,train
Bacterialblight/BACTERIALBLIGHT_041.jpg,train,val,train,train,test,train,train,train,train,train
Bacterialblight/BACTERIALBLIGHT_042.jpg,train,train,train,val,train,train,train,train,train,train
Bacterialblight/BACTERIALBLIGHT_043.jpg,train,test,train,train,train,train,train,train,val,train
Bacterialblight/BACTERIALBLIGHT_044.jpg,train,train,train,train,test,train,train,train,test,train
Bacterialblight/BACTERIALBLIGHT_045.jpg,test,train,test,train,train,test,train,val,train,train
Bacterialblight/BACTERIALBLIGHT_046.jpg,train,test,val,test,train,train,train,train,val,train
Bacterialblight/BACTERIALBLIGHT_047.jpg,val,test,train,test,train,train,train,train,val,train
Bacterialblight/BACTERIALBLIGHT_048.jpg,train,train,train,test,train,train,train,train,train,train
Bacterialblight/BACTERIALBLIGHT_049.jpg,train,test,train,train,test,test,train,test,train,train
Bacterialblight/BACTERIALBLIGHT_050.jpg,train,train,val,train,train,train,val,train,val,train
Bacterialblight/BACTERIALBLIGHT_051.jpg,train,train,train,train,val,train,train,train,test,train
Bacterialblight/BACTERIALBLIGHT_052.jpg,train,test,test,train,train,val,train,train,test,train
Bacterialblight/BACTERIALBLIGHT_053.jpg,train,train,train,train,train,train,train,train,train,val
Bacterialblight/BACTERIALBLIGHT_054.jpg,train,train,val,train,train,test,train,train,train,train
Bacterialblight/BACTERIALBLIGHT_055.jpg,train,train,test,val,train,val,train,test,train,train
Bacterialblight/BACTERIALBLIGHT_056.jpg,train,train,train,train,train,train,val,train,val,test
Bacterialblight/BACTERIALBLIGHT_057.jpg,val,val,test,train,val,train,val,train,test,val
Bacterialblight/BACTERIALBLIGHT_058.jpg,val,train,test,train,train,train,val,val,train,val
Bacterialblight/BACTERIALBLIGHT_059.jpg,test,test,train,train,train,val,test,train,train,train
Bacterialblight/BACTERIALBLIGHT_060.jpg,train,train,train,train,train,train,train,train,train,train
Bacterialblight/BACTERIALBLIGHT_061.jpg,train,test,test,train,train,test,train,train,test,test
Bacterialblight/BACTERIALBLIGHT_062.jpg,val,val,test,test,train,train,train,train,test,train
Bacterialblight/BACTERIALBLIGHT_063.jpg,train,train,train,val,train,train,test,train,test,train
Bacterialblight/BACTERIALBLIGHT_064.jpg,val,train,train,train,train,train,train,train,train,test
Bacterialblight/BACTERIALBLIGHT_065.jpg,train,train,train,train,train,train,train,test,val,val
Bacterialblight/BACTERIALBLIGHT_066.jpg,train,train,train,train,test,train,train,train,val,test
Bacterialblight/BACTERIALBLIGHT_067.jpg,val,train,train,train,train,val,test,train,train,train
Bacterialblight/BACTERIALBLIGHT_068.jpg,test,train,train,train,test,train,train,test,val,train
Bacterialblight/BACTERIALBLIGHT_069.jpg,train,test,train,train,train,train,train,train,train,train
Bacterialblight/BACTERIALBLIGHT_070.jpg,val,train,test,train,test,train,train,train,test,train
Bacterialblight/BACTERIALBLIGHT_071.jpg,train,test,test,test,train,train,test,train,train,train
Bacterialblight/BACTERIALBLIGHT_072.jpg,val,train,train,train,train,train,train,train,test,test
Bacterialblight/BACTERIALBLIGHT_073.jpg,val,test,train,train,train,test,val,test,val,train
Bacterialblight/BACTERIALBLIGHT_074.jpg,train,train,train,train,train,train,train,test,test,test
Bacterialblight/BACTERIALBLIGHT_075.jpg,train,train,train,test,train,train,train,train,test,train
Bacterialblight/BACTERIALBLIGHT_076.jpg,train,train,test,train,train,test,test,train,train,val
Bacterialblight/BACTERIALBLIGHT_077.jpg,test,train,train,val,test,test,train,train,train,train
Bacterialblight/BACTERIALBLIGHT_078.jpg,train,train,train,train,val,val,train,train,test,train
Bacterialblight/BACTERIALBLIGHT_079.JPG,train,test,train,train,test,train,test,train,train,test
Bacterialblight/BACTERIALBLIGHT_080.jpg,train,train,train,train,test,train,test,train,test,val
Bacterialblight/BACTERIALBLIGHT_081.JPG,train,train,train,train,train,train,train,train,val,val
Bacterialblight/BACTERIALBLIGHT_082.jpg,train,train,train,val,train,test,train,train,val,train
Bacterialblight/BACTERIALBLIGHT_083.jpg,train,train,train,test,train,test,train,train,train,train
Bacterialblight/BACTERIALBLIGHT_084.jpg,test,train,train,train,train,train,test,test,train,test
Bacterialblight/BACTERIALBLIGHT_085.jpg,train,train,train,test,train,test,train,train,train,train
Bacterialblight/BACTERIALBLIGHT_086.jpg,train,train,test,train,val,train,train,test,train,test
Bacterialblight/BACTERIALBLIGHT_087.jpg,train,test,train,train,train,test,test,test,val,train
Bacterialblight/BACTERIALBLIGHT_088.jpg,train,train,train,train,train,train,test,test,test,test
Bacterialblight/BACTERIALBLIGHT_089.jpg,val,train,train,train,test,val,train,train,test,train
Bacterialblight/BACTERIALBLIGHT_090.jpg,train,train,test,train,train,train,train,test,test,test
Bacterialblight/BACTERIALBLIGHT_091.jpg,train,train,test,val,train,test,train,train,train,train
Bacterialblight/BACTERIALBLIGHT_092.jpg,train,train,test,train,train,train,test,train,test,train
Bacterialblight/BACTERIALBLIGHT_093.jpg,train,train,train,train,train,test,train,val,val,train
Bacterialblight/BACTERIALBLIGHT_094.jpg,test,train,train,val,test,train,val,train,test,train
Bacterialblight/BACTERIALBLIGHT_095.jpg,train,train,test,test,test,val,train,train,test,test
Bacterialblight/BACTERIALBLIGHT_096.jpg,train,train,train,train,train,val,train,train,train,train
Bacterialblight/BACTERIALBLIGHT_097.jpg,train,train,test,train,val,train,val,train,test,train
Bacterialblight/BACTERIALBLIGHT_098.jpg,train,test,test,train,train,val,train,train,train,test
Bacterialblight/BACTERIALBLIGHT_099.jpg,train,train,train,train,test,train,test,val,train,val
Bacterialblight/BACTERIALBLIGHT_100.jpg,train,train,test,train,train,test,train,test,train,train
Bacterialblight/BACTERIALBLIGHT_101.jpg,test,train,test,train,train,test,train,train,train,test
Bacterialblight/BACTERIALBLIGHT_102.jpg,train,train,train,train,test,train,train,test,val,train
Bacterialblight/BACTERIALBLIGHT_103.jpg,train,train,train,test,test,train,val,train,train,train
Bacterialblight/BACTERIALBLIGHT_104.jpg,train,train,train,train,train,test,train,train,train,train
Bacterialblight/BACTERIALBLIGHT_105.jpg,val,test,train,test,test,train,train,train,train,train
Bacterialblight/BACTERIALBLIGHT_106.jpg,train,train,train,train,train,train,train,train,test,train
Bacterialblight/BACTERIALBLIGHT_107.JPG,train,train,train,train,train,test,train,test,train,val
Bacterialblight/BACTERIALBLIGHT_108.JPG,train,train,train,val,train,train,train,train,train,train
Bacterialblight/BACTERIALBLIGHT_109.JPG,val,train,train,train,val,val,train,test,train,train
Bacterialblight/BACTERIALBLIGHT_110.JPG,train,train,train,train,train,test,train,train,train,train
Bacterialblight/BACTERIALBLIGHT_111.jpg,val,train,train,train,train,train,test,train,test,train
Bacterialblight/BACTERIALBLIGHT_112.jpg,test,train,val,train,test,train,train,train,train,train
Bacterialblight/BACTERIALBLIGHT_113.jpg,test,val,train,train,train,train,train,train,test,train
Bacterialblight/BACTERIALBLIGHT_114.jpg,train,train,train,train,train,train,train,test,train,train
Bacterialblight/BACTERIALBLIGHT_115.jpg,train,train,val,val,test,train,train,train,train,train
Bacterialblight/BACTERIALBLIGHT_116.jpg,train,train,test,train,train,train,train,val,train,test
Bacterialblight/BACTERIALBLIGHT_117.jpg,train,train,train,train,train,train,train,train,train,train
Bacterialblight/BACTERIALBLIGHT_118.jpg,train,test,train,train,train,train,train,train,train,train
Bacterialblight/BACTERIALBLIGHT_119.jpg,train,test,val,test,train,train,train,train,train,train
Bacterialblight/BACTERIALBLIGHT_120.jpg,train,test,train,train,train,train,val,train,train,train
Bacterialblight/BACTERIALBLIGHT_121.jpg,train,train,train,test,val,train,val,train,train,train
Bacterialblight/BACTERIALBLIGHT_122.jpg,train,test,train,val,val,train,train,val,test,train
Bacterialblight/BACTERIALBLIGHT_123.jpg,train,train,train,train,test,train,val,train,test,train
Bacterialblight/BACTERIALBLIGHT_124.jpg,train,train,val,train,train,test,val,train,train,val
Bacterialblight/BACTERIALBLIGHT_125.jpg,val,test,test,train,train,val,test,train,test,train
Bacterialblight/BACTERIALBLIGHT_126.jpg,train,train,train,train,train,train,val,test,test,train
Bacterialblight/BACTERIALBLIGHT_127.jpg,train,train,train,train,val,test,train,train,train,train
Bacterialblight/BACTERIALBLIGHT_128.jpg,train,train,train,train,test,test,train,test,train,train
Bacterialblight/BACTERIALBLIGHT_129.jpg,test,train,val,train,train,train,train,train,train,test
Bacterialblight/BACTERIALBLIGHT_130.jpg,test,val,train,train,train,train,train,train,val,train
Bacterialblight/BACTERIALBLIGHT_131.jpg,val,train,train,train,train,train,train,val,train,val
Bacterialblight/BACTERIALBLIGHT_132.JPG,train,train,test,test,train,train,val,train,test,train
Bacterialblight/BACTERIALBLIGHT_133.JPG,train,train,train,train,val,train,train,train,val,train
Bacterialblight/BACTERIALBLIGHT_134.JPG,train,train,train,test,test,train,test,train,train,train
Bacterialblight/BACTERIALBLIGHT_135.JPG,train,val,test,test,train,train,test,train,test,train
Bacterialblight/BACTERIALBLIGHT_136.JPG,train,train,train,train,train,val,val,train,test,train
Bacterialblight/BACTERIALBLIGHT_137.JPG,train,train,train,train,train,train,val,train,test,test
Bacterialblight/BACTERIALBLIGHT_138.JPG,test,train,train,train,train,train,val,train,train,train
Bacterialblight/BACTERIALBLIGHT_139.JPG,train,train,train,train,train,val,train,train,train,train
Bacterialblight/BACTERIALBLIGHT_140.JPG,train,train,test,train,train,test,train,train,train,val
Bacterialblight/BACTERIALBLIGHT_141.JPG,test,test,val,train,train,train,train,train,train,train
Bacterialblight/BACTERIALBLIGHT_142.JPG,train,train,train,test,train,train,train,val,train,test
Bacterialblight/BACTERIALBLIGHT_143.JPG,train,test,train,test,train,train,test,train,test,train
Bacterialblight/BACTERIALBLIGHT_144.JPG,train,train,train,train,test,test,train,train,train,val
Bacterialblight/BACTERIALBLIGHT_145.JPG,train,test,train,train,train,val,val,train,train,val
Bacterialblight/BACTERIALBLIGHT_146.JPG,train,test,train,train,train,train,test,train,train,test
Bacterialblight/BACTERIALBLIGHT_147.jpg,train,val,val,train,train,train,train,train,val,test
Bacterialblight/BACTERIALBLIGHT_148.jpg,train,train,train,train,train,val,test,train,train,train
Bacterialblight/BACTERIALBLIGHT_149.jpg,train,test,train,train,train,train,train,val,test,train
Bacterialblight/BACTERIALBLIGHT_150.jpg,train,train,train,train,train,train,train,val,train,train
Bacterialblight/BACTERIALBLIGHT_151.jpg,train,train,train,train,train,train,val,train,train,train
Bacterialblight/BACTERIALBLIGHT_152.jpg,test,train,test,val,train,train,train,train,test,train
Bacterialblight/BACTERIALBLIGHT_153.jpg,train,train,train,train,train,train,test,val,train,test
Bacterialblight/BACTERIALBLIGHT_154.jpg,train,train,train,train,val,test,train,val,train,train
Bacterialblight/BACTERIALBLIGHT_155.jpg,train,test,train,train,train,train,val,train,train,train
Bacterialblight/BACTERIALBLIGHT_156.jpg,train,test,train,test,train,train,train,train,val,train
Bacterialblight/BACTERIALBLIGHT_157.jpg,val,test,train,train,train,train,val,train,train,train
Bacterialblight/BACTERIALBLIGHT_158.jpg,test,train,train,test,train,train,train,train,test,train
Bacterialblight/BACTERIALBLIGHT_159.jpg,train,test,train,val,test,train,test,val,val,train
Bacterialblight/BACTERIALBLIGHT_160.jpg,train,train,train,train,train,train,test,train,train,train
Bacterialblight/BACTERIALBLIGHT_161.jpg,val,train,test,train,train,test,train,train,train,val
Bacterialblight/BACTERIALBLIGHT_162.jpg,train,train,train,train,train,train,train,test,train,train
Bacterialblight/BACTERIALBLIGHT_163.jpg,val,train,train,train,train,test,train,train,train,train
Bacterialblight/BACTERIALBLIGHT_164.jpg,train,train,train,test,train,train,val,val,test,train
Bacterialblight/BACTERIALBLIGHT_165.jpg,train,test,val,val,test,train,test,train,test,train
Bacterialblight/BACTERIALBLIGHT_166.jpg,train,train,train,train,train,test,train,test,train,train
Bacterialblight/BACTERIALBLIGHT_167.jpg,train,val,train,train,test,train,val,train,train,train
Bacterialblight/BACTERIALBLIGHT_168.jpg,train,train,train,test,train,test,train,train,train,train
Bacterialblight/BACTERIALBLIGHT_169.jpg,train,train,train,test,test,train,train,train,train,test
Bacterialblight/BACTERIALBLIGHT_170.jpg,train,train,train,train,test,test,val,train,train,test
Bacterialblight/BACTERIALBLIGHT_171.jpg,test,val,train,train,train,train,test,train,train,train
Bacterialblight/BACTERIALBLIGHT_172.jpg,train,train,train,val,val,train,train,test,train,test
Bacterialblight/BACTERIALBLIGHT_173.jpg,test,train,train,train,val,val,train,train,train,train
Bacterialblight/BACTERIALBLIGHT_174.jpg,train,train,train,train,train,train,val,train,train,train
Bacterialblight/BACTERIALBLIGHT_175.jpg,train,train,train,train,val,train,train,train,test,train
Bacterialblight/BACTERIALBLIGHT_176.jpg,val,val,train,val,train,train,train,train,train,train
Bacterialblight/BACTERIALBLIGHT_177.JPG,train,train,train,val,test,test,train,test,train,test
Bacterialblight/BACTERIALBLIGHT_178.jpg,train,train,train,val,train,test,train,train,train,train
Bacterialblight/BACTERIALBLIGHT_179.JPG,train,train,val,train,train,train,test,test,test,test
Bacterialblight/BACTERIALBLIGHT_180.jpg,train,train,train,train,train,test,train,train,train,test
Bacterialblight/BACTERIALBLIGHT_181.jpg,train,train,test,test,train,train,train,train,train,test
Bacterialblight/BACTERIALBLIGHT_182.jpg,train,train,train,train,train,test,test,train,train,test
Bacterialblight/BACTERIALBLIGHT_183.jpg,train,val,train,train,val,train,train,train,train,train
Bacterialblight/BACTERIALBLIGHT_184.jpg,train,train,train,train,train,test,test,train,train,test
Bacterialblight/BACTERIALBLIGHT_185.jpg,train,train,train,test,train,train,val,train,test,train
Bacterialblight/BACTERIALBLIGHT_186.jpg,train,train,train,train,test,test,val,train,train,test
Bacterialblight/BACTERIALBLIGHT_187.jpg,test,train,train,train,train,train,test,train,test,train
Bacterialblight/BACTERIALBLIGHT_188.jpg,test,train,train,train,train,train,train,train,train,train
Bacterialblight/BACTERIALBLIGHT_189.jpg,train,val,train,train,train,train,test,train,train,train
Bacterialblight/BACTERIALBLIGHT_190.jpg,train,train,train,train,val,train,train,train,train,train
Bacterialblight/BACTERIALBLIGHT_191.jpg,train,train,train,test,train,val,train,train,train,test
Bacterialblight/BACTERIALBLIGHT_192.jpg,train,train,train,train,train,train,train,test,test,train
Bacterialblight/BACTERIALBLIGHT_193.jpg,train,train,test,train,train,train,test,train,train,val
Bacterialblight/BACTERIALBLIGHT_194.jpg,train,train,train,train,val,test,test,train,test,train
Bacterialblight/BACTERIALBLIGHT_195.jpg,train,train,train,train,val,train,test,train,train,train
Bacterialblight/BACTERIALBLIGHT_196.jpg,test,train,train,train,train,train,test,train,test,train
Bacterialblight/BACTERIALBLIGHT_197.jpg,val,train,train,train,train,train,train,train,test,test
Bacterialblight/BACTERIALBLIGHT_198.jpg,train,train,train,train,train,train,test,train,train,train
Bacterialblight/BACTERIALBLIGHT_199.jpg,test,train,train,test,test,test,train,test,train,train
Bacterialblight/BACTERIALBLIGHT_200.jpg,test,train,train,train,train,test,train,train,train,train
Bacterialblight/BACTERIALBLIGHT_201.jpg,train,train,train,test,train,test,train,train,val,test
Bacterialblight/BACTERIALBLIGHT_202.jpg,train,train,train,train,train,train,train,train,val,train
Bacterialblight/BACTERIALBLIGHT_203.JPG,train,test,test,test,train,train,train,test,train,train
Bacterialblight/BACTERIALBLIGHT_204.JPG,train,test,train,val,val,train,train,train,train,train
Bacterialblight/BACTERIALBLIGHT_205.JPG,train,test,train,train,train,train,test,test,train,test
Bacterialblight/BACTERIALBLIGHT_206.JPG,train,train,train,train,train,train,train,train,train,train
Bacterialblight/BACTERIALBLIGHT_207.jpg,train,train,train,train,val,train,train,train,train,train
Bacterialblight/BACTERIALBLIGHT_208.jpg,train,test,train,train,test,train,val,train,train,train
Bacterialblight/BACTERIALBLIGHT_209.jpg,train,train,train,train,val,train,train,train,train,train
Bacterialblight/BACTERIALBLIGHT_210.jpg,test,test,test,train,val,train,train,train,train,test
Bacterialblight/BACTERIALBLIGHT_211.jpg,test,test,test,train,val,train,train,train,train,train
Bacterialblight/BACTERIALBLIGHT_212.jpg,test,train,train,train,train,train,test,train,test,train
Bacterialblight/BACTERIALBLIGHT_213.jpg,train,train,train,train,train,test,train,val,train,train
Bacterialblight/BACTERIALBLIGHT_214.jpg,train,train,train,train,test,train,test,train,train,train
Bacterialblight/BACTERIALBLIGHT_215.jpg,train,test,train,test,val,train,train,train,val,train
Bacterialblight/BACTERIALBLIGHT_216.jpg,train,val,val,train,train,train,test,train,train,val
Bacterialblight/BACTERIALBLIGHT_217.jpg,train,test,train,train,test,test,train,test,val,train
Bacterialblight/BACTERIALBLIGHT_218.jpg,val,train,train,train,train,train,train,train,test,train
Bacterialblight/BACTERIALBLIGHT_219.jpg,test,train,train,train,train,train,train,train,train,train
Bacterialblight/BACTERIALBLIGHT_220.jpg,train,train,test,test,test,train,train,train,test,val
Bacterialblight/BACTERIALBLIGHT_221.jpg,test,train,test,train,train,train,train,train,test,val
Bacterialblight/BACTERIALBLIGHT_222.jpg,train,train,train,train,test,train,test,test,train,train
Bacterialblight/BACTERIALBLIGHT_223.jpg,val,train,train,val,train,val,train,test,train,train
Bacterialblight/BACTERIALBLIGHT_224.jpg,train,test,train,test,train,test,train,train,train,train
Bacterialblight/BACTERIALBLIGHT_225.jpg,test,val,train,train,train,train,train,train,train,val
Bacterialblight/BACTERIALBLIGHT_226.jpg,train,train,train,val,train,train,train,val,train,train
Bacterialblight/BACTERIALBLIGHT_227.jpg,train,test,test,train,train,val,train,train,val,train
Bacterialblight/BACTERIALBLIGHT_228.JPG,train,train,train,train,train,val,train,train,train,train
Bacterialblight/BACTERIALBLIGHT_229.JPG,train,test,train,train,train,test,val,train,train,test
Bacterialblight/BACTERIALBLIGHT_230.JPG,test,train,train,train,train,test,test,train,val,train
Bacterialblight/BACTERIALBLIGHT_231.JPG,train,train,train,val,train,train,train,train,val,train
Bacterialblight/BACTERIALBLIGHT_232.JPG,test,train,train,train,train,train,train,train,train,test
Bacterialblight/BACTERIALBLIGHT_233.JPG,train,train,train,train,test,train,train,test,train,val
Bacterialblight/BACTERIALBLIGHT_234.JPG,train,train,train,train,train,train,test,train,train,train
Bacterialblight/BACTERIALBLIGHT_235.JPG,train,train,test,train,train,train,train,test,train,train
Bacterialblight/BACTERIALBLIGHT_236.JPG,train,val,test,train,test,test,val,train,train,train
Bacterialblight/BACTERIALBLIGHT_237.JPG,val,train,val,train,train,train,train,train,train,train
Bacterialblight/BACTERIALBLIGHT_238.JPG,test,train,test,train,train,train,train,test,val,train
Bacterialblight/BACTERIALBLIGHT_239.JPG,train,train,val,test,val,train,train,val,train,test
Bacterialblight/BACTERIALBLIGHT_240.JPG,test,train,train,train,val,train,train,train,val,test
Bacterialblight/BACTERIALBLIGHT_241.JPG,test,train,train,val,train,test,test,train,test,val
Bacterialblight/BACTERIALBLIGHT_242.JPG,train,test,train,train,train,val,test,train,test,val
Bacterialblight/BACTERIALBLIGHT_243.JPG,val,val,train,train,train,train,train,train,train,train
Bacterialblight/BACTERIALBLIGHT_244.jpg,train,test,train,val,test,train,test,train,train,test
Bacterialblight/BACTERIALBLIGHT_245.jpg,train,val,train,test,train,train,train,train,train,train
Bacterialblight/BACTERIALBLIGHT_246.jpg,test,test,train,val,val,val,test,train,test,train
Bacterialblight/BACTERIALBLIGHT_247.jpg,test,test,train,train,train,test,train,train,test,val
Bacterialblight/BACTERIALBLIGHT_248.jpg,train,train,train,train,test,train,train,train,train,test
Bacterialblight/BACTERIALBLIGHT_249.jpg,train,test,train,train,test,train,train,train,test,train
Bacterialblight/BACTERIALBLIGHT_250.jpg,train,train,train,train,train,train,train,train,train,train
Bacterialblight/BACTERIALBLIGHT_251.jpg,train,train,train,train,train,train,test,train,train,train
Bacterialblight/BACTERIALBLIGHT_252.jpg,train,train,train,train,train,train,train,train,train,train
Bacterialblight/BACTERIALBLIGHT_253.jpg,test,test,test,test,train,train,test,train,train,train
Bacterialblight/BACTERIALBLIGHT_254.jpg,train,val,train,train,test,train,train,train,train,val
Bacterialblight/BACTERIALBLIGHT_255.jpg,train,test,train,train,train,test,train,test,train,train
Bacterialblight/BACTERIALBLIGHT_256.jpg,test,train,train,train,test,train,train,train,train,train
Bacterialblight/BACTERIALBLIGHT_257.jpg,train,train,train,train,train,train,train,train,train,train
Bacterialblight/BACTERIALBLIGHT_258.jpg,train,train,train,test,train,train,train,train,val,val
Bacterialblight/BACTERIALBLIGHT_259.jpg,train,train,train,train,val,train,train,test,train,train
Bacterialblight/BACTERIALBLIGHT_260.jpg,test,train,train,val,train,val,train,test,train,train
Bacterialblight/BACTERIALBLIGHT_261.jpg,val,train,train,test,train,train,train,train,train,test
Bacterialblight/BACTERIALBLIGHT_262.jpg,train,test,train,val,train,test,train,val,train,test
Bacterialblight/BACTERIALBLIGHT_263.jpg,train,test,train,test,train,test,train,train,train,train
Bacterialblight/BACTERIALBLIGHT_264.jpg,val,train,train,val,train,train,train,val,train,train
Blast/BLAST1_001.jpg,train,train,train,val,train,val,test,train,test,train
Blast/BLAST1_002.jpg,train,test,train,val,train,train,train,train,test,train
Blast/BLAST1_003.jpg,train,train,train,train,train,train,test,test,train,train
Blast/BLAST1_004.jpg,train,train,val,train,train,train,train,train,train,train
Blast/BLAST1_005.jpg,train,train,train,test,val,train,val,train,test,train
Blast/BLAST1_006.jpg,train,val,train,train,train,train,train,train,train,val
Blast/BLAST1_007.jpg,train,train,test,train,train,val,train,train,test,train
Blast/BLAST1_008.jpg,train,val,train,test,train,train,train,train,train,train
Blast/BLAST1_009.jpg,train,train,train,train,test,train,train,train,train,test
Blast/BLAST1_010.jpg,val,train,train,test,train,train,train,test,test,train
Blast/BLAST1_011.jpg,test,test,train,train,train,train,train,train,train,train
Blast/BLAST1_012.jpg,train,val,train,train,train,test,test,train,val,train
Blast/BLAST1_013.jpg,train,train,train,train,train,val,test,train,train,train
Blast/BLAST1_014.jpg,test,train,train,test,val,train,train,test,train,train
Blast/BLAST1_015.jpg,train,train,train,train,train,test,val,train,test,train
Blast/BLAST1_016.jpg,train,val,val,train,train,train,test,train,train,val
Blast/BLAST1_017.jpg,train,train,train,train,train,train,train,train,train,test
Blast/BLAST1_018.jpg,train,train,train,test,train,train,train,test,train,test
Blast/BLAST1_019.jpg,train,train,train,train,train,train,train,train,test,train
Blast/BLAST1_020.jpg,val,test,train,train,train,train,train,train,train,test
Blast/BLAST1_021.jpg,train,train,test,val,test,train,train,train,test,test
Blast/BLAST1_022.jpg,test,train,train,train,val,test,train,train,test,train
Blast/BLAST1_023.jpg,train,train,train,train,train,val,train,train,test,val
Blast/BLAST1_024.jpg,test,train,train,val,train,train,val,train,test,val
Blast/BLAST1_025.jpg,train,train,train,train,train,train,train,train,train,train
Blast/BLAST1_026.jpg,train,train,val,train,train,train,val,train,train,test
Blast/BLAST1_027.jpg,train,train,train,train,train,train,train,train,train,val
Blast/BLAST1_028.jpg,train,train,train,train,train,train,test,test,val,val
Blast/BLAST1_029.jpg,train,train,train,val,train,train,val,train,train,train
Blast/BLAST1_030.jpg,train,test,train,train,val,test,train,test,test,train
Blast/BLAST1_031.JPG,train,train,val,val,val,train,train,train,test,test
Blast/BLAST1_032.jpg,train,train,train,train,train,train,train,train,train,train
Blast/BLAST1_033.JPG,train,train,test,train,train,train,test,train,train,train
Blast/BLAST1_034.jpg,train,train,train,train,train,train,train,train,test,val
Blast/BLAST1_035.JPG,train,train,train,train,val,train,train,train,train,train
Blast/BLAST1_036.jpg,train,val,train,val,train,test,train,train,train,train
Blast/BLAST1_037.JPG,train,train,train,train,train,train,train,train,train,train
Blast/BLAST1_038.jpg,test,train,train,train,test,train,train,train,train,val
Blast/BLAST1_039.JPG,test,train,train,train,val,train,train,train,val,test
Blast/BLAST1_040.jpg,train,train,train,train,val,train,train,train,train,test
Blast/BLAST1_041.JPG,train,train,train,test,train,train,train,train,train,train
Blast/BLAST1_042.jpg,train,train,val,train,test,train,test,test,train,train
Blast/BLAST1_043.JPG,test,test,train,train,train,train,train,train,train,train
Blast/BLAST1_044.jpg,train,val,train,train,train,train,train,val,test,test
Blast/BLAST1_045.JPG,train,test,train,train,val,val,train,train,test,train
Blast/BLAST1_046.jpg,train,train,test,train,train,val,test,train,train,test
Blast/BLAST1_047.jpg,train,train,train,val,train,test,train,train,train,val
Blast/BLAST1_048.JPG,train,train,test,train,train,train,test,train,train,train
Blast/BLAST1_049.JPG,train,train,train,train,train,val,test,train,train,train
Blast/BLAST1_050.JPG,test,train,test,test,train,train,train,val,train,train
Blast/BLAST1_051.JPG,train,val,test,test,test,train,test,train,test,train
Blast/BLAST1_052.jpg,train,val,train,train,test,train,train,val,train,train
Blast/BLAST1_053.JPG,train,val,train,train,train,test,train,test,train,train
Blast/BLAST1_054.JPG,train,train,test,train,val,train,train,train,train,train
Blast/BLAST1_055.jpg,train,train,test,train,train,train,test,train,test,train
Blast/BLAST1_056.JPG,train,train,train,val,val,train,train,val,train,train
Blast/BLAST1_057.JPG,train,val,train,train,train,train,test,train,test,test
Blast/BLAST1_058.JPG,train,test,test,test,train,train,train,train,train,test
Blast/BLAST1_059.JPG,train,val,test,train,val,val,val,train,train,train
Blast/BLAST1_060.JPG,train,test,train,train,train,train,test,train,train,train
Blast/BLAST1_061.JPG,train,train,val,train,train,test,test,test,train,train
Blast/BLAST1_062.jpg,train,test,test,test,val,test,train,val,test,train
Blast/BLAST1_063.JPG,train,train,train,train,train,train,train,train,val,val
Blast/BLAST1_064.JPG,train,train,train,test,test,train,train,val,train,test
Blast/BLAST1_065.JPG,test,train,val,train,train,train,train,test,train,train
Blast/BLAST1_066.JPG,train,train,test,train,train,test,train,train,train,train
Blast/BLAST1_067.JPG,train,train,train,train,train,test,train,train,train,test
Blast/BLAST1_068.JPG,test,test,val,train,train,val,val,train,train,train
Blast/BLAST1_069.JPG,test,test,train,test,train,train,train,train,test,train
Blast/BLAST1_070.JPG,train,train,train,train,test,train,train,train,train,train
Blast/BLAST1_071.JPG,test,train,train,train,test,train,val,train,test,test
Blast/BLAST1_072.jpg,train,train,train,train,test,train,test,test,train,train
Blast/BLAST1_073.jpg,train,test,train,train,train,train,train,train,train,train
Blast/BLAST1_074.jpg,train,test,train,test,train,train,val,train,train,train
Blast/BLAST1_075.jpg,train,train,val,train,train,val,train,train,train,train
Blast/BLAST1_076.jpg,train,train,train,val,train,train,train,train,train,test
Blast/BLAST1_077.jpg,train,train,train,train,train,train,val,train,test,train
Blast/BLAST1_078.jpg,val,train,train,train,train,train,train,val,train,val
Blast/BLAST1_079.jpg,train,train,train,train,test,train,train,test,train,train
Blast/BLAST1_080.jpg,train,train,train,test,train,train,val,train,train,train
Blast/BLAST1_081.jpg,test,train,train,test,train,test,train,train,train,train
Blast/BLAST1_082.jpg,train,test,test,val,train,train,train,train,train,train
Blast/BLAST1_083.jpg,test,val,train,val,train,val,train,test,train,test
Blast/BLAST1_084.jpg,train,train,train,train,test,train,val,train,train,train
Blast/BLAST1_085.jpg,test,train,train,train,train,val,val,train,test,train
Blast/BLAST1_086.jpg,train,val,test,train,train,train,train,train,train,val
Blast/BLAST1_087.jpg,train,train,test,train,train,train,test,test,train,train
Blast/BLAST1_088.jpg,test,val,train,test,train,train,train,train,train,train
Blast/BLAST1_089.jpg,train,train,train,train,train,train,train,test,val,test
Blast/BLAST1_090.jpg,test,train,test,train,test,train,train,test,train,train
Blast/BLAST1_091.jpg,train,train,train,train,test,test,train,train,train,train
Blast/BLAST1_092.jpg,test,val,train,train,train,test,train,train,train,train
Blast/BLAST1_093.jpg,train,train,train,train,train,train,train,test,train,train
Blast/BLAST1_094.jpg,test,train,test,train,train,train,train,train,train,train
Blast/BLAST1_095.jpg,val,train,train,val,train,train,train,train,train,test
Blast/BLAST1_096.jpg,train,train,train,train,test,train,train,test,train,train
Blast/BLAST1_097.jpg,train,train,train,train,train,test,test,train,train,test
Blast/BLAST1_098.jpg,train,train,train,test,val,train,train,test,train,test
Blast/BLAST1_099.jpg,train,test,test,train,val,train,train,train,test,test
Blast/BLAST1_100.jpg,train,train,test,train,train,train,train,train,test,test
Blast/BLAST1_101.jpg,train,train,train,train,train,train,test,test,train,test
Blast/BLAST1_102.jpg,test,val,test,val,train,train,test,train,train,train
Blast/BLAST1_103.jpg,train,train,train,train,train,test,train,train,train,train
Blast/BLAST1_104.jpg,train,train,train,test,train,test,test,test,train,train
Blast/BLAST1_105.jpg,test,train,val,train,test,train,train,train,test,val
Blast/BLAST1_106.jpg,train,train,test,train,train,train,train,train,train,test
Blast/BLAST1_107.jpg,train,train,train,test,val,train,train,train,train,test
Blast/BLAST1_108.jpg,test,train,train,train,test,train,train,test,train,val
Blast/BLAST1_109.JPG,train,train,test,val,train,train,train,train,train,test
Blast/BLAST1_110.jpg,train,test,test,train,train,test,train,test,train,train
Blast/BLAST1_111.JPG,train,test,train,train,train,train,train,train,test,train
Blast/BLAST1_112.jpg,train,train,train,train,val,train,test,train,train,train
Blast/BLAST1_113.JPG,val,test,train,train,val,train,train,train,val,train
Blast/BLAST1_114.jpg,test,val,train,train,train,train,train,train,test,train
Blast/BLAST1_115.JPG,train,train,train,train,test,test,test,train,train,train
Blast/BLAST1_116.jpg,val,train,train,train,train,train,val,val,train,val
Blast/BLAST1_117.JPG,train,train,test,val,train,train,val,test,test,train
Blast/BLAST1_118.jpg,train,train,test,train,val,test,train,train,train,val
Blast/BLAST1_119.JPG,test,train,test,train,test,test,train,val,train,train
Blast/BLAST1_120.jpg,test,train,train,train,train,train,train,test,test,train
Blast/BLAST1_121.JPG,test,train,train,test,train,train,train,train,test,train
Blast/BLAST1_122.jpg,val,val,train,train,test,train,train,train,train,train
Blast/BLAST1_123.JPG,train,train,train,train,train,train,train,val,train,test
Blast/BLAST1_124.jpg,train,train,train,test,val,test,test,train,train,train
Blast/BLAST1_125.jpg,train,train,train,val,val,test,train,train,train,val
Blast/BLAST1_126.jpg,test,train,train,test,train,train,train,val,train,train
Blast/BLAST1_127.JPG,train,train,val,train,train,train,test,train,train,train
Blast/BLAST1_128.JPG,test,train,test,train,test,train,train,train,val,train
Blast/BLAST1_129.JPG,train,test,test,train,train,train,test,test,test,train
Blast/BLAST1_130.JPG,train,train,val,train,train,train,val,train,test,train
Blast/BLAST1_131.jpg,train,val,train,train,train,train,test,val,train,train
Blast/BLAST1_132.JPG,train,train,train,test,train,test,train,test,train,train
Blast/BLAST1_133.JPG,test,train,train,train,val,train,train,train,val,train
Blast/BLAST1_134.jpg,train,train,train,train,train,train,train,train,train,train
Blast/BLAST1_135.JPG,train,train,train,train,train,test,train,train,train,train
Blast/BLAST1_136.JPG,train,train,test,train,train,train,train,train,train,test
Blast/BLAST1_137.JPG,train,test,train,test,val,train,train,train,train,test
Blast/BLAST1_138.JPG,train,train,train,train,test,train,test,train,test,train
Blast/BLAST1_139.JPG,test,test,train,train,test,train,train,train,train,train
Blast/BLAST1_140.JPG,train,train,train,train,train,test,test,test,train,train
Blast/BLAST1_141.jpg,train,train,train,train,test,train,train,train,train,train
Blast/BLAST1_142.JPG,test,train,train,train,test,train,train,train,train,train
Blast/BLAST1_143.JPG,train,train,train,train,train,test,train,train,test,test
Blast/BLAST1_144.JPG,train,train,train,train,train,test,train,test,test,test
Blast/BLAST1_145.JPG,train,train,train,test,val,train,train,train,train,test
Blast/BLAST1_146.JPG,train,train,train,train,train,val,test,train,train,val
Blast/BLAST1_147.JPG,train,train,train,train,train,val,val,train,test,train
Blast/BLAST1_148.JPG,train,test,train,test,train,train,val,train,train,train
Blast/BLAST1_149.JPG,train,test,train,train,train,train,train,train,test,test
Blast/BLAST1_150.JPG,train,train,train,train,train,train,train,train,test,train
Blast/BLAST1_151.jpg,train,train,train,train,test,train,val,test,train,train
Blast/BLAST1_152.jpg,train,test,test,train,train,train,test,train,train,train
Blast/BLAST1_153.jpg,train,test,test,test,test,train,val,train,test,train
Blast/BLAST1_154.jpg,train,train,test,train,train,val,train,train,train,train
Blast/BLAST1_155.jpg,train,test,val,train,test,test,train,train,train,train
Blast/BLAST1_156.jpg,train,train,train,train,test,train,train,train,train,train
Blast/BLAST1_157.jpg,train,train,train,train,test,train,train,train,val,train
Blast/BLAST1_158.jpg,train,train,train,train,train,train,train,test,test,train
Blast/BLAST1_159.jpg,train,train,train,train,train,train,train,test,val,train
Blast/BLAST1_160.jpg,train,train,train,train,train,train,train,train,train,train
Blast/BLAST2_001.jpg,train,train,test,val,train,train,train,test,train,train
Blast/BLAST2_002.jpg,train,test,test,val,test,train,val,train,train,train
Blast/BLAST2_003.jpg,train,test,val,train,train,train,train,train,test,test
Blast/BLAST2_004.jpg,train,train,train,train,train,train,train,train,val,train
Blast/BLAST2_005.jpg,test,train,train,train,val,train,train,train,train,train
Blast/BLAST2_006.jpg,test,train,train,train,test,train,train,train,train,test
Blast/BLAST2_007.jpg,train,train,train,train,test,test,train,val,train,train
Blast/BLAST2_008.jpg,train,test,test,train,train,train,train,train,train,test
Blast/BLAST2_009.jpg,train,train,val,test,val,val,train,train,train,train
Blast/BLAST2_010.jpg,train,train,train,train,train,test,train,train,train,train
Blast/BLAST2_011.jpg,train,train,val,train,train,train,test,train,train,train
Blast/BLAST2_012.jpg,train,train,val,train,train,train,val,test,val,test
Blast/BLAST2_013.jpg,train,train,val,train,test,test,train,train,test,train
Blast/BLAST2_014.jpg,train,train,train,train,train,train,train,train,train,train
Blast/BLAST2_015.jpg,train,test,val,test,train,test,val,train,test,test
Blast/BLAST2_016.jpg,train,train,train,train,train,train,train,test,train,train
Blast/BLAST2_017.jpg,train,val,train,train,train,val,val,train,train,test
Blast/BLAST2_018.jpg,train,train,val,test,val,test,train,train,test,test
Blast/BLAST2_019.jpg,test,train,test,val,test,train,train,val,train,train
Blast/BLAST2_020.jpg,train,train,train,test,test,test,train,train,test,train
Blast/BLAST2_021.jpg,test,train,train,train,train,train,val,train,train,test
Blast/BLAST2_022.jpg,train,train,val,train,test,train,train,train,train,val
Blast/BLAST2_023.jpg,train,train,train,train,train,val,train,train,train,train
Blast/BLAST2_024.jpg,test,val,train,train,train,test,train,train,test,train
Blast/BLAST2_025.jpg,test,train,train,test,test,train,train,test,train,train
Blast/BLAST2_026.jpg,test,train,train,train,val,train,train,test,train,test
Blast/BLAST2_027.jpg,train,test,train,train,train,train,val,train,test,train
Blast/BLAST2_028.jpg,train,train,val,train,train,train,train,test,val,val
Blast/BLAST2_029.jpg,train,train,train,train,train,test,train,train,train,train
Blast/BLAST2_030.jpg,test,test,train,test,test,train,train,val,train,train
Blast/BLAST2_031.JPG,val,train,test,val,val,train,train,train,train,test
Blast/BLAST2_032.jpg,train,train,train,train,train,train,train,test,train,train
Blast/BLAST2_033.JPG,train,train,val,train,train,test,train,test,train,train
Blast/BLAST2_034.jpg,train,train,train,train,train,train,test,train,train,train
Blast/BLAST2_035.JPG,train,train,train,train,train,test,train,test,train,train
Blast/BLAST2_036.jpg,test,train,train,train,train,train,train,train,train,train
Blast/BLAST2_037.JPG,train,train,test,val,test,test,test,train,train,train
Blast/BLAST2_038.jpg,train,train,train,test,train,train,val,test,train,val
Blast/BLAST2_039.JPG,train,train,test,train,train,train,test,test,val,val
Blast/BLAST2_040.jpg,train,test,train,train,val,train,train,test,train,train
Blast/BLAST2_041.JPG,train,train,train,train,train,train,test,train,train,train
Blast/BLAST2_042.jpg,test,train,train,test,train,test,train,train,train,train
Blast/BLAST2_043.JPG,test,train,train,train,train,train,test,test,train,train
Blast/BLAST2_044.jpg,train,train,train,val,train,val,train,train,val,test
Blast/BLAST2_045.JPG,train,val,val,val,train,train,train,train,train,train
Blast/BLAST2_046.jpg,test,train,train,train,train,train,train,train,train,train
Blast/BLAST2_047.jpg,train,train,train,val,val,test,val,train,test,val
Blast/BLAST2_048.JPG,test,test,train,train,train,train,test,train,train,train
Blast/BLAST2_049.JPG,test,test,test,train,train,train,train,train,val,train
Blast/BLAST2_050.JPG,train,train,train,train,train,train,test,train,train,train
Blast/BLAST2_051.JPG,train,train,train,train,val,train,train,train,test,test
Blast/BLAST2_052.jpg,train,test,train,train,test,val,train,test,train,train
Blast/BLAST2_053.JPG,train,test,train,train,train,train,train,train,test,val
Blast/BLAST2_054.JPG,train,train,test,train,test,train,train,train,train,train
Blast/BLAST2_055.jpg,train,train,train,train,test,train,train,train,train,train
Blast/BLAST2_056.JPG,train,val,train,test,train,train,train,train,train,train
Blast/BLAST2_057.JPG,train,train,train,val,train,train,train,train,test,train
Blast/BLAST2_058.JPG,train,train,test,train,train,train,val,train,val,train
Blast/BLAST2_059.JPG,test,train,train,train,val,train,test,train,val,train
Blast/BLAST2_060.JPG,test,train,test,train,train,train,train,train,train,train
Blast/BLAST2_061.JPG,train,train,val,train,train,test,train,test,val,train
Blast/BLAST2_062.jpg,train,test,train,train,train,val,val,train,train,train
Blast/BLAST2_063.JPG,test,train,train,train,train,test,train,train,train,test
Blast/BLAST2_064.JPG,train,train,test,train,test,train,train,val,train,train
Blast/BLAST2_065.JPG,train,val,train,train,train,train,test,train,train,train
Blast/BLAST2_066.JPG,test,train,train,train,train,train,test,val,train,test
Blast/BLAST2_067.JPG,test,train,train,train,train,val,train,train,train,train
Blast/BLAST2_068.JPG,train,train,test,test,test,train,train,val,test,test
Blast/BLAST2_069.JPG,train,train,train,train,test,train,val,test,train,train
Blast/BLAST2_070.JPG,train,train,train,train,train,train,train,train,train,test
Blast/BLAST2_071.JPG,train,test,train,train,val,train,train,train,val,test
Blast/BLAST2_072.jpg,test,train,train,train,train,train,train,train,train,train
Blast/BLAST2_073.jpg,test,train,test,train,train,train,train,test,train,test
Blast/BLAST2_074.jpg,train,train,train,train,test,train,val,test,val,train
Blast/BLAST2_075.jpg,train,train,train,train,val,val,train,train,test,train
Blast/BLAST2_076.jpg,test,train,test,test,train,train,test,train,test,train
Blast/BLAST2_077.jpg,train,train,train,train,test,train,train,train,test,train
Blast/BLAST2_078.jpg,train,train,test,val,val,train,train,train,test,val
Blast/BLAST2_079.jpg,train,train,train,train,train,train,train,test,train,train
Blast/BLAST2_080.jpg,train,train,train,train,train,train,test,train,test,val
Blast/BLAST2_081.jpg,train,val,train,train,val,train,test,train,train,train
Blast/BLAST2_082.jpg,test,test,train,val,train,train,train,train,test,train
Blast/BLAST2_083.jpg,train,train,train,test,test,train,val,test,train,test
Blast/BLAST2_084.jpg,test,train,train,train,val,train,train,train,train,train
Blast/BLAST2_085.jpg,train,train,test,train,train,train,train,train,val,train
Blast/BLAST2_086.jpg,train,train,train,train,train,train,val,train,train,test
Blast/BLAST2_087.jpg,train,train,train,test,train,val,val,train,val,train
Blast/BLAST2_088.jpg,train,test,train,train,train,train,train,train,train,test
Blast/BLAST2_089.jpg,train,test,test,train,train,test,train,val,val,train
Blast/BLAST2_090.jpg,train,test,train,train,train,val,test,train,train,train
Blast/BLAST2_091.jpg,train,test,train,test,train,train,train,test,train,train
Blast/BLAST2_092.jpg,train,train,train,train,test,test,train,train,train,train
Blast/BLAST2_093.jpg,train,test,train,train,train,train,train,test,train,train
Blast/BLAST2_094.jpg,train,train,train,train,train,train,train,train,train,train
Blast/BLAST2_095.jpg,train,test,train,train,train,train,test,train,train,train
Blast/BLAST2_096.jpg,train,val,val,test,test,train,val,train,test,test
Blast/BLAST2_097.jpg,train,train,train,train,train,test,train,val,train,val
Blast/BLAST2_098.jpg,train,test,train,train,train,train,train,train,test,train
Blast/BLAST2_099.jpg,train,train,train,train,val,train,val,train,train,train
Blast/BLAST2_100.jpg,test,val,test,train,test,val,test,train,train,test
Blast/BLAST2_101.jpg,train,test,val,train,val,train,train,test,train,train
Blast/BLAST2_102.jpg,train,train,train,val,train,train,train,train,train,train
Blast/BLAST2_103.jpg,train,train,test,train,train,train,val,train,train,train
Blast/BLAST2_104.jpg,train,train,train,train,test,train,train,train,train,train
Blast/BLAST2_105.jpg,train,train,train,train,train,train,train,train,train,val
Blast/BLAST2_106.jpg,test,test,test,train,train,train,train,test,train,train
Blast/BLAST2_107.jpg,test,train,val,train,train,val,val,val,train,test
Blast/BLAST2_108.jpg,val,train,train,train,train,train,val,test,train,val
Blast/BLAST2_109.JPG,train,train,train,val,val,train,train,train,test,test
Blast/BLAST2_110.jpg,train,test,val,test,train,train,train,val,train,train
Blast/BLAST2_111.JPG,val,test,train,train,train,train,train,train,train,train
Blast/BLAST2_112.jpg,train,test,train,train,val,train,train,train,train,test
Blast/BLAST2_113.JPG,train,test,train,train,test,train,val,train,train,train
Blast/BLAST2_114.jpg,test,train,train,train,train,train,train,train,train,train
Blast/BLAST2_115.JPG,train,train,train,test,train,train,train,train,train,val
Blast/BLAST2_116.jpg,train,train,test,test,train,train,train,train,train,train
Blast/BLAST2_117.JPG,train,train,train,train,test,train,train,train,train,test
Blast/BLAST2_118.jpg,train,train,train,train,train,train,train,train,train,test
Blast/BLAST2_119.JPG,train,train,train,test,train,train,train,train,test,train
Blast/BLAST2_120.jpg,train,train,test,train,train,val,test,test,train,test
Blast/BLAST2_121.JPG,train,train,test,train,train,train,train,train,train,val
Blast/BLAST2_122.jpg,train,test,train,train,test,test,train,train,train,val
Blast/BLAST2_123.JPG,train,val,val,val,train,train,train,train,train,train
Blast/BLAST2_124.jpg,train,train,train,val,train,val,train,train,train,test
Blast/BLAST2_125.jpg,train,train,train,val,train,test,train,train,train,val
Blast/BLAST2_126.jpg,val,train,train,train,test,train,train,train,train,train
Blast/BLAST2_127.JPG,val,test,val,train,val,train,train,train,train,test
Blast/BLAST2_128.JPG,train,train,train,test,train,train,train,train,train,train
Blast/BLAST2_129.JPG,train,train,val,val,train,val,train,train,train,train
Blast/BLAST2_130.JPG,val,test,train,train,val,train,train,val,train,val
Blast/BLAST2_131.jpg,train,test,test,train,train,val,train,train,test,test
Blast/BLAST2_132.JPG,train,test,train,val,val,train,train,train,train,train
Blast/BLAST2_133.JPG,train,train,train,train,test,train,train,train,train,train
Blast/BLAST2_134.jpg,train,train,val,train,train,train,train,train,test,train
Blast/BLAST2_135.JPG,train,test,train,train,train,train,train,val,train,train
Blast/BLAST2_136.JPG,train,train,train,train,train,train,test,test,train,val
Blast/BLAST2_137.JPG,test,val,test,val,train,train,test,train,val,train
Blast/BLAST2_138.JPG,test,train,train,train,train,train,train,test,train,train
Blast/BLAST2_139.JPG,val,train,train,test,val,test,val,val,train,train
Blast/BLAST2_140.JPG,train,train,train,train,train,train,test,train,train,train
Blast/BLAST2_141.jpg,train,train,train,test,train,test,train,val,val,train
Blast/BLAST2_142.JPG,train,train,train,train,train,val,train,train,train,train
Blast/BLAST2_143.JPG,train,train,train,train,train,train,train,train,train,test
Blast/BLAST2_144.JPG,train,train,train,test,train,train,val,train,test,train
Blast/BLAST2_145.JPG,test,train,train,train,train,train,test,train,test,train
Blast/BLAST2_146.JPG,train,train,val,test,test,test,train,train,train,test
Blast/BLAST2_147.JPG,train,train,train,train,train,test,train,train,train,train
Blast/BLAST2_148.JPG,train,train,test,train,train,train,train,train,train,val
Blast/BLAST2_149.JPG,train,train,train,val,train,train,train,train,train,train
Blast/BLAST2_150.JPG,train,test,train,test,train,train,train,test,train,train
Blast/BLAST2_151.jpg,train,train,train,train,train,train,train,train,test,train
Blast/BLAST2_152.jpg,train,train,train,train,test,train,train,test,test,test
Blast/BLAST2_153.jpg,train,train,train,train,test,train,train,test,test,train
Blast/BLAST2_154.jpg,train,train,train,train,test,val,train,train,train,train
Blast/BLAST2_155.jpg,test,val,test,train,test,train,train,train,train,train
Blast/BLAST2_156.jpg,train,train,train,train,train,val,test,train,train,train
Blast/BLAST2_157.jpg,train,train,train,test,train,train,train,train,test,test
Blast/BLAST2_158.jpg,train,train,test,train,test,train,train,test,train,train
Blast/BLAST2_159.jpg,train,train,train,train,train,train,val,train,train,val
Blast/BLAST2_160.jpg,test,train,train,train,train,train,test,train,train,train
Blast/BLAST3_001.jpg,train,train,train,train,test,train,train,train,train,train
Blast/BLAST3_002.jpg,train,test,train,val,train,train,train,train,test,train
Blast/BLAST3_003.jpg,train,train,val,test,train,test,train,train,train,train
Blast/BLAST3_004.jpg,test,train,train,train,val,train,train,train,train,train
Blast/BLAST3_005.jpg,train,val,train,val,test,val,train,test,test,test
Blast/BLAST3_006.jpg,test,val,test,train,train,train,train,train,val,val
Blast/BLAST3_007.jpg,train,train,test,train,test,val,train,train,test,train
Blast/BLAST3_008.jpg,train,val,train,test,test,train,train,train,train,train
Blast/BLAST3_009.jpg,train,train,train,train,test,train,test,test,test,train
Blast/BLAST3_010.jpg,test,train,test,train,train,train,train,test,train,train
Blast/BLAST3_011.jpg,test,train,train,train,train,train,train,test,test,test
Blast/BLAST3_012.jpg,train,val,train,train,train,test,test,train,train,train
Blast/BLAST3_013.jpg,train,train,train,train,train,test,train,train,train,train
Blast/BLAST3_014.jpg,test,train,train,train,train,train,train,train,train,train
Blast/BLAST3_015.jpg,train,train,train,train,train,train,train,test,train,train
Blast/BLAST3_016.jpg,train,train,train,train,train,train,test,test,train,train
Blast/BLAST3_017.jpg,train,train,train,val,test,train,train,train,val,test
Blast/BLAST3_018.jpg,val,train,train,test,train,train,train,test,train,test
Blast/BLAST3_019.jpg,train,train,test,train,test,test,train,train,train,test
Blast/BLAST3_020.jpg,train,train,train,train,train,train,test,train,train,test
Blast/BLAST3_021.jpg,train,test,train,train,train,train,train,train,train,test
Blast/BLAST3_022.jpg,train,val,train,val,train,train,train,train,train,train
Blast/BLAST3_023.jpg,train,train,test,train,train,train,train,test,train,test
Blast/BLAST3_024.jpg,test,train,train,test,train,test,test,test,train,train
Blast/BLAST3_025.jpg,train,train,train,train,test,test,train,train,train,train
Blast/BLAST3_026.jpg,test,train,train,train,train,train,train,train,train,test
Blast/BLAST3_027.jpg,train,train,val,train,train,train,train,train,train,val
Blast/BLAST3_028.jpg,train,train,test,train,train,train,train,test,train,val
Blast/BLAST3_029.jpg,train,train,train,test,train,train,test,train,train,test
Blast/BLAST3_030.jpg,train,test,train,train,train,test,test,test,test,train
Blast/BLAST3_031.JPG,val,train,train,val,test,train,test,train,train,test
Blast/BLAST3_032.jpg,train,train,train,train,train,train,train,train,train,train
Blast/BLAST3_033.JPG,train,test,train,train,val,train,val,train,train,train
Blast/BLAST3_034.jpg,train,val,train,train,train,train,train,train,train,train
Blast/BLAST3_035.JPG,test,test,train,train,train,train,val,train,train,train
Blast/BLAST3_036.jpg,val,train,train,train,test,train,val,val,train,val
Blast/BLAST3_037.JPG,train,train,train,train,train,test,train,train,train,train
Blast/BLAST3_038.jpg,val,train,train,train,train,test,train,train,val,val
Blast/BLAST3_039.JPG,train,train,train,val,train,train,test,test,train,train
Blast/BLAST3_040.jpg,train,train,test,train,val,train,train,test,val,train
Blast/BLAST3_041.JPG,val,train,train,train,train,test,train,val,test,train
Blast/BLAST3_042.jpg,train,val,train,train,train,train,train,train,test,train
Blast/BLAST3_043.JPG,train,train,train,test,test,train,test,train,val,train
Blast/BLAST3_044.jpg,train,train,train,test,val,test,train,train,train,train
Blast/BLAST3_045.JPG,train,train,train,train,test,train,train,val,train,test
Blast/BLAST3_046.jpg,train,train,train,test,train,train,test,val,train,train
Blast/BLAST3_047.jpg,train,train,val,val,val,test,train,train,test,val
Blast/BLAST3_048.JPG,val,train,train,train,train,train,train,train,test,train
Blast/BLAST3_049.JPG,train,train,test,train,train,train,test,train,test,train
Blast/BLAST3_050.JPG,train,test,train,train,test,train,train,test,train,train
Blast/BLAST3_051.JPG,test,train,train,train,train,train,train,train,train,train
Blast/BLAST3_052.jpg,val,val,train,train,train,train,test,val,train,train
Blast/BLAST3_053.JPG,train,train,train,test,train,test,test,test,train,train
Blast/BLAST3_054.JPG,test,train,train,train,train,train,train,train,train,train
Blast/BLAST3_055.jpg,train,train,train,train,val,train,test,train,train,train
Blast/BLAST3_056.JPG,train,train,val,train,train,test,test,train,train,train
Blast/BLAST3_057.JPG,train,train,train,train,train,train,train,train,train,test
Blast/BLAST3_058.JPG,test,test,train,test,val,train,test,train,train,test
Blast/BLAST3_059.JPG,train,train,train,train,val,train,train,train,train,train
Blast/BLAST3_060.JPG,test,test,test,train,train,train,train,train,train,train
Blast/BLAST3_061.JPG,train,train,val,train,train,test,train,test,train,train
Blast/BLAST3_062.jpg,test,train,train,train,test,train,train,train,train,train
Blast/BLAST3_063.JPG,val,train,train,train,test,train,train,train,train,train
Blast/BLAST3_064.JPG,test,train,train,train,train,test,train,train,train,test
Blast/BLAST3_065.JPG,val,train,train,train,val,test,train,test,val,test
Blast/BLAST3_066.JPG,train,train,train,test,train,train,train,train,train,test
Blast/BLAST3_067.JPG,train,train,test,train,val,val,train,train,train,val
Blast/BLAST3_068.JPG,train,train,train,train,test,val,test,train,train,train
Blast/BLAST3_069.JPG,train,test,train,test,train,train,train,train,train,train
Blast/BLAST3_070.JPG,train,test,train,train,test,train,train,train,train,test
Blast/BLAST3_071.JPG,train,train,test,train,train,train,train,train,test,train
Blast/BLAST3_072.jpg,test,train,train,train,train,train,train,test,train,train
Blast/BLAST3_073.jpg,train,test,val,train,test,train,train,train,train,train
Blast/BLAST3_074.jpg,train,test,test,test,train,train,train,train,train,train
Blast/BLAST3_075.jpg,test,train,train,train,test,val,test,train,train,train
Blast/BLAST3_076.jpg,train,test,val,train,train,test,train,train,train,train
Blast/BLAST3_077.jpg,train,train,train,train,val,train,train,train,test,train
Blast/BLAST3_078.jpg,train,train,train,train,train,train,train,train,test,train
Blast/BLAST3_079.jpg,train,train,val,train,train,train,train,test,train,train
Blast/BLAST3_080.jpg,test,train,train,train,val,train,test,test,train,train
Blast/BLAST3_081.jpg,train,train,test,train,train,train,train,test,val,train
Blast/BLAST3_082.jpg,train,test,train,val,val,train,train,train,test,train
Blast/BLAST3_083.jpg,train,train,train,test,train,train,train,train,train,train
Blast/BLAST3_084.jpg,val,train,train,train,test,train,test,train,train,train
Blast/BLAST3_085.jpg,train,train,test,train,val,val,train,train,test,train
Blast/BLAST3_086.jpg,test,val,train,train,train,train,train,train,train,val
Blast/BLAST3_087.jpg,test,train,train,train,train,train,train,train,train,test
Blast/BLAST3_088.jpg,train,val,test,test,train,train,train,train,train,train
Blast/BLAST3_089.jpg,train,test,train,train,val,train,train,train,train,train
Blast/BLAST3_090.jpg,train,train,train,test,train,train,train,test,train,train
Blast/BLAST3_091.jpg,train,train,val,train,train,val,train,train,train,train
Blast/BLAST3_092.jpg,train,val,train,train,train,test,train,train,val,train
Blast/BLAST3_093.jpg,train,train,test,train,train,test,val,train,train,train
Blast/BLAST3_094.jpg,train,train,train,test,train,train,train,test,train,train
Blast/BLAST3_095.jpg,test,train,train,train,train,train,train,train,train,test
Blast/BLAST3_096.jpg,train,val,train,train,train,train,train,train,train,val
Blast/BLAST3_097.jpg,train,train,test,train,train,train,train,train,test,train
Blast/BLAST3_098.jpg,train,train,train,test,train,train,train,test,val,test
Blast/BLAST3_099.jpg,train,train,train,val,train,train,train,train,train,test
Blast/BLAST3_100.jpg,train,test,train,train,train,train,test,train,train,test
Blast/BLAST3_101.jpg,train,train,train,train,train,val,train,train,train,val
Blast/BLAST3_102.jpg,train,train,train,train,test,test,train,train,val,train
Blast/BLAST3_103.jpg,train,train,train,train,train,train,train,train,train,train
Blast/BLAST3_104.jpg,train,train,test,val,val,train,test,train,train,val
Blast/BLAST3_105.jpg,train,train,val,train,train,train,train,train,train,val
Blast/BLAST3_106.jpg,train,train,train,train,train,train,train,train,train,test
Blast/BLAST3_107.jpg,train,train,test,val,train,train,train,train,test,train
Blast/BLAST3_108.jpg,train,train,train,train,train,train,val,test,test,val
Blast/BLAST3_109.JPG,val,train,train,val,test,train,train,train,train,test
Blast/BLAST3_110.jpg,train,test,test,train,train,test,train,test,train,train
Blast/BLAST3_111.JPG,train,train,val,train,train,train,val,train,train,train
Blast/BLAST3_112.jpg,train,train,train,train,val,train,train,train,train,train
Blast/BLAST3_113.JPG,train,train,train,train,train,train,train,train,train,train
Blast/BLAST3_114.jpg,train,train,train,train,test,train,train,train,train,val
Blast/BLAST3_115.JPG,train,train,test,train,train,train,train,train,train,train
Blast/BLAST3_116.jpg,train,val,train,val,test,test,train,train,train,train
Blast/BLAST3_117.JPG,train,train,train,train,test,train,train,train,train,test
Blast/BLAST3_118.jpg,val,train,train,train,test,train,train,train,train,val
Blast/BLAST3_119.JPG,train,train,train,test,train,train,val,train,train,train
Blast/BLAST3_120.jpg,train,train,train,train,train,train,val,train,test,test
Blast/BLAST3_121.JPG,train,test,train,train,test,train,train,train,train,train
Blast/BLAST3_122.jpg,train,train,test,train,val,train,test,test,train,train
Blast/BLAST3_123.JPG,train,test,train,train,train,val,test,train,test,train
Blast/BLAST3_124.jpg,train,val,train,train,train,train,train,val,train,test
Blast/BLAST3_125.jpg,train,train,test,val,train,test,val,train,test,val
Blast/BLAST3_126.jpg,train,train,train,train,train,val,train,train,train,test
Blast/BLAST3_127.JPG,train,train,val,train,test,train,train,train,train,train
Blast/BLAST3_128.JPG,test,train,train,train,train,val,train,train,train,train
Blast/BLAST3_129.JPG,test,train,train,test,train,train,train,val,test,train
Blast/BLAST3_130.JPG,train,val,test,test,train,train,test,train,train,train
Blast/BLAST3_131.jpg,train,val,val,train,train,train,train,val,train,train
Blast/BLAST3_132.JPG,train,val,test,train,train,test,train,test,train,train
Blast/BLAST3_133.JPG,train,train,train,train,test,train,val,train,test,train
Blast/BLAST3_134.jpg,test,train,train,train,train,train,train,train,train,train
Blast/BLAST3_135.JPG,train,train,train,val,train,train,train,val,test,train
Blast/BLAST3_136.JPG,train,val,val,train,train,train,train,train,val,test
Blast/BLAST3_137.JPG,test,test,train,test,train,train,train,train,test,test
Blast/BLAST3_138.JPG,val,val,train,train,train,val,train,train,test,train
Blast/BLAST3_139.JPG,train,test,train,train,val,train,train,train,train,train
Blast/BLAST3_140.JPG,train,train,val,train,test,test,train,test,train,train
Blast/BLAST3_141.jpg,test,test,test,test,train,test,train,val,train,train
Blast/BLAST3_142.JPG,test,train,train,train,train,train,train,train,train,val
Blast/BLAST3_143.JPG,train,train,train,test,val,train,val,val,test,test
Blast/BLAST3_144.JPG,train,train,train,train,test,train,test,test,train,train
Blast/BLAST3_145.JPG,train,train,test,train,train,test,train,train,test,train
Blast/BLAST3_146.JPG,train,train,test,train,test,test,test,train,train,test
Blast/BLAST3_147.JPG,train,test,train,train,train,val,train,train,train,train
Blast/BLAST3_148.JPG,train,test,val,test,test,train,train,train,train,train
Blast/BLAST3_149.JPG,test,train,test,train,train,train,train,train,train,train
Blast/BLAST3_150.JPG,test,train,train,train,train,train,val,train,train,test
Blast/BLAST3_151.jpg,train,train,val,train,test,train,train,test,train,train
Blast/BLAST3_152.jpg,test,test,test,train,train,train,test,train,train,train
Blast/BLAST3_153.jpg,train,test,train,test,test,train,train,train,val,train
Blast/BLAST3_154.jpg,train,train,train,train,train,val,test,train,train,train
Blast/BLAST3_155.jpg,test,train,train,val,test,train,train,train,test,test
Blast/BLAST3_156.jpg,train,train,train,train,train,train,train,train,train,train
Blast/BLAST3_157.jpg,train,train,test,train,test,train,train,val,train,val
Blast/BLAST3_158.jpg,train,train,train,train,train,train,train,test,test,train
Blast/BLAST3_159.jpg,train,train,train,test,train,train,train,train,train,train
Blast/BLAST3_160.jpg,train,train,test,val,train,val,train,train,train,train
Blast/BLAST4_001.jpg,train,train,train,train,val,train,train,train,train,train
Blast/BLAST4_002.jpg,train,test,train,val,train,train,train,train,train,train
Blast/BLAST4_003.jpg,train,val,val,train,train,train,train,train,train,train
Blast/BLAST4_004.jpg,val,train,test,train,train,train,train,train,train,train
Blast/BLAST4_005.jpg,val,train,train,test,train,train,test,test,train,test
Blast/BLAST4_006.jpg,test,train,test,train,train,train,train,train,train,test
Blast/BLAST4_007.jpg,val,train,test,train,train,train,train,train,val,train
Blast/BLAST4_008.jpg,train,test,train,train,train,train,test,train,train,test
Blast/BLAST4_009.jpg,train,train,train,test,test,val,train,train,val,train
Blast/BLAST4_010.jpg,train,test,train,train,train,val,train,train,train,train
Blast/BLAST4_011.jpg,train,test,val,train,train,test,train,val,val,train
Blast/BLAST4_012.jpg,train,train,test,train,train,test,train,train,test,train
Blast/BLAST4_013.jpg,train,test,test,test,train,train,train,test,train,train
Blast/BLAST4_014.jpg,train,train,train,train,train,train,train,train,test,train
Blast/BLAST4_015.jpg,train,test,train,train,test,train,train,test,train,train
Blast/BLAST4_016.jpg,val,val,train,test,train,train,train,train,train,test
Blast/BLAST4_017.jpg,val,test,train,train,train,train,train,train,train,train
Blast/BLAST4_018.jpg,train,test,train,train,train,train,train,train,train,train
Blast/BLAST4_019.jpg,train,train,test,train,test,test,test,val,train,val
Blast/BLAST4_020.jpg,train,val,train,train,train,val,train,train,test,test
Blast/BLAST4_021.jpg,test,train,train,train,train,train,train,train,train,train
Blast/BLAST4_022.jpg,train,train,val,val,test,train,train,train,train,train
Blast/BLAST4_023.jpg,test,test,train,train,train,train,train,test,train,train
Blast/BLAST4_024.jpg,train,train,train,train,train,train,train,train,train,train
Blast/BLAST4_025.jpg,train,train,val,train,train,train,train,train,train,train
Blast/BLAST4_026.jpg,train,test,test,train,val,train,test,test,train,train
Blast/BLAST4_027.jpg,train,train,test,train,train,train,train,train,train,val
Blast/BLAST4_028.jpg,train,train,test,train,test,train,train,test,train,val
Blast/BLAST4_029.jpg,test,train,train,train,val,val,train,val,train,test
Blast/BLAST4_030.jpg,test,test,train,test,train,train,test,val,val,train
Blast/BLAST4_031.JPG,train,train,train,val,test,train,train,train,test,test
Blast/BLAST4_032.jpg,val,test,train,train,train,train,train,train,val,test
Blast/BLAST4_033.JPG,train,test,train,train,test,train,train,train,val,train
Blast/BLAST4_034.jpg,train,train,train,train,train,train,train,train,test,train
Blast/BLAST4_035.JPG,train,test,train,train,train,train,train,train,train,train
Blast/BLAST4_036.jpg,train,train,val,test,train,train,train,train,train,train
Blast/BLAST4_037.JPG,train,train,val,test,train,train,train,train,train,val
Blast/BLAST4_038.jpg,test,train,test,train,train,train,train,train,train,test
Blast/BLAST4_039.JPG,train,train,train,train,test,train,test,train,val,test
Blast/BLAST4_040.jpg,train,train,train,train,train,val,train,test,train,test
Blast/BLAST4_041.JPG,test,train,train,test,val,train,train,train,test,train
Blast/BLAST4_042.jpg,train,test,train,train,train,test,val,train,train,val
Blast/BLAST4_043.JPG,train,train,train,train,train,train,train,train,train,val
Blast/BLAST4_044.jpg,train,train,train,val,test,val,train,train,train,test
Blast/BLAST4_045.JPG,train,val,train,val,train,train,train,train,test,train
Blast/BLAST4_046.jpg,train,train,train,train,train,train,val,train,train,train
Blast/BLAST4_047.jpg,val,train,val,val,val,test,train,train,train,val
Blast/BLAST4_048.JPG,train,test,train,train,train,train,train,train,train,test
Blast/BLAST4_049.JPG,train,train,test,test,test,train,train,train,test,train
Blast/BLAST4_050.JPG,train,train,test,val,test,val,test,train,test,train
Blast/BLAST4_051.JPG,train,test,train,train,train,train,train,val,val,val
Blast/BLAST4_052.jpg,test,test,train,train,train,val,test,train,val,test
Blast/BLAST4_053.JPG,train,test,test,val,train,train,val,train,train,train
Blast/BLAST4_054.JPG,train,train,val,train,train,train,train,train,train,train
Blast/BLAST4_055.jpg,train,train,train,train,train,train,test,train,test,train
Blast/BLAST4_056.JPG,train,test,test,train,train,train,test,val,train,train
Blast/BLAST4_057.JPG,train,train,train,train,val,train,train,test,train,val
Blast/BLAST4_058.JPG,test,val,train,val,train,train,train,train,train,train
Blast/BLAST4_059.JPG,train,train,test,train,test,train,val,test,train,train
Blast/BLAST4_060.JPG,test,train,train,test,train,test,train,val,val,train
Blast/BLAST4_061.JPG,train,train,test,train,train,train,test,train,train,train
Blast/BLAST4_062.jpg,train,train,val,test,test,test,train,val,train,train
Blast/BLAST4_063.JPG,train,train,test,train,train,val,train,train,train,train
Blast/BLAST4_064.JPG,test,train,train,train,train,train,train,train,test,test
Blast/BLAST4_065.JPG,train,train,test,test,train,train,train,train,train,train
Blast/BLAST4_066.JPG,test,train,train,train,train,train,train,train,train,train
Blast/BLAST4_067.JPG,test,train,train,test,train,test,train,train,train,test
Blast/BLAST4_068.JPG,test,train,test,train,train,test,train,train,val,train
Blast/BLAST4_069.JPG,train,train,test,train,train,train,test,train,test,val
Blast/BLAST4_070.JPG,test,train,test,val,train,train,train,train,val,train
Blast/BLAST4_071.JPG,train,test,train,test,train,train,train,test,val,train
Blast/BLAST4_072.jpg,train,train,train,train,train,train,train,train,train,train
Blast/BLAST4_073.jpg,train,train,train,train,train,train,val,test,val,test
Blast/BLAST4_074.jpg,test,train,train,train,train,train,train,test,train,train
Blast/BLAST4_075.jpg,test,train,test,train,train,val,train,train,train,train
Blast/BLAST4_076.jpg,train,val,train,train,train,train,train,train,val,train
Blast/BLAST4_077.jpg,train,train,train,train,train,val,train,train,train,train
Blast/BLAST4_078.jpg,train,train,train,test,train,train,train,train,train,test
Blast/BLAST4_079.jpg,train,train,train,train,test,train,train,test,test,train
Blast/BLAST4_080.jpg,train,train,test,train,test,train,train,train,test,val
Blast/BLAST4_081.jpg,val,test,val,train,test,train,test,train,test,test
Blast/BLAST4_082.jpg,train,test,train,val,train,train,train,train,test,train
Blast/BLAST4_083.jpg,test,train,test,train,train,train,train,train,train,train
Blast/BLAST4_084.jpg,train,train,train,train,train,train,test,train,train,train
Blast/BLAST4_085.jpg,val,train,train,train,train,test,val,val,train,train
Blast/BLAST4_086.jpg,val,train,train,train,val,train,train,train,test,test
Blast/BLAST4_087.jpg,test,train,train,test,test,val,train,train,train,train
Blast/BLAST4_088.jpg,train,test,train,train,train,train,train,train,train,test
Blast/BLAST4_089.jpg,train,train,train,train,train,train,train,train,train,train
Blast/BLAST4_090.jpg,train,train,train,train,train,test,train,train,test,train
Blast/BLAST4_091.jpg,train,train,train,train,train,test,train,train,train,train
Blast/BLAST4_092.jpg,train,train,train,train,train,train,train,test,test,test
Blast/BLAST4_093.jpg,train,test,train,test,train,test,train,train,train,test
Blast/BLAST4_094.jpg,train,train,train,train,train,train,test,train,train,train
Blast/BLAST4_095.jpg,train,val,train,train,train,val,train,train,train,test
Blast/BLAST4_096.jpg,train,train,train,train,train,train,train,test,test,train
Blast/BLAST4_097.jpg,test,train,train,val,train,train,train,val,val,train
Blast/BLAST4_098.jpg,train,train,train,test,train,test,train,train,train,test
Blast/BLAST4_099.jpg,train,train,train,train,test,train,train,train,test,test
Blast/BLAST4_100.jpg,val,train,train,test,train,test,test,train,train,train
Blast/BLAST4_101.jpg,train,train,train,train,val,val,test,train,train,train
Blast/BLAST4_102.jpg,train,train,train,train,train,train,train,train,train,val
Blast/BLAST4_103.jpg,train,train,train,test,train,train,train,test,train,train
Blast/BLAST4_104.jpg,train,val,test,train,test,test,train,train,val,train
Blast/BLAST4_105.jpg,train,test,train,train,train,train,val,train,train,train
Blast/BLAST4_106.jpg,train,train,train,train,train,train,train,test,train,test
Blast/BLAST4_107.jpg,train,train,train,train,train,test,test,train,train,train
Blast/BLAST4_108.jpg,train,train,train,train,train,train,train,test,test,val
Blast/BLAST4_109.JPG,train,train,train,val,train,train,train,train,test,test
Blast/BLAST4_110.jpg,val,test,val,test,train,train,val,val,train,train
Blast/BLAST4_111.JPG,train,train,train,train,train,test,train,test,train,train
Blast/BLAST4_112.jpg,val,train,train,train,train,train,test,test,train,train
Blast/BLAST4_113.JPG,train,train,test,train,train,test,train,test,train,train
Blast/BLAST4_114.jpg,val,train,train,train,test,train,test,train,train,train
Blast/BLAST4_115.JPG,test,train,train,val,train,test,val,train,train,train
Blast/BLAST4_116.jpg,train,train,train,train,train,train,train,train,train,train
Blast/BLAST4_117.JPG,train,train,train,train,train,train,train,test,train,val
Blast/BLAST4_118.jpg,train,train,test,test,val,train,train,test,train,val
Blast/BLAST4_119.JPG,train,train,val,train,val,train,train,train,train,train
Blast/BLAST4_120.jpg,train,test,test,train,train,train,train,test,train,train
Blast/BLAST4_121.JPG,val,train,train,train,train,train,train,test,val,train
Blast/BLAST4_122.jpg,train,train,test,test,train,test,train,train,train,train
Blast/BLAST4_123.JPG,train,val,train,val,test,train,val,train,train,train
Blast/BLAST4_124.jpg,train,train,val,val,train,val,test,train,val,test
Blast/BLAST4_125.jpg,train,train,test,val,train,test,test,train,train,val
Blast/BLAST4_126.jpg,train,train,train,train,train,train,train,train,test,train
Blast/BLAST4_127.JPG,train,test,train,train,train,train,test,train,train,train
Blast/BLAST4_128.JPG,train,test,test,train,train,train,train,train,train,train
Blast/BLAST4_129.JPG,train,train,val,train,train,train,test,train,train,train
Blast/BLAST4_130.JPG,train,train,train,train,train,train,train,train,train,test
Blast/BLAST4_131.jpg,train,test,val,train,val,val,val,test,train,train
Blast/BLAST4_132.JPG,train,test,test,train,train,train,train,train,train,val
Blast/BLAST4_133.JPG,train,train,train,train,test,train,test,train,train,train
Blast/BLAST4_134.jpg,train,train,train,train,test,train,train,train,test,train
Blast/BLAST4_135.JPG,train,val,train,test,val,train,train,train,train,train
Blast/BLAST4_136.JPG,train,train,train,val,train,train,val,train,train,train
Blast/BLAST4_137.JPG,train,train,test,train,test,train,test,train,train,train
Blast/BLAST4_138.JPG,val,train,train,train,val,train,train,train,val,train
Blast/BLAST4_139.JPG,train,train,test,train,train,train,train,train,train,train
Blast/BLAST4_140.JPG,train,train,train,train,test,test,train,test,train,train
Blast/BLAST4_141.jpg,val,test,test,train,train,val,train,train,test,train
Blast/BLAST4_142.JPG,train,train,test,train,train,test,train,train,train,test
Blast/BLAST4_143.JPG,train,train,val,train,train,train,test,val,train,train
Blast/BLAST4_144.JPG,train,val,train,train,test,train,test,train,test,train
Blast/BLAST4_145.JPG,test,train,train,train,train,train,train,val,train,test
Blast/BLAST4_146.JPG,train,train,test,train,train,val,val,train,train,train
Blast/BLAST4_147.JPG,val,train,train,test,train,train,train,val,val,test
Blast/BLAST4_148.JPG,train,train,test,train,train,train,train,test,train,train
Blast/BLAST4_149.JPG,test,train,train,train,train,train,test,train,test,test
Blast/BLAST4_150.JPG,train,test,test,train,train,train,train,train,val,test
Blast/BLAST4_151.jpg,test,train,val,train,train,train,train,train,train,train
Blast/BLAST4_152.jpg,train,train,train,train,train,train,test,test,train,test
Blast/BLAST4_153.jpg,train,train,train,train,test,train,test,test,test,train
Blast/BLAST4_154.jpg,train,train,train,train,train,val,train,train,train,train
Blast/BLAST4_155.jpg,train,train,test,test,train,train,test,train,train,train
Blast/BLAST4_156.jpg,train,train,val,train,train,train,val,train,train,train
Blast/BLAST4_157.jpg,test,train,val,val,train,train,train,train,train,val
Blast/BLAST4_158.jpg,train,train,train,train,train,train,test,test,train,train
Blast/BLAST4_159.jpg,train,train,train,train,train,train,test,train,val,val
Blast/BLAST4_160.jpg,test,train,train,val,train,train,test,test,train,train
Blast/BLAST5_001.jpg,train,train,train,val,train,val,train,train,val,train
Blast/BLAST5_002.jpg,train,test,train,val,train,train,train,train,train,train
Blast/BLAST5_003.jpg,train,train,train,train,train,train,train,test,test,train
Blast/BLAST5_004.jpg,val,train,test,train,test,train,train,train,train,train
Blast/BLAST5_005.jpg,train,train,val,test,train,train,train,train,val,train
Blast/BLAST5_006.jpg,train,val,train,train,train,train,train,train,train,val
Blast/BLAST5_007.jpg,train,train,train,train,test,val,val,train,test,train
Blast/BLAST5_008.jpg,train,val,train,test,test,train,train,train,train,train
Blast/BLAST5_009.jpg,test,train,train,train,train,train,train,train,val,test
Blast/BLAST5_010.jpg,train,train,test,test,train,train,train,test,train,train
Blast/BLAST5_011.jpg,train,test,train,train,test,train,train,train,val,train
Blast/BLAST5_012.jpg,train,val,test,train,train,test,train,train,train,train
Blast/BLAST5_013.jpg,val,train,train,train,test,val,train,train,train,train
Blast/BLAST5_014.jpg,train,train,train,test,test,train,train,test,train,train
Blast/BLAST5_015.jpg,train,train,test,train,train,test,train,train,val,train
Blast/BLAST5_016.jpg,train,val,train,train,val,train,test,train,train,val
Blast/BLAST5_017.jpg,train,train,train,train,train,train,train,train,train,test
Blast/BLAST5_018.jpg,train,train,test,test,train,train,train,test,val,test
Blast/BLAST5_019.jpg,train,train,val,train,train,train,test,train,train,train
Blast/BLAST5_020.jpg,train,test,train,train,train,train,train,train,test,test
Blast/BLAST5_021.jpg,train,train,train,val,test,train,train,train,train,test
Blast/BLAST5_022.jpg,train,train,train,train,train,test,train,train,train,train
Blast/BLAST5_023.jpg,train,train,train,train,train,val,val,train,test,val
Blast/BLAST5_024.jpg,train,train,train,val,test,train,train,train,train,val
Blast/BLAST5_025.jpg,val,train,val,train,train,train,train,train,train,train
Blast/BLAST5_026.jpg,train,train,test,train,train,train,train,train,train,test
Blast/BLAST5_027.jpg,test,train,train,train,train,train,test,train,train,val
Blast/BLAST5_028.jpg,train,train,train,train,train,train,train,test,train,val
Blast/BLAST5_029.jpg,train,train,train,val,train,train,train,train,train,train
Blast/BLAST5_030.jpg,val,test,train,train,train,test,test,test,val,train
Blast/BLAST5_031.JPG,test,train,test,val,train,train,train,train,train,test
Blast/BLAST5_032.jpg,train,train,train,train,val,train,train,train,train,train
Blast/BLAST5_033.JPG,train,train,train,train,train,train,train,train,train,train
Blast/BLAST5_034.jpg,test,train,train,train,test,train,train,train,train,val
Blast/BLAST5_035.JPG,train,train,train,train,train,train,train,train,train,train
Blast/BLAST5_036.jpg,val,val,test,val,train,test,train,train,train,train
Blast/BLAST5_037.JPG,train,train,train,train,train,train,test,train,test,train
Blast/BLAST5_038.jpg,train,train,val,train,train,train,train,train,train,val
Blast/BLAST5_039.JPG,train,train,train,train,train,train,train,train,train,test
Blast/BLAST5_040.jpg,val,train,train,train,train,train,val,train,test,test
Blast/BLAST5_041.JPG,train,train,train,test,val,train,train,train,train,train
Blast/BLAST5_042.jpg,train,train,train,train,train,train,train,test,train,train
Blast/BLAST5_043.JPG,train,test,train,train,val,train,train,train,test,train
Blast/BLAST5_044.jpg,train,val,train,train,train,train,test,val,train,test
Blast/BLAST5_045.JPG,test,test,test,train,val,val,train,train,val,train
Blast/BLAST5_046.jpg,train,train,train,train,train,val,train,train,test,test
Blast/BLAST5_047.jpg,train,train,test,val,train,test,train,train,train,val
Blast/BLAST5_048.JPG,train,train,train,train,test,train,train,train,train,train
Blast/BLAST5_049.JPG,train,train,train,train,train,val,train,train,train,train
Blast/BLAST5_050.JPG,train,train,train,test,test,train,train,val,test,train
Blast/BLAST5_051.JPG,train,val,test,test,train,train,train,train,train,train
Blast/BLAST5_052.jpg,train,val,val,train,train,train,train,val,val,train
Blast/BLAST5_053.JPG,train,val,train,train,train,test,train,test,train,train
Blast/BLAST5_054.JPG,train,train,val,train,train,train,train,train,train,train
Blast/BLAST5_055.jpg,train,train,train,train,val,train,train,train,train,train
Blast/BLAST5_056.JPG,train,train,train,val,train,train,train,val,train,train
Blast/BLAST5_057.JPG,test,val,val,train,val,train,test,train,train,test
Blast/BLAST5_058.JPG,train,test,train,test,train,train,train,train,val,test
Blast/BLAST5_059.JPG,test,val,train,train,train,val,test,train,test,train
Blast/BLAST5_060.JPG,val,test,val,train,test,train,train,train,train,train
Blast/BLAST5_061.JPG,train,train,train,train,train,test,test,test,train,train
Blast/BLAST5_062.jpg,test,test,train,test,val,test,train,val,train,train
Blast/BLAST5_063.JPG,train,train,val,train,test,train,test,train,train,val
Blast/BLAST5_064.JPG,train,train,test,test,test,train,train,val,train,test
Blast/BLAST5_065.JPG,train,train,train,train,test,train,train,test,train,train
Blast/BLAST5_066.JPG,train,train,val,train,train,test,train,train,train,train
Blast/BLAST5_067.JPG,train,train,test,train,test,test,test,train,test,test
Blast/BLAST5_068.JPG,train,test,train,train,train,val,test,train,train,train
Blast/BLAST5_069.JPG,train,test,val,test,test,train,test,train,train,train
Blast/BLAST5_070.JPG,test,train,train,train,train,train,train,train,test,train
Blast/BLAST5_071.JPG,test,train,train,train,train,train,train,train,test,test
Blast/BLAST5_072.jpg,train,train,val,train,train,train,train,test,train,train
Blast/BLAST5_073.jpg,train,test,train,train,train,train,train,train,train,train
Blast/BLAST5_074.jpg,val,test,train,test,train,train,train,train,test,train
Blast/BLAST5_075.jpg,train,train,train,train,train,val,train,train,train,train
Blast/BLAST5_076.jpg,train,train,train,val,test,train,train,train,train,test
Blast/BLAST5_077.jpg,test,train,test,train,train,train,val,train,test,train
Blast/BLAST5_078.jpg,train,train,train,train,train,train,train,val,train,val
Blast/BLAST5_079.jpg,train,train,train,train,test,train,train,test,train,train
Blast/BLAST5_080.jpg,train,train,test,test,train,train,train,train,train,train
Blast/BLAST5_081.jpg,train,train,test,test,train,test,train,train,val,train
Blast/BLAST5_082.jpg,train,test,train,val,train,train,train,train,train,train
Blast/BLAST5_083.jpg,val,val,test,val,val,val,val,test,train,test
Blast/BLAST5_084.jpg,train,train,train,train,train,train,train,train,train,train
Blast/BLAST5_085.jpg,test,train,train,train,train,val,train,train,train,train
Blast/BLAST5_086.jpg,train,val,train,train,train,train,val,train,train,val
Blast/BLAST5_087.jpg,train,train,train,train,train,train,train,test,train,train
Blast/BLAST5_088.jpg,test,val,train,test,train,train,val,train,train,train
Blast/BLAST5_089.jpg,train,train,train,train,train,train,train,test,train,test
Blast/BLAST5_090.jpg,train,train,train,train,train,train,val,test,train,train
Blast/BLAST5_091.jpg,train,train,test,train,train,test,train,train,test,train
Blast/BLAST5_092.jpg,train,val,train,train,test,test,train,train,train,train
Blast/BLAST5_093.jpg,test,train,train,train,train,train,train,test,train,train
Blast/BLAST5_094.jpg,train,train,train,train,train,train,train,train,test,train
Blast/BLAST5_095.jpg,train,train,train,val,test,train,test,train,train,test
Blast/BLAST5_096.jpg,train,train,train,train,train,train,train,test,val,train
Blast/BLAST5_097.jpg,train,train,train,train,train,test,test,train,train,test
Blast/BLAST5_098.jpg,test,train,train,test,train,train,train,test,train,test
Blast/BLAST5_099.jpg,train,test,train,train,train,train,train,train,test,test
Blast/BLAST5_100.jpg,train,train,test,train,train,train,train,train,train,test
Blast/BLAST5_101.jpg,val,train,test,train,val,train,train,test,test,test
Blast/BLAST5_102.jpg,train,val,train,val,train,train,train,train,train,train
Blast/BLAST5_103.jpg,train,train,test,train,train,test,train,train,train,train
Blast/BLAST5_104.jpg,train,train,test,test,train,test,val,test,train,train
Blast/BLAST5_105.jpg,train,train,train,train,train,train,train,train,train,val
Blast/BLAST5_106.jpg,train,train,train,train,test,train,test,train,train,test
Blast/BLAST5_107.jpg,test,train,train,test,test,train,test,train,train,test
Blast/BLAST5_108.jpg,test,train,train,train,test,train,val,test,test,val
Blast/BLAST5_109.JPG,train,train,test,val,train,train,train,train,train,test
Blast/BLAST5_110.jpg,train,test,train,train,test,test,train,test,train,train
Blast/BLAST5_111.JPG,val,test,train,train,train,train,test,train,train,train
Blast/BLAST5_112.jpg,train,train,train,train,train,train,train,train,train,train
Blast/BLAST5_113.JPG,train,test,train,train,train,train,test,train,train,train
Blast/BLAST5_114.jpg,train,val,train,train,train,train,train,train,test,train
Blast/BLAST5_115.JPG,test,train,train,train,train,test,train,train,train,train
Blast/BLAST5_116.jpg,train,train,val,train,train,train,train,val,test,val
Blast/BLAST5_117.JPG,train,train,val,val,train,train,train,test,test,train
Blast/BLAST5_118.jpg,train,train,train,train,train,test,train,train,train,val
Blast/BLAST5_119.JPG,train,train,train,train,train,test,train,val,test,train
Blast/BLAST5_120.jpg,train,train,train,train,test,train,train,test,train,train
Blast/BLAST5_121.JPG,train,train,train,test,train,train,train,train,train,train
Blast/BLAST5_122.jpg,train,val,train,train,train,train,train,train,test,train
Blast/BLAST5_123.JPG,train,train,train,train,val,train,train,val,train,test
Blast/BLAST5_124.jpg,train,train,train,test,train,test,train,train,val,train
Blast/BLAST5_125.jpg,train,train,train,val,train,test,train,train,train,val
Blast/BLAST5_126.jpg,test,train,train,test,train,train,val,val,train,train
Blast/BLAST5_127.JPG,train,train,train,train,train,train,val,train,train,train
Blast/BLAST5_128.JPG,test,train,train,train,test,train,test,train,train,train
Blast/BLAST5_129.JPG,train,test,test,train,train,train,train,test,test,train
Blast/BLAST5_130.JPG,train,train,val,train,train,train,test,train,train,train
Blast/BLAST5_131.jpg,train,val,train,train,train,train,train,val,train,train
Blast/BLAST5_132.JPG,train,train,train,test,train,test,test,test,train,train
Blast/BLAST5_133.JPG,test,train,train,train,val,train,train,train,train,train
Blast/BLAST5_134.jpg,train,train,train,train,train,train,train,train,train,train
Blast/BLAST5_135.JPG,test,train,train,train,train,test,train,train,test,train
Blast/BLAST5_136.JPG,val,train,train,train,train,train,train,train,train,test
Blast/BLAST5_137.JPG,train,test,train,test,test,train,train,train,test,test
Blast/BLAST5_138.JPG,val,train,train,train,train,train,train,train,train,train
Blast/BLAST5_139.JPG,train,test,train,train,train,train,test,train,val,train
Blast/BLAST5_140.JPG,train,train,val,train,train,test,val,test,train,train
Blast/BLAST5_141.jpg,train,train,val,train,train,train,val,train,val,train
Blast/BLAST5_142.JPG,train,train,train,train,train,train,train,train,train,train
Blast/BLAST5_143.JPG,train,train,train,train,train,test,train,train,train,test
Blast/BLAST5_144.JPG,train,train,train,train,train,test,test,test,test,test
Blast/BLAST5_145.JPG,train,train,train,test,train,train,train,train,train,test
Blast/BLAST5_146.JPG,train,train,train,train,train,val,train,train,train,val
Blast/BLAST5_147.JPG,train,train,train,train,train,val,val,train,test,train
Blast/BLAST5_148.JPG,test,test,train,test,train,train,train,train,val,train
Blast/BLAST5_149.JPG,test,test,train,train,test,train,train,train,test,test
Blast/BLAST5_150.JPG,test,train,test,train,train,train,train,train,train,train
Blast/BLAST5_151.jpg,test,train,train,train,train,train,train,test,train,train
Blast/BLAST5_152.jpg,train,test,train,train,train,train,val,train,train,train
Blast/BLAST5_153.jpg,train,test,train,test,train,train,train,train,train,train
Blast/BLAST5_154.jpg,train,train,train,train,train,val,train,train,train,train
Blast/BLAST5_155.jpg,test,test,test,train,train,test,test,train,test,train
Blast/BLAST5_156.jpg,train,train,train,train,train,train,train,train,val,train
Blast/BLAST5_157.jpg,train,train,train,train,train,train,train,train,test,train
Blast/BLAST5_158.jpg,train,train,train,train,test,train,train,test,train,train
Blast/BLAST5_159.jpg,train,train,test,train,train,train,test,test,val,train
Blast/BLAST5_160.jpg,train,train,train,train,train,train,train,train,test,train
Blast/BLAST6_001.jpg,test,train,train,train,train,train,train,train,train,train
Blast/BLAST6_002.jpg,val,test,test,val,train,train,val,train,val,train
Blast/BLAST6_003.jpg,train,val,test,train,train,train,val,train,train,train
Blast/BLAST6_004.jpg,train,train,train,train,train,train,train,train,test,train
Blast/BLAST6_005.jpg,train,train,train,test,test,train,test,test,train,test
Blast/BLAST6_006.jpg,test,train,train,train,train,train,train,train,train,test
Blast/BLAST6_007.jpg,train,train,val,train,test,train,test,train,train,train
Blast/BLAST6_008.jpg,train,test,train,train,test,train,test,train,test,test
Blast/BLAST6_009.jpg,train,train,train,test,val,val,test,train,test,train
Blast/BLAST6_010.jpg,train,test,train,train,train,val,train,train,train,train
Blast/BLAST6_011.jpg,test,test,val,train,val,test,train,val,train,train
Blast/BLAST6_012.jpg,train,train,train,train,train,test,train,train,train,train
Blast/BLAST6_013.jpg,test,test,train,test,val,train,train,test,train,train
Blast/BLAST6_014.jpg,test,train,train,train,train,train,train,train,train,train
Blast/BLAST6_015.jpg,val,test,train,train,train,train,train,test,train,train
Blast/BLAST6_016.jpg,train,val,train,test,train,train,train,train,test,test
Blast/BLAST6_017.jpg,train,test,train,train,train,train,test,train,train,train
Blast/BLAST6_018.jpg,train,test,train,train,train,train,train,train,train,train
Blast/BLAST6_019.jpg,test,train,train,train,train,test,train,val,train,val
Blast/BLAST6_020.jpg,test,val,train,train,train,val,test,train,test,test
Blast/BLAST6_021.jpg,train,train,test,train,train,train,train,train,train,train
Blast/BLAST6_022.jpg,train,train,train,val,train,train,train,train,train,train
Blast/BLAST6_023.jpg,test,test,train,train,val,train,test,test,train,train
Blast/BLAST6_024.jpg,train,train,val,train,train,train,test,train,train,train
Blast/BLAST6_025.jpg,train,train,test,train,train,train,train,train,train,train
Blast/BLAST6_026.jpg,train,test,train,train,train,train,train,test,train,train
Blast/BLAST6_027.jpg,train,train,val,train,train,train,test,train,train,val
Blast/BLAST6_028.jpg,test,train,train,train,train,train,test,test,train,val
Blast/BLAST6_029.jpg,train,train,test,train,train,val,train,val,train,test
Blast/BLAST6_030.jpg,train,test,train,test,val,train,train,val,train,train
Blast/BLAST6_031.JPG,test,train,train,val,test,train,train,train,train,test
Blast/BLAST6_032.jpg,train,test,train,train,test,train,train,train,train,test
Blast/BLAST6_033.JPG,train,test,train,train,val,train,val,train,train,train
Blast/BLAST6_034.jpg,train,train,train,train,train,train,train,train,train,train
Blast/BLAST6_035.JPG,train,test,train,train,train,train,val,train,test,train
Blast/BLAST6_036.jpg,train,train,val,test,test,train,val,train,train,train
Blast/BLAST6_037.JPG,train,train,test,test,train,train,train,train,test,val
Blast/BLAST6_038.jpg,train,train,test,train,train,train,test,train,train,test
Blast/BLAST6_039.JPG,train,train,test,train,train,train,train,train,val,test
Blast/BLAST6_040.jpg,train,train,train,train,train,val,test,test,train,test
Blast/BLAST6_041.JPG,train,train,train,test,train,train,train,train,train,train
Blast/BLAST6_042.jpg,val,test,test,train,train,test,train,train,train,val
Blast/BLAST6_043.JPG,train,train,train,train,train,train,train,train,test,val
Blast/BLAST6_044.jpg,test,train,train,val,test,val,train,train,train,test
Blast/BLAST6_045.JPG,train,val,test,val,train,train,train,train,train,train
Blast/BLAST6_046.jpg,train,train,train,train,val,train,train,train,test,train
Blast/BLAST6_047.jpg,test,train,train,val,train,test,train,train,test,val
Blast/BLAST6_048.JPG,train,test,train,train,test,train,train,train,test,test
Blast/BLAST6_049.JPG,train,train,test,test,train,train,train,train,test,train
Blast/BLAST6_050.JPG,train,train,train,val,val,val,train,train,val,train
Blast/BLAST6_051.JPG,train,test,train,train,train,train,train,val,train,val
Blast/BLAST6_052.jpg,train,test,train,train,train,val,train,train,train,test
Blast/BLAST6_053.JPG,train,test,train,val,test,train,test,train,train,train
Blast/BLAST6_054.JPG,test,train,train,train,train,train,val,train,train,train
Blast/BLAST6_055.jpg,train,train,train,train,train,train,train,train,train,train
Blast/BLAST6_056.JPG,train,test,val,train,train,train,train,val,train,train
Blast/BLAST6_057.JPG,train,train,test,train,train,train,val,test,train,val
Blast/BLAST6_058.JPG,test,val,train,val,train,train,train,train,train,train
Blast/BLAST6_059.JPG,train,train,train,train,train,train,train,test,test,train
Blast/BLAST6_060.JPG,train,train,test,test,train,test,train,val,train,train
Blast/BLAST6_061.JPG,train,train,train,train,train,train,train,train,val,train
Blast/BLAST6_062.jpg,test,train,train,test,train,test,val,val,val,train
Blast/BLAST6_063.JPG,train,train,test,train,train,val,test,train,train,train
Blast/BLAST6_064.JPG,train,train,test,train,train,train,train,train,test,test
Blast/BLAST6_065.JPG,train,train,test,test,train,train,train,train,train,train
Blast/BLAST6_066.JPG,test,train,train,train,train,train,train,train,train,train
Blast/BLAST6_067.JPG,train,train,train,test,test,test,train,train,val,test
Blast/BLAST6_068.JPG,test,train,train,train,test,test,test,train,test,train
Blast/BLAST6_069.JPG,test,train,test,train,train,train,test,train,train,val
Blast/BLAST6_070.JPG,train,train,train,val,val,train,train,train,train,train
Blast/BLAST6_071.JPG,train,test,test,test,train,train,train,test,val,train
Blast/BLAST6_072.jpg,train,train,train,train,train,train,train,train,train,train
Blast/BLAST6_073.jpg,train,train,val,train,train,train,test,test,train,test
Blast/BLAST6_074.jpg,train,train,val,train,train,train,train,test,train,train
Blast/BLAST6_075.jpg,train,train,train,train,train,val,train,train,test,train
Blast/BLAST6_076.jpg,test,val,train,train,train,train,train,train,test,train
Blast/BLAST6_077.jpg,train,train,train,train,train,val,test,train,train,train
Blast/BLAST6_078.jpg,test,train,test,test,val,train,train,train,train,test
Blast/BLAST6_079.jpg,train,train,train,train,val,train,test,test,test,train
Blast/BLAST6_080.jpg,train,train,train,train,train,train,val,train,train,val
Blast/BLAST6_081.jpg,train,test,train,train,train,train,train,train,train,test
Blast/BLAST6_082.jpg,train,test,train,val,train,train,train,train,train,train
Blast/BLAST6_083.jpg,test,train,val,train,train,train,test,train,train,train
Blast/BLAST6_084.jpg,test,train,train,train,train,train,test,train,val,train
Blast/BLAST6_085.jpg,test,train,val,train,train,test,train,val,train,train
Blast/BLAST6_086.jpg,test,train,train,train,train,train,train,train,train,test
Blast/BLAST6_087.jpg,train,train,train,test,train,val,train,train,train,train
Blast/BLAST6_088.jpg,train,test,train,train,train,train,train,train,train,test
Blast/BLAST6_089.jpg,train,train,test,train,train,train,val,train,train,train
Blast/BLAST6_090.jpg,test,train,test,train,val,test,train,train,train,train
Blast/BLAST6_091.jpg,train,train,train,train,train,test,train,train,train,train
Blast/BLAST6_092.jpg,train,train,train,train,train,train,train,test,train,test
Blast/BLAST6_093.jpg,train,test,train,test,test,test,train,train,test,test
Blast/BLAST6_094.jpg,test,train,train,train,train,train,train,train,train,train
Blast/BLAST6_095.jpg,train,val,train,train,val,val,train,train,train,test
Blast/BLAST6_096.jpg,test,train,test,train,test,train,train,test,train,train
Blast/BLAST6_097.jpg,test,train,test,val,train,train,val,val,train,train
Blast/BLAST6_098.jpg,train,train,train,test,train,test,train,train,test,test
Blast/BLAST6_099.jpg,train,train,train,train,test,train,test,train,train,test
Blast/BLAST6_100.jpg,train,train,train,test,test,test,train,train,train,train
Blast/BLAST6_101.jpg,test,train,train,train,test,val,train,train,test,train
Blast/BLAST6_102.jpg,train,train,test,train,train,train,train,train,train,val
Blast/BLAST6_103.jpg,train,train,train,test,train,train,train,test,train,train
Blast/BLAST6_104.jpg,train,val,test,train,train,test,train,train,train,train
Blast/BLAST6_105.jpg,train,test,test,train,train,train,val,train,train,train
Blast/BLAST6_106.jpg,train,train,train,train,train,train,train,test,train,test
Blast/BLAST6_107.jpg,train,train,train,train,train,test,train,train,test,train
Blast/BLAST6_108.jpg,train,train,train,train,test,train,test,test,train,val
Blast/BLAST6_109.JPG,train,train,train,val,train,train,train,train,test,test
Blast/BLAST6_110.jpg,train,test,test,test,train,train,train,val,train,train
Blast/BLAST6_111.JPG,train,train,train,train,train,test,train,test,train,train
Blast/BLAST6_112.jpg,train,train,val,train,train,train,test,test,val,train
Blast/BLAST6_113.JPG,train,train,test,train,train,test,test,test,train,train
Blast/BLAST6_114.jpg,test,train,train,train,val,train,train,train,test,train
Blast/BLAST6_115.JPG,train,train,train,val,train,test,train,train,train,train
Blast/BLAST6_116.jpg,train,train,train,train,train,train,train,train,test,train
Blast/BLAST6_117.JPG,val,train,train,train,train,train,train,test,train,val
Blast/BLAST6_118.jpg,test,train,test,test,train,train,val,test,train,val
Blast/BLAST6_119.JPG,train,train,test,train,train,train,train,train,train,train
Blast/BLAST6_120.jpg,test,test,test,train,train,train,train,test,test,train
Blast/BLAST6_121.JPG,train,train,train,train,train,train,train,test,train,train
Blast/BLAST6_122.jpg,test,train,val,test,test,test,train,train,train,train
Blast/BLAST6_123.JPG,train,val,train,val,test,train,train,train,train,train
Blast/BLAST6_124.jpg,val,train,train,val,train,val,train,train,train,test
Blast/BLAST6_125.jpg,val,train,train,val,train,test,train,train,test,val
Blast/BLAST6_126.jpg,train,train,test,train,train,train,train,train,train,train
Blast/BLAST6_127.JPG,train,test,train,train,train,train,train,train,train,train
Blast/BLAST6_128.JPG,train,test,train,train,train,train,train,train,train,train
Blast/BLAST6_129.JPG,train,train,train,train,val,train,val,train,train,train
Blast/BLAST6_130.JPG,train,train,test,train,train,train,train,train,train,test
Blast/BLAST6_131.jpg,train,test,train,train,train,val,train,test,train,train
Blast/BLAST6_132.JPG,val,test,train,train,train,train,train,train,train,val
Blast/BLAST6_133.JPG,train,train,train,train,train,train,test,train,train,train
Blast/BLAST6_134.jpg,train,train,test,train,train,train,train,train,train,train
Blast/BLAST6_135.JPG,train,val,test,test,train,train,train,train,test,train
Blast/BLAST6_136.JPG,test,train,train,val,train,train,train,train,train,train
Blast/BLAST6_137.JPG,train,train,train,train,train,train,train,train,train,train
Blast/BLAST6_138.JPG,test,train,test,train,test,train,train,train,train,train
Blast/BLAST6_139.JPG,test,train,val,train,val,train,train,train,train,train
Blast/BLAST6_140.JPG,train,train,train,train,test,test,train,test,train,train
Blast/BLAST6_141.jpg,train,test,val,train,test,val,train,train,train,train
Blast/BLAST6_142.JPG,train,train,train,train,test,test,train,train,train,test
Blast/BLAST6_143.JPG,train,train,train,train,test,train,val,val,train,train
Blast/BLAST6_144.JPG,train,val,test,train,test,train,val,train,test,train
Blast/BLAST6_145.JPG,test,train,train,train,train,train,train,val,train,test
Blast/BLAST6_146.JPG,train,train,train,train,train,val,train,train,train,train
Blast/BLAST6_147.JPG,train,train,train,test,train,train,train,val,train,test
Blast/BLAST6_148.JPG,train,train,train,train,val,train,train,test,test,train
Blast/BLAST6_149.JPG,train,train,train,train,train,train,train,train,train,test
Blast/BLAST6_150.JPG,train,test,train,train,train,train,train,train,train,test
Blast/BLAST6_151.jpg,train,train,train,train,val,train,train,train,val,train
Blast/BLAST6_152.jpg,train,train,train,train,test,train,train,test,train,test
Blast/BLAST6_153.jpg,train,train,train,train,train,train,test,test,test,train
Blast/BLAST6_154.jpg,val,train,test,train,test,val,train,train,train,train
Blast/BLAST6_155.jpg,train,train,train,test,train,train,train,train,test,train
Blast/BLAST6_156.jpg,train,train,train,train,train,train,test,train,train,train
Blast/BLAST6_157.jpg,test,train,train,val,train,train,train,train,test,val
Blast/BLAST6_158.jpg,test,train,train,train,val,train,train,test,train,train
Blast/BLAST6_159.jpg,train,train,test,train,train,train,train,train,train,val
Blast/BLAST6_160.jpg,train,train,train,val,test,train,train,test,train,train
Blast/BLAST7_001.jpg,train,train,train,train,train,train,train,train,train,train
Blast/BLAST7_002.jpg,val,test,train,val,train,train,train,train,train,train
Blast/BLAST7_003.jpg,train,train,train,test,train,test,train,train,train,train
Blast/BLAST7_004.jpg,train,train,train,train,train,train,val,train,train,train
Blast/BLAST7_005.jpg,train,val,test,val,train,val,train,test,train,test
Blast/BLAST7_006.jpg,val,val,test,train,train,train,train,train,test,val
Blast/BLAST7_007.jpg,val,train,train,train,train,val,test,train,train,train
Blast/BLAST7_008.jpg,test,val,train,test,train,train,train,train,train,train
Blast/BLAST7_009.jpg,train,train,train,train,train,train,test,test,train,train
Blast/BLAST7_010.jpg,train,train,train,train,train,train,train,test,test,train
Blast/BLAST7_011.jpg,train,train,test,train,test,train,train,test,test,test
Blast/BLAST7_012.jpg,test,val,test,train,train,test,test,train,train,train
Blast/BLAST7_013.jpg,test,train,train,train,train,test,val,train,train,train
Blast/BLAST7_014.jpg,test,train,train,train,test,train,train,train,test,train
Blast/BLAST7_015.jpg,train,train,train,train,train,train,train,test,train,train
Blast/BLAST7_016.jpg,train,train,train,train,val,train,test,test,train,train
Blast/BLAST7_017.jpg,train,train,train,val,test,train,train,train,train,test
Blast/BLAST7_018.jpg,train,train,test,test,train,train,test,test,train,test
Blast/BLAST7_019.jpg,train,train,train,train,train,test,train,train,test,test
Blast/BLAST7_020.jpg,train,train,test,train,test,train,train,train,train,test
Blast/BLAST7_021.jpg,train,test,train,train,test,train,train,train,train,test
Blast/BLAST7_022.jpg,train,val,test,val,train,train,train,train,test,train
Blast/BLAST7_023.jpg,train,train,test,train,train,train,val,test,test,test
Blast/BLAST7_024.jpg,train,train,train,test,train,test,test,test,train,train
Blast/BLAST7_025.jpg,train,train,train,train,test,test,train,train,train,train
Blast/BLAST7_026.jpg,train,train,test,train,test,train,train,train,train,test
Blast/BLAST7_027.jpg,train,train,train,train,train,train,test,train,train,val
Blast/BLAST7_028.jpg,test,train,train,train,train,train,train,test,train,val
Blast/BLAST7_029.jpg,train,train,train,test,train,train,train,train,train,test
Blast/BLAST7_030.jpg,train,test,train,train,train,test,train,test,train,train
Blast/BLAST7_031.JPG,train,train,train,val,train,train,val,train,train,test
Blast/BLAST7_032.jpg,train,train,train,train,train,train,train,train,test,train
Blast/BLAST7_033.JPG,val,test,test,train,train,train,train,train,test,train
Blast/BLAST7_034.jpg,train,val,train,train,train,train,test,train,train,train
Blast/BLAST7_035.JPG,test,test,train,train,train,train,train,train,train,train
Blast/BLAST7_036.jpg,train,train,train,train,test,train,test,val,train,val
Blast/BLAST7_037.JPG,train,train,train,train,train,test,test,train,test,train
Blast/BLAST7_038.jpg,test,train,train,train,train,test,test,train,val,val
Blast/BLAST7_039.JPG,train,train,train,val,train,train,train,test,test,train
Blast/BLAST7_040.jpg,train,train,val,train,train,train,val,test,test,train
Blast/BLAST7_041.JPG,train,train,train,train,train,test,train,val,train,train
Blast/BLAST7_042.jpg,train,val,test,train,train,train,val,train,train,train
Blast/BLAST7_043.JPG,train,train,train,test,train,train,val,train,train,train
Blast/BLAST7_044.jpg,test,train,train,test,train,test,test,train,val,train
Blast/BLAST7_045.JPG,train,train,train,train,train,train,test,val,test,test
Blast/BLAST7_046.jpg,test,train,test,test,train,train,train,val,test,train
Blast/BLAST7_047.jpg,test,train,train,val,train,test,val,train,test,val
Blast/BLAST7_048.JPG,train,train,train,train,test,train,train,train,train,train
Blast/BLAST7_049.JPG,test,train,train,train,train,train,test,train,test,train
Blast/BLAST7_050.JPG,train,test,test,train,train,train,train,test,train,train
Blast/BLAST7_051.JPG,train,train,test,train,train,train,val,train,train,train
Blast/BLAST7_052.jpg,val,val,train,train,test,train,train,val,train,train
Blast/BLAST7_053.JPG,train,train,train,test,train,test,val,test,train,train
Blast/BLAST7_054.JPG,test,train,test,train,train,train,test,train,train,train
Blast/BLAST7_055.jpg,train,train,test,train,train,train,train,train,train,train
Blast/BLAST7_056.JPG,train,train,test,train,train,test,train,train,train,train
Blast/BLAST7_057.JPG,train,train,test,train,train,train,val,train,train,test
Blast/BLAST7_058.JPG,train,test,train,test,train,train,train,train,train,test
Blast/BLAST7_059.JPG,train,train,train,train,train,train,train,train,test,train
Blast/BLAST7_060.JPG,train,test,train,train,train,train,test,train,train,train
Blast/BLAST7_061.JPG,val,train,train,train,train,test,train,test,train,train
Blast/BLAST7_062.jpg,train,train,train,train,train,train,train,train,train,train
Blast/BLAST7_063.JPG,train,train,train,train,train,train,val,train,val,train
Blast/BLAST7_064.JPG,test,train,val,train,train,test,train,train,train,test
Blast/BLAST7_065.JPG,train,train,train,train,test,test,test,test,train,test
Blast/BLAST7_066.JPG,train,train,train,test,train,train,train,train,train,test
Blast/BLAST7_067.JPG,train,train,train,train,train,val,train,train,train,val
Blast/BLAST7_068.JPG,train,train,test,train,train,val,test,train,train,train
Blast/BLAST7_069.JPG,train,test,train,test,test,train,test,train,train,train
Blast/BLAST7_070.JPG,test,test,train,train,train,train,train,train,val,test
Blast/BLAST7_071.JPG,train,train,train,train,val,train,train,train,train,train
Blast/BLAST7_072.jpg,train,train,train,train,train,train,train,test,train,train
Blast/BLAST7_073.jpg,train,test,train,train,train,train,train,train,train,train
Blast/BLAST7_074.jpg,train,test,test,test,train,train,train,train,train,train
Blast/BLAST7_075.jpg,test,train,train,train,train,val,val,train,train,train
Blast/BLAST7_076.jpg,train,test,test,train,train,test,train,train,val,train
Blast/BLAST7_077.jpg,train,train,train,train,train,train,train,train,train,train
Blast/BLAST7_078.jpg,test,train,train,train,train,train,test,train,train,train
Blast/BLAST7_079.jpg,train,train,train,train,train,train,test,test,train,train
Blast/BLAST7_080.jpg,train,train,test,train,train,train,train,test,train,train
Blast/BLAST7_081.jpg,train,train,train,train,test,train,train,test,train,train
Blast/BLAST7_082.jpg,train,test,train,val,test,train,train,train,train,train
Blast/BLAST7_083.jpg,test,train,train,test,train,train,val,train,test,train
Blast/BLAST7_084.jpg,train,train,test,train,train,train,train,train,train,train
Blast/BLAST7_085.jpg,train,train,train,train,val,val,train,train,train,train
Blast/BLAST7_086.jpg,train,val,train,train,test,train,train,train,train,val
Blast/BLAST7_087.jpg,train,train,train,train,train,train,val,train,train,test
Blast/BLAST7_088.jpg,train,val,test,test,train,train,train,train,test,train
Blast/BLAST7_089.jpg,train,test,test,train,train,train,val,train,train,train
Blast/BLAST7_090.jpg,train,train,train,test,train,train,train,test,test,train
Blast/BLAST7_091.jpg,val,train,train,train,val,val,train,train,test,train
Blast/BLAST7_092.jpg,train,val,train,train,test,test,train,train,test,train
Blast/BLAST7_093.jpg,test,train,val,train,val,test,train,train,test,train
Blast/BLAST7_094.jpg,train,train,test,test,train,train,test,test,train,train
Blast/BLAST7_095.jpg,train,train,train,train,train,train,test,train,train,test
Blast/BLAST7_096.jpg,train,val,train,train,train,train,train,train,val,val
Blast/BLAST7_097.jpg,train,train,train,train,train,train,train,train,test,train
Blast/BLAST7_098.jpg,test,train,train,test,train,train,train,test,train,test
Blast/BLAST7_099.jpg,train,train,train,val,test,train,train,train,train,test
Blast/BLAST7_100.jpg,train,test,train,train,train,train,val,train,val,test
Blast/BLAST7_101.jpg,val,train,train,train,train,val,train,train,test,val
Blast/BLAST7_102.jpg,test,train,train,train,train,test,train,train,val,train
Blast/BLAST7_103.jpg,val,train,train,train,train,train,test,train,val,train
Blast/BLAST7_104.jpg,train,train,train,val,val,train,test,train,train,val
Blast/BLAST7_105.jpg,val,train,train,train,train,train,train,train,train,val
Blast/BLAST7_106.jpg,train,train,train,train,train,train,val,train,train,test
Blast/BLAST7_107.jpg,train,train,train,val,train,train,train,train,test,train
Blast/BLAST7_108.jpg,train,train,test,train,train,train,train,test,test,val
Blast/BLAST7_109.JPG,train,train,train,val,val,train,train,train,train,test
Blast/BLAST7_110.jpg,test,test,train,train,val,test,train,test,train,train
Blast/BLAST7_111.JPG,train,train,train,train,train,train,val,train,train,train
Blast/BLAST7_112.jpg,train,train,train,train,train,train,train,train,train,train
Blast/BLAST7_113.JPG,test,train,test,train,test,train,test,train,test,train
Blast/BLAST7_114.jpg,train,train,train,train,train,train,val,train,test,val
Blast/BLAST7_115.JPG,test,train,train,train,train,train,train,train,train,train
Blast/BLAST7_116.jpg,val,val,train,val,test,test,train,train,train,train
Blast/BLAST7_117.JPG,train,train,train,train,train,train,train,train,val,test
Blast/BLAST7_118.jpg,train,train,train,train,train,train,train,train,train,val
Blast/BLAST7_119.JPG,train,train,val,test,train,train,train,train,test,train
Blast/BLAST7_120.jpg,test,train,train,train,test,train,train,train,train,test
Blast/BLAST7_121.JPG,test,test,test,train,train,train,train,train,train,train
Blast/BLAST7_122.jpg,train,train,test,train,train,train,train,test,train,train
Blast/BLAST7_123.JPG,train,test,test,train,val,val,train,train,train,train
Blast/BLAST7_124.jpg,train,val,test,train,test,train,test,val,train,test
Blast/BLAST7_125.jpg,train,train,train,val,train,test,train,train,train,val
Blast/BLAST7_126.jpg,train,train,train,train,train,val,val,train,train,test
Blast/BLAST7_127.JPG,test,train,val,train,train,train,train,train,train,train
Blast/BLAST7_128.JPG,train,train,train,train,train,val,train,train,val,train
Blast/BLAST7_129.JPG,train,train,train,test,test,train,train,val,train,train
Blast/BLAST7_130.JPG,train,val,train,test,train,train,test,train,train,train
Blast/BLAST7_131.jpg,train,val,train,train,train,train,train,val,train,train
Blast/BLAST7_132.JPG,train,val,train,train,train,test,val,test,test,train
Blast/BLAST7_133.JPG,test,train,train,train,train,train,val,train,test,train
Blast/BLAST7_134.jpg,train,train,train,train,train,train,train,train,train,train
Blast/BLAST7_135.JPG,test,train,train,val,train,train,val,val,test,train
Blast/BLAST7_136.JPG,train,val,train,train,train,train,train,train,test,test
Blast/BLAST7_137.JPG,train,test,test,test,train,train,train,train,train,test
Blast/BLAST7_138.JPG,test,val,train,train,train,val,train,train,train,train
Blast/BLAST7_139.JPG,train,test,train,train,train,train,train,train,val,train
Blast/BLAST7_140.JPG,train,train,test,train,test,test,train,test,train,train
Blast/BLAST7_141.jpg,train,test,test,test,train,test,train,val,train,train
Blast/BLAST7_142.JPG,val,train,train,train,train,train,test,train,train,val
Blast/BLAST7_143.JPG,test,train,train,test,test,train,train,val,val,test
Blast/BLAST7_144.JPG,val,train,test,train,train,train,train,test,test,train
Blast/BLAST7_145.JPG,train,train,train,train,train,test,train,train,test,train
Blast/BLAST7_146.JPG,val,train,train,train,train,test,test,train,train,test
Blast/BLAST7_147.JPG,train,test,train,train,train,val,train,train,test,train
Blast/BLAST7_148.JPG,test,test,train,test,train,train,train,train,test,train
Blast/BLAST7_149.JPG,train,train,train,train,train,train,train,train,train,train
Blast/BLAST7_150.JPG,test,train,val,train,test,train,test,train,val,test
Blast/BLAST7_151.jpg,train,train,train,train,train,train,train,test,train,train
Blast/BLAST7_152.jpg,train,test,val,train,train,train,train,train,train,train
Blast/BLAST7_153.jpg,train,test,train,test,train,train,train,train,train,train
Blast/BLAST7_154.jpg,train,train,train,train,train,val,train,train,train,train
Blast/BLAST7_155.jpg,val,train,train,val,test,train,train,train,train,test
Blast/BLAST7_156.jpg,train,train,train,train,train,train,train,train,train,train
Blast/BLAST7_157.jpg,train,train,test,train,train,train,train,val,test,val
Blast/BLAST7_158.jpg,train,train,test,train,test,train,train,test,train,train
Blast/BLAST7_159.jpg,train,train,val,test,train,train,train,train,train,train
Blast/BLAST7_160.jpg,val,train,val,val,train,val,train,train,train,train
Blast/BLAST8_001.jpg,test,train,test,test,val,train,train,train,train,train
Blast/BLAST8_002.jpg,train,test,train,val,train,train,train,train,train,train
Blast/BLAST8_003.jpg,train,train,train,train,train,train,train,test,train,train
Blast/BLAST8_004.jpg,train,train,train,train,train,train,train,train,test,train
Blast/BLAST8_005.jpg,test,train,train,test,train,train,train,train,test,train
Blast/BLAST8_006.jpg,test,val,train,train,test,train,train,train,train,val
Blast/BLAST8_007.jpg,train,train,train,train,train,val,train,train,train,train
Blast/BLAST8_008.jpg,train,val,train,test,train,train,test,train,train,train
Blast/BLAST8_009.jpg,train,train,test,train,train,train,train,train,test,test
Blast/BLAST8_010.jpg,train,train,train,test,train,train,test,test,train,train
Blast/BLAST8_011.jpg,train,test,train,train,test,train,train,train,test,train
Blast/BLAST8_012.jpg,train,val,train,train,train,test,test,train,train,train
Blast/BLAST8_013.jpg,train,train,train,train,val,val,val,train,val,train
Blast/BLAST8_014.jpg,train,train,train,test,train,train,train,test,train,train
Blast/BLAST8_015.jpg,val,train,train,train,train,test,train,train,train,train
Blast/BLAST8_016.jpg,train,val,train,train,train,train,train,train,train,val
Blast/BLAST8_017.jpg,train,train,val,train,train,train,train,train,test,test
Blast/BLAST8_018.jpg,train,train,test,test,train,train,train,test,train,test
Blast/BLAST8_019.jpg,train,train,train,train,train,train,train,train,train,train
Blast/BLAST8_020.jpg,train,test,train,train,train,train,test,train,train,test
Blast/BLAST8_021.jpg,test,train,train,val,train,train,train,train,train,test
Blast/BLAST8_022.jpg,test,train,test,train,train,test,train,train,test,train
Blast/BLAST8_023.jpg,train,train,train,train,train,val,test,train,train,val
Blast/BLAST8_024.jpg,val,train,train,val,train,train,test,train,train,val
Blast/BLAST8_025.jpg,train,train,train,test,train,train,train,train,test,train
Blast/BLAST8_026.jpg,test,train,train,train,test,train,train,train,train,test
Blast/BLAST8_027.jpg,train,train,train,train,train,train,train,train,train,val
Blast/BLAST8_028.jpg,test,train,train,train,train,train,train,test,train,val
Blast/BLAST8_029.jpg,val,train,train,val,train,train,train,train,train,train
Blast/BLAST8_030.jpg,val,test,train,train,test,test,test,test,train,train
Blast/BLAST8_031.JPG,train,train,train,val,train,train,test,train,val,test
Blast/BLAST8_032.jpg,train,train,test,train,test,train,val,train,val,train
Blast/BLAST8_033.JPG,test,train,train,train,train,train,train,train,train,train
Blast/BLAST8_034.jpg,train,train,train,train,val,train,test,train,train,val
Blast/BLAST8_035.JPG,train,train,test,train,val,train,train,train,train,train
Blast/BLAST8_036.jpg,test,val,train,val,train,test,train,train,train,train
Blast/BLAST8_037.JPG,val,train,val,train,test,train,val,train,val,train
Blast/BLAST8_038.jpg,train,train,train,train,test,train,train,train,train,val
Blast/BLAST8_039.JPG,train,train,train,train,val,train,test,train,train,test
Blast/BLAST8_040.jpg,train,train,train,train,test,train,train,train,train,test
Blast/BLAST8_041.JPG,test,train,train,test,train,train,train,train,test,train
Blast/BLAST8_042.jpg,val,train,train,train,train,train,test,test,train,train
Blast/BLAST8_043.JPG,test,test,train,train,train,train,train,train,test,train
Blast/BLAST8_044.jpg,train,val,train,train,val,train,train,val,train,test
Blast/BLAST8_045.JPG,train,test,val,train,train,val,train,train,val,train
Blast/BLAST8_046.jpg,train,train,val,train,train,val,train,train,train,test
Blast/BLAST8_047.jpg,val,train,train,val,train,test,train,train,train,val
Blast/BLAST8_048.JPG,test,train,val,train,train,train,train,train,train,train
Blast/BLAST8_049.JPG,train,train,test,train,test,val,train,train,train,train
Blast/BLAST8_050.JPG,train,train,val,test,train,train,train,val,train,train
Blast/BLAST8_051.JPG,train,val,val,test,train,train,train,train,test,train
Blast/BLAST8_052.jpg,train,val,train,train,train,train,train,val,test,train
Blast/BLAST8_053.JPG,train,val,test,train,test,test,train,test,train,train
Blast/BLAST8_054.JPG,train,train,train,train,train,train,test,train,test,train
Blast/BLAST8_055.jpg,train,train,val,train,test,train,test,train,train,train
Blast/BLAST8_056.JPG,train,train,train,val,train,train,val,val,train,train
Blast/BLAST8_057.JPG,train,val,test,train,train,train,test,train,train,test
Blast/BLAST8_058.JPG,test,test,val,test,train,train,train,train,val,test
Blast/BLAST8_059.JPG,test,val,train,train,test,val,train,train,train,train
Blast/BLAST8_060.JPG,train,test,train,train,train,train,train,train,train,train
Blast/BLAST8_061.JPG,test,train,train,train,train,test,test,test,test,train
Blast/BLAST8_062.jpg,val,test,train,test,test,test,train,val,train,train
Blast/BLAST8_063.JPG,val,train,train,train,test,train,train,train,test,val
Blast/BLAST8_064.JPG,test,train,train,test,val,train,train,val,train,test
Blast/BLAST8_065.JPG,train,train,train,train,val,train,train,test,train,train
Blast/BLAST8_066.JPG,train,train,train,train,test,test,train,train,train,train
Blast/BLAST8_067.JPG,test,train,train,train,train,test,train,train,train,test
Blast/BLAST8_068.JPG,train,test,train,train,train,val,test,train,test,train
Blast/BLAST8_069.JPG,train,test,val,test,train,train,test,train,train,train
Blast/BLAST8_070.JPG,train,train,train,train,train,train,test,train,test,train
Blast/BLAST8_071.JPG,train,train,test,train,train,train,train,train,train,test
Blast/BLAST8_072.jpg,train,train,test,train,train,train,train,test,train,train
Blast/BLAST8_073.jpg,train,test,test,train,train,train,test,train,train,train
Blast/BLAST8_074.jpg,train,test,test,test,train,train,val,train,train,train
Blast/BLAST8_075.jpg,train,train,train,train,train,val,val,train,test,train
Blast/BLAST8_076.jpg,train,train,train,val,train,train,train,train,val,test
Blast/BLAST8_077.jpg,train,train,test,train,train,train,train,train,test,train
Blast/BLAST8_078.jpg,test,train,train,train,train,train,test,val,train,val
Blast/BLAST8_079.jpg,train,train,train,train,train,train,test,test,train,train
Blast/BLAST8_080.jpg,train,train,train,test,train,train,test,train,train,train
Blast/BLAST8_081.jpg,test,train,train,test,train,test,train,train,test,train
Blast/BLAST8_082.jpg,train,test,train,val,test,train,test,train,test,train
Blast/BLAST8_083.jpg,train,val,train,val,val,val,test,test,train,test
Blast/BLAST8_084.jpg,test,train,test,train,train,train,train,train,train,train
Blast/BLAST8_085.jpg,test,train,test,train,test,val,train,train,train,train
Blast/BLAST8_086.jpg,val,val,train,train,val,train,train,train,test,val
Blast/BLAST8_087.jpg,train,train,train,train,test,train,train,test,train,train
Blast/BLAST8_088.jpg,train,val,train,test,train,train,train,train,test,train
Blast/BLAST8_089.jpg,train,train,test,train,train,train,train,test,train,test
Blast/BLAST8_090.jpg,train,train,val,train,test,train,val,test,train,train
Blast/BLAST8_091.jpg,train,train,val,train,train,test,test,train,val,train
Blast/BLAST8_092.jpg,train,val,val,train,train,test,train,train,train,train
Blast/BLAST8_093.jpg,val,train,val,train,train,train,test,test,train,train
Blast/BLAST8_094.jpg,train,train,val,train,test,train,test,train,train,train
Blast/BLAST8_095.jpg,train,train,train,val,train,train,test,train,train,test
Blast/BLAST8_096.jpg,train,train,train,train,train,train,train,test,train,train
Blast/BLAST8_097.jpg,train,train,train,train,train,test,train,train,train,test
Blast/BLAST8_098.jpg,train,train,train,test,train,train,train,test,train,test
Blast/BLAST8_099.jpg,train,test,train,train,train,train,train,train,val,test
Blast/BLAST8_100.jpg,val,train,train,train,test,train,train,train,val,test
Blast/BLAST8_101.jpg,test,train,train,train,train,train,train,test,train,test
Blast/BLAST8_102.jpg,val,val,test,val,train,train,train,train,train,train
Blast/BLAST8_103.jpg,train,train,train,train,train,test,train,train,train,train
Blast/BLAST8_104.jpg,train,train,train,test,test,test,val,test,train,train
Blast/BLAST8_105.jpg,train,train,train,train,test,train,train,train,test,val
Blast/BLAST8_106.jpg,train,train,train,train,train,train,train,train,train,test
Blast/BLAST8_107.jpg,train,train,train,test,train,train,train,train,train,test
Blast/BLAST8_108.jpg,test,train,train,train,train,train,val,test,test,val
Blast/BLAST8_109.JPG,val,train,test,val,train,train,train,train,train,test
Blast/BLAST8_110.jpg,train,test,train,train,train,test,train,test,train,train
Blast/BLAST8_111.JPG,train,test,train,train,train,train,test,train,val,train
Blast/BLAST8_112.jpg,test,train,train,train,train,train,train,test,test,train
Blast/BLAST8_113.JPG,train,test,test,train,train,train,test,train,val,train
Blast/BLAST8_114.jpg,test,val,train,train,train,train,train,train,train,train
Blast/BLAST8_115.JPG,train,train,train,train,train,test,test,train,test,train
Blast/BLAST8_116.jpg,test,train,train,train,test,train,train,val,train,val
Blast/BLAST8_117.JPG,train,train,train,val,train,train,train,test,val,train
Blast/BLAST8_118.jpg,test,train,test,train,val,test,train,train,train,val
Blast/BLAST8_119.JPG,val,train,train,train,test,test,train,val,train,train
Blast/BLAST8_120.jpg,val,train,train,train,train,train,train,val,train,train
Blast/BLAST8_121.JPG,train,train,train,test,val,train,test,train,train,train
Blast/BLAST8_122.jpg,test,val,train,train,test,train,train,train,test,train
Blast/BLAST8_123.JPG,train,train,train,train,train,train,train,val,train,test
Blast/BLAST8_124.jpg,train,train,train,test,train,test,test,train,train,train
Blast/BLAST8_125.jpg,train,train,train,val,train,test,test,train,train,val
Blast/BLAST8_126.jpg,test,train,test,test,train,train,val,val,train,train
Blast/BLAST8_127.JPG,train,train,train,train,train,train,train,train,test,train
Blast/BLAST8_128.JPG,train,train,test,train,train,train,val,train,train,train
Blast/BLAST8_129.JPG,test,test,train,train,train,train,val,train,train,train
Blast/BLAST8_130.JPG,train,train,train,train,test,train,train,train,train,train
Blast/BLAST8_131.jpg,train,val,train,train,train,train,test,val,train,train
Blast/BLAST8_132.JPG,train,train,test,test,train,test,test,test,train,train
Blast/BLAST8_133.JPG,train,train,val,train,train,train,train,train,test,train
Blast/BLAST8_134.jpg,train,train,train,train,train,train,test,train,test,train
Blast/BLAST8_135.JPG,val,train,train,train,train,test,train,train,val,train
Blast/BLAST8_136.JPG,test,train,train,train,train,train,train,train,test,test
Blast/BLAST8_137.JPG,train,test,val,test,train,train,train,train,train,test
Blast/BLAST8_138.JPG,val,train,val,train,train,train,train,train,test,train
Blast/BLAST8_139.JPG,train,test,test,train,train,train,train,train,train,train
Blast/BLAST8_140.JPG,test,train,train,train,train,test,train,test,train,train
Blast/BLAST8_141.jpg,train,train,train,train,train,train,train,train,val,train
Blast/BLAST8_142.JPG,train,train,train,train,train,train,val,train,test,train
Blast/BLAST8_143.JPG,val,train,train,train,train,test,train,train,train,test
Blast/BLAST8_144.JPG,train,train,train,train,test,test,val,test,train,test
Blast/BLAST8_145.JPG,train,train,val,test,train,train,train,train,val,test
Blast/BLAST8_146.JPG,test,train,train,train,train,val,train,train,test,val
Blast/BLAST8_147.JPG,train,train,test,train,train,val,train,train,train,train
Blast/BLAST8_148.JPG,train,test,train,test,test,train,train,train,train,train
Blast/BLAST8_149.JPG,train,test,train,train,train,train,train,train,test,test
Blast/BLAST8_150.JPG,train,train,train,train,train,train,train,train,train,train
Blast/BLAST8_151.jpg,train,train,train,train,val,train,train,test,val,train
Blast/BLAST8_152.jpg,train,test,train,train,train,train,train,train,train,train
Blast/BLAST8_153.jpg,train,test,train,test,train,train,train,train,val,train
Blast/BLAST8_154.jpg,train,train,train,train,test,val,train,train,train,train
Blast/BLAST8_155.jpg,train,test,train,train,train,test,train,train,train,train
Blast/BLAST8_156.jpg,train,train,train,train,train,train,val,train,test,train
Blast/BLAST8_157.jpg,test,train,train,train,train,train,train,train,train,train
Blast/BLAST8_158.jpg,train,train,val,train,train,train,train,test,train,train
Blast/BLAST8_159.jpg,train,train,test,train,test,train,train,test,test,train
Blast/BLAST8_160.jpg,train,train,train,train,train,train,train,train,train,train
Blast/BLAST9_001.jpg,train,train,test,train,train,train,train,train,train,train
Blast/BLAST9_002.jpg,test,test,train,val,train,train,train,train,train,train
Blast/BLAST9_003.jpg,train,train,train,test,val,test,train,train,val,train
Blast/BLAST9_004.jpg,train,train,train,train,train,train,train,train,train,train
Blast/BLAST9_005.jpg,train,val,test,val,train,val,train,test,train,test
Blast/BLAST9_006.jpg,test,val,train,train,test,train,test,train,train,val
Blast/BLAST9_007.jpg,train,train,train,train,train,val,train,train,test,train
Blast/BLAST9_008.jpg,train,val,train,test,train,train,test,train,train,train
Blast/BLAST9_009.jpg,val,train,train,train,test,train,val,test,test,train
Blast/BLAST9_010.jpg,val,train,train,train,test,train,train,test,train,train
Blast/BLAST9_011.jpg,train,train,train,train,val,train,test,test,train,test
Blast/BLAST9_012.jpg,train,val,train,train,test,test,train,train,train,train
Blast/BLAST9_013.jpg,train,train,train,train,train,test,train,train,train,train
Blast/BLAST9_014.jpg,train,train,train,train,train,train,test,train,train,train
Blast/BLAST9_015.jpg,train,train,train,train,val,train,train,test,train,train
Blast/BLAST9_016.jpg,train,train,train,train,train,train,test,test,train,train
Blast/BLAST9_017.jpg,train,train,train,val,train,train,train,train,train,test
Blast/BLAST9_018.jpg,train,train,train,test,train,train,train,test,train,test
Blast/BLAST9_019.jpg,train,train,test,train,train,test,test,train,test,test
Blast/BLAST9_020.jpg,train,train,train,train,train,train,train,train,train,test
Blast/BLAST9_021.jpg,test,test,train,train,train,train,test,train,val,test
Blast/BLAST9_022.jpg,test,val,val,val,val,train,train,train,train,train
Blast/BLAST9_023.jpg,val,train,val,train,train,train,train,test,train,test
Blast/BLAST9_024.jpg,test,train,train,test,train,test,val,test,train,train
Blast/BLAST9_025.jpg,train,train,test,train,train,test,test,train,train,train
Blast/BLAST9_026.jpg,test,train,train,train,train,train,train,train,train,test
Blast/BLAST9_027.jpg,train,train,train,train,train,train,test,train,train,val
Blast/BLAST9_028.jpg,train,train,train,train,train,train,test,test,train,val
Blast/BLAST9_029.jpg,test,train,train,test,test,train,train,train,test,test
Blast/BLAST9_030.jpg,train,test,test,train,test,test,train,test,train,train
Blast/BLAST9_031.JPG,val,train,test,val,train,train,train,train,train,test
Blast/BLAST9_032.jpg,test,train,train,train,train,train,train,test,train,train
Blast/BLAST9_033.JPG,train,test,train,train,train,train,train,train,train,train
Blast/BLAST9_034.jpg,train,val,train,train,train,train,train,train,train,train
Blast/BLAST9_035.JPG,test,test,train,train,test,train,train,train,train,train
Blast/BLAST9_036.jpg,train,train,train,train,test,train,train,val,train,val
Blast/BLAST9_037.JPG,test,train,train,train,train,test,test,train,train,train
Blast/BLAST9_038.jpg,train,train,train,train,train,test,train,train,train,val
Blast/BLAST9_039.JPG,train,train,train,val,train,train,train,test,train,train
Blast/BLAST9_040.jpg,val,train,train,train,train,train,val,val,val,train
Blast/BLAST9_041.JPG,test,train,test,train,val,test,train,val,train,train
Blast/BLAST9_042.jpg,train,val,train,train,train,train,train,train,test,train
Blast/BLAST9_043.JPG,train,train,train,test,train,train,train,train,train,train
Blast/BLAST9_044.jpg,val,train,test,test,train,test,test,train,train,train
Blast/BLAST9_045.JPG,train,train,train,train,train,train,train,val,train,test
Blast/BLAST9_046.jpg,train,train,test,test,test,train,train,val,train,train
Blast/BLAST9_047.jpg,train,train,train,val,train,test,train,train,train,val
Blast/BLAST9_048.JPG,test,train,train,train,train,train,train,train,train,train
Blast/BLAST9_049.JPG,train,train,train,train,train,train,train,train,train,train
Blast/BLAST9_050.JPG,train,test,train,train,train,train,train,train,val,train
Blast/BLAST9_051.JPG,val,train,test,train,train,train,train,train,test,train
Blast/BLAST9_052.jpg,train,val,test,train,train,train,train,val,test,train
Blast/BLAST9_053.JPG,train,train,train,test,test,test,train,test,train,train
Blast/BLAST9_054.JPG,val,train,train,train,test,train,train,train,train,train
Blast/BLAST9_055.jpg,train,train,val,train,train,train,train,train,train,train
Blast/BLAST9_056.JPG,test,train,val,train,train,test,train,train,train,train
Blast/BLAST9_057.JPG,test,train,train,train,train,train,train,train,train,test
Blast/BLAST9_058.JPG,train,test,train,test,train,train,test,train,train,test
Blast/BLAST9_059.JPG,train,train,test,train,train,train,train,train,test,train
Blast/BLAST9_060.JPG,train,test,test,train,train,train,train,train,train,train
Blast/BLAST9_061.JPG,val,train,test,train,train,test,train,test,train,train
Blast/BLAST9_062.jpg,test,train,train,train,train,train,train,train,test,train
Blast/BLAST9_063.JPG,train,train,train,train,train,train,train,train,train,train
Blast/BLAST9_064.JPG,test,train,train,train,train,test,train,train,train,test
Blast/BLAST9_065.JPG,train,train,train,train,train,test,train,test,train,test
Blast/BLAST9_066.JPG,val,train,train,test,test,train,train,train,test,test
Blast/BLAST9_067.JPG,train,train,val,train,train,val,train,train,train,val
Blast/BLAST9_068.JPG,val,train,train,train,train,val,train,train,train,train
Blast/BLAST9_069.JPG,train,test,train,test,train,train,train,train,train,train
Blast/BLAST9_070.JPG,test,test,train,train,val,train,val,train,val,test
Blast/BLAST9_071.JPG,train,train,train,train,train,train,train,train,test,train
Blast/BLAST9_072.jpg,val,train,train,train,train,train,train,test,train,train
Blast/BLAST9_073.jpg,test,test,train,train,train,train,val,train,train,train
Blast/BLAST9_074.jpg,test,test,train,test,test,train,train,train,train,train
Blast/BLAST9_075.jpg,train,train,val,train,train,val,train,train,train,train
Blast/BLAST9_076.jpg,train,test,train,train,train,test,train,train,train,train
Blast/BLAST9_077.jpg,test,train,train,train,train,train,train,train,train,train
Blast/BLAST9_078.jpg,train,train,train,train,train,train,train,train,test,train
Blast/BLAST9_079.jpg,test,train,test,train,test,train,test,test,train,train
Blast/BLAST9_080.jpg,test,train,train,train,train,train,test,test,test,train
Blast/BLAST9_081.jpg,val,train,test,train,train,train,train,test,val,train
Blast/BLAST9_082.jpg,train,test,train,val,test,train,train,train,train,train
Blast/BLAST9_083.jpg,train,train,val,test,test,train,test,train,train,train
Blast/BLAST9_084.jpg,train,train,train,train,test,train,train,train,test,train
Blast/BLAST9_085.jpg,train,train,train,train,train,val,test,train,test,train
Blast/BLAST9_086.jpg,train,val,val,train,test,train,train,train,train,val
Blast/BLAST9_087.jpg,train,train,train,train,test,train,test,train,train,test
Blast/BLAST9_088.jpg,train,val,train,test,train,train,train,train,test,train
Blast/BLAST9_089.jpg,train,test,test,train,test,train,test,train,train,train
Blast/BLAST9_090.jpg,train,train,val,test,train,train,train,test,train,train
Blast/BLAST9_091.jpg,train,train,train,train,train,val,train,train,train,train
Blast/BLAST9_092.jpg,train,val,train,train,train,test,test,train,train,train
Blast/BLAST9_093.jpg,test,train,val,train,train,test,train,train,val,train
Blast/BLAST9_094.jpg,val,train,val,test,test,train,train,test,train,train
Blast/BLAST9_095.jpg,train,train,test,train,train,train,train,train,train,test
Blast/BLAST9_096.jpg,test,val,train,train,test,train,train,train,train,val
Blast/BLAST9_097.jpg,train,train,train,train,val,train,train,train,train,train
Blast/BLAST9_098.jpg,train,train,train,test,train,train,test,test,train,test
Blast/BLAST9_099.jpg,test,train,test,val,test,train,train,train,val,test
Blast/BLAST9_100.jpg,train,test,val,train,val,train,val,train,train,test
Blast/BLAST9_101.jpg,train,train,train,train,test,val,train,train,train,val
Blast/BLAST9_102.jpg,val,train,train,train,train,test,train,train,train,train
Blast/BLAST9_103.jpg,val,train,train,test,train,train,train,train,test,train
Blast/BLAST9_104.jpg,test,train,train,val,train,train,train,train,test,val
Blast/BLAST9_105.jpg,train,train,train,train,test,train,train,train,train,val
Blast/BLAST9_106.jpg,train,train,train,train,test,train,train,train,test,test
Blast/BLAST9_107.jpg,train,train,train,val,train,train,train,train,test,train
Blast/BLAST9_108.jpg,train,train,train,train,test,train,train,test,test,val
Blast/BLAST9_109.JPG,train,train,train,val,train,train,test,train,train,test
Blast/BLAST9_110.jpg,train,test,train,train,train,test,train,test,train,train
Blast/BLAST9_111.JPG,train,train,val,train,train,train,train,train,train,train
Blast/BLAST9_112.jpg,val,train,train,train,train,train,train,train,train,train
Blast/BLAST9_113.JPG,val,train,train,train,train,train,train,train,test,train
Blast/BLAST9_114.jpg,train,train,train,train,test,train,train,train,train,val
Blast/BLAST9_115.JPG,test,train,train,train,train,train,train,train,test,train
Blast/BLAST9_116.jpg,train,val,train,val,train,test,train,train,test,train
Blast/BLAST9_117.JPG,train,train,train,train,train,train,train,train,train,test
Blast/BLAST9_118.jpg,train,train,train,train,train,train,test,train,train,val
Blast/BLAST9_119.JPG,val,train,train,test,test,train,train,train,train,train
Blast/BLAST9_120.jpg,train,train,test,train,test,train,train,train,train,test
Blast/BLAST9_121.JPG,val,test,train,train,train,train,train,train,test,train
Blast/BLAST9_122.jpg,train,train,train,train,test,train,val,test,train,train
Blast/BLAST9_123.JPG,train,test,train,train,test,val,train,train,train,train
Blast/BLAST9_124.jpg,train,val,test,train,train,train,test,val,train,test
Blast/BLAST9_125.jpg,train,train,train,val,train,test,val,train,train,val
Blast/BLAST9_126.jpg,train,train,test,train,train,val,train,train,train,test
Blast/BLAST9_127.JPG,train,train,val,train,test,train,train,train,train,train
Blast/BLAST9_128.JPG,train,train,train,train,train,val,train,train,test,train
Blast/BLAST9_129.JPG,train,train,train,test,train,train,train,val,train,train
Blast/BLAST9_130.JPG,train,val,train,test,train,train,train,train,train,train
Blast/BLAST9_131.jpg,train,val,train,train,train,train,test,val,train,train
Blast/BLAST9_132.JPG,train,val,train,train,train,test,val,test,train,train
Blast/BLAST9_133.JPG,test,train,train,train,train,train,train,train,test,train
Blast/BLAST9_134.jpg,train,train,train,train,train,train,train,train,test,train
Blast/BLAST9_135.JPG,train,train,train,val,train,train,train,val,train,train
Blast/BLAST9_136.JPG,train,val,train,train,test,train,train,train,train,test
Blast/BLAST9_137.JPG,train,test,train,test,train,train,val,train,train,test
Blast/BLAST9_138.JPG,train,val,train,train,train,val,train,train,test,train
Blast/BLAST9_139.JPG,train,test,train,train,test,train,train,train,train,train
Blast/BLAST9_140.JPG,train,train,train,train,test,test,val,test,val,train
Blast/BLAST9_141.jpg,train,test,train,test,train,test,train,val,test,train
Blast/BLAST9_142.JPG,test,train,train,train,train,train,test,train,val,val
Blast/BLAST9_143.JPG,test,train,train,test,val,train,train,val,train,test
Blast/BLAST9_144.JPG,train,train,test,train,train,train,train,test,train,train
Blast/BLAST9_145.JPG,test,train,train,train,train,test,train,train,train,train
Blast/BLAST9_146.JPG,train,train,train,train,val,test,train,train,train,test
Blast/BLAST9_147.JPG,train,test,train,train,test,val,test,train,val,train
Blast/BLAST9_148.JPG,train,test,train,test,train,train,train,train,test,train
Blast/BLAST9_149.JPG,train,train,test,train,train,train,test,train,train,train
Blast/BLAST9_150.JPG,train,train,train,train,train,train,train,train,val,test
Blast/BLAST9_151.jpg,train,train,train,train,train,train,train,test,train,train
Blast/BLAST9_152.jpg,train,test,test,train,train,train,train,train,test,train
Blast/BLAST9_153.jpg,val,test,test,test,train,train,train,train,train,train
Blast/BLAST9_154.jpg,test,train,test,train,train,val,train,train,val,train
Blast/BLAST9_155.jpg,train,train,val,val,train,train,test,train,test,test
Blast/BLAST9_156.jpg,train,train,train,train,train,train,train,train,train,train
Blast/BLAST9_157.jpg,test,train,test,train,train,train,train,val,val,val
Blast/BLAST9_158.jpg,train,train,train,train,train,train,train,test,train,train
Blast/BLAST9_159.jpg,train,train,train,test,train,train,train,train,train,train
Blast/BLAST9_160.jpg,test,train,train,test,train,train,train,train,train,train
Brownspot/BROWNSPOT1_001.jpg,test,train,train,train,train,test,test,train,train,train
Brownspot/BROWNSPOT1_002.jpg,train,train,train,train,train,train,val,train,val,test
Brownspot/BROWNSPOT1_003.jpg,train,train,train,train,test,val,train,train,train,train
Brownspot/BROWNSPOT1_004.jpg,train,train,val,train,train,train,test,test,train,val
Brownspot/BROWNSPOT1_005.jpg,train,train,train,val,train,test,test,train,train,train
Brownspot/BROWNSPOT1_006.jpg,train,train,train,train,train,val,train,test,train,train
Brownspot/BROWNSPOT1_007.jpg,train,train,train,train,train,train,test,train,train,train
Brownspot/BROWNSPOT1_008.jpg,train,val,train,test,val,train,test,train,train,train
Brownspot/BROWNSPOT1_009.jpg,test,train,test,train,train,test,train,test,train,train
Brownspot/BROWNSPOT1_010.jpg,train,train,test,train,train,train,train,train,train,train
Brownspot/BROWNSPOT1_011.jpg,train,test,train,test,train,test,train,train,val,train
Brownspot/BROWNSPOT1_012.jpg,train,train,test,train,train,test,train,train,train,train
Brownspot/BROWNSPOT1_013.jpg,train,train,train,train,train,train,train,train,train,train
Brownspot/BROWNSPOT1_014.jpg,train,train,train,train,train,train,test,val,val,train
Brownspot/BROWNSPOT1_015.jpg,train,train,train,val,train,train,val,train,train,train
Brownspot/BROWNSPOT1_016.jpg,train,train,train,train,train,train,test,train,train,val
Brownspot/BROWNSPOT1_017.jpg,train,train,train,train,train,train,train,train,train,train
Brownspot/BROWNSPOT1_018.jpg,test,train,train,train,train,train,test,train,train,train
Brownspot/BROWNSPOT1_019.jpg,train,train,train,train,train,val,val,test,train,train
Brownspot/BROWNSPOT1_020.jpg,test,test,train,train,test,train,train,test,train,test
Brownspot/BROWNSPOT1_021.jpg,test,val,test,train,train,train,train,train,test,train
Brownspot/BROWNSPOT1_022.jpg,test,test,train,train,val,test,train,train,train,train
Brownspot/BROWNSPOT1_023.jpg,train,test,train,train,train,train,train,train,test,train
Brownspot/BROWNSPOT1_024.jpg,test,test,val,train,test,train,val,train,test,val
Brownspot/BROWNSPOT1_025.jpg,train,train,train,train,train,train,train,train,train,train
Brownspot/BROWNSPOT1_026.jpg,train,train,train,test,test,train,train,train,train,train
Brownspot/BROWNSPOT1_027.jpg,train,train,train,test,train,train,test,train,test,train
Brownspot/BROWNSPOT1_028.jpg,test,train,train,val,train,train,val,train,train,train
Brownspot/BROWNSPOT1_029.jpg,train,test,test,train,train,test,test,train,train,train
Brownspot/BROWNSPOT1_030.jpg,train,train,train,train,test,train,train,test,val,train
Brownspot/BROWNSPOT1_031.jpg,train,train,train,train,test,train,train,train,test,train
Brownspot/BROWNSPOT1_032.jpg,train,test,train,train,val,test,train,train,train,train
Brownspot/BROWNSPOT1_033.jpg,train,train,train,train,test,test,train,train,train,test
Brownspot/BROWNSPOT1_034.jpg,test,val,train,train,train,val,test,train,train,train
Brownspot/BROWNSPOT1_035.jpg,train,val,train,train,test,train,train,train,train,train
Brownspot/BROWNSPOT1_036.jpg,train,train,val,test,train,train,test,train,train,test
Brownspot/BROWNSPOT1_037.jpg,train,train,train,train,val,train,train,train,val,train
Brownspot/BROWNSPOT1_038.jpg,train,train,test,train,train,train,train,train,train,train
Brownspot/BROWNSPOT1_039.jpg,train,test,train,train,test,train,train,train,train,val
Brownspot/BROWNSPOT1_040.jpg,train,test,train,val,train,train,train,train,test,train
Brownspot/BROWNSPOT1_041.jpg,train,train,train,test,train,train,train,train,train,train
Brownspot/BROWNSPOT1_042.jpg,train,test,train,train,train,train,test,train,train,train
Brownspot/BROWNSPOT1_043.jpg,train,train,train,train,train,train,train,test,train,train
Brownspot/BROWNSPOT1_044.jpg,train,train,train,train,train,test,val,val,val,test
Brownspot/BROWNSPOT1_045.jpg,train,test,train,train,train,train,train,test,train,train
Brownspot/BROWNSPOT1_046.jpg,train,val,test,train,train,train,train,test,train,test
Brownspot/BROWNSPOT1_047.jpg,train,train,train,train,train,train,val,test,val,test
Brownspot/BROWNSPOT1_048.jpg,train,train,train,train,test,train,train,train,train,train
Brownspot/BROWNSPOT1_049.jpg,val,train,train,train,train,test,test,train,test,train
Brownspot/BROWNSPOT1_050.jpg,val,train,train,train,train,val,train,train,train,train
Brownspot/BROWNSPOT1_051.jpg,train,train,train,train,train,test,test,train,train,train
Brownspot/BROWNSPOT1_052.jpg,train,val,train,val,train,train,train,train,train,train
Brownspot/BROWNSPOT1_053.jpg,test,train,train,train,train,test,train,train,test,train
Brownspot/BROWNSPOT1_054.jpg,train,train,val,train,test,val,train,val,test,val
Brownspot/BROWNSPOT1_055.jpg,train,train,train,train,train,train,test,train,train,train
Brownspot/BROWNSPOT1_056.jpg,val,test,train,train,train,train,train,train,test,train
Brownspot/BROWNSPOT1_057.jpg,train,train,train,train,train,train,train,train,train,train
Brownspot/BROWNSPOT1_058.jpg,val,train,val,train,train,train,train,train,train,train
Brownspot/BROWNSPOT1_059.jpg,train,train,val,test,train,test,train,train,train,train
Brownspot/BROWNSPOT1_060.jpg,test,train,train,test,train,train,test,train,train,train
Brownspot/BROWNSPOT1_061.jpg,val,train,train,train,train,train,test,test,train,train
Brownspot/BROWNSPOT1_062.jpg,test,test,train,train,val,train,train,train,train,train
Brownspot/BROWNSPOT1_063.jpg,train,train,train,train,train,test,test,train,train,train
Brownspot/BROWNSPOT1_064.jpg,train,test,train,train,train,train,train,train,train,train
Brownspot/BROWNSPOT1_065.jpg,train,test,val,train,train,train,train,test,train,train
Brownspot/BROWNSPOT1_066.jpg,train,train,train,test,train,train,test,train,train,train
Brownspot/BROWNSPOT1_067.jpg,train,train,test,train,test,test,train,test,train,test
Brownspot/BROWNSPOT1_068.jpg,train,train,train,train,train,train,train,train,train,train
Brownspot/BROWNSPOT1_069.jpg,train,train,test,train,train,train,train,train,train,val
Brownspot/BROWNSPOT1_070.jpg,train,train,train,train,train,train,train,train,train,test
Brownspot/BROWNSPOT1_071.jpg,train,train,train,val,train,train,test,test,train,train
Brownspot/BROWNSPOT1_072.jpg,train,val,test,train,train,train,train,train,train,train
Brownspot/BROWNSPOT1_073.jpg,test,train,test,train,test,test,train,test,train,train
Brownspot/BROWNSPOT1_074.jpg,val,train,train,test,train,train,train,train,train,train
Brownspot/BROWNSPOT1_075.jpg,train,val,test,train,train,train,val,val,train,train
Brownspot/BROWNSPOT1_076.jpg,train,train,train,train,train,test,train,train,train,train
Brownspot/BROWNSPOT1_077.jpg,train,train,train,val,train,test,train,train,train,train
Brownspot/BROWNSPOT1_078.jpg,test,train,train,train,train,test,train,train,test,test
Brownspot/BROWNSPOT1_079.jpg,train,train,train,train,train,train,train,val,train,train
Brownspot/BROWNSPOT1_080.jpg,train,train,test,train,train,train,train,train,train,test
Brownspot/BROWNSPOT1_081.jpg,test,train,train,train,test,test,train,val,train,train
Brownspot/BROWNSPOT1_082.jpg,train,train,train,train,test,train,train,test,val,test
Brownspot/BROWNSPOT1_083.jpg,train,train,test,test,test,train,train,train,train,train
Brownspot/BROWNSPOT1_084.jpg,train,train,val,train,train,val,train,train,train,train
Brownspot/BROWNSPOT1_085.jpg,train,train,test,train,train,train,test,train,test,train
Brownspot/BROWNSPOT1_086.jpg,train,train,test,train,train,train,train,test,train,test
Brownspot/BROWNSPOT1_087.jpg,train,train,train,train,train,train,test,train,train,train
Brownspot/BROWNSPOT1_088.jpg,val,train,train,train,train,train,train,val,train,train
Brownspot/BROWNSPOT1_089.jpg,train,train,train,train,test,train,train,train,train,test
Brownspot/BROWNSPOT1_090.jpg,val,val,train,test,test,test,train,train,train,train
Brownspot/BROWNSPOT1_091.jpg,train,train,test,train,val,train,test,train,train,train
Brownspot/BROWNSPOT1_092.jpg,train,test,train,train,train,train,test,test,train,train
Brownspot/BROWNSPOT1_093.jpg,train,train,train,train,val,train,train,train,train,train
Brownspot/BROWNSPOT1_094.jpg,train,val,test,val,train,train,train,test,val,train
Brownspot/BROWNSPOT1_095.jpg,train,test,test,train,train,train,train,test,train,train
Brownspot/BROWNSPOT1_096.jpg,train,test,train,train,train,train,train,train,train,test
Brownspot/BROWNSPOT1_097.jpg,train,train,train,test,train,train,train,train,train,train
Brownspot/BROWNSPOT1_098.jpg,train,train,train,train,train,train,train,test,test,train
Brownspot/BROWNSPOT1_099.jpg,train,test,test,train,train,train,train,train,test,train
Brownspot/BROWNSPOT1_100.jpg,train,train,train,test,train,test,val,train,train,train
Brownspot/BROWNSPOT1_101.jpg,test,train,train,train,train,train,train,train,train,test
Brownspot/BROWNSPOT1_102.jpg,train,train,train,train,train,train,train,train,train,train
Brownspot/BROWNSPOT1_103.jpg,train,train,val,train,test,train,val,test,test,train
Brownspot/BROWNSPOT1_104.jpg,val,train,val,test,train,train,train,test,train,test
Brownspot/BROWNSPOT1_105.jpg,train,test,train,train,train,train,train,train,val,train
Brownspot/BROWNSPOT1_106.jpg,train,test,train,train,train,train,train,test,train,train
Brownspot/BROWNSPOT1_107.jpg,train,train,train,train,train,test,train,test,train,train
Brownspot/BROWNSPOT1_108.jpg,test,val,train,train,train,train,test,train,train,train
Brownspot/BROWNSPOT1_109.jpg,train,train,test,train,test,train,val,train,train,train
Brownspot/BROWNSPOT1_110.jpg,train,test,train,test,test,test,train,train,train,train
Brownspot/BROWNSPOT1_111.jpg,test,test,val,test,train,test,train,train,train,test
Brownspot/BROWNSPOT1_112.jpg,train,train,train,train,train,train,test,train,test,val
Brownspot/BROWNSPOT1_113.jpg,train,train,train,test,test,train,train,test,train,train
Brownspot/BROWNSPOT1_114.jpg,train,val,train,train,val,train,train,train,val,test
Brownspot/BROWNSPOT1_115.jpg,train,train,test,train,train,val,test,test,train,train
Brownspot/BROWNSPOT1_116.jpg,train,train,test,val,test,train,train,val,train,train
Brownspot/BROWNSPOT1_117.jpg,test,train,test,val,train,train,test,val,train,train
Brownspot/BROWNSPOT1_118.jpg,train,test,train,test,train,train,train,train,train,train
Brownspot/BROWNSPOT1_119.jpg,train,train,train,train,train,val,val,train,train,train
Brownspot/BROWNSPOT1_120.jpg,test,train,test,test,train,train,train,test,test,train
Brownspot/BROWNSPOT1_121.jpg,train,train,val,train,train,test,train,test,train,test
Brownspot/BROWNSPOT1_122.jpg,train,train,test,train,train,test,val,train,val,train
Brownspot/BROWNSPOT1_123.jpg,test,train,train,train,train,train,train,train,train,test
Brownspot/BROWNSPOT1_124.jpg,test,train,test,train,train,test,train,train,train,train
Brownspot/BROWNSPOT1_125.jpg,train,train,train,train,train,train,val,val,train,test
Brownspot/BROWNSPOT1_126.jpg,train,train,train,test,train,train,train,train,train,train
Brownspot/BROWNSPOT1_127.jpg,test,test,train,train,train,train,train,test,train,test
Brownspot/BROWNSPOT1_128.jpg,test,test,train,train,test,test,train,train,test,train
Brownspot/BROWNSPOT1_129.jpg,test,train,val,train,train,test,train,train,val,train
Brownspot/BROWNSPOT1_130.jpg,test,train,train,val,train,train,train,val,train,train
Brownspot/BROWNSPOT1_131.jpg,train,train,train,test,train,test,train,train,test,test
Brownspot/BROWNSPOT1_132.jpg,test,train,train,test,train,val,train,train,train,train
Brownspot/BROWNSPOT1_133.jpg,train,train,train,train,train,train,train,train,train,train
Brownspot/BROWNSPOT1_134.jpg,train,train,train,train,train,train,train,train,train,train
Brownspot/BROWNSPOT1_135.jpg,train,train,train,test,test,train,val,train,train,test
Brownspot/BROWNSPOT1_136.jpg,train,train,train,train,train,test,train,test,train,val
Brownspot/BROWNSPOT1_137.jpg,train,train,train,train,test,train,test,test,train,train
Brownspot/BROWNSPOT1_138.jpg,train,train,train,train,train,train,test,train,train,train
Brownspot/BROWNSPOT1_139.jpg,val,test,train,val,test,train,train,train,train,train
Brownspot/BROWNSPOT1_140.jpg,train,train,train,val,train,train,test,train,val,train
Brownspot/BROWNSPOT1_141.jpg,train,test,train,train,val,train,train,test,train,train
Brownspot/BROWNSPOT1_142.jpg,train,train,val,train,train,train,train,test,test,train
Brownspot/BROWNSPOT1_143.jpg,val,val,test,train,train,train,train,test,train,train
Brownspot/BROWNSPOT1_144.jpg,test,test,train,train,train,train,train,test,val,test
Brownspot/BROWNSPOT1_145.jpg,train,test,train,test,test,test,test,train,test,val
Brownspot/BROWNSPOT1_146.jpg,train,train,train,train,val,train,train,train,train,train
Brownspot/BROWNSPOT1_147.jpg,train,val,val,train,train,test,train,train,val,train
Brownspot/BROWNSPOT1_148.jpg,train,train,train,train,val,train,val,train,train,train
Brownspot/BROWNSPOT1_149.jpg,val,train,test,train,test,train,train,train,train,train
Brownspot/BROWNSPOT1_150.jpg,train,val,train,test,train,train,train,train,test,train
Brownspot/BROWNSPOT1_151.jpg,train,test,train,train,train,train,train,train,test,train
Brownspot/BROWNSPOT1_152.jpg,test,test,train,train,train,train,test,train,test,train
Brownspot/BROWNSPOT1_153.jpg,train,train,train,train,train,val,train,val,train,val
Brownspot/BROWNSPOT1_154.jpg,train,train,train,train,train,train,train,train,test,train
Brownspot/BROWNSPOT1_155.jpg,test,train,train,train,train,train,train,test,train,train
Brownspot/BROWNSPOT1_156.jpg,train,train,train,train,train,train,val,train,train,train
Brownspot/BROWNSPOT1_157.jpg,val,train,train,train,train,train,train,train,val,train
Brownspot/BROWNSPOT1_158.jpg,test,test,train,test,train,train,train,train,train,test
Brownspot/BROWNSPOT1_159.jpg,train,train,test,test,train,train,val,train,test,train
Brownspot/BROWNSPOT1_160.jpg,test,train,train,train,train,train,train,train,test,train
Brownspot/BROWNSPOT1_161.jpg,train,val,train,val,train,test,test,train,val,train
Brownspot/BROWNSPOT1_162.jpg,test,train,train,train,train,test,train,test,train,train
Brownspot/BROWNSPOT1_163.jpg,train,test,train,train,train,train,train,train,train,train
Brownspot/BROWNSPOT1_164.jpg,train,test,val,train,train,train,test,test,train,train
Brownspot/BROWNSPOT1_165.jpg,val,train,test,train,train,train,val,train,train,train
Brownspot/BROWNSPOT1_166.jpg,train,train,train,train,train,test,train,test,train,test
Brownspot/BROWNSPOT1_167.jpg,val,train,train,train,train,train,train,test,train,test
Brownspot/BROWNSPOT1_168.jpg,test,train,test,train,train,train,test,train,val,val
Brownspot/BROWNSPOT1_169.jpg,train,train,test,train,train,train,train,train,train,train
Brownspot/BROWNSPOT1_170.jpg,train,train,test,test,val,train,test,train,train,val
Brownspot/BROWNSPOT1_171.jpg,val,val,train,train,test,train,test,train,train,train
Brownspot/BROWNSPOT1_172.jpg,train,train,test,train,train,train,train,train,train,train
Brownspot/BROWNSPOT1_173.jpg,train,train,train,test,train,train,train,train,train,train
Brownspot/BROWNSPOT1_174.jpg,val,test,train,train,train,test,train,train,train,train
Brownspot/BROWNSPOT1_175.jpg,train,train,test,train,train,train,train,train,test,train
Brownspot/BROWNSPOT1_176.jpg,train,val,train,train,test,train,train,val,val,train
Brownspot/BROWNSPOT1_177.jpg,train,train,train,train,train,val,train,train,train,train
Brownspot/BROWNSPOT1_178.jpg,val,test,val,train,train,train,val,train,train,train
Brownspot/BROWNSPOT1_179.jpg,test,train,train,train,train,train,test,train,train,train
Brownspot/BROWNSPOT1_180.jpg,train,test,test,test,test,train,train,train,train,train
Brownspot/BROWNSPOT1_181.jpg,test,test,train,train,test,train,test,train,train,train
Brownspot/BROWNSPOT1_182.jpg,test,train,test,train,test,train,train,train,test,val
Brownspot/BROWNSPOT1_183.jpg,train,train,train,train,test,train,train,train,val,val
Brownspot/BROWNSPOT1_184.jpg,train,train,train,train,val,val,test,train,train,train
Brownspot/BROWNSPOT1_185.jpg,train,train,train,train,train,test,train,train,train,train
Brownspot/BROWNSPOT1_186.jpg,train,train,train,train,test,train,val,train,test,val
Brownspot/BROWNSPOT1_187.jpg,train,test,train,train,test,test,test,train,val,train
Brownspot/BROWNSPOT1_188.jpg,test,train,train,train,train,test,train,train,train,train
Brownspot/BROWNSPOT1_189.jpg,train,train,train,val,train,train,train,train,test,train
Brownspot/BROWNSPOT1_190.jpg,train,train,train,val,test,train,val,test,test,test
Brownspot/BROWNSPOT1_191.jpg,val,test,train,train,test,train,train,test,test,train
Brownspot/BROWNSPOT1_192.jpg,train,train,test,train,train,train,val,train,train,test
Brownspot/BROWNSPOT1_193.jpg,val,val,train,val,test,train,train,test,train,train
Brownspot/BROWNSPOT1_194.jpg,train,test,train,train,val,train,train,test,train,train
Brownspot/BROWNSPOT1_195.jpg,train,test,train,train,test,train,train,train,test,test
Brownspot/BROWNSPOT1_196.jpg,train,val,train,train,test,train,train,test,train,train
Brownspot/BROWNSPOT1_197.jpg,val,train,val,train,train,test,train,train,train,train
Brownspot/BROWNSPOT1_198.jpg,val,test,test,train,train,train,train,train,train,train
Brownspot/BROWNSPOT1_199.jpg,train,train,test,train,train,test,train,test,train,train
Brownspot/BROWNSPOT1_200.jpg,train,val,train,train,test,train,train,train,test,train
Brownspot/BROWNSPOT2_001.jpg,train,val,test,train,val,train,train,train,train,val
Brownspot/BROWNSPOT2_002.jpg,train,train,val,test,train,train,test,val,train,train
Brownspot/BROWNSPOT2_003.jpg,test,train,train,train,test,val,train,train,train,test
Brownspot/BROWNSPOT2_004.jpg,train,train,val,train,train,train,train,train,val,val
Brownspot/BROWNSPOT2_005.jpg,val,train,train,train,train,train,train,train,train,val
Brownspot/BROWNSPOT2_006.jpg,train,train,train,train,train,train,val,train,val,test
Brownspot/BROWNSPOT2_007.jpg,train,val,val,test,train,train,test,train,train,val
Brownspot/BROWNSPOT2_008.jpg,test,train,train,train,train,train,train,train,train,train
Brownspot/BROWNSPOT2_009.jpg,train,val,train,train,test,train,train,val,train,train
Brownspot/BROWNSPOT2_010.jpg,val,train,train,train,test,train,train,train,train,train
Brownspot/BROWNSPOT2_011.jpg,test,val,train,val,train,train,train,train,test,train
Brownspot/BROWNSPOT2_012.jpg,train,train,test,test,test,train,test,train,val,train
Brownspot/BROWNSPOT2_013.jpg,test,train,train,train,test,train,train,test,train,train
Brownspot/BROWNSPOT2_014.jpg,train,train,test,train,test,test,train,train,train,train
Brownspot/BROWNSPOT2_015.jpg,train,test,train,val,train,train,train,val,train,train
Brownspot/BROWNSPOT2_016.jpg,train,train,val,train,val,val,val,test,val,train
Brownspot/BROWNSPOT2_017.jpg,test,train,train,train,train,test,train,val,train,train
Brownspot/BROWNSPOT2_018.jpg,train,train,test,train,train,train,train,train,train,train
Brownspot/BROWNSPOT2_019.jpg,train,test,train,val,train,train,train,val,test,train
Brownspot/BROWNSPOT2_020.jpg,train,train,train,test,train,train,train,test,test,train
Brownspot/BROWNSPOT2_021.jpg,train,train,train,test,train,train,val,train,test,train
Brownspot/BROWNSPOT2_022.jpg,test,test,train,test,train,train,train,val,train,train
Brownspot/BROWNSPOT2_023.jpg,train,test,val,train,train,train,train,train,train,train
Brownspot/BROWNSPOT2_024.jpg,train,val,train,test,train,train,train,train,train,train
Brownspot/BROWNSPOT2_025.jpg,test,train,val,train,train,train,val,train,train,train
Brownspot/BROWNSPOT2_026.jpg,test,train,train,train,train,train,test,train,train,train
Brownspot/BROWNSPOT2_027.jpg,train,train,val,val,val,train,train,test,val,train
Brownspot/BROWNSPOT2_028.jpg,train,train,train,train,train,train,train,val,train,test
Brownspot/BROWNSPOT2_029.jpg,val,train,test,train,train,train,train,train,train,train
Brownspot/BROWNSPOT2_030.jpg,train,train,val,train,train,val,test,test,train,train
Brownspot/BROWNSPOT2_031.jpg,train,test,test,val,train,train,val,train,train,train
Brownspot/BROWNSPOT2_032.jpg,train,train,train,train,train,val,train,test,train,val
Brownspot/BROWNSPOT2_033.jpg,train,train,train,train,train,train,train,train,train,train
Brownspot/BROWNSPOT2_034.jpg,train,train,train,train,train,train,val,train,train,test
Brownspot/BROWNSPOT2_035.jpg,train,train,test,val,train,train,train,train,val,train
Brownspot/BROWNSPOT2_036.jpg,val,train,train,train,val,train,train,test,test,train
Brownspot/BROWNSPOT2_037.jpg,test,val,train,test,train,train,train,test,val,train
Brownspot/BROWNSPOT2_038.jpg,val,train,val,train,test,train,train,train,train,train
Brownspot/BROWNSPOT2_039.jpg,train,train,train,test,val,train,train,train,test,val
Brownspot/BROWNSPOT2_040.jpg,test,train,train,test,train,test,test,test,train,train
Brownspot/BROWNSPOT2_041.jpg,train,train,test,train,val,train,train,train,val,test
Brownspot/BROWNSPOT2_042.jpg,train,train,train,train,train,train,train,train,train,test
Brownspot/BROWNSPOT2_043.jpg,test,train,train,test,train,train,train,train,train,train
Brownspot/BROWNSPOT2_044.jpg,test,train,val,train,train,train,train,test,val,train
Brownspot/BROWNSPOT2_045.jpg,train,train,train,train,train,train,val,train,val,train
Brownspot/BROWNSPOT2_046.jpg,train,train,val,train,train,train,test,train,train,train
Brownspot/BROWNSPOT2_047.jpg,train,train,train,train,train,train,train,train,train,train
Brownspot/BROWNSPOT2_048.jpg,train,train,test,train,train,test,test,train,train,test
Brownspot/BROWNSPOT2_049.jpg,train,train,train,train,test,train,train,test,train,train
Brownspot/BROWNSPOT2_050.jpg,train,train,train,train,train,train,train,train,train,test
Brownspot/BROWNSPOT2_051.jpg,train,val,test,test,train,train,train,train,train,test
Brownspot/BROWNSPOT2_052.jpg,train,train,train,train,test,train,train,train,train,val
Brownspot/BROWNSPOT2_053.jpg,train,train,test,val,train,train,train,train,train,train
Brownspot/BROWNSPOT2_054.jpg,train,test,train,train,train,train,train,train,test,train
Brownspot/BROWNSPOT2_055.jpg,train,test,train,train,test,train,test,train,test,train
Brownspot/BROWNSPOT2_056.jpg,val,train,train,val,val,train,test,train,train,test
Brownspot/BROWNSPOT2_057.jpg,train,train,train,train,train,train,train,train,train,train
Brownspot/BROWNSPOT2_058.jpg,train,train,train,train,train,train,train,train,test,train
Brownspot/BROWNSPOT2_059.jpg,train,train,test,train,train,train,train,train,test,train
Brownspot/BROWNSPOT2_060.jpg,train,val,train,test,test,train,train,val,train,train
Brownspot/BROWNSPOT2_061.jpg,train,val,train,train,train,train,train,test,train,val
Brownspot/BROWNSPOT2_062.jpg,train,test,test,test,train,train,test,test,train,test
Brownspot/BROWNSPOT2_063.jpg,test,train,train,train,train,val,train,train,train,test
Brownspot/BROWNSPOT2_064.jpg,train,train,train,train,test,train,val,train,test,test
Brownspot/BROWNSPOT2_065.jpg,train,train,train,train,train,train,test,train,train,train
Brownspot/BROWNSPOT2_066.jpg,train,train,train,train,test,val,train,train,test,test
Brownspot/BROWNSPOT2_067.jpg,train,train,train,train,train,train,train,train,train,test
Brownspot/BROWNSPOT2_068.jpg,test,test,test,val,test,train,test,train,train,train
Brownspot/BROWNSPOT2_069.jpg,val,train,test,train,train,test,train,val,val,train
Brownspot/BROWNSPOT2_070.jpg,train,test,train,val,train,train,train,train,train,train
Brownspot/BROWNSPOT2_071.jpg,train,train,test,train,train,train,train,val,train,test
Brownspot/BROWNSPOT2_072.jpg,test,train,test,test,test,train,train,train,train,train
Brownspot/BROWNSPOT2_073.jpg,train,train,train,val,train,test,train,train,train,train
Brownspot/BROWNSPOT2_074.jpg,train,train,test,test,train,train,train,train,test,test
Brownspot/BROWNSPOT2_075.jpg,train,test,test,train,train,train,train,train,test,train
Brownspot/BROWNSPOT2_076.jpg,train,test,train,test,test,train,test,test,train,test
Brownspot/BROWNSPOT2_077.jpg,train,test,train,train,test,test,test,val,train,train
Brownspot/BROWNSPOT2_078.jpg,train,test,train,train,train,train,train,train,test,train
Brownspot/BROWNSPOT2_079.jpg,test,test,train,train,test,train,test,train,train,test
Brownspot/BROWNSPOT2_080.jpg,train,train,val,train,train,train,test,test,train,train
Brownspot/BROWNSPOT2_081.jpg,test,train,train,val,train,train,test,train,train,train
Brownspot/BROWNSPOT2_082.jpg,train,train,train,train,train,train,train,train,train,test
Brownspot/BROWNSPOT2_083.jpg,val,train,train,test,train,test,train,train,train,train
Brownspot/BROWNSPOT2_084.jpg,val,train,test,train,train,train,test,train,test,train
Brownspot/BROWNSPOT2_085.jpg,train,train,train,train,train,train,train,test,train,train
Brownspot/BROWNSPOT2_086.jpg,train,train,val,train,train,val,train,test,train,train
Brownspot/BROWNSPOT2_087.jpg,train,train,train,test,test,val,train,val,train,train
Brownspot/BROWNSPOT2_088.jpg,val,test,test,train,train,train,train,test,test,train
Brownspot/BROWNSPOT2_089.jpg,val,train,train,train,train,val,train,val,train,test
Brownspot/BROWNSPOT2_090.jpg,train,test,test,train,test,test,train,test,train,train
Brownspot/BROWNSPOT2_091.jpg,train,val,train,val,train,train,train,train,train,train
Brownspot/BROWNSPOT2_092.jpg,val,train,train,train,train,train,train,train,train,train
Brownspot/BROWNSPOT2_093.jpg,train,train,train,val,train,test,train,train,train,train
Brownspot/BROWNSPOT2_094.jpg,test,train,train,train,test,train,train,test,train,train
Brownspot/BROWNSPOT2_095.jpg,train,test,train,train,train,train,train,test,train,train
Brownspot/BROWNSPOT2_096.jpg,val,test,test,train,train,val,train,test,train,test
Brownspot/BROWNSPOT2_097.jpg,test,train,val,test,test,train,train,train,train,train
Brownspot/BROWNSPOT2_098.jpg,train,train,train,train,train,test,train,train,train,val
Brownspot/BROWNSPOT2_099.jpg,train,train,train,val,train,train,train,train,train,test
Brownspot/BROWNSPOT2_100.jpg,train,test,val,train,val,val,train,val,train,train
Brownspot/BROWNSPOT2_101.jpg,train,train,train,train,test,train,train,train,test,test
Brownspot/BROWNSPOT2_102.jpg,test,train,train,test,train,train,train,val,train,train
Brownspot/BROWNSPOT2_103.jpg,train,train,train,train,test,train,val,train,test,train
Brownspot/BROWNSPOT2_104.jpg,train,train,val,train,train,train,val,train,train,val
Brownspot/BROWNSPOT2_105.jpg,val,train,train,train,train,train,train,train,train,train
Brownspot/BROWNSPOT2_106.jpg,val,val,train,train,train,train,train,train,test,train
Brownspot/BROWNSPOT2_107.jpg,train,train,test,train,train,val,train,train,train,train
Brownspot/BROWNSPOT2_108.jpg,train,test,train,test,test,test,train,train,train,test
Brownspot/BROWNSPOT2_109.jpg,train,train,train,train,test,train,train,train,val,train
Brownspot/BROWNSPOT2_110.jpg,train,val,train,val,train,train,test,train,train,train
Brownspot/BROWNSPOT2_111.jpg,train,val,test,train,test,train,train,train,test,train
Brownspot/BROWNSPOT2_112.jpg,train,val,train,train,train,test,train,train,test,train
Brownspot/BROWNSPOT2_113.jpg,train,train,test,train,train,test,test,train,val,train
Brownspot/BROWNSPOT2_114.jpg,train,train,train,train,train,train,val,train,train,train
Brownspot/BROWNSPOT2_115.jpg,train,test,train,val,val,train,test,val,val,train
Brownspot/BROWNSPOT2_116.jpg,train,train,train,train,train,val,train,train,val,train
Brownspot/BROWNSPOT2_117.jpg,val,train,val,test,train,train,test,train,train,train
Brownspot/BROWNSPOT2_118.jpg,train,train,train,train,train,test,test,train,train,val
Brownspot/BROWNSPOT2_119.jpg,test,train,train,test,val,train,train,train,train,test
Brownspot/BROWNSPOT2_120.jpg,train,train,train,train,train,train,test,train,train,train
Brownspot/BROWNSPOT2_121.jpg,val,train,test,train,train,train,val,test,train,train
Brownspot/BROWNSPOT2_122.jpg,train,test,val,train,train,train,train,train,train,train
Brownspot/BROWNSPOT2_123.jpg,train,val,train,test,test,train,test,train,train,train
Brownspot/BROWNSPOT2_124.jpg,test,train,train,test,train,train,train,train,train,train
Brownspot/BROWNSPOT2_125.jpg,train,train,train,test,test,train,train,train,train,test
Brownspot/BROWNSPOT2_126.jpg,val,train,train,val,train,train,train,test,train,train
Brownspot/BROWNSPOT2_127.jpg,train,train,test,test,train,test,train,train,val,train
Brownspot/BROWNSPOT2_128.jpg,train,train,train,train,train,train,train,train,train,train
Brownspot/BROWNSPOT2_129.jpg,test,train,train,train,train,val,test,test,val,train
Brownspot/BROWNSPOT2_130.jpg,train,train,train,test,train,train,train,train,test,train
Brownspot/BROWNSPOT2_131.jpg,train,train,test,train,train,val,test,test,train,val
Brownspot/BROWNSPOT2_132.jpg,train,train,train,train,train,train,train,train,test,train
Brownspot/BROWNSPOT2_133.jpg,train,train,train,test,train,train,train,test,train,test
Brownspot/BROWNSPOT2_134.jpg,test,test,train,train,train,train,train,train,val,train
Brownspot/BROWNSPOT2_135.jpg,val,train,train,train,train,train,train,test,train,train
Brownspot/BROWNSPOT2_136.jpg,val,train,train,train,train,train,train,train,train,train
Brownspot/BROWNSPOT2_137.jpg,train,test,train,train,train,train,val,train,train,train
Brownspot/BROWNSPOT2_138.jpg,train,val,train,train,train,train,train,train,train,val
Brownspot/BROWNSPOT2_139.jpg,train,train,val,train,train,test,test,train,test,test
Brownspot/BROWNSPOT2_140.jpg,val,train,train,train,train,test,train,train,test,train
Brownspot/BROWNSPOT2_141.jpg,train,train,train,test,test,train,train,train,train,train
Brownspot/BROWNSPOT2_142.jpg,test,train,train,train,train,train,train,train,train,train
Brownspot/BROWNSPOT2_143.jpg,train,train,train,train,train,train,train,test,train,train
Brownspot/BROWNSPOT2_144.jpg,val,train,test,train,val,train,test,train,train,train
Brownspot/BROWNSPOT2_145.jpg,test,test,test,train,train,train,train,val,test,train
Brownspot/BROWNSPOT2_146.jpg,train,train,train,train,train,train,train,train,train,test
Brownspot/BROWNSPOT2_147.jpg,test,test,test,train,train,train,train,train,train,train
Brownspot/BROWNSPOT2_148.jpg,train,train,train,train,val,val,train,train,test,train
Brownspot/BROWNSPOT2_149.jpg,val,train,val,test,train,train,train,val,train,train
Brownspot/BROWNSPOT2_150.jpg,train,val,train,train,test,train,train,train,train,train
Brownspot/BROWNSPOT2_151.jpg,train,train,train,train,train,train,test,train,test,train
Brownspot/BROWNSPOT2_152.jpg,train,test,train,train,train,train,train,train,train,train
Brownspot/BROWNSPOT2_153.jpg,test,test,train,train,test,train,train,train,train,train
Brownspot/BROWNSPOT2_154.jpg,train,train,test,test,test,train,train,train,test,train
Brownspot/BROWNSPOT2_155.jpg,train,train,train,val,train,train,test,train,train,test
Brownspot/BROWNSPOT2_156.jpg,train,train,train,train,val,train,train,train,train,train
Brownspot/BROWNSPOT2_157.jpg,train,train,test,test,test,val,train,train,train,train
Brownspot/BROWNSPOT2_158.jpg,train,test,train,train,train,test,test,train,test,val
Brownspot/BROWNSPOT2_159.jpg,train,test,test,train,train,train,train,train,train,train
Brownspot/BROWNSPOT2_160.jpg,train,train,train,train,train,test,test,train,train,val
Brownspot/BROWNSPOT2_161.jpg,train,train,train,train,train,train,test,test,train,train
Brownspot/BROWNSPOT2_162.jpg,train,train,train,train,train,val,test,train,train,test
Brownspot/BROWNSPOT2_163.jpg,train,train,test,train,train,train,val,train,test,test
Brownspot/BROWNSPOT2_164.jpg,train,test,test,train,train,train,train,test,train,train
Brownspot/BROWNSPOT2_165.jpg,train,test,train,val,train,train,train,train,train,train
Brownspot/BROWNSPOT2_166.jpg,train,train,val,train,train,train,test,train,train,train
Brownspot/BROWNSPOT2_167.jpg,val,val,train,train,train,train,train,train,train,test
Brownspot/BROWNSPOT2_168.jpg,test,train,train,train,train,train,train,train,test,train
Brownspot/BROWNSPOT2_169.jpg,train,train,train,test,train,train,train,train,train,val
Brownspot/BROWNSPOT2_170.jpg,train,train,train,train,train,train,val,train,train,test
Brownspot/BROWNSPOT2_171.jpg,test,train,test,train,train,train,test,train,train,test
Brownspot/BROWNSPOT2_172.jpg,train,train,train,val,train,test,train,train,train,train
Brownspot/BROWNSPOT2_173.jpg,test,train,val,train,test,train,train,test,train,train
Brownspot/BROWNSPOT2_174.jpg,test,test,train,train,train,train,test,train,train,train
Brownspot/BROWNSPOT2_175.jpg,test,train,train,test,train,train,train,train,train,train
Brownspot/BROWNSPOT2_176.jpg,train,test,val,train,train,test,train,val,test,train
Brownspot/BROWNSPOT2_177.jpg,test,test,val,train,train,train,train,train,train,train
Brownspot/BROWNSPOT2_178.jpg,test,train,test,train,train,train,test,test,train,train
Brownspot/BROWNSPOT2_179.jpg,train,train,train,test,train,train,val,train,val,train
Brownspot/BROWNSPOT2_180.jpg,train,train,train,train,test,train,train,test,train,train
Brownspot/BROWNSPOT2_181.jpg,test,train,val,val,train,train,train,train,train,train
Brownspot/BROWNSPOT2_182.jpg,train,train,train,train,train,train,train,test,train,train
Brownspot/BROWNSPOT2_183.jpg,train,val,train,train,val,test,val,train,test,train
Brownspot/BROWNSPOT2_184.jpg,train,train,train,val,train,train,train,train,train,train
Brownspot/BROWNSPOT2_185.jpg,train,train,train,test,train,train,train,val,train,train
Brownspot/BROWNSPOT2_186.jpg,train,train,test,test,train,val,train,val,train,train
Brownspot/BROWNSPOT2_187.jpg,train,train,train,train,val,train,train,train,val,train
Brownspot/BROWNSPOT2_188.jpg,train,train,train,test,train,train,train,train,train,train
Brownspot/BROWNSPOT2_189.jpg,train,train,val,train,val,test,train,train,train,train
Brownspot/BROWNSPOT2_190.jpg,train,train,test,val,train,train,test,test,train,train
Brownspot/BROWNSPOT2_191.jpg,test,train,train,train,test,train,train,train,train,train
Brownspot/BROWNSPOT2_192.jpg,train,test,train,train,train,test,test,val,test,train
Brownspot/BROWNSPOT2_193.jpg,test,train,train,test,val,val,train,test,train,test
Brownspot/BROWNSPOT2_194.jpg,test,test,train,train,val,train,train,test,test,train
Brownspot/BROWNSPOT2_195.jpg,train,test,val,train,train,val,train,test,train,test
Brownspot/BROWNSPOT2_196.jpg,train,test,train,train,train,test,val,train,val,train
Brownspot/BROWNSPOT2_197.jpg,test,train,test,train,train,test,train,train,train,val
Brownspot/BROWNSPOT2_198.jpg,train,train,val,val,train,train,train,train,val,test
Brownspot/BROWNSPOT2_199.jpg,test,test,train,train,val,val,train,val,train,train
Brownspot/BROWNSPOT2_200.jpg,test,test,train,train,val,train,train,test,test,train
Brownspot/BROWNSPOT3_001.jpg,train,test,train,train,test,train,train,test,train,train
Brownspot/BROWNSPOT3_002.jpg,train,train,train,test,train,train,train,val,train,train
Brownspot/BROWNSPOT3_003.jpg,test,train,train,train,train,train,test,train,train,test
Brownspot/BROWNSPOT3_004.jpg,train,train,train,train,train,train,test,train,test,val
Brownspot/BROWNSPOT3_005.jpg,train,train,train,train,train,train,train,train,train,train
Brownspot/BROWNSPOT3_006.jpg,train,val,train,train,test,train,train,train,train,train
Brownspot/BROWNSPOT3_007.jpg,val,train,val,train,train,train,test,train,train,train
Brownspot/BROWNSPOT3_008.jpg,train,test,train,test,train,test,train,train,train,test
Brownspot/BROWNSPOT3_009.jpg,train,train,train,train,test,val,train,train,val,train
Brownspot/BROWNSPOT3_010.jpg,train,train,train,train,train,train,val,train,train,train
Brownspot/BROWNSPOT3_011.jpg,train,val,train,val,val,train,train,train,train,train
Brownspot/BROWNSPOT3_012.jpg,test,val,train,train,test,train,train,train,train,train
Brownspot/BROWNSPOT3_013.jpg,train,val,train,train,train,test,train,train,train,train
Brownspot/BROWNSPOT3_014.jpg,train,train,val,train,train,test,test,train,val,train
Brownspot/BROWNSPOT3_015.jpg,test,train,train,train,test,train,test,train,train,train
Brownspot/BROWNSPOT3_016.jpg,train,test,train,val,test,train,train,val,train,train
Brownspot/BROWNSPOT3_017.jpg,val,train,test,train,train,val,train,train,test,train
Brownspot/BROWNSPOT3_018.jpg,test,train,train,test,val,train,test,train,train,train
Brownspot/BROWNSPOT3_019.jpg,test,train,train,train,train,test,train,train,train,val
Brownspot/BROWNSPOT3_020.jpg,train,train,train,test,test,train,train,train,val,test
Brownspot/BROWNSPOT3_021.jpg,train,train,train,train,val,train,test,train,train,train
Brownspot/BROWNSPOT3_022.jpg,test,train,train,train,train,train,train,test,train,train
Brownspot/BROWNSPOT3_023.jpg,val,test,val,train,test,train,train,train,train,train
Brownspot/BROWNSPOT3_024.jpg,train,val,test,test,train,train,train,train,train,train
Brownspot/BROWNSPOT3_025.jpg,train,train,test,test,train,train,train,train,train,train
Brownspot/BROWNSPOT3_026.jpg,val,train,train,test,val,train,train,train,train,test
Brownspot/BROWNSPOT3_027.jpg,train,train,val,val,train,train,test,test,test,train
Brownspot/BROWNSPOT3_028.jpg,train,train,train,test,train,test,test,train,train,train
Brownspot/BROWNSPOT3_029.jpg,train,train,train,train,train,train,train,train,val,train
Brownspot/BROWNSPOT3_030.jpg,train,train,train,train,train,val,train,test,train,train
Brownspot/BROWNSPOT3_031.jpg,test,train,train,test,train,train,train,train,train,train
Brownspot/BROWNSPOT3_032.jpg,train,train,train,train,train,val,train,test,train,val
Brownspot/BROWNSPOT3_033.jpg,train,train,val,train,val,train,train,train,test,train
Brownspot/BROWNSPOT3_034.jpg,test,train,test,test,train,train,test,test,train,test
Brownspot/BROWNSPOT3_035.jpg,test,test,train,train,val,train,train,train,train,train
Brownspot/BROWNSPOT3_036.jpg,train,train,val,train,val,train,train,test,train,train
Brownspot/BROWNSPOT3_037.jpg,train,train,val,train,train,train,train,train,test,train
Brownspot/BROWNSPOT3_038.jpg,train,test,test,train,val,train,train,train,train,train
Brownspot/BROWNSPOT3_039.jpg,test,val,val,train,train,train,train,train,train,val
Brownspot/BROWNSPOT3_040.jpg,train,train,train,train,train,test,val,train,train,test
Brownspot/BROWNSPOT3_041.jpg,train,train,val,train,test,test,test,train,train,train
Brownspot/BROWNSPOT3_042.jpg,test,train,train,test,test,train,test,train,test,train
Brownspot/BROWNSPOT3_043.jpg,train,train,train,train,train,train,train,train,train,train
Brownspot/BROWNSPOT3_044.jpg,test,train,train,train,train,train,test,test,train,train
Brownspot/BROWNSPOT3_045.jpg,train,train,train,train,train,train,train,train,val,train
Brownspot/BROWNSPOT3_046.jpg,train,test,train,train,train,train,train,val,train,train
Brownspot/BROWNSPOT3_047.jpg,train,train,train,train,test,train,train,train,train,test
Brownspot/BROWNSPOT3_048.jpg,train,test,train,train,test,train,train,train,test,train
Brownspot/BROWNSPOT3_049.jpg,val,train,train,train,train,val,train,train,train,train
Brownspot/BROWNSPOT3_050.jpg,train,train,train,test,val,train,train,val,test,train
Brownspot/BROWNSPOT3_051.jpg,train,val,test,train,train,train,train,train,train,train
Brownspot/BROWNSPOT3_052.jpg,test,train,train,train,train,train,train,train,train,train
Brownspot/BROWNSPOT3_053.jpg,train,test,train,train,train,train,train,train,train,train
Brownspot/BROWNSPOT3_054.jpg,train,test,train,train,val,train,val,train,test,train
Brownspot/BROWNSPOT3_055.jpg,train,train,train,test,train,train,train,train,train,train
Brownspot/BROWNSPOT3_056.jpg,train,train,train,val,val,train,train,train,train,test
Brownspot/BROWNSPOT3_057.jpg,train,train,test,train,train,train,test,train,test,train
Brownspot/BROWNSPOT3_058.jpg,train,train,train,test,train,val,train,train,train,train
Brownspot/BROWNSPOT3_059.jpg,train,test,val,train,train,test,train,train,train,val
Brownspot/BROWNSPOT3_060.jpg,train,test,train,train,train,train,train,train,train,train
Brownspot/BROWNSPOT3_061.jpg,train,train,train,train,train,test,train,train,train,val
Brownspot/BROWNSPOT3_062.jpg,val,train,test,train,train,train,val,test,train,train
Brownspot/BROWNSPOT3_063.jpg,test,train,test,train,test,val,train,train,train,test
Brownspot/BROWNSPOT3_064.jpg,train,train,train,train,train,train,train,train,train,test
Brownspot/BROWNSPOT3_065.jpg,train,test,test,train,train,train,test,test,train,train
Brownspot/BROWNSPOT3_066.jpg,test,test,train,val,train,train,train,train,val,train
Brownspot/BROWNSPOT3_067.jpg,test,train,test,train,train,train,train,train,train,train
Brownspot/BROWNSPOT3_068.jpg,train,val,train,train,val,train,train,train,val,test
Brownspot/BROWNSPOT3_069.jpg,test,train,test,train,train,train,train,train,train,train
Brownspot/BROWNSPOT3_070.jpg,train,train,train,test,train,train,train,train,train,val
Brownspot/BROWNSPOT3_071.jpg,test,train,train,train,test,train,val,train,train,test
Brownspot/BROWNSPOT3_072.jpg,val,train,test,train,train,train,train,train,train,test
Brownspot/BROWNSPOT3_073.jpg,train,train,val,val,train,test,train,train,train,train
Brownspot/BROWNSPOT3_074.jpg,test,train,train,train,test,train,test,test,val,train
Brownspot/BROWNSPOT3_075.jpg,train,test,train,train,test,train,train,train,train,train
Brownspot/BROWNSPOT3_076.jpg,val,train,train,test,train,train,test,train,train,train
Brownspot/BROWNSPOT3_077.jpg,test,test,train,train,test,test,train,val,val,train
Brownspot/BROWNSPOT3_078.jpg,train,test,val,train,train,train,train,train,train,train
Brownspot/BROWNSPOT3_079.jpg,train,train,train,test,train,train,train,train,train,train
Brownspot/BROWNSPOT3_080.jpg,val,train,val,train,test,train,val,test,train,train
Brownspot/BROWNSPOT3_081.jpg,test,train,train,val,train,train,val,train,test,train
Brownspot/BROWNSPOT3_082.jpg,train,train,train,train,train,train,train,test,train,train
Brownspot/BROWNSPOT3_083.jpg,train,val,train,train,train,test,train,train,test,train
Brownspot/BROWNSPOT3_084.jpg,train,train,test,val,train,train,val,train,train,train
Brownspot/BROWNSPOT3_085.jpg,test,train,train,test,train,train,train,val,train,train
Brownspot/BROWNSPOT3_086.jpg,train,train,train,train,train,val,train,train,val,train
Brownspot/BROWNSPOT3_087.jpg,train,train,test,test,train,val,train,val,train,train
Brownspot/BROWNSPOT3_088.jpg,val,train,train,train,test,train,test,train,train,train
Brownspot/BROWNSPOT3_089.jpg,train,train,train,test,train,train,train,train,train,train
Brownspot/BROWNSPOT3_090.jpg,train,train,train,train,train,test,train,train,train,train
Brownspot/BROWNSPOT3_091.jpg,train,train,train,val,train,train,train,test,train,train
Brownspot/BROWNSPOT3_092.jpg,train,train,train,train,val,train,train,train,train,train
Brownspot/BROWNSPOT3_093.jpg,train,test,test,train,train,test,train,val,train,train
Brownspot/BROWNSPOT3_094.jpg,train,train,train,test,train,val,train,test,train,test
Brownspot/BROWNSPOT3_095.jpg,train,test,train,train,val,train,test,test,train,train
Brownspot/BROWNSPOT3_096.jpg,train,test,train,train,train,val,train,test,train,test
Brownspot/BROWNSPOT3_097.jpg,train,test,train,train,test,test,train,train,val,train
Brownspot/BROWNSPOT3_098.jpg,train,train,train,train,train,test,test,train,train,val
Brownspot/BROWNSPOT3_099.jpg,train,train,train,val,train,train,val,train,test,test
Brownspot/BROWNSPOT3_100.jpg,train,test,test,train,train,val,train,val,test,train
Brownspot/BROWNSPOT3_101.jpg,train,train,train,train,train,val,train,train,train,test
Brownspot/BROWNSPOT3_102.jpg,train,train,train,test,train,train,train,val,train,train
Brownspot/BROWNSPOT3_103.jpg,train,train,train,train,train,train,train,train,train,val
Brownspot/BROWNSPOT3_104.jpg,test,train,train,train,test,train,train,train,train,val
Brownspot/BROWNSPOT3_105.jpg,train,val,train,test,test,train,val,train,train,val
Brownspot/BROWNSPOT3_106.jpg,train,train,train,train,test,train,test,train,train,test
Brownspot/BROWNSPOT3_107.jpg,val,val,train,train,train,train,train,val,test,train
Brownspot/BROWNSPOT3_108.jpg,test,train,train,train,train,train,val,train,test,train
Brownspot/BROWNSPOT3_109.jpg,test,train,test,train,train,train,test,train,val,train
Brownspot/BROWNSPOT3_110.jpg,train,val,train,val,train,train,test,train,train,train
Brownspot/BROWNSPOT3_111.jpg,train,train,train,test,train,train,train,train,train,train
Brownspot/BROWNSPOT3_112.jpg,val,train,train,train,train,train,test,test,train,train
Brownspot/BROWNSPOT3_113.jpg,test,train,test,train,train,test,train,train,train,train
Brownspot/BROWNSPOT3_114.jpg,train,test,test,val,train,train,train,val,train,train
Brownspot/BROWNSPOT3_115.jpg,train,train,val,train,train,val,train,test,train,train
Brownspot/BROWNSPOT3_116.jpg,train,train,test,train,train,test,train,val,train,train
Brownspot/BROWNSPOT3_117.jpg,train,train,train,train,train,train,train,train,train,train
Brownspot/BROWNSPOT3_118.jpg,train,test,train,val,train,train,test,val,test,train
Brownspot/BROWNSPOT3_119.jpg,train,train,train,test,train,train,test,test,train,train
Brownspot/BROWNSPOT3_120.jpg,train,train,test,test,train,train,test,train,train,train
Brownspot/BROWNSPOT3_121.jpg,train,test,test,test,test,train,train,val,test,train
Brownspot/BROWNSPOT3_122.jpg,train,test,test,train,train,train,val,train,test,train
Brownspot/BROWNSPOT3_123.jpg,val,val,test,test,train,train,train,train,train,train
Brownspot/BROWNSPOT3_124.jpg,train,train,train,train,val,train,train,train,val,train
Brownspot/BROWNSPOT3_125.jpg,train,train,train,train,val,train,train,train,train,train
Brownspot/BROWNSPOT3_126.jpg,train,train,train,val,train,train,val,test,train,train
Brownspot/BROWNSPOT3_127.jpg,train,train,train,train,val,train,train,val,test,test
Brownspot/BROWNSPOT3_128.jpg,train,train,val,train,train,train,train,train,train,train
Brownspot/BROWNSPOT3_129.jpg,train,train,train,train,train,val,train,test,val,train
Brownspot/BROWNSPOT3_130.jpg,train,test,train,val,test,train,train,train,train,train
Brownspot/BROWNSPOT3_131.jpg,train,train,train,train,val,val,train,test,test,val
Brownspot/BROWNSPOT3_132.jpg,test,train,train,train,test,train,val,train,train,train
Brownspot/BROWNSPOT3_133.jpg,test,train,train,train,train,train,train,train,test,test
Brownspot/BROWNSPOT3_134.jpg,train,train,train,val,train,train,train,train,train,train
Brownspot/BROWNSPOT3_135.jpg,train,train,train,train,test,train,test,test,train,train
Brownspot/BROWNSPOT3_136.jpg,train,val,train,test,train,train,train,test,train,train
Brownspot/BROWNSPOT3_137.jpg,val,train,val,train,train,train,train,train,train,train
Brownspot/BROWNSPOT3_138.jpg,train,train,train,test,train,train,val,train,train,val
Brownspot/BROWNSPOT3_139.jpg,test,train,val,test,train,test,train,test,test,train
Brownspot/BROWNSPOT3_140.jpg,train,train,train,train,train,train,train,train,train,test
Brownspot/BROWNSPOT3_141.jpg,train,train,test,train,train,train,val,train,test,test
Brownspot/BROWNSPOT3_142.jpg,test,train,val,test,train,train,test,train,train,train
Brownspot/BROWNSPOT3_143.jpg,train,train,train,train,test,train,test,test,train,train
Brownspot/BROWNSPOT3_144.jpg,test,train,train,train,test,train,train,train,train,train
Brownspot/BROWNSPOT3_145.jpg,val,train,train,train,train,train,train,train,train,train
Brownspot/BROWNSPOT3_146.jpg,train,train,train,train,train,train,train,train,train,train
Brownspot/BROWNSPOT3_147.jpg,train,train,train,train,val,test,train,train,train,test
Brownspot/BROWNSPOT3_148.jpg,train,train,train,train,val,train,train,test,test,train
Brownspot/BROWNSPOT3_149.jpg,test,train,train,train,test,train,train,train,train,test
Brownspot/BROWNSPOT3_150.jpg,val,val,train,test,train,train,test,train,test,test
Brownspot/BROWNSPOT3_151.jpg,train,train,train,train,train,train,train,train,val,val
Brownspot/BROWNSPOT3_152.jpg,train,train,train,val,test,train,train,train,train,train
Brownspot/BROWNSPOT3_153.jpg,train,test,train,train,train,train,train,train,train,train
Brownspot/BROWNSPOT3_154.jpg,train,test,train,train,train,train,train,train,train,train
Brownspot/BROWNSPOT3_155.jpg,train,train,train,val,train,train,train,train,train,test
Brownspot/BROWNSPOT3_156.jpg,train,train,train,train,train,train,train,train,test,train
Brownspot/BROWNSPOT3_157.jpg,train,train,train,train,val,train,test,train,train,train
Brownspot/BROWNSPOT3_158.jpg,val,train,test,train,train,train,train,train,test,train
Brownspot/BROWNSPOT3_159.jpg,train,val,train,test,train,train,train,val,train,train
Brownspot/BROWNSPOT3_160.jpg,train,val,train,train,test,train,test,test,test,val
Brownspot/BROWNSPOT3_161.jpg,train,test,train,test,train,train,train,test,train,test
Brownspot/BROWNSPOT3_162.jpg,train,train,train,train,train,val,train,train,train,test
Brownspot/BROWNSPOT3_163.jpg,train,train,train,train,train,train,train,train,test,test
Brownspot/BROWNSPOT3_164.jpg,train,train,test,train,train,train,train,train,train,train
Brownspot/BROWNSPOT3_165.jpg,train,train,train,train,train,val,train,train,train,test
Brownspot/BROWNSPOT3_166.jpg,test,train,test,train,train,train,train,train,train,test
Brownspot/BROWNSPOT3_167.jpg,train,test,test,val,train,train,train,train,test,train
Brownspot/BROWNSPOT3_168.jpg,train,train,train,train,train,test,test,val,val,train
Brownspot/BROWNSPOT3_169.jpg,train,test,train,val,train,train,train,train,train,train
Brownspot/BROWNSPOT3_170.jpg,train,train,train,train,train,train,val,val,val,test
Brownspot/BROWNSPOT3_171.jpg,train,train,test,test,train,train,train,train,test,train
Brownspot/BROWNSPOT3_172.jpg,train,train,test,val,test,test,train,train,val,train
Brownspot/BROWNSPOT3_173.jpg,train,train,train,test,train,train,test,train,train,test
Brownspot/BROWNSPOT3_174.jpg,train,test,train,train,train,train,train,train,train,train
Brownspot/BROWNSPOT3_175.jpg,test,test,train,test,train,train,val,test,test,test
Brownspot/BROWNSPOT3_176.jpg,train,test,test,train,train,test,train,val,train,train
Brownspot/BROWNSPOT3_177.jpg,train,test,train,train,train,train,train,train,train,train
Brownspot/BROWNSPOT3_178.jpg,train,train,train,train,train,val,train,train,test,train
Brownspot/BROWNSPOT3_179.jpg,train,test,val,train,train,train,train,train,val,test
Brownspot/BROWNSPOT3_180.jpg,train,train,train,train,train,train,train,test,train,train
Brownspot/BROWNSPOT3_181.jpg,train,train,train,val,test,train,train,train,train,train
Brownspot/BROWNSPOT3_182.jpg,test,train,train,train,train,train,train,train,train,test
Brownspot/BROWNSPOT3_183.jpg,train,train,val,test,train,test,train,train,train,train
Brownspot/BROWNSPOT3_184.jpg,train,train,train,train,train,train,train,train,val,train
Brownspot/BROWNSPOT3_185.jpg,val,train,train,train,train,train,train,test,train,train
Brownspot/BROWNSPOT3_186.jpg,test,train,val,test,test,val,train,val,train,train
Brownspot/BROWNSPOT3_187.jpg,val,test,test,train,test,train,train,test,test,train
Brownspot/BROWNSPOT3_188.jpg,train,train,train,train,train,val,train,val,train,test
Brownspot/BROWNSPOT3_189.jpg,val,test,val,train,train,test,train,test,test,train
Brownspot/BROWNSPOT3_190.jpg,train,val,train,val,train,train,val,train,test,train
Brownspot/BROWNSPOT3_191.jpg,test,train,train,train,test,train,val,train,test,train
Brownspot/BROWNSPOT3_192.jpg,test,train,train,val,train,test,val,train,train,train
Brownspot/BROWNSPOT3_193.jpg,train,train,train,train,train,train,train,test,test,train
Brownspot/BROWNSPOT3_194.jpg,train,test,train,train,train,train,val,test,train,train
Brownspot/BROWNSPOT3_195.jpg,train,test,train,train,train,val,val,test,train,test
Brownspot/BROWNSPOT3_196.jpg,test,train,val,test,train,train,train,train,val,train
Brownspot/BROWNSPOT3_197.jpg,train,train,train,train,test,test,train,train,train,val
Brownspot/BROWNSPOT3_198.jpg,train,train,train,val,train,train,train,train,test,test
Brownspot/BROWNSPOT3_199.jpg,train,test,train,train,val,val,val,val,train,train
Brownspot/BROWNSPOT3_200.jpg,test,val,test,train,test,train,val,train,train,val
Brownspot/BROWNSPOT4_001.jpg,train,train,test,train,train,test,val,train,train,train
Brownspot/BROWNSPOT4_002.jpg,train,train,train,train,train,train,train,train,train,test
Brownspot/BROWNSPOT4_003.jpg,test,train,train,train,val,val,test,train,train,train
Brownspot/BROWNSPOT4_004.jpg,train,train,train,train,test,train,train,test,train,val
Brownspot/BROWNSPOT4_005.jpg,train,train,train,val,train,test,train,train,train,train
Brownspot/BROWNSPOT4_006.jpg,train,train,train,train,train,val,test,test,train,train
Brownspot/BROWNSPOT4_007.jpg,train,train,train,train,train,train,train,train,train,train
Brownspot/BROWNSPOT4_008.jpg,train,val,test,test,train,train,train,train,train,train
Brownspot/BROWNSPOT4_009.jpg,train,train,train,train,train,test,train,test,train,train
Brownspot/BROWNSPOT4_010.jpg,train,train,test,train,test,train,train,train,test,train
Brownspot/BROWNSPOT4_011.jpg,train,test,train,test,train,test,test,train,train,train
Brownspot/BROWNSPOT4_012.jpg,train,train,train,train,train,test,test,train,train,train
Brownspot/BROWNSPOT4_013.jpg,train,train,train,train,train,train,train,train,train,train
Brownspot/BROWNSPOT4_014.jpg,test,train,train,train,train,train,test,val,val,train
Brownspot/BROWNSPOT4_015.jpg,test,train,test,val,train,train,test,train,test,train
Brownspot/BROWNSPOT4_016.jpg,train,train,train,train,train,train,test,train,test,val
Brownspot/BROWNSPOT4_017.jpg,train,train,train,train,val,train,val,train,train,train
Brownspot/BROWNSPOT4_018.jpg,test,train,train,train,train,train,test,train,train,train
Brownspot/BROWNSPOT4_019.jpg,test,train,train,train,test,val,test,test,val,train
Brownspot/BROWNSPOT4_020.jpg,test,test,train,train,train,train,train,test,train,test
Brownspot/BROWNSPOT4_021.jpg,train,val,train,train,test,train,test,train,train,train
Brownspot/BROWNSPOT4_022.jpg,test,test,test,train,train,test,train,train,train,train
Brownspot/BROWNSPOT4_023.jpg,train,test,train,train,train,train,val,train,train,train
Brownspot/BROWNSPOT4_024.jpg,train,test,train,train,train,train,train,train,val,val
Brownspot/BROWNSPOT4_025.jpg,test,train,test,train,train,train,train,train,train,train
Brownspot/BROWNSPOT4_026.jpg,train,train,val,test,train,train,train,train,train,train
Brownspot/BROWNSPOT4_027.jpg,train,train,test,test,test,train,test,train,train,train
Brownspot/BROWNSPOT4_028.jpg,train,train,train,val,test,train,train,train,train,train
Brownspot/BROWNSPOT4_029.jpg,train,test,train,train,train,test,train,train,train,train
Brownspot/BROWNSPOT4_030.jpg,train,train,train,train,test,train,train,test,test,train
Brownspot/BROWNSPOT4_031.jpg,test,train,test,train,train,train,train,train,train,train
Brownspot/BROWNSPOT4_032.jpg,train,test,val,train,train,test,train,train,train,train
Brownspot/BROWNSPOT4_033.jpg,test,train,test,train,train,test,train,train,test,test
Brownspot/BROWNSPOT4_034.jpg,train,val,train,train,train,val,train,train,train,train
Brownspot/BROWNSPOT4_035.jpg,train,val,train,train,train,train,val,train,val,train
Brownspot/BROWNSPOT4_036.jpg,test,train,test,test,train,train,train,train,train,test
Brownspot/BROWNSPOT4_037.jpg,train,train,train,train,val,train,train,train,train,train
Brownspot/BROWNSPOT4_038.jpg,train,train,train,train,train,train,train,train,train,train
Brownspot/BROWNSPOT4_039.jpg,train,test,train,train,train,train,val,train,train,val
Brownspot/BROWNSPOT4_040.jpg,train,test,train,val,test,train,train,train,train,train
Brownspot/BROWNSPOT4_041.jpg,test,train,val,test,train,train,train,train,train,train
Brownspot/BROWNSPOT4_042.jpg,train,test,train,train,train,train,train,train,test,train
Brownspot/BROWNSPOT4_043.jpg,train,train,test,train,train,train,train,test,train,train
Brownspot/BROWNSPOT4_044.jpg,train,train,train,train,test,test,test,val,train,test
Brownspot/BROWNSPOT4_045.jpg,train,test,train,train,test,train,val,test,val,train
Brownspot/BROWNSPOT4_046.jpg,test,val,test,train,train,train,train,test,train,test
Brownspot/BROWNSPOT4_047.jpg,train,train,train,train,train,train,test,test,train,test
Brownspot/BROWNSPOT4_048.jpg,test,train,train,train,train,train,test,train,train,train
Brownspot/BROWNSPOT4_049.jpg,train,train,train,train,train,test,train,train,train,train
Brownspot/BROWNSPOT4_050.jpg,train,train,train,train,train,val,train,train,train,train
Brownspot/BROWNSPOT4_051.jpg,test,train,train,train,train,test,train,train,train,train
Brownspot/BROWNSPOT4_052.jpg,train,val,test,val,test,train,train,train,val,train
Brownspot/BROWNSPOT4_053.jpg,val,train,train,train,train,test,train,train,train,train
Brownspot/BROWNSPOT4_054.jpg,test,train,train,train,train,val,train,val,test,val
Brownspot/BROWNSPOT4_055.jpg,test,train,train,train,train,train,train,train,train,train
Brownspot/BROWNSPOT4_056.jpg,train,test,train,train,train,train,train,train,train,train
Brownspot/BROWNSPOT4_057.jpg,train,train,train,train,train,train,train,train,test,train
Brownspot/BROWNSPOT4_058.jpg,train,train,test,train,train,train,train,train,train,train
Brownspot/BROWNSPOT4_059.jpg,train,train,test,test,train,test,train,train,train,train
Brownspot/BROWNSPOT4_060.jpg,val,train,train,test,train,train,train,train,train,train
Brownspot/BROWNSPOT4_061.jpg,train,train,test,train,train,train,train,test,train,train
Brownspot/BROWNSPOT4_062.jpg,train,test,test,train,train,train,test,train,train,train
Brownspot/BROWNSPOT4_063.jpg,train,train,train,train,train,test,test,train,train,train
Brownspot/BROWNSPOT4_064.jpg,train,test,train,train,train,train,train,train,train,train
Brownspot/BROWNSPOT4_065.jpg,train,test,train,train,train,train,train,test,train,train
Brownspot/BROWNSPOT4_066.jpg,train,train,train,test,train,train,test,train,train,train
Brownspot/BROWNSPOT4_067.jpg,train,train,train,train,train,test,train,test,train,test
Brownspot/BROWNSPOT4_068.jpg,test,train,train,train,train,train,train,train,train,train
Brownspot/BROWNSPOT4_069.jpg,train,train,train,train,val,train,train,train,train,val
Brownspot/BROWNSPOT4_070.jpg,train,train,test,train,train,train,train,train,train,test
Brownspot/BROWNSPOT4_071.jpg,train,train,train,val,train,train,train,test,train,train
Brownspot/BROWNSPOT4_072.jpg,train,val,val,train,test,train,test,train,train,train
Brownspot/BROWNSPOT4_073.jpg,train,train,train,train,train,test,train,test,train,train
Brownspot/BROWNSPOT4_074.jpg,train,train,train,test,test,train,train,train,test,train
Brownspot/BROWNSPOT4_075.jpg,train,val,train,train,test,train,train,val,train,train
Brownspot/BROWNSPOT4_076.jpg,test,train,train,train,train,test,train,train,train,train
Brownspot/BROWNSPOT4_077.jpg,train,train,test,val,val,test,train,train,test,train
Brownspot/BROWNSPOT4_078.jpg,train,train,test,train,train,test,train,train,test,test
Brownspot/BROWNSPOT4_079.jpg,train,train,train,train,train,train,train,val,train,train
Brownspot/BROWNSPOT4_080.jpg,train,train,train,train,train,train,val,train,train,test
Brownspot/BROWNSPOT4_081.jpg,train,train,test,train,train,test,train,val,train,train
Brownspot/BROWNSPOT4_082.jpg,train,train,train,train,train,train,test,test,test,test
Brownspot/BROWNSPOT4_083.jpg,train,train,train,test,train,train,val,train,test,train
Brownspot/BROWNSPOT4_084.jpg,val,train,test,train,test,val,test,train,train,train
Brownspot/BROWNSPOT4_085.jpg,train,train,train,train,test,train,train,train,train,train
Brownspot/BROWNSPOT4_086.jpg,train,train,train,train,train,train,train,test,train,test
Brownspot/BROWNSPOT4_087.jpg,test,train,test,train,train,train,val,train,train,train
Brownspot/BROWNSPOT4_088.jpg,train,train,train,train,train,train,train,val,train,train
Brownspot/BROWNSPOT4_089.jpg,train,train,train,train,train,train,train,train,train,test
Brownspot/BROWNSPOT4_090.jpg,train,val,test,test,train,test,train,train,train,train
Brownspot/BROWNSPOT4_091.jpg,test,train,train,train,test,train,train,train,train,train
Brownspot/BROWNSPOT4_092.jpg,train,test,train,train,train,train,train,test,train,train
Brownspot/BROWNSPOT4_093.jpg,test,train,train,train,train,train,train,train,train,train
Brownspot/BROWNSPOT4_094.jpg,train,val,train,val,train,train,train,test,test,train
Brownspot/BROWNSPOT4_095.jpg,train,test,val,train,test,train,train,test,train,train
Brownspot/BROWNSPOT4_096.jpg,test,test,train,train,train,train,train,train,train,test
Brownspot/BROWNSPOT4_097.jpg,train,train,test,test,train,train,test,train,train,train
Brownspot/BROWNSPOT4_098.jpg,train,train,train,train,train,train,test,test,val,train
Brownspot/BROWNSPOT4_099.jpg,train,test,train,train,train,train,train,train,train,train
Brownspot/BROWNSPOT4_100.jpg,train,train,train,test,test,test,train,train,train,train
Brownspot/BROWNSPOT4_101.jpg,test,train,test,train,test,train,train,train,train,test
Brownspot/BROWNSPOT4_102.jpg,train,train,train,train,test,train,train,train,test,train
Brownspot/BROWNSPOT4_103.jpg,train,train,train,train,train,train,test,test,train,train
Brownspot/BROWNSPOT4_104.jpg,train,train,train,test,train,train,train,test,val,test
Brownspot/BROWNSPOT4_105.jpg,train,test,train,train,train,train,train,train,train,train
Brownspot/BROWNSPOT4_106.jpg,train,test,train,train,train,train,train,test,train,train
Brownspot/BROWNSPOT4_107.jpg,train,train,train,train,test,test,test,test,val,train
Brownspot/BROWNSPOT4_108.jpg,test,val,train,train,train,train,train,train,train,train
Brownspot/BROWNSPOT4_109.jpg,test,train,train,train,train,train,train,train,test,train
Brownspot/BROWNSPOT4_110.jpg,test,test,train,test,test,test,val,train,test,train
Brownspot/BROWNSPOT4_111.jpg,val,test,test,test,train,test,train,train,train,test
Brownspot/BROWNSPOT4_112.jpg,train,train,train,train,val,train,val,train,train,val
Brownspot/BROWNSPOT4_113.jpg,train,train,test,test,train,train,train,test,train,train
Brownspot/BROWNSPOT4_114.jpg,train,val,train,train,train,train,val,train,train,test
Brownspot/BROWNSPOT4_115.jpg,train,train,train,train,train,val,test,test,train,train
Brownspot/BROWNSPOT4_116.jpg,val,train,train,val,val,train,train,val,train,train
Brownspot/BROWNSPOT4_117.jpg,val,train,train,val,test,train,train,val,test,train
Brownspot/BROWNSPOT4_118.jpg,train,test,train,test,train,train,test,train,train,train
Brownspot/BROWNSPOT4_119.jpg,train,train,train,train,train,val,val,train,val,train
Brownspot/BROWNSPOT4_120.jpg,val,train,train,test,test,train,train,test,test,train
Brownspot/BROWNSPOT4_121.jpg,train,train,train,train,test,test,val,test,train,test
Brownspot/BROWNSPOT4_122.jpg,train,train,train,train,train,test,train,train,train,train
Brownspot/BROWNSPOT4_123.jpg,train,train,train,train,test,train,train,train,val,test
Brownspot/BROWNSPOT4_124.jpg,val,train,train,train,train,test,train,train,train,train
Brownspot/BROWNSPOT4_125.jpg,train,train,train,train,test,train,test,val,train,test
Brownspot/BROWNSPOT4_126.jpg,train,train,train,test,test,train,test,train,train,train
Brownspot/BROWNSPOT4_127.jpg,train,test,test,train,train,train,train,test,train,test
Brownspot/BROWNSPOT4_128.jpg,test,test,train,train,train,test,train,train,train,train
Brownspot/BROWNSPOT4_129.jpg,val,train,train,train,train,test,train,train,train,train
Brownspot/BROWNSPOT4_130.jpg,train,train,test,val,train,train,train,val,test,train
Brownspot/BROWNSPOT4_131.jpg,test,train,train,test,train,test,train,train,train,test
Brownspot/BROWNSPOT4_132.jpg,test,train,test,test,train,val,train,train,val,train
Brownspot/BROWNSPOT4_133.jpg,train,train,train,train,train,train,train,train,test,train
Brownspot/BROWNSPOT4_134.jpg,test,train,train,train,train,train,train,train,train,train
Brownspot/BROWNSPOT4_135.jpg,train,train,val,test,train,train,train,train,train,test
Brownspot/BROWNSPOT4_136.jpg,test,train,train,train,train,test,test,test,train,val
Brownspot/BROWNSPOT4_137.jpg,train,train,train,train,val,train,train,test,test,train
Brownspot/BROWNSPOT4_138.jpg,train,train,test,train,train,train,train,train,train,train
Brownspot/BROWNSPOT4_139.jpg,train,test,train,val,test,train,train,train,train,train
Brownspot/BROWNSPOT4_140.jpg,train,train,test,val,train,train,train,train,val,train
Brownspot/BROWNSPOT4_141.jpg,train,test,val,train,train,train,train,test,test,train
Brownspot/BROWNSPOT4_142.jpg,train,train,test,train,train,train,train,test,train,train
Brownspot/BROWNSPOT4_143.jpg,train,val,train,train,test,train,train,test,train,train
Brownspot/BROWNSPOT4_144.jpg,train,test,train,train,train,train,train,test,train,test
Brownspot/BROWNSPOT4_145.jpg,train,test,train,test,val,test,test,train,train,val
Brownspot/BROWNSPOT4_146.jpg,train,train,train,train,test,train,train,train,train,train
Brownspot/BROWNSPOT4_147.jpg,train,val,train,train,test,test,train,train,train,train
Brownspot/BROWNSPOT4_148.jpg,train,train,train,train,train,train,test,train,train,train
Brownspot/BROWNSPOT4_149.jpg,test,train,val,train,train,train,test,train,train,train
Brownspot/BROWNSPOT4_150.jpg,val,val,train,test,train,train,train,train,train,train
Brownspot/BROWNSPOT4_151.jpg,test,test,train,train,val,train,train,train,train,train
Brownspot/BROWNSPOT4_152.jpg,test,test,test,train,test,train,test,train,val,train
Brownspot/BROWNSPOT4_153.jpg,train,train,train,train,test,val,train,val,train,val
Brownspot/BROWNSPOT4_154.jpg,train,train,train,train,test,train,train,train,train,train
Brownspot/BROWNSPOT4_155.jpg,train,train,train,train,val,train,train,test,train,train
Brownspot/BROWNSPOT4_156.jpg,train,train,val,train,test,train,train,train,train,train
Brownspot/BROWNSPOT4_157.jpg,train,train,train,train,test,train,train,train,train,train
Brownspot/BROWNSPOT4_158.jpg,train,test,test,test,train,train,train,train,val,test
Brownspot/BROWNSPOT4_159.jpg,train,train,train,test,test,train,val,train,train,train
Brownspot/BROWNSPOT4_160.jpg,train,train,train,train,train,train,train,train,train,train
Brownspot/BROWNSPOT4_161.jpg,test,val,val,val,train,test,train,train,train,train
Brownspot/BROWNSPOT4_162.jpg,test,train,test,train,train,test,train,test,train,train
Brownspot/BROWNSPOT4_163.jpg,train,test,train,train,train,train,train,train,train,train
Brownspot/BROWNSPOT4_164.jpg,train,test,train,train,train,train,train,test,train,train
Brownspot/BROWNSPOT4_165.jpg,test,train,train,train,train,train,train,train,train,train
Brownspot/BROWNSPOT4_166.jpg,train,train,test,train,train,test,train,test,train,test
Brownspot/BROWNSPOT4_167.jpg,test,train,train,train,val,train,train,test,test,test
Brownspot/BROWNSPOT4_168.jpg,train,train,test,train,train,train,train,train,train,val
Brownspot/BROWNSPOT4_169.jpg,val,train,train,train,train,train,train,train,train,train
Brownspot/BROWNSPOT4_170.jpg,train,train,train,test,train,train,train,train,train,val
Brownspot/BROWNSPOT4_171.jpg,train,val,train,train,test,train,test,train,train,train
Brownspot/BROWNSPOT4_172.jpg,train,train,train,train,test,train,train,train,train,train
Brownspot/BROWNSPOT4_173.jpg,train,train,val,test,train,train,val,train,train,train
Brownspot/BROWNSPOT4_174.jpg,val,test,train,train,val,test,test,train,train,train
Brownspot/BROWNSPOT4_175.jpg,train,train,train,train,train,train,train,train,train,train
Brownspot/BROWNSPOT4_176.jpg,train,val,train,train,train,train,train,val,test,train
Brownspot/BROWNSPOT4_177.jpg,train,train,train,train,test,val,train,train,train,train
Brownspot/BROWNSPOT4_178.jpg,train,test,train,train,train,train,val,train,train,train
Brownspot/BROWNSPOT4_179.jpg,val,train,train,train,train,train,test,train,val,train
Brownspot/BROWNSPOT4_180.jpg,train,test,train,test,train,train,train,train,train,train
Brownspot/BROWNSPOT4_181.jpg,train,test,test,train,test,train,test,train,train,train
Brownspot/BROWNSPOT4_182.jpg,train,train,test,train,test,train,train,train,test,val
Brownspot/BROWNSPOT4_183.jpg,train,train,train,train,test,train,test,train,train,val
Brownspot/BROWNSPOT4_184.jpg,train,train,test,train,train,val,train,train,train,train
Brownspot/BROWNSPOT4_185.jpg,train,train,val,train,test,test,train,train,train,train
Brownspot/BROWNSPOT4_186.jpg,train,train,train,train,train,train,train,train,train,val
Brownspot/BROWNSPOT4_187.jpg,train,test,train,train,train,test,train,train,val,train
Brownspot/BROWNSPOT4_188.jpg,val,train,train,train,train,test,test,train,train,train
Brownspot/BROWNSPOT4_189.jpg,train,train,train,val,test,train,test,train,train,train
Brownspot/BROWNSPOT4_190.jpg,train,train,train,val,train,train,train,test,train,test
Brownspot/BROWNSPOT4_191.jpg,train,test,train,train,train,train,train,test,train,train
Brownspot/BROWNSPOT4_192.jpg,train,train,train,train,train,train,test,train,train,test
Brownspot/BROWNSPOT4_193.jpg,train,val,train,val,train,train,train,test,train,train
Brownspot/BROWNSPOT4_194.jpg,train,test,train,train,train,train,train,test,train,train
Brownspot/BROWNSPOT4_195.jpg,train,test,train,train,train,train,train,train,val,test
Brownspot/BROWNSPOT4_196.jpg,test,val,train,train,test,train,test,test,train,train
Brownspot/BROWNSPOT4_197.jpg,train,train,val,train,test,test,train,train,train,train
Brownspot/BROWNSPOT4_198.jpg,train,test,train,train,train,train,test,train,train,train
Brownspot/BROWNSPOT4_199.jpg,train,train,train,train,test,test,train,test,train,train
Brownspot/BROWNSPOT4_200.jpg,train,val,train,train,train,train,train,train,train,train
Brownspot/BROWNSPOT5_001.jpg,test,test,train,train,train,train,train,test,train,train
Brownspot/BROWNSPOT5_002.jpg,train,train,train,test,train,train,test,val,test,train
Brownspot/BROWNSPOT5_003.jpg,test,train,test,train,test,train,train,train,train,test
Brownspot/BROWNSPOT5_004.jpg,test,train,train,train,train,train,test,train,train,val
Brownspot/BROWNSPOT5_005.jpg,train,train,train,train,test,train,test,train,train,train
Brownspot/BROWNSPOT5_006.jpg,train,val,train,train,val,train,test,train,train,train
Brownspot/BROWNSPOT5_007.jpg,train,train,train,train,val,train,train,train,train,train
Brownspot/BROWNSPOT5_008.jpg,train,test,val,test,train,test,train,train,train,test
Brownspot/BROWNSPOT5_009.jpg,train,train,train,train,train,val,train,train,val,train
Brownspot/BROWNSPOT5_010.jpg,test,train,test,train,train,train,train,train,train,train
Brownspot/BROWNSPOT5_011.jpg,train,val,train,val,train,train,test,train,val,train
Brownspot/BROWNSPOT5_012.jpg,train,val,train,train,train,train,test,train,train,train
Brownspot/BROWNSPOT5_013.jpg,train,val,train,train,train,test,train,train,val,train
Brownspot/BROWNSPOT5_014.jpg,train,train,train,train,val,test,train,train,val,train
Brownspot/BROWNSPOT5_015.jpg,train,train,train,train,train,train,train,train,train,train
Brownspot/BROWNSPOT5_016.jpg,train,test,train,val,train,train,train,val,train,train
Brownspot/BROWNSPOT5_017.jpg,train,train,test,train,train,val,val,train,val,train
Brownspot/BROWNSPOT5_018.jpg,val,train,test,test,test,train,train,train,train,train
Brownspot/BROWNSPOT5_019.jpg,train,train,train,train,train,test,train,train,val,val
Brownspot/BROWNSPOT5_020.jpg,train,train,test,test,train,train,test,train,train,test
Brownspot/BROWNSPOT5_021.jpg,train,train,test,train,test,train,train,train,train,train
Brownspot/BROWNSPOT5_022.jpg,train,train,train,train,train,train,test,test,train,train
Brownspot/BROWNSPOT5_023.jpg,train,test,train,train,train,train,train,train,test,train
Brownspot/BROWNSPOT5_024.jpg,train,val,train,test,train,train,train,train,train,train
Brownspot/BROWNSPOT5_025.jpg,train,train,train,test,train,train,train,train,train,train
Brownspot/BROWNSPOT5_026.jpg,train,train,train,test,train,train,train,train,train,test
Brownspot/BROWNSPOT5_027.jpg,train,train,train,val,test,train,train,test,train,train
Brownspot/BROWNSPOT5_028.jpg,train,train,train,test,train,test,train,train,train,train
Brownspot/BROWNSPOT5_029.jpg,test,train,train,train,val,train,test,train,train,train
Brownspot/BROWNSPOT5_030.jpg,test,train,train,train,test,val,train,test,train,train
Brownspot/BROWNSPOT5_031.jpg,train,train,val,test,train,train,train,train,train,train
Brownspot/BROWNSPOT5_032.jpg,train,train,val,train,test,val,train,test,train,val
Brownspot/BROWNSPOT5_033.jpg,train,train,val,train,train,train,train,train,train,train
Brownspot/BROWNSPOT5_034.jpg,test,train,train,test,train,train,train,test,train,test
Brownspot/BROWNSPOT5_035.jpg,train,test,train,train,val,train,train,train,train,train
Brownspot/BROWNSPOT5_036.jpg,val,train,val,train,train,train,train,test,test,train
Brownspot/BROWNSPOT5_037.jpg,val,train,train,train,train,train,train,train,test,train
Brownspot/BROWNSPOT5_038.jpg,test,test,train,train,test,train,train,train,train,train
Brownspot/BROWNSPOT5_039.jpg,test,val,train,train,train,train,train,train,test,val
Brownspot/BROWNSPOT5_040.jpg,test,train,train,train,train,test,train,train,train,test
Brownspot/BROWNSPOT5_041.jpg,train,train,train,train,train,test,train,train,train,train
Brownspot/BROWNSPOT5_042.jpg,train,train,train,test,train,train,train,train,train,train
Brownspot/BROWNSPOT5_043.jpg,train,train,train,train,train,train,train,train,test,train
Brownspot/BROWNSPOT5_044.jpg,test,train,train,train,train,train,test,test,train,train
Brownspot/BROWNSPOT5_045.jpg,train,train,test,train,train,train,train,train,test,train
Brownspot/BROWNSPOT5_046.jpg,train,test,train,train,train,train,train,val,train,train
Brownspot/BROWNSPOT5_047.jpg,train,train,train,train,test,train,train,train,test,test
Brownspot/BROWNSPOT5_048.jpg,train,test,train,train,val,train,train,train,val,train
Brownspot/BROWNSPOT5_049.jpg,test,train,train,train,train,val,test,train,train,train
Brownspot/BROWNSPOT5_050.jpg,train,train,train,test,test,train,test,val,train,train
Brownspot/BROWNSPOT5_051.jpg,train,val,train,train,val,train,train,train,train,train
Brownspot/BROWNSPOT5_052.jpg,train,train,train,train,train,train,train,train,test,train
Brownspot/BROWNSPOT5_053.jpg,train,test,val,train,test,train,train,train,val,train
Brownspot/BROWNSPOT5_054.jpg,test,test,train,train,train,train,test,train,train,train
Brownspot/BROWNSPOT5_055.jpg,train,train,train,test,train,train,train,train,train,train
Brownspot/BROWNSPOT5_056.jpg,train,train,train,val,train,train,test,train,test,test
Brownspot/BROWNSPOT5_057.jpg,val,train,train,train,train,train,train,train,train,train
Brownspot/BROWNSPOT5_058.jpg,train,train,test,test,test,val,train,train,train,train
Brownspot/BROWNSPOT5_059.jpg,train,test,val,train,train,test,train,train,train,val
Brownspot/BROWNSPOT5_060.jpg,test,test,train,train,train,train,test,train,train,train
Brownspot/BROWNSPOT5_061.jpg,train,train,train,train,train,test,train,train,train,val
Brownspot/BROWNSPOT5_062.jpg,val,train,train,train,train,train,train,test,train,train
Brownspot/BROWNSPOT5_063.jpg,train,train,train,train,train,val,train,train,train,test
Brownspot/BROWNSPOT5_064.jpg,val,train,train,train,train,train,test,train,val,test
Brownspot/BROWNSPOT5_065.jpg,train,test,train,train,train,train,train,test,train,train
Brownspot/BROWNSPOT5_066.jpg,train,test,train,val,test,train,train,train,val,train
Brownspot/BROWNSPOT5_067.jpg,train,train,train,train,train,train,train,train,test,train
Brownspot/BROWNSPOT5_068.jpg,train,val,train,train,train,train,train,train,train,test
Brownspot/BROWNSPOT5_069.jpg,train,train,train,train,test,train,train,train,train,train
Brownspot/BROWNSPOT5_070.jpg,train,train,train,test,train,train,train,train,train,val
Brownspot/BROWNSPOT5_071.jpg,train,train,train,train,train,train,val,train,test,test
Brownspot/BROWNSPOT5_072.jpg,train,train,val,train,train,train,train,train,train,test
Brownspot/BROWNSPOT5_073.jpg,test,train,train,val,train,test,train,train,train,train
Brownspot/BROWNSPOT5_074.jpg,train,train,train,train,train,train,train,test,val,train
Brownspot/BROWNSPOT5_075.jpg,train,test,train,train,train,train,train,train,train,train
Brownspot/BROWNSPOT5_076.jpg,train,train,train,test,train,train,train,train,train,train
Brownspot/BROWNSPOT5_077.jpg,train,test,train,train,test,test,train,val,test,train
Brownspot/BROWNSPOT5_078.jpg,train,test,train,train,train,train,train,train,val,train
Brownspot/BROWNSPOT5_079.jpg,train,train,train,test,train,train,test,train,train,train
Brownspot/BROWNSPOT5_080.jpg,test,train,train,train,train,train,train,test,val,train
Brownspot/BROWNSPOT5_081.jpg,test,train,train,val,test,train,train,train,train,train
Brownspot/BROWNSPOT5_082.jpg,test,train,train,train,train,train,val,test,test,train
Brownspot/BROWNSPOT5_083.jpg,train,val,train,train,train,test,test,train,test,train
Brownspot/BROWNSPOT5_084.jpg,test,train,test,val,train,train,train,train,train,train
Brownspot/BROWNSPOT5_085.jpg,train,train,val,test,train,train,train,val,train,train
Brownspot/BROWNSPOT5_086.jpg,train,train,train,train,test,val,test,train,test,train
Brownspot/BROWNSPOT5_087.jpg,train,train,train,test,train,val,test,val,train,train
Brownspot/BROWNSPOT5_088.jpg,train,train,train,train,train,train,train,train,test,train
Brownspot/BROWNSPOT5_089.jpg,train,train,train,test,test,train,train,train,train,train
Brownspot/BROWNSPOT5_090.jpg,train,train,train,train,train,test,train,train,test,train
Brownspot/BROWNSPOT5_091.jpg,train,train,train,val,train,train,val,test,train,train
Brownspot/BROWNSPOT5_092.jpg,train,train,train,train,train,train,train,train,train,train
Brownspot/BROWNSPOT5_093.jpg,test,test,train,train,train,test,train,val,test,train
Brownspot/BROWNSPOT5_094.jpg,train,train,train,test,test,val,train,test,train,test
Brownspot/BROWNSPOT5_095.jpg,train,test,train,train,train,train,val,test,train,train
Brownspot/BROWNSPOT5_096.jpg,train,test,train,train,test,val,train,test,train,test
Brownspot/BROWNSPOT5_097.jpg,train,test,train,train,test,test,test,train,test,train
Brownspot/BROWNSPOT5_098.jpg,train,train,train,train,train,test,test,train,test,val
Brownspot/BROWNSPOT5_099.jpg,train,train,test,val,test,train,val,train,test,test
Brownspot/BROWNSPOT5_100.jpg,train,test,val,train,train,val,train,val,val,train
Brownspot/BROWNSPOT5_101.jpg,test,train,train,train,train,val,train,train,train,test
Brownspot/BROWNSPOT5_102.jpg,test,train,val,test,train,train,train,val,test,train
Brownspot/BROWNSPOT5_103.jpg,train,train,train,train,train,train,train,train,train,val
Brownspot/BROWNSPOT5_104.jpg,train,train,train,train,val,train,test,train,train,val
Brownspot/BROWNSPOT5_105.jpg,train,val,train,test,train,train,test,train,train,val
Brownspot/BROWNSPOT5_106.jpg,train,train,test,train,train,train,val,train,train,test
Brownspot/BROWNSPOT5_107.jpg,train,val,val,train,test,train,train,val,train,train
Brownspot/BROWNSPOT5_108.jpg,val,train,train,train,train,train,val,train,train,train
Brownspot/BROWNSPOT5_109.jpg,train,train,train,train,train,train,train,train,train,train
Brownspot/BROWNSPOT5_110.jpg,train,val,val,val,test,train,train,train,train,train
Brownspot/BROWNSPOT5_111.jpg,test,train,test,test,train,train,train,train,val,train
Brownspot/BROWNSPOT5_112.jpg,val,train,test,train,train,train,train,test,train,train
Brownspot/BROWNSPOT5_113.jpg,train,train,train,train,train,test,train,train,train,train
Brownspot/BROWNSPOT5_114.jpg,val,test,train,val,val,train,test,val,val,train
Brownspot/BROWNSPOT5_115.jpg,train,train,train,train,val,val,train,test,train,train
Brownspot/BROWNSPOT5_116.jpg,test,train,train,train,train,test,train,val,train,train
Brownspot/BROWNSPOT5_117.jpg,train,train,train,train,train,train,test,train,train,train
Brownspot/BROWNSPOT5_118.jpg,test,test,test,val,train,train,train,val,train,train
Brownspot/BROWNSPOT5_119.jpg,train,train,train,test,train,train,test,test,train,train
Brownspot/BROWNSPOT5_120.jpg,test,train,test,test,train,train,train,train,train,train
Brownspot/BROWNSPOT5_121.jpg,train,test,train,test,test,train,train,val,train,train
Brownspot/BROWNSPOT5_122.jpg,train,test,train,train,train,train,train,train,test,train
Brownspot/BROWNSPOT5_123.jpg,train,val,train,test,train,train,train,train,train,train
Brownspot/BROWNSPOT5_124.jpg,test,train,train,train,train,train,test,train,val,train
Brownspot/BROWNSPOT5_125.jpg,train,train,val,train,train,train,test,train,train,train
Brownspot/BROWNSPOT5_126.jpg,test,train,test,val,test,train,train,test,train,train
Brownspot/BROWNSPOT5_127.jpg,test,train,train,train,train,train,val,val,train,test
Brownspot/BROWNSPOT5_128.jpg,train,train,train,train,val,train,test,train,train,train
Brownspot/BROWNSPOT5_129.jpg,train,train,train,train,test,val,train,test,test,train
Brownspot/BROWNSPOT5_130.jpg,train,test,train,val,train,train,test,train,test,train
Brownspot/BROWNSPOT5_131.jpg,train,train,train,train,train,val,train,test,train,val
Brownspot/BROWNSPOT5_132.jpg,train,train,train,train,train,train,test,train,val,train
Brownspot/BROWNSPOT5_133.jpg,val,train,train,train,train,train,val,train,train,test
Brownspot/BROWNSPOT5_134.jpg,train,train,train,val,train,train,val,train,train,train
Brownspot/BROWNSPOT5_135.jpg,train,train,train,train,train,train,train,test,train,train
Brownspot/BROWNSPOT5_136.jpg,test,val,train,test,train,train,train,test,train,train
Brownspot/BROWNSPOT5_137.jpg,train,train,train,train,train,train,test,train,test,train
Brownspot/BROWNSPOT5_138.jpg,train,train,test,test,val,train,train,train,train,val
Brownspot/BROWNSPOT5_139.jpg,train,train,test,test,val,test,test,test,train,train
Brownspot/BROWNSPOT5_140.jpg,train,train,train,train,test,train,train,train,train,test
Brownspot/BROWNSPOT5_141.jpg,train,train,train,train,test,train,train,train,test,test
Brownspot/BROWNSPOT5_142.jpg,train,train,val,test,train,train,test,train,train,train
Brownspot/BROWNSPOT5_143.jpg,train,train,train,train,test,train,test,test,test,train
Brownspot/BROWNSPOT5_144.jpg,train,train,train,train,train,train,train,train,train,train
Brownspot/BROWNSPOT5_145.jpg,train,train,train,train,val,train,train,train,train,train
Brownspot/BROWNSPOT5_146.jpg,train,train,test,train,train,train,test,train,val,train
Brownspot/BROWNSPOT5_147.jpg,train,train,train,train,train,test,train,train,train,test
Brownspot/BROWNSPOT5_148.jpg,train,train,train,train,train,train,train,test,val,train
Brownspot/BROWNSPOT5_149.jpg,train,train,test,train,train,train,train,train,train,test
Brownspot/BROWNSPOT5_150.jpg,train,val,train,test,test,train,test,train,train,test
Brownspot/BROWNSPOT5_151.jpg,train,train,train,train,train,train,train,train,train,val
Brownspot/BROWNSPOT5_152.jpg,train,train,train,val,train,train,val,train,train,train
Brownspot/BROWNSPOT5_153.jpg,train,test,train,train,test,train,train,train,train,train
Brownspot/BROWNSPOT5_154.jpg,train,test,train,train,train,train,test,train,train,train
Brownspot/BROWNSPOT5_155.jpg,train,train,train,val,train,train,train,train,val,test
Brownspot/BROWNSPOT5_156.jpg,train,train,test,train,test,train,test,train,train,train
Brownspot/BROWNSPOT5_157.jpg,test,train,train,train,test,train,test,train,train,train
Brownspot/BROWNSPOT5_158.jpg,train,train,test,train,train,train,train,train,train,train
Brownspot/BROWNSPOT5_159.jpg,test,val,train,test,train,train,train,val,val,train
Brownspot/BROWNSPOT5_160.jpg,train,val,train,train,val,train,train,test,train,val
Brownspot/BROWNSPOT5_161.jpg,test,test,train,test,train,train,train,test,train,test
Brownspot/BROWNSPOT5_162.jpg,val,train,train,train,train,val,train,train,test,test
Brownspot/BROWNSPOT5_163.jpg,train,train,test,train,test,train,val,train,test,test
Brownspot/BROWNSPOT5_164.jpg,train,train,train,train,train,train,train,train,train,train
Brownspot/BROWNSPOT5_165.jpg,train,train,train,train,test,val,train,train,train,test
Brownspot/BROWNSPOT5_166.jpg,train,train,train,train,train,train,val,train,train,test
Brownspot/BROWNSPOT5_167.jpg,train,test,test,val,train,train,test,train,train,train
Brownspot/BROWNSPOT5_168.jpg,test,train,train,train,train,test,train,val,train,train
Brownspot/BROWNSPOT5_169.jpg,train,test,train,val,train,train,test,train,train,train
Brownspot/BROWNSPOT5_170.jpg,train,train,val,train,train,train,test,val,train,test
Brownspot/BROWNSPOT5_171.jpg,train,train,train,test,train,train,test,train,test,train
Brownspot/BROWNSPOT5_172.jpg,train,train,train,val,train,test,train,train,train,train
Brownspot/BROWNSPOT5_173.jpg,test,train,test,test,train,train,train,train,train,test
Brownspot/BROWNSPOT5_174.jpg,train,test,test,train,train,train,train,train,train,train
Brownspot/BROWNSPOT5_175.jpg,train,test,train,test,train,train,train,test,val,test
Brownspot/BROWNSPOT5_176.jpg,train,test,val,train,train,test,train,val,train,train
Brownspot/BROWNSPOT5_177.jpg,train,test,train,train,train,train,train,train,val,train
Brownspot/BROWNSPOT5_178.jpg,train,train,val,train,train,val,train,train,train,train
Brownspot/BROWNSPOT5_179.jpg,test,test,train,train,train,train,test,train,train,test
Brownspot/BROWNSPOT5_180.jpg,train,train,train,train,test,train,train,test,train,train
Brownspot/BROWNSPOT5_181.jpg,test,train,test,val,test,train,train,train,test,train
Brownspot/BROWNSPOT5_182.jpg,train,train,train,train,test,train,train,train,val,test
Brownspot/BROWNSPOT5_183.jpg,train,train,train,test,train,test,test,train,train,train
Brownspot/BROWNSPOT5_184.jpg,test,train,train,train,train,train,train,train,train,train
Brownspot/BROWNSPOT5_185.jpg,test,train,train,train,train,train,train,test,train,train
Brownspot/BROWNSPOT5_186.jpg,train,train,train,test,train,val,train,val,test,train
Brownspot/BROWNSPOT5_187.jpg,train,test,train,train,train,train,test,test,train,train
Brownspot/BROWNSPOT5_188.jpg,train,train,test,train,train,val,train,val,train,test
Brownspot/BROWNSPOT5_189.jpg,train,test,train,train,test,test,train,test,test,train
Brownspot/BROWNSPOT5_190.jpg,train,val,train,val,train,train,test,train,test,train
Brownspot/BROWNSPOT5_191.jpg,test,train,train,train,test,train,test,train,train,train
Brownspot/BROWNSPOT5_192.jpg,test,train,train,val,train,test,test,train,test,train
Brownspot/BROWNSPOT5_193.jpg,test,train,train,train,train,train,test,test,val,train
Brownspot/BROWNSPOT5_194.jpg,train,test,train,train,test,train,train,test,train,train
Brownspot/BROWNSPOT5_195.jpg,train,test,train,train,val,val,train,test,train,test
Brownspot/BROWNSPOT5_196.jpg,train,train,train,test,val,train,train,train,test,train
Brownspot/BROWNSPOT5_197.jpg,train,train,test,train,val,test,train,train,train,val
Brownspot/BROWNSPOT5_198.jpg,train,train,train,val,train,train,val,train,train,test
Brownspot/BROWNSPOT5_199.jpg,train,test,train,train,train,val,train,val,train,train
Brownspot/BROWNSPOT5_200.jpg,test,val,train,train,train,train,train,train,train,val
Brownspot/BROWNSPOT6_001.jpg,train,train,val,train,train,test,train,train,train,train
Brownspot/BROWNSPOT6_002.jpg,train,train,val,train,train,train,train,train,val,test
Brownspot/BROWNSPOT6_003.jpg,train,train,train,train,train,val,train,train,train,train
Brownspot/BROWNSPOT6_004.jpg,train,train,train,train,train,train,train,test,train,val
Brownspot/BROWNSPOT6_005.jpg,train,train,train,val,train,test,test,train,train,train
Brownspot/BROWNSPOT6_006.jpg,test,train,train,train,val,val,test,test,test,train
Brownspot/BROWNSPOT6_007.jpg,test,train,train,train,train,train,train,train,train,train
Brownspot/BROWNSPOT6_008.jpg,train,val,test,test,test,train,train,train,train,train
Brownspot/BROWNSPOT6_009.jpg,train,train,test,train,train,test,train,test,train,train
Brownspot/BROWNSPOT6_010.jpg,val,train,test,train,train,train,train,train,val,train
Brownspot/BROWNSPOT6_011.jpg,val,test,val,test,train,test,train,train,train,train
Brownspot/BROWNSPOT6_012.jpg,test,train,val,train,train,test,train,train,train,train
Brownspot/BROWNSPOT6_013.jpg,test,train,test,train,test,train,val,train,val,train
Brownspot/BROWNSPOT6_014.jpg,train,train,train,train,train,train,train,val,train,train
Brownspot/BROWNSPOT6_015.jpg,train,train,train,val,train,train,train,train,train,train
Brownspot/BROWNSPOT6_016.jpg,val,train,train,train,train,train,train,train,val,val
Brownspot/BROWNSPOT6_017.jpg,train,train,test,train,val,train,test,train,train,train
Brownspot/BROWNSPOT6_018.jpg,train,train,train,train,train,train,train,train,val,train
Brownspot/BROWNSPOT6_019.jpg,test,train,train,train,test,val,val,test,train,train
Brownspot/BROWNSPOT6_020.jpg,test,test,test,train,train,train,train,test,train,test
Brownspot/BROWNSPOT6_021.jpg,train,val,val,train,train,train,train,train,test,train
Brownspot/BROWNSPOT6_022.jpg,train,test,train,train,train,test,test,train,test,train
Brownspot/BROWNSPOT6_023.jpg,train,test,val,train,train,train,train,train,train,train
Brownspot/BROWNSPOT6_024.jpg,train,test,train,train,train,train,val,train,train,val
Brownspot/BROWNSPOT6_025.jpg,train,val,train,train,train,test,train,test,test,train
Brownspot/BROWNSPOT6_026.jpg,train,train,train,test,train,train,train,train,test,train
Brownspot/BROWNSPOT6_027.jpg,test,train,test,test,train,train,train,train,train,train
Brownspot/BROWNSPOT6_028.jpg,test,train,train,val,train,train,train,train,test,train
Brownspot/BROWNSPOT6_029.jpg,test,test,train,train,train,test,train,train,train,train
Brownspot/BROWNSPOT6_030.jpg,val,train,train,train,train,train,train,test,val,train
Brownspot/BROWNSPOT6_031.jpg,train,train,train,train,train,train,test,train,val,train
Brownspot/BROWNSPOT6_032.jpg,train,test,test,train,train,test,val,train,train,train
Brownspot/BROWNSPOT6_033.jpg,train,train,train,train,train,test,val,train,train,test
Brownspot/BROWNSPOT6_034.jpg,test,val,train,train,train,val,train,train,test,train
Brownspot/BROWNSPOT6_035.jpg,test,val,test,train,train,train,train,train,train,train
Brownspot/BROWNSPOT6_036.jpg,test,train,train,test,test,train,train,train,val,test
Brownspot/BROWNSPOT6_037.jpg,train,train,train,train,test,train,train,train,train,train
Brownspot/BROWNSPOT6_038.jpg,train,train,test,train,train,train,train,train,train,train
Brownspot/BROWNSPOT6_039.jpg,train,train,train,train,val,val,train,train,test,train
Brownspot/BROWNSPOT6_040.jpg,val,test,train,val,train,train,train,train,train,train
Brownspot/BROWNSPOT6_041.jpg,train,val,train,train,train,train,test,test,train,train
Brownspot/BROWNSPOT6_042.jpg,train,test,test,train,train,train,train,train,train,train
Brownspot/BROWNSPOT6_043.jpg,val,train,train,train,train,train,train,test,test,train
Brownspot/BROWNSPOT6_044.jpg,train,train,test,train,train,test,train,val,train,test
Brownspot/BROWNSPOT6_045.jpg,test,test,train,train,train,train,train,test,train,train
Brownspot/BROWNSPOT6_046.jpg,test,train,train,val,train,test,train,train,train,train
Brownspot/BROWNSPOT6_047.jpg,train,train,train,train,train,train,train,test,train,test
Brownspot/BROWNSPOT6_048.jpg,val,train,train,train,train,train,train,train,train,train
Brownspot/BROWNSPOT6_049.jpg,test,train,train,train,train,test,test,train,train,train
Brownspot/BROWNSPOT6_050.jpg,train,train,train,train,train,val,train,train,train,train
Brownspot/BROWNSPOT6_051.jpg,train,train,train,train,val,test,train,train,test,train
Brownspot/BROWNSPOT6_052.jpg,train,val,train,val,train,train,train,train,train,train
Brownspot/BROWNSPOT6_053.jpg,test,train,train,train,test,test,train,train,train,train
Brownspot/BROWNSPOT6_054.jpg,test,train,train,train,train,val,train,val,train,val
Brownspot/BROWNSPOT6_055.jpg,train,train,train,train,train,train,test,train,train,train
Brownspot/BROWNSPOT6_056.jpg,train,test,val,train,test,train,test,train,train,train
Brownspot/BROWNSPOT6_057.jpg,train,train,train,train,test,train,train,train,test,train
Brownspot/BROWNSPOT6_058.jpg,train,train,train,train,test,test,train,train,train,train
Brownspot/BROWNSPOT6_059.jpg,train,train,train,test,train,test,train,train,train,train
Brownspot/BROWNSPOT6_060.jpg,test,train,train,test,test,train,train,train,train,train
Brownspot/BROWNSPOT6_061.jpg,test,train,train,train,train,train,test,test,test,train
Brownspot/BROWNSPOT6_062.jpg,train,test,val,train,train,train,val,train,val,train
Brownspot/BROWNSPOT6_063.jpg,train,train,train,train,test,test,train,train,train,train
Brownspot/BROWNSPOT6_064.jpg,train,test,train,train,train,train,train,train,train,train
Brownspot/BROWNSPOT6_065.jpg,train,test,train,train,train,train,train,test,train,train
Brownspot/BROWNSPOT6_066.jpg,train,train,train,test,train,train,train,train,test,train
Brownspot/BROWNSPOT6_067.jpg,train,train,test,train,train,test,train,test,val,test
Brownspot/BROWNSPOT6_068.jpg,train,train,train,train,test,train,val,train,train,train
Brownspot/BROWNSPOT6_069.jpg,train,train,train,train,train,train,train,train,train,val
Brownspot/BROWNSPOT6_070.jpg,train,train,test,train,train,train,train,train,train,test
Brownspot/BROWNSPOT6_071.jpg,train,train,test,val,train,train,train,test,train,train
Brownspot/BROWNSPOT6_072.jpg,train,val,train,train,train,train,train,train,train,train
Brownspot/BROWNSPOT6_073.jpg,train,train,val,train,test,test,test,test,train,train
Brownspot/BROWNSPOT6_074.jpg,train,train,train,test,test,train,train,train,train,train
Brownspot/BROWNSPOT6_075.jpg,train,val,train,train,train,train,test,val,val,train
Brownspot/BROWNSPOT6_076.jpg,train,train,test,train,train,test,test,train,train,train
Brownspot/BROWNSPOT6_077.jpg,val,train,train,val,train,test,train,train,train,train
Brownspot/BROWNSPOT6_078.jpg,train,train,train,train,train,test,val,train,train,test
Brownspot/BROWNSPOT6_079.jpg,train,train,test,train,test,train,val,val,train,train
Brownspot/BROWNSPOT6_080.jpg,train,train,test,train,train,train,train,train,train,test
Brownspot/BROWNSPOT6_081.jpg,train,train,test,train,val,test,train,val,train,train
Brownspot/BROWNSPOT6_082.jpg,train,val,test,train,train,train,train,train,test,train
Brownspot/BROWNSPOT6_083.jpg,train,train,train,test,train,train,val,train,train,train
Brownspot/BROWNSPOT6_084.jpg,train,train,test,train,train,val,train,train,train,train
Brownspot/BROWNSPOT6_085.jpg,test,train,train,train,train,train,train,train,train,train
Brownspot/BROWNSPOT6_086.jpg,train,train,val,train,val,train,train,test,train,test
Brownspot/BROWNSPOT6_087.jpg,train,train,train,train,train,train,train,train,train,train
Brownspot/BROWNSPOT6_088.jpg,train,train,train,train,val,train,train,val,train,train
Brownspot/BROWNSPOT6_089.jpg,train,train,val,test,test,test,train,train,train,train
Brownspot/BROWNSPOT6_090.jpg,train,val,train,test,test,test,test,train,train,train
Brownspot/BROWNSPOT6_091.jpg,train,train,test,train,train,train,train,train,train,train
Brownspot/BROWNSPOT6_092.jpg,test,test,train,train,val,train,train,test,train,train
Brownspot/BROWNSPOT6_093.jpg,train,test,train,train,val,train,train,train,test,train
Brownspot/BROWNSPOT6_094.jpg,train,val,train,val,test,train,train,test,train,train
Brownspot/BROWNSPOT6_095.jpg,train,test,test,train,train,train,train,test,train,train
Brownspot/BROWNSPOT6_096.jpg,train,test,val,train,test,train,train,train,train,test
Brownspot/BROWNSPOT6_097.jpg,train,train,test,test,train,train,test,train,train,train
Brownspot/BROWNSPOT6_098.jpg,train,train,train,train,train,train,train,test,val,train
Brownspot/BROWNSPOT6_099.jpg,train,test,train,train,train,train,test,train,train,train
Brownspot/BROWNSPOT6_100.jpg,train,train,train,test,train,test,train,train,train,train
Brownspot/BROWNSPOT6_101.jpg,train,train,train,train,train,train,test,train,train,test
Brownspot/BROWNSPOT6_102.jpg,test,train,train,train,train,train,test,train,val,train
Brownspot/BROWNSPOT6_103.jpg,train,train,train,train,test,train,train,test,train,train
Brownspot/BROWNSPOT6_104.jpg,train,train,train,test,train,train,train,test,train,test
Brownspot/BROWNSPOT6_105.jpg,val,test,val,train,train,train,train,train,val,train
Brownspot/BROWNSPOT6_106.jpg,train,test,test,train,train,train,train,test,train,train
Brownspot/BROWNSPOT6_107.jpg,train,train,val,train,test,test,val,test,train,train
Brownspot/BROWNSPOT6_108.jpg,train,val,train,train,train,train,train,train,val,train
Brownspot/BROWNSPOT6_109.jpg,train,train,train,train,train,train,train,train,train,train
Brownspot/BROWNSPOT6_110.jpg,train,test,train,test,val,test,train,train,train,train
Brownspot/BROWNSPOT6_111.jpg,test,test,test,test,test,test,test,train,val,test
Brownspot/BROWNSPOT6_112.jpg,test,train,train,train,train,train,train,train,train,val
Brownspot/BROWNSPOT6_113.jpg,test,train,train,test,train,train,test,test,train,train
Brownspot/BROWNSPOT6_114.jpg,train,val,train,train,train,train,val,train,train,test
Brownspot/BROWNSPOT6_115.jpg,train,train,train,train,train,val,train,test,train,train
Brownspot/BROWNSPOT6_116.jpg,train,train,test,val,train,train,val,val,train,train
Brownspot/BROWNSPOT6_117.jpg,train,train,train,val,test,train,test,val,val,train
Brownspot/BROWNSPOT6_118.jpg,train,test,train,test,train,train,train,train,train,train
Brownspot/BROWNSPOT6_119.jpg,train,train,train,train,train,val,train,train,train,train
Brownspot/BROWNSPOT6_120.jpg,train,train,train,test,train,train,train,test,val,train
Brownspot/BROWNSPOT6_121.jpg,train,train,test,train,train,test,test,test,test,test
Brownspot/BROWNSPOT6_122.jpg,train,train,train,train,train,test,train,train,train,train
Brownspot/BROWNSPOT6_123.jpg,train,train,train,train,train,train,train,train,train,test
Brownspot/BROWNSPOT6_124.jpg,train,train,test,train,train,test,train,train,test,train
Brownspot/BROWNSPOT6_125.jpg,train,train,train,train,train,train,val,val,train,test
Brownspot/BROWNSPOT6_126.jpg,train,train,train,test,train,train,train,train,train,train
Brownspot/BROWNSPOT6_127.jpg,train,test,train,train,test,train,train,test,test,test
Brownspot/BROWNSPOT6_128.jpg,val,test,train,train,train,test,train,train,train,train
Brownspot/BROWNSPOT6_129.jpg,test,train,train,train,train,test,train,train,train,train
Brownspot/BROWNSPOT6_130.jpg,train,train,train,val,train,train,test,val,train,train
Brownspot/BROWNSPOT6_131.jpg,test,train,test,test,test,test,train,train,train,test
Brownspot/BROWNSPOT6_132.jpg,train,train,train,test,train,val,test,train,train,train
Brownspot/BROWNSPOT6_133.jpg,val,train,val,train,test,train,train,train,train,train
Brownspot/BROWNSPOT6_134.jpg,val,train,test,train,train,train,test,train,test,train
Brownspot/BROWNSPOT6_135.jpg,train,train,train,test,val,train,train,train,test,test
Brownspot/BROWNSPOT6_136.jpg,train,train,test,train,train,test,train,test,test,val
Brownspot/BROWNSPOT6_137.jpg,train,train,val,train,train,train,train,test,train,train
Brownspot/BROWNSPOT6_138.jpg,test,train,val,train,train,train,train,train,train,train
Brownspot/BROWNSPOT6_139.jpg,train,test,val,val,train,train,train,train,train,train
Brownspot/BROWNSPOT6_140.jpg,train,train,train,val,test,train,train,train,val,train
Brownspot/BROWNSPOT6_141.jpg,test,test,train,train,train,train,train,test,test,train
Brownspot/BROWNSPOT6_142.jpg,train,train,test,train,test,train,train,test,train,train
Brownspot/BROWNSPOT6_143.jpg,test,val,train,train,train,train,train,test,train,train
Brownspot/BROWNSPOT6_144.jpg,train,test,train,train,train,train,test,test,train,test
Brownspot/BROWNSPOT6_145.jpg,val,test,test,test,train,test,test,train,train,val
Brownspot/BROWNSPOT6_146.jpg,train,train,train,train,train,train,val,train,test,train
Brownspot/BROWNSPOT6_147.jpg,train,val,train,train,test,test,train,train,train,train
Brownspot/BROWNSPOT6_148.jpg,train,train,test,train,train,train,train,train,test,train
Brownspot/BROWNSPOT6_149.jpg,train,train,test,train,test,train,train,train,test,train
Brownspot/BROWNSPOT6_150.jpg,train,val,train,test,train,train,val,train,train,train
Brownspot/BROWNSPOT6_151.jpg,train,test,train,train,train,train,train,train,train,train
Brownspot/BROWNSPOT6_152.jpg,train,test,val,train,train,train,test,train,train,train
Brownspot/BROWNSPOT6_153.jpg,train,train,train,train,train,val,train,val,val,val
Brownspot/BROWNSPOT6_154.jpg,train,train,train,train,train,train,train,train,val,train
Brownspot/BROWNSPOT6_155.jpg,val,train,test,train,train,train,train,test,train,train
Brownspot/BROWNSPOT6_156.jpg,val,train,train,train,test,train,test,train,train,train
Brownspot/BROWNSPOT6_157.jpg,train,train,test,train,test,train,train,train,train,train
Brownspot/BROWNSPOT6_158.jpg,test,test,train,test,test,train,train,train,val,test
Brownspot/BROWNSPOT6_159.jpg,train,train,train,test,val,train,train,train,train,train
Brownspot/BROWNSPOT6_160.jpg,train,train,train,train,train,train,train,train,test,train
Brownspot/BROWNSPOT6_161.jpg,val,val,train,val,val,test,val,train,train,train
Brownspot/BROWNSPOT6_162.jpg,train,train,test,train,test,test,train,test,train,train
Brownspot/BROWNSPOT6_163.jpg,train,test,train,train,train,train,train,train,val,train
Brownspot/BROWNSPOT6_164.jpg,train,test,train,train,train,train,train,test,test,train
Brownspot/BROWNSPOT6_165.jpg,test,train,train,train,train,train,test,train,test,test
Brownspot/BROWNSPOT6_166.jpg,train,train,train,train,test,test,train,test,train,test
Brownspot/BROWNSPOT6_167.jpg,val,train,test,train,test,train,train,test,train,test
Brownspot/BROWNSPOT6_168.jpg,train,train,test,train,train,train,val,train,train,val
Brownspot/BROWNSPOT6_169.jpg,train,train,val,train,train,train,train,train,train,train
Brownspot/BROWNSPOT6_170.jpg,train,train,train,test,test,train,train,train,train,val
Brownspot/BROWNSPOT6_171.jpg,train,val,train,train,test,train,train,train,train,train
Brownspot/BROWNSPOT6_172.jpg,test,train,train,train,train,train,train,train,train,train
Brownspot/BROWNSPOT6_173.jpg,val,train,train,test,train,train,test,train,train,train
Brownspot/BROWNSPOT6_174.jpg,val,test,train,train,train,test,train,train,train,train
Brownspot/BROWNSPOT6_175.jpg,train,train,test,train,train,train,train,train,test,train
Brownspot/BROWNSPOT6_176.jpg,train,val,train,train,train,train,train,val,train,train
Brownspot/BROWNSPOT6_177.jpg,train,train,train,train,train,val,train,train,train,train
Brownspot/BROWNSPOT6_178.jpg,train,test,test,train,train,train,train,train,test,train
Brownspot/BROWNSPOT6_179.jpg,train,train,val,train,train,train,train,train,train,train
Brownspot/BROWNSPOT6_180.jpg,train,test,val,test,train,train,train,train,val,train
Brownspot/BROWNSPOT6_181.jpg,train,test,train,train,train,train,train,train,train,train
Brownspot/BROWNSPOT6_182.jpg,train,train,train,train,train,train,train,train,test,val
Brownspot/BROWNSPOT6_183.jpg,val,train,train,train,test,train,train,train,val,val
Brownspot/BROWNSPOT6_184.jpg,train,train,train,train,train,val,train,train,test,train
Brownspot/BROWNSPOT6_185.jpg,train,train,test,train,test,test,train,train,val,train
Brownspot/BROWNSPOT6_186.jpg,train,train,train,train,train,train,train,train,val,val
Brownspot/BROWNSPOT6_187.jpg,test,test,test,train,train,test,val,train,train,train
Brownspot/BROWNSPOT6_188.jpg,train,val,train,test,train,train,train,test,train,train
Brownspot/BROWNSPOT6_189.jpg,train,train,train,val,test,train,train,train,train,train
Brownspot/BROWNSPOT6_190.jpg,train,train,test,val,val,train,train,test,train,test
Brownspot/BROWNSPOT6_191.jpg,train,test,train,train,val,train,train,test,train,train
Brownspot/BROWNSPOT6_192.jpg,train,train,train,train,train,train,train,train,train,test
Brownspot/BROWNSPOT6_193.jpg,train,val,train,val,test,train,test,test,val,train
Brownspot/BROWNSPOT6_194.jpg,train,test,train,train,test,train,val,test,test,train
Brownspot/BROWNSPOT6_195.jpg,train,test,train,train,train,train,train,train,train,test
Brownspot/BROWNSPOT6_196.jpg,train,val,test,train,train,train,train,test,train,train
Brownspot/BROWNSPOT6_197.jpg,train,train,val,train,train,test,test,train,train,train
Brownspot/BROWNSPOT6_198.jpg,test,test,train,train,train,train,train,train,train,train
Brownspot/BROWNSPOT6_199.jpg,train,train,train,train,test,test,test,test,train,train
Brownspot/BROWNSPOT6_200.jpg,train,val,train,train,train,train,test,train,train,train
Brownspot/BROWNSPOT7_001.jpg,train,val,val,train,train,train,train,train,train,train
Brownspot/BROWNSPOT7_002.jpg,val,train,train,train,train,train,train,train,train,train
Brownspot/BROWNSPOT7_003.jpg,train,train,train,train,train,train,train,train,val,test
Brownspot/BROWNSPOT7_004.jpg,train,train,train,test,train,train,train,test,train,test
Brownspot/BROWNSPOT7_005.jpg,test,train,train,train,train,train,train,test,train,train
Brownspot/BROWNSPOT7_006.jpg,val,test,train,train,train,train,train,test,train,train
Brownspot/BROWNSPOT7_007.jpg,train,test,train,train,test,train,train,train,train,train
Brownspot/BROWNSPOT7_008.jpg,test,val,test,train,test,train,train,train,train,train
Brownspot/BROWNSPOT7_009.jpg,train,train,train,train,train,test,train,test,train,train
Brownspot/BROWNSPOT7_010.jpg,train,train,train,train,train,train,train,train,train,train
Brownspot/BROWNSPOT7_011.jpg,test,test,test,test,train,test,train,train,train,train
Brownspot/BROWNSPOT7_012.jpg,train,test,train,test,train,test,train,train,train,test
Brownspot/BROWNSPOT7_013.jpg,train,train,train,train,train,train,test,train,test,val
Brownspot/BROWNSPOT7_014.jpg,train,train,train,test,train,train,test,test,train,train
Brownspot/BROWNSPOT7_015.jpg,val,val,val,train,test,train,train,train,train,test
Brownspot/BROWNSPOT7_016.jpg,train,train,train,train,val,val,train,test,train,train
Brownspot/BROWNSPOT7_017.jpg,val,train,train,val,train,train,train,val,test,train
Brownspot/BROWNSPOT7_018.jpg,train,train,train,val,test,train,train,val,train,train
Brownspot/BROWNSPOT7_019.jpg,train,test,test,test,train,train,train,train,train,train
Brownspot/BROWNSPOT7_020.jpg,test,train,train,train,train,val,val,train,test,train
Brownspot/BROWNSPOT7_021.jpg,test,train,train,test,test,train,train,test,val,train
Brownspot/BROWNSPOT7_022.jpg,train,train,train,train,test,test,train,test,train,test
Brownspot/BROWNSPOT7_023.jpg,train,train,val,train,test,test,test,train,val,train
Brownspot/BROWNSPOT7_024.jpg,train,train,val,train,train,train,train,train,train,test
Brownspot/BROWNSPOT7_025.jpg,train,train,train,train,train,test,train,train,train,train
Brownspot/BROWNSPOT7_026.jpg,val,train,test,train,train,train,test,val,train,test
Brownspot/BROWNSPOT7_027.jpg,train,train,train,test,train,train,train,train,test,train
Brownspot/BROWNSPOT7_028.jpg,test,test,val,train,train,train,test,test,train,test
Brownspot/BROWNSPOT7_029.jpg,train,test,train,train,train,test,train,train,test,train
Brownspot/BROWNSPOT7_030.jpg,train,train,train,train,test,test,train,train,train,train
Brownspot/BROWNSPOT7_031.jpg,train,train,train,val,train,train,train,val,train,train
Brownspot/BROWNSPOT7_032.jpg,val,train,train,test,val,test,test,train,val,test
Brownspot/BROWNSPOT7_033.jpg,val,train,train,test,train,val,test,train,train,train
Brownspot/BROWNSPOT7_034.jpg,train,train,train,train,train,train,test,train,train,train
Brownspot/BROWNSPOT7_035.jpg,test,train,train,train,train,train,train,train,test,train
Brownspot/BROWNSPOT7_036.jpg,train,train,train,test,test,train,train,train,train,test
Brownspot/BROWNSPOT7_037.jpg,test,train,test,train,train,test,test,test,test,val
Brownspot/BROWNSPOT7_038.jpg,train,train,train,train,train,train,train,test,train,train
Brownspot/BROWNSPOT7_039.jpg,train,train,train,train,train,train,train,train,test,train
Brownspot/BROWNSPOT7_040.jpg,train,test,train,val,train,train,train,train,train,train
Brownspot/BROWNSPOT7_041.jpg,train,train,train,val,train,train,train,train,train,train
Brownspot/BROWNSPOT7_042.jpg,train,test,val,train,test,train,train,test,test,train
Brownspot/BROWNSPOT7_043.jpg,test,train,train,train,train,train,train,test,train,train
Brownspot/BROWNSPOT7_044.jpg,train,val,test,train,train,train,train,test,train,train
Brownspot/BROWNSPOT7_045.jpg,train,test,test,train,train,train,train,test,test,test
Brownspot/BROWNSPOT7_046.jpg,test,test,train,test,train,test,test,train,val,val
Brownspot/BROWNSPOT7_047.jpg,test,train,train,train,test,train,train,train,train,train
Brownspot/BROWNSPOT7_048.jpg,train,val,train,train,train,test,val,train,train,train
Brownspot/BROWNSPOT7_049.jpg,train,train,train,train,train,train,train,train,val,train
Brownspot/BROWNSPOT7_050.jpg,val,train,train,train,train,train,train,train,train,train
Brownspot/BROWNSPOT7_051.jpg,test,val,train,test,train,train,train,train,val,train
Brownspot/BROWNSPOT7_052.jpg,train,test,train,train,test,train,train,train,train,train
Brownspot/BROWNSPOT7_053.jpg,test,test,train,train,train,train,test,train,train,train
Brownspot/BROWNSPOT7_054.jpg,val,train,test,train,train,val,train,val,train,val
Brownspot/BROWNSPOT7_055.jpg,val,train,train,train,train,train,train,train,train,train
Brownspot/BROWNSPOT7_056.jpg,train,train,train,train,test,train,train,test,train,train
Brownspot/BROWNSPOT7_057.jpg,val,train,train,train,train,train,train,train,train,train
Brownspot/BROWNSPOT7_058.jpg,train,train,train,train,test,train,train,train,train,train
Brownspot/BROWNSPOT7_059.jpg,train,test,train,test,val,train,train,train,train,test
Brownspot/BROWNSPOT7_060.jpg,train,train,train,test,test,train,train,train,train,train
Brownspot/BROWNSPOT7_061.jpg,test,train,train,train,test,train,train,train,test,train
Brownspot/BROWNSPOT7_062.jpg,train,val,train,val,test,test,test,train,val,train
Brownspot/BROWNSPOT7_063.jpg,train,train,test,train,train,test,train,test,test,train
Brownspot/BROWNSPOT7_064.jpg,test,test,train,train,train,train,train,train,val,train
Brownspot/BROWNSPOT7_065.jpg,train,test,train,train,train,train,train,test,train,train
Brownspot/BROWNSPOT7_066.jpg,train,train,train,train,test,train,test,train,train,test
Brownspot/BROWNSPOT7_067.jpg,test,train,test,train,train,test,val,test,val,test
Brownspot/BROWNSPOT7_068.jpg,train,train,test,train,val,train,train,test,val,test
Brownspot/BROWNSPOT7_069.jpg,train,train,train,train,test,train,val,train,test,val
Brownspot/BROWNSPOT7_070.jpg,test,train,train,train,train,train,train,train,train,train
Brownspot/BROWNSPOT7_071.jpg,train,train,test,test,train,train,train,train,train,val
Brownspot/BROWNSPOT7_072.jpg,train,val,train,train,train,train,train,train,test,train
Brownspot/BROWNSPOT7_073.jpg,test,train,test,train,test,train,train,train,train,train
Brownspot/BROWNSPOT7_074.jpg,test,train,val,test,train,train,train,train,train,train
Brownspot/BROWNSPOT7_075.jpg,val,test,train,train,test,test,train,train,test,train
Brownspot/BROWNSPOT7_076.jpg,train,train,train,train,test,train,train,train,train,train
Brownspot/BROWNSPOT7_077.jpg,train,val,test,train,train,train,test,val,test,train
Brownspot/BROWNSPOT7_078.jpg,test,train,train,train,test,val,train,train,test,train
Brownspot/BROWNSPOT7_079.jpg,train,train,train,train,train,train,val,train,train,train
Brownspot/BROWNSPOT7_080.jpg,train,test,val,test,test,train,train,train,train,train
Brownspot/BROWNSPOT7_081.jpg,train,test,train,train,test,train,train,train,train,train
Brownspot/BROWNSPOT7_082.jpg,train,train,test,train,test,train,train,train,train,val
Brownspot/BROWNSPOT7_083.jpg,val,train,train,train,test,train,test,train,test,val
Brownspot/BROWNSPOT7_084.jpg,test,train,train,train,train,val,val,train,train,train
Brownspot/BROWNSPOT7_085.jpg,train,train,train,train,train,test,test,train,train,train
Brownspot/BROWNSPOT7_086.jpg,test,train,train,train,train,train,train,train,train,test
Brownspot/BROWNSPOT7_087.jpg,train,train,test,train,test,train,train,train,train,val
Brownspot/BROWNSPOT7_088.jpg,train,test,train,train,test,test,val,train,test,train
Brownspot/BROWNSPOT7_089.jpg,test,val,test,test,train,train,train,test,test,train
Brownspot/BROWNSPOT7_090.jpg,val,train,test,val,val,train,train,train,train,train
Brownspot/BROWNSPOT7_091.jpg,train,train,train,val,train,train,train,test,test,test
Brownspot/BROWNSPOT7_092.jpg,test,test,train,train,train,train,train,test,train,train
Brownspot/BROWNSPOT7_093.jpg,train,train,train,train,test,train,train,train,train,test
Brownspot/BROWNSPOT7_094.jpg,train,val,train,val,val,train,train,test,test,train
Brownspot/BROWNSPOT7_095.jpg,train,test,train,train,val,train,test,test,train,train
Brownspot/BROWNSPOT7_096.jpg,val,test,train,train,train,train,test,train,train,test
Brownspot/BROWNSPOT7_097.jpg,train,val,test,train,test,train,train,test,train,train
Brownspot/BROWNSPOT7_098.jpg,test,train,train,train,train,test,test,train,train,train
Brownspot/BROWNSPOT7_099.jpg,train,test,test,train,train,train,test,train,train,train
Brownspot/BROWNSPOT7_100.jpg,train,train,val,train,test,test,train,test,val,train
Brownspot/BROWNSPOT7_101.jpg,train,train,train,train,train,val,train,train,train,train
Brownspot/BROWNSPOT7_102.jpg,train,train,train,train,train,train,train,train,test,test
Brownspot/BROWNSPOT7_103.jpg,train,train,test,val,train,test,val,train,train,train
Brownspot/BROWNSPOT7_104.jpg,train,train,train,train,train,train,train,test,train,val
Brownspot/BROWNSPOT7_105.jpg,test,train,test,train,train,train,val,train,train,train
Brownspot/BROWNSPOT7_106.jpg,train,train,test,train,test,val,val,test,train,train
Brownspot/BROWNSPOT7_107.jpg,train,train,train,train,train,test,train,test,train,train
Brownspot/BROWNSPOT7_108.jpg,train,val,test,test,val,train,train,train,train,train
Brownspot/BROWNSPOT7_109.jpg,train,train,train,train,train,train,train,train,train,train
Brownspot/BROWNSPOT7_110.jpg,train,test,train,test,train,test,test,train,train,train
Brownspot/BROWNSPOT7_111.jpg,val,train,train,train,train,test,test,train,train,train
Brownspot/BROWNSPOT7_112.jpg,test,train,train,train,train,train,train,train,test,train
Brownspot/BROWNSPOT7_113.jpg,train,train,train,train,train,train,test,val,test,train
Brownspot/BROWNSPOT7_114.jpg,test,train,val,val,train,train,train,train,train,train
Brownspot/BROWNSPOT7_115.jpg,train,train,val,train,train,train,test,train,test,val
Brownspot/BROWNSPOT7_116.jpg,train,train,train,train,train,train,train,train,test,train
Brownspot/BROWNSPOT7_117.jpg,test,train,train,train,val,train,test,train,train,train
Brownspot/BROWNSPOT7_118.jpg,train,train,train,train,train,val,val,test,train,train
Brownspot/BROWNSPOT7_119.jpg,train,test,val,train,train,train,train,test,train,test
Brownspot/BROWNSPOT7_120.jpg,test,val,val,train,train,train,test,train,train,train
Brownspot/BROWNSPOT7_121.jpg,val,test,train,train,test,test,train,train,test,train
Brownspot/BROWNSPOT7_122.jpg,train,test,val,train,test,train,train,train,train,train
Brownspot/BROWNSPOT7_123.jpg,train,test,train,train,train,train,train,train,val,val
Brownspot/BROWNSPOT7_124.jpg,train,val,train,train,train,test,val,test,train,train
Brownspot/BROWNSPOT7_125.jpg,train,train,train,test,train,train,test,train,train,train
Brownspot/BROWNSPOT7_126.jpg,train,train,test,test,train,train,train,train,val,train
Brownspot/BROWNSPOT7_127.jpg,train,train,train,val,train,train,train,train,train,train
Brownspot/BROWNSPOT7_128.jpg,train,test,train,train,train,test,train,train,val,train
Brownspot/BROWNSPOT7_129.jpg,test,train,train,train,train,train,train,test,train,train
Brownspot/BROWNSPOT7_130.jpg,test,train,test,train,train,train,val,train,train,train
Brownspot/BROWNSPOT7_131.jpg,train,test,train,train,train,test,val,train,train,train
Brownspot/BROWNSPOT7_132.jpg,train,train,train,train,val,test,train,train,test,test
Brownspot/BROWNSPOT7_133.jpg,val,val,train,train,train,val,train,train,train,train
Brownspot/BROWNSPOT7_134.jpg,train,val,train,train,test,train,test,train,train,train
Brownspot/BROWNSPOT7_135.jpg,train,train,test,test,train,train,train,train,train,test
Brownspot/BROWNSPOT7_136.jpg,train,train,test,train,train,train,train,train,val,train
Brownspot/BROWNSPOT7_137.jpg,train,train,train,train,train,train,train,train,test,train
Brownspot/BROWNSPOT7_138.jpg,train,train,train,train,train,val,train,train,train,train
Brownspot/BROWNSPOT7_139.jpg,test,test,test,val,train,train,train,train,train,train
Brownspot/BROWNSPOT7_140.jpg,train,val,train,train,test,train,train,test,val,train
Brownspot/BROWNSPOT7_141.jpg,val,test,val,train,train,train,train,train,train,train
Brownspot/BROWNSPOT7_142.jpg,train,train,train,train,test,train,train,test,test,train
Brownspot/BROWNSPOT7_143.jpg,train,train,train,train,train,test,train,val,val,test
Brownspot/BROWNSPOT7_144.jpg,train,test,train,train,test,train,train,test,train,train
Brownspot/BROWNSPOT7_145.jpg,test,train,train,val,train,test,train,train,train,train
Brownspot/BROWNSPOT7_146.jpg,train,train,train,train,test,train,train,test,test,test
Brownspot/BROWNSPOT7_147.jpg,train,train,train,train,train,train,train,train,train,train
Brownspot/BROWNSPOT7_148.jpg,test,train,test,train,train,test,train,train,train,train
Brownspot/BROWNSPOT7_149.jpg,test,train,train,train,val,val,train,train,train,train
Brownspot/BROWNSPOT7_150.jpg,train,train,train,train,train,test,test,train,train,train
Brownspot/BROWNSPOT7_151.jpg,train,val,test,val,train,train,train,train,train,train
Brownspot/BROWNSPOT7_152.jpg,train,train,train,train,train,test,test,train,val,train
Brownspot/BROWNSPOT7_153.jpg,test,train,test,train,train,val,train,val,val,val
Brownspot/BROWNSPOT7_154.jpg,train,train,test,train,train,train,val,train,train,train
Brownspot/BROWNSPOT7_155.jpg,train,test,val,train,test,train,val,train,test,train
Brownspot/BROWNSPOT7_156.jpg,train,train,train,train,train,train,test,train,test,train
Brownspot/BROWNSPOT7_157.jpg,train,train,val,train,test,test,val,train,train,train
Brownspot/BROWNSPOT7_158.jpg,train,train,train,test,train,test,train,train,train,train
Brownspot/BROWNSPOT7_159.jpg,train,train,train,test,train,train,train,train,train,train
Brownspot/BROWNSPOT7_160.jpg,train,train,train,train,train,train,train,test,train,train
Brownspot/BROWNSPOT7_161.jpg,train,test,train,train,train,train,test,train,train,train
Brownspot/BROWNSPOT7_162.jpg,train,train,train,train,test,test,train,train,train,train
Brownspot/BROWNSPOT7_163.jpg,test,test,train,train,train,train,train,train,test,train
Brownspot/BROWNSPOT7_164.jpg,test,test,test,train,test,train,test,test,test,train
Brownspot/BROWNSPOT7_165.jpg,train,train,val,test,val,train,test,train,train,train
Brownspot/BROWNSPOT7_166.jpg,train,train,train,train,train,test,test,test,train,test
Brownspot/BROWNSPOT7_167.jpg,test,train,train,train,train,train,train,train,test,train
Brownspot/BROWNSPOT7_168.jpg,train,train,train,train,train,train,train,train,train,val
Brownspot/BROWNSPOT7_169.jpg,test,train,train,train,train,train,test,train,train,test
Brownspot/BROWNSPOT7_170.jpg,train,train,train,val,train,train,train,test,train,train
Brownspot/BROWNSPOT7_171.jpg,train,val,test,train,train,train,train,train,test,train
Brownspot/BROWNSPOT7_172.jpg,train,train,train,train,train,test,test,test,train,train
Brownspot/BROWNSPOT7_173.jpg,train,train,val,test,train,train,train,train,test,train
Brownspot/BROWNSPOT7_174.jpg,val,val,train,train,train,train,train,val,val,train
Brownspot/BROWNSPOT7_175.jpg,train,train,test,train,train,test,train,train,train,train
Brownspot/BROWNSPOT7_176.jpg,train,train,train,val,val,test,test,train,train,train
Brownspot/BROWNSPOT7_177.jpg,train,train,val,train,val,test,train,train,test,test
Brownspot/BROWNSPOT7_178.jpg,train,train,val,train,train,val,train,train,test,test
Brownspot/BROWNSPOT7_179.jpg,train,train,train,train,train,train,test,val,train,train
Brownspot/BROWNSPOT7_180.jpg,train,train,test,train,train,train,val,train,train,test
Brownspot/BROWNSPOT7_181.jpg,train,train,train,train,test,test,train,val,test,train
Brownspot/BROWNSPOT7_182.jpg,train,val,train,train,val,train,train,train,train,train
Brownspot/BROWNSPOT7_183.jpg,test,train,val,test,train,train,train,train,train,train
Brownspot/BROWNSPOT7_184.jpg,train,train,test,train,test,val,test,train,train,train
Brownspot/BROWNSPOT7_185.jpg,train,train,test,train,train,train,val,train,train,train
Brownspot/BROWNSPOT7_186.jpg,val,train,test,train,train,train,train,train,train,train
Brownspot/BROWNSPOT7_187.jpg,train,train,train,train,train,train,train,val,train,train
Brownspot/BROWNSPOT7_188.jpg,train,train,test,test,test,test,train,train,test,train
Brownspot/BROWNSPOT7_189.jpg,train,val,train,test,test,test,train,train,test,train
Brownspot/BROWNSPOT7_190.jpg,train,train,train,train,train,train,val,train,train,train
Brownspot/BROWNSPOT7_191.jpg,train,test,val,train,val,train,test,test,train,train
Brownspot/BROWNSPOT7_192.jpg,train,test,train,train,train,train,val,train,train,train
Brownspot/BROWNSPOT7_193.jpg,train,val,train,val,val,train,test,test,train,train
Brownspot/BROWNSPOT7_194.jpg,train,test,test,train,val,train,train,test,train,train
Brownspot/BROWNSPOT7_195.jpg,train,test,train,train,train,train,train,train,train,test
Brownspot/BROWNSPOT7_196.jpg,test,train,train,test,val,train,train,train,train,train
Brownspot/BROWNSPOT7_197.jpg,train,train,test,train,train,train,train,test,train,train
Brownspot/BROWNSPOT7_198.jpg,train,test,train,train,test,train,train,train,train,train
Brownspot/BROWNSPOT7_199.jpg,train,train,train,test,train,test,train,train,train,train
Brownspot/BROWNSPOT7_200.jpg,train,train,train,train,train,test,train,train,train,train
Brownspot/brownspot_orig_001.jpg,train,val,test,train,test,train,train,train,train,train
Brownspot/brownspot_orig_002.jpg,train,train,train,train,val,train,train,train,test,train
Brownspot/brownspot_orig_003.jpg,test,train,train,train,test,train,val,train,train,test
Brownspot/brownspot_orig_004.jpg,train,train,train,test,train,train,train,test,train,test
Brownspot/brownspot_orig_005.jpg,test,train,val,train,train,train,train,test,test,train
Brownspot/brownspot_orig_006.jpg,train,test,train,train,train,train,train,test,val,train
Brownspot/brownspot_orig_007.jpg,train,test,test,train,test,train,train,train,train,train
Brownspot/brownspot_orig_008.jpg,train,val,train,train,train,train,test,train,test,train
Brownspot/brownspot_orig_009.jpg,test,train,train,train,val,test,train,test,test,train
Brownspot/brownspot_orig_010.jpg,train,train,train,train,test,train,train,train,test,train
Brownspot/brownspot_orig_011.jpg,train,test,test,test,train,test,test,train,train,train
Brownspot/brownspot_orig_012.jpg,val,test,test,test,val,test,test,train,val,test
Brownspot/brownspot_orig_013.jpg,train,train,test,train,train,train,train,train,train,val
Brownspot/brownspot_orig_014.jpg,train,train,train,test,train,train,train,test,train,train
Brownspot/brownspot_orig_015.jpg,train,val,train,train,train,train,test,train,test,test
Brownspot/brownspot_orig_016.jpg,val,train,train,train,train,val,train,test,train,train
Brownspot/brownspot_orig_017.jpg,train,train,test,val,train,train,test,val,train,train
Brownspot/brownspot_orig_018.jpg,train,train,val,val,test,train,train,val,train,train
Brownspot/brownspot_orig_019.jpg,train,test,test,test,train,train,train,train,train,train
Brownspot/brownspot_orig_020.jpg,train,train,train,train,train,val,train,train,train,train
Brownspot/brownspot_orig_021.jpg,val,train,test,test,train,train,train,test,train,train
Brownspot/brownspot_orig_022.jpg,train,train,train,train,test,test,train,test,train,test
Brownspot/brownspot_orig_023.jpg,test,train,val,train,train,test,train,train,train,train
Brownspot/brownspot_orig_024.jpg,train,train,test,train,train,train,train,train,train,test
Brownspot/brownspot_orig_025.jpg,test,train,test,train,train,test,train,train,train,train
Brownspot/brownspot_orig_026.jpg,train,train,train,train,train,train,test,val,train,test
Brownspot/brownspot_orig_027.jpg,train,train,train,test,train,train,train,train,val,train
Brownspot/brownspot_orig_028.jpg,val,test,train,train,train,train,train,test,test,test
Brownspot/brownspot_orig_029.jpg,test,test,train,train,test,test,train,train,train,train
Brownspot/brownspot_orig_030.jpg,train,train,train,train,train,test,train,train,train,train
Brownspot/brownspot_orig_031.jpg,test,train,train,val,train,train,train,val,test,train
Brownspot/brownspot_orig_032.jpg,train,train,train,test,train,test,test,train,train,test
Brownspot/brownspot_orig_033.jpg,train,train,train,test,train,val,train,train,train,train
Brownspot/brownspot_orig_034.jpg,train,train,train,train,test,train,train,train,test,train
Brownspot/brownspot_orig_035.jpg,test,train,test,train,test,train,test,train,test,train
Brownspot/brownspot_orig_036.jpg,test,train,train,test,train,train,test,train,test,test
Brownspot/brownspot_orig_037.jpg,train,train,test,train,train,test,train,test,train,val
Brownspot/brownspot_orig_038.jpg,train,train,train,train,test,train,train,test,train,train
Brownspot/brownspot_orig_039.jpg,train,train,test,train,val,train,test,train,train,train
Brownspot/brownspot_orig_040.jpg,train,test,train,val,train,train,train,train,train,train
Brownspot/brownspot_orig_041.jpg,train,train,train,val,train,train,val,train,test,train
Brownspot/brownspot_orig_042.jpg,train,test,train,train,train,train,train,test,train,train
Brownspot/brownspot_orig_043.jpg,test,train,test,train,test,train,train,test,test,train
Brownspot/brownspot_orig_044.jpg,train,val,test,train,train,train,train,test,train,train
Brownspot/brownspot_orig_045.jpg,train,test,test,train,train,train,train,test,val,test
Brownspot/brownspot_orig_046.jpg,train,test,val,test,train,test,train,train,test,val
Brownspot/brownspot_orig_047.jpg,train,train,test,train,train,train,train,train,val,train
Brownspot/brownspot_orig_048.jpg,train,val,train,train,train,test,train,train,val,train
Brownspot/brownspot_orig_049.jpg,train,train,val,train,train,train,test,train,train,train
Brownspot/brownspot_orig_050.jpg,test,train,train,train,train,train,val,train,train,train
Brownspot/brownspot_orig_051.jpg,train,val,train,test,test,train,train,train,test,train
Brownspot/brownspot_orig_052.jpg,train,test,train,train,train,train,train,train,train,train
Brownspot/brownspot_orig_053.jpg,test,test,train,train,val,train,train,train,train,train
Brownspot/brownspot_orig_054.jpg,train,train,train,train,train,val,train,val,train,val
Brownspot/brownspot_orig_055.jpg,test,train,train,train,train,train,train,train,train,train
Brownspot/brownspot_orig_056.jpg,train,train,train,train,train,train,train,test,train,train
Brownspot/brownspot_orig_057.jpg,train,train,test,train,val,train,train,train,train,train
Brownspot/brownspot_orig_058.jpg,train,train,test,train,test,train,test,train,val,train
Brownspot/brownspot_orig_059.jpg,test,test,train,test,train,train,train,train,test,test
Brownspot/brownspot_orig_060.jpg,train,train,train,test,train,train,test,train,train,train
Brownspot/brownspot_orig_061.jpg,test,train,train,train,train,train,train,train,train,train
Brownspot/brownspot_orig_062.jpg,train,val,train,val,test,test,train,train,val,train
Brownspot/brownspot_orig_063.jpg,train,train,test,train,train,test,train,test,test,train
Brownspot/brownspot_orig_064.jpg,train,test,train,train,test,train,train,train,train,train
Brownspot/brownspot_orig_065.jpg,train,test,val,train,train,train,train,test,val,train
Brownspot/brownspot_orig_066.jpg,train,train,test,train,train,train,train,train,train,train
Brownspot/brownspot_orig_067.jpg,train,train,train,train,train,test,train,test,train,test
Brownspot/brownspot_orig_068.jpg,train,train,test,train,train,train,train,test,train,test
Brownspot/brownspot_orig_069.jpg,train,train,train,train,train,train,test,train,train,val
Brownspot/brownspot_orig_070.jpg,test,train,train,train,test,train,train,train,train,train
Brownspot/brownspot_orig_071.jpg,test,train,train,test,train,train,val,train,train,val
Brownspot/brownspot_orig_072.jpg,train,val,test,train,train,train,val,train,train,train
Brownspot/brownspot_orig_073.jpg,val,train,train,train,train,train,train,train,train,train
Brownspot/brownspot_orig_074.jpg,val,train,train,test,train,train,train,train,train,train
Brownspot/brownspot_orig_075.jpg,test,test,val,train,train,test,train,train,train,train
Brownspot/brownspot_orig_076.jpg,train,train,test,train,val,train,train,train,test,train
Brownspot/brownspot_orig_077.jpg,train,val,train,train,train,train,train,val,test,train
Brownspot/brownspot_orig_078.jpg,train,train,train,train,train,val,val,train,train,train
Brownspot/brownspot_orig_079.jpg,val,train,val,train,train,train,test,train,train,train
Brownspot/brownspot_orig_080.jpg,train,test,train,test,train,train,test,train,train,train
Brownspot/brownspot_orig_081.jpg,train,test,train,train,train,train,val,train,train,train
Brownspot/brownspot_orig_082.jpg,val,train,test,train,train,train,train,train,train,val
Brownspot/brownspot_orig_083.jpg,train,train,train,train,test,train,test,train,train,val
Brownspot/brownspot_orig_084.jpg,train,train,test,train,train,val,train,train,train,train
Brownspot/brownspot_orig_085.jpg,train,train,train,train,train,test,train,train,train,train
Brownspot/brownspot_orig_086.jpg,val,train,train,train,train,train,train,train,train,test
Brownspot/brownspot_orig_087.jpg,train,train,train,train,test,train,train,train,test,val
Brownspot/brownspot_orig_088.jpg,test,test,test,train,train,test,train,train,val,train
Brownspot/brownspot_orig_089.jpg,train,train,train,train,train,test,test,train,train,train
Brownspot/brownspot_orig_090.jpg,train,train,train,val,train,train,train,train,train,train
Brownspot/brownspot_orig_091.jpg,train,train,test,val,train,train,train,test,test,test
Brownspot/brownspot_orig_092.jpg,test,test,test,train,train,train,train,test,train,train
Brownspot/brownspot_orig_093.jpg,train,train,test,train,train,train,train,train,train,test
Brownspot/brownspot_orig_094.jpg,train,val,train,val,test,train,train,test,train,train
Brownspot/brownspot_orig_095.jpg,train,test,train,train,train,train,train,test,train,train
Brownspot/brownspot_orig_096.jpg,train,test,train,train,test,train,train,train,train,test
Brownspot/brownspot_orig_097.jpg,train,val,train,train,train,train,test,test,val,train
Brownspot/brownspot_orig_098.jpg,test,train,train,train,val,test,train,train,train,train
Brownspot/brownspot_orig_099.jpg,val,test,train,train,train,train,train,train,train,train
Brownspot/brownspot_orig_100.jpg,train,train,train,train,train,test,train,test,train,train
Brownspot/brownspot_rotated_001.jpg,val,train,test,train,train,val,train,train,test,train
Brownspot/brownspot_rotated_002.jpg,train,train,train,train,train,train,train,train,train,test
Brownspot/brownspot_rotated_003.jpg,test,train,train,val,train,test,test,train,val,train
Brownspot/brownspot_rotated_004.jpg,train,train,train,train,train,train,test,test,train,val
Brownspot/brownspot_rotated_005.jpg,train,train,val,train,train,train,train,train,test,train
Brownspot/brownspot_rotated_006.jpg,train,train,test,train,val,val,train,test,train,train
Brownspot/brownspot_rotated_007.jpg,train,train,train,train,train,test,train,test,train,train
Brownspot/brownspot_rotated_008.jpg,test,val,train,test,val,train,train,train,val,train
Brownspot/brownspot_rotated_009.jpg,train,train,train,train,train,train,test,train,train,train
Brownspot/brownspot_rotated_010.jpg,train,test,val,test,train,test,train,train,train,train
Brownspot/brownspot_rotated_011.jpg,train,train,train,train,train,test,train,train,test,train
Brownspot/brownspot_rotated_012.jpg,train,train,train,train,train,train,train,train,train,train
Brownspot/brownspot_rotated_013.jpg,train,train,train,train,train,train,test,val,train,train
Brownspot/brownspot_rotated_014.jpg,val,train,train,val,val,train,train,train,train,train
Brownspot/brownspot_rotated_015.jpg,train,train,train,train,train,train,train,train,train,val
Brownspot/brownspot_rotated_016.jpg,train,train,train,train,train,train,train,train,val,train
Brownspot/brownspot_rotated_017.jpg,train,train,train,train,train,train,train,train,train,train
Brownspot/brownspot_rotated_018.jpg,train,train,test,train,train,val,train,test,train,train
Brownspot/brownspot_rotated_019.jpg,val,test,val,train,train,train,test,test,train,test
Brownspot/brownspot_rotated_020.jpg,train,val,train,train,val,train,train,train,train,train
Brownspot/brownspot_rotated_021.jpg,train,test,train,train,train,test,val,train,train,train
Brownspot/brownspot_rotated_022.jpg,train,test,train,train,train,train,test,train,train,train
Brownspot/brownspot_rotated_023.jpg,train,test,train,train,train,train,train,train,val,val
Brownspot/brownspot_rotated_024.jpg,train,train,train,train,train,train,train,train,train,train
Brownspot/brownspot_rotated_025.jpg,train,train,train,test,train,train,val,train,train,train
Brownspot/brownspot_rotated_026.jpg,train,train,train,test,val,train,train,train,train,train
Brownspot/brownspot_rotated_027.jpg,test,train,train,val,train,train,test,train,train,train
Brownspot/brownspot_rotated_028.jpg,train,test,train,train,train,test,train,train,train,train
Brownspot/brownspot_rotated_029.jpg,train,train,val,train,train,train,train,test,val,train
Brownspot/brownspot_rotated_030.jpg,train,train,train,train,train,train,train,train,test,train
Brownspot/brownspot_rotated_031.jpg,train,test,train,train,train,test,train,train,train,train
Brownspot/brownspot_rotated_032.jpg,train,train,train,train,test,test,train,train,train,test
Brownspot/brownspot_rotated_033.jpg,train,val,test,train,train,val,train,train,val,train
Brownspot/brownspot_rotated_034.jpg,train,val,train,train,test,train,train,train,train,train
Brownspot/brownspot_rotated_035.jpg,test,train,test,test,val,train,train,train,train,test
Brownspot/brownspot_rotated_036.jpg,train,train,train,train,train,train,test,train,val,train
Brownspot/brownspot_rotated_037.jpg,train,train,train,train,train,train,train,train,val,train
Brownspot/brownspot_rotated_038.jpg,train,test,train,train,train,train,train,train,train,val
Brownspot/brownspot_rotated_039.jpg,train,test,test,val,train,train,train,train,train,train
Brownspot/brownspot_rotated_040.jpg,test,train,train,test,test,train,test,train,val,train
Brownspot/brownspot_rotated_041.jpg,train,test,test,train,train,train,train,train,train,train
Brownspot/brownspot_rotated_042.jpg,train,train,train,train,train,train,train,test,train,train
Brownspot/brownspot_rotated_043.jpg,train,train,train,train,test,test,train,val,train,test
Brownspot/brownspot_rotated_044.jpg,train,test,train,train,test,train,train,test,train,train
Brownspot/brownspot_rotated_045.jpg,train,val,test,train,test,train,train,test,test,test
Brownspot/brownspot_rotated_046.jpg,test,train,train,train,train,train,train,test,train,test
Brownspot/brownspot_rotated_047.jpg,train,train,train,train,test,train,train,train,test,train
Brownspot/brownspot_rotated_048.jpg,train,train,train,train,train,test,train,train,train,train
Brownspot/brownspot_rotated_049.jpg,test,train,train,train,train,val,train,train,train,train
Brownspot/brownspot_rotated_050.jpg,train,train,train,train,train,test,val,train,test,train
Brownspot/brownspot_rotated_051.jpg,test,val,train,val,train,train,train,train,train,train
Brownspot/brownspot_rotated_052.jpg,train,train,train,train,train,test,train,train,test,train
Brownspot/brownspot_rotated_053.jpg,train,train,test,train,train,val,train,val,train,val
Brownspot/brownspot_rotated_054.jpg,train,train,train,train,test,train,train,train,train,train
Brownspot/brownspot_rotated_055.jpg,val,test,train,train,train,train,test,train,train,train
Brownspot/brownspot_rotated_056.jpg,test,train,train,train,train,train,test,train,train,train
Brownspot/brownspot_rotated_057.jpg,train,train,train,train,val,train,train,train,train,train
Brownspot/brownspot_rotated_058.jpg,train,train,train,test,train,test,test,train,train,train
Brownspot/brownspot_rotated_059.jpg,train,train,test,test,train,train,train,train,train,train
Brownspot/brownspot_rotated_060.jpg,train,train,train,train,train,train,val,test,train,train
Brownspot/brownspot_rotated_061.jpg,test,test,train,train,train,train,val,train,val,train
Brownspot/brownspot_rotated_062.jpg,test,train,train,train,train,test,test,train,train,train
Brownspot/brownspot_rotated_063.jpg,train,test,train,train,test,train,train,train,test,train
Brownspot/brownspot_rotated_064.jpg,train,test,train,train,train,train,train,test,test,train
Brownspot/brownspot_rotated_065.jpg,train,train,train,test,train,train,train,train,val,train
Brownspot/brownspot_rotated_066.jpg,train,train,test,train,val,test,train,test,val,test
Brownspot/brownspot_rotated_067.jpg,train,train,test,train,train,train,train,train,train,train
Brownspot/brownspot_rotated_068.jpg,train,train,train,train,test,train,train,train,train,val
Brownspot/brownspot_rotated_069.jpg,test,train,train,train,train,train,train,train,train,test
Brownspot/brownspot_rotated_070.jpg,train,train,test,val,train,train,train,test,train,train
Brownspot/brownspot_rotated_071.jpg,test,val,val,train,train,train,train,train,test,train
Brownspot/brownspot_rotated_072.jpg,train,train,train,train,train,test,train,test,train,train
Brownspot/brownspot_rotated_073.jpg,train,train,test,test,train,train,test,train,test,train
Brownspot/brownspot_rotated_074.jpg,train,val,train,train,test,train,train,val,train,train
Brownspot/brownspot_rotated_075.jpg,train,train,test,train,test,test,val,train,train,train
Brownspot/brownspot_rotated_076.jpg,test,train,train,val,train,test,train,train,train,train
Brownspot/brownspot_rotated_077.jpg,val,train,train,train,train,test,train,train,train,test
Brownspot/brownspot_rotated_078.jpg,train,train,train,train,train,val,train,train,train,test
Brownspot/brownspot_rotated_079.jpg,train,train,train,train,train,train,train,val,train,train
Brownspot/brownspot_rotated_080.jpg,train,train,train,train,train,train,train,train,train,test
Brownspot/brownspot_rotated_081.jpg,train,train,train,train,train,test,train,val,train,train
Brownspot/brownspot_rotated_082.jpg,train,train,train,train,test,train,train,test,train,test
Brownspot/brownspot_rotated_083.jpg,train,train,val,test,val,train,train,train,test,train
Brownspot/brownspot_rotated_084.jpg,train,train,train,train,test,val,test,train,train,train
Brownspot/brownspot_rotated_085.jpg,train,train,train,train,train,train,train,train,train,train
Brownspot/brownspot_rotated_086.jpg,train,train,train,train,val,train,train,train,train,train
Brownspot/brownspot_rotated_087.jpg,train,train,test,train,train,train,train,val,train,train
Brownspot/brownspot_rotated_088.jpg,train,train,train,train,train,train,train,train,val,test
Brownspot/brownspot_rotated_089.jpg,train,val,val,test,train,test,train,train,train,train
Brownspot/brownspot_rotated_090.jpg,train,train,train,train,train,train,train,train,train,train
Brownspot/brownspot_rotated_091.jpg,train,test,test,train,train,train,train,test,train,train
Brownspot/brownspot_rotated_092.jpg,train,train,val,train,val,train,train,train,train,train
Brownspot/brownspot_rotated_093.jpg,train,val,train,val,val,train,train,test,train,train
Brownspot/brownspot_rotated_094.jpg,train,test,train,train,train,train,test,test,test,train
Brownspot/brownspot_rotated_095.jpg,train,test,train,train,train,train,test,train,train,test
Brownspot/brownspot_rotated_096.jpg,test,train,train,test,train,train,test,train,train,train
Brownspot/brownspot_rotated_097.jpg,val,train,test,train,train,train,test,test,train,train
Brownspot/brownspot_rotated_098.jpg,train,test,train,train,val,train,train,train,test,train
Brownspot/brownspot_rotated_099.jpg,train,train,train,test,test,test,test,train,train,train
Brownspot/brownspot_rotated_100.jpg,train,train,test,train,train,test,test,train,train,train
Tungro/TUNGRO1_001.jpg,test,train,train,train,train,train,val,test,train,train
Tungro/TUNGRO1_002.jpg,test,train,train,test,train,test,train,test,train,train
Tungro/TUNGRO1_003.jpg,val,test,test,train,train,train,train,train,train,train
Tungro/TUNGRO1_004.jpg,val,train,test,test,test,test,val,test,train,train
Tungro/TUNGRO1_005.jpg,train,train,train,test,train,test,train,test,train,train
Tungro/TUNGRO1_006.jpg,train,train,train,test,train,test,train,test,train,train
Tungro/TUNGRO1_007.jpg,train,train,train,train,train,train,train,train,train,train
Tungro/TUNGRO1_008.jpg,train,train,train,train,train,train,train,train,test,train
Tungro/TUNGRO1_009.jpg,train,train,train,train,train,train,train,train,train,train
Tungro/TUNGRO1_010.jpg,train,train,train,train,train,train,train,train,test,train
Tungro/TUNGRO1_011.jpg,train,train,train,train,train,train,train,train,train,train
Tungro/TUNGRO1_012.jpg,train,val,test,train,train,test,val,test,train,val
Tungro/TUNGRO1_013.jpg,test,val,test,train,test,test,test,test,train,val
Tungro/TUNGRO1_014.jpg,train,val,train,train,test,test,test,test,train,val
Tungro/TUNGRO1_015.jpg,train,train,train,train,train,train,train,train,train,train
Tungro/TUNGRO1_016.jpg,val,train,train,train,train,train,test,train,train,train
Tungro/TUNGRO1_017.jpg,train,test,train,train,train,train,train,train,train,train
Tungro/TUNGRO1_018.jpg,train,test,train,train,val,train,train,train,train,train
Tungro/TUNGRO1_019.jpg,train,test,train,train,train,train,test,train,train,train
Tungro/TUNGRO1_020.jpg,train,test,train,train,train,train,train,train,train,train
Tungro/TUNGRO1_021.jpg,train,test,train,train,train,train,train,train,train,train
Tungro/TUNGRO1_022.jpg,train,test,train,test,train,train,test,train,train,train
Tungro/TUNGRO1_023.jpg,train,train,train,train,train,train,train,train,test,train
Tungro/TUNGRO1_024.jpg,train,train,train,train,train,train,train,train,val,train
Tungro/TUNGRO1_025.jpg,test,train,train,train,train,train,train,train,train,train
Tungro/TUNGRO1_026.jpg,test,train,train,train,train,val,val,train,train,test
Tungro/TUNGRO1_027.jpg,train,train,train,train,test,train,train,val,train,train
Tungro/TUNGRO1_028.jpg,train,train,train,train,train,train,train,val,train,train
Tungro/TUNGRO1_029.jpg,train,train,train,train,train,train,train,val,train,train
Tungro/TUNGRO1_030.jpg,train,train,train,train,train,train,val,val,train,train
Tungro/TUNGRO1_031.jpg,test,train,train,train,test,train,train,train,train,train
Tungro/TUNGRO1_032.jpg,train,train,train,train,train,train,test,train,test,train
Tungro/TUNGRO1_033.jpg,train,train,train,train,train,train,test,train,train,train
Tungro/TUNGRO1_034.jpg,train,train,train,train,train,train,train,train,train,train
Tungro/TUNGRO1_035.jpg,train,train,train,train,train,train,train,train,train,train
Tungro/TUNGRO1_036.jpg,train,val,train,test,train,test,val,test,train,train
Tungro/TUNGRO1_037.jpg,train,train,train,train,test,train,test,train,train,train
Tungro/TUNGRO1_038.jpg,train,train,train,train,train,train,train,train,val,train
Tungro/TUNGRO1_039.jpg,test,train,test,train,val,train,test,train,test,train
Tungro/TUNGRO1_040.jpg,test,train,test,train,test,train,test,train,train,train
Tungro/TUNGRO1_041.jpg,train,train,train,train,train,train,train,train,train,train
Tungro/TUNGRO1_042.jpg,test,train,test,train,train,train,train,train,train,train
Tungro/TUNGRO1_043.jpg,val,train,train,train,train,train,train,train,train,train
Tungro/TUNGRO1_044.jpg,test,train,train,train,test,test,train,train,test,train
Tungro/TUNGRO1_045.jpg,train,train,train,train,train,test,test,train,train,train
Tungro/TUNGRO1_046.jpg,train,train,test,train,train,test,train,train,train,train
Tungro/TUNGRO1_047.jpg,train,train,train,train,train,train,train,train,test,train
Tungro/TUNGRO1_048.jpg,test,train,test,train,train,train,train,train,train,train
Tungro/TUNGRO1_049.jpg,train,train,train,train,test,train,train,train,train,train
Tungro/TUNGRO1_050.jpg,val,train,test,train,train,train,train,train,train,train
Tungro/TUNGRO1_051.jpg,train,test,test,train,train,train,train,train,test,test
Tungro/TUNGRO1_052.jpg,train,test,test,train,train,train,train,train,test,test
Tungro/TUNGRO1_053.jpg,train,test,train,train,train,train,test,train,train,test
Tungro/TUNGRO1_054.jpg,train,train,train,train,val,train,train,train,val,val
Tungro/TUNGRO1_055.jpg,train,train,val,train,train,train,train,train,val,val
Tungro/TUNGRO1_056.jpg,train,train,test,train,train,train,train,train,train,val
Tungro/TUNGRO1_057.jpg,train,train,train,train,train,train,train,val,train,test
Tungro/TUNGRO1_058.jpg,train,train,test,train,train,train,train,val,test,test
Tungro/TUNGRO1_059.jpg,val,train,train,train,test,train,train,val,train,test
Tungro/TUNGRO1_060.jpg,val,train,train,test,val,train,train,train,train,train
Tungro/TUNGRO1_061.jpg,test,train,train,test,test,train,train,train,train,train
Tungro/TUNGRO1_062.jpg,val,train,test,test,train,train,test,train,train,train
Tungro/TUNGRO1_063.jpg,train,train,train,test,train,train,train,train,test,train
Tungro/TUNGRO1_064.jpg,train,train,train,test,train,train,train,train,train,train
Tungro/TUNGRO1_065.jpg,train,train,train,test,train,train,train,train,test,train
Tungro/TUNGRO1_066.jpg,train,test,val,train,train,test,train,train,test,train
Tungro/TUNGRO1_067.jpg,train,test,test,train,train,test,train,train,val,train
Tungro/TUNGRO1_068.jpg,train,test,val,train,train,train,train,test,train,test
Tungro/TUNGRO1_069.jpg,test,test,train,train,train,train,train,test,test,test
Tungro/TUNGRO1_070.jpg,train,test,train,train,train,train,train,test,train,test
Tungro/TUNGRO1_071.jpg,train,test,test,train,train,train,train,test,test,test
Tungro/TUNGRO1_072.jpg,train,test,train,train,test,train,val,test,train,test
Tungro/TUNGRO1_073.jpg,val,train,train,train,test,train,train,train,train,train
Tungro/TUNGRO1_074.jpg,train,val,test,test,test,train,val,train,train,train
Tungro/TUNGRO1_075.jpg,test,val,train,test,train,train,test,train,train,train
Tungro/TUNGRO1_076.jpg,train,val,train,test,train,train,train,train,test,train
Tungro/TUNGRO1_077.jpg,train,test,test,train,train,train,train,test,test,val
Tungro/TUNGRO1_078.jpg,test,test,train,train,train,train,train,test,test,val
Tungro/TUNGRO1_079.jpg,test,test,train,train,train,train,test,test,train,val
Tungro/TUNGRO1_080.jpg,train,train,val,test,train,train,train,train,train,train
Tungro/TUNGRO1_081.jpg,train,train,train,test,test,train,val,train,val,train
Tungro/TUNGRO1_082.jpg,train,train,test,test,test,train,train,train,test,train
Tungro/TUNGRO1_083.jpg,train,train,train,test,train,train,test,train,train,train
Tungro/TUNGRO1_084.jpg,train,train,train,test,train,train,train,train,train,train
Tungro/TUNGRO1_085.jpg,train,train,train,train,train,train,train,train,train,test
Tungro/TUNGRO1_086.jpg,train,train,test,train,train,train,test,train,train,test
Tungro/TUNGRO1_087.jpg,train,train,train,train,train,train,train,train,val,test
Tungro/TUNGRO1_088.jpg,train,test,train,train,test,train,train,train,val,test
Tungro/TUNGRO1_089.jpg,train,test,train,train,train,train,train,train,train,test
Tungro/TUNGRO1_090.jpg,train,test,train,train,train,train,train,train,train,test
Tungro/TUNGRO1_091.JPG,train,test,train,train,train,val,train,val,train,train
Tungro/TUNGRO1_092.JPG,test,test,test,train,train,val,train,val,train,train
Tungro/TUNGRO1_093.JPG,val,test,train,train,test,val,train,val,train,train
Tungro/TUNGRO1_094.JPG,train,test,test,train,train,val,test,val,test,train
Tungro/TUNGRO1_095.JPG,test,test,train,train,train,val,train,val,test,train
Tungro/TUNGRO1_096.JPG,val,test,train,train,val,val,train,val,train,train
Tungro/TUNGRO1_097.JPG,train,test,train,train,train,val,train,val,train,train
Tungro/TUNGRO1_098.JPG,train,test,train,train,train,val,train,val,train,train
Tungro/TUNGRO1_099.JPG,train,val,train,train,train,train,train,train,train,train
Tungro/TUNGRO1_100.JPG,train,val,train,train,train,train,train,train,val,train
Tungro/TUNGRO1_101.JPG,train,val,train,train,train,train,val,train,train,train
Tungro/TUNGRO1_102.JPG,train,val,train,train,test,train,train,train,train,train
Tungro/TUNGRO1_103.JPG,train,val,val,train,train,train,test,train,val,train
Tungro/TUNGRO1_104.JPG,train,val,val,train,train,train,train,train,val,train
Tungro/TUNGRO1_105.JPG,train,val,train,train,train,train,test,train,train,train
Tungro/TUNGRO1_106.JPG,train,test,train,train,val,train,train,train,test,train
Tungro/TUNGRO1_107.JPG,train,test,train,train,train,train,train,train,train,train
Tungro/TUNGRO1_108.JPG,train,test,train,train,train,train,train,train,train,train
Tungro/TUNGRO1_109.JPG,train,test,train,train,train,train,train,train,train,train
Tungro/TUNGRO1_110.JPG,train,test,test,train,train,train,train,train,train,train
Tungro/TUNGRO1_111.JPG,train,test,train,train,train,train,train,train,train,train
Tungro/TUNGRO1_112.JPG,train,test,train,train,train,test,train,train,train,train
Tungro/TUNGRO1_113.JPG,train,test,test,train,train,test,train,train,val,train
Tungro/TUNGRO1_114.JPG,train,test,test,train,train,test,train,train,train,train
Tungro/TUNGRO1_115.JPG,val,test,train,train,train,test,train,train,train,train
Tungro/TUNGRO1_116.JPG,train,test,train,train,train,test,train,train,train,train
Tungro/TUNGRO1_117.JPG,train,train,train,train,train,train,train,train,train,test
Tungro/TUNGRO1_118.JPG,val,train,val,train,train,train,train,train,val,test
Tungro/TUNGRO1_119.JPG,val,train,test,train,train,train,train,train,test,test
Tungro/TUNGRO1_120.JPG,val,train,test,train,train,train,test,train,train,test
Tungro/TUNGRO1_121.JPG,train,train,test,train,val,train,train,train,train,test
Tungro/TUNGRO1_122.JPG,val,train,train,train,train,train,train,val,train,train
Tungro/TUNGRO1_123.JPG,train,train,test,train,train,train,train,val,train,train
Tungro/TUNGRO1_124.JPG,train,train,train,train,train,train,train,val,train,train
Tungro/TUNGRO1_125.JPG,test,train,train,train,train,train,train,val,train,train
Tungro/TUNGRO1_126.JPG,train,train,val,train,test,train,test,val,train,train
Tungro/TUNGRO1_127.JPG,train,train,test,train,train,train,train,val,train,train
Tungro/TUNGRO1_128.JPG,train,test,test,test,train,train,test,train,test,train
Tungro/TUNGRO1_129.JPG,train,test,train,test,train,train,train,train,test,train
Tungro/TUNGRO1_130.JPG,train,test,test,test,test,train,test,train,train,train
Tungro/TUNGRO1_131.JPG,train,test,train,test,train,train,train,train,train,train
Tungro/TUNGRO1_132.JPG,train,test,train,test,val,train,test,train,train,train
Tungro/TUNGRO1_133.JPG,val,test,train,train,train,train,train,test,test,val
Tungro/TUNGRO1_134.JPG,train,test,train,train,train,train,train,test,val,val
Tungro/TUNGRO1_135.JPG,test,test,train,train,test,train,test,test,train,val
Tungro/TUNGRO1_136.JPG,test,test,train,train,train,train,train,test,train,val
Tungro/TUNGRO1_137.JPG,train,test,test,train,test,train,train,test,train,val
Tungro/TUNGRO1_138.JPG,train,train,train,val,test,val,train,val,train,train
Tungro/TUNGRO1_139.JPG,train,train,test,val,test,val,train,val,train,train
Tungro/TUNGRO1_140.JPG,train,train,test,val,train,val,train,val,train,train
Tungro/TUNGRO1_141.JPG,test,train,train,val,train,val,train,val,train,train
Tungro/TUNGRO1_142.JPG,train,train,val,val,train,val,train,val,train,train
Tungro/TUNGRO1_143.JPG,train,train,train,test,val,train,train,test,test,test
Tungro/TUNGRO1_144.JPG,train,train,train,test,test,train,train,test,test,test
Tungro/TUNGRO1_145.JPG,test,train,train,test,train,train,val,test,train,test
Tungro/TUNGRO1_146.JPG,train,train,train,test,train,train,val,test,test,test
Tungro/TUNGRO1_147.JPG,train,train,train,test,train,train,train,test,train,test
Tungro/TUNGRO1_148.JPG,train,train,train,test,train,train,train,test,train,test
Tungro/TUNGRO1_149.JPG,train,train,train,test,val,train,val,test,train,test
Tungro/TUNGRO1_150.JPG,train,train,train,test,train,train,train,test,test,test
Tungro/TUNGRO1_151.JPG,train,train,val,test,train,train,train,test,train,test
Tungro/TUNGRO1_152.JPG,test,train,val,train,train,train,train,train,train,val
Tungro/TUNGRO1_153.JPG,val,train,train,train,train,train,test,train,train,val
Tungro/TUNGRO1_154.JPG,train,train,train,train,train,train,train,train,train,val
Tungro/TUNGRO1_155.JPG,train,train,train,train,train,train,train,train,train,val
Tungro/TUNGRO1_156.JPG,test,train,train,train,train,train,train,train,train,val
Tungro/TUNGRO1_157.JPG,train,train,val,train,train,train,val,train,val,val
Tungro/TUNGRO1_158.JPG,train,train,train,train,train,train,train,train,train,val
Tungro/TUNGRO1_159.JPG,train,train,train,train,train,train,train,train,train,val
Tungro/TUNGRO1_160.JPG,train,train,train,train,train,train,val,train,train,val
Tungro/TUNGRO1_161.JPG,train,train,train,val,val,train,train,val,train,train
Tungro/TUNGRO1_162.JPG,val,train,test,val,train,train,train,val,test,train
Tungro/TUNGRO1_163.JPG,train,train,train,val,train,train,test,val,train,train
Tungro/TUNGRO1_164.JPG,train,train,test,val,train,train,train,val,train,train
Tungro/TUNGRO1_165.JPG,train,train,train,val,train,train,test,val,train,train
Tungro/TUNGRO1_166.JPG,train,train,test,test,train,train,test,test,train,train
Tungro/TUNGRO1_167.JPG,train,train,train,test,train,train,train,test,train,train
Tungro/TUNGRO1_168.JPG,test,train,train,test,test,train,val,test,train,train
Tungro/TUNGRO1_169.JPG,train,train,train,test,train,train,test,test,train,train
Tungro/TUNGRO1_170.JPG,val,train,train,test,train,train,test,test,train,train
Tungro/TUNGRO1_171.JPG,test,train,train,test,train,train,train,test,test,train
Tungro/TUNGRO1_172.JPG,test,test,train,train,train,train,train,train,test,train
Tungro/TUNGRO1_173.JPG,val,test,train,train,train,train,test,train,train,train
Tungro/TUNGRO1_174.JPG,train,test,train,train,train,train,test,train,train,train
Tungro/TUNGRO1_175.JPG,train,test,test,train,train,train,train,train,train,train
Tungro/TUNGRO1_176.JPG,train,test,train,train,test,train,train,train,train,train
Tungro/TUNGRO1_177.JPG,train,test,val,train,val,train,train,train,train,train
Tungro/TUNGRO1_178.JPG,train,test,train,train,train,train,train,train,train,train
Tungro/TUNGRO1_179.JPG,val,test,val,train,test,train,train,train,val,train
Tungro/TUNGRO1_180.JPG,test,train,train,train,train,train,test,train,train,train
Tungro/TUNGRO1_181.JPG,test,train,train,train,train,train,test,train,train,train
Tungro/TUNGRO1_182.JPG,train,train,train,train,train,train,test,train,train,train
Tungro/TUNGRO1_183.JPG,val,train,train,train,train,train,train,train,train,train
Tungro/TUNGRO1_184.JPG,train,train,test,train,train,train,train,train,train,train
Tungro/TUNGRO1_185.JPG,train,train,train,train,train,train,train,train,train,train
Tungro/TUNGRO1_186.JPG,test,train,val,train,train,train,train,train,test,train
Tungro/TUNGRO1_187.JPG,train,train,train,train,train,train,train,train,test,train
Tungro/TUNGRO1_188.JPG,train,train,train,train,train,train,train,train,val,train
Tungro/TUNGRO1_189.JPG,train,train,test,test,train,test,train,train,train,test
Tungro/TUNGRO1_190.JPG,test,train,test,test,train,test,test,train,test,test
Tungro/TUNGRO1_191.JPG,train,train,train,test,train,test,test,train,train,test
Tungro/TUNGRO1_192.JPG,val,train,train,test,train,test,train,train,train,test
Tungro/TUNGRO1_193.JPG,train,train,test,test,test,test,train,train,train,test
Tungro/TUNGRO1_194.JPG,train,train,train,test,val,test,train,train,test,test
Tungro/TUNGRO1_195.JPG,train,train,train,test,test,val,train,train,train,train
Tungro/TUNGRO1_196.JPG,train,train,val,test,train,val,train,train,train,train
Tungro/TUNGRO1_197.JPG,train,train,train,test,val,val,train,train,train,train
Tungro/TUNGRO1_198.JPG,test,train,train,test,val,val,train,train,train,train
Tungro/TUNGRO1_199.JPG,train,train,val,test,test,val,test,train,train,train
Tungro/TUNGRO1_200.JPG,train,train,train,test,val,val,val,train,test,train
Tungro/TUNGRO1_201.JPG,val,test,train,train,train,train,train,train,train,train
Tungro/TUNGRO1_202.JPG,train,test,test,train,train,train,train,train,train,train
Tungro/TUNGRO1_203.JPG,train,test,train,train,train,train,test,train,train,train
Tungro/TUNGRO1_204.JPG,train,test,train,train,train,train,train,train,train,train
Tungro/TUNGRO1_205.JPG,train,test,val,train,test,train,test,train,train,train
Tungro/TUNGRO1_206.JPG,train,test,train,train,val,train,test,train,train,train
Tungro/TUNGRO1_207.JPG,val,train,train,train,train,train,train,train,train,train
Tungro/TUNGRO1_208.JPG,test,train,train,train,train,train,val,train,train,train
Tungro/TUNGRO1_209.JPG,train,train,train,train,train,train,test,train,train,train
Tungro/TUNGRO1_210.JPG,train,train,train,train,train,train,train,train,val,train
Tungro/TUNGRO1_211.JPG,val,train,train,train,train,train,test,train,train,train
Tungro/TUNGRO1_212.JPG,test,train,train,train,train,train,val,train,train,train
Tungro/TUNGRO1_213.JPG,val,val,test,test,train,val,train,train,val,train
Tungro/TUNGRO1_214.JPG,val,val,test,test,val,val,train,train,train,train
Tungro/TUNGRO1_215.JPG,train,val,test,test,train,val,train,train,train,train
Tungro/TUNGRO1_216.JPG,train,val,train,test,train,val,train,train,train,train
Tungro/TUNGRO1_217.JPG,val,val,train,test,train,val,train,train,train,train
Tungro/TUNGRO1_218.JPG,test,val,train,test,train,val,train,train,test,train
Tungro/TUNGRO1_219.JPG,test,val,test,test,train,val,test,train,train,train
Tungro/TUNGRO1_220.JPG,train,val,train,test,test,val,val,train,val,train
Tungro/TUNGRO1_221.JPG,train,val,test,test,test,val,val,train,train,train
Tungro/TUNGRO1_222.JPG,val,train,train,train,train,train,val,train,train,train
Tungro/TUNGRO1_223.JPG,train,train,train,train,test,train,train,train,train,train
Tungro/TUNGRO1_224.JPG,train,train,train,train,test,train,train,train,train,train
Tungro/TUNGRO1_225.JPG,train,train,train,train,train,train,test,train,train,train
Tungro/TUNGRO1_226.JPG,train,train,train,train,train,train,train,train,test,train
Tungro/TUNGRO1_227.JPG,train,train,train,train,train,train,train,train,train,train
Tungro/TUNGRO1_228.JPG,train,train,train,train,train,train,test,train,train,train
Tungro/TUNGRO1_229.JPG,train,train,train,train,val,train,val,train,train,train
Tungro/TUNGRO1_230.JPG,train,train,train,train,train,train,train,train,val,train
Tungro/TUNGRO1_231.JPG,train,train,train,train,train,train,test,train,val,train
Tungro/TUNGRO1_232.JPG,train,train,val,val,train,train,test,train,train,train
Tungro/TUNGRO1_233.JPG,train,train,val,val,val,train,train,train,test,train
Tungro/TUNGRO1_234.JPG,train,train,train,val,train,train,train,train,val,train
Tungro/TUNGRO1_235.JPG,test,train,train,val,test,train,train,train,train,train
Tungro/TUNGRO1_236.JPG,train,train,test,val,train,train,train,train,train,train
Tungro/TUNGRO1_237.JPG,train,train,train,val,train,train,train,train,train,train
Tungro/TUNGRO1_238.JPG,train,train,train,val,test,train,train,train,train,train
Tungro/TUNGRO1_239.JPG,train,train,test,val,test,train,test,train,val,train
Tungro/TUNGRO1_240.JPG,train,train,train,val,train,train,train,train,test,train
Tungro/TUNGRO1_241.JPG,val,train,train,train,train,test,val,test,train,train
Tungro/TUNGRO1_242.JPG,train,train,val,train,train,test,train,test,train,train
Tungro/TUNGRO1_243.JPG,train,train,train,train,train,test,train,test,train,train
Tungro/TUNGRO1_244.JPG,train,train,val,train,train,test,train,test,train,train
Tungro/TUNGRO1_245.JPG,train,train,train,train,train,test,train,test,train,train
Tungro/TUNGRO1_246.JPG,val,train,train,train,train,test,test,test,train,train
Tungro/TUNGRO1_247.JPG,test,train,test,train,test,test,train,test,test,train
Tungro/TUNGRO1_248.JPG,train,train,train,train,test,test,train,test,train,train
Tungro/TUNGRO1_249.JPG,train,train,train,train,train,test,test,test,train,train
Tungro/TUNGRO1_250.JPG,train,train,train,train,train,test,train,test,train,train
Tungro/TUNGRO1_251.JPG,train,test,val,train,train,train,train,train,train,train
Tungro/TUNGRO1_252.JPG,train,test,train,train,test,train,train,train,train,train
Tungro/TUNGRO1_253.JPG,train,test,train,train,train,train,test,train,train,train
Tungro/TUNGRO1_254.JPG,test,test,train,train,train,train,train,train,train,train
Tungro/TUNGRO1_255.JPG,train,test,train,train,train,train,train,train,test,train
Tungro/TUNGRO1_256.JPG,train,test,train,train,val,train,test,train,test,train
Tungro/TUNGRO1_257.JPG,test,train,train,train,train,train,train,train,train,train
Tungro/TUNGRO1_258.JPG,train,train,val,train,train,train,train,train,train,train
Tungro/TUNGRO1_259.JPG,train,train,test,train,train,train,train,train,train,train
Tungro/TUNGRO1_260.JPG,train,train,train,train,val,train,val,train,train,train
Tungro/TUNGRO1_261.JPG,test,train,train,train,test,train,train,train,val,train
Tungro/TUNGRO1_262.JPG,val,train,val,train,train,train,train,train,train,train
Tungro/TUNGRO1_263.JPG,test,train,train,train,test,train,test,train,train,train
Tungro/TUNGRO1_264.JPG,test,train,test,train,train,train,train,train,train,train
Tungro/TUNGRO1_265.JPG,test,train,train,train,val,train,train,train,train,train
Tungro/TUNGRO1_266.JPG,train,train,train,train,train,train,train,train,test,train
Tungro/TUNGRO1_267.JPG,train,train,train,train,test,train,train,train,train,train
Tungro/TUNGRO1_268.JPG,train,train,val,train,train,train,train,train,test,train
Tungro/TUNGRO1_269.JPG,train,train,train,train,train,train,train,train,train,train
Tungro/TUNGRO1_270.JPG,train,train,train,train,train,train,train,train,train,train
Tungro/TUNGRO1_271.JPG,val,train,test,test,train,train,test,train,val,train
Tungro/TUNGRO1_272.JPG,train,train,train,test,test,train,train,train,test,train
Tungro/TUNGRO1_273.JPG,train,train,train,test,train,train,train,train,train,train
Tungro/TUNGRO1_274.JPG,test,train,train,test,train,train,val,train,test,train
Tungro/TUNGRO1_275.JPG,train,train,val,test,train,train,train,train,train,train
Tungro/TUNGRO1_276.JPG,train,train,train,test,test,train,train,train,train,train
Tungro/TUNGRO1_277.JPG,train,train,test,test,train,train,test,train,train,train
Tungro/TUNGRO2_001.jpg,test,train,train,train,val,train,train,train,test,train
Tungro/TUNGRO2_002.jpg,train,train,val,test,train,train,train,train,train,train
Tungro/TUNGRO2_003.jpg,test,train,val,train,train,val,train,train,train,train
Tungro/TUNGRO2_004.jpg,train,train,train,test,train,train,train,train,train,train
Tungro/TUNGRO2_005.jpg,train,train,train,test,train,train,train,train,test,train
Tungro/TUNGRO2_006.jpg,train,train,train,test,train,train,val,train,test,train
Tungro/TUNGRO2_007.jpg,test,train,train,train,train,train,test,train,test,train
Tungro/TUNGRO2_008.jpg,train,train,train,train,train,train,train,train,test,train
Tungro/TUNGRO2_009.jpg,train,train,train,train,train,train,val,train,train,train
Tungro/TUNGRO2_010.jpg,train,train,train,train,train,train,test,train,train,train
Tungro/TUNGRO2_011.jpg,train,train,val,train,train,train,train,train,train,train
Tungro/TUNGRO2_012.jpg,val,train,train,test,train,train,train,test,train,train
Tungro/TUNGRO2_013.jpg,train,train,train,test,train,train,test,test,val,train
Tungro/TUNGRO2_014.jpg,train,train,test,test,test,train,val,test,train,train
Tungro/TUNGRO2_015.jpg,train,train,val,train,val,train,val,train,test,train
Tungro/TUNGRO2_016.jpg,test,train,test,train,test,train,train,train,test,train
Tungro/TUNGRO2_017.jpg,train,train,train,train,train,test,train,train,train,train
Tungro/TUNGRO2_018.jpg,val,train,train,train,train,test,train,train,train,train
Tungro/TUNGRO2_019.jpg,train,train,train,train,train,test,train,train,val,train
Tungro/TUNGRO2_020.jpg,val,train,test,train,train,test,test,train,train,train
Tungro/TUNGRO2_021.jpg,train,train,train,train,train,train,test,train,val,train
Tungro/TUNGRO2_022.jpg,train,test,test,train,val,train,train,train,train,val
Tungro/TUNGRO2_023.jpg,train,train,train,test,train,train,train,val,test,test
Tungro/TUNGRO2_024.jpg,train,train,train,test,train,train,test,val,train,test
Tungro/TUNGRO2_025.jpg,test,train,train,test,train,train,train,val,train,test
Tungro/TUNGRO2_026.jpg,train,train,train,train,train,test,test,train,test,train
Tungro/TUNGRO2_027.jpg,train,val,test,train,train,train,test,train,train,train
Tungro/TUNGRO2_028.jpg,train,val,val,test,train,test,train,val,train,val
Tungro/TUNGRO2_029.jpg,train,val,train,test,train,test,val,val,test,val
Tungro/TUNGRO2_030.jpg,test,train,test,val,train,val,train,test,train,train
Tungro/TUNGRO2_031.jpg,test,test,train,train,test,test,test,test,train,train
Tungro/TUNGRO2_032.jpg,test,val,train,train,train,train,train,test,train,train
Tungro/TUNGRO2_033.jpg,train,train,test,train,train,train,val,train,train,test
Tungro/TUNGRO2_034.jpg,train,train,val,train,train,val,val,train,train,train
Tungro/TUNGRO2_035.jpg,train,train,train,val,train,train,train,train,train,test
Tungro/TUNGRO2_036.jpg,test,train,train,train,train,train,train,val,train,test
Tungro/TUNGRO2_037.jpg,val,train,train,train,train,test,train,train,train,train
Tungro/TUNGRO2_038.jpg,train,train,train,train,val,test,train,train,test,train
Tungro/TUNGRO2_039.jpg,train,train,val,train,test,test,train,train,test,train
Tungro/TUNGRO2_040.jpg,train,train,val,train,train,test,test,train,train,train
Tungro/TUNGRO2_041.jpg,test,test,test,train,train,test,train,test,train,train
Tungro/TUNGRO2_042.jpg,val,test,train,train,train,train,train,val,train,val
Tungro/TUNGRO2_043.jpg,train,test,train,train,train,test,train,test,test,train
Tungro/TUNGRO2_044.jpg,train,train,train,train,train,train,train,train,test,train
Tungro/TUNGRO2_045.jpg,train,train,train,train,train,train,train,train,val,train
Tungro/TUNGRO2_046.jpg,train,train,test,train,train,train,train,train,test,train
Tungro/TUNGRO2_047.jpg,test,train,test,train,val,train,test,train,test,train
Tungro/TUNGRO2_048.jpg,train,train,val,train,val,train,train,train,train,train
Tungro/TUNGRO2_049.jpg,train,train,train,train,train,train,train,train,train,train
Tungro/TUNGRO2_050.jpg,train,train,train,train,train,train,test,train,train,train
Tungro/TUNGRO2_051.jpg,train,train,train,test,train,train,test,val,train,train
Tungro/TUNGRO2_052.jpg,train,train,train,test,train,train,val,val,test,train
Tungro/TUNGRO2_053.jpg,train,test,train,test,train,train,test,train,test,train
Tungro/TUNGRO2_054.jpg,test,train,train,test,train,val,train,train,test,val
Tungro/TUNGRO2_055.jpg,train,train,train,train,val,test,train,train,train,val
Tungro/TUNGRO2_056.jpg,train,test,test,train,test,val,test,train,train,train
Tungro/TUNGRO2_057.jpg,train,train,val,train,test,train,train,train,test,val
Tungro/TUNGRO2_058.jpg,val,train,train,train,train,train,train,train,train,val
Tungro/TUNGRO2_059.jpg,train,train,test,train,train,train,train,train,train,train
Tungro/TUNGRO2_060.jpg,test,train,train,train,test,test,train,test,train,test
Tungro/TUNGRO2_061.jpg,train,train,test,train,train,test,test,test,test,test
Tungro/TUNGRO2_062.jpg,train,train,train,test,train,train,test,train,train,train
Tungro/TUNGRO2_063.jpg,train,train,train,test,test,train,train,train,test,train
Tungro/TUNGRO2_064.jpg,train,train,train,test,test,train,train,train,train,train
Tungro/TUNGRO2_065.jpg,train,train,test,test,val,train,train,train,train,train
Tungro/TUNGRO2_066.jpg,train,train,test,val,val,train,train,train,val,test
Tungro/TUNGRO2_067.jpg,test,train,train,val,test,train,train,train,train,test
Tungro/TUNGRO2_068.jpg,train,train,train,test,train,train,train,test,test,test
Tungro/TUNGRO2_069.jpg,train,train,train,train,train,train,test,train,train,train
Tungro/TUNGRO2_070.jpg,val,train,train,train,test,train,train,train,test,train
Tungro/TUNGRO2_071.jpg,train,train,train,train,test,train,test,train,train,train
Tungro/TUNGRO2_072.jpg,train,train,train,train,train,train,train,train,train,train
Tungro/TUNGRO2_073.jpg,train,train,train,train,train,train,val,train,train,train
Tungro/TUNGRO2_074.jpg,train,train,test,train,val,test,val,train,val,test
Tungro/TUNGRO2_075.jpg,train,train,train,train,train,test,val,train,test,test
Tungro/TUNGRO2_076.jpg,test,train,test,train,train,test,val,train,train,test
Tungro/TUNGRO2_077.jpg,test,val,test,train,train,train,train,train,train,train
Tungro/TUNGRO2_078.jpg,test,val,train,train,train,train,train,train,train,train
Tungro/TUNGRO2_079.jpg,train,val,val,train,train,train,test,train,train,train
Tungro/TUNGRO2_080.jpg,train,train,train,test,train,train,train,train,train,train
Tungro/TUNGRO2_081.jpg,train,train,train,test,val,train,val,train,test,train
Tungro/TUNGRO2_082.jpg,val,train,train,test,train,train,train,train,train,train
Tungro/TUNGRO2_083.jpg,test,train,val,test,train,train,val,train,test,train
Tungro/TUNGRO2_084.jpg,train,train,train,test,train,train,train,train,train,train
Tungro/TUNGRO2_085.jpg,val,train,train,train,train,val,train,val,train,train
Tungro/TUNGRO2_086.jpg,train,train,train,train,train,val,test,val,train,train
Tungro/TUNGRO2_087.jpg,train,train,train,train,train,val,test,val,train,train
Tungro/TUNGRO2_088.jpg,train,test,test,train,train,train,train,train,test,test
Tungro/TUNGRO2_089.jpg,train,test,train,train,train,train,train,train,val,test
Tungro/TUNGRO2_090.jpg,test,test,train,train,val,train,train,train,val,test
Tungro/TUNGRO2_091.JPG,train,train,train,train,train,train,train,train,test,train
Tungro/TUNGRO2_092.JPG,train,train,train,train,train,train,train,train,train,train
Tungro/TUNGRO2_093.JPG,val,train,train,train,train,train,val,train,test,train
Tungro/TUNGRO2_094.JPG,train,train,test,train,train,train,train,train,test,train
Tungro/TUNGRO2_095.JPG,test,train,train,train,train,train,train,train,train,train
Tungro/TUNGRO2_096.JPG,train,train,test,train,train,train,train,train,val,train
Tungro/TUNGRO2_097.JPG,train,train,train,train,train,train,train,train,test,train
Tungro/TUNGRO2_098.JPG,test,train,train,train,train,train,train,train,test,train
Tungro/TUNGRO2_099.JPG,train,train,train,val,train,train,train,test,train,test
Tungro/TUNGRO2_100.JPG,train,train,test,val,test,train,test,test,train,test
Tungro/TUNGRO2_101.JPG,train,train,train,val,test,train,val,test,train,test
Tungro/TUNGRO2_102.JPG,test,train,train,val,test,train,train,test,train,test
Tungro/TUNGRO2_103.JPG,train,train,val,val,train,train,train,test,train,test
Tungro/TUNGRO2_104.JPG,test,train,train,val,train,train,train,test,train,test
Tungro/TUNGRO2_105.JPG,train,train,train,val,train,train,train,test,train,test
Tungro/TUNGRO2_106.JPG,train,train,train,val,train,val,train,train,train,train
Tungro/TUNGRO2_107.JPG,train,train,test,val,train,val,train,train,train,train
Tungro/TUNGRO2_108.JPG,train,train,test,val,train,val,train,train,train,train
Tungro/TUNGRO2_109.JPG,train,train,train,val,test,val,train,train,val,train
Tungro/TUNGRO2_110.JPG,train,train,train,val,train,val,train,train,train,train
Tungro/TUNGRO2_111.JPG,test,train,test,val,train,val,train,train,train,train
Tungro/TUNGRO2_112.JPG,test,train,train,train,test,test,train,test,train,test
Tungro/TUNGRO2_113.JPG,train,train,val,train,train,test,val,test,train,test
Tungro/TUNGRO2_114.JPG,test,train,test,train,train,test,test,test,val,test
Tungro/TUNGRO2_115.JPG,val,train,train,train,test,test,val,test,train,test
Tungro/TUNGRO2_116.JPG,train,train,val,train,test,test,train,test,train,test
Tungro/TUNGRO2_117.JPG,val,train,test,train,train,train,train,test,train,test
Tungro/TUNGRO2_118.JPG,train,train,train,train,train,train,train,test,train,test
Tungro/TUNGRO2_119.JPG,test,train,train,train,test,train,train,test,train,test
Tungro/TUNGRO2_120.JPG,train,train,val,train,train,train,train,test,val,test
Tungro/TUNGRO2_121.JPG,train,train,train,train,train,train,train,test,test,test
Tungro/TUNGRO2_122.JPG,test,test,train,train,train,val,val,train,val,train
Tungro/TUNGRO2_123.JPG,train,test,test,train,train,val,train,train,train,train
Tungro/TUNGRO2_124.JPG,train,test,train,train,train,val,train,train,train,train
Tungro/TUNGRO2_125.JPG,val,test,train,train,test,val,train,train,train,train
Tungro/TUNGRO2_126.JPG,test,test,train,train,test,val,train,train,train,train
Tungro/TUNGRO2_127.JPG,train,test,test,train,train,val,train,train,val,train
Tungro/TUNGRO2_128.JPG,test,train,train,train,train,train,train,val,train,train
Tungro/TUNGRO2_129.JPG,train,train,train,train,val,train,test,val,train,train
Tungro/TUNGRO2_130.JPG,train,train,train,train,train,train,train,val,train,train
Tungro/TUNGRO2_131.JPG,train,train,test,train,train,train,train,val,train,train
Tungro/TUNGRO2_132.JPG,test,train,train,train,train,train,train,val,train,train
Tungro/TUNGRO2_133.JPG,train,test,train,train,train,train,train,train,train,train
Tungro/TUNGRO2_134.JPG,train,test,train,train,train,train,test,train,train,train
Tungro/TUNGRO2_135.JPG,train,test,train,train,test,train,train,train,train,train
Tungro/TUNGRO2_136.JPG,train,test,test,train,train,train,train,train,test,train
Tungro/TUNGRO2_137.JPG,train,test,train,train,train,train,train,train,train,train
Tungro/TUNGRO2_138.JPG,val,train,train,val,train,val,train,val,test,train
Tungro/TUNGRO2_139.JPG,train,train,test,val,test,val,val,val,train,train
Tungro/TUNGRO2_140.JPG,train,train,val,val,test,val,train,val,val,train
Tungro/TUNGRO2_141.JPG,train,train,train,val,val,val,val,val,test,train
Tungro/TUNGRO2_142.JPG,test,train,train,val,train,val,train,val,train,train
Tungro/TUNGRO2_143.JPG,val,train,train,train,test,train,train,val,train,train
Tungro/TUNGRO2_144.JPG,train,train,val,train,test,train,test,val,train,train
Tungro/TUNGRO2_145.JPG,train,train,train,train,train,train,train,val,train,train
Tungro/TUNGRO2_146.JPG,train,train,train,train,test,train,test,val,train,train
Tungro/TUNGRO2_147.JPG,train,train,val,train,train,train,train,val,val,train
Tungro/TUNGRO2_148.JPG,train,train,train,train,train,train,train,val,train,train
Tungro/TUNGRO2_149.JPG,train,train,train,train,test,train,train,val,train,train
Tungro/TUNGRO2_150.JPG,train,train,val,train,test,train,train,val,train,train
Tungro/TUNGRO2_151.JPG,train,train,val,train,train,train,train,val,train,train
Tungro/TUNGRO2_152.JPG,train,train,test,train,test,train,train,train,train,val
Tungro/TUNGRO2_153.JPG,train,train,test,train,val,train,train,train,train,val
Tungro/TUNGRO2_154.JPG,train,train,train,train,train,train,train,train,train,val
Tungro/TUNGRO2_155.JPG,train,train,train,train,train,train,train,train,val,val
Tungro/TUNGRO2_156.JPG,train,train,val,train,train,train,train,train,train,val
Tungro/TUNGRO2_157.JPG,test,train,train,train,train,train,train,train,test,val
Tungro/TUNGRO2_158.JPG,train,train,train,train,train,train,train,train,test,val
Tungro/TUNGRO2_159.JPG,train,train,train,train,train,train,test,train,train,val
Tungro/TUNGRO2_160.JPG,val,train,train,train,train,train,train,train,test,val
Tungro/TUNGRO2_161.JPG,val,train,test,train,train,train,train,train,test,train
Tungro/TUNGRO2_162.JPG,train,train,train,train,train,train,train,train,train,train
Tungro/TUNGRO2_163.JPG,train,train,train,train,train,train,test,train,train,train
Tungro/TUNGRO2_164.JPG,train,train,train,train,test,train,train,train,train,train
Tungro/TUNGRO2_165.JPG,test,train,test,train,test,train,test,train,train,train
Tungro/TUNGRO2_166.JPG,val,val,val,train,train,train,train,train,train,val
Tungro/TUNGRO2_167.JPG,train,val,train,train,train,train,train,train,train,val
Tungro/TUNGRO2_168.JPG,test,val,train,train,train,train,train,train,train,val
Tungro/TUNGRO2_169.JPG,train,val,train,train,train,train,train,train,train,val
Tungro/TUNGRO2_170.JPG,train,val,train,train,train,train,train,train,train,val
Tungro/TUNGRO2_171.JPG,train,val,train,train,train,train,train,train,train,val
Tungro/TUNGRO2_172.JPG,train,train,train,test,train,train,train,val,test,train
Tungro/TUNGRO2_173.JPG,train,train,train,test,train,train,test,val,train,train
Tungro/TUNGRO2_174.JPG,train,train,train,test,test,train,train,val,train,train
Tungro/TUNGRO2_175.JPG,train,train,train,test,train,train,train,val,test,train
Tungro/TUNGRO2_176.JPG,val,train,train,test,train,train,test,val,train,train
Tungro/TUNGRO2_177.JPG,train,train,train,test,train,train,train,val,test,train
Tungro/TUNGRO2_178.JPG,train,train,train,test,train,train,train,val,test,train
Tungro/TUNGRO2_179.JPG,train,train,test,test,val,train,train,val,test,train
Tungro/TUNGRO2_180.JPG,val,test,train,train,train,train,test,val,test,train
Tungro/TUNGRO2_181.JPG,train,test,train,train,train,train,test,val,train,train
Tungro/TUNGRO2_182.JPG,train,test,train,train,train,train,train,val,train,train
Tungro/TUNGRO2_183.JPG,test,test,train,train,train,train,val,val,test,train
Tungro/TUNGRO2_184.JPG,train,test,train,train,val,train,val,val,test,train
Tungro/TUNGRO2_185.JPG,train,test,train,train,test,train,val,val,test,train
Tungro/TUNGRO2_186.JPG,train,test,train,train,train,train,train,val,test,train
Tungro/TUNGRO2_187.JPG,test,test,val,train,train,train,val,val,train,train
Tungro/TUNGRO2_188.JPG,train,test,val,train,train,train,test,val,train,train
Tungro/TUNGRO2_189.JPG,train,train,train,train,test,train,train,val,train,train
Tungro/TUNGRO2_190.JPG,train,train,test,train,test,train,train,val,val,train
Tungro/TUNGRO2_191.JPG,train,train,val,train,test,train,train,val,train,train
Tungro/TUNGRO2_192.JPG,train,train,test,train,test,train,train,val,test,train
Tungro/TUNGRO2_193.JPG,train,train,train,train,val,train,train,val,test,train
Tungro/TUNGRO2_194.JPG,train,train,train,train,train,train,test,val,train,train
Tungro/TUNGRO2_195.JPG,test,train,train,test,train,train,train,train,test,train
Tungro/TUNGRO2_196.JPG,train,train,train,test,train,train,val,train,test,train
Tungro/TUNGRO2_197.JPG,train,train,train,test,train,train,train,train,test,train
Tungro/TUNGRO2_198.JPG,train,train,test,test,train,train,train,train,train,train
Tungro/TUNGRO2_199.JPG,train,train,test,test,test,train,train,train,train,train
Tungro/TUNGRO2_200.JPG,train,train,train,test,train,train,test,train,train,train
Tungro/TUNGRO2_201.JPG,test,test,train,train,test,train,train,train,train,train
Tungro/TUNGRO2_202.JPG,train,test,train,train,train,train,train,train,train,train
Tungro/TUNGRO2_203.JPG,train,test,test,train,test,train,test,train,train,train
Tungro/TUNGRO2_204.JPG,train,test,train,train,train,train,train,train,train,train
Tungro/TUNGRO2_205.JPG,train,test,train,train,test,train,test,train,test,train
Tungro/TUNGRO2_206.JPG,train,test,train,train,train,train,train,train,test,train
Tungro/TUNGRO2_207.JPG,test,train,test,train,train,train,train,val,train,train
Tungro/TUNGRO2_208.JPG,train,train,train,train,train,train,train,val,train,train
Tungro/TUNGRO2_209.JPG,train,train,train,train,train,train,train,val,train,train
Tungro/TUNGRO2_210.JPG,train,train,val,train,train,train,train,val,train,train
Tungro/TUNGRO2_211.JPG,train,train,train,train,test,train,train,val,train,train
Tungro/TUNGRO2_212.JPG,train,train,train,train,train,train,train,val,train,train
Tungro/TUNGRO2_213.JPG,train,train,train,train,test,train,train,train,train,train
Tungro/TUNGRO2_214.JPG,train,train,train,train,train,train,train,train,train,train
Tungro/TUNGRO2_215.JPG,train,train,train,train,test,train,train,train,train,train
Tungro/TUNGRO2_216.JPG,train,train,train,train,test,train,val,train,train,train
Tungro/TUNGRO2_217.JPG,train,train,train,train,train,train,val,train,test,train
Tungro/TUNGRO2_218.JPG,train,train,test,train,val,train,train,train,train,train
Tungro/TUNGRO2_219.JPG,val,train,train,train,train,train,val,train,train,train
Tungro/TUNGRO2_220.JPG,train,train,train,train,train,train,test,train,test,train
Tungro/TUNGRO2_221.JPG,train,train,train,train,test,train,train,train,train,train
Tungro/TUNGRO2_222.JPG,test,train,train,train,train,test,test,train,train,train
Tungro/TUNGRO2_223.JPG,train,train,val,train,test,test,train,train,train,train
Tungro/TUNGRO2_224.JPG,train,train,val,train,train,test,train,train,test,train
Tungro/TUNGRO2_225.JPG,val,train,train,train,train,test,test,train,train,train
Tungro/TUNGRO2_226.JPG,train,train,train,train,val,test,train,train,train,train
Tungro/TUNGRO2_227.JPG,train,train,train,train,train,test,train,train,train,train
Tungro/TUNGRO2_228.JPG,train,train,train,train,train,test,train,train,train,train
Tungro/TUNGRO2_229.JPG,train,train,val,train,train,test,train,train,train,train
Tungro/TUNGRO2_230.JPG,train,train,train,train,train,test,train,train,test,train
Tungro/TUNGRO2_231.JPG,train,train,train,train,test,test,val,train,test,train
Tungro/TUNGRO2_232.JPG,val,train,train,val,train,train,test,train,val,train
Tungro/TUNGRO2_233.JPG,train,train,train,val,train,train,test,train,test,train
Tungro/TUNGRO2_234.JPG,test,train,val,val,val,train,train,train,test,train
Tungro/TUNGRO2_235.JPG,train,train,train,val,val,train,train,train,train,train
Tungro/TUNGRO2_236.JPG,train,train,train,train,train,train,train,train,test,train
Tungro/TUNGRO2_237.JPG,train,train,val,train,test,train,train,train,val,train
Tungro/TUNGRO2_238.JPG,train,train,train,train,train,train,train,train,train,train
Tungro/TUNGRO2_239.JPG,test,train,train,train,train,train,test,train,train,train
Tungro/TUNGRO2_240.JPG,train,train,test,train,val,train,test,train,test,train
Tungro/TUNGRO2_241.JPG,test,train,train,train,train,train,val,train,train,val
Tungro/TUNGRO2_242.JPG,val,train,train,train,test,train,train,train,train,val
Tungro/TUNGRO2_243.JPG,train,train,train,train,test,train,train,train,test,val
Tungro/TUNGRO2_244.JPG,train,train,train,train,train,train,test,train,train,val
Tungro/TUNGRO2_245.JPG,train,train,test,train,train,train,val,train,train,val
Tungro/TUNGRO2_246.JPG,train,train,train,train,val,train,train,train,test,val
Tungro/TUNGRO2_247.JPG,train,train,train,train,train,train,test,train,val,val
Tungro/TUNGRO2_248.JPG,train,train,test,train,train,train,train,train,train,val
Tungro/TUNGRO2_249.JPG,train,train,test,train,train,train,test,train,test,val
Tungro/TUNGRO2_250.JPG,train,train,train,train,train,train,test,train,train,val
Tungro/TUNGRO2_251.JPG,test,test,val,train,test,train,train,val,train,train
Tungro/TUNGRO2_252.JPG,train,test,train,train,train,train,train,val,val,train
Tungro/TUNGRO2_253.JPG,train,test,train,train,val,train,train,val,train,train
Tungro/TUNGRO2_254.JPG,train,test,test,train,train,train,train,val,train,train
Tungro/TUNGRO2_255.JPG,train,test,test,train,train,train,train,val,train,train
Tungro/TUNGRO2_256.JPG,val,test,train,train,train,train,train,val,train,train
Tungro/TUNGRO2_257.JPG,train,train,test,train,train,test,train,train,train,train
Tungro/TUNGRO2_258.JPG,val,train,test,train,train,test,val,train,train,train
Tungro/TUNGRO2_259.JPG,test,train,train,train,train,test,train,train,train,train
Tungro/TUNGRO2_260.JPG,test,train,train,train,train,test,train,train,train,train
Tungro/TUNGRO2_261.JPG,train,train,train,train,train,test,train,train,train,train
Tungro/TUNGRO2_262.JPG,test,train,train,train,train,test,train,train,train,train
Tungro/TUNGRO2_263.JPG,train,train,test,train,train,test,train,train,val,train
Tungro/TUNGRO2_264.JPG,train,train,train,train,train,test,train,train,train,train
Tungro/TUNGRO2_265.JPG,train,train,train,train,test,test,train,train,test,train
Tungro/TUNGRO2_266.JPG,train,train,train,train,val,test,train,train,train,train
Tungro/TUNGRO2_267.JPG,train,train,test,train,train,test,train,train,train,train
Tungro/TUNGRO2_268.JPG,train,train,test,train,train,test,test,train,train,train
Tungro/TUNGRO2_269.JPG,train,train,train,train,train,test,test,train,train,train
Tungro/TUNGRO2_270.JPG,train,train,val,train,train,test,train,train,train,train
Tungro/TUNGRO2_271.JPG,train,test,train,train,train,train,val,train,train,train
Tungro/TUNGRO2_272.JPG,train,test,val,train,train,train,train,train,test,train
Tungro/TUNGRO2_273.JPG,train,test,train,train,test,train,train,train,test,train
Tungro/TUNGRO2_274.JPG,train,test,train,train,train,train,val,train,train,train
Tungro/TUNGRO2_275.JPG,train,test,train,train,train,train,train,train,train,train
Tungro/TUNGRO2_276.JPG,train,test,train,train,train,train,train,train,test,train
Tungro/TUNGRO2_277.JPG,test,test,train,train,train,train,train,train,val,train
Tungro/TUNGRO3_001.jpg,train,train,train,train,test,train,test,test,test,train
Tungro/TUNGRO3_002.jpg,test,train,train,test,val,test,train,test,train,train
Tungro/TUNGRO3_003.jpg,train,test,train,train,train,train,train,train,val,train
Tungro/TUNGRO3_004.jpg,train,train,train,test,train,test,train,test,train,train
Tungro/TUNGRO3_005.jpg,val,train,train,test,val,test,train,test,test,train
Tungro/TUNGRO3_006.jpg,test,train,train,test,train,test,val,test,train,train
Tungro/TUNGRO3_007.jpg,train,train,train,train,test,train,train,train,val,train
Tungro/TUNGRO3_008.jpg,train,train,train,train,train,train,test,train,train,train
Tungro/TUNGRO3_009.jpg,test,train,train,train,train,train,train,train,train,train
Tungro/TUNGRO3_010.jpg,train,train,train,train,train,train,train,train,train,train
Tungro/TUNGRO3_011.jpg,val,train,test,train,test,train,train,train,test,train
Tungro/TUNGRO3_012.jpg,train,val,train,train,test,test,test,test,train,val
Tungro/TUNGRO3_013.jpg,train,val,train,train,train,test,test,test,train,val
Tungro/TUNGRO3_014.jpg,test,val,test,train,train,test,train,test,train,val
Tungro/TUNGRO3_015.jpg,train,train,train,train,train,train,train,train,train,train
Tungro/TUNGRO3_016.jpg,train,train,train,train,train,train,train,train,train,train
Tungro/TUNGRO3_017.jpg,train,test,train,train,test,train,test,train,train,train
Tungro/TUNGRO3_018.jpg,test,test,train,train,train,train,test,train,train,train
Tungro/TUNGRO3_019.jpg,train,test,val,train,test,train,test,train,train,train
Tungro/TUNGRO3_020.jpg,train,test,train,train,train,train,train,train,test,train
Tungro/TUNGRO3_021.jpg,train,test,train,train,train,train,train,train,train,train
Tungro/TUNGRO3_022.jpg,val,test,train,test,val,train,train,train,train,train
Tungro/TUNGRO3_023.jpg,train,train,train,train,test,train,test,train,train,train
Tungro/TUNGRO3_024.jpg,test,train,test,train,train,train,test,train,test,train
Tungro/TUNGRO3_025.jpg,test,train,train,train,test,train,train,train,test,train
Tungro/TUNGRO3_026.jpg,train,train,train,train,test,val,val,train,test,test
Tungro/TUNGRO3_027.jpg,train,train,test,train,train,train,train,val,train,train
Tungro/TUNGRO3_028.jpg,train,train,test,train,train,train,train,val,train,train
Tungro/TUNGRO3_029.jpg,train,train,test,train,train,train,train,val,train,train
Tungro/TUNGRO3_030.jpg,val,train,train,train,train,train,train,val,train,train
Tungro/TUNGRO3_031.jpg,train,train,train,train,test,train,train,train,train,train
Tungro/TUNGRO3_032.jpg,test,train,train,train,train,train,train,train,train,train
Tungro/TUNGRO3_033.jpg,train,train,val,train,train,train,train,train,test,train
Tungro/TUNGRO3_034.jpg,train,train,train,train,train,train,train,train,train,train
Tungro/TUNGRO3_035.jpg,train,train,train,train,train,train,train,train,val,train
Tungro/TUNGRO3_036.jpg,train,val,train,test,train,test,train,test,train,train
Tungro/TUNGRO3_037.jpg,train,train,train,train,train,train,train,train,train,train
Tungro/TUNGRO3_038.jpg,val,train,train,train,train,train,test,train,train,train
Tungro/TUNGRO3_039.jpg,val,train,train,train,test,train,train,train,train,train
Tungro/TUNGRO3_040.jpg,train,train,train,train,train,train,train,train,test,train
Tungro/TUNGRO3_041.jpg,train,train,test,train,test,train,train,train,train,train
Tungro/TUNGRO3_042.jpg,train,train,val,train,train,train,train,train,train,train
Tungro/TUNGRO3_043.jpg,train,train,train,train,test,train,train,train,val,train
Tungro/TUNGRO3_044.jpg,test,train,train,train,train,test,train,train,train,train
Tungro/TUNGRO3_045.jpg,val,train,test,train,test,test,val,train,train,train
Tungro/TUNGRO3_046.jpg,train,train,train,train,train,test,train,train,train,train
Tungro/TUNGRO3_047.jpg,train,train,test,train,test,train,train,train,train,train
Tungro/TUNGRO3_048.jpg,train,train,train,train,train,train,test,train,val,train
Tungro/TUNGRO3_049.jpg,train,train,train,train,train,train,train,train,train,train
Tungro/TUNGRO3_050.jpg,test,train,train,train,train,train,train,train,train,train
Tungro/TUNGRO3_051.jpg,train,test,train,train,test,train,train,train,train,test
Tungro/TUNGRO3_052.jpg,test,test,train,train,train,train,train,train,train,test
Tungro/TUNGRO3_053.jpg,train,test,train,train,test,train,train,train,train,test
Tungro/TUNGRO3_054.jpg,train,train,val,train,train,train,train,train,train,val
Tungro/TUNGRO3_055.jpg,val,train,train,train,train,train,test,train,val,val
Tungro/TUNGRO3_056.jpg,test,train,train,train,train,train,train,train,train,val
Tungro/TUNGRO3_057.jpg,train,train,train,train,train,train,train,val,train,test
Tungro/TUNGRO3_058.jpg,train,train,test,train,train,train,test,val,train,test
Tungro/TUNGRO3_059.jpg,val,train,train,train,train,train,test,val,train,test
Tungro/TUNGRO3_060.jpg,train,train,train,test,train,train,train,train,train,train
Tungro/TUNGRO3_061.jpg,test,train,train,test,train,train,train,train,train,train
Tungro/TUNGRO3_062.jpg,train,train,train,test,test,train,val,train,train,train
Tungro/TUNGRO3_063.jpg,train,train,train,test,train,train,train,train,train,train
Tungro/TUNGRO3_064.jpg,train,train,train,test,train,train,train,train,test,train
Tungro/TUNGRO3_065.jpg,train,train,train,test,train,train,train,train,test,train
Tungro/TUNGRO3_066.jpg,train,test,train,train,train,test,test,train,train,train
Tungro/TUNGRO3_067.jpg,test,test,train,train,test,test,train,train,train,train
Tungro/TUNGRO3_068.jpg,test,test,train,train,train,train,train,test,train,test
Tungro/TUNGRO3_069.jpg,test,test,train,train,test,train,train,test,train,test
Tungro/TUNGRO3_070.jpg,test,test,train,train,train,train,train,test,train,test
Tungro/TUNGRO3_071.jpg,test,test,train,train,train,train,train,test,test,test
Tungro/TUNGRO3_072.jpg,train,test,train,train,train,train,train,test,test,test
Tungro/TUNGRO3_073.jpg,test,train,val,train,train,train,val,train,train,train
Tungro/TUNGRO3_074.jpg,test,val,train,test,test,train,train,train,train,train
Tungro/TUNGRO3_075.jpg,test,val,train,test,train,train,train,train,train,train
Tungro/TUNGRO3_076.jpg,train,val,train,test,test,train,train,train,train,train
Tungro/TUNGRO3_077.jpg,train,test,train,train,train,train,train,test,train,val
Tungro/TUNGRO3_078.jpg,test,test,test,train,train,train,test,test,test,val
Tungro/TUNGRO3_079.jpg,train,test,val,train,val,train,train,test,train,val
Tungro/TUNGRO3_080.jpg,train,train,train,test,test,train,test,train,test,train
Tungro/TUNGRO3_081.jpg,train,train,train,test,train,train,test,train,train,train
Tungro/TUNGRO3_082.jpg,train,train,train,test,test,train,train,train,train,train
Tungro/TUNGRO3_083.jpg,train,train,val,test,train,train,val,train,test,train
Tungro/TUNGRO3_084.jpg,val,train,test,test,train,train,train,train,train,train
Tungro/TUNGRO3_085.jpg,train,train,train,train,train,train,train,train,train,test
Tungro/TUNGRO3_086.jpg,train,train,train,train,test,train,train,train,test,test
Tungro/TUNGRO3_087.jpg,train,train,train,train,train,train,test,train,train,test
Tungro/TUNGRO3_088.jpg,train,test,train,train,test,train,train,train,train,test
Tungro/TUNGRO3_089.jpg,train,test,train,train,train,train,train,train,train,test
Tungro/TUNGRO3_090.jpg,train,test,train,train,train,train,test,train,test,test
Tungro/TUNGRO3_091.JPG,test,test,train,train,train,val,train,val,train,train
Tungro/TUNGRO3_092.JPG,train,test,train,train,train,val,train,val,train,train
Tungro/TUNGRO3_093.JPG,train,test,train,train,train,val,val,val,test,train
Tungro/TUNGRO3_094.JPG,val,test,test,train,train,val,train,val,val,train
Tungro/TUNGRO3_095.JPG,train,test,train,train,train,val,train,val,train,train
Tungro/TUNGRO3_096.JPG,train,test,test,train,train,val,train,val,test,train
Tungro/TUNGRO3_097.JPG,train,test,train,train,test,val,test,val,train,train
Tungro/TUNGRO3_098.JPG,val,test,train,train,train,val,train,val,train,train
Tungro/TUNGRO3_099.JPG,test,val,train,train,train,train,train,train,val,train
Tungro/TUNGRO3_100.JPG,train,val,train,train,train,train,train,train,val,train
Tungro/TUNGRO3_101.JPG,train,val,val,train,train,train,test,train,train,train
Tungro/TUNGRO3_102.JPG,train,val,train,train,train,train,train,train,val,train
Tungro/TUNGRO3_103.JPG,train,val,test,train,test,train,train,train,train,train
Tungro/TUNGRO3_104.JPG,val,val,train,train,train,train,val,train,train,train
Tungro/TUNGRO3_105.JPG,train,val,train,train,train,train,train,train,train,train
Tungro/TUNGRO3_106.JPG,test,test,train,train,train,train,test,train,val,train
Tungro/TUNGRO3_107.JPG,val,test,train,train,train,train,train,train,train,train
Tungro/TUNGRO3_108.JPG,train,test,train,train,val,train,test,train,train,train
Tungro/TUNGRO3_109.JPG,train,test,test,train,train,train,val,train,train,train
Tungro/TUNGRO3_110.JPG,train,test,train,train,train,train,train,train,train,train
Tungro/TUNGRO3_111.JPG,train,test,train,train,train,train,train,train,test,train
Tungro/TUNGRO3_112.JPG,train,test,train,train,train,test,test,train,test,train
Tungro/TUNGRO3_113.JPG,train,test,train,train,train,test,test,train,train,train
Tungro/TUNGRO3_114.JPG,train,test,train,train,train,test,test,train,train,train
Tungro/TUNGRO3_115.JPG,train,test,train,train,train,test,train,train,train,train
Tungro/TUNGRO3_116.JPG,train,test,val,train,train,test,train,train,train,train
Tungro/TUNGRO3_117.JPG,train,train,test,train,test,train,train,train,train,test
Tungro/TUNGRO3_118.JPG,val,train,test,train,val,train,train,train,train,test
Tungro/TUNGRO3_119.JPG,train,train,train,train,train,train,train,train,train,test
Tungro/TUNGRO3_120.JPG,train,train,train,train,train,train,train,train,train,test
Tungro/TUNGRO3_121.JPG,train,train,train,train,val,train,test,train,test,test
Tungro/TUNGRO3_122.JPG,test,train,train,train,train,train,test,val,train,train
Tungro/TUNGRO3_123.JPG,train,train,train,train,train,train,train,val,train,train
Tungro/TUNGRO3_124.JPG,train,train,test,train,train,train,train,val,train,train
Tungro/TUNGRO3_125.JPG,train,train,train,train,train,train,test,val,train,train
Tungro/TUNGRO3_126.JPG,train,train,train,train,train,train,train,val,test,train
Tungro/TUNGRO3_127.JPG,train,train,train,train,val,train,train,val,test,train
Tungro/TUNGRO3_128.JPG,train,test,train,test,train,train,train,train,train,train
Tungro/TUNGRO3_129.JPG,train,test,test,test,train,train,train,train,train,train
Tungro/TUNGRO3_130.JPG,train,test,test,test,test,train,train,train,train,train
Tungro/TUNGRO3_131.JPG,val,test,train,test,test,train,train,train,test,train
Tungro/TUNGRO3_132.JPG,val,test,train,test,test,train,train,train,test,train
Tungro/TUNGRO3_133.JPG,train,test,test,train,train,train,test,test,train,val
Tungro/TUNGRO3_134.JPG,train,test,train,train,train,train,train,test,train,val
Tungro/TUNGRO3_135.JPG,train,test,test,train,train,train,val,test,train,val
Tungro/TUNGRO3_136.JPG,val,test,train,train,val,train,val,test,train,val
Tungro/TUNGRO3_137.JPG,train,test,test,train,train,train,train,test,train,val
Tungro/TUNGRO3_138.JPG,train,train,test,val,train,val,train,val,test,train
Tungro/TUNGRO3_139.JPG,test,train,val,val,train,val,val,val,train,train
Tungro/TUNGRO3_140.JPG,train,train,train,val,test,val,train,val,train,train
Tungro/TUNGRO3_141.JPG,test,train,train,val,train,val,train,val,val,train
Tungro/TUNGRO3_142.JPG,train,train,train,val,train,val,train,val,train,train
Tungro/TUNGRO3_143.JPG,test,train,train,test,train,train,train,test,val,test
Tungro/TUNGRO3_144.JPG,val,train,test,test,train,train,test,test,test,test
Tungro/TUNGRO3_145.JPG,train,train,val,test,train,train,train,test,train,test
Tungro/TUNGRO3_146.JPG,val,train,train,test,train,train,train,test,train,test
Tungro/TUNGRO3_147.JPG,test,train,train,test,val,train,train,test,val,test
Tungro/TUNGRO3_148.JPG,train,train,train,test,test,train,train,test,train,test
Tungro/TUNGRO3_149.JPG,train,train,train,test,train,train,test,test,train,test
Tungro/TUNGRO3_150.JPG,train,train,test,test,train,train,test,test,val,test
Tungro/TUNGRO3_151.JPG,train,train,train,test,train,train,train,test,train,test
Tungro/TUNGRO3_152.JPG,train,train,test,train,test,train,val,train,train,val
Tungro/TUNGRO3_153.JPG,val,train,train,train,train,train,test,train,train,val
Tungro/TUNGRO3_154.JPG,test,train,train,train,train,train,train,train,train,val
Tungro/TUNGRO3_155.JPG,train,train,train,train,train,train,val,train,train,val
Tungro/TUNGRO3_156.JPG,val,train,val,train,train,train,test,train,train,val
Tungro/TUNGRO3_157.JPG,train,train,train,train,train,train,train,train,train,val
Tungro/TUNGRO3_158.JPG,train,train,val,train,train,train,test,train,test,val
Tungro/TUNGRO3_159.JPG,test,train,val,train,test,train,train,train,train,val
Tungro/TUNGRO3_160.JPG,train,train,test,train,train,train,test,train,test,val
Tungro/TUNGRO3_161.JPG,train,train,train,val,val,train,test,val,test,train
Tungro/TUNGRO3_162.JPG,train,train,train,val,train,train,train,val,train,train
Tungro/TUNGRO3_163.JPG,train,train,test,val,train,train,train,val,test,train
Tungro/TUNGRO3_164.JPG,train,train,test,val,train,train,train,val,train,train
Tungro/TUNGRO3_165.JPG,train,train,train,val,train,train,val,val,train,train
Tungro/TUNGRO3_166.JPG,train,train,test,test,train,train,train,test,test,train
Tungro/TUNGRO3_167.JPG,train,train,train,test,train,train,test,test,train,train
Tungro/TUNGRO3_168.JPG,test,train,train,test,train,train,train,test,test,train
Tungro/TUNGRO3_169.JPG,train,train,train,test,train,train,train,test,train,train
Tungro/TUNGRO3_170.JPG,train,train,train,test,train,train,train,test,train,train
Tungro/TUNGRO3_171.JPG,train,train,train,test,test,train,train,test,train,train
Tungro/TUNGRO3_172.JPG,val,test,train,train,val,train,train,train,test,train
Tungro/TUNGRO3_173.JPG,train,test,test,train,train,train,train,train,test,train
Tungro/TUNGRO3_174.JPG,train,test,train,train,test,train,test,train,train,train
Tungro/TUNGRO3_175.JPG,train,test,test,train,test,train,val,train,train,train
Tungro/TUNGRO3_176.JPG,train,test,train,train,train,train,train,train,train,train
Tungro/TUNGRO3_177.JPG,test,test,train,train,val,train,val,train,train,train
Tungro/TUNGRO3_178.JPG,test,test,train,train,train,train,test,train,train,train
Tungro/TUNGRO3_179.JPG,train,test,val,train,train,train,train,train,train,train
Tungro/TUNGRO3_180.JPG,train,train,train,train,train,train,test,train,test,train
Tungro/TUNGRO3_181.JPG,train,train,train,train,train,train,train,train,train,train
Tungro/TUNGRO3_182.JPG,train,train,test,train,train,train,val,train,test,train
Tungro/TUNGRO3_183.JPG,train,train,train,train,test,train,train,train,train,train
Tungro/TUNGRO3_184.JPG,train,train,train,train,train,train,train,train,train,train
Tungro/TUNGRO3_185.JPG,train,train,train,train,train,train,train,train,train,train
Tungro/TUNGRO3_186.JPG,train,train,train,train,train,train,train,train,test,train
Tungro/TUNGRO3_187.JPG,train,train,train,train,train,train,test,train,train,train
Tungro/TUNGRO3_188.JPG,val,train,train,train,test,train,train,train,train,train
Tungro/TUNGRO3_189.JPG,train,train,train,test,train,test,train,train,val,test
Tungro/TUNGRO3_190.JPG,train,train,train,test,train,test,val,train,test,test
Tungro/TUNGRO3_191.JPG,test,train,train,test,train,test,train,train,train,test
Tungro/TUNGRO3_192.JPG,train,train,train,test,train,test,test,train,train,test
Tungro/TUNGRO3_193.JPG,train,train,train,test,val,test,train,train,val,test
Tungro/TUNGRO3_194.JPG,train,train,train,test,train,test,train,train,train,test
Tungro/TUNGRO3_195.JPG,train,train,train,test,train,val,train,train,train,train
Tungro/TUNGRO3_196.JPG,train,train,train,test,train,val,train,train,train,train
Tungro/TUNGRO3_197.JPG,test,train,train,test,train,val,test,train,train,train
Tungro/TUNGRO3_198.JPG,train,train,train,test,train,val,test,train,train,train
Tungro/TUNGRO3_199.JPG,train,train,train,test,train,val,train,train,train,train
Tungro/TUNGRO3_200.JPG,train,train,test,test,test,val,train,train,test,train
Tungro/TUNGRO3_201.JPG,train,test,train,train,val,train,train,train,train,train
Tungro/TUNGRO3_202.JPG,test,test,test,train,train,train,train,train,train,train
Tungro/TUNGRO3_203.JPG,train,test,val,train,test,train,train,train,val,train
Tungro/TUNGRO3_204.JPG,train,test,train,train,train,train,val,train,test,train
Tungro/TUNGRO3_205.JPG,test,test,train,train,train,train,train,train,train,train
Tungro/TUNGRO3_206.JPG,train,test,train,train,test,train,train,train,train,train
Tungro/TUNGRO3_207.JPG,train,train,train,train,test,train,train,train,train,train
Tungro/TUNGRO3_208.JPG,val,train,val,train,train,train,test,train,train,train
Tungro/TUNGRO3_209.JPG,train,train,train,train,train,train,train,train,train,train
Tungro/TUNGRO3_210.JPG,test,train,train,train,train,train,train,train,train,train
Tungro/TUNGRO3_211.JPG,train,train,val,train,train,train,train,train,train,train
Tungro/TUNGRO3_212.JPG,train,train,train,train,train,train,val,train,val,train
Tungro/TUNGRO3_213.JPG,train,val,test,test,train,val,train,train,train,train
Tungro/TUNGRO3_214.JPG,val,val,train,test,train,val,train,train,train,train
Tungro/TUNGRO3_215.JPG,train,val,train,test,train,val,train,train,train,train
Tungro/TUNGRO3_216.JPG,train,val,train,test,test,val,train,train,train,train
Tungro/TUNGRO3_217.JPG,train,val,train,test,test,val,train,train,train,train
Tungro/TUNGRO3_218.JPG,train,val,train,test,train,val,train,train,train,train
Tungro/TUNGRO3_219.JPG,train,val,test,test,train,val,train,train,test,train
Tungro/TUNGRO3_220.JPG,train,val,train,test,test,val,train,train,train,train
Tungro/TUNGRO3_221.JPG,train,val,val,test,train,val,train,train,val,train
Tungro/TUNGRO3_222.JPG,train,train,train,train,test,train,train,train,train,train
Tungro/TUNGRO3_223.JPG,train,train,test,train,test,train,test,train,train,train
Tungro/TUNGRO3_224.JPG,val,train,train,train,train,train,val,train,train,train
Tungro/TUNGRO3_225.JPG,val,train,val,train,train,train,train,train,train,train
Tungro/TUNGRO3_226.JPG,train,train,train,train,val,train,train,train,train,train
Tungro/TUNGRO3_227.JPG,test,train,train,train,train,train,train,train,train,train
Tungro/TUNGRO3_228.JPG,train,train,test,train,train,train,train,train,train,train
Tungro/TUNGRO3_229.JPG,train,train,val,train,train,train,train,train,train,train
Tungro/TUNGRO3_230.JPG,train,train,train,train,train,train,train,train,train,train
Tungro/TUNGRO3_231.JPG,test,train,train,train,train,train,train,train,test,train
Tungro/TUNGRO3_232.JPG,train,train,train,val,train,train,train,train,train,train
Tungro/TUNGRO3_233.JPG,train,train,train,val,train,train,train,train,test,train
Tungro/TUNGRO3_234.JPG,val,train,train,val,train,train,val,train,train,train
Tungro/TUNGRO3_235.JPG,train,train,train,val,train,train,train,train,val,train
Tungro/TUNGRO3_236.JPG,val,train,val,val,test,train,train,train,train,train
Tungro/TUNGRO3_237.JPG,train,train,test,val,val,train,train,train,test,train
Tungro/TUNGRO3_238.JPG,train,train,train,val,train,train,train,train,train,train
Tungro/TUNGRO3_239.JPG,train,train,val,val,train,train,train,train,test,train
Tungro/TUNGRO3_240.JPG,test,train,train,val,train,train,train,train,test,train
Tungro/TUNGRO3_241.JPG,train,train,train,train,train,test,train,test,test,train
Tungro/TUNGRO3_242.JPG,val,train,train,train,test,test,test,test,train,train
Tungro/TUNGRO3_243.JPG,train,train,train,train,test,test,train,test,train,train
Tungro/TUNGRO3_244.JPG,test,train,test,train,test,test,train,test,train,train
Tungro/TUNGRO3_245.JPG,val,train,test,train,train,test,train,test,train,train
Tungro/TUNGRO3_246.JPG,test,train,train,train,train,test,val,test,test,train
Tungro/TUNGRO3_247.JPG,test,train,val,train,train,test,val,test,test,train
Tungro/TUNGRO3_248.JPG,train,train,train,train,train,test,test,test,test,train
Tungro/TUNGRO3_249.JPG,train,train,train,train,train,test,test,test,train,train
Tungro/TUNGRO3_250.JPG,train,train,test,train,train,test,train,test,train,train
Tungro/TUNGRO3_251.JPG,train,test,train,train,train,train,val,train,train,train
Tungro/TUNGRO3_252.JPG,train,test,train,train,train,train,train,train,train,train
Tungro/TUNGRO3_253.JPG,train,test,train,train,train,train,test,train,train,train
Tungro/TUNGRO3_254.JPG,train,test,train,train,train,train,test,train,test,train
Tungro/TUNGRO3_255.JPG,train,test,train,train,train,train,val,train,train,train
Tungro/TUNGRO3_256.JPG,train,test,train,train,test,train,val,train,train,train
Tungro/TUNGRO3_257.JPG,test,train,test,train,train,train,train,train,test,train
Tungro/TUNGRO3_258.JPG,train,train,train,train,train,train,train,train,val,train
Tungro/TUNGRO3_259.JPG,test,train,train,train,val,train,train,train,train,train
Tungro/TUNGRO3_260.JPG,val,train,test,train,train,train,test,train,val,train
Tungro/TUNGRO3_261.JPG,train,train,val,train,train,train,test,train,train,train
Tungro/TUNGRO3_262.JPG,train,train,train,train,test,train,train,train,train,train
Tungro/TUNGRO3_263.JPG,train,train,train,train,val,train,train,train,train,train
Tungro/TUNGRO3_264.JPG,train,train,train,train,val,train,train,train,train,train
Tungro/TUNGRO3_265.JPG,train,train,train,train,train,train,val,train,test,train
Tungro/TUNGRO3_266.JPG,train,train,train,train,train,train,train,train,train,train
Tungro/TUNGRO3_267.JPG,train,train,train,train,train,train,train,train,train,train
Tungro/TUNGRO3_268.JPG,test,train,test,train,train,train,train,train,test,train
Tungro/TUNGRO3_269.JPG,train,train,test,train,test,train,train,train,train,train
Tungro/TUNGRO3_270.JPG,train,train,test,train,test,train,test,train,val,train
Tungro/TUNGRO3_271.JPG,train,train,train,test,train,train,train,train,val,train
Tungro/TUNGRO3_272.JPG,train,train,test,test,train,train,train,train,val,train
Tungro/TUNGRO3_273.JPG,train,train,train,test,val,train,train,train,val,train
Tungro/TUNGRO3_274.JPG,train,train,train,test,train,train,train,train,train,train
Tungro/TUNGRO3_275.JPG,test,train,train,test,val,train,train,train,train,train
Tungro/TUNGRO3_276.JPG,test,train,train,test,train,train,train,train,train,train
Tungro/TUNGRO3_277.JPG,train,train,train,test,val,train,train,train,train,train
Tungro/TUNGRO4_001.jpg,val,train,test,train,train,train,test,train,train,train
Tungro/TUNGRO4_002.jpg,test,train,train,test,val,train,train,train,train,train
Tungro/TUNGRO4_003.jpg,train,train,test,train,train,val,train,train,test,train
Tungro/TUNGRO4_004.jpg,train,train,test,train,train,train,test,train,train,train
Tungro/TUNGRO4_005.jpg,train,train,train,test,val,train,train,train,train,train
Tungro/TUNGRO4_006.jpg,train,train,train,test,val,val,train,train,train,train
Tungro/TUNGRO4_007.jpg,train,train,train,test,test,test,train,train,train,train
Tungro/TUNGRO4_008.jpg,train,train,train,test,train,test,train,train,val,train
Tungro/TUNGRO4_009.jpg,train,train,val,test,test,test,val,train,train,train
Tungro/TUNGRO4_010.jpg,train,train,train,test,train,test,val,train,train,train
Tungro/TUNGRO4_011.jpg,train,train,val,test,train,test,test,train,test,train
Tungro/TUNGRO4_012.jpg,train,train,train,train,train,test,train,test,train,test
Tungro/TUNGRO4_013.jpg,train,train,train,train,train,test,train,test,val,test
Tungro/TUNGRO4_014.jpg,train,train,val,train,val,test,test,test,train,test
Tungro/TUNGRO4_015.jpg,train,train,train,train,train,test,train,val,train,val
Tungro/TUNGRO4_016.jpg,test,train,train,train,train,test,train,val,train,val
Tungro/TUNGRO4_017.jpg,train,train,val,train,train,train,train,test,train,val
Tungro/TUNGRO4_018.jpg,train,train,val,train,train,train,train,test,train,val
Tungro/TUNGRO4_019.jpg,test,train,train,train,test,train,train,test,train,val
Tungro/TUNGRO4_020.jpg,train,train,train,train,train,train,train,test,train,val
Tungro/TUNGRO4_021.jpg,val,train,train,train,train,train,test,test,test,val
Tungro/TUNGRO4_022.jpg,train,train,test,train,train,train,test,train,train,train
Tungro/TUNGRO4_023.jpg,train,train,train,train,test,train,train,train,train,train
Tungro/TUNGRO4_024.jpg,train,train,val,test,train,train,train,train,train,train
Tungro/TUNGRO4_025.jpg,train,train,val,test,train,train,train,train,train,train
Tungro/TUNGRO4_026.jpg,train,train,test,train,train,train,train,test,train,train
Tungro/TUNGRO4_027.jpg,train,train,train,test,train,train,train,test,train,train
Tungro/TUNGRO4_028.jpg,val,train,train,train,val,test,train,train,test,train
Tungro/TUNGRO4_029.jpg,train,train,test,train,test,test,train,train,train,train
Tungro/TUNGRO4_030.jpg,train,train,test,train,test,test,train,train,train,train
Tungro/TUNGRO4_031.jpg,val,test,train,test,train,val,test,test,train,test
Tungro/TUNGRO4_032.jpg,test,test,train,test,test,val,train,test,train,test
Tungro/TUNGRO4_033.jpg,train,test,train,train,train,train,train,train,test,train
Tungro/TUNGRO4_034.jpg,train,train,train,test,train,train,test,test,test,test
Tungro/TUNGRO4_035.jpg,train,train,train,train,train,train,val,train,val,train
Tungro/TUNGRO4_036.jpg,train,train,train,train,test,train,train,val,val,test
Tungro/TUNGRO4_037.jpg,train,train,test,train,train,train,train,test,train,train
Tungro/TUNGRO4_038.jpg,train,train,test,train,train,train,train,test,val,train
Tungro/TUNGRO4_039.jpg,test,train,train,train,test,train,train,test,train,train
Tungro/TUNGRO4_040.jpg,test,train,test,train,test,train,test,test,train,train
Tungro/TUNGRO4_041.jpg,test,train,test,train,train,train,train,train,train,train
Tungro/TUNGRO4_042.jpg,train,train,train,test,train,train,train,train,val,test
Tungro/TUNGRO4_043.jpg,test,train,train,train,test,test,train,train,train,train
Tungro/TUNGRO4_044.jpg,train,train,train,test,train,test,train,train,train,train
Tungro/TUNGRO4_045.jpg,train,train,test,test,test,test,test,train,val,train
Tungro/TUNGRO4_046.jpg,train,train,train,test,test,test,test,train,test,train
Tungro/TUNGRO4_047.jpg,train,train,train,train,train,train,train,train,train,train
Tungro/TUNGRO4_048.jpg,test,train,train,train,train,train,val,train,test,train
Tungro/TUNGRO4_049.jpg,train,train,val,train,train,train,train,train,train,train
Tungro/TUNGRO4_050.jpg,test,train,train,train,train,train,test,train,train,train
Tungro/TUNGRO4_051.jpg,train,train,train,train,train,val,test,val,val,test
Tungro/TUNGRO4_052.jpg,train,train,train,train,train,val,train,val,train,test
Tungro/TUNGRO4_053.jpg,val,val,train,test,val,test,train,test,val,test
Tungro/TUNGRO4_054.jpg,train,test,train,train,train,train,train,train,train,train
Tungro/TUNGRO4_055.jpg,train,train,train,test,test,train,train,val,val,train
Tungro/TUNGRO4_056.jpg,test,train,train,train,train,train,train,train,train,train
Tungro/TUNGRO4_057.jpg,test,train,test,train,test,train,train,train,test,val
Tungro/TUNGRO4_058.jpg,train,train,train,train,train,test,train,train,val,train
Tungro/TUNGRO4_059.jpg,test,train,train,train,train,test,test,train,train,train
Tungro/TUNGRO4_060.jpg,train,train,test,test,train,train,train,train,train,train
Tungro/TUNGRO4_061.jpg,train,train,train,test,train,train,train,train,train,train
Tungro/TUNGRO4_062.jpg,test,train,train,train,val,test,test,test,val,test
Tungro/TUNGRO4_063.jpg,train,train,val,train,train,test,test,test,train,test
Tungro/TUNGRO4_064.jpg,val,train,train,train,train,test,test,test,train,test
Tungro/TUNGRO4_065.jpg,test,train,train,train,train,test,train,test,test,test
Tungro/TUNGRO4_066.jpg,test,train,val,train,train,train,train,test,test,train
Tungro/TUNGRO4_067.jpg,train,train,train,train,val,train,train,test,train,train
Tungro/TUNGRO4_068.jpg,train,test,test,train,test,test,test,val,train,train
Tungro/TUNGRO4_069.jpg,train,test,test,train,test,test,train,val,train,train
Tungro/TUNGRO4_070.jpg,val,test,train,train,test,test,train,val,train,train
Tungro/TUNGRO4_071.jpg,train,test,test,train,test,test,train,val,train,train
Tungro/TUNGRO4_072.jpg,train,test,train,train,train,test,train,val,train,train
Tungro/TUNGRO4_073.jpg,train,train,train,test,train,train,train,train,train,train
Tungro/TUNGRO4_074.jpg,train,train,test,train,train,test,train,train,train,test
Tungro/TUNGRO4_075.jpg,train,train,train,train,train,test,test,train,test,test
Tungro/TUNGRO4_076.jpg,val,train,test,train,train,test,train,train,train,test
Tungro/TUNGRO4_077.jpg,train,train,train,train,train,test,train,train,test,test
Tungro/TUNGRO4_078.jpg,train,train,train,train,test,test,test,train,test,test
Tungro/TUNGRO4_079.jpg,train,train,train,train,test,test,test,train,train,test
Tungro/TUNGRO4_080.jpg,test,train,val,test,train,train,train,train,train,train
Tungro/TUNGRO4_081.jpg,test,train,train,test,train,train,train,train,train,train
Tungro/TUNGRO4_082.jpg,train,train,train,test,train,train,train,train,test,train
Tungro/TUNGRO4_083.jpg,train,train,val,test,train,train,test,train,test,train
Tungro/TUNGRO4_084.jpg,train,train,train,test,train,train,train,train,train,train
Tungro/TUNGRO4_085.jpg,test,train,val,test,train,train,train,train,train,train
Tungro/TUNGRO4_086.jpg,train,train,train,test,train,train,train,train,train,train
Tungro/TUNGRO4_087.jpg,val,train,train,test,train,train,train,train,train,train
Tungro/TUNGRO4_088.jpg,train,train,train,train,test,train,val,train,train,train
Tungro/TUNGRO4_089.jpg,train,train,train,train,train,train,val,train,test,train
Tungro/TUNGRO4_090.jpg,val,test,test,train,train,train,train,train,test,test
Tungro/TUNGRO4_091.JPG,val,train,train,train,train,train,train,train,train,train
Tungro/TUNGRO4_092.JPG,train,train,train,train,train,train,train,train,train,train
Tungro/TUNGRO4_093.JPG,train,train,train,train,train,train,train,train,train,train
Tungro/TUNGRO4_094.JPG,train,train,test,train,train,train,train,train,train,train
Tungro/TUNGRO4_095.JPG,train,train,train,train,train,train,train,train,train,train
Tungro/TUNGRO4_096.JPG,train,train,train,train,train,train,val,train,train,train
Tungro/TUNGRO4_097.JPG,test,train,train,train,test,train,train,train,train,train
Tungro/TUNGRO4_098.JPG,train,train,train,train,train,train,test,train,train,train
Tungro/TUNGRO4_099.JPG,train,train,train,val,train,train,train,test,train,test
Tungro/TUNGRO4_100.JPG,train,train,train,val,val,train,test,test,train,test
Tungro/TUNGRO4_101.JPG,train,train,test,val,test,train,train,test,train,test
Tungro/TUNGRO4_102.JPG,train,train,test,val,train,train,train,test,train,test
Tungro/TUNGRO4_103.JPG,train,train,train,val,train,train,val,test,test,test
Tungro/TUNGRO4_104.JPG,test,train,train,val,train,train,train,test,train,test
Tungro/TUNGRO4_105.JPG,train,train,val,val,val,train,train,test,train,test
Tungro/TUNGRO4_106.JPG,test,train,train,val,train,val,train,train,train,train
Tungro/TUNGRO4_107.JPG,train,train,train,val,test,val,train,train,train,train
Tungro/TUNGRO4_108.JPG,train,train,train,val,train,val,train,train,train,train
Tungro/TUNGRO4_109.JPG,test,train,train,val,test,val,train,train,train,train
Tungro/TUNGRO4_110.JPG,val,train,train,val,val,val,test,train,train,train
Tungro/TUNGRO4_111.JPG,test,train,train,val,test,val,test,train,train,train
Tungro/TUNGRO4_112.JPG,test,train,train,train,val,train,train,val,train,train
Tungro/TUNGRO4_113.JPG,train,train,train,train,train,train,train,val,train,train
Tungro/TUNGRO4_114.JPG,val,train,train,train,train,train,train,val,test,train
Tungro/TUNGRO4_115.JPG,test,train,train,train,train,train,train,val,val,train
Tungro/TUNGRO4_116.JPG,train,train,train,train,train,train,val,val,test,train
Tungro/TUNGRO4_117.JPG,test,train,train,train,train,train,train,test,train,test
Tungro/TUNGRO4_118.JPG,val,train,train,train,test,train,test,test,train,test
Tungro/TUNGRO4_119.JPG,test,train,train,train,train,train,val,test,val,test
Tungro/TUNGRO4_120.JPG,train,train,train,train,val,train,train,test,test,test
Tungro/TUNGRO4_121.JPG,test,train,test,train,train,train,train,test,train,test
Tungro/TUNGRO4_122.JPG,train,test,val,train,train,val,train,train,train,train
Tungro/TUNGRO4_123.JPG,test,test,train,train,train,val,test,train,train,train
Tungro/TUNGRO4_124.JPG,test,test,train,train,train,val,test,train,train,train
Tungro/TUNGRO4_125.JPG,train,test,train,train,test,val,train,train,train,train
Tungro/TUNGRO4_126.JPG,val,test,train,train,test,val,train,train,train,train
Tungro/TUNGRO4_127.JPG,test,test,train,train,train,val,train,train,train,train
Tungro/TUNGRO4_128.JPG,train,train,train,train,train,val,train,test,train,train
Tungro/TUNGRO4_129.JPG,val,train,train,train,train,val,val,test,test,train
Tungro/TUNGRO4_130.JPG,train,train,train,train,train,val,train,test,train,train
Tungro/TUNGRO4_131.JPG,train,train,train,train,train,val,train,test,train,train
Tungro/TUNGRO4_132.JPG,train,train,test,train,test,val,test,test,test,train
Tungro/TUNGRO4_133.JPG,train,train,train,test,train,train,train,train,train,train
Tungro/TUNGRO4_134.JPG,val,train,train,test,train,train,val,train,test,train
Tungro/TUNGRO4_135.JPG,train,train,train,test,test,train,train,train,train,train
Tungro/TUNGRO4_136.JPG,test,train,train,test,test,train,train,train,test,train
Tungro/TUNGRO4_137.JPG,train,train,train,test,train,train,test,train,train,train
Tungro/TUNGRO4_138.JPG,train,train,test,val,train,val,train,val,train,train
Tungro/TUNGRO4_139.JPG,train,train,train,val,train,val,train,val,train,train
Tungro/TUNGRO4_140.JPG,train,train,train,val,train,val,train,val,train,train
Tungro/TUNGRO4_141.JPG,train,train,val,val,val,val,val,val,train,train
Tungro/TUNGRO4_142.JPG,train,train,train,val,test,val,train,val,train,train
Tungro/TUNGRO4_143.JPG,test,train,train,test,train,train,train,test,val,test
Tungro/TUNGRO4_144.JPG,train,train,train,test,train,train,train,test,train,test
Tungro/TUNGRO4_145.JPG,test,train,train,test,train,train,train,test,train,test
Tungro/TUNGRO4_146.JPG,train,train,train,test,val,train,train,test,train,test
Tungro/TUNGRO4_147.JPG,train,train,train,test,train,train,test,test,train,test
Tungro/TUNGRO4_148.JPG,test,train,test,test,train,train,train,test,train,test
Tungro/TUNGRO4_149.JPG,test,train,train,test,train,train,train,test,test,test
Tungro/TUNGRO4_150.JPG,train,train,train,test,train,train,train,test,train,test
Tungro/TUNGRO4_151.JPG,test,train,train,test,test,train,train,test,test,test
Tungro/TUNGRO4_152.JPG,train,val,train,train,test,train,test,train,train,train
Tungro/TUNGRO4_153.JPG,train,val,train,train,test,train,test,train,train,train
Tungro/TUNGRO4_154.JPG,train,val,test,train,test,train,train,train,train,train
Tungro/TUNGRO4_155.JPG,test,val,test,train,train,train,val,train,train,train
Tungro/TUNGRO4_156.JPG,val,val,train,train,train,train,train,train,train,train
Tungro/TUNGRO4_157.JPG,val,val,train,train,val,train,test,train,test,train
Tungro/TUNGRO4_158.JPG,train,val,train,train,test,train,train,train,test,train
Tungro/TUNGRO4_159.JPG,test,val,test,train,train,train,train,train,train,train
Tungro/TUNGRO4_160.JPG,test,val,train,train,test,train,train,train,test,train
Tungro/TUNGRO4_161.JPG,train,train,train,train,val,train,train,train,val,train
Tungro/TUNGRO4_162.JPG,train,train,train,train,test,train,test,train,train,train
Tungro/TUNGRO4_163.JPG,train,train,train,train,train,train,test,train,train,train
Tungro/TUNGRO4_164.JPG,train,train,test,train,train,train,train,train,train,train
Tungro/TUNGRO4_165.JPG,train,train,train,train,train,train,train,train,test,train
Tungro/TUNGRO4_166.JPG,train,val,train,train,train,train,train,train,train,val
Tungro/TUNGRO4_167.JPG,train,val,val,train,test,train,test,train,train,val
Tungro/TUNGRO4_168.JPG,train,val,train,train,train,train,val,train,train,val
Tungro/TUNGRO4_169.JPG,train,val,test,train,train,train,train,train,train,val
Tungro/TUNGRO4_170.JPG,train,val,train,train,val,train,train,train,train,val
Tungro/TUNGRO4_171.JPG,train,val,train,train,train,train,train,train,train,val
Tungro/TUNGRO4_172.JPG,test,test,train,train,train,train,train,test,train,train
Tungro/TUNGRO4_173.JPG,train,test,train,train,train,train,train,test,train,train
Tungro/TUNGRO4_174.JPG,test,test,test,train,train,train,train,test,train,train
Tungro/TUNGRO4_175.JPG,train,test,train,train,test,train,train,test,train,train
Tungro/TUNGRO4_176.JPG,train,test,train,train,test,train,train,test,train,train
Tungro/TUNGRO4_177.JPG,test,test,train,train,test,train,train,test,train,train
Tungro/TUNGRO4_178.JPG,train,test,train,train,train,train,train,test,test,train
Tungro/TUNGRO4_179.JPG,test,test,train,train,train,train,train,test,train,train
Tungro/TUNGRO4_180.JPG,train,test,test,train,train,train,train,val,test,train
Tungro/TUNGRO4_181.JPG,train,test,train,train,train,train,val,val,train,train
Tungro/TUNGRO4_182.JPG,train,test,train,train,val,train,train,val,train,train
Tungro/TUNGRO4_183.JPG,train,test,train,train,train,train,train,val,train,train
Tungro/TUNGRO4_184.JPG,train,test,train,train,train,train,train,val,train,train
Tungro/TUNGRO4_185.JPG,train,test,train,train,val,train,train,val,train,train
Tungro/TUNGRO4_186.JPG,train,test,train,train,train,train,train,val,train,train
Tungro/TUNGRO4_187.JPG,train,test,train,train,train,train,train,val,train,train
Tungro/TUNGRO4_188.JPG,val,test,train,train,train,train,train,val,test,train
Tungro/TUNGRO4_189.JPG,train,test,train,train,train,train,test,train,train,test
Tungro/TUNGRO4_190.JPG,train,test,val,train,train,train,train,train,train,test
Tungro/TUNGRO4_191.JPG,train,test,train,train,train,train,train,train,train,test
Tungro/TUNGRO4_192.JPG,train,test,train,train,train,train,train,train,test,test
Tungro/TUNGRO4_193.JPG,test,test,train,train,val,train,train,train,train,test
Tungro/TUNGRO4_194.JPG,test,test,val,train,train,train,train,train,train,test
Tungro/TUNGRO4_195.JPG,train,train,train,train,train,test,train,train,val,train
Tungro/TUNGRO4_196.JPG,val,train,train,train,train,test,test,train,train,train
Tungro/TUNGRO4_197.JPG,train,train,test,train,train,test,train,train,train,train
Tungro/TUNGRO4_198.JPG,test,train,train,train,train,test,train,train,train,train
Tungro/TUNGRO4_199.JPG,train,train,train,train,train,test,train,train,train,train
Tungro/TUNGRO4_200.JPG,test,train,train,train,train,test,train,train,test,train
Tungro/TUNGRO4_201.JPG,train,train,test,test,train,train,train,train,train,train
Tungro/TUNGRO4_202.JPG,train,train,train,test,test,train,train,train,train,train
Tungro/TUNGRO4_203.JPG,train,train,train,test,train,train,train,train,test,train
Tungro/TUNGRO4_204.JPG,test,train,val,test,train,train,train,train,train,train
Tungro/TUNGRO4_205.JPG,test,train,train,test,train,train,train,train,val,train
Tungro/TUNGRO4_206.JPG,val,train,train,test,train,train,train,train,val,train
Tungro/TUNGRO4_207.JPG,val,train,test,train,val,train,train,val,train,train
Tungro/TUNGRO4_208.JPG,train,train,train,train,val,train,train,val,train,train
Tungro/TUNGRO4_209.JPG,train,train,test,train,test,train,train,val,train,train
Tungro/TUNGRO4_210.JPG,train,train,train,train,test,train,train,val,test,train
Tungro/TUNGRO4_211.JPG,train,train,train,train,val,train,val,val,val,train
Tungro/TUNGRO4_212.JPG,train,train,test,train,train,train,train,val,test,train
Tungro/TUNGRO4_213.JPG,train,train,train,train,train,train,train,train,train,train
Tungro/TUNGRO4_214.JPG,train,train,train,train,train,train,val,train,train,train
Tungro/TUNGRO4_215.JPG,train,train,train,train,test,train,train,train,train,train
Tungro/TUNGRO4_216.JPG,test,train,train,train,test,train,val,train,train,train
Tungro/TUNGRO4_217.JPG,test,train,val,train,val,train,train,train,test,train
Tungro/TUNGRO4_218.JPG,test,train,test,train,val,train,train,train,train,train
Tungro/TUNGRO4_219.JPG,train,train,test,train,train,train,train,train,train,train
Tungro/TUNGRO4_220.JPG,train,train,val,train,val,train,train,train,test,train
Tungro/TUNGRO4_221.JPG,train,train,train,train,train,train,test,train,train,train
Tungro/TUNGRO4_222.JPG,train,train,train,train,train,train,train,train,train,train
Tungro/TUNGRO4_223.JPG,train,train,test,train,train,train,train,train,train,train
Tungro/TUNGRO4_224.JPG,train,train,train,train,train,train,test,train,train,train
Tungro/TUNGRO4_225.JPG,train,train,train,train,test,train,train,train,test,train
Tungro/TUNGRO4_226.JPG,train,train,test,train,train,train,train,train,val,train
Tungro/TUNGRO4_227.JPG,test,train,test,train,train,train,train,train,train,train
Tungro/TUNGRO4_228.JPG,test,train,train,train,val,train,train,train,train,train
Tungro/TUNGRO4_229.JPG,train,train,train,train,val,train,val,train,train,train
Tungro/TUNGRO4_230.JPG,train,train,train,train,test,train,train,train,train,train
Tungro/TUNGRO4_231.JPG,test,train,train,train,train,train,train,train,train,train
Tungro/TUNGRO4_232.JPG,val,train,train,train,train,train,train,train,train,train
Tungro/TUNGRO4_233.JPG,train,train,train,train,train,train,val,train,train,train
Tungro/TUNGRO4_234.JPG,val,train,train,train,val,train,train,train,train,train
Tungro/TUNGRO4_235.JPG,train,train,train,train,train,train,train,train,val,train
Tungro/TUNGRO4_236.JPG,train,train,train,val,train,train,train,train,train,train
Tungro/TUNGRO4_237.JPG,train,train,train,val,train,train,train,train,train,train
Tungro/TUNGRO4_238.JPG,train,train,train,val,test,train,train,train,train,train
Tungro/TUNGRO4_239.JPG,test,train,test,val,train,train,test,train,train,train
Tungro/TUNGRO4_240.JPG,train,train,train,val,train,train,train,train,val,train
Tungro/TUNGRO4_241.JPG,train,train,train,test,train,test,train,train,train,val
Tungro/TUNGRO4_242.JPG,train,train,train,test,train,test,train,train,train,val
Tungro/TUNGRO4_243.JPG,train,train,train,test,val,test,train,train,train,val
Tungro/TUNGRO4_244.JPG,test,train,train,test,train,test,test,train,train,val
Tungro/TUNGRO4_245.JPG,test,train,train,test,train,test,test,train,train,val
Tungro/TUNGRO4_246.JPG,train,train,test,test,train,test,train,train,train,val
Tungro/TUNGRO4_247.JPG,test,train,train,test,train,test,train,train,test,val
Tungro/TUNGRO4_248.JPG,train,train,train,test,train,test,train,train,train,val
Tungro/TUNGRO4_249.JPG,train,train,train,test,val,test,test,train,train,val
Tungro/TUNGRO4_250.JPG,val,train,train,test,train,test,train,train,train,val
Tungro/TUNGRO4_251.JPG,train,test,train,test,train,val,test,train,train,test
Tungro/TUNGRO4_252.JPG,train,test,train,test,train,val,test,train,val,test
Tungro/TUNGRO4_253.JPG,train,test,train,test,test,val,train,train,val,test
Tungro/TUNGRO4_254.JPG,train,test,test,test,train,val,train,train,val,test
Tungro/TUNGRO4_255.JPG,train,test,train,test,train,val,train,train,train,test
Tungro/TUNGRO4_256.JPG,train,test,train,test,test,val,train,train,train,test
Tungro/TUNGRO4_257.JPG,test,test,test,train,val,test,train,train,train,test
Tungro/TUNGRO4_258.JPG,train,test,train,train,train,test,val,train,test,test
Tungro/TUNGRO4_259.JPG,train,test,train,train,train,test,train,train,train,test
Tungro/TUNGRO4_260.JPG,val,test,train,train,train,test,test,train,train,test
Tungro/TUNGRO4_261.JPG,test,test,train,train,train,test,train,train,train,test
Tungro/TUNGRO4_262.JPG,train,test,val,train,train,test,train,train,val,test
Tungro/TUNGRO4_263.JPG,train,test,test,train,train,test,val,train,train,test
Tungro/TUNGRO4_264.JPG,val,test,train,train,test,test,test,train,train,test
Tungro/TUNGRO4_265.JPG,val,test,test,train,train,test,train,train,train,test
Tungro/TUNGRO4_266.JPG,train,test,train,train,train,test,test,train,test,test
Tungro/TUNGRO4_267.JPG,train,test,train,train,test,test,test,train,train,test
Tungro/TUNGRO4_268.JPG,val,test,train,train,train,test,val,train,train,test
Tungro/TUNGRO4_269.JPG,val,test,train,train,test,test,test,train,train,test
Tungro/TUNGRO4_270.JPG,train,test,test,train,val,test,train,train,test,test
Tungro/TUNGRO4_271.JPG,train,train,train,train,train,train,train,test,train,train
Tungro/TUNGRO4_272.JPG,train,train,train,train,train,train,train,test,test,train
Tungro/TUNGRO4_273.JPG,test,train,test,train,val,train,train,test,train,train
Tungro/TUNGRO4_274.JPG,test,train,train,train,train,train,train,test,val,train
Tungro/TUNGRO4_275.JPG,train,train,test,train,train,train,train,test,train,train
Tungro/TUNGRO4_276.JPG,train,train,train,train,test,train,train,test,train,train
Tungro/TUNGRO4_277.JPG,train,train,test,train,test,train,train,test,val,train
Tungro/TUNGRO5_1.jpg,train,train,val,test,train,test,train,train,train,train
Tungro/TUNGRO5_10.jpg,val,test,train,val,train,test,train,test,train,train
Tungro/TUNGRO5_100.JPG,test,train,train,train,train,train,train,test,train,train
Tungro/TUNGRO5_101.jpg,train,test,train,train,test,test,train,train,train,train
Tungro/TUNGRO5_102.jpg,test,train,test,test,train,test,val,train,train,train
Tungro/TUNGRO5_103.jpg,test,val,train,val,train,val,train,train,train,val
Tungro/TUNGRO5_104.jpg,test,val,train,val,train,val,train,train,train,val
Tungro/TUNGRO5_105.jpg,val,train,val,train,train,val,train,train,test,train
Tungro/TUNGRO5_106.jpg,train,train,val,train,train,val,train,train,train,train
Tungro/TUNGRO5_107.jpg,train,train,train,train,val,train,train,train,test,test
Tungro/TUNGRO5_108.jpg,train,train,train,train,val,train,train,train,train,test
Tungro/TUNGRO5_109.jpg,train,test,train,train,val,train,test,test,train,train
Tungro/TUNGRO5_11.jpg,train,test,train,train,train,train,train,train,train,test
Tungro/TUNGRO5_110.jpg,train,train,train,train,train,train,test,test,test,val
Tungro/TUNGRO5_111.jpg,train,train,train,train,train,test,val,test,val,test
Tungro/TUNGRO5_112.jpg,test,train,train,train,train,test,test,test,train,test
Tungro/TUNGRO5_113.jpg,test,test,train,train,test,test,train,val,val,train
Tungro/TUNGRO5_114.jpg,train,train,train,test,train,train,train,train,val,train
Tungro/TUNGRO5_115.jpg,train,train,train,train,train,train,train,train,train,train
Tungro/TUNGRO5_116.jpg,val,train,train,train,train,train,train,train,train,train
Tungro/TUNGRO5_117.JPG,test,train,test,test,train,train,train,train,train,train
Tungro/TUNGRO5_118.JPG,test,train,train,test,train,train,val,train,train,train
Tungro/TUNGRO5_119.JPG,train,train,test,train,train,val,train,val,train,test
Tungro/TUNGRO5_12.jpg,train,train,train,val,test,train,train,test,train,train
Tungro/TUNGRO5_120.JPG,train,test,val,train,test,train,train,train,test,train
Tungro/TUNGRO5_121.JPG,train,train,train,train,train,test,train,train,train,train
Tungro/TUNGRO5_122.JPG,train,train,test,train,train,train,train,train,test,test
Tungro/TUNGRO5_123.JPG,test,train,test,train,train,train,train,train,train,test
Tungro/TUNGRO5_124.JPG,test,train,train,val,test,test,test,test,train,train
Tungro/TUNGRO5_125.JPG,train,train,train,train,train,train,train,train,train,train
Tungro/TUNGRO5_126.JPG,test,train,test,train,train,train,train,train,train,train
Tungro/TUNGRO5_127.JPG,train,train,train,val,train,train,train,val,train,train
Tungro/TUNGRO5_128.JPG,test,train,test,val,test,train,val,val,test,train
Tungro/TUNGRO5_129.JPG,train,val,train,train,train,train,train,train,train,train
Tungro/TUNGRO5_13.jpg,train,train,train,train,val,train,train,val,train,test
Tungro/TUNGRO5_130.JPG,train,train,train,train,train,train,train,train,train,train
Tungro/TUNGRO5_131.JPG,train,train,val,train,train,train,test,train,val,train
Tungro/TUNGRO5_132.JPG,train,train,train,val,test,test,val,test,test,train
Tungro/TUNGRO5_133.JPG,train,train,train,train,train,train,test,train,train,test
Tungro/TUNGRO5_134.JPG,train,train,test,train,train,train,train,train,val,test
Tungro/TUNGRO5_135.JPG,test,train,train,train,train,train,val,train,train,train
Tungro/TUNGRO5_136.JPG,train,train,train,train,train,train,train,train,train,train
Tungro/TUNGRO5_137.JPG,train,train,train,test,train,test,train,train,test,val
Tungro/TUNGRO5_138.JPG,test,train,test,test,val,test,test,train,train,val
Tungro/TUNGRO5_139.JPG,test,test,train,test,train,train,train,train,train,train
Tungro/TUNGRO5_14.jpg,test,train,train,test,train,train,train,val,test,train
Tungro/TUNGRO5_140.JPG,test,test,val,test,train,train,train,train,train,train
Tungro/TUNGRO5_141.JPG,train,train,train,val,train,val,train,test,train,train
Tungro/TUNGRO5_142.JPG,test,train,train,val,test,val,train,test,train,train
Tungro/TUNGRO5_143.JPG,test,train,train,train,train,train,val,train,test,train
Tungro/TUNGRO5_144.JPG,test,train,train,train,test,train,test,train,train,train
Tungro/TUNGRO5_145.JPG,train,train,train,val,val,train,test,train,train,test
Tungro/TUNGRO5_146.JPG,train,train,test,val,train,train,train,train,train,test
Tungro/TUNGRO5_147.JPG,train,test,test,test,test,test,train,train,train,train
Tungro/TUNGRO5_148.JPG,train,test,train,test,train,test,train,train,val,train
Tungro/TUNGRO5_149.JPG,train,test,train,test,train,test,train,train,train,train
Tungro/TUNGRO5_15.jpg,test,test,train,test,train,train,test,train,val,train
Tungro/TUNGRO5_150.JPG,train,test,train,train,train,train,test,train,train,train
Tungro/TUNGRO5_151.jpg,test,train,train,train,train,train,train,train,train,train
Tungro/TUNGRO5_152.jpg,train,train,train,test,train,train,train,train,train,train
Tungro/TUNGRO5_153.jpg,train,train,val,train,train,train,train,train,val,train
Tungro/TUNGRO5_154.jpg,train,train,train,train,train,train,train,train,train,train
Tungro/TUNGRO5_155.jpg,train,train,train,train,train,test,train,test,train,train
Tungro/TUNGRO5_156.jpg,train,test,train,train,train,val,train,train,test,train
Tungro/TUNGRO5_157.jpg,train,train,train,train,train,test,train,train,train,train
Tungro/TUNGRO5_158.jpg,train,train,train,train,val,test,val,train,val,train
Tungro/TUNGRO5_159.jpg,test,train,train,train,train,train,train,train,train,train
Tungro/TUNGRO5_16.jpg,train,test,test,train,test,train,train,train,test,test
Tungro/TUNGRO5_160.jpg,train,train,test,train,train,train,train,train,val,train
Tungro/TUNGRO5_161.jpg,val,train,train,train,test,test,test,train,test,train
Tungro/TUNGRO5_162.jpg,train,train,train,train,train,test,val,test,val,test
Tungro/TUNGRO5_163.jpg,train,train,train,train,test,train,train,train,val,train
Tungro/TUNGRO5_164.jpg,train,train,train,train,train,train,train,train,train,train
Tungro/TUNGRO5_165.jpg,val,train,val,test,test,train,train,train,test,train
Tungro/TUNGRO5_166.jpg,train,train,test,test,val,train,test,train,train,train
Tungro/TUNGRO5_167.JPG,train,train,train,train,train,train,val,train,train,train
Tungro/TUNGRO5_168.JPG,train,train,train,train,test,train,train,train,val,train
Tungro/TUNGRO5_169.JPG,train,train,train,val,train,train,train,test,train,test
Tungro/TUNGRO5_17.JPG,train,train,train,test,train,train,train,train,train,train
Tungro/TUNGRO5_170.JPG,train,train,test,val,val,train,val,test,test,test
Tungro/TUNGRO5_171.JPG,train,train,train,train,train,test,train,test,train,test
Tungro/TUNGRO5_172.JPG,train,train,train,train,train,test,test,test,test,test
Tungro/TUNGRO5_173.JPG,train,test,train,train,val,val,test,train,train,train
Tungro/TUNGRO5_174.JPG,train,test,train,train,train,val,val,train,train,train
Tungro/TUNGRO5_175.JPG,train,test,test,train,val,train,train,train,train,train
Tungro/TUNGRO5_176.JPG,train,test,val,train,train,train,train,train,test,train
Tungro/TUNGRO5_177.JPG,test,train,train,train,val,train,train,val,train,train
Tungro/TUNGRO5_178.JPG,train,train,test,train,train,train,train,val,test,train
Tungro/TUNGRO5_179.JPG,train,train,val,train,test,train,train,train,train,val
Tungro/TUNGRO5_18.JPG,test,train,train,train,train,val,test,val,train,test
Tungro/TUNGRO5_180.JPG,train,train,train,train,train,train,test,train,train,val
Tungro/TUNGRO5_181.JPG,val,val,train,train,val,train,val,train,val,val
Tungro/TUNGRO5_182.JPG,test,val,train,train,train,train,train,train,train,val
Tungro/TUNGRO5_183.JPG,train,test,train,train,test,train,val,val,train,train
Tungro/TUNGRO5_184.JPG,val,test,test,train,train,train,train,val,train,train
Tungro/TUNGRO5_185.JPG,train,train,test,train,train,train,test,val,train,train
Tungro/TUNGRO5_186.JPG,test,train,train,train,train,train,train,val,train,train
Tungro/TUNGRO5_187.JPG,train,test,test,train,test,train,train,train,train,train
Tungro/TUNGRO5_188.JPG,train,test,train,train,train,train,test,train,train,train
Tungro/TUNGRO5_189.JPG,val,train,train,train,train,train,train,train,train,train
Tungro/TUNGRO5_19.JPG,val,test,train,train,test,train,train,train,train,train
Tungro/TUNGRO5_190.JPG,test,train,train,train,train,train,train,train,train,train
Tungro/TUNGRO5_191.JPG,train,train,train,train,train,test,val,train,test,train
Tungro/TUNGRO5_192.JPG,test,train,test,train,train,test,train,train,train,train
Tungro/TUNGRO5_193.JPG,val,train,train,val,test,train,test,train,train,train
Tungro/TUNGRO5_194.JPG,test,train,train,train,train,train,train,train,train,train
Tungro/TUNGRO5_195.JPG,train,train,train,train,train,train,train,train,train,val
Tungro/TUNGRO5_196.JPG,test,train,train,train,train,train,train,train,train,val
Tungro/TUNGRO5_197.JPG,train,train,train,train,train,test,train,train,train,train
Tungro/TUNGRO5_198.JPG,val,train,train,train,train,test,val,train,train,train
Tungro/TUNGRO5_199.JPG,train,train,train,train,train,test,train,train,train,train
Tungro/TUNGRO5_2.jpg,train,train,train,test,train,test,train,train,train,train
Tungro/TUNGRO5_20.JPG,train,test,val,train,train,train,train,train,train,train
Tungro/TUNGRO5_200.JPG,test,train,train,train,test,test,train,train,val,train
Tungro/TUNGRO5_21.JPG,train,train,train,train,test,train,train,train,train,test
Tungro/TUNGRO5_22.JPG,train,train,train,train,train,train,test,train,train,test
Tungro/TUNGRO5_23.JPG,train,train,train,val,train,test,train,test,train,train
Tungro/TUNGRO5_24.JPG,train,train,test,val,train,test,train,test,train,train
Tungro/TUNGRO5_25.JPG,test,train,train,train,test,train,test,train,train,train
Tungro/TUNGRO5_26.JPG,train,train,train,test,train,train,train,test,train,train
Tungro/TUNGRO5_27.JPG,train,val,test,train,train,train,train,train,train,train
Tungro/TUNGRO5_28.JPG,train,val,train,train,train,train,train,train,train,train
Tungro/TUNGRO5_29.JPG,test,train,val,train,train,train,train,train,test,train
Tungro/TUNGRO5_3.jpg,val,train,test,test,train,train,train,train,train,val
Tungro/TUNGRO5_30.JPG,train,train,train,train,train,train,train,train,train,train
Tungro/TUNGRO5_31.JPG,train,train,train,val,train,test,train,test,val,train
Tungro/TUNGRO5_32.JPG,test,train,val,val,test,test,train,test,test,train
Tungro/TUNGRO5_33.JPG,train,train,val,train,test,train,train,train,train,test
Tungro/TUNGRO5_34.JPG,train,train,train,train,test,train,train,train,train,test
Tungro/TUNGRO5_35.JPG,train,train,train,train,train,test,test,train,train,train
Tungro/TUNGRO5_36.JPG,train,train,train,train,test,test,test,train,test,train
Tungro/TUNGRO5_37.JPG,val,train,train,train,val,val,val,val,train,test
Tungro/TUNGRO5_38.JPG,train,train,train,train,train,val,train,val,train,test
Tungro/TUNGRO5_39.JPG,val,test,train,test,train,train,train,train,train,train
Tungro/TUNGRO5_4.jpg,train,test,test,train,val,test,train,train,train,train
Tungro/TUNGRO5_40.JPG,train,test,test,test,train,train,train,train,train,train
Tungro/TUNGRO5_41.JPG,train,train,train,val,train,val,train,test,train,train
Tungro/TUNGRO5_42.JPG,test,train,val,val,train,val,train,test,test,train
Tungro/TUNGRO5_43.JPG,train,train,train,val,test,train,train,train,train,test
Tungro/TUNGRO5_44.JPG,train,train,train,val,train,train,train,train,test,test
Tungro/TUNGRO5_45.JPG,train,train,test,val,test,val,test,test,train,val
Tungro/TUNGRO5_46.JPG,test,train,train,val,train,val,train,test,train,val
Tungro/TUNGRO5_47.JPG,test,test,val,test,test,test,test,train,train,train
Tungro/TUNGRO5_48.JPG,train,test,test,test,train,test,val,train,train,train
Tungro/TUNGRO5_49.JPG,train,test,val,train,train,train,train,train,train,train
Tungro/TUNGRO5_5.jpg,train,test,train,train,train,train,train,test,train,train
Tungro/TUNGRO5_50.JPG,train,test,train,train,train,train,val,train,train,train
Tungro/TUNGRO5_51.jpg,test,train,val,test,train,test,train,train,test,train
Tungro/TUNGRO5_52.jpg,train,train,train,test,train,test,train,train,train,train
Tungro/TUNGRO5_53.jpg,train,train,test,train,train,train,train,test,train,val
Tungro/TUNGRO5_54.jpg,train,train,test,train,train,train,train,test,test,val
Tungro/TUNGRO5_55.jpg,train,train,train,train,test,test,train,train,train,train
Tungro/TUNGRO5_56.jpg,train,test,train,test,train,val,train,test,train,test
Tungro/TUNGRO5_57.jpg,train,test,train,train,train,train,test,train,train,train
Tungro/TUNGRO5_58.jpg,train,train,train,test,train,train,train,train,train,test
Tungro/TUNGRO5_59.jpg,train,train,train,train,train,val,train,val,train,test
Tungro/TUNGRO5_6.jpg,train,train,train,val,test,train,test,train,val,train
Tungro/TUNGRO5_60.jpg,test,val,val,test,test,test,train,test,train,test
Tungro/TUNGRO5_61.jpg,train,train,test,train,train,test,train,test,train,test
Tungro/TUNGRO5_62.jpg,train,train,train,train,test,test,train,test,train,test
Tungro/TUNGRO5_63.jpg,train,train,train,train,train,test,val,train,train,test
Tungro/TUNGRO5_64.jpg,train,train,train,train,train,test,test,train,train,test
Tungro/TUNGRO5_65.jpg,train,train,train,test,train,train,train,train,train,train
Tungro/TUNGRO5_66.jpg,train,train,train,test,train,train,train,train,train,train
Tungro/TUNGRO5_67.JPG,val,train,test,train,train,train,test,train,train,train
Tungro/TUNGRO5_68.JPG,train,train,test,train,test,train,val,train,train,train
Tungro/TUNGRO5_69.JPG,test,train,test,val,train,val,train,train,test,train
Tungro/TUNGRO5_7.jpg,train,train,train,train,train,val,train,test,train,train
Tungro/TUNGRO5_70.JPG,test,train,train,val,train,val,val,train,train,train
Tungro/TUNGRO5_71.JPG,test,train,train,train,val,train,train,test,train,test
Tungro/TUNGRO5_72.JPG,val,train,train,train,train,train,train,test,train,test
Tungro/TUNGRO5_73.JPG,train,train,train,train,test,val,train,test,train,train
Tungro/TUNGRO5_74.JPG,test,train,train,train,train,val,train,test,train,train
Tungro/TUNGRO5_75.JPG,train,train,test,val,train,val,train,val,train,train
Tungro/TUNGRO5_76.JPG,train,train,test,val,train,val,train,val,train,train
Tungro/TUNGRO5_77.JPG,train,train,train,test,train,train,train,test,val,test
Tungro/TUNGRO5_78.JPG,train,val,train,train,test,train,train,train,test,train
Tungro/TUNGRO5_79.JPG,test,train,train,train,train,train,val,train,test,train
Tungro/TUNGRO5_8.jpg,train,train,test,train,test,train,train,val,train,train
Tungro/TUNGRO5_80.JPG,train,train,train,train,train,train,train,train,train,train
Tungro/TUNGRO5_81.JPG,val,test,train,train,train,train,test,test,train,train
Tungro/TUNGRO5_82.JPG,val,test,train,train,train,train,train,test,train,train
Tungro/TUNGRO5_83.JPG,train,test,train,train,val,train,test,val,test,train
Tungro/TUNGRO5_84.JPG,train,test,train,train,val,train,train,val,train,train
Tungro/TUNGRO5_85.JPG,train,train,train,train,val,test,train,train,train,train
Tungro/TUNGRO5_86.JPG,train,train,train,train,train,test,test,train,train,train
Tungro/TUNGRO5_87.JPG,train,train,train,test,train,train,train,train,train,train
Tungro/TUNGRO5_88.JPG,train,train,train,train,train,train,train,val,train,train
Tungro/TUNGRO5_89.JPG,train,train,val,train,val,train,test,train,train,train
Tungro/TUNGRO5_9.jpg,test,val,train,test,train,train,test,val,train,test
Tungro/TUNGRO5_90.JPG,test,train,train,train,test,train,train,train,train,train
Tungro/TUNGRO5_91.JPG,train,train,train,train,train,train,train,train,test,train
Tungro/TUNGRO5_92.JPG,train,train,train,train,train,train,val,train,train,train
Tungro/TUNGRO5_93.JPG,val,train,test,val,val,train,test,train,train,train
Tungro/TUNGRO5_94.JPG,train,train,val,val,train,train,train,train,test,train
Tungro/TUNGRO5_95.JPG,val,train,val,test,train,test,train,train,train,val
Tungro/TUNGRO5_96.JPG,train,test,val,test,train,val,val,train,test,test
Tungro/TUNGRO5_97.JPG,train,test,train,train,train,test,train,train,train,test
Tungro/TUNGRO5_98.JPG,train,test,train,train,train,test,test,train,train,test
Tungro/TUNGRO5_99.JPG,train,train,train,train,val,train,train,test,test,train
