path,class,group,group_size,nn_cosine
bacterial_leaf_blight\100023.jpg,bacterial_leaf_blight,10203,7466,0.9807
bacterial_leaf_blight\100049.jpg,bacterial_leaf_blight,10203,7466,0.9769
bacterial_leaf_blight\100126.jpg,bacterial_leaf_blight,10203,7466,0.9816
bacterial_leaf_blight\100133.jpg,bacterial_leaf_blight,10203,7466,1.0
bacterial_leaf_blight\100148.jpg,bacterial_leaf_blight,10203,7466,0.9858
bacterial_leaf_blight\100162.jpg,bacterial_leaf_blight,408,2,0.9604
bacterial_leaf_blight\100169.jpg,bacterial_leaf_blight,10203,7466,1.0
bacterial_leaf_blight\100234.jpg,bacterial_leaf_blight,10203,7466,0.9642
bacterial_leaf_blight\100248.jpg,bacterial_leaf_blight,10203,7466,0.9845
bacterial_leaf_blight\100268.jpg,bacterial_leaf_blight,10203,7466,0.9861
bacterial_leaf_blight\100289.jpg,bacterial_leaf_blight,10203,7466,0.9767
bacterial_leaf_blight\100330.jpg,bacterial_leaf_blight,10203,7466,0.9513
bacterial_leaf_blight\100365.jpg,bacterial_leaf_blight,10203,7466,0.977
bacterial_leaf_blight\100382.jpg,bacterial_leaf_blight,13,1,0.9449
bacterial_leaf_blight\100445.jpg,bacterial_leaf_blight,10203,7466,0.995
bacterial_leaf_blight\100447.jpg,bacterial_leaf_blight,10203,7466,0.995
bacterial_leaf_blight\100513.jpg,bacterial_leaf_blight,10203,7466,1.0
bacterial_leaf_blight\100516.jpg,bacterial_leaf_blight,10203,7466,0.9816
bacterial_leaf_blight\100523.jpg,bacterial_leaf_blight,10203,7466,0.9898
bacterial_leaf_blight\100541.jpg,bacterial_leaf_blight,10203,7466,0.9901
bacterial_leaf_blight\100542.jpg,bacterial_leaf_blight,10203,7466,0.9635
bacterial_leaf_blight\100548.jpg,bacterial_leaf_blight,21,1,0.9475
bacterial_leaf_blight\100582.jpg,bacterial_leaf_blight,10203,7466,0.9872
bacterial_leaf_blight\100622.jpg,bacterial_leaf_blight,178,2,0.9773
bacterial_leaf_blight\100623.jpg,bacterial_leaf_blight,10203,7466,0.9861
bacterial_leaf_blight\100632.jpg,bacterial_leaf_blight,25,1,0.9249
bacterial_leaf_blight\100635.jpg,bacterial_leaf_blight,10203,7466,1.0
bacterial_leaf_blight\100649.jpg,bacterial_leaf_blight,10203,7466,0.9759
bacterial_leaf_blight\100653.jpg,bacterial_leaf_blight,10203,7466,0.9854
bacterial_leaf_blight\100681.jpg,bacterial_leaf_blight,10203,7466,0.9857
bacterial_leaf_blight\100709.jpg,bacterial_leaf_blight,10203,7466,0.9698
bacterial_leaf_blight\100733.jpg,bacterial_leaf_blight,10203,7466,0.9701
bacterial_leaf_blight\100760.jpg,bacterial_leaf_blight,10203,7466,0.9872
bacterial_leaf_blight\100795.jpg,bacterial_leaf_blight,10203,7466,0.9544
bacterial_leaf_blight\100883.jpg,bacterial_leaf_blight,10203,7466,0.9783
bacterial_leaf_blight\100925.jpg,bacterial_leaf_blight,10203,7466,0.9813
bacterial_leaf_blight\100956.jpg,bacterial_leaf_blight,10203,7466,0.9867
bacterial_leaf_blight\100967.jpg,bacterial_leaf_blight,10203,7466,0.9758
bacterial_leaf_blight\100982.jpg,bacterial_leaf_blight,10203,7466,0.9857
bacterial_leaf_blight\100998.jpg,bacterial_leaf_blight,10203,7466,1.0
bacterial_leaf_blight\101004.jpg,bacterial_leaf_blight,10203,7466,0.9838
bacterial_leaf_blight\101013.jpg,bacterial_leaf_blight,10203,7466,0.9594
bacterial_leaf_blight\101169.jpg,bacterial_leaf_blight,10203,7466,0.9952
bacterial_leaf_blight\101173.jpg,bacterial_leaf_blight,10203,7466,1.0
bacterial_leaf_blight\101176.jpg,bacterial_leaf_blight,10203,7466,0.9864
bacterial_leaf_blight\101187.jpg,bacterial_leaf_blight,10203,7466,0.9833
bacterial_leaf_blight\101198.jpg,bacterial_leaf_blight,68,2,0.9586
bacterial_leaf_blight\101229.jpg,bacterial_leaf_blight,10203,7466,0.9788
bacterial_leaf_blight\101355.jpg,bacterial_leaf_blight,10203,7466,0.9659
bacterial_leaf_blight\101391.jpg,bacterial_leaf_blight,10203,7466,0.9609
bacterial_leaf_blight\101394.jpg,bacterial_leaf_blight,10203,7466,0.9759
bacterial_leaf_blight\101406.jpg,bacterial_leaf_blight,10203,7466,0.9924
bacterial_leaf_blight\101420.jpg,bacterial_leaf_blight,52,1,0.9349
bacterial_leaf_blight\101425.jpg,bacterial_leaf_blight,10203,7466,0.9872
bacterial_leaf_blight\101428.jpg,bacterial_leaf_blight,288,14,0.9838
bacterial_leaf_blight\101467.jpg,bacterial_leaf_blight,10203,7466,0.9873
bacterial_leaf_blight\101469.jpg,bacterial_leaf_blight,10203,7466,0.9898
bacterial_leaf_blight\101473.jpg,bacterial_leaf_blight,10203,7466,0.985
bacterial_leaf_blight\101485.jpg,bacterial_leaf_blight,299,2,0.967
bacterial_leaf_blight\101516.jpg,bacterial_leaf_blight,59,1,0.9044
bacterial_leaf_blight\101530.jpg,bacterial_leaf_blight,10203,7466,0.9857
bacterial_leaf_blight\101544.jpg,bacterial_leaf_blight,10203,7466,0.9836
bacterial_leaf_blight\101553.jpg,bacterial_leaf_blight,399,12,0.9793
bacterial_leaf_blight\101593.jpg,bacterial_leaf_blight,472,4,0.9931
bacterial_leaf_blight\101638.jpg,bacterial_leaf_blight,64,1,0.9397
bacterial_leaf_blight\101647.jpg,bacterial_leaf_blight,10203,7466,0.9769
bacterial_leaf_blight\101649.jpg,bacterial_leaf_blight,5813,8,0.9873
bacterial_leaf_blight\101652.jpg,bacterial_leaf_blight,10203,7466,0.9873
bacterial_leaf_blight\101658.jpg,bacterial_leaf_blight,68,2,0.9586
bacterial_leaf_blight\101659.jpg,bacterial_leaf_blight,10203,7466,0.9876
bacterial_leaf_blight\101676.jpg,bacterial_leaf_blight,10203,7466,0.9901
bacterial_leaf_blight\101702.jpg,bacterial_leaf_blight,466,5,0.9645
bacterial_leaf_blight\101718.jpg,bacterial_leaf_blight,10203,7466,0.9897
bacterial_leaf_blight\101731.jpg,bacterial_leaf_blight,10203,7466,0.9858
bacterial_leaf_blight\101761.jpg,bacterial_leaf_blight,10203,7466,0.99
bacterial_leaf_blight\101767.jpg,bacterial_leaf_blight,10203,7466,0.975
bacterial_leaf_blight\101768.jpg,bacterial_leaf_blight,10203,7466,0.9926
bacterial_leaf_blight\101780.jpg,bacterial_leaf_blight,10203,7466,0.976
bacterial_leaf_blight\101798.jpg,bacterial_leaf_blight,10203,7466,0.9854
bacterial_leaf_blight\101800.jpg,bacterial_leaf_blight,10203,7466,0.9807
bacterial_leaf_blight\101805.jpg,bacterial_leaf_blight,10203,7466,0.9797
bacterial_leaf_blight\101809.jpg,bacterial_leaf_blight,10203,7466,0.9805
bacterial_leaf_blight\101812.jpg,bacterial_leaf_blight,288,14,0.9739
bacterial_leaf_blight\101818.jpg,bacterial_leaf_blight,10203,7466,0.9835
bacterial_leaf_blight\101849.jpg,bacterial_leaf_blight,84,1,0.9337
bacterial_leaf_blight\101857.jpg,bacterial_leaf_blight,10203,7466,0.9856
bacterial_leaf_blight\101886.jpg,bacterial_leaf_blight,86,1,0.9493
bacterial_leaf_blight\101888.jpg,bacterial_leaf_blight,10203,7466,0.9885
bacterial_leaf_blight\101918.jpg,bacterial_leaf_blight,10203,7466,0.9773
bacterial_leaf_blight\101930.jpg,bacterial_leaf_blight,10203,7466,0.9921
bacterial_leaf_blight\101933.jpg,bacterial_leaf_blight,10203,7466,0.9806
bacterial_leaf_blight\101938.jpg,bacterial_leaf_blight,10203,7466,0.9857
bacterial_leaf_blight\101973.jpg,bacterial_leaf_blight,10203,7466,0.9769
bacterial_leaf_blight\101979.jpg,bacterial_leaf_blight,10203,7466,0.9726
bacterial_leaf_blight\101995.jpg,bacterial_leaf_blight,10203,7466,0.988
bacterial_leaf_blight\102038.jpg,bacterial_leaf_blight,10203,7466,1.0
bacterial_leaf_blight\102062.jpg,bacterial_leaf_blight,96,1,0.949
bacterial_leaf_blight\102071.jpg,bacterial_leaf_blight,97,1,0.9397
bacterial_leaf_blight\102106.jpg,bacterial_leaf_blight,10203,7466,0.9579
bacterial_leaf_blight\102117.jpg,bacterial_leaf_blight,10203,7466,0.995
bacterial_leaf_blight\102119.jpg,bacterial_leaf_blight,158,4,0.9855
bacterial_leaf_blight\102127.jpg,bacterial_leaf_blight,10203,7466,0.9867
bacterial_leaf_blight\102128.jpg,bacterial_leaf_blight,10203,7466,0.9872
bacterial_leaf_blight\102130.jpg,bacterial_leaf_blight,464,3,0.9638
bacterial_leaf_blight\102166.jpg,bacterial_leaf_blight,10203,7466,0.9952
bacterial_leaf_blight\102167.jpg,bacterial_leaf_blight,10203,7466,0.9743
bacterial_leaf_blight\102190.jpg,bacterial_leaf_blight,10203,7466,0.9697
bacterial_leaf_blight\102206.jpg,bacterial_leaf_blight,10203,7466,0.9867
bacterial_leaf_blight\102238.jpg,bacterial_leaf_blight,10203,7466,0.9793
bacterial_leaf_blight\102259.jpg,bacterial_leaf_blight,10203,7466,0.9833
bacterial_leaf_blight\102314.jpg,bacterial_leaf_blight,10203,7466,0.9814
bacterial_leaf_blight\102323.jpg,bacterial_leaf_blight,10203,7466,0.9744
bacterial_leaf_blight\102338.jpg,bacterial_leaf_blight,10203,7466,0.9832
bacterial_leaf_blight\102353.jpg,bacterial_leaf_blight,10203,7466,1.0
bacterial_leaf_blight\102420.jpg,bacterial_leaf_blight,10203,7466,0.9828
bacterial_leaf_blight\102427.jpg,bacterial_leaf_blight,10203,7466,0.9725
bacterial_leaf_blight\102475.jpg,bacterial_leaf_blight,10203,7466,0.9868
bacterial_leaf_blight\102488.jpg,bacterial_leaf_blight,10203,7466,0.9728
bacterial_leaf_blight\102516.jpg,bacterial_leaf_blight,10203,7466,0.9787
bacterial_leaf_blight\102544.jpg,bacterial_leaf_blight,10203,7466,0.9813
bacterial_leaf_blight\102555.jpg,bacterial_leaf_blight,10203,7466,0.9823
bacterial_leaf_blight\102560.jpg,bacterial_leaf_blight,10203,7466,0.9823
bacterial_leaf_blight\102582.jpg,bacterial_leaf_blight,10203,7466,0.9517
bacterial_leaf_blight\102617.jpg,bacterial_leaf_blight,123,1,0.944
bacterial_leaf_blight\102639.jpg,bacterial_leaf_blight,124,1,0.8919
bacterial_leaf_blight\102648.jpg,bacterial_leaf_blight,125,1,0.935
bacterial_leaf_blight\102659.jpg,bacterial_leaf_blight,10203,7466,0.9954
bacterial_leaf_blight\102667.jpg,bacterial_leaf_blight,10203,7466,0.989
bacterial_leaf_blight\102726.jpg,bacterial_leaf_blight,10203,7466,0.9868
bacterial_leaf_blight\102738.jpg,bacterial_leaf_blight,10203,7466,0.9691
bacterial_leaf_blight\102773.jpg,bacterial_leaf_blight,10203,7466,0.9952
bacterial_leaf_blight\102817.jpg,bacterial_leaf_blight,5813,8,0.9842
bacterial_leaf_blight\102835.jpg,bacterial_leaf_blight,10203,7466,0.9841
bacterial_leaf_blight\102841.jpg,bacterial_leaf_blight,158,4,0.9822
bacterial_leaf_blight\102848.jpg,bacterial_leaf_blight,10203,7466,0.9642
bacterial_leaf_blight\102890.jpg,bacterial_leaf_blight,10203,7466,0.9582
bacterial_leaf_blight\102902.jpg,bacterial_leaf_blight,10203,7466,0.9873
bacterial_leaf_blight\102935.jpg,bacterial_leaf_blight,288,14,0.9881
bacterial_leaf_blight\102940.jpg,bacterial_leaf_blight,10203,7466,0.9958
bacterial_leaf_blight\102981.jpg,bacterial_leaf_blight,10203,7466,0.9872
bacterial_leaf_blight\103032.jpg,bacterial_leaf_blight,10203,7466,1.0
bacterial_leaf_blight\103033.jpg,bacterial_leaf_blight,10203,7466,0.9876
bacterial_leaf_blight\103048.jpg,bacterial_leaf_blight,10203,7466,0.9843
bacterial_leaf_blight\103051.jpg,bacterial_leaf_blight,10203,7466,0.9722
bacterial_leaf_blight\103056.jpg,bacterial_leaf_blight,399,12,0.9668
bacterial_leaf_blight\103070.jpg,bacterial_leaf_blight,10203,7466,0.9787
bacterial_leaf_blight\103097.jpg,bacterial_leaf_blight,158,4,0.9731
bacterial_leaf_blight\103107.jpg,bacterial_leaf_blight,10203,7466,0.9795
bacterial_leaf_blight\103127.jpg,bacterial_leaf_blight,5813,8,0.9873
bacterial_leaf_blight\103169.jpg,bacterial_leaf_blight,10203,7466,0.9585
bacterial_leaf_blight\103174.jpg,bacterial_leaf_blight,10203,7466,0.9754
bacterial_leaf_blight\103177.jpg,bacterial_leaf_blight,288,14,0.9737
bacterial_leaf_blight\103187.jpg,bacterial_leaf_blight,152,1,0.9493
bacterial_leaf_blight\103205.jpg,bacterial_leaf_blight,10203,7466,0.9861
bacterial_leaf_blight\103230.jpg,bacterial_leaf_blight,10203,7466,0.9918
bacterial_leaf_blight\103276.jpg,bacterial_leaf_blight,155,1,0.9437
bacterial_leaf_blight\103313.jpg,bacterial_leaf_blight,10203,7466,0.9923
bacterial_leaf_blight\103319.jpg,bacterial_leaf_blight,10203,7466,0.9844
bacterial_leaf_blight\103323.jpg,bacterial_leaf_blight,158,4,0.9855
bacterial_leaf_blight\103344.jpg,bacterial_leaf_blight,10203,7466,1.0
bacterial_leaf_blight\103355.jpg,bacterial_leaf_blight,10203,7466,0.9813
bacterial_leaf_blight\103357.jpg,bacterial_leaf_blight,10203,7466,0.9832
bacterial_leaf_blight\103380.jpg,bacterial_leaf_blight,10203,7466,0.9859
bacterial_leaf_blight\103389.jpg,bacterial_leaf_blight,10203,7466,0.9773
bacterial_leaf_blight\103392.jpg,bacterial_leaf_blight,10203,7466,0.9847
bacterial_leaf_blight\103435.jpg,bacterial_leaf_blight,10203,7466,0.983
bacterial_leaf_blight\103447.jpg,bacterial_leaf_blight,10203,7466,0.9811
bacterial_leaf_blight\103458.jpg,bacterial_leaf_blight,399,12,0.9732
bacterial_leaf_blight\103487.jpg,bacterial_leaf_blight,10203,7466,0.9716
bacterial_leaf_blight\103500.jpg,bacterial_leaf_blight,10203,7466,0.9857
bacterial_leaf_blight\103552.jpg,bacterial_leaf_blight,10203,7466,0.9923
bacterial_leaf_blight\103606.jpg,bacterial_leaf_blight,10203,7466,0.9858
bacterial_leaf_blight\103615.jpg,bacterial_leaf_blight,10203,7466,0.9952
bacterial_leaf_blight\103629.jpg,bacterial_leaf_blight,10203,7466,0.9804
bacterial_leaf_blight\103637.jpg,bacterial_leaf_blight,10203,7466,0.9875
bacterial_leaf_blight\103679.jpg,bacterial_leaf_blight,10203,7466,0.9834
bacterial_leaf_blight\103686.jpg,bacterial_leaf_blight,10203,7466,0.9954
bacterial_leaf_blight\103702.jpg,bacterial_leaf_blight,177,1,0.875
bacterial_leaf_blight\103734.jpg,bacterial_leaf_blight,178,2,0.9773
bacterial_leaf_blight\103839.jpg,bacterial_leaf_blight,288,14,0.9876
bacterial_leaf_blight\103920.jpg,bacterial_leaf_blight,10203,7466,0.983
bacterial_leaf_blight\103923.jpg,bacterial_leaf_blight,10203,7466,0.9818
bacterial_leaf_blight\104017.jpg,bacterial_leaf_blight,288,14,0.9888
bacterial_leaf_blight\104018.jpg,bacterial_leaf_blight,10203,7466,0.9842
bacterial_leaf_blight\104053.jpg,bacterial_leaf_blight,10203,7466,0.9868
bacterial_leaf_blight\104055.jpg,bacterial_leaf_blight,10203,7466,0.9773
bacterial_leaf_blight\104086.jpg,bacterial_leaf_blight,10203,7466,0.9877
bacterial_leaf_blight\104092.jpg,bacterial_leaf_blight,10203,7466,0.9774
bacterial_leaf_blight\104106.jpg,bacterial_leaf_blight,10203,7466,0.9819
bacterial_leaf_blight\104108.jpg,bacterial_leaf_blight,10203,7466,0.9755
bacterial_leaf_blight\104110.jpg,bacterial_leaf_blight,10203,7466,0.9527
bacterial_leaf_blight\104175.jpg,bacterial_leaf_blight,10203,7466,0.9572
bacterial_leaf_blight\104255.jpg,bacterial_leaf_blight,10203,7466,0.9851
bacterial_leaf_blight\104271.jpg,bacterial_leaf_blight,10203,7466,0.9921
bacterial_leaf_blight\104273.jpg,bacterial_leaf_blight,10203,7466,0.9864
bacterial_leaf_blight\104316.jpg,bacterial_leaf_blight,10203,7466,0.9824
bacterial_leaf_blight\104324.jpg,bacterial_leaf_blight,10203,7466,0.9781
bacterial_leaf_blight\104347.jpg,bacterial_leaf_blight,197,1,0.9461
bacterial_leaf_blight\104361.jpg,bacterial_leaf_blight,10203,7466,0.9864
bacterial_leaf_blight\104401.jpg,bacterial_leaf_blight,10203,7466,0.9841
bacterial_leaf_blight\104428.jpg,bacterial_leaf_blight,10203,7466,0.9871
bacterial_leaf_blight\104430.jpg,bacterial_leaf_blight,288,14,0.9888
bacterial_leaf_blight\104432.jpg,bacterial_leaf_blight,10203,7466,0.9743
bacterial_leaf_blight\104438.jpg,bacterial_leaf_blight,10203,7466,0.9856
bacterial_leaf_blight\104439.jpg,bacterial_leaf_blight,10203,7466,0.9834
bacterial_leaf_blight\104448.jpg,bacterial_leaf_blight,10203,7466,0.9815
bacterial_leaf_blight\104458.jpg,bacterial_leaf_blight,10203,7466,0.9864
bacterial_leaf_blight\104494.jpg,bacterial_leaf_blight,10203,7466,0.9855
bacterial_leaf_blight\104518.jpg,bacterial_leaf_blight,10203,7466,0.9949
bacterial_leaf_blight\104532.jpg,bacterial_leaf_blight,10203,7466,0.9855
bacterial_leaf_blight\104535.jpg,bacterial_leaf_blight,10203,7466,0.9793
bacterial_leaf_blight\104576.jpg,bacterial_leaf_blight,10203,7466,0.9763
bacterial_leaf_blight\104605.jpg,bacterial_leaf_blight,10203,7466,0.9626
bacterial_leaf_blight\104635.jpg,bacterial_leaf_blight,10203,7466,0.9875
bacterial_leaf_blight\104639.jpg,bacterial_leaf_blight,10203,7466,0.981
bacterial_leaf_blight\104657.jpg,bacterial_leaf_blight,10203,7466,0.9875
bacterial_leaf_blight\104690.jpg,bacterial_leaf_blight,10203,7466,0.9822
bacterial_leaf_blight\104691.jpg,bacterial_leaf_blight,10203,7466,0.9898
bacterial_leaf_blight\104697.jpg,bacterial_leaf_blight,10203,7466,0.9838
bacterial_leaf_blight\104702.jpg,bacterial_leaf_blight,476,6,0.9731
bacterial_leaf_blight\104704.jpg,bacterial_leaf_blight,10203,7466,0.9623
bacterial_leaf_blight\104732.jpg,bacterial_leaf_blight,10203,7466,0.9732
bacterial_leaf_blight\104751.jpg,bacterial_leaf_blight,399,12,0.9598
bacterial_leaf_blight\104752.jpg,bacterial_leaf_blight,10203,7466,0.9588
bacterial_leaf_blight\104776.jpg,bacterial_leaf_blight,10203,7466,0.9918
bacterial_leaf_blight\104778.jpg,bacterial_leaf_blight,10203,7466,0.9815
bacterial_leaf_blight\104799.jpg,bacterial_leaf_blight,10203,7466,0.9712
bacterial_leaf_blight\104800.jpg,bacterial_leaf_blight,10203,7466,1.0
bacterial_leaf_blight\104819.jpg,bacterial_leaf_blight,10203,7466,0.9847
bacterial_leaf_blight\104827.jpg,bacterial_leaf_blight,10203,7466,0.9819
bacterial_leaf_blight\104842.jpg,bacterial_leaf_blight,10203,7466,0.9833
bacterial_leaf_blight\104937.jpg,bacterial_leaf_blight,10203,7466,0.987
bacterial_leaf_blight\104942.jpg,bacterial_leaf_blight,10203,7466,0.9834
bacterial_leaf_blight\104975.jpg,bacterial_leaf_blight,10203,7466,0.9811
bacterial_leaf_blight\104997.jpg,bacterial_leaf_blight,10203,7466,0.9752
bacterial_leaf_blight\105008.jpg,bacterial_leaf_blight,10203,7466,0.9779
bacterial_leaf_blight\105014.jpg,bacterial_leaf_blight,10203,7466,0.9958
bacterial_leaf_blight\105031.jpg,bacterial_leaf_blight,10203,7466,0.978
bacterial_leaf_blight\105046.jpg,bacterial_leaf_blight,10203,7466,0.9713
bacterial_leaf_blight\105059.jpg,bacterial_leaf_blight,239,1,0.9431
bacterial_leaf_blight\105122.jpg,bacterial_leaf_blight,10203,7466,0.9871
bacterial_leaf_blight\105125.jpg,bacterial_leaf_blight,10203,7466,0.9541
bacterial_leaf_blight\105151.jpg,bacterial_leaf_blight,10203,7466,0.9814
bacterial_leaf_blight\105180.jpg,bacterial_leaf_blight,10203,7466,0.9917
bacterial_leaf_blight\105209.jpg,bacterial_leaf_blight,5813,8,0.9849
bacterial_leaf_blight\105236.jpg,bacterial_leaf_blight,10203,7466,0.9639
bacterial_leaf_blight\105239.jpg,bacterial_leaf_blight,10203,7466,0.9915
bacterial_leaf_blight\105250.jpg,bacterial_leaf_blight,10203,7466,0.9864
bacterial_leaf_blight\105255.jpg,bacterial_leaf_blight,10203,7466,0.9867
bacterial_leaf_blight\105272.jpg,bacterial_leaf_blight,10203,7466,0.9796
bacterial_leaf_blight\105273.jpg,bacterial_leaf_blight,476,6,0.974
bacterial_leaf_blight\105291.jpg,bacterial_leaf_blight,10203,7466,0.9928
bacterial_leaf_blight\105306.jpg,bacterial_leaf_blight,10203,7466,0.9768
bacterial_leaf_blight\105324.jpg,bacterial_leaf_blight,10203,7466,0.9654
bacterial_leaf_blight\105374.jpg,bacterial_leaf_blight,10203,7466,0.972
bacterial_leaf_blight\105416.jpg,bacterial_leaf_blight,10203,7466,0.9843
bacterial_leaf_blight\105426.jpg,bacterial_leaf_blight,10203,7466,0.9721
bacterial_leaf_blight\105429.jpg,bacterial_leaf_blight,10203,7466,0.9872
bacterial_leaf_blight\105443.jpg,bacterial_leaf_blight,10203,7466,0.9644
bacterial_leaf_blight\105477.jpg,bacterial_leaf_blight,10203,7466,0.9929
bacterial_leaf_blight\105486.jpg,bacterial_leaf_blight,10203,7466,0.9868
bacterial_leaf_blight\105521.jpg,bacterial_leaf_blight,5813,8,0.9809
bacterial_leaf_blight\105522.jpg,bacterial_leaf_blight,10203,7466,0.9847
bacterial_leaf_blight\105532.jpg,bacterial_leaf_blight,10203,7466,0.988
bacterial_leaf_blight\105544.jpg,bacterial_leaf_blight,10203,7466,0.9797
bacterial_leaf_blight\105561.jpg,bacterial_leaf_blight,265,1,0.9473
bacterial_leaf_blight\105570.jpg,bacterial_leaf_blight,10203,7466,0.9711
bacterial_leaf_blight\105623.jpg,bacterial_leaf_blight,10203,7466,0.9678
bacterial_leaf_blight\105648.jpg,bacterial_leaf_blight,268,1,0.9425
bacterial_leaf_blight\105662.jpg,bacterial_leaf_blight,10203,7466,0.9697
bacterial_leaf_blight\105675.jpg,bacterial_leaf_blight,10203,7466,0.9858
bacterial_leaf_blight\105677.jpg,bacterial_leaf_blight,10203,7466,0.9596
bacterial_leaf_blight\105794.jpg,bacterial_leaf_blight,10203,7466,0.9723
bacterial_leaf_blight\105823.jpg,bacterial_leaf_blight,10203,7466,0.9771
bacterial_leaf_blight\105851.jpg,bacterial_leaf_blight,10203,7466,0.9898
bacterial_leaf_blight\105852.jpg,bacterial_leaf_blight,10203,7466,0.9695
bacterial_leaf_blight\105857.jpg,bacterial_leaf_blight,276,1,0.8374
bacterial_leaf_blight\105878.jpg,bacterial_leaf_blight,10203,7466,1.0
bacterial_leaf_blight\105948.jpg,bacterial_leaf_blight,10203,7466,0.9815
bacterial_leaf_blight\105979.jpg,bacterial_leaf_blight,10203,7466,0.9722
bacterial_leaf_blight\105993.jpg,bacterial_leaf_blight,10203,7466,0.9639
bacterial_leaf_blight\106005.jpg,bacterial_leaf_blight,10203,7466,0.9836
bacterial_leaf_blight\106016.jpg,bacterial_leaf_blight,10203,7466,0.9786
bacterial_leaf_blight\106028.jpg,bacterial_leaf_blight,464,3,0.9686
bacterial_leaf_blight\106089.jpg,bacterial_leaf_blight,10203,7466,0.9921
bacterial_leaf_blight\106092.jpg,bacterial_leaf_blight,10203,7466,0.9867
bacterial_leaf_blight\106117.jpg,bacterial_leaf_blight,10203,7466,0.99
bacterial_leaf_blight\106141.jpg,bacterial_leaf_blight,10203,7466,0.987
bacterial_leaf_blight\106142.jpg,bacterial_leaf_blight,288,14,0.9609
bacterial_leaf_blight\106202.jpg,bacterial_leaf_blight,10203,7466,0.9873
bacterial_leaf_blight\106232.jpg,bacterial_leaf_blight,10203,7466,0.9921
bacterial_leaf_blight\106263.jpg,bacterial_leaf_blight,10203,7466,0.9811
bacterial_leaf_blight\106272.jpg,bacterial_leaf_blight,10203,7466,0.9728
bacterial_leaf_blight\106280.jpg,bacterial_leaf_blight,424,2,0.9664
bacterial_leaf_blight\106292.jpg,bacterial_leaf_blight,10203,7466,0.9888
bacterial_leaf_blight\106295.jpg,bacterial_leaf_blight,10203,7466,0.9759
bacterial_leaf_blight\106339.jpg,bacterial_leaf_blight,10203,7466,0.9873
bacterial_leaf_blight\106340.jpg,bacterial_leaf_blight,10203,7466,0.9867
bacterial_leaf_blight\106388.jpg,bacterial_leaf_blight,10203,7466,0.9798
bacterial_leaf_blight\106395.jpg,bacterial_leaf_blight,299,2,0.967
bacterial_leaf_blight\106413.jpg,bacterial_leaf_blight,10203,7466,0.9826
bacterial_leaf_blight\106419.jpg,bacterial_leaf_blight,288,14,0.9838
bacterial_leaf_blight\106510.jpg,bacterial_leaf_blight,10203,7466,0.9828
bacterial_leaf_blight\106514.jpg,bacterial_leaf_blight,10203,7466,0.9841
bacterial_leaf_blight\106539.jpg,bacterial_leaf_blight,10203,7466,0.966
bacterial_leaf_blight\106545.jpg,bacterial_leaf_blight,10203,7466,0.9743
bacterial_leaf_blight\106562.jpg,bacterial_leaf_blight,10203,7466,0.9914
bacterial_leaf_blight\106599.jpg,bacterial_leaf_blight,10203,7466,0.9872
bacterial_leaf_blight\106615.jpg,bacterial_leaf_blight,10203,7466,0.9806
bacterial_leaf_blight\106624.jpg,bacterial_leaf_blight,399,12,0.9861
bacterial_leaf_blight\106629.jpg,bacterial_leaf_blight,10203,7466,0.9918
bacterial_leaf_blight\106645.jpg,bacterial_leaf_blight,10203,7466,0.9673
bacterial_leaf_blight\106698.jpg,bacterial_leaf_blight,288,14,0.9881
bacterial_leaf_blight\106713.jpg,bacterial_leaf_blight,10203,7466,0.9934
bacterial_leaf_blight\106754.jpg,bacterial_leaf_blight,10203,7466,0.9834
bacterial_leaf_blight\106760.jpg,bacterial_leaf_blight,10203,7466,0.9861
bacterial_leaf_blight\106794.jpg,bacterial_leaf_blight,10203,7466,0.988
bacterial_leaf_blight\106811.jpg,bacterial_leaf_blight,10203,7466,0.9674
bacterial_leaf_blight\106812.jpg,bacterial_leaf_blight,10203,7466,0.9934
bacterial_leaf_blight\106853.jpg,bacterial_leaf_blight,288,14,0.9837
bacterial_leaf_blight\106861.jpg,bacterial_leaf_blight,10203,7466,0.9806
bacterial_leaf_blight\106916.jpg,bacterial_leaf_blight,10203,7466,0.9793
bacterial_leaf_blight\106934.jpg,bacterial_leaf_blight,10203,7466,0.9807
bacterial_leaf_blight\106938.jpg,bacterial_leaf_blight,10203,7466,0.9863
bacterial_leaf_blight\106949.jpg,bacterial_leaf_blight,10203,7466,0.9769
bacterial_leaf_blight\106964.jpg,bacterial_leaf_blight,399,12,0.9861
bacterial_leaf_blight\106984.jpg,bacterial_leaf_blight,10203,7466,1.0
bacterial_leaf_blight\107021.jpg,bacterial_leaf_blight,10203,7466,0.9785
bacterial_leaf_blight\107036.jpg,bacterial_leaf_blight,10203,7466,0.9826
bacterial_leaf_blight\107064.jpg,bacterial_leaf_blight,10203,7466,0.9854
bacterial_leaf_blight\107104.jpg,bacterial_leaf_blight,472,4,0.9931
bacterial_leaf_blight\107162.jpg,bacterial_leaf_blight,10203,7466,0.9871
bacterial_leaf_blight\107177.jpg,bacterial_leaf_blight,10203,7466,0.975
bacterial_leaf_blight\107178.jpg,bacterial_leaf_blight,10203,7466,0.9841
bacterial_leaf_blight\107246.jpg,bacterial_leaf_blight,476,6,0.9729
bacterial_leaf_blight\107251.jpg,bacterial_leaf_blight,10203,7466,0.9779
bacterial_leaf_blight\107254.jpg,bacterial_leaf_blight,10203,7466,0.9718
bacterial_leaf_blight\107274.jpg,bacterial_leaf_blight,10203,7466,0.9797
bacterial_leaf_blight\107284.jpg,bacterial_leaf_blight,10203,7466,0.9932
bacterial_leaf_blight\107296.jpg,bacterial_leaf_blight,10203,7466,0.9564
bacterial_leaf_blight\107326.jpg,bacterial_leaf_blight,10203,7466,0.9843
bacterial_leaf_blight\107423.jpg,bacterial_leaf_blight,10203,7466,0.9903
bacterial_leaf_blight\107466.jpg,bacterial_leaf_blight,10203,7466,0.9918
bacterial_leaf_blight\107472.jpg,bacterial_leaf_blight,10203,7466,0.9802
bacterial_leaf_blight\107474.jpg,bacterial_leaf_blight,10203,7466,0.9867
bacterial_leaf_blight\107493.jpg,bacterial_leaf_blight,10203,7466,0.9843
bacterial_leaf_blight\107532.jpg,bacterial_leaf_blight,10203,7466,0.9749
bacterial_leaf_blight\107533.jpg,bacterial_leaf_blight,10203,7466,0.9897
bacterial_leaf_blight\107547.jpg,bacterial_leaf_blight,10203,7466,0.9566
bacterial_leaf_blight\107592.jpg,bacterial_leaf_blight,10203,7466,0.9692
bacterial_leaf_blight\107594.jpg,bacterial_leaf_blight,10203,7466,0.9822
bacterial_leaf_blight\107617.jpg,bacterial_leaf_blight,10203,7466,0.9685
bacterial_leaf_blight\107619.jpg,bacterial_leaf_blight,466,5,0.975
bacterial_leaf_blight\107643.jpg,bacterial_leaf_blight,10203,7466,0.9765
bacterial_leaf_blight\107761.jpg,bacterial_leaf_blight,10203,7466,0.9535
bacterial_leaf_blight\107812.jpg,bacterial_leaf_blight,10203,7466,1.0
bacterial_leaf_blight\107829.jpg,bacterial_leaf_blight,10203,7466,0.9709
bacterial_leaf_blight\107844.jpg,bacterial_leaf_blight,10203,7466,0.982
bacterial_leaf_blight\107863.jpg,bacterial_leaf_blight,10203,7466,0.9867
bacterial_leaf_blight\107873.jpg,bacterial_leaf_blight,10203,7466,0.9689
bacterial_leaf_blight\107904.jpg,bacterial_leaf_blight,10203,7466,0.9802
bacterial_leaf_blight\107907.jpg,bacterial_leaf_blight,5813,8,0.9849
bacterial_leaf_blight\107928.jpg,bacterial_leaf_blight,10203,7466,0.9866
bacterial_leaf_blight\107979.jpg,bacterial_leaf_blight,10203,7466,0.9925
bacterial_leaf_blight\107998.jpg,bacterial_leaf_blight,10203,7466,0.9908
bacterial_leaf_blight\108005.jpg,bacterial_leaf_blight,10203,7466,0.9751
bacterial_leaf_blight\108018.jpg,bacterial_leaf_blight,288,14,0.9837
bacterial_leaf_blight\108039.jpg,bacterial_leaf_blight,10203,7466,0.9754
bacterial_leaf_blight\108046.jpg,bacterial_leaf_blight,10203,7466,0.9885
bacterial_leaf_blight\108056.jpg,bacterial_leaf_blight,10203,7466,0.9834
bacterial_leaf_blight\108078.jpg,bacterial_leaf_blight,10203,7466,0.9813
bacterial_leaf_blight\108102.jpg,bacterial_leaf_blight,288,14,0.9822
bacterial_leaf_blight\108117.jpg,bacterial_leaf_blight,10203,7466,0.9854
bacterial_leaf_blight\108125.jpg,bacterial_leaf_blight,10203,7466,1.0
bacterial_leaf_blight\108129.jpg,bacterial_leaf_blight,10203,7466,0.982
bacterial_leaf_blight\108150.jpg,bacterial_leaf_blight,10203,7466,0.9716
bacterial_leaf_blight\108183.jpg,bacterial_leaf_blight,10203,7466,0.9645
bacterial_leaf_blight\108199.jpg,bacterial_leaf_blight,10203,7466,0.9652
bacterial_leaf_blight\108231.jpg,bacterial_leaf_blight,10203,7466,0.9709
bacterial_leaf_blight\108257.jpg,bacterial_leaf_blight,399,12,0.9697
bacterial_leaf_blight\108265.jpg,bacterial_leaf_blight,10203,7466,0.9718
bacterial_leaf_blight\108320.jpg,bacterial_leaf_blight,10203,7466,0.9773
bacterial_leaf_blight\108340.jpg,bacterial_leaf_blight,10203,7466,0.9828
bacterial_leaf_blight\108353.jpg,bacterial_leaf_blight,10203,7466,1.0
bacterial_leaf_blight\108396.jpg,bacterial_leaf_blight,10203,7466,0.9915
bacterial_leaf_blight\108415.jpg,bacterial_leaf_blight,10203,7466,0.9683
bacterial_leaf_blight\108422.jpg,bacterial_leaf_blight,10203,7466,0.9924
bacterial_leaf_blight\108425.jpg,bacterial_leaf_blight,10203,7466,0.9858
bacterial_leaf_blight\108429.jpg,bacterial_leaf_blight,10203,7466,0.9599
bacterial_leaf_blight\108487.jpg,bacterial_leaf_blight,10203,7466,0.9724
bacterial_leaf_blight\108520.jpg,bacterial_leaf_blight,10203,7466,0.9823
bacterial_leaf_blight\108522.jpg,bacterial_leaf_blight,10203,7466,0.9762
bacterial_leaf_blight\108526.jpg,bacterial_leaf_blight,10203,7466,0.9716
bacterial_leaf_blight\108533.jpg,bacterial_leaf_blight,10203,7466,0.9829
bacterial_leaf_blight\108541.jpg,bacterial_leaf_blight,10203,7466,0.983
bacterial_leaf_blight\108552.jpg,bacterial_leaf_blight,10203,7466,0.9651
bacterial_leaf_blight\108631.jpg,bacterial_leaf_blight,396,1,0.8901
bacterial_leaf_blight\108668.jpg,bacterial_leaf_blight,10203,7466,0.9857
bacterial_leaf_blight\108673.jpg,bacterial_leaf_blight,10203,7466,0.975
bacterial_leaf_blight\108696.jpg,bacterial_leaf_blight,399,12,0.9668
bacterial_leaf_blight\108697.jpg,bacterial_leaf_blight,10203,7466,0.9835
bacterial_leaf_blight\108725.jpg,bacterial_leaf_blight,10203,7466,0.988
bacterial_leaf_blight\108748.jpg,bacterial_leaf_blight,10203,7466,0.975
bacterial_leaf_blight\108765.jpg,bacterial_leaf_blight,10203,7466,0.995
bacterial_leaf_blight\108796.jpg,bacterial_leaf_blight,10203,7466,0.9849
bacterial_leaf_blight\108817.jpg,bacterial_leaf_blight,10203,7466,0.9668
bacterial_leaf_blight\108828.jpg,bacterial_leaf_blight,399,12,0.9714
bacterial_leaf_blight\108844.jpg,bacterial_leaf_blight,399,12,0.9793
bacterial_leaf_blight\108855.jpg,bacterial_leaf_blight,408,2,0.9604
bacterial_leaf_blight\108868.jpg,bacterial_leaf_blight,10203,7466,0.9851
bacterial_leaf_blight\108876.jpg,bacterial_leaf_blight,10203,7466,0.9767
bacterial_leaf_blight\108883.jpg,bacterial_leaf_blight,476,6,0.9832
bacterial_leaf_blight\108884.jpg,bacterial_leaf_blight,412,1,0.9447
bacterial_leaf_blight\108929.jpg,bacterial_leaf_blight,10203,7466,0.985
bacterial_leaf_blight\108974.jpg,bacterial_leaf_blight,10203,7466,0.9853
bacterial_leaf_blight\108976.jpg,bacterial_leaf_blight,415,1,0.9348
bacterial_leaf_blight\109021.jpg,bacterial_leaf_blight,416,1,0.914
bacterial_leaf_blight\109067.jpg,bacterial_leaf_blight,10203,7466,0.9797
bacterial_leaf_blight\109115.jpg,bacterial_leaf_blight,10203,7466,0.9834
bacterial_leaf_blight\109121.jpg,bacterial_leaf_blight,10203,7466,0.9861
bacterial_leaf_blight\109173.jpg,bacterial_leaf_blight,10203,7466,0.9888
bacterial_leaf_blight\109196.jpg,bacterial_leaf_blight,10203,7466,0.9782
bacterial_leaf_blight\109214.jpg,bacterial_leaf_blight,288,14,0.9708
bacterial_leaf_blight\109219.jpg,bacterial_leaf_blight,423,1,0.935
bacterial_leaf_blight\109249.jpg,bacterial_leaf_blight,424,2,0.9664
bacterial_leaf_blight\109275.jpg,bacterial_leaf_blight,10203,7466,0.9926
bacterial_leaf_blight\109289.jpg,bacterial_leaf_blight,10203,7466,0.9919
bacterial_leaf_blight\109304.jpg,bacterial_leaf_blight,10203,7466,0.9828
bacterial_leaf_blight\109306.jpg,bacterial_leaf_blight,10203,7466,0.9871
bacterial_leaf_blight\109315.jpg,bacterial_leaf_blight,10203,7466,0.9845
bacterial_leaf_blight\109320.jpg,bacterial_leaf_blight,10203,7466,0.9867
bacterial_leaf_blight\109324.jpg,bacterial_leaf_blight,10203,7466,0.9872
bacterial_leaf_blight\109332.jpg,bacterial_leaf_blight,10203,7466,0.9644
bacterial_leaf_blight\109360.jpg,bacterial_leaf_blight,466,5,0.9689
bacterial_leaf_blight\109366.jpg,bacterial_leaf_blight,10203,7466,0.9652
bacterial_leaf_blight\109372.jpg,bacterial_leaf_blight,10203,7466,0.9814
bacterial_leaf_blight\109375.jpg,bacterial_leaf_blight,10203,7466,0.9853
bacterial_leaf_blight\109422.jpg,bacterial_leaf_blight,10203,7466,0.989
bacterial_leaf_blight\109428.jpg,bacterial_leaf_blight,10203,7466,0.9829
bacterial_leaf_blight\109440.jpg,bacterial_leaf_blight,10203,7466,0.9721
bacterial_leaf_blight\109441.jpg,bacterial_leaf_blight,476,6,0.9832
bacterial_leaf_blight\109460.jpg,bacterial_leaf_blight,10203,7466,0.9771
bacterial_leaf_blight\109514.jpg,bacterial_leaf_blight,10203,7466,0.9788
bacterial_leaf_blight\109520.jpg,bacterial_leaf_blight,10203,7466,0.9838
bacterial_leaf_blight\109588.jpg,bacterial_leaf_blight,466,5,0.975
bacterial_leaf_blight\109635.jpg,bacterial_leaf_blight,10203,7466,0.9877
bacterial_leaf_blight\109666.jpg,bacterial_leaf_blight,10203,7466,0.9842
bacterial_leaf_blight\109669.jpg,bacterial_leaf_blight,10203,7466,0.9773
bacterial_leaf_blight\109673.jpg,bacterial_leaf_blight,10203,7466,0.9814
bacterial_leaf_blight\109674.jpg,bacterial_leaf_blight,10203,7466,0.9654
bacterial_leaf_blight\109768.jpg,bacterial_leaf_blight,10203,7466,0.9773
bacterial_leaf_blight\109775.jpg,bacterial_leaf_blight,10203,7466,0.9702
bacterial_leaf_blight\109785.jpg,bacterial_leaf_blight,10203,7466,0.9867
bacterial_leaf_blight\109795.jpg,bacterial_leaf_blight,10203,7466,0.9921
bacterial_leaf_blight\109818.jpg,bacterial_leaf_blight,10203,7466,0.9928
bacterial_leaf_blight\109831.jpg,bacterial_leaf_blight,10203,7466,0.9929
bacterial_leaf_blight\109844.jpg,bacterial_leaf_blight,10203,7466,0.9811
bacterial_leaf_blight\109870.jpg,bacterial_leaf_blight,10203,7466,0.9744
bacterial_leaf_blight\109905.jpg,bacterial_leaf_blight,10203,7466,0.9625
bacterial_leaf_blight\109910.jpg,bacterial_leaf_blight,10203,7466,0.9836
bacterial_leaf_blight\109940.jpg,bacterial_leaf_blight,472,4,0.9705
bacterial_leaf_blight\109950.jpg,bacterial_leaf_blight,10203,7466,0.9746
bacterial_leaf_blight\109972.jpg,bacterial_leaf_blight,10203,7466,0.9829
bacterial_leaf_blight\109975.jpg,bacterial_leaf_blight,10203,7466,0.9726
bacterial_leaf_blight\109995.jpg,bacterial_leaf_blight,464,3,0.9686
bacterial_leaf_blight\110022.jpg,bacterial_leaf_blight,10203,7466,0.9826
bacterial_leaf_blight\110079.jpg,bacterial_leaf_blight,466,5,0.9553
bacterial_leaf_blight\110083.jpg,bacterial_leaf_blight,10203,7466,0.9826
bacterial_leaf_blight\110090.jpg,bacterial_leaf_blight,10203,7466,0.9899
bacterial_leaf_blight\110204.jpg,bacterial_leaf_blight,10203,7466,0.984
bacterial_leaf_blight\110213.jpg,bacterial_leaf_blight,470,1,0.8976
bacterial_leaf_blight\110234.jpg,bacterial_leaf_blight,10203,7466,0.9901
bacterial_leaf_blight\110277.jpg,bacterial_leaf_blight,472,4,0.9848
bacterial_leaf_blight\110292.jpg,bacterial_leaf_blight,10203,7466,0.9811
bacterial_leaf_blight\110315.jpg,bacterial_leaf_blight,10203,7466,0.9896
bacterial_leaf_blight\110320.jpg,bacterial_leaf_blight,10203,7466,0.9833
bacterial_leaf_blight\110382.jpg,bacterial_leaf_blight,476,6,0.974
bacterial_leaf_blight\110392.jpg,bacterial_leaf_blight,10203,7466,0.9932
bacterial_leaf_blight\110400.jpg,bacterial_leaf_blight,10203,7466,0.973
bacterial_leaf_streak\100042.jpg,bacterial_leaf_streak,6823,51,0.9699
bacterial_leaf_streak\100081.jpg,bacterial_leaf_streak,10203,7466,0.9868
bacterial_leaf_streak\100084.jpg,bacterial_leaf_streak,10203,7466,0.9942
bacterial_leaf_streak\100105.jpg,bacterial_leaf_streak,745,69,0.9959
bacterial_leaf_streak\100145.jpg,bacterial_leaf_streak,745,69,0.9933
bacterial_leaf_streak\100150.jpg,bacterial_leaf_streak,10203,7466,0.9876
bacterial_leaf_streak\100178.jpg,bacterial_leaf_streak,10203,7466,0.9803
bacterial_leaf_streak\100200.jpg,bacterial_leaf_streak,745,69,0.9891
bacterial_leaf_streak\100212.jpg,bacterial_leaf_streak,10203,7466,0.9823
bacterial_leaf_streak\100235.jpg,bacterial_leaf_streak,745,69,0.9857
bacterial_leaf_streak\100264.jpg,bacterial_leaf_streak,745,69,0.9825
bacterial_leaf_streak\100279.jpg,bacterial_leaf_streak,10203,7466,0.9745
bacterial_leaf_streak\100284.jpg,bacterial_leaf_streak,745,69,0.9924
bacterial_leaf_streak\100299.jpg,bacterial_leaf_streak,10203,7466,0.9876
bacterial_leaf_streak\100300.jpg,bacterial_leaf_streak,10203,7466,0.9836
bacterial_leaf_streak\100327.jpg,bacterial_leaf_streak,745,69,0.9927
bacterial_leaf_streak\100385.jpg,bacterial_leaf_streak,495,1,0.9086
bacterial_leaf_streak\100394.jpg,bacterial_leaf_streak,10203,7466,0.9536
bacterial_leaf_streak\100409.jpg,bacterial_leaf_streak,10203,7466,0.9737
bacterial_leaf_streak\100485.jpg,bacterial_leaf_streak,745,69,0.9895
bacterial_leaf_streak\100494.jpg,bacterial_leaf_streak,745,69,0.9871
bacterial_leaf_streak\100545.jpg,bacterial_leaf_streak,10203,7466,0.9876
bacterial_leaf_streak\100550.jpg,bacterial_leaf_streak,5749,15,0.9815
bacterial_leaf_streak\100552.jpg,bacterial_leaf_streak,6823,51,0.9783
bacterial_leaf_streak\100553.jpg,bacterial_leaf_streak,834,17,0.9597
bacterial_leaf_streak\100580.jpg,bacterial_leaf_streak,10203,7466,0.9734
bacterial_leaf_streak\100593.jpg,bacterial_leaf_streak,10203,7466,0.9653
bacterial_leaf_streak\100676.jpg,bacterial_leaf_streak,839,5,0.9621
bacterial_leaf_streak\100701.jpg,bacterial_leaf_streak,10203,7466,0.9875
bacterial_leaf_streak\100734.jpg,bacterial_leaf_streak,508,1,0.9487
bacterial_leaf_streak\100749.jpg,bacterial_leaf_streak,745,69,0.9934
bacterial_leaf_streak\100755.jpg,bacterial_leaf_streak,10203,7466,0.9799
bacterial_leaf_streak\100764.jpg,bacterial_leaf_streak,745,69,0.9929
bacterial_leaf_streak\100837.jpg,bacterial_leaf_streak,10203,7466,0.9831
bacterial_leaf_streak\100869.jpg,bacterial_leaf_streak,10203,7466,0.9831
bacterial_leaf_streak\100889.jpg,bacterial_leaf_streak,5749,15,0.9876
bacterial_leaf_streak\100923.jpg,bacterial_leaf_streak,745,69,0.9882
bacterial_leaf_streak\100951.jpg,bacterial_leaf_streak,5749,15,0.9798
bacterial_leaf_streak\100960.jpg,bacterial_leaf_streak,10203,7466,0.9949
bacterial_leaf_streak\100964.jpg,bacterial_leaf_streak,10203,7466,0.9913
bacterial_leaf_streak\100978.jpg,bacterial_leaf_streak,6823,51,0.981
bacterial_leaf_streak\101001.jpg,bacterial_leaf_streak,6823,51,0.9858
bacterial_leaf_streak\101012.jpg,bacterial_leaf_streak,10203,7466,0.9889
bacterial_leaf_streak\101023.jpg,bacterial_leaf_streak,834,17,0.9759
bacterial_leaf_streak\101047.jpg,bacterial_leaf_streak,10203,7466,0.9688
bacterial_leaf_streak\101104.jpg,bacterial_leaf_streak,524,1,0.9378
bacterial_leaf_streak\101122.jpg,bacterial_leaf_streak,10203,7466,0.972
bacterial_leaf_streak\101151.jpg,bacterial_leaf_streak,745,69,0.9914
bacterial_leaf_streak\101316.jpg,bacterial_leaf_streak,825,11,0.9718
bacterial_leaf_streak\101320.jpg,bacterial_leaf_streak,528,1,0.934
bacterial_leaf_streak\101388.jpg,bacterial_leaf_streak,10203,7466,0.9905
bacterial_leaf_streak\101422.jpg,bacterial_leaf_streak,10203,7466,0.9932
bacterial_leaf_streak\101461.jpg,bacterial_leaf_streak,6823,51,0.9822
bacterial_leaf_streak\101479.jpg,bacterial_leaf_streak,10203,7466,0.9642
bacterial_leaf_streak\101574.jpg,bacterial_leaf_streak,10203,7466,0.9859
bacterial_leaf_streak\101600.jpg,bacterial_leaf_streak,6823,51,0.9623
bacterial_leaf_streak\101611.jpg,bacterial_leaf_streak,535,1,0.8913
bacterial_leaf_streak\101619.jpg,bacterial_leaf_streak,10203,7466,0.9597
bacterial_leaf_streak\101631.jpg,bacterial_leaf_streak,745,69,0.997
bacterial_leaf_streak\101651.jpg,bacterial_leaf_streak,10203,7466,0.9683
bacterial_leaf_streak\101684.jpg,bacterial_leaf_streak,745,69,0.9908
bacterial_leaf_streak\101709.jpg,bacterial_leaf_streak,844,8,0.9786
bacterial_leaf_streak\101730.jpg,bacterial_leaf_streak,10203,7466,0.9769
bacterial_leaf_streak\101738.jpg,bacterial_leaf_streak,10203,7466,0.9612
bacterial_leaf_streak\101786.jpg,bacterial_leaf_streak,834,17,0.97
bacterial_leaf_streak\101806.jpg,bacterial_leaf_streak,834,17,0.9797
bacterial_leaf_streak\101816.jpg,bacterial_leaf_streak,10203,7466,0.975
bacterial_leaf_streak\101874.jpg,bacterial_leaf_streak,817,14,0.9667
bacterial_leaf_streak\101884.jpg,bacterial_leaf_streak,839,5,0.9798
bacterial_leaf_streak\101915.jpg,bacterial_leaf_streak,10203,7466,0.9908
bacterial_leaf_streak\101931.jpg,bacterial_leaf_streak,834,17,0.9759
bacterial_leaf_streak\101959.jpg,bacterial_leaf_streak,745,69,0.9825
bacterial_leaf_streak\102022.jpg,bacterial_leaf_streak,551,1,0.9474
bacterial_leaf_streak\102043.jpg,bacterial_leaf_streak,745,69,0.9888
bacterial_leaf_streak\102056.jpg,bacterial_leaf_streak,834,17,0.9689
bacterial_leaf_streak\102087.jpg,bacterial_leaf_streak,554,1,0.929
bacterial_leaf_streak\102088.jpg,bacterial_leaf_streak,10203,7466,0.9867
bacterial_leaf_streak\102137.jpg,bacterial_leaf_streak,6823,51,0.9942
bacterial_leaf_streak\102159.jpg,bacterial_leaf_streak,10203,7466,0.9782
bacterial_leaf_streak\102175.jpg,bacterial_leaf_streak,558,1,0.917
bacterial_leaf_streak\102290.jpg,bacterial_leaf_streak,817,14,0.9604
bacterial_leaf_streak\102295.jpg,bacterial_leaf_streak,10203,7466,0.9798
bacterial_leaf_streak\102325.jpg,bacterial_leaf_streak,10203,7466,0.983
bacterial_leaf_streak\102336.jpg,bacterial_leaf_streak,736,4,0.9816
bacterial_leaf_streak\102365.jpg,bacterial_leaf_streak,563,1,0.9437
bacterial_leaf_streak\102396.jpg,bacterial_leaf_streak,10203,7466,0.9833
bacterial_leaf_streak\102399.jpg,bacterial_leaf_streak,10203,7466,0.9772
bacterial_leaf_streak\102428.jpg,bacterial_leaf_streak,844,8,0.9849
bacterial_leaf_streak\102429.jpg,bacterial_leaf_streak,829,8,0.9857
bacterial_leaf_streak\102442.jpg,bacterial_leaf_streak,6823,51,0.9811
bacterial_leaf_streak\102462.jpg,bacterial_leaf_streak,10203,7466,0.9795
bacterial_leaf_streak\102545.jpg,bacterial_leaf_streak,745,69,0.9931
bacterial_leaf_streak\102608.jpg,bacterial_leaf_streak,6823,51,0.9817
bacterial_leaf_streak\102609.jpg,bacterial_leaf_streak,10203,7466,0.9785
bacterial_leaf_streak\102671.jpg,bacterial_leaf_streak,745,69,0.9886
bacterial_leaf_streak\102771.jpg,bacterial_leaf_streak,10203,7466,0.9852
bacterial_leaf_streak\102802.jpg,bacterial_leaf_streak,10203,7466,0.9821
bacterial_leaf_streak\102822.jpg,bacterial_leaf_streak,576,1,0.9381
bacterial_leaf_streak\102861.jpg,bacterial_leaf_streak,745,69,0.9872
bacterial_leaf_streak\102865.jpg,bacterial_leaf_streak,5749,15,0.9782
bacterial_leaf_streak\102893.jpg,bacterial_leaf_streak,844,8,0.9849
bacterial_leaf_streak\102911.jpg,bacterial_leaf_streak,10203,7466,0.9745
bacterial_leaf_streak\102947.jpg,bacterial_leaf_streak,10203,7466,0.9871
bacterial_leaf_streak\102954.jpg,bacterial_leaf_streak,10203,7466,0.9693
bacterial_leaf_streak\102957.jpg,bacterial_leaf_streak,6823,51,0.971
bacterial_leaf_streak\102984.jpg,bacterial_leaf_streak,10203,7466,0.9858
bacterial_leaf_streak\102996.jpg,bacterial_leaf_streak,6823,51,0.978
bacterial_leaf_streak\103030.jpg,bacterial_leaf_streak,586,1,0.9103
bacterial_leaf_streak\103054.jpg,bacterial_leaf_streak,829,8,0.9788
bacterial_leaf_streak\103060.jpg,bacterial_leaf_streak,10203,7466,0.9619
bacterial_leaf_streak\103079.jpg,bacterial_leaf_streak,10203,7466,0.9805
bacterial_leaf_streak\103138.jpg,bacterial_leaf_streak,10203,7466,0.9929
bacterial_leaf_streak\103217.jpg,bacterial_leaf_streak,6823,51,0.982
bacterial_leaf_streak\103273.jpg,bacterial_leaf_streak,745,69,0.9911
bacterial_leaf_streak\103275.jpg,bacterial_leaf_streak,6823,51,0.9942
bacterial_leaf_streak\103307.jpg,bacterial_leaf_streak,817,14,0.9667
bacterial_leaf_streak\103308.jpg,bacterial_leaf_streak,10203,7466,0.9861
bacterial_leaf_streak\103322.jpg,bacterial_leaf_streak,596,1,0.9495
bacterial_leaf_streak\103325.jpg,bacterial_leaf_streak,10203,7466,0.9865
bacterial_leaf_streak\103326.jpg,bacterial_leaf_streak,10203,7466,0.9853
bacterial_leaf_streak\103399.jpg,bacterial_leaf_streak,817,14,0.9604
bacterial_leaf_streak\103431.jpg,bacterial_leaf_streak,600,1,0.9449
bacterial_leaf_streak\103494.jpg,bacterial_leaf_streak,844,8,0.967
bacterial_leaf_streak\103519.jpg,bacterial_leaf_streak,602,1,0.9437
bacterial_leaf_streak\103563.jpg,bacterial_leaf_streak,844,8,0.967
bacterial_leaf_streak\103600.jpg,bacterial_leaf_streak,6823,51,0.9911
bacterial_leaf_streak\103617.jpg,bacterial_leaf_streak,10203,7466,0.9865
bacterial_leaf_streak\103634.jpg,bacterial_leaf_streak,745,69,0.9911
bacterial_leaf_streak\103671.jpg,bacterial_leaf_streak,10203,7466,0.9822
bacterial_leaf_streak\103674.jpg,bacterial_leaf_streak,825,11,0.963
bacterial_leaf_streak\103675.jpg,bacterial_leaf_streak,10203,7466,0.9797
bacterial_leaf_streak\103692.jpg,bacterial_leaf_streak,736,4,0.9828
bacterial_leaf_streak\103728.jpg,bacterial_leaf_streak,10203,7466,0.9852
bacterial_leaf_streak\103755.jpg,bacterial_leaf_streak,10203,7466,0.9604
bacterial_leaf_streak\103768.jpg,bacterial_leaf_streak,6823,51,0.9676
bacterial_leaf_streak\103791.jpg,bacterial_leaf_streak,829,8,0.9865
bacterial_leaf_streak\103793.jpg,bacterial_leaf_streak,10203,7466,0.9853
bacterial_leaf_streak\103805.jpg,bacterial_leaf_streak,825,11,0.9598
bacterial_leaf_streak\103821.jpg,bacterial_leaf_streak,10203,7466,0.9669
bacterial_leaf_streak\103843.jpg,bacterial_leaf_streak,825,11,0.9803
bacterial_leaf_streak\103845.jpg,bacterial_leaf_streak,10203,7466,0.9813
bacterial_leaf_streak\103874.jpg,bacterial_leaf_streak,10203,7466,0.9788
bacterial_leaf_streak\103928.jpg,bacterial_leaf_streak,621,1,0.9021
bacterial_leaf_streak\103981.jpg,bacterial_leaf_streak,10203,7466,0.9947
bacterial_leaf_streak\104005.jpg,bacterial_leaf_streak,745,69,0.9927
bacterial_leaf_streak\104015.jpg,bacterial_leaf_streak,745,69,0.9834
bacterial_leaf_streak\104020.jpg,bacterial_leaf_streak,825,11,0.9586
bacterial_leaf_streak\104032.jpg,bacterial_leaf_streak,768,2,0.9347
bacterial_leaf_streak\104068.jpg,bacterial_leaf_streak,10203,7466,0.9905
bacterial_leaf_streak\104070.jpg,bacterial_leaf_streak,10203,7466,0.9822
bacterial_leaf_streak\104096.jpg,bacterial_leaf_streak,10203,7466,0.9898
bacterial_leaf_streak\104135.jpg,bacterial_leaf_streak,10203,7466,0.9795
bacterial_leaf_streak\104181.jpg,bacterial_leaf_streak,10203,7466,0.9858
bacterial_leaf_streak\104232.jpg,bacterial_leaf_streak,632,1,0.944
bacterial_leaf_streak\104312.jpg,bacterial_leaf_streak,6823,51,0.9668
bacterial_leaf_streak\104321.jpg,bacterial_leaf_streak,745,69,0.9934
bacterial_leaf_streak\104372.jpg,bacterial_leaf_streak,10203,7466,0.9857
bacterial_leaf_streak\104385.jpg,bacterial_leaf_streak,10203,7466,0.9895
bacterial_leaf_streak\104389.jpg,bacterial_leaf_streak,5749,15,0.9782
bacterial_leaf_streak\104391.jpg,bacterial_leaf_streak,745,69,0.9894
bacterial_leaf_streak\104402.jpg,bacterial_leaf_streak,829,8,0.9597
bacterial_leaf_streak\104405.jpg,bacterial_leaf_streak,10203,7466,0.9895
bacterial_leaf_streak\104415.jpg,bacterial_leaf_streak,10203,7466,0.9774
bacterial_leaf_streak\104419.jpg,bacterial_leaf_streak,10203,7466,0.9892
bacterial_leaf_streak\104442.jpg,bacterial_leaf_streak,10203,7466,0.9743
bacterial_leaf_streak\104444.jpg,bacterial_leaf_streak,10203,7466,0.9769
bacterial_leaf_streak\104447.jpg,bacterial_leaf_streak,745,69,0.987
bacterial_leaf_streak\104461.jpg,bacterial_leaf_streak,745,69,0.9905
bacterial_leaf_streak\104479.jpg,bacterial_leaf_streak,745,69,0.9873
bacterial_leaf_streak\104487.jpg,bacterial_leaf_streak,745,69,0.9909
bacterial_leaf_streak\104510.jpg,bacterial_leaf_streak,844,8,0.9801
bacterial_leaf_streak\104530.jpg,bacterial_leaf_streak,745,69,0.9919
bacterial_leaf_streak\104563.jpg,bacterial_leaf_streak,6823,51,0.9755
bacterial_leaf_streak\104567.jpg,bacterial_leaf_streak,831,3,0.989
bacterial_leaf_streak\104582.jpg,bacterial_leaf_streak,745,69,0.9908
bacterial_leaf_streak\104590.jpg,bacterial_leaf_streak,10203,7466,0.9908
bacterial_leaf_streak\104620.jpg,bacterial_leaf_streak,745,69,0.9914
bacterial_leaf_streak\104621.jpg,bacterial_leaf_streak,817,14,0.9666
bacterial_leaf_streak\104622.jpg,bacterial_leaf_streak,10203,7466,0.9833
bacterial_leaf_streak\104724.jpg,bacterial_leaf_streak,745,69,0.9614
bacterial_leaf_streak\104726.jpg,bacterial_leaf_streak,5749,15,0.9844
bacterial_leaf_streak\104787.jpg,bacterial_leaf_streak,10203,7466,0.9809
bacterial_leaf_streak\104797.jpg,bacterial_leaf_streak,6823,51,0.8992
bacterial_leaf_streak\104808.jpg,bacterial_leaf_streak,839,5,0.9609
bacterial_leaf_streak\104809.jpg,bacterial_leaf_streak,663,1,0.9282
bacterial_leaf_streak\104872.jpg,bacterial_leaf_streak,664,1,0.939
bacterial_leaf_streak\104881.jpg,bacterial_leaf_streak,10203,7466,0.9836
bacterial_leaf_streak\104885.jpg,bacterial_leaf_streak,10203,7466,0.9866
bacterial_leaf_streak\104926.jpg,bacterial_leaf_streak,6823,51,0.982
bacterial_leaf_streak\104988.jpg,bacterial_leaf_streak,10203,7466,0.9823
bacterial_leaf_streak\104998.jpg,bacterial_leaf_streak,10203,7466,0.9929
bacterial_leaf_streak\105025.jpg,bacterial_leaf_streak,6823,51,0.9875
bacterial_leaf_streak\105027.jpg,bacterial_leaf_streak,10203,7466,0.9879
bacterial_leaf_streak\105069.jpg,bacterial_leaf_streak,6823,51,0.9798
bacterial_leaf_streak\105152.jpg,bacterial_leaf_streak,10203,7466,0.9831
bacterial_leaf_streak\105174.jpg,bacterial_leaf_streak,10203,7466,0.9603
bacterial_leaf_streak\105201.jpg,bacterial_leaf_streak,5749,15,0.9844
bacterial_leaf_streak\105219.jpg,bacterial_leaf_streak,745,69,0.9886
bacterial_leaf_streak\105221.jpg,bacterial_leaf_streak,10203,7466,0.9922
bacterial_leaf_streak\105224.jpg,bacterial_leaf_streak,10203,7466,0.9879
bacterial_leaf_streak\105230.jpg,bacterial_leaf_streak,6823,51,0.9584
bacterial_leaf_streak\105256.jpg,bacterial_leaf_streak,10203,7466,0.9879
bacterial_leaf_streak\105265.jpg,bacterial_leaf_streak,10203,7466,0.9817
bacterial_leaf_streak\105297.jpg,bacterial_leaf_streak,817,14,0.9641
bacterial_leaf_streak\105302.jpg,bacterial_leaf_streak,817,14,0.9634
bacterial_leaf_streak\105309.jpg,bacterial_leaf_streak,745,69,0.9895
bacterial_leaf_streak\105323.jpg,bacterial_leaf_streak,745,69,0.9857
bacterial_leaf_streak\105340.jpg,bacterial_leaf_streak,745,69,0.9813
bacterial_leaf_streak\105364.jpg,bacterial_leaf_streak,6823,51,0.9705
bacterial_leaf_streak\105378.jpg,bacterial_leaf_streak,829,8,0.9516
bacterial_leaf_streak\105386.jpg,bacterial_leaf_streak,6823,51,0.9858
bacterial_leaf_streak\105403.jpg,bacterial_leaf_streak,10203,7466,0.9921
bacterial_leaf_streak\105424.jpg,bacterial_leaf_streak,745,69,0.9844
bacterial_leaf_streak\105454.jpg,bacterial_leaf_streak,6823,51,0.9799
bacterial_leaf_streak\105457.jpg,bacterial_leaf_streak,745,69,0.997
bacterial_leaf_streak\105564.jpg,bacterial_leaf_streak,834,17,0.9642
bacterial_leaf_streak\105580.jpg,bacterial_leaf_streak,834,17,0.97
bacterial_leaf_streak\105584.jpg,bacterial_leaf_streak,834,17,0.9692
bacterial_leaf_streak\105588.jpg,bacterial_leaf_streak,10203,7466,0.9788
bacterial_leaf_streak\105589.jpg,bacterial_leaf_streak,745,69,0.9852
bacterial_leaf_streak\105591.jpg,bacterial_leaf_streak,10203,7466,0.9697
bacterial_leaf_streak\105603.jpg,bacterial_leaf_streak,834,17,0.9616
bacterial_leaf_streak\105635.jpg,bacterial_leaf_streak,10203,7466,0.9822
bacterial_leaf_streak\105684.jpg,bacterial_leaf_streak,745,69,0.9904
bacterial_leaf_streak\105707.jpg,bacterial_leaf_streak,10203,7466,0.969
bacterial_leaf_streak\105745.jpg,bacterial_leaf_streak,817,14,0.9644
bacterial_leaf_streak\105772.jpg,bacterial_leaf_streak,10203,7466,0.9769
bacterial_leaf_streak\105776.jpg,bacterial_leaf_streak,6823,51,0.9911
bacterial_leaf_streak\105815.jpg,bacterial_leaf_streak,831,3,0.9924
bacterial_leaf_streak\105828.jpg,bacterial_leaf_streak,745,69,0.9845
bacterial_leaf_streak\105850.jpg,bacterial_leaf_streak,10203,7466,0.9874
bacterial_leaf_streak\105894.jpg,bacterial_leaf_streak,10203,7466,0.9821
bacterial_leaf_streak\106019.jpg,bacterial_leaf_streak,745,69,0.9853
bacterial_leaf_streak\106054.jpg,bacterial_leaf_streak,10203,7466,0.9753
bacterial_leaf_streak\106055.jpg,bacterial_leaf_streak,10203,7466,0.9889
bacterial_leaf_streak\106095.jpg,bacterial_leaf_streak,5749,15,0.9826
bacterial_leaf_streak\106096.jpg,bacterial_leaf_streak,736,4,0.9819
bacterial_leaf_streak\106104.jpg,bacterial_leaf_streak,10203,7466,0.9885
bacterial_leaf_streak\106123.jpg,bacterial_leaf_streak,717,1,0.945
bacterial_leaf_streak\106131.jpg,bacterial_leaf_streak,718,1,0.8926
bacterial_leaf_streak\106225.jpg,bacterial_leaf_streak,10203,7466,0.9777
bacterial_leaf_streak\106378.jpg,bacterial_leaf_streak,10203,7466,0.9843
bacterial_leaf_streak\106379.jpg,bacterial_leaf_streak,745,69,0.99
bacterial_leaf_streak\106423.jpg,bacterial_leaf_streak,10203,7466,0.9623
bacterial_leaf_streak\106455.jpg,bacterial_leaf_streak,10203,7466,0.9726
bacterial_leaf_streak\106459.jpg,bacterial_leaf_streak,817,14,0.9622
bacterial_leaf_streak\106492.jpg,bacterial_leaf_streak,10203,7466,0.985
bacterial_leaf_streak\106496.jpg,bacterial_leaf_streak,6823,51,0.9875
bacterial_leaf_streak\106529.jpg,bacterial_leaf_streak,10203,7466,0.9603
bacterial_leaf_streak\106586.jpg,bacterial_leaf_streak,10203,7466,0.9512
bacterial_leaf_streak\106777.jpg,bacterial_leaf_streak,10203,7466,0.9744
bacterial_leaf_streak\106805.jpg,bacterial_leaf_streak,730,1,0.9411
bacterial_leaf_streak\106827.jpg,bacterial_leaf_streak,825,11,0.9718
bacterial_leaf_streak\106848.jpg,bacterial_leaf_streak,745,69,0.9965
bacterial_leaf_streak\106911.jpg,bacterial_leaf_streak,745,69,0.9919
bacterial_leaf_streak\106974.jpg,bacterial_leaf_streak,734,1,0.9411
bacterial_leaf_streak\107006.jpg,bacterial_leaf_streak,735,1,0.9329
bacterial_leaf_streak\107038.jpg,bacterial_leaf_streak,736,4,0.9828
bacterial_leaf_streak\107051.jpg,bacterial_leaf_streak,10203,7466,0.975
bacterial_leaf_streak\107084.jpg,bacterial_leaf_streak,745,69,0.9929
bacterial_leaf_streak\107113.jpg,bacterial_leaf_streak,834,17,0.9684
bacterial_leaf_streak\107150.jpg,bacterial_leaf_streak,745,69,0.9931
bacterial_leaf_streak\107179.jpg,bacterial_leaf_streak,10203,7466,0.9873
bacterial_leaf_streak\107200.jpg,bacterial_leaf_streak,10203,7466,0.9764
bacterial_leaf_streak\107219.jpg,bacterial_leaf_streak,743,1,0.9483
bacterial_leaf_streak\107224.jpg,bacterial_leaf_streak,6823,51,0.9798
bacterial_leaf_streak\107226.jpg,bacterial_leaf_streak,745,69,0.959
bacterial_leaf_streak\107278.jpg,bacterial_leaf_streak,844,8,0.9664
bacterial_leaf_streak\107305.jpg,bacterial_leaf_streak,745,69,0.9932
bacterial_leaf_streak\107328.jpg,bacterial_leaf_streak,10203,7466,0.9875
bacterial_leaf_streak\107334.jpg,bacterial_leaf_streak,10203,7466,0.983
bacterial_leaf_streak\107341.jpg,bacterial_leaf_streak,829,8,0.9873
bacterial_leaf_streak\107350.jpg,bacterial_leaf_streak,745,69,0.9932
bacterial_leaf_streak\107382.jpg,bacterial_leaf_streak,6823,51,0.971
bacterial_leaf_streak\107409.jpg,bacterial_leaf_streak,817,14,0.9656
bacterial_leaf_streak\107479.jpg,bacterial_leaf_streak,10203,7466,0.9858
bacterial_leaf_streak\107549.jpg,bacterial_leaf_streak,10203,7466,0.9871
bacterial_leaf_streak\107554.jpg,bacterial_leaf_streak,10203,7466,0.9786
bacterial_leaf_streak\107570.jpg,bacterial_leaf_streak,5749,15,0.9902
bacterial_leaf_streak\107630.jpg,bacterial_leaf_streak,10203,7466,0.977
bacterial_leaf_streak\107634.jpg,bacterial_leaf_streak,745,69,0.9751
bacterial_leaf_streak\107644.jpg,bacterial_leaf_streak,10203,7466,0.9858
bacterial_leaf_streak\107666.jpg,bacterial_leaf_streak,745,69,0.9908
bacterial_leaf_streak\107674.jpg,bacterial_leaf_streak,10203,7466,0.9768
bacterial_leaf_streak\107734.jpg,bacterial_leaf_streak,825,11,0.9692
bacterial_leaf_streak\107736.jpg,bacterial_leaf_streak,817,14,0.9666
bacterial_leaf_streak\107742.jpg,bacterial_leaf_streak,10203,7466,0.9733
bacterial_leaf_streak\107749.jpg,bacterial_leaf_streak,834,17,0.9619
bacterial_leaf_streak\107825.jpg,bacterial_leaf_streak,825,11,0.9803
bacterial_leaf_streak\107828.jpg,bacterial_leaf_streak,768,2,0.9498
bacterial_leaf_streak\107841.jpg,bacterial_leaf_streak,6823,51,0.9811
bacterial_leaf_streak\107892.jpg,bacterial_leaf_streak,10203,7466,0.9934
bacterial_leaf_streak\107912.jpg,bacterial_leaf_streak,745,69,0.9932
bacterial_leaf_streak\107925.jpg,bacterial_leaf_streak,6823,51,0.9728
bacterial_leaf_streak\107956.jpg,bacterial_leaf_streak,834,17,0.9642
bacterial_leaf_streak\107982.jpg,bacterial_leaf_streak,10203,7466,0.9934
bacterial_leaf_streak\107984.jpg,bacterial_leaf_streak,745,69,0.9919
bacterial_leaf_streak\108019.jpg,bacterial_leaf_streak,745,69,0.9894
bacterial_leaf_streak\108022.jpg,bacterial_leaf_streak,10203,7466,0.9923
bacterial_leaf_streak\108071.jpg,bacterial_leaf_streak,10203,7466,0.959
bacterial_leaf_streak\108076.jpg,bacterial_leaf_streak,10203,7466,0.9596
bacterial_leaf_streak\108089.jpg,bacterial_leaf_streak,10203,7466,0.9921
bacterial_leaf_streak\108241.jpg,bacterial_leaf_streak,10203,7466,0.9813
bacterial_leaf_streak\108246.jpg,bacterial_leaf_streak,10203,7466,0.9898
bacterial_leaf_streak\108249.jpg,bacterial_leaf_streak,745,69,0.9924
bacterial_leaf_streak\108253.jpg,bacterial_leaf_streak,745,69,0.9932
bacterial_leaf_streak\108304.jpg,bacterial_leaf_streak,745,69,0.9912
bacterial_leaf_streak\108321.jpg,bacterial_leaf_streak,10203,7466,0.9775
bacterial_leaf_streak\108329.jpg,bacterial_leaf_streak,10203,7466,0.9892
bacterial_leaf_streak\108342.jpg,bacterial_leaf_streak,10203,7466,0.9805
bacterial_leaf_streak\108347.jpg,bacterial_leaf_streak,10203,7466,0.9742
bacterial_leaf_streak\108370.jpg,bacterial_leaf_streak,745,69,0.9882
bacterial_leaf_streak\108466.jpg,bacterial_leaf_streak,834,17,0.9797
bacterial_leaf_streak\108477.jpg,bacterial_leaf_streak,10203,7466,0.9853
bacterial_leaf_streak\108482.jpg,bacterial_leaf_streak,10203,7466,0.9845
bacterial_leaf_streak\108486.jpg,bacterial_leaf_streak,10203,7466,0.9821
bacterial_leaf_streak\108577.jpg,bacterial_leaf_streak,10203,7466,0.9743
bacterial_leaf_streak\108603.jpg,bacterial_leaf_streak,10203,7466,0.9742
bacterial_leaf_streak\108656.jpg,bacterial_leaf_streak,10203,7466,0.9604
bacterial_leaf_streak\108674.jpg,bacterial_leaf_streak,10203,7466,0.9697
bacterial_leaf_streak\108793.jpg,bacterial_leaf_streak,829,8,0.9866
bacterial_leaf_streak\108861.jpg,bacterial_leaf_streak,817,14,0.9582
bacterial_leaf_streak\108864.jpg,bacterial_leaf_streak,6823,51,0.9822
bacterial_leaf_streak\108907.jpg,bacterial_leaf_streak,10203,7466,0.9763
bacterial_leaf_streak\108944.jpg,bacterial_leaf_streak,6823,51,0.9803
bacterial_leaf_streak\108946.jpg,bacterial_leaf_streak,10203,7466,0.9852
bacterial_leaf_streak\108960.jpg,bacterial_leaf_streak,817,14,0.9644
bacterial_leaf_streak\109008.jpg,bacterial_leaf_streak,10203,7466,0.9728
bacterial_leaf_streak\109040.jpg,bacterial_leaf_streak,10203,7466,0.9805
bacterial_leaf_streak\109045.jpg,bacterial_leaf_streak,10203,7466,0.9637
bacterial_leaf_streak\109065.jpg,bacterial_leaf_streak,10203,7466,0.9579
bacterial_leaf_streak\109091.jpg,bacterial_leaf_streak,825,11,0.9636
bacterial_leaf_streak\109106.jpg,bacterial_leaf_streak,10203,7466,0.9789
bacterial_leaf_streak\109138.jpg,bacterial_leaf_streak,812,1,0.9448
bacterial_leaf_streak\109186.jpg,bacterial_leaf_streak,813,1,0.9434
bacterial_leaf_streak\109191.jpg,bacterial_leaf_streak,839,5,0.9798
bacterial_leaf_streak\109210.jpg,bacterial_leaf_streak,10203,7466,0.9575
bacterial_leaf_streak\109233.jpg,bacterial_leaf_streak,10203,7466,0.9827
bacterial_leaf_streak\109234.jpg,bacterial_leaf_streak,817,14,0.9623
bacterial_leaf_streak\109261.jpg,bacterial_leaf_streak,10203,7466,0.9841
bacterial_leaf_streak\109268.jpg,bacterial_leaf_streak,745,69,0.9923
bacterial_leaf_streak\109341.jpg,bacterial_leaf_streak,10203,7466,0.9834
bacterial_leaf_streak\109391.jpg,bacterial_leaf_streak,10203,7466,0.9856
bacterial_leaf_streak\109396.jpg,bacterial_leaf_streak,10203,7466,0.981
bacterial_leaf_streak\109474.jpg,bacterial_leaf_streak,745,69,0.9925
bacterial_leaf_streak\109476.jpg,bacterial_leaf_streak,10203,7466,0.9791
bacterial_leaf_streak\109496.jpg,bacterial_leaf_streak,825,11,0.9636
bacterial_leaf_streak\109563.jpg,bacterial_leaf_streak,10203,7466,0.9693
bacterial_leaf_streak\109566.jpg,bacterial_leaf_streak,827,1,0.9419
bacterial_leaf_streak\109594.jpg,bacterial_leaf_streak,745,69,0.9905
bacterial_leaf_streak\109623.jpg,bacterial_leaf_streak,829,8,0.9873
bacterial_leaf_streak\109678.jpg,bacterial_leaf_streak,10203,7466,0.9947
bacterial_leaf_streak\109679.jpg,bacterial_leaf_streak,831,3,0.9924
bacterial_leaf_streak\109703.jpg,bacterial_leaf_streak,834,17,0.9568
bacterial_leaf_streak\109754.jpg,bacterial_leaf_streak,10203,7466,0.9867
bacterial_leaf_streak\109788.jpg,bacterial_leaf_streak,834,17,0.9759
bacterial_leaf_streak\109794.jpg,bacterial_leaf_streak,6823,51,0.9705
bacterial_leaf_streak\109814.jpg,bacterial_leaf_streak,836,1,0.9253
bacterial_leaf_streak\109824.jpg,bacterial_leaf_streak,10203,7466,0.9834
bacterial_leaf_streak\109849.jpg,bacterial_leaf_streak,834,17,0.9692
bacterial_leaf_streak\109858.jpg,bacterial_leaf_streak,839,5,0.967
bacterial_leaf_streak\109887.jpg,bacterial_leaf_streak,10203,7466,0.9866
bacterial_leaf_streak\109893.jpg,bacterial_leaf_streak,6823,51,0.9577
bacterial_leaf_streak\109906.jpg,bacterial_leaf_streak,745,69,0.982
bacterial_leaf_streak\109916.jpg,bacterial_leaf_streak,745,69,0.9959
bacterial_leaf_streak\109925.jpg,bacterial_leaf_streak,844,8,0.9801
bacterial_leaf_streak\109962.jpg,bacterial_leaf_streak,745,69,0.9933
bacterial_leaf_streak\109973.jpg,bacterial_leaf_streak,846,1,0.9004
bacterial_leaf_streak\109979.jpg,bacterial_leaf_streak,10203,7466,0.9791
bacterial_leaf_streak\110061.jpg,bacterial_leaf_streak,10203,7466,0.9831
bacterial_leaf_streak\110112.jpg,bacterial_leaf_streak,10203,7466,0.9942
bacterial_leaf_streak\110173.jpg,bacterial_leaf_streak,10203,7466,0.9851
bacterial_leaf_streak\110178.jpg,bacterial_leaf_streak,10203,7466,0.9866
bacterial_leaf_streak\110194.jpg,bacterial_leaf_streak,10203,7466,0.9864
bacterial_leaf_streak\110210.jpg,bacterial_leaf_streak,825,11,0.9701
bacterial_leaf_streak\110217.jpg,bacterial_leaf_streak,745,69,0.9965
bacterial_leaf_streak\110226.jpg,bacterial_leaf_streak,5749,15,0.9902
bacterial_leaf_streak\110260.jpg,bacterial_leaf_streak,6823,51,0.9504
bacterial_leaf_streak\110363.jpg,bacterial_leaf_streak,745,69,0.9896
bacterial_leaf_streak\110366.jpg,bacterial_leaf_streak,10203,7466,0.9922
bacterial_panicle_blight\100043.jpg,bacterial_panicle_blight,1156,40,0.985
bacterial_panicle_blight\100058.jpg,bacterial_panicle_blight,1065,13,0.9611
bacterial_panicle_blight\100068.jpg,bacterial_panicle_blight,1186,32,0.9747
bacterial_panicle_blight\100071.jpg,bacterial_panicle_blight,1134,8,0.9693
bacterial_panicle_blight\100180.jpg,bacterial_panicle_blight,1106,4,0.9859
bacterial_panicle_blight\100190.jpg,bacterial_panicle_blight,4906,31,0.9783
bacterial_panicle_blight\100243.jpg,bacterial_panicle_blight,1100,5,0.9853
bacterial_panicle_blight\100251.jpg,bacterial_panicle_blight,1112,17,0.971
bacterial_panicle_blight\100254.jpg,bacterial_panicle_blight,4906,31,0.9574
bacterial_panicle_blight\100314.jpg,bacterial_panicle_blight,1064,2,0.9683
bacterial_panicle_blight\100352.jpg,bacterial_panicle_blight,1172,32,0.9603
bacterial_panicle_blight\100375.jpg,bacterial_panicle_blight,4996,7,0.9527
bacterial_panicle_blight\100377.jpg,bacterial_panicle_blight,1041,3,0.956
bacterial_panicle_blight\100383.jpg,bacterial_panicle_blight,1065,13,0.9622
bacterial_panicle_blight\100397.jpg,bacterial_panicle_blight,1172,32,0.9856
bacterial_panicle_blight\100402.jpg,bacterial_panicle_blight,962,3,0.967
bacterial_panicle_blight\100414.jpg,bacterial_panicle_blight,875,1,0.9498
bacterial_panicle_blight\100446.jpg,bacterial_panicle_blight,1079,3,0.9531
bacterial_panicle_blight\100466.jpg,bacterial_panicle_blight,877,1,0.9123
bacterial_panicle_blight\100495.jpg,bacterial_panicle_blight,1186,32,0.9865
bacterial_panicle_blight\100601.jpg,bacterial_panicle_blight,1065,13,0.9793
bacterial_panicle_blight\100610.jpg,bacterial_panicle_blight,1172,32,0.9851
bacterial_panicle_blight\100634.jpg,bacterial_panicle_blight,1156,40,0.9571
bacterial_panicle_blight\100694.jpg,bacterial_panicle_blight,1172,32,0.9797
bacterial_panicle_blight\100750.jpg,bacterial_panicle_blight,1159,4,0.9705
bacterial_panicle_blight\100824.jpg,bacterial_panicle_blight,884,1,0.939
bacterial_panicle_blight\100828.jpg,bacterial_panicle_blight,885,1,0.933
bacterial_panicle_blight\100868.jpg,bacterial_panicle_blight,1186,32,0.9639
bacterial_panicle_blight\100915.jpg,bacterial_panicle_blight,887,1,0.9454
bacterial_panicle_blight\100922.jpg,bacterial_panicle_blight,1156,40,0.9814
bacterial_panicle_blight\101031.jpg,bacterial_panicle_blight,4996,7,0.977
bacterial_panicle_blight\101033.jpg,bacterial_panicle_blight,1065,13,0.9779
bacterial_panicle_blight\101073.jpg,bacterial_panicle_blight,1065,13,0.9696
bacterial_panicle_blight\101139.jpg,bacterial_panicle_blight,892,1,0.9304
bacterial_panicle_blight\101141.jpg,bacterial_panicle_blight,1112,17,0.9685
bacterial_panicle_blight\101192.jpg,bacterial_panicle_blight,1172,32,0.993
bacterial_panicle_blight\101210.jpg,bacterial_panicle_blight,1156,40,0.985
bacterial_panicle_blight\101223.jpg,bacterial_panicle_blight,962,3,0.9684
bacterial_panicle_blight\101225.jpg,bacterial_panicle_blight,900,2,0.9664
bacterial_panicle_blight\101267.jpg,bacterial_panicle_blight,5269,28,0.9683
bacterial_panicle_blight\101281.jpg,bacterial_panicle_blight,1156,40,0.9754
bacterial_panicle_blight\101303.jpg,bacterial_panicle_blight,900,2,0.9664
bacterial_panicle_blight\101351.jpg,bacterial_panicle_blight,901,1,0.9218
bacterial_panicle_blight\101354.jpg,bacterial_panicle_blight,1172,32,0.971
bacterial_panicle_blight\101392.jpg,bacterial_panicle_blight,1156,40,0.9676
bacterial_panicle_blight\101432.jpg,bacterial_panicle_blight,904,1,0.9401
bacterial_panicle_blight\101474.jpg,bacterial_panicle_blight,1065,13,0.9793
bacterial_panicle_blight\101543.jpg,bacterial_panicle_blight,1112,17,0.9562
bacterial_panicle_blight\101592.jpg,bacterial_panicle_blight,1186,32,0.9828
bacterial_panicle_blight\101597.jpg,bacterial_panicle_blight,1130,9,0.9861
bacterial_panicle_blight\101629.jpg,bacterial_panicle_blight,5269,28,0.9767
bacterial_panicle_blight\101644.jpg,bacterial_panicle_blight,1041,3,0.9847
bacterial_panicle_blight\101645.jpg,bacterial_panicle_blight,1186,32,0.9686
bacterial_panicle_blight\101672.jpg,bacterial_panicle_blight,1100,5,0.9704
bacterial_panicle_blight\101706.jpg,bacterial_panicle_blight,1134,8,0.9508
bacterial_panicle_blight\101732.jpg,bacterial_panicle_blight,1186,32,0.9764
bacterial_panicle_blight\101765.jpg,bacterial_panicle_blight,1186,32,0.9791
bacterial_panicle_blight\101793.jpg,bacterial_panicle_blight,1138,5,0.9777
bacterial_panicle_blight\101872.jpg,bacterial_panicle_blight,1186,32,0.9826
bacterial_panicle_blight\101873.jpg,bacterial_panicle_blight,1138,5,0.9777
bacterial_panicle_blight\101887.jpg,bacterial_panicle_blight,1112,17,0.9699
bacterial_panicle_blight\101906.jpg,bacterial_panicle_blight,1194,8,0.9815
bacterial_panicle_blight\101934.jpg,bacterial_panicle_blight,1156,40,0.9856
bacterial_panicle_blight\101957.jpg,bacterial_panicle_blight,1140,14,0.9775
bacterial_panicle_blight\101960.jpg,bacterial_panicle_blight,1110,7,0.9801
bacterial_panicle_blight\101962.jpg,bacterial_panicle_blight,924,1,0.8871
bacterial_panicle_blight\101964.jpg,bacterial_panicle_blight,1172,32,0.9775
bacterial_panicle_blight\101965.jpg,bacterial_panicle_blight,1172,32,0.9841
bacterial_panicle_blight\102013.jpg,bacterial_panicle_blight,4996,7,0.9525
bacterial_panicle_blight\102046.jpg,bacterial_panicle_blight,928,1,0.9365
bacterial_panicle_blight\102078.jpg,bacterial_panicle_blight,1123,2,0.962
bacterial_panicle_blight\102135.jpg,bacterial_panicle_blight,1140,14,0.9722
bacterial_panicle_blight\102136.jpg,bacterial_panicle_blight,1140,14,0.9733
bacterial_panicle_blight\102153.jpg,bacterial_panicle_blight,1184,4,0.9616
bacterial_panicle_blight\102197.jpg,bacterial_panicle_blight,1156,40,0.9798
bacterial_panicle_blight\102200.jpg,bacterial_panicle_blight,934,1,0.9491
bacterial_panicle_blight\102202.jpg,bacterial_panicle_blight,1172,32,0.9851
bacterial_panicle_blight\102215.jpg,bacterial_panicle_blight,1172,32,0.9817
bacterial_panicle_blight\102308.jpg,bacterial_panicle_blight,1192,3,0.9721
bacterial_panicle_blight\102409.jpg,bacterial_panicle_blight,1156,40,0.9865
bacterial_panicle_blight\102424.jpg,bacterial_panicle_blight,1112,17,0.9717
bacterial_panicle_blight\102463.jpg,bacterial_panicle_blight,940,1,0.9082
bacterial_panicle_blight\102464.jpg,bacterial_panicle_blight,1140,14,0.988
bacterial_panicle_blight\102472.jpg,bacterial_panicle_blight,944,2,0.9691
bacterial_panicle_blight\102477.jpg,bacterial_panicle_blight,1156,40,0.9852
bacterial_panicle_blight\102485.jpg,bacterial_panicle_blight,944,2,0.9691
bacterial_panicle_blight\102491.jpg,bacterial_panicle_blight,1130,9,0.977
bacterial_panicle_blight\102528.jpg,bacterial_panicle_blight,1172,32,0.9827
bacterial_panicle_blight\102548.jpg,bacterial_panicle_blight,1186,32,0.9737
bacterial_panicle_blight\102607.jpg,bacterial_panicle_blight,1186,32,0.9784
bacterial_panicle_blight\102689.jpg,bacterial_panicle_blight,949,1,0.9323
bacterial_panicle_blight\102756.jpg,bacterial_panicle_blight,950,1,0.9363
bacterial_panicle_blight\102765.jpg,bacterial_panicle_blight,1138,5,0.9645
bacterial_panicle_blight\102839.jpg,bacterial_panicle_blight,1172,32,0.9908
bacterial_panicle_blight\102856.jpg,bacterial_panicle_blight,5269,28,0.9824
bacterial_panicle_blight\102871.jpg,bacterial_panicle_blight,1186,32,0.9826
bacterial_panicle_blight\102913.jpg,bacterial_panicle_blight,955,1,0.9497
bacterial_panicle_blight\102920.jpg,bacterial_panicle_blight,1186,32,0.983
bacterial_panicle_blight\102943.jpg,bacterial_panicle_blight,957,1,0.9078
bacterial_panicle_blight\102955.jpg,bacterial_panicle_blight,1167,4,0.9747
bacterial_panicle_blight\102973.jpg,bacterial_panicle_blight,1145,2,0.9582
bacterial_panicle_blight\103034.jpg,bacterial_panicle_blight,5296,89,0.9848
bacterial_panicle_blight\103043.jpg,bacterial_panicle_blight,1106,4,0.9784
bacterial_panicle_blight\103068.jpg,bacterial_panicle_blight,962,3,0.9684
bacterial_panicle_blight\103080.jpg,bacterial_panicle_blight,1156,40,0.985
bacterial_panicle_blight\103110.jpg,bacterial_panicle_blight,1140,14,0.9781
bacterial_panicle_blight\103150.jpg,bacterial_panicle_blight,1184,4,0.9616
bacterial_panicle_blight\103233.jpg,bacterial_panicle_blight,1139,11,0.9816
bacterial_panicle_blight\103337.jpg,bacterial_panicle_blight,1139,11,0.9689
bacterial_panicle_blight\103368.jpg,bacterial_panicle_blight,1156,40,0.9717
bacterial_panicle_blight\103406.jpg,bacterial_panicle_blight,1190,3,0.9637
bacterial_panicle_blight\103426.jpg,bacterial_panicle_blight,1127,4,0.9661
bacterial_panicle_blight\103439.jpg,bacterial_panicle_blight,971,1,0.9397
bacterial_panicle_blight\103466.jpg,bacterial_panicle_blight,972,1,0.8661
bacterial_panicle_blight\103522.jpg,bacterial_panicle_blight,1043,2,0.9697
bacterial_panicle_blight\103568.jpg,bacterial_panicle_blight,1130,9,0.9713
bacterial_panicle_blight\103639.jpg,bacterial_panicle_blight,1112,17,0.961
bacterial_panicle_blight\103725.jpg,bacterial_panicle_blight,1130,9,0.9755
bacterial_panicle_blight\103731.jpg,bacterial_panicle_blight,1172,32,0.9908
bacterial_panicle_blight\103733.jpg,bacterial_panicle_blight,1130,9,0.9755
bacterial_panicle_blight\103735.jpg,bacterial_panicle_blight,1112,17,0.977
bacterial_panicle_blight\103817.jpg,bacterial_panicle_blight,1156,40,0.9852
bacterial_panicle_blight\103867.jpg,bacterial_panicle_blight,5296,89,0.9871
bacterial_panicle_blight\103921.jpg,bacterial_panicle_blight,1110,7,0.9793
bacterial_panicle_blight\103931.jpg,bacterial_panicle_blight,1144,2,0.9777
bacterial_panicle_blight\103932.jpg,bacterial_panicle_blight,1194,8,0.9815
bacterial_panicle_blight\103968.jpg,bacterial_panicle_blight,1130,9,0.9858
bacterial_panicle_blight\103992.jpg,bacterial_panicle_blight,1112,17,0.9657
bacterial_panicle_blight\104012.jpg,bacterial_panicle_blight,1156,40,0.9865
bacterial_panicle_blight\104029.jpg,bacterial_panicle_blight,1151,2,0.9733
bacterial_panicle_blight\104041.jpg,bacterial_panicle_blight,1065,13,0.941
bacterial_panicle_blight\104075.jpg,bacterial_panicle_blight,990,1,0.9497
bacterial_panicle_blight\104102.jpg,bacterial_panicle_blight,991,1,0.921
bacterial_panicle_blight\104127.jpg,bacterial_panicle_blight,1156,40,0.9625
bacterial_panicle_blight\104154.jpg,bacterial_panicle_blight,1172,32,0.9899
bacterial_panicle_blight\104160.jpg,bacterial_panicle_blight,994,1,0.9061
bacterial_panicle_blight\104162.jpg,bacterial_panicle_blight,1092,2,0.9667
bacterial_panicle_blight\104184.jpg,bacterial_panicle_blight,996,1,0.9491
bacterial_panicle_blight\104192.jpg,bacterial_panicle_blight,1186,32,0.9865
bacterial_panicle_blight\104197.jpg,bacterial_panicle_blight,1186,32,0.9841
bacterial_panicle_blight\104216.jpg,bacterial_panicle_blight,1186,32,0.981
bacterial_panicle_blight\104223.jpg,bacterial_panicle_blight,1000,1,0.9296
bacterial_panicle_blight\104237.jpg,bacterial_panicle_blight,1186,32,0.9764
bacterial_panicle_blight\104261.jpg,bacterial_panicle_blight,1138,5,0.9681
bacterial_panicle_blight\104269.jpg,bacterial_panicle_blight,1172,32,0.9882
bacterial_panicle_blight\104300.jpg,bacterial_panicle_blight,1156,40,0.9609
bacterial_panicle_blight\104320.jpg,bacterial_panicle_blight,1140,14,1.0
bacterial_panicle_blight\104364.jpg,bacterial_panicle_blight,1139,11,0.9557
bacterial_panicle_blight\104414.jpg,bacterial_panicle_blight,1139,11,0.9512
bacterial_panicle_blight\104427.jpg,bacterial_panicle_blight,1186,32,0.9791
bacterial_panicle_blight\104460.jpg,bacterial_panicle_blight,1009,1,0.9033
bacterial_panicle_blight\104465.jpg,bacterial_panicle_blight,1172,32,0.9958
bacterial_panicle_blight\104505.jpg,bacterial_panicle_blight,1167,4,0.9509
bacterial_panicle_blight\104531.jpg,bacterial_panicle_blight,1065,13,0.9736
bacterial_panicle_blight\104569.jpg,bacterial_panicle_blight,1186,32,0.9798
bacterial_panicle_blight\104630.jpg,bacterial_panicle_blight,5296,89,0.9871
bacterial_panicle_blight\104636.jpg,bacterial_panicle_blight,4996,7,0.977
bacterial_panicle_blight\104678.jpg,bacterial_panicle_blight,1172,32,0.9885
bacterial_panicle_blight\104684.jpg,bacterial_panicle_blight,1156,40,0.9773
bacterial_panicle_blight\104761.jpg,bacterial_panicle_blight,1100,5,0.9853
bacterial_panicle_blight\104770.jpg,bacterial_panicle_blight,1019,1,0.8668
bacterial_panicle_blight\104803.jpg,bacterial_panicle_blight,1140,14,1.0
bacterial_panicle_blight\104815.jpg,bacterial_panicle_blight,1021,1,0.9453
bacterial_panicle_blight\104853.jpg,bacterial_panicle_blight,1110,7,0.9793
bacterial_panicle_blight\104912.jpg,bacterial_panicle_blight,1023,1,0.9454
bacterial_panicle_blight\104980.jpg,bacterial_panicle_blight,5296,89,0.9898
bacterial_panicle_blight\105004.jpg,bacterial_panicle_blight,5269,28,0.9823
bacterial_panicle_blight\105013.jpg,bacterial_panicle_blight,1065,13,0.9585
bacterial_panicle_blight\105033.jpg,bacterial_panicle_blight,1194,8,0.9838
bacterial_panicle_blight\105065.jpg,bacterial_panicle_blight,1156,40,0.9574
bacterial_panicle_blight\105083.jpg,bacterial_panicle_blight,1192,3,0.9615
bacterial_panicle_blight\105100.jpg,bacterial_panicle_blight,1066,2,0.9777
bacterial_panicle_blight\105118.jpg,bacterial_panicle_blight,1031,1,0.9304
bacterial_panicle_blight\105145.jpg,bacterial_panicle_blight,5296,89,0.9898
bacterial_panicle_blight\105181.jpg,bacterial_panicle_blight,1033,1,0.9331
bacterial_panicle_blight\105258.jpg,bacterial_panicle_blight,1194,8,0.9835
bacterial_panicle_blight\105267.jpg,bacterial_panicle_blight,1156,40,0.9626
bacterial_panicle_blight\105335.jpg,bacterial_panicle_blight,1139,11,0.9816
bacterial_panicle_blight\105375.jpg,bacterial_panicle_blight,5296,89,0.9836
bacterial_panicle_blight\105377.jpg,bacterial_panicle_blight,1156,40,0.9601
bacterial_panicle_blight\105415.jpg,bacterial_panicle_blight,1186,32,0.987
bacterial_panicle_blight\105487.jpg,bacterial_panicle_blight,1172,32,0.9899
bacterial_panicle_blight\105533.jpg,bacterial_panicle_blight,1041,3,0.9847
bacterial_panicle_blight\105550.jpg,bacterial_panicle_blight,1139,11,0.9815
bacterial_panicle_blight\105555.jpg,bacterial_panicle_blight,1043,2,0.9697
bacterial_panicle_blight\105578.jpg,bacterial_panicle_blight,1134,8,0.97
bacterial_panicle_blight\105579.jpg,bacterial_panicle_blight,1156,40,0.9771
bacterial_panicle_blight\105614.jpg,bacterial_panicle_blight,5269,28,0.9814
bacterial_panicle_blight\105646.jpg,bacterial_panicle_blight,1134,8,0.9578
bacterial_panicle_blight\105650.jpg,bacterial_panicle_blight,1065,13,0.9779
bacterial_panicle_blight\105715.jpg,bacterial_panicle_blight,1112,17,0.9717
bacterial_panicle_blight\105725.jpg,bacterial_panicle_blight,1106,4,0.9759
bacterial_panicle_blight\105746.jpg,bacterial_panicle_blight,1112,17,0.9624
bacterial_panicle_blight\105778.jpg,bacterial_panicle_blight,1139,11,0.9768
bacterial_panicle_blight\105798.jpg,bacterial_panicle_blight,5269,28,0.9723
bacterial_panicle_blight\105844.jpg,bacterial_panicle_blight,1054,1,0.921
bacterial_panicle_blight\105845.jpg,bacterial_panicle_blight,1156,40,0.9717
bacterial_panicle_blight\105848.jpg,bacterial_panicle_blight,1172,32,0.9751
bacterial_panicle_blight\105858.jpg,bacterial_panicle_blight,1124,2,0.979
bacterial_panicle_blight\105875.jpg,bacterial_panicle_blight,1134,8,0.9782
bacterial_panicle_blight\105908.jpg,bacterial_panicle_blight,1156,40,0.9694
bacterial_panicle_blight\105935.jpg,bacterial_panicle_blight,1060,1,0.9082
bacterial_panicle_blight\105963.jpg,bacterial_panicle_blight,1156,40,0.977
bacterial_panicle_blight\105977.jpg,bacterial_panicle_blight,1062,1,0.9453
bacterial_panicle_blight\106056.jpg,bacterial_panicle_blight,1156,40,0.9626
bacterial_panicle_blight\106097.jpg,bacterial_panicle_blight,1064,2,0.9683
bacterial_panicle_blight\106119.jpg,bacterial_panicle_blight,1065,13,0.9736
bacterial_panicle_blight\106151.jpg,bacterial_panicle_blight,1066,2,0.9777
bacterial_panicle_blight\106212.jpg,bacterial_panicle_blight,5269,28,0.9824
bacterial_panicle_blight\106273.jpg,bacterial_panicle_blight,1127,4,0.9768
bacterial_panicle_blight\106283.jpg,bacterial_panicle_blight,1069,1,0.922
bacterial_panicle_blight\106302.jpg,bacterial_panicle_blight,1186,32,0.9683
bacterial_panicle_blight\106318.jpg,bacterial_panicle_blight,1139,11,0.9522
bacterial_panicle_blight\106322.jpg,bacterial_panicle_blight,1127,4,0.9768
bacterial_panicle_blight\106342.jpg,bacterial_panicle_blight,1079,3,0.9531
bacterial_panicle_blight\106344.jpg,bacterial_panicle_blight,1172,32,0.9856
bacterial_panicle_blight\106349.jpg,bacterial_panicle_blight,1194,8,0.9835
bacterial_panicle_blight\106425.jpg,bacterial_panicle_blight,4906,31,0.9801
bacterial_panicle_blight\106466.jpg,bacterial_panicle_blight,1077,1,0.9361
bacterial_panicle_blight\106475.jpg,bacterial_panicle_blight,1156,40,0.977
bacterial_panicle_blight\106477.jpg,bacterial_panicle_blight,1079,3,0.9504
bacterial_panicle_blight\106480.jpg,bacterial_panicle_blight,1159,4,0.9705
bacterial_panicle_blight\106531.jpg,bacterial_panicle_blight,1186,32,0.9826
bacterial_panicle_blight\106533.jpg,bacterial_panicle_blight,1186,32,0.9843
bacterial_panicle_blight\106538.jpg,bacterial_panicle_blight,1186,32,0.9849
bacterial_panicle_blight\106542.jpg,bacterial_panicle_blight,1140,14,0.9762
bacterial_panicle_blight\106568.jpg,bacterial_panicle_blight,7681,4,0.9597
bacterial_panicle_blight\106575.jpg,bacterial_panicle_blight,1110,7,0.9801
bacterial_panicle_blight\106578.jpg,bacterial_panicle_blight,1140,14,0.988
bacterial_panicle_blight\106589.jpg,bacterial_panicle_blight,1184,4,0.973
bacterial_panicle_blight\106613.jpg,bacterial_panicle_blight,1139,11,0.9768
bacterial_panicle_blight\106643.jpg,bacterial_panicle_blight,1090,1,0.9492
bacterial_panicle_blight\106686.jpg,bacterial_panicle_blight,1156,40,0.9549
bacterial_panicle_blight\106742.jpg,bacterial_panicle_blight,1092,2,0.9667
bacterial_panicle_blight\106743.jpg,bacterial_panicle_blight,1156,40,0.9872
bacterial_panicle_blight\106748.jpg,bacterial_panicle_blight,4906,31,0.9783
bacterial_panicle_blight\106830.jpg,bacterial_panicle_blight,1112,17,0.9681
bacterial_panicle_blight\106834.jpg,bacterial_panicle_blight,1186,32,0.9826
bacterial_panicle_blight\106889.jpg,bacterial_panicle_blight,1100,5,0.9709
bacterial_panicle_blight\106945.jpg,bacterial_panicle_blight,1156,40,0.9911
bacterial_panicle_blight\106988.jpg,bacterial_panicle_blight,1159,4,0.9751
bacterial_panicle_blight\107010.jpg,bacterial_panicle_blight,1100,5,0.9709
bacterial_panicle_blight\107067.jpg,bacterial_panicle_blight,1186,32,0.979
bacterial_panicle_blight\107165.jpg,bacterial_panicle_blight,1140,14,0.9818
bacterial_panicle_blight\107166.jpg,bacterial_panicle_blight,1156,40,0.9574
bacterial_panicle_blight\107214.jpg,bacterial_panicle_blight,5269,28,0.969
bacterial_panicle_blight\107286.jpg,bacterial_panicle_blight,1172,32,0.9749
bacterial_panicle_blight\107317.jpg,bacterial_panicle_blight,1106,4,0.9859
bacterial_panicle_blight\107358.jpg,bacterial_panicle_blight,5269,28,0.9824
bacterial_panicle_blight\107388.jpg,bacterial_panicle_blight,7681,4,0.9914
bacterial_panicle_blight\107403.jpg,bacterial_panicle_blight,1156,40,0.9832
bacterial_panicle_blight\107432.jpg,bacterial_panicle_blight,1110,7,0.9558
bacterial_panicle_blight\107445.jpg,bacterial_panicle_blight,1186,32,0.9828
bacterial_panicle_blight\107459.jpg,bacterial_panicle_blight,1112,17,0.9657
bacterial_panicle_blight\107471.jpg,bacterial_panicle_blight,1172,32,0.9882
bacterial_panicle_blight\107505.jpg,bacterial_panicle_blight,1110,7,0.9578
bacterial_panicle_blight\107518.jpg,bacterial_panicle_blight,1115,1,0.9295
bacterial_panicle_blight\107519.jpg,bacterial_panicle_blight,1130,9,0.977
bacterial_panicle_blight\107599.jpg,bacterial_panicle_blight,1120,2,0.9528
bacterial_panicle_blight\107611.jpg,bacterial_panicle_blight,1194,8,0.9838
bacterial_panicle_blight\107648.jpg,bacterial_panicle_blight,1112,17,0.9598
bacterial_panicle_blight\107649.jpg,bacterial_panicle_blight,1120,2,0.9528
bacterial_panicle_blight\107662.jpg,bacterial_panicle_blight,1186,32,0.987
bacterial_panicle_blight\107676.jpg,bacterial_panicle_blight,1190,3,0.9695
bacterial_panicle_blight\107696.jpg,bacterial_panicle_blight,1123,2,0.962
bacterial_panicle_blight\107719.jpg,bacterial_panicle_blight,1124,2,0.979
bacterial_panicle_blight\107854.jpg,bacterial_panicle_blight,1172,32,0.9958
bacterial_panicle_blight\107859.jpg,bacterial_panicle_blight,1126,1,0.8967
bacterial_panicle_blight\107899.jpg,bacterial_panicle_blight,1127,4,0.9661
bacterial_panicle_blight\107913.jpg,bacterial_panicle_blight,1175,2,0.9816
bacterial_panicle_blight\107921.jpg,bacterial_panicle_blight,1172,32,0.9654
bacterial_panicle_blight\107947.jpg,bacterial_panicle_blight,1130,9,0.9636
bacterial_panicle_blight\107971.jpg,bacterial_panicle_blight,1131,1,0.9453
bacterial_panicle_blight\107981.jpg,bacterial_panicle_blight,1186,32,0.9841
bacterial_panicle_blight\108023.jpg,bacterial_panicle_blight,1133,1,0.941
bacterial_panicle_blight\108083.jpg,bacterial_panicle_blight,1134,8,0.9578
bacterial_panicle_blight\108161.jpg,bacterial_panicle_blight,1156,40,0.9872
bacterial_panicle_blight\108172.jpg,bacterial_panicle_blight,1156,40,0.9754
bacterial_panicle_blight\108195.jpg,bacterial_panicle_blight,1112,17,0.9715
bacterial_panicle_blight\108252.jpg,bacterial_panicle_blight,1138,5,0.955
bacterial_panicle_blight\108369.jpg,bacterial_panicle_blight,1139,11,0.9601
bacterial_panicle_blight\108408.jpg,bacterial_panicle_blight,1140,14,0.9737
bacterial_panicle_blight\108467.jpg,bacterial_panicle_blight,1130,9,0.9861
bacterial_panicle_blight\108473.jpg,bacterial_panicle_blight,1140,14,0.9799
bacterial_panicle_blight\108501.jpg,bacterial_panicle_blight,1186,32,0.9849
bacterial_panicle_blight\108532.jpg,bacterial_panicle_blight,1144,2,0.9777
bacterial_panicle_blight\108543.jpg,bacterial_panicle_blight,1145,2,0.9582
bacterial_panicle_blight\108548.jpg,bacterial_panicle_blight,1146,1,0.8933
bacterial_panicle_blight\108585.jpg,bacterial_panicle_blight,5269,28,0.9814
bacterial_panicle_blight\108638.jpg,bacterial_panicle_blight,4906,31,0.9801
bacterial_panicle_blight\108706.jpg,bacterial_panicle_blight,1112,17,0.9712
bacterial_panicle_blight\108708.jpg,bacterial_panicle_blight,1150,1,0.9328
bacterial_panicle_blight\108728.jpg,bacterial_panicle_blight,1151,2,0.9733
bacterial_panicle_blight\108877.jpg,bacterial_panicle_blight,1110,7,0.9624
bacterial_panicle_blight\108878.jpg,bacterial_panicle_blight,1134,8,0.9782
bacterial_panicle_blight\108893.jpg,bacterial_panicle_blight,1154,1,0.9411
bacterial_panicle_blight\108920.jpg,bacterial_panicle_blight,1156,40,0.9798
bacterial_panicle_blight\108947.jpg,bacterial_panicle_blight,1156,40,0.98
bacterial_panicle_blight\108993.jpg,bacterial_panicle_blight,1156,40,0.9573
bacterial_panicle_blight\109076.jpg,bacterial_panicle_blight,1156,40,0.9832
bacterial_panicle_blight\109077.jpg,bacterial_panicle_blight,1159,4,0.9751
bacterial_panicle_blight\109080.jpg,bacterial_panicle_blight,1172,32,0.9841
bacterial_panicle_blight\109084.jpg,bacterial_panicle_blight,5269,28,0.9823
bacterial_panicle_blight\109098.jpg,bacterial_panicle_blight,1186,32,0.9715
bacterial_panicle_blight\109162.jpg,bacterial_panicle_blight,1156,40,0.9911
bacterial_panicle_blight\109168.jpg,bacterial_panicle_blight,1112,17,0.9715
bacterial_panicle_blight\109177.jpg,bacterial_panicle_blight,1172,32,0.9877
bacterial_panicle_blight\109183.jpg,bacterial_panicle_blight,1167,4,0.9534
bacterial_panicle_blight\109263.jpg,bacterial_panicle_blight,1167,4,0.9747
bacterial_panicle_blight\109270.jpg,bacterial_panicle_blight,1112,17,0.977
bacterial_panicle_blight\109314.jpg,bacterial_panicle_blight,1140,14,0.9799
bacterial_panicle_blight\109434.jpg,bacterial_panicle_blight,1140,14,0.9819
bacterial_panicle_blight\109453.jpg,bacterial_panicle_blight,1156,40,0.9571
bacterial_panicle_blight\109472.jpg,bacterial_panicle_blight,1172,32,0.9654
bacterial_panicle_blight\109631.jpg,bacterial_panicle_blight,1194,8,0.9754
bacterial_panicle_blight\109646.jpg,bacterial_panicle_blight,1172,32,0.9793
bacterial_panicle_blight\109716.jpg,bacterial_panicle_blight,1175,2,0.9816
bacterial_panicle_blight\109755.jpg,bacterial_panicle_blight,1156,40,0.9856
bacterial_panicle_blight\109772.jpg,bacterial_panicle_blight,1134,8,0.9741
bacterial_panicle_blight\109790.jpg,bacterial_panicle_blight,1178,1,0.9293
bacterial_panicle_blight\109828.jpg,bacterial_panicle_blight,1186,32,0.9772
bacterial_panicle_blight\109926.jpg,bacterial_panicle_blight,1180,1,0.8808
bacterial_panicle_blight\109955.jpg,bacterial_panicle_blight,1181,1,0.9492
bacterial_panicle_blight\109971.jpg,bacterial_panicle_blight,1172,32,0.9853
bacterial_panicle_blight\110039.jpg,bacterial_panicle_blight,1172,32,0.9865
bacterial_panicle_blight\110057.jpg,bacterial_panicle_blight,1184,4,0.973
bacterial_panicle_blight\110121.jpg,bacterial_panicle_blight,1065,13,0.9759
bacterial_panicle_blight\110162.jpg,bacterial_panicle_blight,1186,32,0.9584
bacterial_panicle_blight\110185.jpg,bacterial_panicle_blight,1172,32,0.9846
bacterial_panicle_blight\110190.jpg,bacterial_panicle_blight,1065,13,0.9759
bacterial_panicle_blight\110295.jpg,bacterial_panicle_blight,1189,1,0.9449
bacterial_panicle_blight\110319.jpg,bacterial_panicle_blight,1190,3,0.9695
bacterial_panicle_blight\110342.jpg,bacterial_panicle_blight,1139,11,0.9815
bacterial_panicle_blight\110344.jpg,bacterial_panicle_blight,1192,3,0.9721
bacterial_panicle_blight\110376.jpg,bacterial_panicle_blight,5269,28,0.9824
bacterial_panicle_blight\110387.jpg,bacterial_panicle_blight,1194,8,0.9666
bacterial_panicle_blight\110394.jpg,bacterial_panicle_blight,1172,32,0.9885
blast\100004.jpg,blast,10203,7466,0.9877
blast\100006.jpg,blast,10203,7466,0.9896
blast\100012.jpg,blast,10203,7466,0.9927
blast\100039.jpg,blast,10203,7466,0.9823
blast\100040.jpg,blast,10203,7466,0.9915
blast\100045.jpg,blast,1569,10,0.9866
blast\100046.jpg,blast,10203,7466,0.9855
blast\100050.jpg,blast,10203,7466,0.9761
blast\100074.jpg,blast,10203,7466,0.9823
blast\100079.jpg,blast,10203,7466,0.9731
blast\100080.jpg,blast,10203,7466,0.9943
blast\100083.jpg,blast,1207,1,0.9148
blast\100092.jpg,blast,1208,1,0.9142
blast\100104.jpg,blast,10203,7466,0.9898
blast\100118.jpg,blast,10203,7466,0.9899
blast\100121.jpg,blast,10203,7466,0.9639
blast\100123.jpg,blast,10203,7466,0.9821
blast\100127.jpg,blast,10203,7466,0.9874
blast\100137.jpg,blast,10203,7466,0.9616
blast\100138.jpg,blast,10203,7466,0.9615
blast\100141.jpg,blast,10203,7466,0.9929
blast\100147.jpg,blast,10203,7466,0.972
blast\100151.jpg,blast,10203,7466,0.9921
blast\100154.jpg,blast,1604,23,0.9907
blast\100156.jpg,blast,10203,7466,0.9779
blast\100161.jpg,blast,10203,7466,0.9736
blast\100167.jpg,blast,10203,7466,0.973
blast\100175.jpg,blast,10203,7466,0.9916
blast\100177.jpg,blast,10203,7466,0.9711
blast\100184.jpg,blast,10203,7466,0.9837
blast\100197.jpg,blast,4509,12,0.9655
blast\100198.jpg,blast,10203,7466,0.9841
blast\100202.jpg,blast,10203,7466,0.9809
blast\100203.jpg,blast,10203,7466,0.9832
blast\100215.jpg,blast,1646,2,0.9715
blast\100217.jpg,blast,10203,7466,0.9629
blast\100219.jpg,blast,10203,7466,0.9782
blast\100227.jpg,blast,10203,7466,0.9846
blast\100228.jpg,blast,10203,7466,0.9877
blast\100230.jpg,blast,10203,7466,0.9724
blast\100231.jpg,blast,10203,7466,0.9908
blast\100244.jpg,blast,10203,7466,0.9878
blast\100245.jpg,blast,10203,7466,0.9937
blast\100250.jpg,blast,10203,7466,0.9818
blast\100265.jpg,blast,10203,7466,0.9773
blast\100276.jpg,blast,10203,7466,0.9721
blast\100277.jpg,blast,10203,7466,0.9701
blast\100278.jpg,blast,10203,7466,0.9718
blast\100280.jpg,blast,10203,7466,0.9893
blast\100281.jpg,blast,10203,7466,0.9798
blast\100282.jpg,blast,10203,7466,0.9878
blast\100286.jpg,blast,10203,7466,0.977
blast\100288.jpg,blast,10203,7466,0.9831
blast\100292.jpg,blast,2686,46,0.9868
blast\100295.jpg,blast,10203,7466,0.9841
blast\100301.jpg,blast,10203,7466,0.9758
blast\100310.jpg,blast,2686,46,0.9826
blast\100312.jpg,blast,10203,7466,0.9847
blast\100334.jpg,blast,10203,7466,0.988
blast\100338.jpg,blast,10203,7466,0.9831
blast\100345.jpg,blast,10203,7466,0.9912
blast\100347.jpg,blast,10203,7466,0.9825
blast\100348.jpg,blast,10203,7466,0.977
blast\100355.jpg,blast,10203,7466,0.9775
blast\100359.jpg,blast,2167,20,0.9894
blast\100364.jpg,blast,10203,7466,0.9899
blast\100367.jpg,blast,10203,7466,0.9929
blast\100373.jpg,blast,10203,7466,0.9807
blast\100378.jpg,blast,10203,7466,0.9796
blast\100379.jpg,blast,10203,7466,0.9933
blast\100396.jpg,blast,10203,7466,0.9858
blast\100405.jpg,blast,10203,7466,0.9729
blast\100412.jpg,blast,10203,7466,0.9594
blast\100413.jpg,blast,10203,7466,0.989
blast\100420.jpg,blast,10203,7466,0.9745
blast\100430.jpg,blast,10203,7466,0.9804
blast\100436.jpg,blast,10203,7466,0.9851
blast\100438.jpg,blast,10203,7466,0.9855
blast\100439.jpg,blast,10203,7466,0.979
blast\100442.jpg,blast,10203,7466,0.9874
blast\100443.jpg,blast,10203,7466,0.987
blast\100469.jpg,blast,10203,7466,0.9775
blast\100472.jpg,blast,10203,7466,0.9887
blast\100476.jpg,blast,10203,7466,0.9927
blast\100482.jpg,blast,10203,7466,0.9908
blast\100484.jpg,blast,2748,47,0.9877
blast\100498.jpg,blast,10203,7466,0.9704
blast\100500.jpg,blast,10203,7466,0.9814
blast\100501.jpg,blast,10203,7466,1.0
blast\100508.jpg,blast,2686,46,0.9781
blast\100521.jpg,blast,10203,7466,0.9817
blast\100522.jpg,blast,2839,6,1.0
blast\100527.jpg,blast,2847,4,0.9717
blast\100536.jpg,blast,10203,7466,0.9884
blast\100554.jpg,blast,10203,7466,0.9942
blast\100556.jpg,blast,2356,27,0.9729
blast\100560.jpg,blast,10203,7466,0.9634
blast\100561.jpg,blast,10203,7466,0.9674
blast\100572.jpg,blast,10203,7466,0.9746
blast\100573.jpg,blast,10203,7466,0.9804
blast\100590.jpg,blast,10203,7466,0.9812
blast\100591.jpg,blast,10203,7466,0.9613
blast\100597.jpg,blast,1569,10,0.988
blast\100598.jpg,blast,10203,7466,0.9667
blast\100600.jpg,blast,10203,7466,0.9741
blast\100604.jpg,blast,10203,7466,0.9699
blast\100605.jpg,blast,10203,7466,0.9917
blast\100626.jpg,blast,2391,2,0.9814
blast\100627.jpg,blast,10203,7466,0.9845
blast\100629.jpg,blast,10203,7466,0.9812
blast\100636.jpg,blast,10203,7466,0.9875
blast\100638.jpg,blast,10203,7466,0.9859
blast\100642.jpg,blast,10203,7466,0.9869
blast\100657.jpg,blast,10203,7466,0.9816
blast\100673.jpg,blast,10203,7466,0.9848
blast\100674.jpg,blast,2748,47,0.9654
blast\100678.jpg,blast,10203,7466,0.9646
blast\100679.jpg,blast,10203,7466,0.9883
blast\100680.jpg,blast,2686,46,0.9785
blast\100703.jpg,blast,2263,3,0.9646
blast\100719.jpg,blast,10203,7466,0.9844
blast\100720.jpg,blast,10203,7466,0.98
blast\100726.jpg,blast,10203,7466,0.9829
blast\100731.jpg,blast,10203,7466,0.9787
blast\100738.jpg,blast,10203,7466,0.9867
blast\100739.jpg,blast,10203,7466,0.9773
blast\100742.jpg,blast,10203,7466,0.9894
blast\100745.jpg,blast,10203,7466,0.9795
blast\100753.jpg,blast,10203,7466,0.9846
blast\100756.jpg,blast,10203,7466,0.9875
blast\100758.jpg,blast,10203,7466,0.9849
blast\100765.jpg,blast,2812,3,0.9568
blast\100767.jpg,blast,10203,7466,0.9918
blast\100770.jpg,blast,10203,7466,0.9739
blast\100773.jpg,blast,10203,7466,0.9656
blast\100774.jpg,blast,10203,7466,0.9916
blast\100778.jpg,blast,10203,7466,0.9738
blast\100784.jpg,blast,10203,7466,0.9818
blast\100792.jpg,blast,2167,20,0.9774
blast\100797.jpg,blast,10203,7466,0.9974
blast\100801.jpg,blast,10203,7466,0.9887
blast\100805.jpg,blast,10203,7466,0.9836
blast\100806.jpg,blast,10203,7466,0.9799
blast\100812.jpg,blast,10203,7466,0.9908
blast\100818.jpg,blast,10203,7466,0.9458
blast\100819.jpg,blast,10203,7466,0.9907
blast\100823.jpg,blast,10203,7466,0.9795
blast\100831.jpg,blast,10203,7466,0.9748
blast\100840.jpg,blast,10203,7466,0.9828
blast\100841.jpg,blast,10203,7466,0.9924
blast\100842.jpg,blast,10203,7466,0.9752
blast\100848.jpg,blast,10203,7466,0.9829
blast\100851.jpg,blast,10203,7466,0.9872
blast\100852.jpg,blast,10203,7466,0.9883
blast\100856.jpg,blast,10203,7466,0.9817
blast\100870.jpg,blast,2167,20,0.9557
blast\100873.jpg,blast,10203,7466,0.9861
blast\100875.jpg,blast,10203,7466,0.9755
blast\100877.jpg,blast,1604,23,0.977
blast\100879.jpg,blast,10203,7466,0.9872
blast\100880.jpg,blast,10203,7466,0.9841
blast\100894.jpg,blast,10203,7466,0.9878
blast\100898.jpg,blast,10203,7466,0.9738
blast\100899.jpg,blast,10203,7466,0.9613
blast\100901.jpg,blast,10203,7466,0.9939
blast\100903.jpg,blast,2356,27,0.9876
blast\100904.jpg,blast,10203,7466,0.9575
blast\100909.jpg,blast,2351,3,0.9618
blast\100932.jpg,blast,10203,7466,0.9811
blast\100935.jpg,blast,10203,7466,0.9677
blast\100940.jpg,blast,10203,7466,0.9664
blast\100945.jpg,blast,10203,7466,0.98
blast\100948.jpg,blast,2263,3,0.9584
blast\100952.jpg,blast,2781,5,0.9745
blast\100954.jpg,blast,10203,7466,0.98
blast\100961.jpg,blast,1371,1,0.9403
blast\100970.jpg,blast,10203,7466,0.9772
blast\100981.jpg,blast,10203,7466,0.9694
blast\100984.jpg,blast,10203,7466,0.991
blast\100989.jpg,blast,10203,7466,0.9716
blast\100991.jpg,blast,10203,7466,0.9802
blast\100993.jpg,blast,10203,7466,0.9825
blast\101000.jpg,blast,10203,7466,0.9796
blast\101003.jpg,blast,1379,1,0.9359
blast\101006.jpg,blast,10203,7466,0.9878
blast\101007.jpg,blast,10203,7466,0.9901
blast\101010.jpg,blast,10203,7466,0.9882
blast\101016.jpg,blast,10203,7466,0.9909
blast\101019.jpg,blast,10203,7466,0.9776
blast\101042.jpg,blast,10203,7466,0.9837
blast\101045.jpg,blast,10203,7466,0.9907
blast\101054.jpg,blast,10203,7466,0.9695
blast\101057.jpg,blast,1509,2,0.9753
blast\101058.jpg,blast,10203,7466,0.9887
blast\101061.jpg,blast,10203,7466,0.9806
blast\101063.jpg,blast,10203,7466,0.9786
blast\101067.jpg,blast,10203,7466,0.9738
blast\101075.jpg,blast,10203,7466,0.9879
blast\101079.jpg,blast,10203,7466,0.9854
blast\101080.jpg,blast,10203,7466,0.9847
blast\101082.jpg,blast,1396,1,0.9448
blast\101085.jpg,blast,10203,7466,0.9965
blast\101097.jpg,blast,2686,46,0.9848
blast\101102.jpg,blast,10203,7466,0.9689
blast\101105.jpg,blast,10203,7466,0.9747
blast\101116.jpg,blast,2356,27,0.9757
blast\101125.jpg,blast,10203,7466,0.9773
blast\101143.jpg,blast,10203,7466,0.9834
blast\101149.jpg,blast,10203,7466,0.9897
blast\101154.jpg,blast,10203,7466,0.9821
blast\101160.jpg,blast,10203,7466,0.9786
blast\101161.jpg,blast,10203,7466,0.9937
blast\101164.jpg,blast,2581,2,0.9797
blast\101171.jpg,blast,10203,7466,0.9677
blast\101172.jpg,blast,10203,7466,0.9854
blast\101182.jpg,blast,10203,7466,0.9803
blast\101183.jpg,blast,10203,7466,0.9776
blast\101186.jpg,blast,2686,46,0.9822
blast\101194.jpg,blast,10203,7466,0.9653
blast\101199.jpg,blast,2167,20,0.9894
blast\101203.jpg,blast,10203,7466,0.9929
blast\101212.jpg,blast,10203,7466,0.9869
blast\101213.jpg,blast,10203,7466,0.9883
blast\101216.jpg,blast,10203,7466,0.9754
blast\101218.jpg,blast,2686,46,0.98
blast\101220.jpg,blast,10203,7466,0.9794
blast\101226.jpg,blast,10203,7466,0.9836
blast\101244.jpg,blast,10203,7466,0.9794
blast\101250.jpg,blast,10203,7466,0.9866
blast\101254.jpg,blast,10203,7466,0.9745
blast\101263.jpg,blast,10203,7466,0.9796
blast\101274.jpg,blast,10203,7466,0.9814
blast\101285.jpg,blast,10203,7466,0.9904
blast\101286.jpg,blast,10203,7466,0.9623
blast\101290.jpg,blast,10203,7466,0.9786
blast\101292.jpg,blast,10203,7466,0.9814
blast\101294.jpg,blast,10203,7466,0.9903
blast\101305.jpg,blast,10203,7466,0.9662
blast\101308.jpg,blast,10203,7466,0.9831
blast\101309.jpg,blast,10203,7466,0.9965
blast\101313.jpg,blast,10203,7466,0.9695
blast\101317.jpg,blast,2167,20,0.9634
blast\101323.jpg,blast,10203,7466,0.987
blast\101335.jpg,blast,1604,23,0.9883
blast\101340.jpg,blast,10203,7466,0.9725
blast\101343.jpg,blast,10203,7466,1.0
blast\101347.jpg,blast,10203,7466,0.94
blast\101362.jpg,blast,10203,7466,0.9889
blast\101377.jpg,blast,10203,7466,0.9525
blast\101380.jpg,blast,10203,7466,0.9748
blast\101385.jpg,blast,2748,47,0.9745
blast\101400.jpg,blast,10203,7466,0.9963
blast\101413.jpg,blast,10203,7466,0.9541
blast\101416.jpg,blast,10203,7466,0.9867
blast\101417.jpg,blast,1450,1,0.9363
blast\101424.jpg,blast,10203,7466,0.9903
blast\101430.jpg,blast,10203,7466,0.9776
blast\101435.jpg,blast,10203,7466,0.9958
blast\101447.jpg,blast,10203,7466,0.9809
blast\101450.jpg,blast,10203,7466,0.9937
blast\101465.jpg,blast,10203,7466,0.9751
blast\101471.jpg,blast,10203,7466,0.9565
blast\101472.jpg,blast,2839,6,0.9921
blast\101475.jpg,blast,10203,7466,0.9823
blast\101483.jpg,blast,2167,20,1.0
blast\101491.jpg,blast,10203,7466,0.9882
blast\101497.jpg,blast,10203,7466,0.9832
blast\101498.jpg,blast,10203,7466,0.9749
blast\101499.jpg,blast,10203,7466,0.9774
blast\101501.jpg,blast,2847,4,0.9703
blast\101506.jpg,blast,2686,46,0.9783
blast\101510.jpg,blast,10203,7466,0.9859
blast\101519.jpg,blast,10203,7466,0.966
blast\101521.jpg,blast,1569,10,0.9866
blast\101531.jpg,blast,10203,7466,0.9886
blast\101534.jpg,blast,10203,7466,0.9774
blast\101537.jpg,blast,10203,7466,0.9896
blast\101538.jpg,blast,10203,7466,0.9639
blast\101554.jpg,blast,2356,27,0.9723
blast\101555.jpg,blast,10203,7466,0.9867
blast\101556.jpg,blast,1476,1,0.9105
blast\101567.jpg,blast,2686,46,0.9664
blast\101569.jpg,blast,10203,7466,0.9797
blast\101573.jpg,blast,10203,7466,0.9801
blast\101594.jpg,blast,10203,7466,0.9784
blast\101604.jpg,blast,1481,1,0.9414
blast\101624.jpg,blast,10203,7466,0.9917
blast\101628.jpg,blast,10203,7466,0.9611
blast\101630.jpg,blast,10203,7466,0.9848
blast\101637.jpg,blast,10203,7466,0.9824
blast\101666.jpg,blast,10203,7466,0.9879
blast\101671.jpg,blast,10203,7466,0.9741
blast\101683.jpg,blast,10203,7466,0.9644
blast\101686.jpg,blast,10203,7466,0.988
blast\101688.jpg,blast,10203,7466,0.9829
blast\101693.jpg,blast,10203,7466,0.9785
blast\101698.jpg,blast,10203,7466,0.9774
blast\101707.jpg,blast,10203,7466,0.988
blast\101715.jpg,blast,10203,7466,0.9815
blast\101735.jpg,blast,10203,7466,0.9786
blast\101742.jpg,blast,10203,7466,0.9552
blast\101747.jpg,blast,2686,46,0.9695
blast\101749.jpg,blast,10203,7466,0.9876
blast\101751.jpg,blast,10203,7466,0.9749
blast\101754.jpg,blast,10203,7466,0.9917
blast\101755.jpg,blast,10203,7466,0.9813
blast\101756.jpg,blast,2686,46,0.9788
blast\101760.jpg,blast,10203,7466,0.9587
blast\101772.jpg,blast,10203,7466,0.9832
blast\101776.jpg,blast,10203,7466,0.9825
blast\101777.jpg,blast,2686,46,0.9875
blast\101791.jpg,blast,10203,7466,0.9943
blast\101796.jpg,blast,10203,7466,0.9914
blast\101799.jpg,blast,1509,2,0.9753
blast\101804.jpg,blast,10203,7466,0.9703
blast\101811.jpg,blast,1604,23,0.9897
blast\101817.jpg,blast,10203,7466,0.9831
blast\101823.jpg,blast,10203,7466,0.9852
blast\101830.jpg,blast,10203,7466,0.9805
blast\101833.jpg,blast,10203,7466,0.9673
blast\101869.jpg,blast,10203,7466,0.9923
blast\101875.jpg,blast,10203,7466,0.9604
blast\101876.jpg,blast,10203,7466,0.9583
blast\101878.jpg,blast,10203,7466,0.9704
blast\101892.jpg,blast,10203,7466,0.9871
blast\101900.jpg,blast,1521,1,0.9422
blast\101902.jpg,blast,10203,7466,0.9519
blast\101903.jpg,blast,10203,7466,0.9758
blast\101910.jpg,blast,10203,7466,0.988
blast\101923.jpg,blast,10203,7466,0.9878
blast\101935.jpg,blast,10203,7466,0.989
blast\101947.jpg,blast,10203,7466,0.9958
blast\101956.jpg,blast,2748,47,0.9866
blast\101968.jpg,blast,10203,7466,0.9874
blast\101969.jpg,blast,1530,1,0.9267
blast\101971.jpg,blast,10203,7466,0.9791
blast\101981.jpg,blast,1569,10,0.9843
blast\101983.jpg,blast,10203,7466,0.9815
blast\101984.jpg,blast,10203,7466,0.9685
blast\101988.jpg,blast,10203,7466,0.9923
blast\101989.jpg,blast,10203,7466,0.99
blast\101993.jpg,blast,2686,46,0.9851
blast\102002.jpg,blast,2801,4,0.9701
blast\102005.jpg,blast,10203,7466,0.9941
blast\102007.jpg,blast,10203,7466,0.9905
blast\102008.jpg,blast,10203,7466,0.9723
blast\102010.jpg,blast,10203,7466,0.9936
blast\102011.jpg,blast,2686,46,0.9859
blast\102018.jpg,blast,10203,7466,0.9924
blast\102034.jpg,blast,10203,7466,0.9932
blast\102041.jpg,blast,10203,7466,0.9716
blast\102044.jpg,blast,1904,4,0.9801
blast\102048.jpg,blast,10203,7466,0.9702
blast\102052.jpg,blast,10203,7466,0.98
blast\102055.jpg,blast,10203,7466,0.9882
blast\102065.jpg,blast,1604,23,0.9866
blast\102066.jpg,blast,10203,7466,0.9921
blast\102069.jpg,blast,2748,47,0.9813
blast\102070.jpg,blast,10203,7466,0.9935
blast\102079.jpg,blast,10203,7466,0.9839
blast\102090.jpg,blast,10203,7466,0.9807
blast\102091.jpg,blast,10203,7466,0.9833
blast\102096.jpg,blast,10203,7466,0.9831
blast\102101.jpg,blast,10203,7466,0.9938
blast\102102.jpg,blast,10203,7466,0.9826
blast\102103.jpg,blast,10203,7466,0.9734
blast\102110.jpg,blast,10203,7466,0.9853
blast\102114.jpg,blast,10203,7466,0.9789
blast\102118.jpg,blast,10203,7466,0.9796
blast\102124.jpg,blast,10203,7466,0.9846
blast\102125.jpg,blast,10203,7466,0.9747
blast\102133.jpg,blast,2337,2,0.957
blast\102140.jpg,blast,10203,7466,0.9709
blast\102146.jpg,blast,1569,10,0.9843
blast\102148.jpg,blast,10203,7466,0.9803
blast\102156.jpg,blast,2356,27,0.9727
blast\102157.jpg,blast,10203,7466,0.9881
blast\102168.jpg,blast,10203,7466,0.9844
blast\102172.jpg,blast,10203,7466,0.9793
blast\102178.jpg,blast,6581,22,0.9892
blast\102180.jpg,blast,10203,7466,0.9586
blast\102188.jpg,blast,10203,7466,0.992
blast\102189.jpg,blast,10203,7466,0.9891
blast\102192.jpg,blast,10203,7466,0.9821
blast\102198.jpg,blast,4509,12,0.9846
blast\102199.jpg,blast,10203,7466,0.9871
blast\102205.jpg,blast,10203,7466,0.9768
blast\102218.jpg,blast,10203,7466,0.9828
blast\102223.jpg,blast,10203,7466,0.9868
blast\102224.jpg,blast,10203,7466,0.9788
blast\102228.jpg,blast,10203,7466,0.9729
blast\102235.jpg,blast,10203,7466,0.991
blast\102236.jpg,blast,10203,7466,0.9917
blast\102237.jpg,blast,10203,7466,0.968
blast\102241.jpg,blast,10203,7466,0.9677
blast\102244.jpg,blast,10203,7466,0.9885
blast\102250.jpg,blast,10203,7466,0.9941
blast\102252.jpg,blast,10203,7466,0.9965
blast\102257.jpg,blast,10203,7466,0.9899
blast\102268.jpg,blast,10203,7466,0.9875
blast\102274.jpg,blast,2686,46,0.9761
blast\102275.jpg,blast,10203,7466,0.9814
blast\102276.jpg,blast,10203,7466,0.9887
blast\102288.jpg,blast,10203,7466,0.9868
blast\102298.jpg,blast,2847,4,0.9728
blast\102317.jpg,blast,10203,7466,0.9584
blast\102331.jpg,blast,10203,7466,0.9679
blast\102334.jpg,blast,10203,7466,1.0
blast\102341.jpg,blast,1604,23,0.9631
blast\102349.jpg,blast,2554,6,0.971
blast\102374.jpg,blast,10203,7466,0.9867
blast\102378.jpg,blast,10203,7466,0.9872
blast\102393.jpg,blast,10203,7466,0.9816
blast\102395.jpg,blast,10203,7466,0.9855
blast\102407.jpg,blast,10203,7466,0.988
blast\102432.jpg,blast,10203,7466,0.9802
blast\102443.jpg,blast,10203,7466,0.9837
blast\102446.jpg,blast,10203,7466,0.9644
blast\102450.jpg,blast,2356,27,0.9846
blast\102452.jpg,blast,10203,7466,0.9837
blast\102453.jpg,blast,10203,7466,0.9726
blast\102455.jpg,blast,10203,7466,0.9874
blast\102457.jpg,blast,10203,7466,0.9869
blast\102466.jpg,blast,10203,7466,0.9671
blast\102469.jpg,blast,10203,7466,0.9871
blast\102474.jpg,blast,1604,23,0.9927
blast\102478.jpg,blast,10203,7466,0.9801
blast\102480.jpg,blast,10203,7466,0.983
blast\102482.jpg,blast,10203,7466,0.9725
blast\102505.jpg,blast,10203,7466,0.9734
blast\102514.jpg,blast,2748,47,0.9788
blast\102515.jpg,blast,10203,7466,0.9772
blast\102532.jpg,blast,2167,20,0.9824
blast\102538.jpg,blast,1604,23,0.9805
blast\102546.jpg,blast,10203,7466,0.9802
blast\102550.jpg,blast,10203,7466,0.9913
blast\102553.jpg,blast,10203,7466,0.9846
blast\102557.jpg,blast,10203,7466,0.9842
blast\102558.jpg,blast,1634,1,0.9057
blast\102562.jpg,blast,10203,7466,0.9831
blast\102565.jpg,blast,1904,4,0.9688
blast\102570.jpg,blast,10203,7466,0.9676
blast\102571.jpg,blast,10203,7466,0.9865
blast\102573.jpg,blast,10203,7466,0.9876
blast\102588.jpg,blast,10203,7466,0.9904
blast\102592.jpg,blast,10350,5,0.9877
blast\102600.jpg,blast,10203,7466,0.9879
blast\102601.jpg,blast,10203,7466,0.9745
blast\102604.jpg,blast,1644,1,0.942
blast\102611.jpg,blast,10203,7466,0.977
blast\102615.jpg,blast,1646,2,0.9715
blast\102616.jpg,blast,1647,1,0.9486
blast\102621.jpg,blast,2748,47,0.9886
blast\102624.jpg,blast,10203,7466,0.9895
blast\102627.jpg,blast,10203,7466,0.971
blast\102630.jpg,blast,1904,4,0.9801
blast\102643.jpg,blast,10203,7466,0.9942
blast\102645.jpg,blast,2686,46,0.9795
blast\102647.jpg,blast,10203,7466,0.9771
blast\102649.jpg,blast,10203,7466,0.9705
blast\102674.jpg,blast,10203,7466,0.9926
blast\102676.jpg,blast,10203,7466,0.9868
blast\102677.jpg,blast,10203,7466,0.9844
blast\102685.jpg,blast,10203,7466,0.9943
blast\102687.jpg,blast,10203,7466,0.9854
blast\102694.jpg,blast,10203,7466,0.9813
blast\102697.jpg,blast,10203,7466,0.983
blast\102698.jpg,blast,10203,7466,0.9729
blast\102699.jpg,blast,2686,46,0.974
blast\102703.jpg,blast,10203,7466,0.9908
blast\102705.jpg,blast,10203,7466,1.0
blast\102706.jpg,blast,10203,7466,0.9787
blast\102709.jpg,blast,10203,7466,0.9841
blast\102713.jpg,blast,10203,7466,0.9859
blast\102715.jpg,blast,10203,7466,0.985
blast\102724.jpg,blast,10203,7466,0.985
blast\102739.jpg,blast,10203,7466,0.9963
blast\102741.jpg,blast,2167,20,0.9593
blast\102743.jpg,blast,2748,47,0.9879
blast\102745.jpg,blast,2554,6,0.9689
blast\102746.jpg,blast,10203,7466,0.9895
blast\102766.jpg,blast,10203,7466,0.9779
blast\102775.jpg,blast,10203,7466,0.9771
blast\102780.jpg,blast,10203,7466,0.9851
blast\102783.jpg,blast,10203,7466,0.9734
blast\102789.jpg,blast,10203,7466,0.9853
blast\102806.jpg,blast,6581,22,0.9892
blast\102808.jpg,blast,10203,7466,0.9535
blast\102813.jpg,blast,2686,46,0.9775
blast\102816.jpg,blast,10203,7466,0.9942
blast\102828.jpg,blast,10203,7466,0.9857
blast\102829.jpg,blast,10203,7466,0.9791
blast\102832.jpg,blast,2748,47,0.9779
blast\102838.jpg,blast,10203,7466,0.9676
blast\102850.jpg,blast,10203,7466,0.9734
blast\102853.jpg,blast,10203,7466,0.9816
blast\102855.jpg,blast,10203,7466,0.9898
blast\102863.jpg,blast,2686,46,0.9808
blast\102877.jpg,blast,10203,7466,0.9823
blast\102880.jpg,blast,10203,7466,0.9812
blast\102881.jpg,blast,10203,7466,0.9971
blast\102885.jpg,blast,10203,7466,0.9849
blast\102892.jpg,blast,10203,7466,0.9677
blast\102896.jpg,blast,10203,7466,0.9696
blast\102897.jpg,blast,10203,7466,0.9935
blast\102904.jpg,blast,10203,7466,0.9764
blast\102906.jpg,blast,10203,7466,0.9524
blast\102909.jpg,blast,10203,7466,0.9868
blast\102919.jpg,blast,10203,7466,0.9724
blast\102921.jpg,blast,10203,7466,0.9789
blast\102922.jpg,blast,10203,7466,0.9634
blast\102923.jpg,blast,10203,7466,0.9819
blast\102933.jpg,blast,10203,7466,0.9759
blast\102937.jpg,blast,10203,7466,0.9618
blast\102941.jpg,blast,10203,7466,0.9803
blast\102946.jpg,blast,10203,7466,0.981
blast\102949.jpg,blast,10203,7466,0.9852
blast\102951.jpg,blast,10203,7466,0.9761
blast\102958.jpg,blast,10203,7466,0.9699
blast\102962.jpg,blast,10203,7466,0.9912
blast\102969.jpg,blast,10203,7466,0.9812
blast\102972.jpg,blast,10203,7466,0.9766
blast\102990.jpg,blast,10203,7466,0.9796
blast\103002.jpg,blast,10203,7466,0.9955
blast\103012.jpg,blast,10203,7466,0.9814
blast\103013.jpg,blast,10203,7466,0.9802
blast\103020.jpg,blast,10203,7466,0.9874
blast\103024.jpg,blast,10203,7466,0.9894
blast\103029.jpg,blast,10203,7466,0.9811
blast\103036.jpg,blast,10203,7466,0.9942
blast\103038.jpg,blast,10203,7466,0.9737
blast\103059.jpg,blast,10203,7466,0.9878
blast\103062.jpg,blast,10203,7466,0.9837
blast\103071.jpg,blast,10203,7466,0.9678
blast\103075.jpg,blast,10203,7466,0.959
blast\103077.jpg,blast,10203,7466,0.9769
blast\103081.jpg,blast,10203,7466,0.9735
blast\103096.jpg,blast,2686,46,0.9861
blast\103103.jpg,blast,10203,7466,0.9827
blast\103118.jpg,blast,10203,7466,0.9884
blast\103129.jpg,blast,10203,7466,0.9604
blast\103131.jpg,blast,1604,23,0.9901
blast\103142.jpg,blast,10203,7466,0.9897
blast\103144.jpg,blast,2748,47,0.9829
blast\103148.jpg,blast,10203,7466,0.9711
blast\103149.jpg,blast,10203,7466,0.9896
blast\103159.jpg,blast,10203,7466,0.9769
blast\103161.jpg,blast,2404,2,0.9692
blast\103165.jpg,blast,10203,7466,0.9717
blast\103168.jpg,blast,10203,7466,0.9579
blast\103178.jpg,blast,2748,47,0.9866
blast\103181.jpg,blast,10203,7466,0.9592
blast\103182.jpg,blast,10203,7466,0.9815
blast\103204.jpg,blast,10203,7466,0.9747
blast\103207.jpg,blast,10203,7466,0.9579
blast\103211.jpg,blast,10203,7466,0.9878
blast\103212.jpg,blast,10203,7466,0.9934
blast\103224.jpg,blast,10203,7466,0.9694
blast\103225.jpg,blast,10203,7466,0.9704
blast\103238.jpg,blast,10203,7466,0.9935
blast\103240.jpg,blast,10203,7466,0.9798
blast\103246.jpg,blast,10203,7466,0.9827
blast\103251.jpg,blast,10203,7466,0.985
blast\103256.jpg,blast,10203,7466,0.9612
blast\103262.jpg,blast,10203,7466,0.9937
blast\103271.jpg,blast,2686,46,0.9785
blast\103272.jpg,blast,10203,7466,0.9746
blast\103283.jpg,blast,1604,23,0.9927
blast\103284.jpg,blast,10203,7466,0.9888
blast\103285.jpg,blast,10203,7466,0.9844
blast\103289.jpg,blast,10203,7466,0.9941
blast\103293.jpg,blast,2356,27,0.9684
blast\103295.jpg,blast,10203,7466,0.9921
blast\103298.jpg,blast,10203,7466,0.9638
blast\103305.jpg,blast,4509,12,0.9763
blast\103311.jpg,blast,10203,7466,0.983
blast\103314.jpg,blast,10203,7466,0.9871
blast\103317.jpg,blast,10203,7466,0.9737
blast\103321.jpg,blast,10203,7466,0.9799
blast\103327.jpg,blast,10203,7466,0.9756
blast\103332.jpg,blast,10203,7466,0.9569
blast\103336.jpg,blast,1569,10,0.9796
blast\103339.jpg,blast,10203,7466,0.9527
blast\103341.jpg,blast,10203,7466,0.9833
blast\103350.jpg,blast,10203,7466,0.9971
blast\103354.jpg,blast,10203,7466,0.9892
blast\103360.jpg,blast,10203,7466,0.9836
blast\103365.jpg,blast,2356,27,0.982
blast\103374.jpg,blast,10203,7466,0.9784
blast\103375.jpg,blast,10203,7466,0.9827
blast\103376.jpg,blast,10203,7466,0.9885
blast\103378.jpg,blast,10203,7466,0.9918
blast\103379.jpg,blast,10203,7466,0.9826
blast\103390.jpg,blast,10203,7466,0.9876
blast\103404.jpg,blast,1790,1,0.9208
blast\103421.jpg,blast,10203,7466,0.9938
blast\103432.jpg,blast,1604,23,0.9927
blast\103440.jpg,blast,10203,7466,0.988
blast\103445.jpg,blast,10203,7466,0.9742
blast\103449.jpg,blast,10203,7466,0.9836
blast\103452.jpg,blast,10203,7466,0.9832
blast\103453.jpg,blast,10203,7466,0.983
blast\103455.jpg,blast,10203,7466,0.9895
blast\103459.jpg,blast,10203,7466,0.977
blast\103460.jpg,blast,2748,47,0.9791
blast\103470.jpg,blast,10203,7466,0.9539
blast\103477.jpg,blast,1802,1,0.9103
blast\103478.jpg,blast,10203,7466,0.9922
blast\103479.jpg,blast,10203,7466,0.969
blast\103483.jpg,blast,10203,7466,0.9572
blast\103490.jpg,blast,10203,7466,0.9917
blast\103491.jpg,blast,10203,7466,0.9841
blast\103504.jpg,blast,2748,47,0.9877
blast\103506.jpg,blast,10203,7466,0.9906
blast\103513.jpg,blast,10203,7466,0.9748
blast\103514.jpg,blast,2748,47,0.9879
blast\103515.jpg,blast,10203,7466,0.9821
blast\103525.jpg,blast,10203,7466,0.9906
blast\103529.jpg,blast,10203,7466,0.9941
blast\103532.jpg,blast,10203,7466,0.9849
blast\103548.jpg,blast,10203,7466,0.9838
blast\103549.jpg,blast,10203,7466,0.9916
blast\103550.jpg,blast,10203,7466,0.9894
blast\103554.jpg,blast,10203,7466,0.9767
blast\103555.jpg,blast,10203,7466,0.9753
blast\103558.jpg,blast,10203,7466,0.9607
blast\103565.jpg,blast,10203,7466,0.9804
blast\103578.jpg,blast,10203,7466,0.9532
blast\103583.jpg,blast,10203,7466,0.9708
blast\103585.jpg,blast,10203,7466,0.97
blast\103586.jpg,blast,10203,7466,0.9867
blast\103589.jpg,blast,10203,7466,0.9763
blast\103590.jpg,blast,10203,7466,0.9801
blast\103603.jpg,blast,10203,7466,0.9917
blast\103604.jpg,blast,10203,7466,0.9834
blast\103611.jpg,blast,10203,7466,0.984
blast\103612.jpg,blast,10203,7466,0.9736
blast\103618.jpg,blast,10203,7466,0.9665
blast\103619.jpg,blast,2356,27,0.9684
blast\103622.jpg,blast,10203,7466,0.994
blast\103625.jpg,blast,10203,7466,0.9855
blast\103632.jpg,blast,1867,2,0.9088
blast\103652.jpg,blast,10203,7466,0.9881
blast\103653.jpg,blast,1839,1,0.8995
blast\103661.jpg,blast,10203,7466,0.9693
blast\103662.jpg,blast,10203,7466,0.9622
blast\103669.jpg,blast,10203,7466,0.9782
blast\103673.jpg,blast,10203,7466,0.9918
blast\103703.jpg,blast,1844,1,0.9411
blast\103715.jpg,blast,10203,7466,0.9814
blast\103716.jpg,blast,10203,7466,0.9836
blast\103740.jpg,blast,10203,7466,0.9589
blast\103741.jpg,blast,10203,7466,0.9744
blast\103742.jpg,blast,10203,7466,0.9809
blast\103745.jpg,blast,10203,7466,0.9775
blast\103746.jpg,blast,10203,7466,0.985
blast\103749.jpg,blast,10203,7466,0.989
blast\103756.jpg,blast,10203,7466,0.9893
blast\103758.jpg,blast,10203,7466,0.9796
blast\103760.jpg,blast,10203,7466,0.9765
blast\103764.jpg,blast,2686,46,0.9824
blast\103772.jpg,blast,2356,27,0.9757
blast\103780.jpg,blast,2686,46,0.9822
blast\103784.jpg,blast,10203,7466,0.9826
blast\103785.jpg,blast,2437,3,0.9605
blast\103799.jpg,blast,10203,7466,0.978
blast\103806.jpg,blast,2691,2,0.9719
blast\103810.jpg,blast,10203,7466,0.9665
blast\103811.jpg,blast,10203,7466,0.9835
blast\103812.jpg,blast,10203,7466,0.9696
blast\103819.jpg,blast,10203,7466,0.9936
blast\103828.jpg,blast,1867,2,0.9088
blast\103830.jpg,blast,10203,7466,0.9762
blast\103837.jpg,blast,10203,7466,0.9734
blast\103844.jpg,blast,10203,7466,0.9935
blast\103854.jpg,blast,10203,7466,0.9807
blast\103855.jpg,blast,1872,1,0.902
blast\103860.jpg,blast,10203,7466,0.9618
blast\103862.jpg,blast,2351,3,0.9511
blast\103865.jpg,blast,10203,7466,0.9793
blast\103868.jpg,blast,10203,7466,0.9826
blast\103869.jpg,blast,10203,7466,0.9831
blast\103877.jpg,blast,10203,7466,0.9881
blast\103893.jpg,blast,10203,7466,0.9732
blast\103901.jpg,blast,1880,1,0.9292
blast\103902.jpg,blast,10203,7466,0.9835
blast\103906.jpg,blast,10203,7466,0.9672
blast\103907.jpg,blast,10203,7466,0.9879
blast\103910.jpg,blast,10203,7466,0.961
blast\103914.jpg,blast,10203,7466,0.9665
blast\103925.jpg,blast,10203,7466,0.9868
blast\103934.jpg,blast,1887,1,0.9411
blast\103935.jpg,blast,10203,7466,0.9792
blast\103936.jpg,blast,10203,7466,0.9743
blast\103938.jpg,blast,10203,7466,0.9689
blast\103945.jpg,blast,10203,7466,0.9718
blast\103952.jpg,blast,10203,7466,0.9593
blast\103953.jpg,blast,10203,7466,0.9904
blast\103955.jpg,blast,10203,7466,0.997
blast\103958.jpg,blast,10203,7466,0.9837
blast\103964.jpg,blast,10203,7466,0.9771
blast\103970.jpg,blast,10203,7466,0.9929
blast\103971.jpg,blast,10203,7466,0.9926
blast\103975.jpg,blast,10203,7466,0.9705
blast\103978.jpg,blast,10203,7466,0.983
blast\103986.jpg,blast,10203,7466,0.9878
blast\103990.jpg,blast,10203,7466,0.9941
blast\103996.jpg,blast,10203,7466,0.961
blast\103997.jpg,blast,1904,4,0.9688
blast\103998.jpg,blast,10203,7466,0.9733
blast\104006.jpg,blast,10203,7466,0.979
blast\104021.jpg,blast,10203,7466,1.0
blast\104022.jpg,blast,10203,7466,0.9878
blast\104035.jpg,blast,10203,7466,0.9762
blast\104038.jpg,blast,10203,7466,0.9789
blast\104043.jpg,blast,10203,7466,0.9844
blast\104052.jpg,blast,10203,7466,0.98
blast\104056.jpg,blast,10203,7466,0.9747
blast\104065.jpg,blast,10203,7466,0.9888
blast\104069.jpg,blast,2356,27,0.9724
blast\104074.jpg,blast,10203,7466,0.9917
blast\104077.jpg,blast,10203,7466,0.9786
blast\104097.jpg,blast,10203,7466,0.9658
blast\104115.jpg,blast,10203,7466,0.9848
blast\104126.jpg,blast,1920,1,0.9253
blast\104128.jpg,blast,10203,7466,0.9878
blast\104136.jpg,blast,10203,7466,0.9802
blast\104139.jpg,blast,10203,7466,0.9798
blast\104144.jpg,blast,10203,7466,0.9875
blast\104148.jpg,blast,10203,7466,0.9876
blast\104156.jpg,blast,10203,7466,0.9814
blast\104158.jpg,blast,10203,7466,0.9832
blast\104170.jpg,blast,10203,7466,0.9874
blast\104176.jpg,blast,10203,7466,0.9859
blast\104180.jpg,blast,10203,7466,0.981
blast\104191.jpg,blast,10203,7466,0.9974
blast\104195.jpg,blast,10203,7466,0.9829
blast\104203.jpg,blast,10203,7466,0.9729
blast\104215.jpg,blast,10203,7466,0.9841
blast\104225.jpg,blast,10203,7466,0.9809
blast\104226.jpg,blast,10203,7466,0.9894
blast\104233.jpg,blast,10203,7466,0.9849
blast\104249.jpg,blast,10203,7466,0.9832
blast\104264.jpg,blast,10203,7466,0.9741
blast\104272.jpg,blast,10203,7466,0.9867
blast\104281.jpg,blast,10203,7466,0.9791
blast\104282.jpg,blast,10203,7466,0.9835
blast\104309.jpg,blast,10203,7466,0.9745
blast\104310.jpg,blast,10203,7466,0.985
blast\104314.jpg,blast,10203,7466,0.9845
blast\104315.jpg,blast,10203,7466,0.9845
blast\104338.jpg,blast,10203,7466,0.9842
blast\104351.jpg,blast,10203,7466,0.9808
blast\104352.jpg,blast,2748,47,0.9723
blast\104356.jpg,blast,10203,7466,0.9743
blast\104357.jpg,blast,10203,7466,0.9853
blast\104368.jpg,blast,2540,2,0.9695
blast\104369.jpg,blast,2167,20,0.9852
blast\104374.jpg,blast,10203,7466,0.9793
blast\104382.jpg,blast,2686,46,0.9727
blast\104390.jpg,blast,10203,7466,0.9748
blast\104392.jpg,blast,10203,7466,0.9503
blast\104393.jpg,blast,10203,7466,0.9894
blast\104410.jpg,blast,10203,7466,0.9886
blast\104413.jpg,blast,10203,7466,0.9745
blast\104418.jpg,blast,10203,7466,0.9781
blast\104429.jpg,blast,10203,7466,0.9849
blast\104433.jpg,blast,10203,7466,0.9741
blast\104436.jpg,blast,1964,1,0.9448
blast\104453.jpg,blast,10203,7466,0.9836
blast\104456.jpg,blast,10203,7466,0.967
blast\104457.jpg,blast,10203,7466,0.9825
blast\104464.jpg,blast,10203,7466,0.9816
blast\104475.jpg,blast,1969,1,0.9425
blast\104476.jpg,blast,10203,7466,0.9929
blast\104477.jpg,blast,10203,7466,0.9857
blast\104483.jpg,blast,10203,7466,0.9847
blast\104507.jpg,blast,10203,7466,0.9748
blast\104508.jpg,blast,10203,7466,0.9888
blast\104513.jpg,blast,10203,7466,0.9824
blast\104516.jpg,blast,10203,7466,0.9941
blast\104528.jpg,blast,10203,7466,0.9598
blast\104539.jpg,blast,2167,20,0.9857
blast\104543.jpg,blast,10203,7466,0.9845
blast\104547.jpg,blast,10203,7466,0.9836
blast\104559.jpg,blast,10203,7466,0.9605
blast\104571.jpg,blast,10203,7466,0.9849
blast\104572.jpg,blast,10203,7466,0.9774
blast\104575.jpg,blast,10203,7466,0.9765
blast\104577.jpg,blast,2686,46,0.979
blast\104578.jpg,blast,10203,7466,0.9879
blast\104586.jpg,blast,10203,7466,1.0
blast\104587.jpg,blast,10203,7466,0.9788
blast\104589.jpg,blast,1989,1,0.9435
blast\104596.jpg,blast,10203,7466,0.9824
blast\104601.jpg,blast,10203,7466,0.9842
blast\104606.jpg,blast,10203,7466,0.9781
blast\104610.jpg,blast,10203,7466,0.9856
blast\104617.jpg,blast,2365,4,0.9819
blast\104618.jpg,blast,1569,10,0.9904
blast\104643.jpg,blast,10203,7466,0.9764
blast\104647.jpg,blast,10203,7466,0.9821
blast\104648.jpg,blast,10203,7466,0.9804
blast\104650.jpg,blast,10203,7466,0.9891
blast\104651.jpg,blast,10203,7466,0.9843
blast\104661.jpg,blast,2001,1,0.9454
blast\104666.jpg,blast,10203,7466,0.9807
blast\104694.jpg,blast,10203,7466,0.9885
blast\104696.jpg,blast,10203,7466,0.9953
blast\104720.jpg,blast,10203,7466,0.985
blast\104725.jpg,blast,2006,1,0.9469
blast\104733.jpg,blast,10203,7466,0.9714
blast\104734.jpg,blast,10203,7466,0.9874
blast\104739.jpg,blast,2009,1,0.9492
blast\104741.jpg,blast,10203,7466,0.9675
blast\104747.jpg,blast,10203,7466,0.9864
blast\104757.jpg,blast,10203,7466,0.9965
blast\104760.jpg,blast,10203,7466,0.997
blast\104781.jpg,blast,10203,7466,0.9697
blast\104783.jpg,blast,10203,7466,0.9908
blast\104813.jpg,blast,10203,7466,0.9933
blast\104824.jpg,blast,10203,7466,0.9891
blast\104825.jpg,blast,10203,7466,0.9682
blast\104832.jpg,blast,10203,7466,0.9901
blast\104835.jpg,blast,10203,7466,0.9772
blast\104837.jpg,blast,10203,7466,0.9748
blast\104864.jpg,blast,10203,7466,0.9647
blast\104870.jpg,blast,10203,7466,0.9906
blast\104882.jpg,blast,10203,7466,0.9686
blast\104899.jpg,blast,2356,27,0.9688
blast\104900.jpg,blast,10203,7466,0.986
blast\104905.jpg,blast,10203,7466,0.9766
blast\104919.jpg,blast,10203,7466,0.9794
blast\104929.jpg,blast,10203,7466,0.9911
blast\104933.jpg,blast,10203,7466,0.984
blast\104934.jpg,blast,6581,22,0.9755
blast\104939.jpg,blast,10203,7466,0.994
blast\104965.jpg,blast,10203,7466,0.9646
blast\104968.jpg,blast,10203,7466,0.9788
blast\104971.jpg,blast,1604,23,0.9883
blast\105006.jpg,blast,10203,7466,0.9848
blast\105009.jpg,blast,10203,7466,0.988
blast\105024.jpg,blast,10203,7466,0.9567
blast\105028.jpg,blast,10203,7466,0.9764
blast\105038.jpg,blast,10203,7466,1.0
blast\105040.jpg,blast,10203,7466,0.9781
blast\105045.jpg,blast,2686,46,0.9759
blast\105054.jpg,blast,10203,7466,0.9832
blast\105061.jpg,blast,10203,7466,0.9901
blast\105068.jpg,blast,10203,7466,0.9879
blast\105075.jpg,blast,10203,7466,0.9909
blast\105076.jpg,blast,10203,7466,0.9736
blast\105078.jpg,blast,10203,7466,0.9839
blast\105089.jpg,blast,10203,7466,0.9751
blast\105103.jpg,blast,10203,7466,0.983
blast\105109.jpg,blast,10203,7466,0.9677
blast\105123.jpg,blast,10203,7466,0.9872
blast\105127.jpg,blast,10203,7466,0.9812
blast\105131.jpg,blast,10203,7466,0.9828
blast\105133.jpg,blast,10203,7466,0.9923
blast\105136.jpg,blast,10203,7466,0.9875
blast\105148.jpg,blast,10203,7466,0.9877
blast\105149.jpg,blast,10203,7466,0.9738
blast\105150.jpg,blast,10203,7466,0.9782
blast\105155.jpg,blast,10203,7466,0.9857
blast\105157.jpg,blast,10203,7466,0.9723
blast\105162.jpg,blast,10203,7466,0.9872
blast\105171.jpg,blast,2748,47,0.9794
blast\105173.jpg,blast,10203,7466,0.9779
blast\105175.jpg,blast,10203,7466,0.9648
blast\105177.jpg,blast,10203,7466,0.9763
blast\105186.jpg,blast,10203,7466,0.9879
blast\105193.jpg,blast,2167,20,0.9783
blast\105196.jpg,blast,10203,7466,0.994
blast\105200.jpg,blast,10203,7466,0.9791
blast\105202.jpg,blast,10203,7466,0.9942
blast\105204.jpg,blast,10203,7466,0.9914
blast\105215.jpg,blast,10203,7466,0.979
blast\105220.jpg,blast,2074,1,0.9257
blast\105226.jpg,blast,10203,7466,0.9684
blast\105233.jpg,blast,10203,7466,0.9795
blast\105234.jpg,blast,10203,7466,0.9832
blast\105246.jpg,blast,10203,7466,0.9702
blast\105247.jpg,blast,10203,7466,0.9738
blast\105257.jpg,blast,10203,7466,0.9908
blast\105264.jpg,blast,10203,7466,0.9835
blast\105274.jpg,blast,10203,7466,0.9885
blast\105277.jpg,blast,10203,7466,0.9796
blast\105280.jpg,blast,10203,7466,0.9878
blast\105285.jpg,blast,2085,1,0.9422
blast\105288.jpg,blast,10203,7466,0.989
blast\105293.jpg,blast,10203,7466,0.9871
blast\105294.jpg,blast,10203,7466,0.9884
blast\105300.jpg,blast,2748,47,0.9856
blast\105307.jpg,blast,10203,7466,0.9838
blast\105316.jpg,blast,2091,1,0.945
blast\105318.jpg,blast,2554,6,0.971
blast\105321.jpg,blast,10203,7466,0.9835
blast\105325.jpg,blast,10203,7466,0.9688
blast\105331.jpg,blast,5749,15,0.9617
blast\105333.jpg,blast,10203,7466,0.9559
blast\105342.jpg,blast,10203,7466,0.9914
blast\105347.jpg,blast,10203,7466,0.988
blast\105351.jpg,blast,10203,7466,0.9797
blast\105352.jpg,blast,10203,7466,0.9933
blast\105358.jpg,blast,10203,7466,0.9925
blast\105360.jpg,blast,10203,7466,0.9831
blast\105370.jpg,blast,2103,1,0.9363
blast\105395.jpg,blast,10203,7466,0.9757
blast\105396.jpg,blast,10203,7466,0.9863
blast\105397.jpg,blast,10203,7466,0.9908
blast\105405.jpg,blast,10203,7466,0.9826
blast\105411.jpg,blast,10203,7466,0.9841
blast\105412.jpg,blast,10203,7466,0.986
blast\105418.jpg,blast,10203,7466,0.9844
blast\105425.jpg,blast,10203,7466,0.9869
blast\105432.jpg,blast,4509,12,0.9812
blast\105444.jpg,blast,10203,7466,0.973
blast\105451.jpg,blast,10203,7466,0.9815
blast\105452.jpg,blast,10203,7466,0.9858
blast\105456.jpg,blast,10203,7466,0.9786
blast\105458.jpg,blast,10203,7466,0.9888
blast\105462.jpg,blast,10203,7466,0.9835
blast\105466.jpg,blast,10203,7466,0.9887
blast\105467.jpg,blast,10203,7466,0.9905
blast\105468.jpg,blast,10203,7466,0.9827
blast\105488.jpg,blast,10203,7466,0.9832
blast\105490.jpg,blast,10203,7466,0.9678
blast\105497.jpg,blast,10203,7466,0.9738
blast\105498.jpg,blast,10203,7466,0.9758
blast\105503.jpg,blast,10203,7466,0.9868
blast\105506.jpg,blast,10203,7466,0.951
blast\105507.jpg,blast,10203,7466,0.9935
blast\105509.jpg,blast,10203,7466,0.9716
blast\105515.jpg,blast,10203,7466,0.9631
blast\105517.jpg,blast,10203,7466,0.9765
blast\105519.jpg,blast,10203,7466,0.9852
blast\105524.jpg,blast,10203,7466,0.9797
blast\105526.jpg,blast,10203,7466,0.9784
blast\105528.jpg,blast,10203,7466,0.984
blast\105531.jpg,blast,10203,7466,0.9866
blast\105538.jpg,blast,10203,7466,0.9779
blast\105541.jpg,blast,2356,27,0.9807
blast\105552.jpg,blast,10203,7466,0.9827
blast\105566.jpg,blast,10203,7466,0.9803
blast\105569.jpg,blast,1604,23,0.9823
blast\105576.jpg,blast,10203,7466,0.9712
blast\105581.jpg,blast,10203,7466,0.9785
blast\105593.jpg,blast,10203,7466,0.9806
blast\105604.jpg,blast,2145,1,0.9392
blast\105611.jpg,blast,10203,7466,0.967
blast\105613.jpg,blast,10203,7466,0.9843
blast\105626.jpg,blast,10203,7466,1.0
blast\105641.jpg,blast,10203,7466,0.9873
blast\105653.jpg,blast,10203,7466,0.9921
blast\105657.jpg,blast,10203,7466,0.9807
blast\105658.jpg,blast,2152,1,0.9411
blast\105659.jpg,blast,10203,7466,0.9864
blast\105663.jpg,blast,10203,7466,0.9863
blast\105665.jpg,blast,10203,7466,0.984
blast\105666.jpg,blast,2167,20,0.9774
blast\105679.jpg,blast,1604,23,0.9907
blast\105682.jpg,blast,6823,51,0.975
blast\105687.jpg,blast,10203,7466,0.973
blast\105688.jpg,blast,10203,7466,0.9675
blast\105694.jpg,blast,10203,7466,0.9572
blast\105695.jpg,blast,10203,7466,0.9843
blast\105701.jpg,blast,10203,7466,0.9893
blast\105717.jpg,blast,2748,47,0.9829
blast\105721.jpg,blast,2748,47,0.9767
blast\105751.jpg,blast,10203,7466,0.9804
blast\105753.jpg,blast,2167,20,0.9608
blast\105755.jpg,blast,10203,7466,0.9758
blast\105757.jpg,blast,10203,7466,0.9963
blast\105762.jpg,blast,10203,7466,0.9909
blast\105780.jpg,blast,10203,7466,0.9871
blast\105781.jpg,blast,10203,7466,0.9813
blast\105796.jpg,blast,10203,7466,0.9761
blast\105803.jpg,blast,10203,7466,0.9731
blast\105809.jpg,blast,10203,7466,0.9674
blast\105811.jpg,blast,10203,7466,0.9752
blast\105813.jpg,blast,10203,7466,0.9789
blast\105817.jpg,blast,10203,7466,0.9565
blast\105826.jpg,blast,10203,7466,0.979
blast\105831.jpg,blast,10203,7466,0.9811
blast\105833.jpg,blast,10203,7466,0.9772
blast\105836.jpg,blast,10203,7466,0.9785
blast\105840.jpg,blast,10203,7466,1.0
blast\105853.jpg,blast,10203,7466,0.9919
blast\105854.jpg,blast,10203,7466,0.9712
blast\105862.jpg,blast,10203,7466,0.9817
blast\105867.jpg,blast,10203,7466,0.9631
blast\105870.jpg,blast,10203,7466,0.9701
blast\105871.jpg,blast,10203,7466,0.9669
blast\105882.jpg,blast,10203,7466,0.981
blast\105886.jpg,blast,10203,7466,0.9785
blast\105888.jpg,blast,10203,7466,0.9754
blast\105889.jpg,blast,10203,7466,0.9824
blast\105896.jpg,blast,10203,7466,0.9859
blast\105898.jpg,blast,2195,1,0.9489
blast\105902.jpg,blast,2196,1,0.9263
blast\105903.jpg,blast,10203,7466,0.9931
blast\105912.jpg,blast,10203,7466,0.9916
blast\105913.jpg,blast,10203,7466,0.9718
blast\105915.jpg,blast,2748,47,0.9531
blast\105918.jpg,blast,10203,7466,0.9831
blast\105920.jpg,blast,10203,7466,0.9802
blast\105925.jpg,blast,10203,7466,0.9899
blast\105932.jpg,blast,10203,7466,0.9868
blast\105936.jpg,blast,10203,7466,0.9816
blast\105938.jpg,blast,10203,7466,0.9846
blast\105939.jpg,blast,10203,7466,0.9554
blast\105944.jpg,blast,10203,7466,0.9878
blast\105945.jpg,blast,10203,7466,0.9825
blast\105957.jpg,blast,10203,7466,0.9793
blast\105962.jpg,blast,2167,20,1.0
blast\105964.jpg,blast,2356,27,0.9569
blast\105965.jpg,blast,10203,7466,0.9802
blast\105975.jpg,blast,10203,7466,0.988
blast\105976.jpg,blast,10203,7466,0.9732
blast\105985.jpg,blast,10203,7466,0.9695
blast\105990.jpg,blast,10203,7466,0.9841
blast\105995.jpg,blast,10203,7466,0.9749
blast\106000.jpg,blast,10203,7466,0.983
blast\106003.jpg,blast,10203,7466,0.9904
blast\106011.jpg,blast,10203,7466,0.972
blast\106023.jpg,blast,10203,7466,0.9914
blast\106024.jpg,blast,10203,7466,0.9878
blast\106033.jpg,blast,10203,7466,0.979
blast\106034.jpg,blast,10203,7466,0.9571
blast\106037.jpg,blast,10203,7466,0.9799
blast\106039.jpg,blast,10203,7466,0.9586
blast\106040.jpg,blast,10203,7466,0.9786
blast\106041.jpg,blast,10203,7466,0.9801
blast\106044.jpg,blast,10203,7466,0.9907
blast\106047.jpg,blast,10203,7466,0.9898
blast\106048.jpg,blast,10203,7466,0.9764
blast\106050.jpg,blast,10203,7466,0.9874
blast\106057.jpg,blast,10203,7466,0.9789
blast\106059.jpg,blast,4509,12,0.9734
blast\106061.jpg,blast,2365,4,0.9747
blast\106067.jpg,blast,10203,7466,0.9901
blast\106069.jpg,blast,10203,7466,0.9935
blast\106072.jpg,blast,10203,7466,0.9735
blast\106078.jpg,blast,10203,7466,0.9653
blast\106083.jpg,blast,10203,7466,0.9805
blast\106088.jpg,blast,10203,7466,0.9935
blast\106099.jpg,blast,10203,7466,0.9804
blast\106102.jpg,blast,10203,7466,1.0
blast\106127.jpg,blast,10203,7466,0.9749
blast\106130.jpg,blast,10203,7466,0.9868
blast\106134.jpg,blast,10203,7466,0.9841
blast\106147.jpg,blast,10203,7466,0.9907
blast\106148.jpg,blast,10203,7466,0.9833
blast\106153.jpg,blast,10203,7466,0.991
blast\106167.jpg,blast,2801,4,0.9702
blast\106172.jpg,blast,10203,7466,0.9823
blast\106176.jpg,blast,10203,7466,0.9782
blast\106205.jpg,blast,10203,7466,0.9917
blast\106206.jpg,blast,2686,46,0.9757
blast\106208.jpg,blast,10203,7466,0.9722
blast\106223.jpg,blast,10203,7466,0.9933
blast\106227.jpg,blast,2356,27,0.9687
blast\106245.jpg,blast,10203,7466,0.9924
blast\106249.jpg,blast,2260,1,0.9442
blast\106255.jpg,blast,10203,7466,0.9872
blast\106266.jpg,blast,10203,7466,0.9894
blast\106267.jpg,blast,2263,3,0.9646
blast\106269.jpg,blast,10203,7466,0.9729
blast\106271.jpg,blast,10203,7466,0.9877
blast\106276.jpg,blast,10203,7466,0.9878
blast\106286.jpg,blast,10203,7466,0.982
blast\106306.jpg,blast,10203,7466,0.98
blast\106324.jpg,blast,10203,7466,0.954
blast\106326.jpg,blast,10203,7466,0.973
blast\106341.jpg,blast,2748,47,0.9602
blast\106350.jpg,blast,10203,7466,0.9793
blast\106353.jpg,blast,10203,7466,0.9626
blast\106354.jpg,blast,10203,7466,0.9942
blast\106357.jpg,blast,10203,7466,0.9885
blast\106360.jpg,blast,1604,23,0.9839
blast\106361.jpg,blast,10203,7466,0.9965
blast\106372.jpg,blast,10203,7466,0.9805
blast\106383.jpg,blast,10203,7466,0.972
blast\106384.jpg,blast,10203,7466,0.9818
blast\106392.jpg,blast,6823,51,0.975
blast\106397.jpg,blast,2554,6,0.9689
blast\106398.jpg,blast,10203,7466,0.9831
blast\106405.jpg,blast,10203,7466,0.9832
blast\106431.jpg,blast,10203,7466,0.9836
blast\106439.jpg,blast,10203,7466,0.9698
blast\106443.jpg,blast,2748,47,0.9772
blast\106449.jpg,blast,10203,7466,0.9765
blast\106451.jpg,blast,10203,7466,0.9765
blast\106453.jpg,blast,10203,7466,0.967
blast\106462.jpg,blast,2686,46,0.9778
blast\106464.jpg,blast,10203,7466,0.9898
blast\106472.jpg,blast,10203,7466,0.9762
blast\106473.jpg,blast,10203,7466,0.9876
blast\106486.jpg,blast,10203,7466,0.9811
blast\106489.jpg,blast,10203,7466,0.9869
blast\106493.jpg,blast,10203,7466,0.9916
blast\106494.jpg,blast,10203,7466,0.9702
blast\106495.jpg,blast,2571,3,0.9567
blast\106513.jpg,blast,10203,7466,0.972
blast\106517.jpg,blast,2686,46,0.9766
blast\106520.jpg,blast,10203,7466,1.0
blast\106527.jpg,blast,10203,7466,0.9801
blast\106536.jpg,blast,10203,7466,0.9801
blast\106548.jpg,blast,10203,7466,0.9797
blast\106550.jpg,blast,10203,7466,0.9842
blast\106552.jpg,blast,10203,7466,0.9919
blast\106557.jpg,blast,10203,7466,0.9746
blast\106560.jpg,blast,2554,6,0.9691
blast\106566.jpg,blast,10203,7466,0.9753
blast\106569.jpg,blast,10203,7466,0.9843
blast\106604.jpg,blast,10203,7466,0.9528
blast\106607.jpg,blast,10203,7466,0.9843
blast\106608.jpg,blast,1569,10,0.9904
blast\106609.jpg,blast,10203,7466,0.9931
blast\106612.jpg,blast,10203,7466,0.9855
blast\106619.jpg,blast,2686,46,0.9785
blast\106620.jpg,blast,2365,4,0.9819
blast\106621.jpg,blast,10203,7466,0.9882
blast\106622.jpg,blast,10203,7466,0.9732
blast\106631.jpg,blast,10203,7466,0.9723
blast\106637.jpg,blast,10203,7466,0.9639
blast\106639.jpg,blast,2167,20,0.9712
blast\106641.jpg,blast,10203,7466,0.9857
blast\106644.jpg,blast,10203,7466,0.9683
blast\106646.jpg,blast,10203,7466,0.9939
blast\106649.jpg,blast,2686,46,0.968
blast\106653.jpg,blast,10203,7466,0.9826
blast\106692.jpg,blast,10203,7466,0.9873
blast\106693.jpg,blast,10203,7466,0.9867
blast\106696.jpg,blast,2748,47,0.9749
blast\106706.jpg,blast,10203,7466,0.9763
blast\106708.jpg,blast,10203,7466,0.9826
blast\106709.jpg,blast,10203,7466,0.9827
blast\106730.jpg,blast,10203,7466,0.9781
blast\106744.jpg,blast,10203,7466,0.9837
blast\106746.jpg,blast,2337,2,0.957
blast\106747.jpg,blast,10203,7466,0.9933
blast\106767.jpg,blast,10203,7466,0.984
blast\106769.jpg,blast,10203,7466,0.9849
blast\106770.jpg,blast,10203,7466,0.9879
blast\106775.jpg,blast,10203,7466,0.9843
blast\106787.jpg,blast,10203,7466,0.9791
blast\106800.jpg,blast,10203,7466,0.972
blast\106807.jpg,blast,10203,7466,0.9866
blast\106808.jpg,blast,10203,7466,0.9856
blast\106820.jpg,blast,10203,7466,0.9914
blast\106832.jpg,blast,10203,7466,0.9852
blast\106847.jpg,blast,10203,7466,0.9772
blast\106850.jpg,blast,2167,20,0.983
blast\106863.jpg,blast,2351,3,0.9618
blast\106877.jpg,blast,10203,7466,0.9752
blast\106881.jpg,blast,10203,7466,0.9741
blast\106888.jpg,blast,10203,7466,0.9884
blast\106904.jpg,blast,10203,7466,0.9677
blast\106909.jpg,blast,2356,27,0.9688
blast\106917.jpg,blast,10203,7466,0.9716
blast\106921.jpg,blast,10203,7466,0.9919
blast\106928.jpg,blast,10203,7466,0.99
blast\106940.jpg,blast,10203,7466,0.9829
blast\106943.jpg,blast,10203,7466,0.9887
blast\106947.jpg,blast,10203,7466,0.9885
blast\106969.jpg,blast,10203,7466,0.9758
blast\106979.jpg,blast,10203,7466,0.9748
blast\106981.jpg,blast,2365,4,0.9612
blast\106998.jpg,blast,10203,7466,0.9626
blast\107002.jpg,blast,10203,7466,0.9789
blast\107031.jpg,blast,10203,7466,0.9809
blast\107039.jpg,blast,10203,7466,0.971
blast\107069.jpg,blast,10203,7466,1.0
blast\107076.jpg,blast,10203,7466,0.9833
blast\107080.jpg,blast,2372,1,0.8826
blast\107094.jpg,blast,10203,7466,0.9732
blast\107099.jpg,blast,10203,7466,0.9909
blast\107107.jpg,blast,10203,7466,0.9891
blast\107109.jpg,blast,10203,7466,0.9853
blast\107114.jpg,blast,2167,20,0.9818
blast\107119.jpg,blast,10203,7466,0.9831
blast\107123.jpg,blast,10203,7466,0.986
blast\107131.jpg,blast,10203,7466,0.9766
blast\107132.jpg,blast,10203,7466,0.994
blast\107147.jpg,blast,10203,7466,0.9953
blast\107170.jpg,blast,10203,7466,0.9771
blast\107172.jpg,blast,2384,1,0.9453
blast\107176.jpg,blast,10203,7466,0.977
blast\107181.jpg,blast,10203,7466,0.9836
blast\107184.jpg,blast,10203,7466,0.9877
blast\107194.jpg,blast,10203,7466,0.9886
blast\107195.jpg,blast,10203,7466,0.9908
blast\107196.jpg,blast,10203,7466,0.9784
blast\107207.jpg,blast,2391,2,0.9814
blast\107208.jpg,blast,10203,7466,0.9853
blast\107215.jpg,blast,10203,7466,0.9789
blast\107218.jpg,blast,10203,7466,0.9894
blast\107222.jpg,blast,10203,7466,0.98
blast\107225.jpg,blast,2396,1,0.9473
blast\107227.jpg,blast,10203,7466,0.9675
blast\107235.jpg,blast,10203,7466,0.9676
blast\107236.jpg,blast,10203,7466,0.981
blast\107237.jpg,blast,10203,7466,0.9901
blast\107240.jpg,blast,10203,7466,0.9783
blast\107245.jpg,blast,10203,7466,0.9921
blast\107248.jpg,blast,10203,7466,0.982
blast\107249.jpg,blast,2404,2,0.9692
blast\107256.jpg,blast,2686,46,0.9793
blast\107262.jpg,blast,10203,7466,0.9777
blast\107265.jpg,blast,10203,7466,0.9794
blast\107282.jpg,blast,2748,47,0.9765
blast\107289.jpg,blast,10203,7466,0.9808
blast\107301.jpg,blast,10203,7466,0.9563
blast\107304.jpg,blast,10203,7466,0.9786
blast\107307.jpg,blast,10203,7466,0.9891
blast\107309.jpg,blast,10203,7466,0.9803
blast\107315.jpg,blast,10203,7466,0.979
blast\107318.jpg,blast,2415,1,0.9457
blast\107319.jpg,blast,2748,47,0.9684
blast\107327.jpg,blast,10203,7466,0.9769
blast\107330.jpg,blast,10203,7466,0.9866
blast\107332.jpg,blast,10203,7466,0.986
blast\107339.jpg,blast,10203,7466,0.9808
blast\107344.jpg,blast,2686,46,0.9848
blast\107354.jpg,blast,10203,7466,0.9737
blast\107370.jpg,blast,10203,7466,0.9782
blast\107373.jpg,blast,10203,7466,0.9892
blast\107374.jpg,blast,10203,7466,0.9874
blast\107391.jpg,blast,10203,7466,0.9794
blast\107395.jpg,blast,10203,7466,0.965
blast\107398.jpg,blast,2167,20,0.9904
blast\107401.jpg,blast,10203,7466,0.9963
blast\107406.jpg,blast,10203,7466,0.9865
blast\107410.jpg,blast,10203,7466,0.9715
blast\107411.jpg,blast,10203,7466,0.9916
blast\107412.jpg,blast,10203,7466,0.978
blast\107430.jpg,blast,10203,7466,0.9798
blast\107440.jpg,blast,10203,7466,0.9965
blast\107444.jpg,blast,10203,7466,0.9906
blast\107454.jpg,blast,2437,3,0.9605
blast\107456.jpg,blast,10203,7466,0.9876
blast\107467.jpg,blast,10203,7466,0.9879
blast\107477.jpg,blast,10203,7466,0.9885
blast\107488.jpg,blast,10203,7466,0.9746
blast\107489.jpg,blast,2686,46,0.9791
blast\107490.jpg,blast,10203,7466,0.9899
blast\107500.jpg,blast,10203,7466,0.9837
blast\107503.jpg,blast,10203,7466,0.9759
blast\107522.jpg,blast,10203,7466,0.9871
blast\107524.jpg,blast,10203,7466,0.9803
blast\107525.jpg,blast,10203,7466,0.9828
blast\107530.jpg,blast,10203,7466,0.9897
blast\107543.jpg,blast,10203,7466,0.9852
blast\107545.jpg,blast,10203,7466,0.9887
blast\107552.jpg,blast,10203,7466,0.9552
blast\107564.jpg,blast,10203,7466,0.9639
blast\107577.jpg,blast,10203,7466,0.9822
blast\107583.jpg,blast,10203,7466,0.9861
blast\107585.jpg,blast,10203,7466,0.9925
blast\107590.jpg,blast,10203,7466,0.9837
blast\107596.jpg,blast,10203,7466,0.9806
blast\107600.jpg,blast,10203,7466,0.9828
blast\107604.jpg,blast,10203,7466,0.989
blast\107608.jpg,blast,10203,7466,0.9845
blast\107627.jpg,blast,10203,7466,0.9712
blast\107628.jpg,blast,10203,7466,0.9635
blast\107631.jpg,blast,10203,7466,0.9814
blast\107636.jpg,blast,10203,7466,0.9666
blast\107645.jpg,blast,10203,7466,0.9784
blast\107647.jpg,blast,10203,7466,0.98
blast\107659.jpg,blast,2571,3,0.9644
blast\107663.jpg,blast,10203,7466,0.9704
blast\107664.jpg,blast,10203,7466,0.9726
blast\107667.jpg,blast,10203,7466,0.9825
blast\107669.jpg,blast,10203,7466,0.9777
blast\107677.jpg,blast,10203,7466,0.9895
blast\107680.jpg,blast,2839,6,0.9921
blast\107692.jpg,blast,10203,7466,0.9828
blast\107698.jpg,blast,10203,7466,0.9808
blast\107700.jpg,blast,10203,7466,0.969
blast\107704.jpg,blast,10203,7466,0.97
blast\107713.jpg,blast,10203,7466,0.9779
blast\107714.jpg,blast,10203,7466,0.9781
blast\107715.jpg,blast,10203,7466,0.9751
blast\107717.jpg,blast,10203,7466,0.9877
blast\107728.jpg,blast,1604,23,0.9907
blast\107729.jpg,blast,10203,7466,0.9755
blast\107731.jpg,blast,10203,7466,0.9876
blast\107766.jpg,blast,10203,7466,0.9878
blast\107775.jpg,blast,2686,46,0.979
blast\107780.jpg,blast,10203,7466,0.9825
blast\107781.jpg,blast,10203,7466,0.9543
blast\107787.jpg,blast,10203,7466,0.9897
blast\107790.jpg,blast,10203,7466,0.9717
blast\107798.jpg,blast,2356,27,0.9751
blast\107799.jpg,blast,10203,7466,0.9919
blast\107802.jpg,blast,10203,7466,0.9893
blast\107803.jpg,blast,10203,7466,0.9782
blast\107815.jpg,blast,10203,7466,0.9737
blast\107817.jpg,blast,10203,7466,0.9866
blast\107819.jpg,blast,10203,7466,0.9684
blast\107824.jpg,blast,10203,7466,0.9953
blast\107830.jpg,blast,4509,12,0.9846
blast\107836.jpg,blast,10203,7466,0.9936
blast\107843.jpg,blast,2748,47,0.9886
blast\107846.jpg,blast,10203,7466,0.9804
blast\107858.jpg,blast,10203,7466,0.9772
blast\107875.jpg,blast,10203,7466,0.9668
blast\107880.jpg,blast,10203,7466,0.9839
blast\107881.jpg,blast,10203,7466,0.9827
blast\107889.jpg,blast,2508,1,0.9422
blast\107896.jpg,blast,10203,7466,0.9729
blast\107900.jpg,blast,10203,7466,0.9814
blast\107905.jpg,blast,10203,7466,0.9838
blast\107934.jpg,blast,10203,7466,0.9847
blast\107937.jpg,blast,10203,7466,0.9828
blast\107950.jpg,blast,10203,7466,0.9777
blast\107953.jpg,blast,10203,7466,0.9782
blast\107958.jpg,blast,10203,7466,0.9694
blast\107965.jpg,blast,2686,46,0.9827
blast\107970.jpg,blast,10203,7466,0.9941
blast\107974.jpg,blast,10203,7466,0.9831
blast\107975.jpg,blast,10203,7466,0.9882
blast\107985.jpg,blast,10203,7466,0.9827
blast\107988.jpg,blast,10203,7466,0.9824
blast\107996.jpg,blast,10203,7466,0.9797
blast\107999.jpg,blast,10203,7466,0.9799
blast\108002.jpg,blast,10203,7466,0.9947
blast\108003.jpg,blast,10203,7466,0.9798
blast\108010.jpg,blast,10203,7466,0.9527
blast\108014.jpg,blast,10203,7466,0.9855
blast\108025.jpg,blast,10203,7466,0.9856
blast\108029.jpg,blast,10203,7466,0.9786
blast\108034.jpg,blast,10203,7466,0.9888
blast\108041.jpg,blast,10203,7466,0.9764
blast\108044.jpg,blast,1569,10,0.9909
blast\108049.jpg,blast,10203,7466,0.9786
blast\108059.jpg,blast,10203,7466,0.9868
blast\108066.jpg,blast,2748,47,0.957
blast\108068.jpg,blast,10203,7466,0.9649
blast\108070.jpg,blast,10203,7466,0.9761
blast\108075.jpg,blast,2167,20,0.9818
blast\108081.jpg,blast,2540,2,0.9695
blast\108115.jpg,blast,10203,7466,0.9739
blast\108130.jpg,blast,10203,7466,0.9779
blast\108137.jpg,blast,10203,7466,0.9792
blast\108143.jpg,blast,10203,7466,0.9924
blast\108144.jpg,blast,10203,7466,0.9793
blast\108147.jpg,blast,10203,7466,0.9909
blast\108151.jpg,blast,10203,7466,0.9777
blast\108163.jpg,blast,10203,7466,0.9837
blast\108170.jpg,blast,10203,7466,0.9897
blast\108174.jpg,blast,10203,7466,0.9799
blast\108175.jpg,blast,10203,7466,0.9906
blast\108179.jpg,blast,10203,7466,0.9905
blast\108180.jpg,blast,10203,7466,0.9836
blast\108181.jpg,blast,2554,6,0.9691
blast\108202.jpg,blast,10203,7466,0.9955
blast\108212.jpg,blast,10203,7466,0.9841
blast\108215.jpg,blast,10203,7466,0.9836
blast\108217.jpg,blast,10203,7466,0.9859
blast\108221.jpg,blast,10203,7466,0.9896
blast\108225.jpg,blast,10203,7466,0.9859
blast\108233.jpg,blast,2561,1,0.93
blast\108239.jpg,blast,10203,7466,0.9804
blast\108247.jpg,blast,10203,7466,0.9775
blast\108256.jpg,blast,2167,20,0.9904
blast\108269.jpg,blast,2565,1,0.9449
blast\108291.jpg,blast,10203,7466,0.9895
blast\108293.jpg,blast,10203,7466,0.9859
blast\108294.jpg,blast,10203,7466,0.9879
blast\108300.jpg,blast,10203,7466,0.9868
blast\108316.jpg,blast,10203,7466,0.9838
blast\108331.jpg,blast,2571,3,0.9644
blast\108332.jpg,blast,10203,7466,0.9796
blast\108333.jpg,blast,2686,46,0.9785
blast\108334.jpg,blast,10203,7466,0.9801
blast\108339.jpg,blast,10203,7466,0.9796
blast\108343.jpg,blast,10203,7466,0.9618
blast\108348.jpg,blast,10203,7466,0.986
blast\108349.jpg,blast,10203,7466,0.9847
blast\108373.jpg,blast,10203,7466,0.9788
blast\108376.jpg,blast,10203,7466,0.9906
blast\108380.jpg,blast,2581,2,0.9797
blast\108382.jpg,blast,10203,7466,0.9797
blast\108387.jpg,blast,2583,1,0.9427
blast\108398.jpg,blast,10203,7466,0.9714
blast\108399.jpg,blast,10203,7466,0.9733
blast\108403.jpg,blast,10203,7466,1.0
blast\108405.jpg,blast,10203,7466,0.9901
blast\108414.jpg,blast,10203,7466,0.9916
blast\108418.jpg,blast,1604,23,0.9808
blast\108419.jpg,blast,10203,7466,0.9852
blast\108433.jpg,blast,10203,7466,0.9842
blast\108437.jpg,blast,2592,1,0.9174
blast\108443.jpg,blast,10203,7466,0.9782
blast\108448.jpg,blast,10203,7466,0.973
blast\108449.jpg,blast,2748,47,0.9599
blast\108450.jpg,blast,10203,7466,0.9748
blast\108451.jpg,blast,10203,7466,0.9695
blast\108455.jpg,blast,10203,7466,1.0
blast\108470.jpg,blast,10203,7466,0.9884
blast\108475.jpg,blast,10203,7466,0.9786
blast\108481.jpg,blast,10203,7466,0.9813
blast\108488.jpg,blast,10203,7466,0.9731
blast\108494.jpg,blast,10203,7466,0.9942
blast\108498.jpg,blast,10203,7466,0.9821
blast\108506.jpg,blast,10203,7466,0.9678
blast\108514.jpg,blast,10203,7466,0.9682
blast\108523.jpg,blast,10203,7466,0.9772
blast\108527.jpg,blast,10203,7466,0.9916
blast\108529.jpg,blast,10203,7466,0.9789
blast\108531.jpg,blast,10203,7466,0.9947
blast\108538.jpg,blast,10203,7466,0.9716
blast\108555.jpg,blast,10203,7466,0.9895
blast\108561.jpg,blast,2356,27,0.97
blast\108570.jpg,blast,2614,1,0.9449
blast\108581.jpg,blast,10203,7466,0.9813
blast\108582.jpg,blast,10203,7466,0.9764
blast\108595.jpg,blast,10203,7466,0.9658
blast\108601.jpg,blast,10203,7466,0.9942
blast\108609.jpg,blast,2686,46,0.9845
blast\108625.jpg,blast,10203,7466,0.981
blast\108636.jpg,blast,10203,7466,0.9887
blast\108639.jpg,blast,10203,7466,0.9887
blast\108669.jpg,blast,10203,7466,0.9906
blast\108677.jpg,blast,10203,7466,0.9752
blast\108683.jpg,blast,10203,7466,0.978
blast\108685.jpg,blast,10203,7466,0.9585
blast\108704.jpg,blast,10203,7466,0.9527
blast\108715.jpg,blast,10203,7466,0.9934
blast\108718.jpg,blast,10203,7466,0.9592
blast\108719.jpg,blast,2630,1,0.9292
blast\108722.jpg,blast,10203,7466,0.9837
blast\108742.jpg,blast,10203,7466,0.9876
blast\108743.jpg,blast,10203,7466,0.9828
blast\108744.jpg,blast,10203,7466,0.9906
blast\108751.jpg,blast,10203,7466,0.983
blast\108753.jpg,blast,10203,7466,0.9885
blast\108761.jpg,blast,10203,7466,0.9869
blast\108763.jpg,blast,10203,7466,0.9791
blast\108766.jpg,blast,10203,7466,0.9764
blast\108767.jpg,blast,10203,7466,0.9565
blast\108771.jpg,blast,10203,7466,0.9756
blast\108775.jpg,blast,2642,1,0.9499
blast\108777.jpg,blast,10203,7466,0.9509
blast\108778.jpg,blast,10203,7466,0.9887
blast\108783.jpg,blast,10203,7466,0.9757
blast\108785.jpg,blast,10203,7466,0.9711
blast\108789.jpg,blast,10203,7466,0.9906
blast\108795.jpg,blast,10203,7466,0.9816
blast\108802.jpg,blast,10203,7466,0.9674
blast\108804.jpg,blast,10203,7466,0.9725
blast\108809.jpg,blast,10203,7466,0.9855
blast\108814.jpg,blast,1604,23,0.9927
blast\108825.jpg,blast,10203,7466,0.9696
blast\108852.jpg,blast,10203,7466,0.9893
blast\108858.jpg,blast,10203,7466,0.9857
blast\108867.jpg,blast,10203,7466,0.9807
blast\108890.jpg,blast,10203,7466,0.9795
blast\108891.jpg,blast,10203,7466,0.967
blast\108911.jpg,blast,6581,22,0.9771
blast\108931.jpg,blast,10203,7466,0.9841
blast\108941.jpg,blast,10203,7466,0.9846
blast\108942.jpg,blast,2781,5,0.9853
blast\108943.jpg,blast,10203,7466,0.9746
blast\108954.jpg,blast,10203,7466,0.9801
blast\108956.jpg,blast,10203,7466,0.9883
blast\108963.jpg,blast,10203,7466,0.9687
blast\108964.jpg,blast,10203,7466,0.9746
blast\108987.jpg,blast,10203,7466,0.9736
blast\108989.jpg,blast,2839,6,1.0
blast\108997.jpg,blast,10203,7466,0.981
blast\109002.jpg,blast,2686,46,0.9726
blast\109017.jpg,blast,10203,7466,0.984
blast\109019.jpg,blast,10203,7466,0.983
blast\109022.jpg,blast,10203,7466,0.9799
blast\109023.jpg,blast,10203,7466,0.9793
blast\109025.jpg,blast,10203,7466,0.9879
blast\109038.jpg,blast,10203,7466,0.9893
blast\109039.jpg,blast,10203,7466,0.9629
blast\109046.jpg,blast,2839,6,0.9745
blast\109048.jpg,blast,10203,7466,0.9803
blast\109049.jpg,blast,10203,7466,0.9889
blast\109068.jpg,blast,10203,7466,0.9726
blast\109070.jpg,blast,10203,7466,0.9923
blast\109075.jpg,blast,10203,7466,0.9875
blast\109078.jpg,blast,2686,46,0.9868
blast\109079.jpg,blast,2686,46,0.9633
blast\109083.jpg,blast,2686,46,0.9848
blast\109085.jpg,blast,10203,7466,0.9851
blast\109102.jpg,blast,10203,7466,0.9706
blast\109103.jpg,blast,10203,7466,0.9826
blast\109104.jpg,blast,2691,2,0.9719
blast\109108.jpg,blast,10203,7466,0.9922
blast\109124.jpg,blast,10203,7466,0.9779
blast\109131.jpg,blast,10203,7466,0.9782
blast\109134.jpg,blast,10203,7466,0.9807
blast\109136.jpg,blast,10203,7466,0.9727
blast\109148.jpg,blast,10203,7466,0.9831
blast\109154.jpg,blast,10203,7466,0.9806
blast\109159.jpg,blast,10203,7466,0.9934
blast\109165.jpg,blast,10203,7466,0.9755
blast\109170.jpg,blast,2356,27,0.9702
blast\109171.jpg,blast,2812,3,0.956
blast\109179.jpg,blast,10203,7466,0.9705
blast\109188.jpg,blast,10203,7466,0.9891
blast\109189.jpg,blast,10203,7466,0.9941
blast\109192.jpg,blast,10203,7466,0.9842
blast\109193.jpg,blast,10203,7466,0.9808
blast\109195.jpg,blast,2356,27,0.982
blast\109209.jpg,blast,2709,1,0.9465
blast\109212.jpg,blast,10203,7466,0.9935
blast\109218.jpg,blast,10203,7466,0.9831
blast\109225.jpg,blast,10203,7466,0.9631
blast\109246.jpg,blast,10203,7466,0.9832
blast\109248.jpg,blast,10203,7466,0.9864
blast\109256.jpg,blast,10203,7466,0.9849
blast\109277.jpg,blast,10203,7466,0.9673
blast\109281.jpg,blast,10203,7466,0.9769
blast\109286.jpg,blast,10203,7466,0.9801
blast\109287.jpg,blast,10203,7466,0.9805
blast\109293.jpg,blast,6581,22,0.9924
blast\109297.jpg,blast,10203,7466,0.9779
blast\109298.jpg,blast,2748,47,0.9832
blast\109302.jpg,blast,10203,7466,0.9803
blast\109307.jpg,blast,10203,7466,0.9913
blast\109308.jpg,blast,10203,7466,0.9788
blast\109311.jpg,blast,10203,7466,0.9845
blast\109313.jpg,blast,2356,27,0.9729
blast\109326.jpg,blast,10203,7466,0.9868
blast\109335.jpg,blast,10203,7466,0.9846
blast\109339.jpg,blast,10203,7466,0.9837
blast\109342.jpg,blast,10203,7466,0.9809
blast\109346.jpg,blast,10203,7466,1.0
blast\109347.jpg,blast,10203,7466,0.9951
blast\109354.jpg,blast,10203,7466,0.9907
blast\109359.jpg,blast,2686,46,0.9828
blast\109362.jpg,blast,10203,7466,0.9814
blast\109374.jpg,blast,10203,7466,0.9874
blast\109387.jpg,blast,10203,7466,0.9891
blast\109392.jpg,blast,10203,7466,0.9872
blast\109402.jpg,blast,2781,5,0.9853
blast\109421.jpg,blast,10203,7466,0.9773
blast\109423.jpg,blast,2356,27,0.9724
blast\109429.jpg,blast,10203,7466,0.9833
blast\109432.jpg,blast,10203,7466,0.9938
blast\109446.jpg,blast,10203,7466,0.9596
blast\109450.jpg,blast,2746,1,0.8608
blast\109455.jpg,blast,10203,7466,0.9919
blast\109456.jpg,blast,2748,47,0.9527
blast\109459.jpg,blast,10203,7466,0.9738
blast\109462.jpg,blast,10203,7466,0.9871
blast\109464.jpg,blast,10203,7466,0.9781
blast\109468.jpg,blast,10203,7466,0.9635
blast\109475.jpg,blast,10203,7466,0.9744
blast\109477.jpg,blast,10203,7466,0.9723
blast\109481.jpg,blast,10203,7466,0.9911
blast\109484.jpg,blast,10203,7466,0.9916
blast\109487.jpg,blast,10203,7466,0.979
blast\109505.jpg,blast,10203,7466,0.9781
blast\109507.jpg,blast,10203,7466,0.9799
blast\109508.jpg,blast,10203,7466,0.9796
blast\109510.jpg,blast,2356,27,0.9687
blast\109518.jpg,blast,10203,7466,0.9786
blast\109519.jpg,blast,10203,7466,0.9873
blast\109529.jpg,blast,10203,7466,0.9827
blast\109530.jpg,blast,10203,7466,0.9569
blast\109533.jpg,blast,2748,47,0.9869
blast\109537.jpg,blast,10203,7466,0.987
blast\109541.jpg,blast,1604,23,0.9839
blast\109546.jpg,blast,10203,7466,0.9763
blast\109547.jpg,blast,6581,22,0.9755
blast\109549.jpg,blast,10203,7466,0.9782
blast\109551.jpg,blast,10203,7466,0.974
blast\109562.jpg,blast,1604,23,0.9839
blast\109564.jpg,blast,10203,7466,0.9822
blast\109565.jpg,blast,10203,7466,0.9701
blast\109572.jpg,blast,10203,7466,0.9816
blast\109578.jpg,blast,10203,7466,0.9899
blast\109579.jpg,blast,10203,7466,0.9858
blast\109586.jpg,blast,10203,7466,0.9864
blast\109589.jpg,blast,10203,7466,0.954
blast\109591.jpg,blast,2781,5,0.9634
blast\109597.jpg,blast,10203,7466,0.9597
blast\109599.jpg,blast,2801,4,0.9702
blast\109602.jpg,blast,2748,47,0.9819
blast\109603.jpg,blast,10203,7466,0.9893
blast\109607.jpg,blast,10203,7466,0.9735
blast\109608.jpg,blast,10203,7466,0.9906
blast\109610.jpg,blast,10203,7466,0.9783
blast\109619.jpg,blast,10203,7466,0.9805
blast\109620.jpg,blast,10203,7466,0.9844
blast\109630.jpg,blast,10203,7466,0.9669
blast\109633.jpg,blast,10203,7466,0.9895
blast\109640.jpg,blast,2748,47,0.9746
blast\109649.jpg,blast,2437,3,0.9311
blast\109657.jpg,blast,10203,7466,0.9775
blast\109658.jpg,blast,10203,7466,0.979
blast\109664.jpg,blast,10203,7466,0.9887
blast\109665.jpg,blast,10203,7466,0.9884
blast\109667.jpg,blast,2748,47,0.9753
blast\109670.jpg,blast,10203,7466,0.9744
blast\109672.jpg,blast,2801,4,0.965
blast\109677.jpg,blast,10203,7466,0.976
blast\109682.jpg,blast,10203,7466,0.9599
blast\109685.jpg,blast,2748,47,0.9716
blast\109687.jpg,blast,1604,23,0.9888
blast\109693.jpg,blast,10203,7466,0.9851
blast\109699.jpg,blast,10203,7466,0.9829
blast\109705.jpg,blast,10203,7466,0.9828
blast\109707.jpg,blast,10203,7466,0.9876
blast\109709.jpg,blast,10203,7466,0.9814
blast\109717.jpg,blast,10203,7466,0.9809
blast\109724.jpg,blast,2812,3,0.9568
blast\109725.jpg,blast,1569,10,0.9909
blast\109728.jpg,blast,10203,7466,0.9868
blast\109732.jpg,blast,10203,7466,0.9922
blast\109742.jpg,blast,10203,7466,0.9631
blast\109743.jpg,blast,10203,7466,0.9917
blast\109744.jpg,blast,10203,7466,0.9648
blast\109747.jpg,blast,10203,7466,0.9855
blast\109749.jpg,blast,2820,1,0.9482
blast\109751.jpg,blast,10203,7466,0.9783
blast\109753.jpg,blast,10203,7466,0.9779
blast\109756.jpg,blast,10203,7466,0.9814
blast\109761.jpg,blast,10203,7466,0.9756
blast\109762.jpg,blast,10203,7466,0.9747
blast\109773.jpg,blast,10203,7466,1.0
blast\109780.jpg,blast,10203,7466,0.9816
blast\109793.jpg,blast,10203,7466,0.974
blast\109800.jpg,blast,10203,7466,0.9754
blast\109812.jpg,blast,10203,7466,0.9756
blast\109820.jpg,blast,10203,7466,0.9702
blast\109823.jpg,blast,10203,7466,0.9692
blast\109843.jpg,blast,10203,7466,0.9841
blast\109851.jpg,blast,10203,7466,0.992
blast\109854.jpg,blast,2835,1,0.9491
blast\109861.jpg,blast,10203,7466,0.9858
blast\109874.jpg,blast,10203,7466,0.9942
blast\109889.jpg,blast,10203,7466,0.9876
blast\109890.jpg,blast,2839,6,0.983
blast\109901.jpg,blast,10203,7466,0.9581
blast\109903.jpg,blast,10203,7466,0.9841
blast\109909.jpg,blast,2686,46,0.9875
blast\109911.jpg,blast,10203,7466,0.9717
blast\109913.jpg,blast,10203,7466,0.9858
blast\109929.jpg,blast,10203,7466,0.9856
blast\109930.jpg,blast,10203,7466,0.9592
blast\109931.jpg,blast,2847,4,0.9728
blast\109932.jpg,blast,10203,7466,0.9876
blast\109934.jpg,blast,10203,7466,0.9615
blast\109937.jpg,blast,10203,7466,0.9899
blast\109942.jpg,blast,10203,7466,0.9942
blast\109948.jpg,blast,10203,7466,0.9845
blast\109951.jpg,blast,10203,7466,0.9612
blast\109968.jpg,blast,10203,7466,0.9859
blast\109991.jpg,blast,10203,7466,0.9845
blast\109994.jpg,blast,10203,7466,0.9877
blast\109996.jpg,blast,10203,7466,0.977
blast\110003.jpg,blast,10203,7466,0.9703
blast\110006.jpg,blast,2748,47,0.9869
blast\110009.jpg,blast,10203,7466,0.9618
blast\110019.jpg,blast,2686,46,0.98
blast\110021.jpg,blast,10203,7466,0.9748
blast\110023.jpg,blast,2356,27,0.9876
blast\110024.jpg,blast,10203,7466,0.9577
blast\110025.jpg,blast,10203,7466,0.985
blast\110027.jpg,blast,10203,7466,0.9853
blast\110043.jpg,blast,10203,7466,0.9616
blast\110046.jpg,blast,10203,7466,0.9585
blast\110051.jpg,blast,10203,7466,0.9908
blast\110054.jpg,blast,10203,7466,0.979
blast\110055.jpg,blast,2356,27,0.9705
blast\110063.jpg,blast,10203,7466,0.969
blast\110074.jpg,blast,10203,7466,0.988
blast\110078.jpg,blast,10203,7466,0.9796
blast\110080.jpg,blast,10203,7466,0.9909
blast\110086.jpg,blast,10203,7466,0.9642
blast\110099.jpg,blast,10203,7466,0.9828
blast\110100.jpg,blast,10203,7466,0.9843
blast\110101.jpg,blast,6581,22,0.9924
blast\110102.jpg,blast,10203,7466,0.9884
blast\110106.jpg,blast,1604,23,0.977
blast\110109.jpg,blast,10203,7466,0.9715
blast\110117.jpg,blast,10203,7466,0.9688
blast\110120.jpg,blast,10203,7466,0.9394
blast\110125.jpg,blast,10203,7466,0.9809
blast\110139.jpg,blast,10203,7466,0.9788
blast\110149.jpg,blast,10203,7466,0.9769
blast\110164.jpg,blast,10203,7466,0.9874
blast\110166.jpg,blast,10203,7466,0.9872
blast\110170.jpg,blast,10203,7466,0.9727
blast\110172.jpg,blast,10203,7466,0.9886
blast\110176.jpg,blast,10203,7466,0.9841
blast\110179.jpg,blast,10203,7466,0.9766
blast\110181.jpg,blast,10203,7466,0.9667
blast\110186.jpg,blast,2686,46,0.9861
blast\110189.jpg,blast,10203,7466,0.9637
blast\110203.jpg,blast,10203,7466,0.9841
blast\110208.jpg,blast,10203,7466,0.9801
blast\110219.jpg,blast,2781,5,0.9785
blast\110235.jpg,blast,10203,7466,0.9899
blast\110242.jpg,blast,10203,7466,0.9617
blast\110243.jpg,blast,2902,1,0.9499
blast\110244.jpg,blast,10203,7466,0.9637
blast\110254.jpg,blast,10203,7466,0.9761
blast\110258.jpg,blast,10203,7466,0.9519
blast\110261.jpg,blast,10203,7466,0.9798
blast\110264.jpg,blast,10203,7466,0.9878
blast\110267.jpg,blast,10203,7466,0.9806
blast\110278.jpg,blast,10203,7466,0.9754
blast\110279.jpg,blast,10203,7466,0.9735
blast\110283.jpg,blast,10203,7466,0.9808
blast\110289.jpg,blast,10203,7466,0.982
blast\110293.jpg,blast,10203,7466,0.9947
blast\110304.jpg,blast,10203,7466,0.9721
blast\110305.jpg,blast,10203,7466,0.9861
blast\110306.jpg,blast,2356,27,0.959
blast\110307.jpg,blast,10203,7466,0.9752
blast\110312.jpg,blast,10203,7466,0.9879
blast\110314.jpg,blast,10203,7466,0.9729
blast\110317.jpg,blast,10203,7466,0.9622
blast\110325.jpg,blast,10203,7466,0.975
blast\110326.jpg,blast,10203,7466,0.9762
blast\110334.jpg,blast,10203,7466,0.9801
blast\110351.jpg,blast,10203,7466,0.9869
blast\110360.jpg,blast,10203,7466,0.9897
blast\110362.jpg,blast,10203,7466,0.9539
blast\110368.jpg,blast,10203,7466,0.9744
blast\110370.jpg,blast,10203,7466,0.9611
blast\110373.jpg,blast,10203,7466,0.9579
blast\110385.jpg,blast,10203,7466,0.979
blast\110389.jpg,blast,2356,27,0.9751
blast\110390.jpg,blast,10203,7466,0.9789
blast\110406.jpg,blast,10203,7466,0.9677
brown_spot\100001.jpg,brown_spot,10203,7466,0.9862
brown_spot\100009.jpg,brown_spot,10203,7466,0.9689
brown_spot\100022.jpg,brown_spot,10203,7466,0.9857
brown_spot\100028.jpg,brown_spot,10203,7466,0.991
brown_spot\100035.jpg,brown_spot,10203,7466,0.9727
brown_spot\100041.jpg,brown_spot,10203,7466,0.9856
brown_spot\100054.jpg,brown_spot,3855,8,0.9864
brown_spot\100062.jpg,brown_spot,10203,7466,0.9919
brown_spot\100064.jpg,brown_spot,10203,7466,0.963
brown_spot\100067.jpg,brown_spot,10203,7466,0.9861
brown_spot\100078.jpg,brown_spot,10203,7466,0.9856
brown_spot\100086.jpg,brown_spot,10203,7466,0.9918
brown_spot\100093.jpg,brown_spot,10203,7466,0.9925
brown_spot\100096.jpg,brown_spot,10203,7466,0.988
brown_spot\100099.jpg,brown_spot,10203,7466,0.9927
brown_spot\100142.jpg,brown_spot,10203,7466,0.98
brown_spot\100158.jpg,brown_spot,10203,7466,0.9869
brown_spot\100160.jpg,brown_spot,10203,7466,0.969
brown_spot\100185.jpg,brown_spot,10203,7466,0.9853
brown_spot\100191.jpg,brown_spot,10203,7466,0.9904
brown_spot\100201.jpg,brown_spot,10203,7466,0.9857
brown_spot\100208.jpg,brown_spot,10203,7466,0.9798
brown_spot\100213.jpg,brown_spot,10203,7466,0.9874
brown_spot\100229.jpg,brown_spot,10203,7466,0.9864
brown_spot\100232.jpg,brown_spot,10203,7466,0.9904
brown_spot\100233.jpg,brown_spot,10203,7466,0.9807
brown_spot\100255.jpg,brown_spot,10203,7466,0.9845
brown_spot\100266.jpg,brown_spot,10203,7466,0.9721
brown_spot\100269.jpg,brown_spot,10203,7466,0.9906
brown_spot\100275.jpg,brown_spot,10203,7466,0.9901
brown_spot\100302.jpg,brown_spot,10203,7466,0.9687
brown_spot\100320.jpg,brown_spot,3339,3,0.9666
brown_spot\100329.jpg,brown_spot,10203,7466,0.9734
brown_spot\100343.jpg,brown_spot,4437,8,0.9711
brown_spot\100354.jpg,brown_spot,10203,7466,0.9639
brown_spot\100361.jpg,brown_spot,10203,7466,0.9903
brown_spot\100368.jpg,brown_spot,10203,7466,0.987
brown_spot\100380.jpg,brown_spot,10203,7466,0.9504
brown_spot\100384.jpg,brown_spot,10203,7466,0.9807
brown_spot\100393.jpg,brown_spot,10203,7466,0.9838
brown_spot\100410.jpg,brown_spot,10203,7466,0.9853
brown_spot\100421.jpg,brown_spot,10203,7466,0.9824
brown_spot\100432.jpg,brown_spot,10203,7466,0.9885
brown_spot\100451.jpg,brown_spot,10203,7466,0.9674
brown_spot\100470.jpg,brown_spot,10203,7466,0.981
brown_spot\100475.jpg,brown_spot,10203,7466,0.9857
brown_spot\100486.jpg,brown_spot,3873,7,0.9638
brown_spot\100489.jpg,brown_spot,10203,7466,0.994
brown_spot\100511.jpg,brown_spot,10203,7466,0.9791
brown_spot\100518.jpg,brown_spot,10203,7466,0.9848
brown_spot\100528.jpg,brown_spot,10203,7466,0.9859
brown_spot\100532.jpg,brown_spot,10203,7466,0.9788
brown_spot\100555.jpg,brown_spot,10203,7466,0.9746
brown_spot\100562.jpg,brown_spot,10203,7466,0.992
brown_spot\100565.jpg,brown_spot,10203,7466,0.9525
brown_spot\100566.jpg,brown_spot,10203,7466,0.9791
brown_spot\100567.jpg,brown_spot,10203,7466,0.99
brown_spot\100574.jpg,brown_spot,10203,7466,0.9824
brown_spot\100581.jpg,brown_spot,10203,7466,0.994
brown_spot\100595.jpg,brown_spot,10203,7466,0.9732
brown_spot\100608.jpg,brown_spot,3787,4,0.981
brown_spot\100615.jpg,brown_spot,10203,7466,0.9647
brown_spot\100652.jpg,brown_spot,10203,7466,0.9835
brown_spot\100656.jpg,brown_spot,10203,7466,0.9784
brown_spot\100671.jpg,brown_spot,10203,7466,0.9766
brown_spot\100683.jpg,brown_spot,3073,2,0.9548
brown_spot\100690.jpg,brown_spot,4437,8,0.9765
brown_spot\100692.jpg,brown_spot,10203,7466,0.9937
brown_spot\100695.jpg,brown_spot,10203,7466,0.9829
brown_spot\100702.jpg,brown_spot,10203,7466,0.9887
brown_spot\100710.jpg,brown_spot,10203,7466,0.9842
brown_spot\100711.jpg,brown_spot,10203,7466,0.983
brown_spot\100727.jpg,brown_spot,10203,7466,0.982
brown_spot\100730.jpg,brown_spot,10203,7466,0.9869
brown_spot\100736.jpg,brown_spot,10203,7466,0.9985
brown_spot\100780.jpg,brown_spot,3849,6,0.9552
brown_spot\100785.jpg,brown_spot,10203,7466,0.9821
brown_spot\100815.jpg,brown_spot,10203,7466,0.9864
brown_spot\100820.jpg,brown_spot,10203,7466,0.9857
brown_spot\100832.jpg,brown_spot,10203,7466,0.9786
brown_spot\100836.jpg,brown_spot,10203,7466,0.9812
brown_spot\100838.jpg,brown_spot,10203,7466,0.9814
brown_spot\100854.jpg,brown_spot,3016,1,0.9482
brown_spot\100863.jpg,brown_spot,10203,7466,0.9549
brown_spot\100864.jpg,brown_spot,3235,2,0.9617
brown_spot\100866.jpg,brown_spot,3894,8,0.955
brown_spot\100871.jpg,brown_spot,10203,7466,0.9599
brown_spot\100888.jpg,brown_spot,10203,7466,0.9829
brown_spot\100890.jpg,brown_spot,10203,7466,0.9827
brown_spot\100892.jpg,brown_spot,3023,1,0.9371
brown_spot\100895.jpg,brown_spot,10203,7466,0.9881
brown_spot\100897.jpg,brown_spot,3722,4,0.9762
brown_spot\100906.jpg,brown_spot,3081,4,0.9605
brown_spot\100907.jpg,brown_spot,10203,7466,0.991
brown_spot\100916.jpg,brown_spot,10203,7466,0.9833
brown_spot\100926.jpg,brown_spot,10203,7466,0.9747
brown_spot\100937.jpg,brown_spot,10203,7466,0.965
brown_spot\100939.jpg,brown_spot,10203,7466,1.0
brown_spot\100953.jpg,brown_spot,4437,8,0.9645
brown_spot\100971.jpg,brown_spot,10203,7466,0.9745
brown_spot\100975.jpg,brown_spot,3034,1,0.9448
brown_spot\101002.jpg,brown_spot,10203,7466,0.9707
brown_spot\101011.jpg,brown_spot,10203,7466,0.9776
brown_spot\101014.jpg,brown_spot,3814,5,0.9786
brown_spot\101017.jpg,brown_spot,10203,7466,0.9749
brown_spot\101051.jpg,brown_spot,3894,8,0.9641
brown_spot\101052.jpg,brown_spot,10203,7466,0.9745
brown_spot\101070.jpg,brown_spot,10203,7466,0.9915
brown_spot\101072.jpg,brown_spot,10203,7466,0.9758
brown_spot\101095.jpg,brown_spot,10203,7466,0.9872
brown_spot\101110.jpg,brown_spot,10203,7466,0.9577
brown_spot\101121.jpg,brown_spot,10203,7466,0.9557
brown_spot\101135.jpg,brown_spot,10203,7466,0.9891
brown_spot\101145.jpg,brown_spot,10203,7466,0.9714
brown_spot\101153.jpg,brown_spot,10203,7466,0.9843
brown_spot\101190.jpg,brown_spot,10203,7466,0.9553
brown_spot\101195.jpg,brown_spot,10203,7466,0.9959
brown_spot\101214.jpg,brown_spot,3873,7,0.9645
brown_spot\101224.jpg,brown_spot,3081,4,0.9652
brown_spot\101232.jpg,brown_spot,10203,7466,0.9804
brown_spot\101245.jpg,brown_spot,10203,7466,0.9807
brown_spot\101255.jpg,brown_spot,10203,7466,0.9698
brown_spot\101265.jpg,brown_spot,10203,7466,0.9766
brown_spot\101273.jpg,brown_spot,3787,4,0.9838
brown_spot\101280.jpg,brown_spot,10203,7466,0.9819
brown_spot\101282.jpg,brown_spot,10203,7466,0.9506
brown_spot\101283.jpg,brown_spot,10203,7466,0.9648
brown_spot\101318.jpg,brown_spot,10203,7466,0.9754
brown_spot\101332.jpg,brown_spot,3805,6,0.9847
brown_spot\101333.jpg,brown_spot,10203,7466,0.984
brown_spot\101336.jpg,brown_spot,3862,4,0.9866
brown_spot\101338.jpg,brown_spot,10203,7466,0.9906
brown_spot\101339.jpg,brown_spot,10203,7466,0.9947
brown_spot\101341.jpg,brown_spot,10203,7466,0.9726
brown_spot\101353.jpg,brown_spot,10203,7466,0.9709
brown_spot\101356.jpg,brown_spot,10203,7466,0.9754
brown_spot\101372.jpg,brown_spot,10203,7466,0.9788
brown_spot\101373.jpg,brown_spot,10203,7466,0.9811
brown_spot\101376.jpg,brown_spot,10203,7466,0.9831
brown_spot\101386.jpg,brown_spot,3073,2,0.9548
brown_spot\101407.jpg,brown_spot,10203,7466,0.9918
brown_spot\101411.jpg,brown_spot,10203,7466,0.9796
brown_spot\101436.jpg,brown_spot,10203,7466,0.9842
brown_spot\101440.jpg,brown_spot,10203,7466,0.9826
brown_spot\101446.jpg,brown_spot,10203,7466,0.9869
brown_spot\101456.jpg,brown_spot,10203,7466,1.0
brown_spot\101457.jpg,brown_spot,10203,7466,0.9754
brown_spot\101478.jpg,brown_spot,3081,4,0.9652
brown_spot\101484.jpg,brown_spot,10203,7466,0.9904
brown_spot\101523.jpg,brown_spot,10203,7466,0.9904
brown_spot\101533.jpg,brown_spot,10203,7466,0.9732
brown_spot\101535.jpg,brown_spot,10203,7466,0.9749
brown_spot\101545.jpg,brown_spot,10203,7466,0.9585
brown_spot\101581.jpg,brown_spot,10203,7466,0.9849
brown_spot\101583.jpg,brown_spot,10203,7466,0.9906
brown_spot\101599.jpg,brown_spot,10203,7466,0.9833
brown_spot\101601.jpg,brown_spot,10203,7466,0.9556
brown_spot\101607.jpg,brown_spot,10203,7466,0.9617
brown_spot\101609.jpg,brown_spot,3873,7,0.9553
brown_spot\101614.jpg,brown_spot,10203,7466,0.9864
brown_spot\101635.jpg,brown_spot,10203,7466,0.9784
brown_spot\101636.jpg,brown_spot,10203,7466,0.9849
brown_spot\101639.jpg,brown_spot,10203,7466,0.9658
brown_spot\101668.jpg,brown_spot,10203,7466,0.9915
brown_spot\101674.jpg,brown_spot,3098,1,0.9408
brown_spot\101679.jpg,brown_spot,10203,7466,0.9689
brown_spot\101689.jpg,brown_spot,10203,7466,0.9749
brown_spot\101691.jpg,brown_spot,10203,7466,0.969
brown_spot\101700.jpg,brown_spot,10203,7466,0.9835
brown_spot\101703.jpg,brown_spot,10203,7466,0.984
brown_spot\101710.jpg,brown_spot,10203,7466,0.9849
brown_spot\101713.jpg,brown_spot,10203,7466,0.9837
brown_spot\101722.jpg,brown_spot,10203,7466,0.981
brown_spot\101745.jpg,brown_spot,10203,7466,0.9875
brown_spot\101762.jpg,brown_spot,10203,7466,0.9895
brown_spot\101773.jpg,brown_spot,10203,7466,0.969
brown_spot\101795.jpg,brown_spot,4437,8,0.9903
brown_spot\101797.jpg,brown_spot,3754,5,0.9784
brown_spot\101827.jpg,brown_spot,10203,7466,0.9564
brown_spot\101839.jpg,brown_spot,10203,7466,0.9851
brown_spot\101853.jpg,brown_spot,10203,7466,0.9847
brown_spot\101855.jpg,brown_spot,10203,7466,0.985
brown_spot\101859.jpg,brown_spot,10203,7466,0.9861
brown_spot\101879.jpg,brown_spot,10203,7466,0.9801
brown_spot\101896.jpg,brown_spot,10203,7466,0.9814
brown_spot\101908.jpg,brown_spot,10203,7466,0.9918
brown_spot\101929.jpg,brown_spot,10203,7466,0.955
brown_spot\101985.jpg,brown_spot,10203,7466,0.9835
brown_spot\102030.jpg,brown_spot,10203,7466,0.9856
brown_spot\102053.jpg,brown_spot,3855,8,0.9864
brown_spot\102060.jpg,brown_spot,10203,7466,0.9831
brown_spot\102063.jpg,brown_spot,3339,3,1.0
brown_spot\102064.jpg,brown_spot,10203,7466,0.99
brown_spot\102067.jpg,brown_spot,10203,7466,0.9841
brown_spot\102077.jpg,brown_spot,10203,7466,0.9937
brown_spot\102082.jpg,brown_spot,10203,7466,0.9648
brown_spot\102109.jpg,brown_spot,10203,7466,0.9788
brown_spot\102123.jpg,brown_spot,10203,7466,0.9789
brown_spot\102171.jpg,brown_spot,10203,7466,0.992
brown_spot\102173.jpg,brown_spot,10203,7466,0.9638
brown_spot\102191.jpg,brown_spot,10203,7466,0.9738
brown_spot\102203.jpg,brown_spot,10203,7466,0.9554
brown_spot\102212.jpg,brown_spot,10203,7466,0.9813
brown_spot\102213.jpg,brown_spot,10203,7466,0.9659
brown_spot\102231.jpg,brown_spot,10203,7466,0.9747
brown_spot\102240.jpg,brown_spot,10203,7466,0.9856
brown_spot\102264.jpg,brown_spot,10203,7466,0.9699
brown_spot\102265.jpg,brown_spot,3807,3,0.9836
brown_spot\102266.jpg,brown_spot,10203,7466,0.9784
brown_spot\102271.jpg,brown_spot,10203,7466,0.9854
brown_spot\102284.jpg,brown_spot,3144,1,0.9448
brown_spot\102296.jpg,brown_spot,10203,7466,0.9957
brown_spot\102303.jpg,brown_spot,3814,5,0.983
brown_spot\102313.jpg,brown_spot,10203,7466,0.9718
brown_spot\102320.jpg,brown_spot,10203,7466,0.9694
brown_spot\102347.jpg,brown_spot,10203,7466,0.9903
brown_spot\102348.jpg,brown_spot,10203,7466,0.9847
brown_spot\102382.jpg,brown_spot,10203,7466,0.9831
brown_spot\102389.jpg,brown_spot,10203,7466,0.9699
brown_spot\102390.jpg,brown_spot,10203,7466,0.9915
brown_spot\102400.jpg,brown_spot,10203,7466,0.9725
brown_spot\102402.jpg,brown_spot,10203,7466,0.9652
brown_spot\102405.jpg,brown_spot,10203,7466,0.9706
brown_spot\102415.jpg,brown_spot,10203,7466,0.9925
brown_spot\102419.jpg,brown_spot,3158,1,0.9456
brown_spot\102431.jpg,brown_spot,10203,7466,0.9562
brown_spot\102447.jpg,brown_spot,10203,7466,0.9833
brown_spot\102459.jpg,brown_spot,10203,7466,0.9821
brown_spot\102465.jpg,brown_spot,10203,7466,0.9801
brown_spot\102470.jpg,brown_spot,10203,7466,0.9926
brown_spot\102476.jpg,brown_spot,10203,7466,0.9858
brown_spot\102489.jpg,brown_spot,10203,7466,0.9529
brown_spot\102494.jpg,brown_spot,10203,7466,0.9816
brown_spot\102504.jpg,brown_spot,10203,7466,0.9922
brown_spot\102506.jpg,brown_spot,10203,7466,0.9807
brown_spot\102525.jpg,brown_spot,10203,7466,0.9769
brown_spot\102527.jpg,brown_spot,10203,7466,0.9907
brown_spot\102533.jpg,brown_spot,10203,7466,0.9642
brown_spot\102542.jpg,brown_spot,10203,7466,0.9688
brown_spot\102559.jpg,brown_spot,10203,7466,0.9928
brown_spot\102586.jpg,brown_spot,10203,7466,0.9874
brown_spot\102589.jpg,brown_spot,3175,1,0.9456
brown_spot\102596.jpg,brown_spot,10203,7466,0.9867
brown_spot\102641.jpg,brown_spot,10203,7466,0.9738
brown_spot\102644.jpg,brown_spot,10203,7466,0.982
brown_spot\102646.jpg,brown_spot,10203,7466,0.9768
brown_spot\102658.jpg,brown_spot,3180,1,0.9456
brown_spot\102661.jpg,brown_spot,10203,7466,0.9756
brown_spot\102670.jpg,brown_spot,10203,7466,0.9781
brown_spot\102695.jpg,brown_spot,10203,7466,0.9796
brown_spot\102731.jpg,brown_spot,10203,7466,0.9801
brown_spot\102732.jpg,brown_spot,10203,7466,0.97
brown_spot\102744.jpg,brown_spot,10203,7466,0.9692
brown_spot\102755.jpg,brown_spot,10203,7466,0.9816
brown_spot\102777.jpg,brown_spot,3188,1,0.9216
brown_spot\102782.jpg,brown_spot,10203,7466,0.9733
brown_spot\102786.jpg,brown_spot,10203,7466,0.9847
brown_spot\102812.jpg,brown_spot,10203,7466,0.9712
brown_spot\102827.jpg,brown_spot,10203,7466,1.0
brown_spot\102857.jpg,brown_spot,10203,7466,0.9555
brown_spot\102859.jpg,brown_spot,10203,7466,1.0
brown_spot\102864.jpg,brown_spot,3855,8,0.9662
brown_spot\102917.jpg,brown_spot,10203,7466,0.9842
brown_spot\102932.jpg,brown_spot,10203,7466,0.9783
brown_spot\102934.jpg,brown_spot,10203,7466,0.9915
brown_spot\102936.jpg,brown_spot,10203,7466,0.9819
brown_spot\102938.jpg,brown_spot,10203,7466,1.0
brown_spot\102939.jpg,brown_spot,10203,7466,0.9891
brown_spot\102942.jpg,brown_spot,10203,7466,0.9865
brown_spot\102956.jpg,brown_spot,10203,7466,0.9803
brown_spot\102959.jpg,brown_spot,10203,7466,0.9698
brown_spot\102961.jpg,brown_spot,10203,7466,0.9874
brown_spot\102964.jpg,brown_spot,10203,7466,0.9744
brown_spot\102992.jpg,brown_spot,10203,7466,0.9673
brown_spot\103004.jpg,brown_spot,10203,7466,0.9822
brown_spot\103018.jpg,brown_spot,10203,7466,0.9803
brown_spot\103025.jpg,brown_spot,3210,1,0.9493
brown_spot\103031.jpg,brown_spot,10203,7466,0.9767
brown_spot\103037.jpg,brown_spot,10203,7466,0.98
brown_spot\103040.jpg,brown_spot,3862,4,0.9866
brown_spot\103041.jpg,brown_spot,10203,7466,0.9916
brown_spot\103050.jpg,brown_spot,3215,1,0.9196
brown_spot\103069.jpg,brown_spot,10203,7466,0.9872
brown_spot\103084.jpg,brown_spot,10203,7466,0.9678
brown_spot\103095.jpg,brown_spot,10203,7466,0.9726
brown_spot\103099.jpg,brown_spot,3509,2,0.9578
brown_spot\103104.jpg,brown_spot,10203,7466,0.9658
brown_spot\103116.jpg,brown_spot,3754,5,0.9784
brown_spot\103120.jpg,brown_spot,10203,7466,0.9951
brown_spot\103123.jpg,brown_spot,10203,7466,0.9823
brown_spot\103128.jpg,brown_spot,3423,2,1.0
brown_spot\103146.jpg,brown_spot,10203,7466,0.984
brown_spot\103152.jpg,brown_spot,10203,7466,0.9729
brown_spot\103154.jpg,brown_spot,10203,7466,0.9885
brown_spot\103155.jpg,brown_spot,10203,7466,0.9881
brown_spot\103189.jpg,brown_spot,10203,7466,0.9845
brown_spot\103193.jpg,brown_spot,3670,5,0.984
brown_spot\103231.jpg,brown_spot,10203,7466,0.9801
brown_spot\103235.jpg,brown_spot,10203,7466,0.979
brown_spot\103267.jpg,brown_spot,10203,7466,0.994
brown_spot\103279.jpg,brown_spot,10203,7466,0.9876
brown_spot\103294.jpg,brown_spot,3235,2,0.9617
brown_spot\103296.jpg,brown_spot,10203,7466,0.983
brown_spot\103334.jpg,brown_spot,10203,7466,0.9869
brown_spot\103338.jpg,brown_spot,10203,7466,0.9768
brown_spot\103342.jpg,brown_spot,10203,7466,0.9862
brown_spot\103343.jpg,brown_spot,3240,1,0.8199
brown_spot\103415.jpg,brown_spot,10203,7466,1.0
brown_spot\103425.jpg,brown_spot,10203,7466,0.983
brown_spot\103438.jpg,brown_spot,10203,7466,0.9874
brown_spot\103446.jpg,brown_spot,10203,7466,0.9816
brown_spot\103448.jpg,brown_spot,10203,7466,0.9806
brown_spot\103456.jpg,brown_spot,10203,7466,0.9794
brown_spot\103476.jpg,brown_spot,3849,6,0.9772
brown_spot\103482.jpg,brown_spot,10203,7466,0.9882
brown_spot\103489.jpg,brown_spot,10203,7466,0.9847
brown_spot\103492.jpg,brown_spot,10203,7466,0.9629
brown_spot\103495.jpg,brown_spot,10203,7466,0.9857
brown_spot\103498.jpg,brown_spot,3849,6,0.9888
brown_spot\103508.jpg,brown_spot,3849,6,0.9772
brown_spot\103509.jpg,brown_spot,10203,7466,0.979
brown_spot\103518.jpg,brown_spot,10203,7466,0.9947
brown_spot\103560.jpg,brown_spot,10203,7466,0.9941
brown_spot\103569.jpg,brown_spot,10203,7466,0.9718
brown_spot\103576.jpg,brown_spot,10203,7466,0.9888
brown_spot\103577.jpg,brown_spot,10203,7466,0.9847
brown_spot\103584.jpg,brown_spot,10203,7466,0.9885
brown_spot\103592.jpg,brown_spot,10203,7466,0.9859
brown_spot\103595.jpg,brown_spot,10203,7466,0.9874
brown_spot\103596.jpg,brown_spot,10203,7466,0.9835
brown_spot\103601.jpg,brown_spot,10203,7466,0.9949
brown_spot\103610.jpg,brown_spot,3670,5,0.9866
brown_spot\103621.jpg,brown_spot,3266,1,0.9303
brown_spot\103630.jpg,brown_spot,10203,7466,0.9576
brown_spot\103633.jpg,brown_spot,10203,7466,0.984
brown_spot\103635.jpg,brown_spot,10203,7466,0.986
brown_spot\103640.jpg,brown_spot,10203,7466,0.9825
brown_spot\103670.jpg,brown_spot,10203,7466,0.9833
brown_spot\103683.jpg,brown_spot,10203,7466,0.9757
brown_spot\103687.jpg,brown_spot,10203,7466,0.9941
brown_spot\103688.jpg,brown_spot,3873,7,0.9553
brown_spot\103700.jpg,brown_spot,10203,7466,0.9923
brown_spot\103714.jpg,brown_spot,3276,1,0.9416
brown_spot\103719.jpg,brown_spot,10203,7466,0.9731
brown_spot\103722.jpg,brown_spot,10203,7466,0.9626
brown_spot\103726.jpg,brown_spot,10203,7466,0.9918
brown_spot\103743.jpg,brown_spot,10203,7466,0.9889
brown_spot\103750.jpg,brown_spot,10203,7466,0.9764
brown_spot\103762.jpg,brown_spot,10203,7466,0.9959
brown_spot\103778.jpg,brown_spot,10203,7466,0.9877
brown_spot\103781.jpg,brown_spot,10203,7466,0.9556
brown_spot\103787.jpg,brown_spot,3722,4,0.9756
brown_spot\103796.jpg,brown_spot,10203,7466,0.9879
brown_spot\103797.jpg,brown_spot,3287,1,0.946
brown_spot\103808.jpg,brown_spot,10203,7466,0.982
brown_spot\103809.jpg,brown_spot,10203,7466,0.9743
brown_spot\103835.jpg,brown_spot,10203,7466,0.9919
brown_spot\103838.jpg,brown_spot,10203,7466,0.9823
brown_spot\103840.jpg,brown_spot,10203,7466,0.9724
brown_spot\103884.jpg,brown_spot,3722,4,0.9724
brown_spot\103891.jpg,brown_spot,10203,7466,0.9687
brown_spot\103892.jpg,brown_spot,3356,2,0.9819
brown_spot\103897.jpg,brown_spot,10203,7466,0.9902
brown_spot\103898.jpg,brown_spot,10203,7466,0.977
brown_spot\103903.jpg,brown_spot,10203,7466,0.9904
brown_spot\103915.jpg,brown_spot,10203,7466,0.9837
brown_spot\103930.jpg,brown_spot,10203,7466,0.9784
brown_spot\103959.jpg,brown_spot,3873,7,0.9599
brown_spot\103965.jpg,brown_spot,10203,7466,0.9821
brown_spot\103991.jpg,brown_spot,3817,2,0.9706
brown_spot\103995.jpg,brown_spot,10203,7466,0.9763
brown_spot\104002.jpg,brown_spot,10203,7466,0.986
brown_spot\104003.jpg,brown_spot,3465,2,0.9682
brown_spot\104004.jpg,brown_spot,10203,7466,0.9899
brown_spot\104011.jpg,brown_spot,10203,7466,0.9618
brown_spot\104014.jpg,brown_spot,10203,7466,0.9712
brown_spot\104024.jpg,brown_spot,10203,7466,0.9587
brown_spot\104033.jpg,brown_spot,10203,7466,0.9909
brown_spot\104040.jpg,brown_spot,4437,8,0.9765
brown_spot\104054.jpg,brown_spot,10203,7466,0.9805
brown_spot\104066.jpg,brown_spot,10203,7466,0.9815
brown_spot\104067.jpg,brown_spot,10203,7466,0.9812
brown_spot\104084.jpg,brown_spot,3814,5,0.9801
brown_spot\104093.jpg,brown_spot,10203,7466,0.9938
brown_spot\104104.jpg,brown_spot,10203,7466,0.9903
brown_spot\104129.jpg,brown_spot,10203,7466,0.9725
brown_spot\104149.jpg,brown_spot,10203,7466,0.9799
brown_spot\104157.jpg,brown_spot,10203,7466,0.9784
brown_spot\104161.jpg,brown_spot,10203,7466,0.9827
brown_spot\104165.jpg,brown_spot,10203,7466,0.9774
brown_spot\104167.jpg,brown_spot,10203,7466,0.9907
brown_spot\104201.jpg,brown_spot,10203,7466,0.9938
brown_spot\104204.jpg,brown_spot,10203,7466,0.9881
brown_spot\104212.jpg,brown_spot,10203,7466,0.9905
brown_spot\104227.jpg,brown_spot,10203,7466,0.9861
brown_spot\104238.jpg,brown_spot,4437,8,0.9575
brown_spot\104243.jpg,brown_spot,10203,7466,0.9713
brown_spot\104247.jpg,brown_spot,10203,7466,0.9674
brown_spot\104250.jpg,brown_spot,10203,7466,0.9699
brown_spot\104257.jpg,brown_spot,10203,7466,0.9946
brown_spot\104274.jpg,brown_spot,10203,7466,0.9681
brown_spot\104322.jpg,brown_spot,10203,7466,0.9759
brown_spot\104350.jpg,brown_spot,10203,7466,0.993
brown_spot\104353.jpg,brown_spot,3787,4,0.9838
brown_spot\104358.jpg,brown_spot,10203,7466,0.966
brown_spot\104373.jpg,brown_spot,3339,3,1.0
brown_spot\104398.jpg,brown_spot,10203,7466,0.9566
brown_spot\104426.jpg,brown_spot,10203,7466,0.9814
brown_spot\104493.jpg,brown_spot,10203,7466,0.9881
brown_spot\104499.jpg,brown_spot,10203,7466,0.9553
brown_spot\104503.jpg,brown_spot,10203,7466,0.9774
brown_spot\104506.jpg,brown_spot,3345,1,0.9327
brown_spot\104511.jpg,brown_spot,10203,7466,0.9896
brown_spot\104519.jpg,brown_spot,10203,7466,0.9746
brown_spot\104522.jpg,brown_spot,10203,7466,0.9832
brown_spot\104541.jpg,brown_spot,3807,3,0.9542
brown_spot\104554.jpg,brown_spot,3439,2,0.9738
brown_spot\104558.jpg,brown_spot,10203,7466,0.9758
brown_spot\104560.jpg,brown_spot,10203,7466,0.9775
brown_spot\104564.jpg,brown_spot,10203,7466,0.9852
brown_spot\104566.jpg,brown_spot,10203,7466,0.979
brown_spot\104574.jpg,brown_spot,10203,7466,0.9807
brown_spot\104580.jpg,brown_spot,3356,2,0.9819
brown_spot\104597.jpg,brown_spot,10203,7466,0.9826
brown_spot\104603.jpg,brown_spot,10203,7466,0.9819
brown_spot\104604.jpg,brown_spot,10203,7466,0.9827
brown_spot\104623.jpg,brown_spot,10203,7466,0.9882
brown_spot\104624.jpg,brown_spot,10203,7466,0.9769
brown_spot\104625.jpg,brown_spot,10203,7466,0.9604
brown_spot\104627.jpg,brown_spot,3363,1,0.9233
brown_spot\104632.jpg,brown_spot,3364,1,0.9446
brown_spot\104640.jpg,brown_spot,10203,7466,0.9863
brown_spot\104642.jpg,brown_spot,10203,7466,0.9772
brown_spot\104667.jpg,brown_spot,10203,7466,0.9822
brown_spot\104671.jpg,brown_spot,10203,7466,0.9835
brown_spot\104675.jpg,brown_spot,10203,7466,0.9957
brown_spot\104686.jpg,brown_spot,10203,7466,0.9768
brown_spot\104689.jpg,brown_spot,3858,6,0.9703
brown_spot\104695.jpg,brown_spot,10203,7466,0.9772
brown_spot\104700.jpg,brown_spot,10203,7466,0.9946
brown_spot\104709.jpg,brown_spot,10203,7466,0.9784
brown_spot\104750.jpg,brown_spot,10203,7466,0.9943
brown_spot\104762.jpg,brown_spot,10203,7466,0.96
brown_spot\104771.jpg,brown_spot,10203,7466,0.9623
brown_spot\104772.jpg,brown_spot,3855,8,0.9842
brown_spot\104774.jpg,brown_spot,10203,7466,0.9791
brown_spot\104786.jpg,brown_spot,3849,6,0.9552
brown_spot\104796.jpg,brown_spot,10203,7466,0.9901
brown_spot\104817.jpg,brown_spot,10203,7466,0.9778
brown_spot\104818.jpg,brown_spot,10203,7466,0.9735
brown_spot\104821.jpg,brown_spot,10203,7466,0.9877
brown_spot\104839.jpg,brown_spot,10203,7466,0.9774
brown_spot\104852.jpg,brown_spot,10203,7466,0.9763
brown_spot\104862.jpg,brown_spot,10203,7466,1.0
brown_spot\104876.jpg,brown_spot,10203,7466,0.9596
brown_spot\104886.jpg,brown_spot,10203,7466,0.9917
brown_spot\104887.jpg,brown_spot,10203,7466,0.9797
brown_spot\104888.jpg,brown_spot,10203,7466,0.9773
brown_spot\104913.jpg,brown_spot,10203,7466,0.9829
brown_spot\104923.jpg,brown_spot,10203,7466,0.9919
brown_spot\104930.jpg,brown_spot,10203,7466,0.9699
brown_spot\104932.jpg,brown_spot,10203,7466,0.9912
brown_spot\104943.jpg,brown_spot,10203,7466,0.9825
brown_spot\104950.jpg,brown_spot,10203,7466,0.9524
brown_spot\104952.jpg,brown_spot,10203,7466,0.9596
brown_spot\104954.jpg,brown_spot,3894,8,0.9641
brown_spot\104962.jpg,brown_spot,10203,7466,0.9798
brown_spot\104972.jpg,brown_spot,10203,7466,0.9716
brown_spot\104984.jpg,brown_spot,10203,7466,0.9842
brown_spot\104987.jpg,brown_spot,10203,7466,0.9912
brown_spot\104989.jpg,brown_spot,10203,7466,0.9622
brown_spot\105003.jpg,brown_spot,10203,7466,0.9847
brown_spot\105007.jpg,brown_spot,10203,7466,0.9731
brown_spot\105023.jpg,brown_spot,10203,7466,0.9747
brown_spot\105057.jpg,brown_spot,10203,7466,0.985
brown_spot\105090.jpg,brown_spot,10203,7466,0.9942
brown_spot\105101.jpg,brown_spot,10203,7466,0.9831
brown_spot\105126.jpg,brown_spot,10203,7466,0.976
brown_spot\105163.jpg,brown_spot,10203,7466,0.9872
brown_spot\105169.jpg,brown_spot,10203,7466,1.0
brown_spot\105170.jpg,brown_spot,10203,7466,0.9826
brown_spot\105176.jpg,brown_spot,10203,7466,0.976
brown_spot\105182.jpg,brown_spot,10203,7466,0.9943
brown_spot\105194.jpg,brown_spot,10203,7466,1.0
brown_spot\105207.jpg,brown_spot,10203,7466,0.983
brown_spot\105212.jpg,brown_spot,3855,8,0.9662
brown_spot\105214.jpg,brown_spot,10203,7466,0.9736
brown_spot\105243.jpg,brown_spot,10203,7466,0.9843
brown_spot\105244.jpg,brown_spot,10203,7466,0.9826
brown_spot\105245.jpg,brown_spot,3423,2,1.0
brown_spot\105248.jpg,brown_spot,10203,7466,0.9637
brown_spot\105253.jpg,brown_spot,10203,7466,0.9869
brown_spot\105266.jpg,brown_spot,10203,7466,0.9714
brown_spot\105270.jpg,brown_spot,10203,7466,0.9796
brown_spot\105281.jpg,brown_spot,10203,7466,0.9787
brown_spot\105296.jpg,brown_spot,10203,7466,0.9913
brown_spot\105313.jpg,brown_spot,3430,1,0.946
brown_spot\105319.jpg,brown_spot,10203,7466,0.9883
brown_spot\105344.jpg,brown_spot,10203,7466,0.993
brown_spot\105353.jpg,brown_spot,10203,7466,0.986
brown_spot\105363.jpg,brown_spot,10203,7466,0.987
brown_spot\105385.jpg,brown_spot,10203,7466,0.9921
brown_spot\105387.jpg,brown_spot,10203,7466,0.9791
brown_spot\105399.jpg,brown_spot,3858,6,0.9891
brown_spot\105402.jpg,brown_spot,10203,7466,0.98
brown_spot\105410.jpg,brown_spot,3439,2,0.9738
brown_spot\105421.jpg,brown_spot,10203,7466,0.9739
brown_spot\105422.jpg,brown_spot,3855,8,0.9716
brown_spot\105427.jpg,brown_spot,10203,7466,0.9947
brown_spot\105464.jpg,brown_spot,10203,7466,0.9558
brown_spot\105474.jpg,brown_spot,3805,6,0.9816
brown_spot\105479.jpg,brown_spot,10203,7466,0.9807
brown_spot\105480.jpg,brown_spot,10203,7466,0.9576
brown_spot\105491.jpg,brown_spot,10203,7466,0.9892
brown_spot\105516.jpg,brown_spot,3448,1,0.9338
brown_spot\105551.jpg,brown_spot,10203,7466,0.9943
brown_spot\105557.jpg,brown_spot,10203,7466,0.9693
brown_spot\105582.jpg,brown_spot,10203,7466,0.9904
brown_spot\105583.jpg,brown_spot,10203,7466,0.9887
brown_spot\105585.jpg,brown_spot,10203,7466,0.9854
brown_spot\105590.jpg,brown_spot,10203,7466,0.973
brown_spot\105609.jpg,brown_spot,10203,7466,0.9876
brown_spot\105620.jpg,brown_spot,10203,7466,0.9749
brown_spot\105631.jpg,brown_spot,10203,7466,0.9778
brown_spot\105637.jpg,brown_spot,10203,7466,0.9507
brown_spot\105638.jpg,brown_spot,3459,1,0.9435
brown_spot\105639.jpg,brown_spot,10203,7466,0.9902
brown_spot\105643.jpg,brown_spot,10203,7466,0.9902
brown_spot\105649.jpg,brown_spot,10203,7466,1.0
brown_spot\105668.jpg,brown_spot,10203,7466,0.9661
brown_spot\105698.jpg,brown_spot,10203,7466,0.9954
brown_spot\105739.jpg,brown_spot,3465,2,0.9682
brown_spot\105758.jpg,brown_spot,10203,7466,0.9867
brown_spot\105763.jpg,brown_spot,10203,7466,0.9849
brown_spot\105771.jpg,brown_spot,10203,7466,0.9798
brown_spot\105777.jpg,brown_spot,10203,7466,0.9755
brown_spot\105787.jpg,brown_spot,10203,7466,0.9567
brown_spot\105788.jpg,brown_spot,10203,7466,0.966
brown_spot\105800.jpg,brown_spot,10203,7466,0.9802
brown_spot\105812.jpg,brown_spot,10203,7466,0.9794
brown_spot\105830.jpg,brown_spot,10203,7466,0.9917
brown_spot\105846.jpg,brown_spot,10203,7466,0.9853
brown_spot\105859.jpg,brown_spot,10203,7466,0.9937
brown_spot\105868.jpg,brown_spot,10203,7466,0.9909
brown_spot\105873.jpg,brown_spot,10203,7466,0.9821
brown_spot\105885.jpg,brown_spot,10203,7466,0.9596
brown_spot\105890.jpg,brown_spot,10203,7466,0.9671
brown_spot\105897.jpg,brown_spot,10203,7466,0.9575
brown_spot\105900.jpg,brown_spot,10203,7466,0.9894
brown_spot\105916.jpg,brown_spot,10203,7466,1.0
brown_spot\105921.jpg,brown_spot,10203,7466,0.9827
brown_spot\105926.jpg,brown_spot,10203,7466,0.9659
brown_spot\105949.jpg,brown_spot,10203,7466,0.9905
brown_spot\105952.jpg,brown_spot,10203,7466,0.9927
brown_spot\105966.jpg,brown_spot,10203,7466,0.9506
brown_spot\105968.jpg,brown_spot,10203,7466,0.9699
brown_spot\105969.jpg,brown_spot,10203,7466,0.9942
brown_spot\105970.jpg,brown_spot,10203,7466,0.9881
brown_spot\105989.jpg,brown_spot,10203,7466,0.988
brown_spot\106006.jpg,brown_spot,10203,7466,0.983
brown_spot\106008.jpg,brown_spot,10203,7466,0.9947
brown_spot\106009.jpg,brown_spot,10203,7466,0.9848
brown_spot\106021.jpg,brown_spot,10203,7466,0.9854
brown_spot\106030.jpg,brown_spot,10203,7466,0.9857
brown_spot\106045.jpg,brown_spot,3498,1,0.928
brown_spot\106071.jpg,brown_spot,10203,7466,0.986
brown_spot\106076.jpg,brown_spot,10203,7466,0.9926
brown_spot\106079.jpg,brown_spot,10203,7466,0.985
brown_spot\106080.jpg,brown_spot,10203,7466,0.9774
brown_spot\106090.jpg,brown_spot,10203,7466,0.9874
brown_spot\106111.jpg,brown_spot,10203,7466,0.9757
brown_spot\106115.jpg,brown_spot,3894,8,0.9632
brown_spot\106133.jpg,brown_spot,10203,7466,0.985
brown_spot\106150.jpg,brown_spot,3670,5,0.9866
brown_spot\106156.jpg,brown_spot,10203,7466,0.987
brown_spot\106157.jpg,brown_spot,3509,2,0.9578
brown_spot\106158.jpg,brown_spot,10203,7466,0.9835
brown_spot\106197.jpg,brown_spot,10203,7466,0.99
brown_spot\106204.jpg,brown_spot,10203,7466,0.9861
brown_spot\106231.jpg,brown_spot,10203,7466,0.9767
brown_spot\106236.jpg,brown_spot,10203,7466,0.9799
brown_spot\106238.jpg,brown_spot,3894,8,0.9718
brown_spot\106248.jpg,brown_spot,10203,7466,0.9902
brown_spot\106259.jpg,brown_spot,10203,7466,0.9908
brown_spot\106289.jpg,brown_spot,10203,7466,0.9855
brown_spot\106312.jpg,brown_spot,10203,7466,0.9863
brown_spot\106314.jpg,brown_spot,10203,7466,0.9946
brown_spot\106320.jpg,brown_spot,10203,7466,0.9607
brown_spot\106321.jpg,brown_spot,10203,7466,0.9806
brown_spot\106336.jpg,brown_spot,10203,7466,0.9846
brown_spot\106343.jpg,brown_spot,10203,7466,0.9867
brown_spot\106362.jpg,brown_spot,10203,7466,0.9937
brown_spot\106367.jpg,brown_spot,10203,7466,0.9765
brown_spot\106396.jpg,brown_spot,10203,7466,0.9874
brown_spot\106399.jpg,brown_spot,10203,7466,0.9814
brown_spot\106403.jpg,brown_spot,10203,7466,0.981
brown_spot\106415.jpg,brown_spot,10203,7466,0.9846
brown_spot\106421.jpg,brown_spot,10203,7466,0.981
brown_spot\106424.jpg,brown_spot,10203,7466,0.9727
brown_spot\106448.jpg,brown_spot,10203,7466,0.9768
brown_spot\106457.jpg,brown_spot,10203,7466,0.9898
brown_spot\106476.jpg,brown_spot,10203,7466,0.977
brown_spot\106482.jpg,brown_spot,10203,7466,0.9755
brown_spot\106483.jpg,brown_spot,10203,7466,0.9906
brown_spot\106497.jpg,brown_spot,10203,7466,0.9899
brown_spot\106503.jpg,brown_spot,10203,7466,0.9726
brown_spot\106515.jpg,brown_spot,10203,7466,0.9582
brown_spot\106547.jpg,brown_spot,10203,7466,0.9864
brown_spot\106549.jpg,brown_spot,10203,7466,0.9812
brown_spot\106570.jpg,brown_spot,10203,7466,0.9778
brown_spot\106576.jpg,brown_spot,10203,7466,0.9536
brown_spot\106582.jpg,brown_spot,10203,7466,0.9678
brown_spot\106595.jpg,brown_spot,10203,7466,0.9843
brown_spot\106596.jpg,brown_spot,10203,7466,1.0
brown_spot\106606.jpg,brown_spot,10203,7466,0.9862
brown_spot\106617.jpg,brown_spot,10203,7466,0.9919
brown_spot\106627.jpg,brown_spot,10203,7466,0.9985
brown_spot\106655.jpg,brown_spot,10203,7466,0.9685
brown_spot\106660.jpg,brown_spot,10203,7466,0.9912
brown_spot\106661.jpg,brown_spot,10203,7466,0.9867
brown_spot\106670.jpg,brown_spot,10203,7466,0.9918
brown_spot\106671.jpg,brown_spot,10203,7466,0.9856
brown_spot\106676.jpg,brown_spot,10203,7466,0.9702
brown_spot\106682.jpg,brown_spot,10203,7466,0.9881
brown_spot\106725.jpg,brown_spot,10203,7466,0.9899
brown_spot\106741.jpg,brown_spot,10203,7466,0.9801
brown_spot\106774.jpg,brown_spot,3708,2,0.9825
brown_spot\106780.jpg,brown_spot,10203,7466,0.9881
brown_spot\106781.jpg,brown_spot,10203,7466,0.9639
brown_spot\106796.jpg,brown_spot,10203,7466,0.9693
brown_spot\106810.jpg,brown_spot,10203,7466,0.9903
brown_spot\106833.jpg,brown_spot,10203,7466,0.9718
brown_spot\106840.jpg,brown_spot,10203,7466,0.9775
brown_spot\106846.jpg,brown_spot,10203,7466,0.9767
brown_spot\106857.jpg,brown_spot,10203,7466,0.9774
brown_spot\106860.jpg,brown_spot,10203,7466,1.0
brown_spot\106868.jpg,brown_spot,10203,7466,0.9812
brown_spot\106869.jpg,brown_spot,3081,4,0.9605
brown_spot\106885.jpg,brown_spot,10203,7466,0.952
brown_spot\106890.jpg,brown_spot,10203,7466,0.9683
brown_spot\106892.jpg,brown_spot,10203,7466,0.9787
brown_spot\106894.jpg,brown_spot,3754,5,0.9638
brown_spot\106910.jpg,brown_spot,10203,7466,0.9699
brown_spot\106948.jpg,brown_spot,10203,7466,1.0
brown_spot\106952.jpg,brown_spot,10203,7466,0.9848
brown_spot\106957.jpg,brown_spot,10203,7466,0.9816
brown_spot\106962.jpg,brown_spot,10203,7466,0.9809
brown_spot\107005.jpg,brown_spot,10203,7466,1.0
brown_spot\107017.jpg,brown_spot,10203,7466,0.9904
brown_spot\107022.jpg,brown_spot,10203,7466,0.9833
brown_spot\107033.jpg,brown_spot,10203,7466,0.968
brown_spot\107040.jpg,brown_spot,10203,7466,0.9543
brown_spot\107072.jpg,brown_spot,10203,7466,0.988
brown_spot\107075.jpg,brown_spot,10203,7466,0.9793
brown_spot\107088.jpg,brown_spot,10203,7466,1.0
brown_spot\107093.jpg,brown_spot,10203,7466,0.958
brown_spot\107126.jpg,brown_spot,10203,7466,0.9814
brown_spot\107133.jpg,brown_spot,10203,7466,0.9874
brown_spot\107135.jpg,brown_spot,10203,7466,0.9812
brown_spot\107137.jpg,brown_spot,10203,7466,0.9737
brown_spot\107140.jpg,brown_spot,10203,7466,0.9799
brown_spot\107142.jpg,brown_spot,10203,7466,0.9916
brown_spot\107189.jpg,brown_spot,3596,1,0.9386
brown_spot\107199.jpg,brown_spot,10203,7466,0.9689
brown_spot\107202.jpg,brown_spot,3598,1,0.939
brown_spot\107220.jpg,brown_spot,10203,7466,0.9638
brown_spot\107221.jpg,brown_spot,10203,7466,0.9624
brown_spot\107229.jpg,brown_spot,10203,7466,0.9832
brown_spot\107230.jpg,brown_spot,10203,7466,0.9799
brown_spot\107247.jpg,brown_spot,10203,7466,0.9808
brown_spot\107250.jpg,brown_spot,3805,6,0.9847
brown_spot\107264.jpg,brown_spot,10203,7466,0.9943
brown_spot\107270.jpg,brown_spot,10203,7466,0.9558
brown_spot\107288.jpg,brown_spot,10203,7466,0.9856
brown_spot\107295.jpg,brown_spot,10203,7466,0.9845
brown_spot\107320.jpg,brown_spot,10203,7466,0.9695
brown_spot\107321.jpg,brown_spot,10203,7466,0.8634
brown_spot\107359.jpg,brown_spot,10203,7466,0.9806
brown_spot\107361.jpg,brown_spot,10203,7466,0.9814
brown_spot\107362.jpg,brown_spot,10203,7466,0.9884
brown_spot\107393.jpg,brown_spot,10203,7466,0.9824
brown_spot\107396.jpg,brown_spot,10203,7466,0.9951
brown_spot\107413.jpg,brown_spot,10203,7466,0.9926
brown_spot\107433.jpg,brown_spot,10203,7466,0.9881
brown_spot\107438.jpg,brown_spot,10203,7466,0.985
brown_spot\107446.jpg,brown_spot,10203,7466,0.9938
brown_spot\107453.jpg,brown_spot,10203,7466,0.9804
brown_spot\107457.jpg,brown_spot,10203,7466,0.9907
brown_spot\107462.jpg,brown_spot,10203,7466,0.992
brown_spot\107464.jpg,brown_spot,10203,7466,0.983
brown_spot\107469.jpg,brown_spot,10203,7466,0.979
brown_spot\107486.jpg,brown_spot,10203,7466,0.9923
brown_spot\107492.jpg,brown_spot,10203,7466,0.9777
brown_spot\107511.jpg,brown_spot,10203,7466,0.9914
brown_spot\107520.jpg,brown_spot,10203,7466,0.9935
brown_spot\107531.jpg,brown_spot,10203,7466,0.985
brown_spot\107535.jpg,brown_spot,10203,7466,0.9664
brown_spot\107539.jpg,brown_spot,10203,7466,0.9937
brown_spot\107558.jpg,brown_spot,10203,7466,0.9838
brown_spot\107584.jpg,brown_spot,10203,7466,0.992
brown_spot\107589.jpg,brown_spot,10203,7466,0.9915
brown_spot\107591.jpg,brown_spot,10203,7466,0.9907
brown_spot\107595.jpg,brown_spot,10203,7466,0.9835
brown_spot\107616.jpg,brown_spot,10203,7466,0.973
brown_spot\107624.jpg,brown_spot,10203,7466,0.9867
brown_spot\107653.jpg,brown_spot,3639,1,0.9468
brown_spot\107654.jpg,brown_spot,10203,7466,0.9757
brown_spot\107661.jpg,brown_spot,10203,7466,0.9831
brown_spot\107668.jpg,brown_spot,10203,7466,0.9668
brown_spot\107687.jpg,brown_spot,3643,1,0.9437
brown_spot\107688.jpg,brown_spot,10203,7466,0.9917
brown_spot\107690.jpg,brown_spot,10203,7466,0.9543
brown_spot\107699.jpg,brown_spot,10203,7466,0.9856
brown_spot\107701.jpg,brown_spot,10203,7466,0.9716
brown_spot\107709.jpg,brown_spot,10203,7466,0.9913
brown_spot\107720.jpg,brown_spot,10203,7466,0.9777
brown_spot\107732.jpg,brown_spot,10203,7466,0.9765
brown_spot\107733.jpg,brown_spot,3814,5,0.9801
brown_spot\107740.jpg,brown_spot,10203,7466,0.9917
brown_spot\107762.jpg,brown_spot,10203,7466,0.9686
brown_spot\107776.jpg,brown_spot,10203,7466,0.9755
brown_spot\107795.jpg,brown_spot,10203,7466,0.9823
brown_spot\107804.jpg,brown_spot,3656,1,0.9489
brown_spot\107805.jpg,brown_spot,3805,6,0.9832
brown_spot\107816.jpg,brown_spot,10203,7466,0.987
brown_spot\107821.jpg,brown_spot,10203,7466,0.9874
brown_spot\107848.jpg,brown_spot,10203,7466,0.9913
brown_spot\107849.jpg,brown_spot,10203,7466,0.9723
brown_spot\107870.jpg,brown_spot,10203,7466,0.9889
brown_spot\107871.jpg,brown_spot,10203,7466,0.9948
brown_spot\107874.jpg,brown_spot,3858,6,0.9719
brown_spot\107893.jpg,brown_spot,10203,7466,0.9843
brown_spot\107898.jpg,brown_spot,10203,7466,0.9815
brown_spot\107923.jpg,brown_spot,10203,7466,0.9854
brown_spot\107932.jpg,brown_spot,10203,7466,0.9721
brown_spot\107941.jpg,brown_spot,10203,7466,0.9853
brown_spot\107948.jpg,brown_spot,3670,5,0.9605
brown_spot\107972.jpg,brown_spot,3805,6,0.9774
brown_spot\107986.jpg,brown_spot,10203,7466,0.9856
brown_spot\107995.jpg,brown_spot,10203,7466,0.9644
brown_spot\108006.jpg,brown_spot,10203,7466,0.9723
brown_spot\108053.jpg,brown_spot,10203,7466,0.9745
brown_spot\108077.jpg,brown_spot,10203,7466,0.9918
brown_spot\108087.jpg,brown_spot,10203,7466,0.9881
brown_spot\108096.jpg,brown_spot,10203,7466,0.988
brown_spot\108107.jpg,brown_spot,10203,7466,0.99
brown_spot\108116.jpg,brown_spot,10203,7466,0.9774
brown_spot\108119.jpg,brown_spot,10203,7466,0.965
brown_spot\108120.jpg,brown_spot,10203,7466,0.9781
brown_spot\108131.jpg,brown_spot,10203,7466,0.983
brown_spot\108132.jpg,brown_spot,3862,4,0.9732
brown_spot\108140.jpg,brown_spot,10203,7466,0.9574
brown_spot\108154.jpg,brown_spot,10203,7466,0.9868
brown_spot\108156.jpg,brown_spot,10203,7466,0.967
brown_spot\108168.jpg,brown_spot,10203,7466,0.9885
brown_spot\108186.jpg,brown_spot,10203,7466,0.9831
brown_spot\108187.jpg,brown_spot,10203,7466,0.9848
brown_spot\108201.jpg,brown_spot,10203,7466,0.9902
brown_spot\108214.jpg,brown_spot,10203,7466,0.9755
brown_spot\108235.jpg,brown_spot,10203,7466,0.9729
brown_spot\108237.jpg,brown_spot,10203,7466,0.9699
brown_spot\108243.jpg,brown_spot,10203,7466,0.9765
brown_spot\108255.jpg,brown_spot,3894,8,0.9556
brown_spot\108258.jpg,brown_spot,10203,7466,0.9902
brown_spot\108274.jpg,brown_spot,10203,7466,0.9587
brown_spot\108277.jpg,brown_spot,10203,7466,0.9913
brown_spot\108279.jpg,brown_spot,3855,8,0.9638
brown_spot\108287.jpg,brown_spot,10203,7466,0.9843
brown_spot\108290.jpg,brown_spot,10203,7466,0.9609
brown_spot\108295.jpg,brown_spot,10203,7466,0.9877
brown_spot\108301.jpg,brown_spot,10203,7466,0.9767
brown_spot\108311.jpg,brown_spot,10203,7466,0.9876
brown_spot\108318.jpg,brown_spot,10203,7466,0.9908
brown_spot\108319.jpg,brown_spot,10203,7466,0.9855
brown_spot\108346.jpg,brown_spot,3708,2,0.9825
brown_spot\108350.jpg,brown_spot,10203,7466,0.9755
brown_spot\108356.jpg,brown_spot,10203,7466,0.9849
brown_spot\108365.jpg,brown_spot,10203,7466,0.9867
brown_spot\108386.jpg,brown_spot,10203,7466,0.9868
brown_spot\108409.jpg,brown_spot,10203,7466,0.9742
brown_spot\108430.jpg,brown_spot,10203,7466,0.963
brown_spot\108464.jpg,brown_spot,10203,7466,0.9869
brown_spot\108502.jpg,brown_spot,3716,1,0.9336
brown_spot\108536.jpg,brown_spot,10203,7466,0.9788
brown_spot\108546.jpg,brown_spot,10203,7466,0.9734
brown_spot\108557.jpg,brown_spot,10203,7466,0.9592
brown_spot\108564.jpg,brown_spot,10203,7466,0.9504
brown_spot\108565.jpg,brown_spot,10203,7466,0.9787
brown_spot\108573.jpg,brown_spot,3722,4,0.9762
brown_spot\108583.jpg,brown_spot,10203,7466,0.9922
brown_spot\108587.jpg,brown_spot,10203,7466,0.9943
brown_spot\108596.jpg,brown_spot,3725,1,0.9333
brown_spot\108604.jpg,brown_spot,10203,7466,1.0
brown_spot\108627.jpg,brown_spot,10203,7466,0.9798
brown_spot\108647.jpg,brown_spot,10203,7466,0.9729
brown_spot\108658.jpg,brown_spot,10203,7466,0.9864
brown_spot\108661.jpg,brown_spot,10203,7466,0.9857
brown_spot\108664.jpg,brown_spot,10203,7466,0.9867
brown_spot\108687.jpg,brown_spot,10203,7466,0.9742
brown_spot\108691.jpg,brown_spot,10203,7466,0.9871
brown_spot\108713.jpg,brown_spot,10203,7466,0.9913
brown_spot\108721.jpg,brown_spot,10203,7466,0.991
brown_spot\108739.jpg,brown_spot,10203,7466,0.958
brown_spot\108745.jpg,brown_spot,10203,7466,0.9912
brown_spot\108770.jpg,brown_spot,4437,8,0.9903
brown_spot\108780.jpg,brown_spot,10203,7466,0.9892
brown_spot\108807.jpg,brown_spot,10203,7466,0.9912
brown_spot\108808.jpg,brown_spot,10203,7466,0.987
brown_spot\108816.jpg,brown_spot,10203,7466,0.9799
brown_spot\108820.jpg,brown_spot,10203,7466,0.9826
brown_spot\108823.jpg,brown_spot,10203,7466,0.9669
brown_spot\108838.jpg,brown_spot,10203,7466,0.9898
brown_spot\108843.jpg,brown_spot,10203,7466,0.9718
brown_spot\108845.jpg,brown_spot,10203,7466,0.9902
brown_spot\108847.jpg,brown_spot,10203,7466,0.982
brown_spot\108865.jpg,brown_spot,10203,7466,0.9786
brown_spot\108871.jpg,brown_spot,10203,7466,0.9922
brown_spot\108879.jpg,brown_spot,10203,7466,0.9832
brown_spot\108897.jpg,brown_spot,10203,7466,0.9803
brown_spot\108921.jpg,brown_spot,10203,7466,0.9747
brown_spot\108932.jpg,brown_spot,3754,5,0.9609
brown_spot\108975.jpg,brown_spot,10203,7466,0.9669
brown_spot\108978.jpg,brown_spot,10203,7466,0.9954
brown_spot\108980.jpg,brown_spot,10203,7466,0.9835
brown_spot\108985.jpg,brown_spot,10203,7466,0.9914
brown_spot\108994.jpg,brown_spot,10203,7466,0.9853
brown_spot\108998.jpg,brown_spot,10203,7466,0.9835
brown_spot\109001.jpg,brown_spot,10203,7466,0.986
brown_spot\109004.jpg,brown_spot,10203,7466,0.9856
brown_spot\109013.jpg,brown_spot,10203,7466,0.9881
brown_spot\109026.jpg,brown_spot,10203,7466,0.9787
brown_spot\109028.jpg,brown_spot,10203,7466,0.9821
brown_spot\109036.jpg,brown_spot,10203,7466,0.9902
brown_spot\109053.jpg,brown_spot,10203,7466,0.981
brown_spot\109095.jpg,brown_spot,10203,7466,0.9913
brown_spot\109112.jpg,brown_spot,10203,7466,0.9755
brown_spot\109113.jpg,brown_spot,10203,7466,0.9889
brown_spot\109123.jpg,brown_spot,3858,6,0.9891
brown_spot\109141.jpg,brown_spot,3858,6,0.9703
brown_spot\109150.jpg,brown_spot,3773,1,0.9482
brown_spot\109161.jpg,brown_spot,10203,7466,0.9861
brown_spot\109194.jpg,brown_spot,10203,7466,0.9959
brown_spot\109202.jpg,brown_spot,10203,7466,0.9768
brown_spot\109204.jpg,brown_spot,10203,7466,0.9872
brown_spot\109208.jpg,brown_spot,10203,7466,0.9736
brown_spot\109213.jpg,brown_spot,3670,5,0.9729
brown_spot\109224.jpg,brown_spot,10203,7466,0.976
brown_spot\109235.jpg,brown_spot,10203,7466,0.9651
brown_spot\109247.jpg,brown_spot,10203,7466,0.9904
brown_spot\109254.jpg,brown_spot,10203,7466,0.9787
brown_spot\109258.jpg,brown_spot,10203,7466,0.9885
brown_spot\109259.jpg,brown_spot,10203,7466,0.9898
brown_spot\109269.jpg,brown_spot,10203,7466,0.9844
brown_spot\109273.jpg,brown_spot,3787,4,0.9817
brown_spot\109284.jpg,brown_spot,10203,7466,0.9524
brown_spot\109285.jpg,brown_spot,10203,7466,0.965
brown_spot\109299.jpg,brown_spot,10203,7466,0.9827
brown_spot\109323.jpg,brown_spot,10203,7466,0.9943
brown_spot\109337.jpg,brown_spot,10203,7466,0.9858
brown_spot\109368.jpg,brown_spot,10203,7466,0.9624
brown_spot\109369.jpg,brown_spot,10203,7466,0.9754
brown_spot\109376.jpg,brown_spot,3754,5,0.9706
brown_spot\109378.jpg,brown_spot,10203,7466,0.9641
brown_spot\109380.jpg,brown_spot,10203,7466,0.9914
brown_spot\109382.jpg,brown_spot,10203,7466,0.9816
brown_spot\109397.jpg,brown_spot,10203,7466,0.9636
brown_spot\109398.jpg,brown_spot,10203,7466,0.9784
brown_spot\109405.jpg,brown_spot,10203,7466,0.9774
brown_spot\109412.jpg,brown_spot,10203,7466,0.9912
brown_spot\109419.jpg,brown_spot,10203,7466,0.9625
brown_spot\109420.jpg,brown_spot,10203,7466,0.9793
brown_spot\109435.jpg,brown_spot,3805,6,0.9818
brown_spot\109448.jpg,brown_spot,10203,7466,0.9894
brown_spot\109461.jpg,brown_spot,3807,3,0.9836
brown_spot\109469.jpg,brown_spot,10203,7466,0.9805
brown_spot\109479.jpg,brown_spot,10203,7466,0.9913
brown_spot\109490.jpg,brown_spot,10203,7466,0.978
brown_spot\109492.jpg,brown_spot,10203,7466,0.9642
brown_spot\109494.jpg,brown_spot,10203,7466,1.0
brown_spot\109515.jpg,brown_spot,10203,7466,0.9919
brown_spot\109523.jpg,brown_spot,3814,5,0.983
brown_spot\109539.jpg,brown_spot,10203,7466,0.9711
brown_spot\109552.jpg,brown_spot,3894,8,0.9614
brown_spot\109553.jpg,brown_spot,3817,2,0.9706
brown_spot\109567.jpg,brown_spot,10203,7466,0.9774
brown_spot\109569.jpg,brown_spot,10203,7466,0.9946
brown_spot\109576.jpg,brown_spot,10203,7466,0.9861
brown_spot\109585.jpg,brown_spot,10203,7466,0.9822
brown_spot\109596.jpg,brown_spot,10203,7466,1.0
brown_spot\109601.jpg,brown_spot,10203,7466,0.9783
brown_spot\109616.jpg,brown_spot,10203,7466,0.987
brown_spot\109618.jpg,brown_spot,10203,7466,0.9567
brown_spot\109627.jpg,brown_spot,10203,7466,0.9937
brown_spot\109636.jpg,brown_spot,10203,7466,0.9828
brown_spot\109641.jpg,brown_spot,10203,7466,0.99
brown_spot\109648.jpg,brown_spot,10203,7466,0.9914
brown_spot\109686.jpg,brown_spot,10203,7466,0.9804
brown_spot\109694.jpg,brown_spot,10203,7466,0.9907
brown_spot\109696.jpg,brown_spot,10203,7466,0.9774
brown_spot\109698.jpg,brown_spot,10203,7466,0.9812
brown_spot\109726.jpg,brown_spot,3834,1,0.9228
brown_spot\109727.jpg,brown_spot,3873,7,0.9562
brown_spot\109734.jpg,brown_spot,10203,7466,0.9921
brown_spot\109746.jpg,brown_spot,3837,1,0.9327
brown_spot\109750.jpg,brown_spot,10203,7466,0.9816
brown_spot\109763.jpg,brown_spot,10203,7466,0.9718
brown_spot\109765.jpg,brown_spot,10203,7466,0.9732
brown_spot\109809.jpg,brown_spot,10203,7466,0.9816
brown_spot\109810.jpg,brown_spot,10203,7466,0.9763
brown_spot\109816.jpg,brown_spot,10203,7466,0.9823
brown_spot\109817.jpg,brown_spot,10203,7466,0.9879
brown_spot\109835.jpg,brown_spot,10203,7466,0.9885
brown_spot\109837.jpg,brown_spot,10203,7466,0.9814
brown_spot\109840.jpg,brown_spot,10203,7466,0.9592
brown_spot\109845.jpg,brown_spot,10203,7466,0.9876
brown_spot\109846.jpg,brown_spot,3849,6,0.9888
brown_spot\109859.jpg,brown_spot,3850,1,0.9466
brown_spot\109863.jpg,brown_spot,10203,7466,0.9837
brown_spot\109875.jpg,brown_spot,10203,7466,0.9714
brown_spot\109907.jpg,brown_spot,10203,7466,0.9747
brown_spot\109941.jpg,brown_spot,10203,7466,0.9754
brown_spot\109943.jpg,brown_spot,3855,8,0.985
brown_spot\109949.jpg,brown_spot,10203,7466,0.98
brown_spot\109964.jpg,brown_spot,10203,7466,0.9862
brown_spot\109970.jpg,brown_spot,3858,6,0.9772
brown_spot\109980.jpg,brown_spot,10203,7466,0.9566
brown_spot\110002.jpg,brown_spot,10203,7466,0.9736
brown_spot\110004.jpg,brown_spot,10203,7466,0.9637
brown_spot\110020.jpg,brown_spot,3862,4,0.9732
brown_spot\110029.jpg,brown_spot,10203,7466,0.9806
brown_spot\110034.jpg,brown_spot,10203,7466,0.9682
brown_spot\110038.jpg,brown_spot,10203,7466,0.9823
brown_spot\110044.jpg,brown_spot,10203,7466,0.9705
brown_spot\110047.jpg,brown_spot,10203,7466,0.9746
brown_spot\110068.jpg,brown_spot,10203,7466,0.9926
brown_spot\110085.jpg,brown_spot,3869,1,0.9362
brown_spot\110088.jpg,brown_spot,10203,7466,0.964
brown_spot\110091.jpg,brown_spot,10203,7466,0.9858
brown_spot\110094.jpg,brown_spot,10203,7466,0.9906
brown_spot\110110.jpg,brown_spot,3873,7,0.9645
brown_spot\110128.jpg,brown_spot,10203,7466,0.9879
brown_spot\110141.jpg,brown_spot,10203,7466,0.9908
brown_spot\110144.jpg,brown_spot,10203,7466,0.981
brown_spot\110147.jpg,brown_spot,10203,7466,0.9849
brown_spot\110157.jpg,brown_spot,10203,7466,1.0
brown_spot\110160.jpg,brown_spot,3879,1,0.9481
brown_spot\110163.jpg,brown_spot,10203,7466,0.9692
brown_spot\110177.jpg,brown_spot,10203,7466,0.9857
brown_spot\110202.jpg,brown_spot,3882,1,0.9472
brown_spot\110205.jpg,brown_spot,10203,7466,0.9787
brown_spot\110211.jpg,brown_spot,10203,7466,0.9783
brown_spot\110216.jpg,brown_spot,10203,7466,0.991
brown_spot\110229.jpg,brown_spot,10203,7466,0.9822
brown_spot\110240.jpg,brown_spot,10203,7466,0.9784
brown_spot\110252.jpg,brown_spot,10203,7466,0.9863
brown_spot\110257.jpg,brown_spot,10203,7466,0.9682
brown_spot\110298.jpg,brown_spot,10203,7466,0.9638
brown_spot\110299.jpg,brown_spot,10203,7466,0.9612
brown_spot\110309.jpg,brown_spot,10203,7466,0.9898
brown_spot\110340.jpg,brown_spot,10203,7466,0.986
brown_spot\110346.jpg,brown_spot,3894,8,0.9718
brown_spot\110371.jpg,brown_spot,3895,1,0.9279
brown_spot\110388.jpg,brown_spot,10203,7466,0.9729
brown_spot\110391.jpg,brown_spot,10203,7466,0.9791
brown_spot\110407.jpg,brown_spot,10203,7466,0.9768
dead_heart\100008.jpg,dead_heart,10203,7466,0.9806
dead_heart\100015.jpg,dead_heart,5230,12,0.9867
dead_heart\100020.jpg,dead_heart,10203,7466,0.9621
dead_heart\100026.jpg,dead_heart,5309,7,0.9862
dead_heart\100027.jpg,dead_heart,10203,7466,0.9682
dead_heart\100029.jpg,dead_heart,10203,7466,0.9863
dead_heart\100030.jpg,dead_heart,10203,7466,0.9778
dead_heart\100033.jpg,dead_heart,4033,2,0.956
dead_heart\100036.jpg,dead_heart,10203,7466,0.9661
dead_heart\100047.jpg,dead_heart,10203,7466,0.9766
dead_heart\100048.jpg,dead_heart,5328,81,0.9776
dead_heart\100055.jpg,dead_heart,3910,1,0.9436
dead_heart\100063.jpg,dead_heart,5150,78,0.9596
dead_heart\100073.jpg,dead_heart,10203,7466,0.9748
dead_heart\100087.jpg,dead_heart,5222,24,0.9906
dead_heart\100089.jpg,dead_heart,5296,89,0.9844
dead_heart\100097.jpg,dead_heart,5328,81,0.9713
dead_heart\100106.jpg,dead_heart,4703,79,0.9873
dead_heart\100107.jpg,dead_heart,10203,7466,0.974
dead_heart\100108.jpg,dead_heart,5328,81,0.9774
dead_heart\100114.jpg,dead_heart,10203,7466,0.9846
dead_heart\100115.jpg,dead_heart,5150,78,0.9643
dead_heart\100116.jpg,dead_heart,4641,2,0.9742
dead_heart\100117.jpg,dead_heart,5328,81,0.9825
dead_heart\100124.jpg,dead_heart,10203,7466,0.9869
dead_heart\100136.jpg,dead_heart,10203,7466,0.987
dead_heart\100146.jpg,dead_heart,4747,31,0.9879
dead_heart\100164.jpg,dead_heart,5296,89,0.969
dead_heart\100166.jpg,dead_heart,5328,81,0.9904
dead_heart\100181.jpg,dead_heart,4509,12,0.9836
dead_heart\100196.jpg,dead_heart,4509,12,0.9836
dead_heart\100205.jpg,dead_heart,10203,7466,0.9861
dead_heart\100206.jpg,dead_heart,5155,11,1.0
dead_heart\100209.jpg,dead_heart,5269,28,0.9895
dead_heart\100214.jpg,dead_heart,10203,7466,0.98
dead_heart\100221.jpg,dead_heart,4703,79,0.9906
dead_heart\100222.jpg,dead_heart,10203,7466,0.9777
dead_heart\100224.jpg,dead_heart,5296,89,0.9553
dead_heart\100239.jpg,dead_heart,5150,78,0.964
dead_heart\100249.jpg,dead_heart,5150,78,0.9513
dead_heart\100259.jpg,dead_heart,10203,7466,0.9898
dead_heart\100271.jpg,dead_heart,3940,1,0.9123
dead_heart\100293.jpg,dead_heart,4169,2,0.9847
dead_heart\100305.jpg,dead_heart,5328,81,0.9589
dead_heart\100309.jpg,dead_heart,5150,78,0.9611
dead_heart\100321.jpg,dead_heart,5328,81,0.9626
dead_heart\100326.jpg,dead_heart,4703,79,0.9699
dead_heart\100346.jpg,dead_heart,4703,79,0.9842
dead_heart\100353.jpg,dead_heart,10203,7466,0.9692
dead_heart\100356.jpg,dead_heart,10203,7466,0.9795
dead_heart\100366.jpg,dead_heart,10203,7466,0.9719
dead_heart\100386.jpg,dead_heart,4747,31,0.9748
dead_heart\100395.jpg,dead_heart,10203,7466,0.9813
dead_heart\100407.jpg,dead_heart,5146,9,0.9543
dead_heart\100423.jpg,dead_heart,5269,28,0.9822
dead_heart\100425.jpg,dead_heart,10203,7466,0.9926
dead_heart\100434.jpg,dead_heart,4703,79,0.9848
dead_heart\100444.jpg,dead_heart,5328,81,0.98
dead_heart\100450.jpg,dead_heart,10203,7466,0.986
dead_heart\100452.jpg,dead_heart,10203,7466,0.9872
dead_heart\100474.jpg,dead_heart,10203,7466,0.9861
dead_heart\100477.jpg,dead_heart,5150,78,0.9684
dead_heart\100483.jpg,dead_heart,5269,28,0.9551
dead_heart\100490.jpg,dead_heart,5328,81,0.9796
dead_heart\100529.jpg,dead_heart,10203,7466,0.9801
dead_heart\100551.jpg,dead_heart,4729,25,0.9722
dead_heart\100558.jpg,dead_heart,10203,7466,0.9897
dead_heart\100559.jpg,dead_heart,10203,7466,0.9848
dead_heart\100568.jpg,dead_heart,4407,2,0.9565
dead_heart\100570.jpg,dead_heart,4668,18,0.9704
dead_heart\100578.jpg,dead_heart,10203,7466,0.9819
dead_heart\100579.jpg,dead_heart,4668,18,0.9835
dead_heart\100584.jpg,dead_heart,4616,2,0.9625
dead_heart\100587.jpg,dead_heart,4906,31,0.9725
dead_heart\100589.jpg,dead_heart,4703,79,0.9844
dead_heart\100594.jpg,dead_heart,5230,12,0.9685
dead_heart\100613.jpg,dead_heart,3975,1,0.9404
dead_heart\100617.jpg,dead_heart,4964,2,0.9669
dead_heart\100624.jpg,dead_heart,5328,81,0.974
dead_heart\100631.jpg,dead_heart,4729,25,0.9802
dead_heart\100641.jpg,dead_heart,5222,24,0.9549
dead_heart\100644.jpg,dead_heart,5155,11,0.9676
dead_heart\100654.jpg,dead_heart,5305,4,0.979
dead_heart\100665.jpg,dead_heart,4678,4,0.9473
dead_heart\100667.jpg,dead_heart,10203,7466,0.993
dead_heart\100668.jpg,dead_heart,3984,1,0.9338
dead_heart\100670.jpg,dead_heart,5329,3,0.9577
dead_heart\100672.jpg,dead_heart,5296,89,0.9812
dead_heart\100675.jpg,dead_heart,10203,7466,0.9846
dead_heart\100684.jpg,dead_heart,10203,7466,0.9801
dead_heart\100688.jpg,dead_heart,10203,7466,0.9788
dead_heart\100698.jpg,dead_heart,4703,79,0.9907
dead_heart\100700.jpg,dead_heart,5146,9,0.9565
dead_heart\100705.jpg,dead_heart,3992,1,0.9394
dead_heart\100715.jpg,dead_heart,5299,7,0.9772
dead_heart\100746.jpg,dead_heart,4703,79,0.9838
dead_heart\100748.jpg,dead_heart,3995,1,0.9411
dead_heart\100752.jpg,dead_heart,10203,7466,0.9858
dead_heart\100766.jpg,dead_heart,10203,7466,0.9852
dead_heart\100779.jpg,dead_heart,5296,89,0.9844
dead_heart\100782.jpg,dead_heart,5296,89,0.9747
dead_heart\100798.jpg,dead_heart,5222,24,0.9906
dead_heart\100803.jpg,dead_heart,4267,3,0.9773
dead_heart\100807.jpg,dead_heart,10203,7466,0.9785
dead_heart\100822.jpg,dead_heart,5328,81,0.9872
dead_heart\100833.jpg,dead_heart,10203,7466,0.9707
dead_heart\100845.jpg,dead_heart,10203,7466,0.981
dead_heart\100847.jpg,dead_heart,5324,3,0.9714
dead_heart\100859.jpg,dead_heart,5265,19,0.974
dead_heart\100862.jpg,dead_heart,4703,79,0.9649
dead_heart\100865.jpg,dead_heart,4703,79,0.9766
dead_heart\100872.jpg,dead_heart,10203,7466,0.9668
dead_heart\100874.jpg,dead_heart,4011,1,0.9438
dead_heart\100882.jpg,dead_heart,10203,7466,0.9807
dead_heart\100893.jpg,dead_heart,5328,81,0.9849
dead_heart\100913.jpg,dead_heart,4014,1,0.9419
dead_heart\100921.jpg,dead_heart,10203,7466,0.9888
dead_heart\100924.jpg,dead_heart,4668,18,0.9684
dead_heart\100942.jpg,dead_heart,5230,12,0.9867
dead_heart\100947.jpg,dead_heart,10203,7466,0.9786
dead_heart\100957.jpg,dead_heart,10203,7466,0.9944
dead_heart\100963.jpg,dead_heart,5296,89,0.9726
dead_heart\100966.jpg,dead_heart,10203,7466,0.9944
dead_heart\100979.jpg,dead_heart,10203,7466,0.9635
dead_heart\100996.jpg,dead_heart,5150,78,0.9647
dead_heart\101021.jpg,dead_heart,4326,2,1.0
dead_heart\101032.jpg,dead_heart,4668,18,0.9684
dead_heart\101053.jpg,dead_heart,4108,2,0.9776
dead_heart\101056.jpg,dead_heart,10203,7466,0.9869
dead_heart\101064.jpg,dead_heart,5314,2,0.9522
dead_heart\101065.jpg,dead_heart,10203,7466,0.9876
dead_heart\101066.jpg,dead_heart,5328,81,0.9846
dead_heart\101068.jpg,dead_heart,4703,79,0.9595
dead_heart\101089.jpg,dead_heart,4596,10,0.9808
dead_heart\101113.jpg,dead_heart,4033,2,0.956
dead_heart\101117.jpg,dead_heart,4034,1,0.9479
dead_heart\101124.jpg,dead_heart,5150,78,0.9567
dead_heart\101126.jpg,dead_heart,10203,7466,0.9809
dead_heart\101128.jpg,dead_heart,5269,28,0.9916
dead_heart\101133.jpg,dead_heart,10203,7466,0.9687
dead_heart\101136.jpg,dead_heart,5328,81,0.964
dead_heart\101138.jpg,dead_heart,4747,31,0.9848
dead_heart\101148.jpg,dead_heart,5016,22,0.9716
dead_heart\101157.jpg,dead_heart,10203,7466,0.9795
dead_heart\101158.jpg,dead_heart,4043,1,0.9369
dead_heart\101162.jpg,dead_heart,4703,79,0.9829
dead_heart\101165.jpg,dead_heart,4045,1,0.9427
dead_heart\101168.jpg,dead_heart,10203,7466,0.9617
dead_heart\101179.jpg,dead_heart,5296,89,0.9583
dead_heart\101184.jpg,dead_heart,4370,2,0.9795
dead_heart\101188.jpg,dead_heart,4747,31,0.9848
dead_heart\101191.jpg,dead_heart,5222,24,0.97
dead_heart\101196.jpg,dead_heart,10203,7466,0.989
dead_heart\101200.jpg,dead_heart,4084,2,0.9717
dead_heart\101201.jpg,dead_heart,10203,7466,0.9659
dead_heart\101222.jpg,dead_heart,4962,4,1.0
dead_heart\101236.jpg,dead_heart,4055,1,0.9368
dead_heart\101239.jpg,dead_heart,10203,7466,0.9595
dead_heart\101248.jpg,dead_heart,4795,2,0.9506
dead_heart\101262.jpg,dead_heart,5150,78,0.9659
dead_heart\101266.jpg,dead_heart,10203,7466,0.9807
dead_heart\101271.jpg,dead_heart,5328,81,0.9772
dead_heart\101276.jpg,dead_heart,5296,89,0.973
dead_heart\101287.jpg,dead_heart,4062,1,0.9374
dead_heart\101296.jpg,dead_heart,10203,7466,0.9903
dead_heart\101297.jpg,dead_heart,10203,7466,0.9946
dead_heart\101298.jpg,dead_heart,4801,2,0.9633
dead_heart\101302.jpg,dead_heart,5296,89,0.9852
dead_heart\101324.jpg,dead_heart,5328,81,0.9791
dead_heart\101326.jpg,dead_heart,5150,78,0.9769
dead_heart\101329.jpg,dead_heart,10203,7466,0.9873
dead_heart\101334.jpg,dead_heart,10203,7466,0.9627
dead_heart\101344.jpg,dead_heart,4264,2,0.9769
dead_heart\101352.jpg,dead_heart,5328,81,0.9668
dead_heart\101375.jpg,dead_heart,5328,81,0.9792
dead_heart\101378.jpg,dead_heart,5204,13,0.974
dead_heart\101403.jpg,dead_heart,4075,1,0.9272
dead_heart\101408.jpg,dead_heart,4076,1,0.9477
dead_heart\101409.jpg,dead_heart,5175,5,0.9698
dead_heart\101415.jpg,dead_heart,10203,7466,0.9864
dead_heart\101419.jpg,dead_heart,5024,2,0.9658
dead_heart\101423.jpg,dead_heart,4080,1,0.9148
dead_heart\101434.jpg,dead_heart,10203,7466,0.9923
dead_heart\101443.jpg,dead_heart,10203,7466,0.992
dead_heart\101451.jpg,dead_heart,5328,81,0.9635
dead_heart\101463.jpg,dead_heart,4084,2,0.9717
dead_heart\101468.jpg,dead_heart,10203,7466,0.9869
dead_heart\101480.jpg,dead_heart,5227,4,0.9531
dead_heart\101487.jpg,dead_heart,4703,79,0.9814
dead_heart\101493.jpg,dead_heart,4088,1,0.9368
dead_heart\101494.jpg,dead_heart,10203,7466,0.9612
dead_heart\101500.jpg,dead_heart,5296,89,0.9707
dead_heart\101527.jpg,dead_heart,4091,1,0.9454
dead_heart\101528.jpg,dead_heart,4092,1,0.9488
dead_heart\101536.jpg,dead_heart,5328,81,0.9848
dead_heart\101539.jpg,dead_heart,10203,7466,0.9896
dead_heart\101546.jpg,dead_heart,4095,1,0.9256
dead_heart\101547.jpg,dead_heart,4096,1,0.9258
dead_heart\101549.jpg,dead_heart,10203,7466,0.9639
dead_heart\101552.jpg,dead_heart,10203,7466,0.9745
dead_heart\101560.jpg,dead_heart,10203,7466,0.9755
dead_heart\101568.jpg,dead_heart,5328,81,0.9771
dead_heart\101578.jpg,dead_heart,4703,79,1.0
dead_heart\101582.jpg,dead_heart,10203,7466,0.9785
dead_heart\101588.jpg,dead_heart,4868,3,0.9605
dead_heart\101618.jpg,dead_heart,10203,7466,0.9638
dead_heart\101622.jpg,dead_heart,10203,7466,0.9875
dead_heart\101627.jpg,dead_heart,10203,7466,0.9713
dead_heart\101641.jpg,dead_heart,4747,31,0.9646
dead_heart\101650.jpg,dead_heart,4108,2,0.9776
dead_heart\101657.jpg,dead_heart,10203,7466,0.9897
dead_heart\101665.jpg,dead_heart,10203,7466,0.9621
dead_heart\101678.jpg,dead_heart,10203,7466,0.9652
dead_heart\101687.jpg,dead_heart,5296,89,0.9587
dead_heart\101694.jpg,dead_heart,5150,78,0.9845
dead_heart\101714.jpg,dead_heart,5155,11,0.979
dead_heart\101719.jpg,dead_heart,10203,7466,0.9732
dead_heart\101720.jpg,dead_heart,10203,7466,0.9638
dead_heart\101724.jpg,dead_heart,4832,6,0.9683
dead_heart\101725.jpg,dead_heart,5150,78,0.9746
dead_heart\101736.jpg,dead_heart,5150,78,0.9635
dead_heart\101737.jpg,dead_heart,10203,7466,0.9762
dead_heart\101740.jpg,dead_heart,4962,4,0.955
dead_heart\101743.jpg,dead_heart,5108,3,0.9518
dead_heart\101752.jpg,dead_heart,5328,81,0.9596
dead_heart\101757.jpg,dead_heart,5222,24,0.9568
dead_heart\101758.jpg,dead_heart,10203,7466,0.9796
dead_heart\101770.jpg,dead_heart,10203,7466,0.9878
dead_heart\101771.jpg,dead_heart,5155,11,0.9656
dead_heart\101783.jpg,dead_heart,4497,2,0.972
dead_heart\101787.jpg,dead_heart,5299,7,0.9522
dead_heart\101792.jpg,dead_heart,4729,25,0.9767
dead_heart\101794.jpg,dead_heart,10203,7466,0.9808
dead_heart\101803.jpg,dead_heart,10203,7466,0.9665
dead_heart\101810.jpg,dead_heart,5150,78,0.9774
dead_heart\101819.jpg,dead_heart,10203,7466,0.9606
dead_heart\101840.jpg,dead_heart,4849,2,0.9573
dead_heart\101844.jpg,dead_heart,4703,79,0.9803
dead_heart\101845.jpg,dead_heart,4939,7,0.9745
dead_heart\101851.jpg,dead_heart,10203,7466,0.9661
dead_heart\101863.jpg,dead_heart,10203,7466,0.9813
dead_heart\101864.jpg,dead_heart,5296,89,0.9817
dead_heart\101866.jpg,dead_heart,5016,22,0.9745
dead_heart\101868.jpg,dead_heart,5073,12,1.0
dead_heart\101870.jpg,dead_heart,5269,28,0.9801
dead_heart\101881.jpg,dead_heart,10203,7466,0.9922
dead_heart\101883.jpg,dead_heart,5328,81,0.9713
dead_heart\101890.jpg,dead_heart,10203,7466,0.9652
dead_heart\101891.jpg,dead_heart,10203,7466,0.985
dead_heart\101901.jpg,dead_heart,5271,6,0.9742
dead_heart\101909.jpg,dead_heart,4906,31,0.9884
dead_heart\101912.jpg,dead_heart,5155,11,0.9794
dead_heart\101926.jpg,dead_heart,5027,2,0.9795
dead_heart\101937.jpg,dead_heart,10203,7466,0.9952
dead_heart\101940.jpg,dead_heart,4729,25,0.9756
dead_heart\101941.jpg,dead_heart,4154,1,0.9057
dead_heart\101942.jpg,dead_heart,4155,1,0.8817
dead_heart\101944.jpg,dead_heart,4509,12,0.9628
dead_heart\101952.jpg,dead_heart,10203,7466,0.9921
dead_heart\101955.jpg,dead_heart,4729,25,0.971
dead_heart\101963.jpg,dead_heart,4159,1,0.9485
dead_heart\101970.jpg,dead_heart,10203,7466,0.9899
dead_heart\101990.jpg,dead_heart,5293,2,0.958
dead_heart\101992.jpg,dead_heart,5296,89,0.9793
dead_heart\102000.jpg,dead_heart,5296,89,0.9758
dead_heart\102001.jpg,dead_heart,4164,1,0.9408
dead_heart\102003.jpg,dead_heart,5328,81,0.957
dead_heart\102012.jpg,dead_heart,4934,6,0.9861
dead_heart\102016.jpg,dead_heart,4906,31,0.9701
dead_heart\102021.jpg,dead_heart,4906,31,0.9798
dead_heart\102023.jpg,dead_heart,4169,2,0.9847
dead_heart\102026.jpg,dead_heart,4747,31,0.9646
dead_heart\102028.jpg,dead_heart,4171,1,0.9482
dead_heart\102029.jpg,dead_heart,4934,6,0.9808
dead_heart\102039.jpg,dead_heart,5296,89,0.9723
dead_heart\102047.jpg,dead_heart,5197,3,0.9613
dead_heart\102054.jpg,dead_heart,10203,7466,0.9937
dead_heart\102057.jpg,dead_heart,4703,79,0.9796
dead_heart\102076.jpg,dead_heart,10203,7466,0.9818
dead_heart\102086.jpg,dead_heart,5150,78,0.9774
dead_heart\102093.jpg,dead_heart,4703,79,0.9872
dead_heart\102094.jpg,dead_heart,10203,7466,0.9829
dead_heart\102097.jpg,dead_heart,10203,7466,0.9875
dead_heart\102100.jpg,dead_heart,5150,78,0.9523
dead_heart\102112.jpg,dead_heart,4548,2,0.9761
dead_heart\102121.jpg,dead_heart,10203,7466,0.9821
dead_heart\102131.jpg,dead_heart,4185,1,0.9074
dead_heart\102132.jpg,dead_heart,4703,79,0.976
dead_heart\102134.jpg,dead_heart,10203,7466,0.9846
dead_heart\102141.jpg,dead_heart,10203,7466,0.9807
dead_heart\102142.jpg,dead_heart,5072,3,0.967
dead_heart\102145.jpg,dead_heart,10203,7466,0.9875
dead_heart\102149.jpg,dead_heart,10203,7466,0.9807
dead_heart\102154.jpg,dead_heart,10203,7466,0.99
dead_heart\102155.jpg,dead_heart,10203,7466,0.9831
dead_heart\102162.jpg,dead_heart,10203,7466,0.9749
dead_heart\102163.jpg,dead_heart,5296,89,0.9751
dead_heart\102170.jpg,dead_heart,10203,7466,0.9771
dead_heart\102184.jpg,dead_heart,5315,8,0.9808
dead_heart\102201.jpg,dead_heart,5116,2,0.9685
dead_heart\102207.jpg,dead_heart,10203,7466,0.9736
dead_heart\102210.jpg,dead_heart,10203,7466,0.9632
dead_heart\102216.jpg,dead_heart,4201,1,0.9216
dead_heart\102221.jpg,dead_heart,5265,19,0.975
dead_heart\102225.jpg,dead_heart,10203,7466,0.9854
dead_heart\102229.jpg,dead_heart,4204,1,0.942
dead_heart\102230.jpg,dead_heart,10203,7466,0.9927
dead_heart\102234.jpg,dead_heart,10203,7466,0.9859
dead_heart\102239.jpg,dead_heart,4360,2,0.9563
dead_heart\102254.jpg,dead_heart,10203,7466,0.9738
dead_heart\102277.jpg,dead_heart,4209,1,0.948
dead_heart\102280.jpg,dead_heart,4267,3,0.9773
dead_heart\102306.jpg,dead_heart,5150,78,0.9606
dead_heart\102307.jpg,dead_heart,5086,7,0.9694
dead_heart\102309.jpg,dead_heart,5150,78,0.9818
dead_heart\102312.jpg,dead_heart,5328,81,0.9842
dead_heart\102318.jpg,dead_heart,5150,78,0.9632
dead_heart\102319.jpg,dead_heart,10203,7466,0.9885
dead_heart\102328.jpg,dead_heart,10203,7466,0.9773
dead_heart\102329.jpg,dead_heart,10203,7466,0.9583
dead_heart\102339.jpg,dead_heart,5016,22,0.9793
dead_heart\102343.jpg,dead_heart,5222,24,0.9867
dead_heart\102351.jpg,dead_heart,5239,7,0.9676
dead_heart\102356.jpg,dead_heart,10203,7466,0.983
dead_heart\102360.jpg,dead_heart,5296,89,0.9825
dead_heart\102363.jpg,dead_heart,4224,1,0.9254
dead_heart\102368.jpg,dead_heart,10203,7466,0.9814
dead_heart\102371.jpg,dead_heart,5016,22,0.9745
dead_heart\102376.jpg,dead_heart,4729,25,0.9774
dead_heart\102383.jpg,dead_heart,10203,7466,0.974
dead_heart\102388.jpg,dead_heart,10203,7466,0.9927
dead_heart\102404.jpg,dead_heart,5269,28,0.9705
dead_heart\102406.jpg,dead_heart,5150,78,0.9684
dead_heart\102413.jpg,dead_heart,5328,81,0.9779
dead_heart\102414.jpg,dead_heart,5150,78,0.9685
dead_heart\102418.jpg,dead_heart,4509,12,0.9749
dead_heart\102439.jpg,dead_heart,4235,1,0.9409
dead_heart\102454.jpg,dead_heart,10203,7466,0.9864
dead_heart\102460.jpg,dead_heart,5190,2,0.957
dead_heart\102490.jpg,dead_heart,10203,7466,0.964
dead_heart\102499.jpg,dead_heart,5328,81,0.9665
dead_heart\102513.jpg,dead_heart,5328,81,0.9752
dead_heart\102520.jpg,dead_heart,5180,4,0.9612
dead_heart\102529.jpg,dead_heart,10203,7466,0.9869
dead_heart\102536.jpg,dead_heart,5265,19,0.9796
dead_heart\102547.jpg,dead_heart,10203,7466,0.962
dead_heart\102549.jpg,dead_heart,5296,89,0.986
dead_heart\102556.jpg,dead_heart,5230,12,0.9749
dead_heart\102569.jpg,dead_heart,4703,79,0.9815
dead_heart\102574.jpg,dead_heart,5328,81,0.9808
dead_heart\102575.jpg,dead_heart,5150,78,0.9651
dead_heart\102579.jpg,dead_heart,10203,7466,0.9573
dead_heart\102587.jpg,dead_heart,4906,31,0.9589
dead_heart\102590.jpg,dead_heart,5296,89,0.9584
dead_heart\102595.jpg,dead_heart,5150,78,0.9716
dead_heart\102603.jpg,dead_heart,10203,7466,0.9869
dead_heart\102606.jpg,dead_heart,10203,7466,0.9785
dead_heart\102623.jpg,dead_heart,10203,7466,0.9821
dead_heart\102629.jpg,dead_heart,10203,7466,0.9694
dead_heart\102631.jpg,dead_heart,5328,81,0.985
dead_heart\102654.jpg,dead_heart,5016,22,0.9928
dead_heart\102660.jpg,dead_heart,4260,1,0.9431
dead_heart\102666.jpg,dead_heart,10203,7466,0.9827
dead_heart\102673.jpg,dead_heart,10203,7466,0.9803
dead_heart\102702.jpg,dead_heart,10203,7466,0.9793
dead_heart\102710.jpg,dead_heart,4264,2,0.9769
dead_heart\102716.jpg,dead_heart,10203,7466,0.9901
dead_heart\102722.jpg,dead_heart,4266,1,0.9369
dead_heart\102727.jpg,dead_heart,4267,3,0.9539
dead_heart\102735.jpg,dead_heart,5296,89,0.9861
dead_heart\102736.jpg,dead_heart,5150,78,0.9806
dead_heart\102737.jpg,dead_heart,10203,7466,0.9789
dead_heart\102742.jpg,dead_heart,10203,7466,0.9635
dead_heart\102750.jpg,dead_heart,5038,2,0.9619
dead_heart\102759.jpg,dead_heart,10203,7466,0.9869
dead_heart\102792.jpg,dead_heart,4725,3,0.9716
dead_heart\102794.jpg,dead_heart,10203,7466,0.9636
dead_heart\102795.jpg,dead_heart,4276,1,0.9352
dead_heart\102796.jpg,dead_heart,5204,13,0.9716
dead_heart\102800.jpg,dead_heart,10203,7466,0.9557
dead_heart\102819.jpg,dead_heart,4729,25,0.9787
dead_heart\102830.jpg,dead_heart,10203,7466,0.9621
dead_heart\102834.jpg,dead_heart,10203,7466,0.9841
dead_heart\102844.jpg,dead_heart,5328,81,0.963
dead_heart\102870.jpg,dead_heart,4668,18,0.9782
dead_heart\102872.jpg,dead_heart,5150,78,0.9523
dead_heart\102876.jpg,dead_heart,4285,1,0.9442
dead_heart\102891.jpg,dead_heart,5016,22,0.9718
dead_heart\102905.jpg,dead_heart,5296,89,0.9812
dead_heart\102908.jpg,dead_heart,4992,3,0.9794
dead_heart\102912.jpg,dead_heart,10203,7466,0.9787
dead_heart\102914.jpg,dead_heart,4703,79,0.9897
dead_heart\102916.jpg,dead_heart,4291,1,0.9494
dead_heart\102926.jpg,dead_heart,5086,7,0.9824
dead_heart\102944.jpg,dead_heart,10203,7466,0.9903
dead_heart\102945.jpg,dead_heart,10203,7466,0.9885
dead_heart\102953.jpg,dead_heart,10203,7466,0.9946
dead_heart\102987.jpg,dead_heart,4596,10,0.9817
dead_heart\102997.jpg,dead_heart,10203,7466,0.9832
dead_heart\103001.jpg,dead_heart,4925,2,1.0
dead_heart\103003.jpg,dead_heart,10203,7466,0.9809
dead_heart\103007.jpg,dead_heart,4934,6,0.9799
dead_heart\103026.jpg,dead_heart,4832,6,0.9699
dead_heart\103027.jpg,dead_heart,10203,7466,0.9821
dead_heart\103047.jpg,dead_heart,5322,2,0.9653
dead_heart\103057.jpg,dead_heart,4304,1,0.9366
dead_heart\103063.jpg,dead_heart,10203,7466,0.9549
dead_heart\103066.jpg,dead_heart,5269,28,0.9854
dead_heart\103072.jpg,dead_heart,10203,7466,0.963
dead_heart\103078.jpg,dead_heart,4341,2,0.9667
dead_heart\103090.jpg,dead_heart,5016,22,0.9599
dead_heart\103092.jpg,dead_heart,4996,7,0.9768
dead_heart\103141.jpg,dead_heart,4703,79,0.978
dead_heart\103145.jpg,dead_heart,5296,89,0.9861
dead_heart\103180.jpg,dead_heart,4729,25,0.9767
dead_heart\103183.jpg,dead_heart,4314,1,0.9317
dead_heart\103184.jpg,dead_heart,10203,7466,0.9878
dead_heart\103186.jpg,dead_heart,5016,22,0.9726
dead_heart\103195.jpg,dead_heart,5073,12,1.0
dead_heart\103196.jpg,dead_heart,4318,1,0.9312
dead_heart\103197.jpg,dead_heart,4729,25,0.9863
dead_heart\103198.jpg,dead_heart,4320,1,0.9435
dead_heart\103200.jpg,dead_heart,4321,1,0.9344
dead_heart\103201.jpg,dead_heart,10203,7466,0.988
dead_heart\103208.jpg,dead_heart,10203,7466,0.989
dead_heart\103215.jpg,dead_heart,4729,25,1.0
dead_heart\103219.jpg,dead_heart,5167,2,0.9859
dead_heart\103245.jpg,dead_heart,4326,2,1.0
dead_heart\103253.jpg,dead_heart,5150,78,0.9697
dead_heart\103257.jpg,dead_heart,10203,7466,0.9833
dead_heart\103263.jpg,dead_heart,10203,7466,0.986
dead_heart\103266.jpg,dead_heart,10203,7466,0.9878
dead_heart\103268.jpg,dead_heart,5265,19,0.9666
dead_heart\103287.jpg,dead_heart,4906,31,0.984
dead_heart\103288.jpg,dead_heart,5328,81,0.9853
dead_heart\103299.jpg,dead_heart,5155,11,1.0
dead_heart\103329.jpg,dead_heart,10203,7466,1.0
dead_heart\103330.jpg,dead_heart,4729,25,0.9801
dead_heart\103347.jpg,dead_heart,10203,7466,0.9803
dead_heart\103349.jpg,dead_heart,5222,24,0.9765
dead_heart\103362.jpg,dead_heart,5265,19,0.9675
dead_heart\103363.jpg,dead_heart,5296,89,0.9709
dead_heart\103377.jpg,dead_heart,4341,2,0.9667
dead_heart\103388.jpg,dead_heart,4747,31,0.9823
dead_heart\103398.jpg,dead_heart,4729,25,0.9863
dead_heart\103405.jpg,dead_heart,10203,7466,0.978
dead_heart\103407.jpg,dead_heart,10203,7466,0.9831
dead_heart\103408.jpg,dead_heart,10203,7466,0.966
dead_heart\103412.jpg,dead_heart,4939,7,0.9642
dead_heart\103422.jpg,dead_heart,10203,7466,0.9853
dead_heart\103427.jpg,dead_heart,4934,6,0.9815
dead_heart\103428.jpg,dead_heart,5296,89,0.9675
dead_heart\103429.jpg,dead_heart,10203,7466,0.9661
dead_heart\103434.jpg,dead_heart,4906,31,0.984
dead_heart\103437.jpg,dead_heart,4657,2,0.9561
dead_heart\103441.jpg,dead_heart,10203,7466,0.9923
dead_heart\103444.jpg,dead_heart,4906,31,0.9809
dead_heart\103454.jpg,dead_heart,5239,7,0.9671
dead_heart\103463.jpg,dead_heart,5328,81,0.991
dead_heart\103465.jpg,dead_heart,5271,6,0.9578
dead_heart\103472.jpg,dead_heart,5328,81,0.9798
dead_heart\103474.jpg,dead_heart,4360,2,0.9563
dead_heart\103475.jpg,dead_heart,10203,7466,0.9822
dead_heart\103488.jpg,dead_heart,5150,78,0.9775
dead_heart\103503.jpg,dead_heart,5150,78,0.9548
dead_heart\103512.jpg,dead_heart,4364,1,0.9266
dead_heart\103523.jpg,dead_heart,4365,1,0.9433
dead_heart\103524.jpg,dead_heart,4729,25,0.9787
dead_heart\103541.jpg,dead_heart,5023,2,0.9691
dead_heart\103544.jpg,dead_heart,4832,6,0.9532
dead_heart\103546.jpg,dead_heart,5328,81,0.9796
dead_heart\103547.jpg,dead_heart,4370,2,0.9795
dead_heart\103553.jpg,dead_heart,4678,4,0.9562
dead_heart\103559.jpg,dead_heart,4737,3,0.9777
dead_heart\103574.jpg,dead_heart,5150,78,0.9737
dead_heart\103575.jpg,dead_heart,5296,89,0.986
dead_heart\103580.jpg,dead_heart,4375,1,0.9323
dead_heart\103581.jpg,dead_heart,5265,19,0.9802
dead_heart\103591.jpg,dead_heart,5073,12,1.0
dead_heart\103597.jpg,dead_heart,4642,2,0.9576
dead_heart\103607.jpg,dead_heart,10203,7466,0.9869
dead_heart\103608.jpg,dead_heart,4380,1,0.9458
dead_heart\103613.jpg,dead_heart,10203,7466,0.9715
dead_heart\103624.jpg,dead_heart,4906,31,0.954
dead_heart\103647.jpg,dead_heart,4383,1,0.928
dead_heart\103649.jpg,dead_heart,10203,7466,0.981
dead_heart\103657.jpg,dead_heart,4668,18,0.9756
dead_heart\103665.jpg,dead_heart,10203,7466,0.9875
dead_heart\103681.jpg,dead_heart,4748,3,0.9686
dead_heart\103684.jpg,dead_heart,5269,28,0.9911
dead_heart\103689.jpg,dead_heart,10203,7466,0.9903
dead_heart\103691.jpg,dead_heart,5204,13,0.9698
dead_heart\103697.jpg,dead_heart,5108,3,0.9839
dead_heart\103698.jpg,dead_heart,5239,7,0.9558
dead_heart\103699.jpg,dead_heart,10203,7466,0.9514
dead_heart\103705.jpg,dead_heart,5296,89,0.9746
dead_heart\103708.jpg,dead_heart,5155,11,0.9629
dead_heart\103709.jpg,dead_heart,5175,5,0.9805
dead_heart\103712.jpg,dead_heart,5016,22,0.9599
dead_heart\103717.jpg,dead_heart,5296,89,0.9641
dead_heart\103720.jpg,dead_heart,10203,7466,0.972
dead_heart\103727.jpg,dead_heart,4743,2,0.9807
dead_heart\103730.jpg,dead_heart,4747,31,0.9771
dead_heart\103732.jpg,dead_heart,5222,24,0.9766
dead_heart\103737.jpg,dead_heart,5328,81,0.9772
dead_heart\103738.jpg,dead_heart,5328,81,0.9858
dead_heart\103753.jpg,dead_heart,5300,2,0.9643
dead_heart\103761.jpg,dead_heart,10203,7466,0.9636
dead_heart\103771.jpg,dead_heart,4407,2,0.9565
dead_heart\103773.jpg,dead_heart,4408,1,0.9485
dead_heart\103779.jpg,dead_heart,4409,1,0.943
dead_heart\103783.jpg,dead_heart,4966,5,0.9869
dead_heart\103789.jpg,dead_heart,10203,7466,0.9916
dead_heart\103802.jpg,dead_heart,5296,89,0.9817
dead_heart\103820.jpg,dead_heart,10203,7466,0.99
dead_heart\103832.jpg,dead_heart,10203,7466,0.9735
dead_heart\103833.jpg,dead_heart,5296,89,0.974
dead_heart\103836.jpg,dead_heart,10203,7466,0.971
dead_heart\103851.jpg,dead_heart,4703,79,0.9907
dead_heart\103852.jpg,dead_heart,5150,78,0.9659
dead_heart\103864.jpg,dead_heart,10203,7466,0.9876
dead_heart\103866.jpg,dead_heart,4420,1,0.9392
dead_heart\103873.jpg,dead_heart,5296,89,0.9799
dead_heart\103881.jpg,dead_heart,10203,7466,0.9799
dead_heart\103885.jpg,dead_heart,4780,2,0.9674
dead_heart\103899.jpg,dead_heart,5296,89,0.977
dead_heart\103913.jpg,dead_heart,5150,78,0.9592
dead_heart\103927.jpg,dead_heart,10203,7466,0.9719
dead_heart\103957.jpg,dead_heart,10203,7466,0.9731
dead_heart\103963.jpg,dead_heart,4703,79,0.9827
dead_heart\103969.jpg,dead_heart,10203,7466,0.9793
dead_heart\103979.jpg,dead_heart,10203,7466,0.988
dead_heart\103999.jpg,dead_heart,10203,7466,0.9846
dead_heart\104007.jpg,dead_heart,5169,4,0.9911
dead_heart\104008.jpg,dead_heart,10203,7466,0.9822
dead_heart\104009.jpg,dead_heart,4747,31,0.9703
dead_heart\104023.jpg,dead_heart,10203,7466,0.9822
dead_heart\104036.jpg,dead_heart,10203,7466,0.9717
dead_heart\104042.jpg,dead_heart,4437,8,0.9753
dead_heart\104046.jpg,dead_heart,4438,1,0.9462
dead_heart\104049.jpg,dead_heart,10203,7466,0.9775
dead_heart\104057.jpg,dead_heart,4906,31,0.9626
dead_heart\104071.jpg,dead_heart,5016,22,0.9543
dead_heart\104076.jpg,dead_heart,10203,7466,0.983
dead_heart\104080.jpg,dead_heart,5296,89,0.9682
dead_heart\104088.jpg,dead_heart,10203,7466,0.9889
dead_heart\104091.jpg,dead_heart,4445,1,0.949
dead_heart\104105.jpg,dead_heart,5312,3,0.9726
dead_heart\104112.jpg,dead_heart,4729,25,0.9688
dead_heart\104113.jpg,dead_heart,5230,12,0.9566
dead_heart\104122.jpg,dead_heart,5073,12,0.9623
dead_heart\104131.jpg,dead_heart,5296,89,0.9797
dead_heart\104141.jpg,dead_heart,4992,3,0.9794
dead_heart\104147.jpg,dead_heart,10203,7466,0.9642
dead_heart\104150.jpg,dead_heart,5328,81,0.985
dead_heart\104174.jpg,dead_heart,4703,79,0.9659
dead_heart\104186.jpg,dead_heart,4966,5,0.9898
dead_heart\104188.jpg,dead_heart,4703,79,0.985
dead_heart\104189.jpg,dead_heart,10203,7466,0.9775
dead_heart\104196.jpg,dead_heart,4729,25,1.0
dead_heart\104205.jpg,dead_heart,4459,1,0.9478
dead_heart\104206.jpg,dead_heart,4593,2,0.959
dead_heart\104209.jpg,dead_heart,10203,7466,0.9777
dead_heart\104210.jpg,dead_heart,5328,81,0.98
dead_heart\104217.jpg,dead_heart,4939,7,0.9771
dead_heart\104228.jpg,dead_heart,5227,4,0.9725
dead_heart\104230.jpg,dead_heart,10203,7466,0.9722
dead_heart\104235.jpg,dead_heart,10203,7466,0.9798
dead_heart\104239.jpg,dead_heart,4868,3,0.9633
dead_heart\104251.jpg,dead_heart,5296,89,0.9692
dead_heart\104259.jpg,dead_heart,5296,89,0.9759
dead_heart\104263.jpg,dead_heart,5016,22,0.9712
dead_heart\104275.jpg,dead_heart,4668,18,0.9726
dead_heart\104276.jpg,dead_heart,10203,7466,0.985
dead_heart\104278.jpg,dead_heart,5328,81,0.9562
dead_heart\104283.jpg,dead_heart,5296,89,0.9805
dead_heart\104292.jpg,dead_heart,4475,1,0.9496
dead_heart\104299.jpg,dead_heart,5150,78,0.9598
dead_heart\104308.jpg,dead_heart,5296,89,0.9854
dead_heart\104311.jpg,dead_heart,4478,1,0.9364
dead_heart\104317.jpg,dead_heart,5296,89,0.9816
dead_heart\104325.jpg,dead_heart,10203,7466,0.9807
dead_heart\104327.jpg,dead_heart,10203,7466,0.9873
dead_heart\104328.jpg,dead_heart,4482,1,0.9143
dead_heart\104330.jpg,dead_heart,10203,7466,0.9756
dead_heart\104334.jpg,dead_heart,5296,89,0.9854
dead_heart\104339.jpg,dead_heart,4485,1,0.9452
dead_heart\104355.jpg,dead_heart,4596,10,0.9808
dead_heart\104363.jpg,dead_heart,4748,3,0.9686
dead_heart\104383.jpg,dead_heart,5073,12,0.9712
dead_heart\104387.jpg,dead_heart,4703,79,0.9758
dead_heart\104399.jpg,dead_heart,10203,7466,0.9915
dead_heart\104404.jpg,dead_heart,5159,3,0.9842
dead_heart\104408.jpg,dead_heart,4596,10,0.9693
dead_heart\104412.jpg,dead_heart,4939,7,0.9569
dead_heart\104417.jpg,dead_heart,4729,25,0.9706
dead_heart\104420.jpg,dead_heart,4747,31,0.9853
dead_heart\104425.jpg,dead_heart,10203,7466,0.9863
dead_heart\104437.jpg,dead_heart,4497,2,0.972
dead_heart\104445.jpg,dead_heart,4498,1,0.933
dead_heart\104455.jpg,dead_heart,10203,7466,0.9678
dead_heart\104470.jpg,dead_heart,5328,81,0.9877
dead_heart\104472.jpg,dead_heart,4725,3,0.9716
dead_heart\104473.jpg,dead_heart,10203,7466,0.9841
dead_heart\104478.jpg,dead_heart,10203,7466,0.9682
dead_heart\104485.jpg,dead_heart,10203,7466,0.9772
dead_heart\104502.jpg,dead_heart,4505,1,0.9324
dead_heart\104514.jpg,dead_heart,4703,79,0.9815
dead_heart\104515.jpg,dead_heart,5150,78,0.9818
dead_heart\104517.jpg,dead_heart,10203,7466,0.976
dead_heart\104523.jpg,dead_heart,4509,12,0.9749
dead_heart\104536.jpg,dead_heart,4510,1,0.9362
dead_heart\104540.jpg,dead_heart,10203,7466,0.9771
dead_heart\104548.jpg,dead_heart,10203,7466,0.9505
dead_heart\104573.jpg,dead_heart,4513,1,0.9423
dead_heart\104607.jpg,dead_heart,5146,9,0.9516
dead_heart\104608.jpg,dead_heart,4515,1,0.8986
dead_heart\104609.jpg,dead_heart,5269,28,0.9788
dead_heart\104615.jpg,dead_heart,5328,81,0.9797
dead_heart\104616.jpg,dead_heart,4703,79,0.988
dead_heart\104628.jpg,dead_heart,10203,7466,0.9867
dead_heart\104646.jpg,dead_heart,5227,4,0.9562
dead_heart\104649.jpg,dead_heart,4906,31,0.9795
dead_heart\104659.jpg,dead_heart,5150,78,0.964
dead_heart\104660.jpg,dead_heart,5177,5,0.9659
dead_heart\104664.jpg,dead_heart,4524,1,0.9472
dead_heart\104673.jpg,dead_heart,10203,7466,0.9901
dead_heart\104688.jpg,dead_heart,5092,6,0.9745
dead_heart\104698.jpg,dead_heart,5180,4,0.9612
dead_heart\104707.jpg,dead_heart,10203,7466,0.9866
dead_heart\104718.jpg,dead_heart,10203,7466,0.9835
dead_heart\104721.jpg,dead_heart,10203,7466,0.9862
dead_heart\104731.jpg,dead_heart,5328,81,0.9621
dead_heart\104740.jpg,dead_heart,5150,78,0.9526
dead_heart\104742.jpg,dead_heart,5265,19,0.964
dead_heart\104743.jpg,dead_heart,5296,89,0.9797
dead_heart\104744.jpg,dead_heart,5296,89,0.9777
dead_heart\104754.jpg,dead_heart,4536,1,0.9359
dead_heart\104764.jpg,dead_heart,10203,7466,0.9731
dead_heart\104777.jpg,dead_heart,5222,24,0.9824
dead_heart\104782.jpg,dead_heart,5271,6,0.9637
dead_heart\104794.jpg,dead_heart,4703,79,0.9607
dead_heart\104804.jpg,dead_heart,10203,7466,0.9831
dead_heart\104831.jpg,dead_heart,4668,18,0.9756
dead_heart\104836.jpg,dead_heart,5328,81,0.9855
dead_heart\104844.jpg,dead_heart,4703,79,0.9734
dead_heart\104845.jpg,dead_heart,10203,7466,0.979
dead_heart\104847.jpg,dead_heart,4747,31,0.9706
dead_heart\104866.jpg,dead_heart,4547,1,0.8848
dead_heart\104868.jpg,dead_heart,4548,2,0.9761
dead_heart\104878.jpg,dead_heart,10203,7466,0.9864
dead_heart\104892.jpg,dead_heart,10203,7466,0.9863
dead_heart\104898.jpg,dead_heart,5315,8,0.9825
dead_heart\104902.jpg,dead_heart,5309,7,0.982
dead_heart\104903.jpg,dead_heart,10203,7466,0.9713
dead_heart\104904.jpg,dead_heart,4554,1,0.949
dead_heart\104908.jpg,dead_heart,10203,7466,0.9831
dead_heart\104916.jpg,dead_heart,5150,78,0.9775
dead_heart\104920.jpg,dead_heart,10203,7466,0.9846
dead_heart\104938.jpg,dead_heart,4668,18,0.98
dead_heart\104941.jpg,dead_heart,10203,7466,0.9699
dead_heart\104948.jpg,dead_heart,10203,7466,0.972
dead_heart\104956.jpg,dead_heart,10203,7466,0.985
dead_heart\104957.jpg,dead_heart,4747,31,1.0
dead_heart\104974.jpg,dead_heart,10203,7466,0.9854
dead_heart\104991.jpg,dead_heart,5009,2,0.9775
dead_heart\104994.jpg,dead_heart,10203,7466,0.9812
dead_heart\104999.jpg,dead_heart,5296,89,0.9797
dead_heart\105002.jpg,dead_heart,5299,7,0.9656
dead_heart\105010.jpg,dead_heart,4678,4,0.9713
dead_heart\105015.jpg,dead_heart,4569,1,0.9452
dead_heart\105017.jpg,dead_heart,10203,7466,0.9647
dead_heart\105022.jpg,dead_heart,4747,31,0.9576
dead_heart\105026.jpg,dead_heart,10203,7466,0.9784
dead_heart\105036.jpg,dead_heart,4573,1,0.9465
dead_heart\105041.jpg,dead_heart,4574,1,0.9474
dead_heart\105044.jpg,dead_heart,4939,7,0.9536
dead_heart\105047.jpg,dead_heart,10203,7466,0.9813
dead_heart\105048.jpg,dead_heart,4906,31,0.9798
dead_heart\105049.jpg,dead_heart,4832,6,0.961
dead_heart\105052.jpg,dead_heart,5296,89,0.9818
dead_heart\105062.jpg,dead_heart,10203,7466,0.9693
dead_heart\105066.jpg,dead_heart,4703,79,0.9835
dead_heart\105070.jpg,dead_heart,5222,24,0.9678
dead_heart\105071.jpg,dead_heart,5204,13,0.964
dead_heart\105074.jpg,dead_heart,5265,19,0.957
dead_heart\105079.jpg,dead_heart,4906,31,0.9745
dead_heart\105082.jpg,dead_heart,5328,81,0.9846
dead_heart\105085.jpg,dead_heart,4587,1,0.9429
dead_heart\105086.jpg,dead_heart,4703,79,0.9803
dead_heart\105088.jpg,dead_heart,10203,7466,0.9871
dead_heart\105091.jpg,dead_heart,10203,7466,0.9774
dead_heart\105093.jpg,dead_heart,10203,7466,0.9769
dead_heart\105107.jpg,dead_heart,10203,7466,0.9875
dead_heart\105111.jpg,dead_heart,4593,2,0.959
dead_heart\105113.jpg,dead_heart,10203,7466,0.9809
dead_heart\105120.jpg,dead_heart,5296,89,0.9852
dead_heart\105121.jpg,dead_heart,4596,10,0.978
dead_heart\105128.jpg,dead_heart,10203,7466,0.98
dead_heart\105138.jpg,dead_heart,4598,1,0.9305
dead_heart\105139.jpg,dead_heart,4509,12,0.9664
dead_heart\105158.jpg,dead_heart,5230,12,0.9747
dead_heart\105159.jpg,dead_heart,4601,1,0.924
dead_heart\105165.jpg,dead_heart,4668,18,0.9952
dead_heart\105187.jpg,dead_heart,5150,78,0.9845
dead_heart\105195.jpg,dead_heart,5016,22,0.9761
dead_heart\105198.jpg,dead_heart,4729,25,0.9725
dead_heart\105210.jpg,dead_heart,5296,89,0.9771
dead_heart\105218.jpg,dead_heart,10203,7466,0.9863
dead_heart\105229.jpg,dead_heart,4747,31,0.9841
dead_heart\105232.jpg,dead_heart,10203,7466,0.9782
dead_heart\105235.jpg,dead_heart,5073,12,0.9765
dead_heart\105240.jpg,dead_heart,10203,7466,0.9784
dead_heart\105251.jpg,dead_heart,4612,1,0.9181
dead_heart\105260.jpg,dead_heart,10203,7466,0.9782
dead_heart\105261.jpg,dead_heart,10203,7466,0.9814
dead_heart\105271.jpg,dead_heart,10203,7466,0.9784
dead_heart\105287.jpg,dead_heart,4616,2,0.9625
dead_heart\105298.jpg,dead_heart,4747,31,0.9616
dead_heart\105304.jpg,dead_heart,4618,1,0.9324
dead_heart\105332.jpg,dead_heart,4703,79,0.981
dead_heart\105345.jpg,dead_heart,10203,7466,0.985
dead_heart\105349.jpg,dead_heart,4621,1,0.9452
dead_heart\105359.jpg,dead_heart,4622,1,0.9357
dead_heart\105366.jpg,dead_heart,5296,89,0.978
dead_heart\105371.jpg,dead_heart,5299,7,0.9762
dead_heart\105389.jpg,dead_heart,5328,81,0.9671
dead_heart\105404.jpg,dead_heart,5086,7,0.9824
dead_heart\105428.jpg,dead_heart,10203,7466,0.9832
dead_heart\105435.jpg,dead_heart,4628,1,0.8962
dead_heart\105440.jpg,dead_heart,4747,31,0.9797
dead_heart\105453.jpg,dead_heart,4630,1,0.9215
dead_heart\105476.jpg,dead_heart,4631,1,0.9368
dead_heart\105481.jpg,dead_heart,5328,81,0.9786
dead_heart\105482.jpg,dead_heart,4703,79,0.9738
dead_heart\105483.jpg,dead_heart,4634,1,0.9366
dead_heart\105489.jpg,dead_heart,5328,81,0.9739
dead_heart\105502.jpg,dead_heart,4636,1,0.9337
dead_heart\105504.jpg,dead_heart,10203,7466,0.9869
dead_heart\105513.jpg,dead_heart,5269,28,0.9628
dead_heart\105525.jpg,dead_heart,5296,89,0.983
dead_heart\105527.jpg,dead_heart,4703,79,0.9742
dead_heart\105530.jpg,dead_heart,4641,2,0.9742
dead_heart\105536.jpg,dead_heart,4642,2,0.9576
dead_heart\105543.jpg,dead_heart,4703,79,0.9601
dead_heart\105547.jpg,dead_heart,5142,2,0.9615
dead_heart\105549.jpg,dead_heart,10203,7466,0.9873
dead_heart\105554.jpg,dead_heart,4856,2,0.9639
dead_heart\105556.jpg,dead_heart,4703,79,0.9825
dead_heart\105568.jpg,dead_heart,10203,7466,0.9612
dead_heart\105572.jpg,dead_heart,4832,6,0.9801
dead_heart\105574.jpg,dead_heart,10203,7466,0.9827
dead_heart\105594.jpg,dead_heart,4737,3,0.9754
dead_heart\105597.jpg,dead_heart,10203,7466,0.9738
dead_heart\105598.jpg,dead_heart,5150,78,0.9569
dead_heart\105612.jpg,dead_heart,5328,81,0.9858
dead_heart\105625.jpg,dead_heart,4729,25,0.966
dead_heart\105628.jpg,dead_heart,10203,7466,0.9622
dead_heart\105640.jpg,dead_heart,4657,2,0.9561
dead_heart\105642.jpg,dead_heart,5328,81,0.9535
dead_heart\105644.jpg,dead_heart,10203,7466,0.9854
dead_heart\105645.jpg,dead_heart,5328,81,0.99
dead_heart\105651.jpg,dead_heart,10203,7466,0.9798
dead_heart\105656.jpg,dead_heart,10203,7466,0.9853
dead_heart\105667.jpg,dead_heart,10203,7466,0.9912
dead_heart\105678.jpg,dead_heart,4703,79,0.9741
dead_heart\105681.jpg,dead_heart,5296,89,0.9746
dead_heart\105685.jpg,dead_heart,10203,7466,0.9614
dead_heart\105686.jpg,dead_heart,5204,13,0.9721
dead_heart\105699.jpg,dead_heart,4668,18,0.98
dead_heart\105713.jpg,dead_heart,10203,7466,0.9801
dead_heart\105719.jpg,dead_heart,10203,7466,0.9598
dead_heart\105720.jpg,dead_heart,4671,1,0.9462
dead_heart\105734.jpg,dead_heart,5016,22,0.9662
dead_heart\105743.jpg,dead_heart,10203,7466,0.956
dead_heart\105754.jpg,dead_heart,10203,7466,0.9885
dead_heart\105759.jpg,dead_heart,5016,22,0.9662
dead_heart\105767.jpg,dead_heart,10203,7466,0.977
dead_heart\105768.jpg,dead_heart,5239,7,0.9661
dead_heart\105773.jpg,dead_heart,4678,4,0.9713
dead_heart\105784.jpg,dead_heart,10203,7466,0.9825
dead_heart\105789.jpg,dead_heart,5239,7,0.9694
dead_heart\105819.jpg,dead_heart,10203,7466,0.9846
dead_heart\105820.jpg,dead_heart,5150,78,0.9747
dead_heart\105824.jpg,dead_heart,4683,1,0.9283
dead_heart\105874.jpg,dead_heart,5150,78,0.9586
dead_heart\105884.jpg,dead_heart,10203,7466,0.9862
dead_heart\105887.jpg,dead_heart,5306,2,0.9517
dead_heart\105891.jpg,dead_heart,10203,7466,0.9786
dead_heart\105895.jpg,dead_heart,5328,81,0.9877
dead_heart\105931.jpg,dead_heart,4689,1,0.9448
dead_heart\105941.jpg,dead_heart,10203,7466,0.9716
dead_heart\105946.jpg,dead_heart,5222,24,0.9867
dead_heart\105947.jpg,dead_heart,5150,78,0.9501
dead_heart\105955.jpg,dead_heart,10203,7466,0.9784
dead_heart\105956.jpg,dead_heart,10203,7466,0.9847
dead_heart\105961.jpg,dead_heart,5155,11,0.9714
dead_heart\105972.jpg,dead_heart,5072,3,0.967
dead_heart\105978.jpg,dead_heart,4966,5,0.9898
dead_heart\105980.jpg,dead_heart,10203,7466,0.9789
dead_heart\105981.jpg,dead_heart,10203,7466,0.9647
dead_heart\105983.jpg,dead_heart,10203,7466,0.9834
dead_heart\105988.jpg,dead_heart,5016,22,0.9761
dead_heart\105996.jpg,dead_heart,10203,7466,0.9885
dead_heart\105997.jpg,dead_heart,4703,79,0.9548
dead_heart\105998.jpg,dead_heart,10203,7466,0.9768
dead_heart\106002.jpg,dead_heart,4703,79,0.9872
dead_heart\106007.jpg,dead_heart,10203,7466,0.9862
dead_heart\106010.jpg,dead_heart,10203,7466,0.9785
dead_heart\106038.jpg,dead_heart,5073,12,0.9765
dead_heart\106052.jpg,dead_heart,10203,7466,0.9719
dead_heart\106062.jpg,dead_heart,10203,7466,0.9937
dead_heart\106066.jpg,dead_heart,4906,31,0.9839
dead_heart\106070.jpg,dead_heart,4747,31,0.9602
dead_heart\106075.jpg,dead_heart,10203,7466,0.9875
dead_heart\106082.jpg,dead_heart,5328,81,0.9744
dead_heart\106100.jpg,dead_heart,10203,7466,0.956
dead_heart\106105.jpg,dead_heart,4716,1,0.9412
dead_heart\106110.jpg,dead_heart,10203,7466,0.9863
dead_heart\106113.jpg,dead_heart,10203,7466,0.9799
dead_heart\106121.jpg,dead_heart,10203,7466,0.954
dead_heart\106122.jpg,dead_heart,5269,28,0.9822
dead_heart\106124.jpg,dead_heart,5150,78,0.9638
dead_heart\106126.jpg,dead_heart,10203,7466,0.9864
dead_heart\106145.jpg,dead_heart,5086,7,0.9752
dead_heart\106154.jpg,dead_heart,10203,7466,0.9802
dead_heart\106155.jpg,dead_heart,4725,3,0.9523
dead_heart\106164.jpg,dead_heart,10203,7466,0.9831
dead_heart\106173.jpg,dead_heart,5222,24,0.9719
dead_heart\106179.jpg,dead_heart,10203,7466,0.9649
dead_heart\106184.jpg,dead_heart,4729,25,0.9564
dead_heart\106190.jpg,dead_heart,10203,7466,0.9694
dead_heart\106191.jpg,dead_heart,4731,1,0.9323
dead_heart\106201.jpg,dead_heart,10203,7466,0.9905
dead_heart\106207.jpg,dead_heart,4747,31,0.9538
dead_heart\106209.jpg,dead_heart,4703,79,1.0
dead_heart\106216.jpg,dead_heart,10203,7466,0.9908
dead_heart\106222.jpg,dead_heart,5092,6,0.9737
dead_heart\106226.jpg,dead_heart,4737,3,0.9777
dead_heart\106228.jpg,dead_heart,5073,12,0.9712
dead_heart\106241.jpg,dead_heart,4739,1,0.9236
dead_heart\106243.jpg,dead_heart,10203,7466,0.9923
dead_heart\106246.jpg,dead_heart,10203,7466,0.9852
dead_heart\106256.jpg,dead_heart,5230,12,0.984
dead_heart\106279.jpg,dead_heart,4743,2,0.9807
dead_heart\106284.jpg,dead_heart,5328,81,0.9798
dead_heart\106293.jpg,dead_heart,5146,9,0.9542
dead_heart\106310.jpg,dead_heart,4747,31,0.9749
dead_heart\106313.jpg,dead_heart,4747,31,0.9517
dead_heart\106331.jpg,dead_heart,4748,3,0.9532
dead_heart\106334.jpg,dead_heart,4874,2,0.9588
dead_heart\106346.jpg,dead_heart,5328,81,0.985
dead_heart\106365.jpg,dead_heart,10203,7466,0.9715
dead_heart\106368.jpg,dead_heart,10203,7466,0.9812
dead_heart\106369.jpg,dead_heart,5265,19,0.9733
dead_heart\106376.jpg,dead_heart,10203,7466,0.9838
dead_heart\106411.jpg,dead_heart,10203,7466,0.9866
dead_heart\106432.jpg,dead_heart,10203,7466,0.9906
dead_heart\106434.jpg,dead_heart,5296,89,0.9746
dead_heart\106437.jpg,dead_heart,4758,1,0.9388
dead_heart\106458.jpg,dead_heart,10203,7466,0.9692
dead_heart\106468.jpg,dead_heart,4596,10,0.9817
dead_heart\106481.jpg,dead_heart,5073,12,1.0
dead_heart\106488.jpg,dead_heart,5222,24,0.9828
dead_heart\106511.jpg,dead_heart,4729,25,0.9774
dead_heart\106541.jpg,dead_heart,5150,78,0.9772
dead_heart\106553.jpg,dead_heart,5073,12,0.9834
dead_heart\106555.jpg,dead_heart,5309,7,0.9862
dead_heart\106565.jpg,dead_heart,10203,7466,0.9784
dead_heart\106573.jpg,dead_heart,5025,2,0.9786
dead_heart\106577.jpg,dead_heart,5296,89,0.9799
dead_heart\106588.jpg,dead_heart,5222,24,0.9686
dead_heart\106592.jpg,dead_heart,10203,7466,0.9883
dead_heart\106597.jpg,dead_heart,5296,89,0.9739
dead_heart\106598.jpg,dead_heart,10203,7466,0.9855
dead_heart\106623.jpg,dead_heart,5265,19,0.9906
dead_heart\106633.jpg,dead_heart,5296,89,0.9536
dead_heart\106642.jpg,dead_heart,4776,1,0.9371
dead_heart\106647.jpg,dead_heart,5328,81,0.9834
dead_heart\106648.jpg,dead_heart,10203,7466,0.9864
dead_heart\106664.jpg,dead_heart,5296,89,0.9766
dead_heart\106666.jpg,dead_heart,4780,2,0.9674
dead_heart\106668.jpg,dead_heart,5150,78,0.9628
dead_heart\106687.jpg,dead_heart,5150,78,0.9532
dead_heart\106702.jpg,dead_heart,10203,7466,0.9916
dead_heart\106712.jpg,dead_heart,5271,6,0.9742
dead_heart\106720.jpg,dead_heart,10203,7466,0.9898
dead_heart\106721.jpg,dead_heart,5150,78,0.9638
dead_heart\106729.jpg,dead_heart,10203,7466,0.9749
dead_heart\106731.jpg,dead_heart,4747,31,0.9792
dead_heart\106733.jpg,dead_heart,5265,19,0.964
dead_heart\106736.jpg,dead_heart,10203,7466,0.9682
dead_heart\106753.jpg,dead_heart,10203,7466,0.9693
dead_heart\106756.jpg,dead_heart,5230,12,0.9813
dead_heart\106757.jpg,dead_heart,4703,79,0.975
dead_heart\106762.jpg,dead_heart,10203,7466,0.9776
dead_heart\106771.jpg,dead_heart,4795,2,0.9506
dead_heart\106783.jpg,dead_heart,10203,7466,0.9596
dead_heart\106786.jpg,dead_heart,10203,7466,0.9834
dead_heart\106790.jpg,dead_heart,5328,81,0.9904
dead_heart\106793.jpg,dead_heart,4703,79,0.9706
dead_heart\106797.jpg,dead_heart,10203,7466,0.9647
dead_heart\106804.jpg,dead_heart,4801,2,0.9633
dead_heart\106815.jpg,dead_heart,4703,79,0.9838
dead_heart\106822.jpg,dead_heart,5204,13,0.9721
dead_heart\106824.jpg,dead_heart,4906,31,0.9809
dead_heart\106829.jpg,dead_heart,10203,7466,0.9794
dead_heart\106836.jpg,dead_heart,4950,3,0.9547
dead_heart\106838.jpg,dead_heart,4807,1,0.9133
dead_heart\106855.jpg,dead_heart,4703,79,0.9699
dead_heart\106864.jpg,dead_heart,10203,7466,0.9794
dead_heart\106873.jpg,dead_heart,10203,7466,0.9727
dead_heart\106882.jpg,dead_heart,4811,1,0.9301
dead_heart\106886.jpg,dead_heart,4966,5,0.9881
dead_heart\106895.jpg,dead_heart,5265,19,0.9906
dead_heart\106901.jpg,dead_heart,4814,1,0.9312
dead_heart\106919.jpg,dead_heart,4815,1,0.9351
dead_heart\106924.jpg,dead_heart,10203,7466,1.0
dead_heart\106925.jpg,dead_heart,10203,7466,0.9863
dead_heart\106929.jpg,dead_heart,4906,31,0.9589
dead_heart\106930.jpg,dead_heart,5328,81,0.9864
dead_heart\106935.jpg,dead_heart,5315,8,0.9742
dead_heart\106937.jpg,dead_heart,5253,2,0.9754
dead_heart\106942.jpg,dead_heart,4822,1,0.9359
dead_heart\106946.jpg,dead_heart,4823,1,0.9201
dead_heart\106955.jpg,dead_heart,10203,7466,0.9825
dead_heart\106971.jpg,dead_heart,10203,7466,0.9717
dead_heart\106975.jpg,dead_heart,4703,79,0.976
dead_heart\106990.jpg,dead_heart,5296,89,0.9891
dead_heart\106994.jpg,dead_heart,10203,7466,0.986
dead_heart\106995.jpg,dead_heart,5159,3,0.975
dead_heart\107011.jpg,dead_heart,4747,31,1.0
dead_heart\107012.jpg,dead_heart,5177,5,0.9567
dead_heart\107016.jpg,dead_heart,4832,6,0.9801
dead_heart\107018.jpg,dead_heart,4729,25,0.9802
dead_heart\107023.jpg,dead_heart,5086,7,0.9743
dead_heart\107024.jpg,dead_heart,4835,1,0.9358
dead_heart\107025.jpg,dead_heart,5329,3,0.9523
dead_heart\107044.jpg,dead_heart,10203,7466,0.9799
dead_heart\107047.jpg,dead_heart,4906,31,0.9795
dead_heart\107048.jpg,dead_heart,5328,81,0.9589
dead_heart\107052.jpg,dead_heart,5150,78,0.9554
dead_heart\107058.jpg,dead_heart,5039,2,0.9738
dead_heart\107061.jpg,dead_heart,10203,7466,0.9915
dead_heart\107063.jpg,dead_heart,4703,79,0.9785
dead_heart\107070.jpg,dead_heart,5146,9,0.9656
dead_heart\107071.jpg,dead_heart,10203,7466,0.9766
dead_heart\107074.jpg,dead_heart,4703,79,0.9873
dead_heart\107077.jpg,dead_heart,10203,7466,0.9916
dead_heart\107081.jpg,dead_heart,10203,7466,0.9854
dead_heart\107083.jpg,dead_heart,4849,2,0.9573
dead_heart\107095.jpg,dead_heart,10203,7466,0.9922
dead_heart\107100.jpg,dead_heart,5177,5,0.9659
dead_heart\107101.jpg,dead_heart,10203,7466,0.9889
dead_heart\107105.jpg,dead_heart,5239,7,0.9667
dead_heart\107106.jpg,dead_heart,5309,7,0.984
dead_heart\107110.jpg,dead_heart,10203,7466,0.9836
dead_heart\107117.jpg,dead_heart,4856,2,0.9639
dead_heart\107124.jpg,dead_heart,10203,7466,0.985
dead_heart\107127.jpg,dead_heart,5175,5,0.9698
dead_heart\107129.jpg,dead_heart,10203,7466,0.99
dead_heart\107141.jpg,dead_heart,10203,7466,0.9812
dead_heart\107144.jpg,dead_heart,5296,89,0.9768
dead_heart\107146.jpg,dead_heart,10203,7466,0.9848
dead_heart\107155.jpg,dead_heart,10203,7466,0.9838
dead_heart\107158.jpg,dead_heart,10203,7466,0.9864
dead_heart\107160.jpg,dead_heart,4668,18,0.9952
dead_heart\107180.jpg,dead_heart,5150,78,0.9665
dead_heart\107185.jpg,dead_heart,4703,79,0.9805
dead_heart\107186.jpg,dead_heart,4868,3,0.9633
dead_heart\107187.jpg,dead_heart,10203,7466,0.9801
dead_heart\107198.jpg,dead_heart,5115,2,0.9862
dead_heart\107206.jpg,dead_heart,10203,7466,0.9603
dead_heart\107209.jpg,dead_heart,5230,12,0.9749
dead_heart\107210.jpg,dead_heart,5150,78,0.9645
dead_heart\107231.jpg,dead_heart,4874,2,0.9588
dead_heart\107232.jpg,dead_heart,4934,6,0.9861
dead_heart\107261.jpg,dead_heart,5269,28,0.9819
dead_heart\107266.jpg,dead_heart,5155,11,0.9537
dead_heart\107271.jpg,dead_heart,10203,7466,0.9893
dead_heart\107298.jpg,dead_heart,4703,79,0.9594
dead_heart\107302.jpg,dead_heart,5150,78,0.9764
dead_heart\107311.jpg,dead_heart,10203,7466,1.0
dead_heart\107312.jpg,dead_heart,5092,6,0.9715
dead_heart\107329.jpg,dead_heart,4883,1,0.9478
dead_heart\107336.jpg,dead_heart,10203,7466,0.9869
dead_heart\107338.jpg,dead_heart,4668,18,0.9704
dead_heart\107348.jpg,dead_heart,4747,31,0.978
dead_heart\107351.jpg,dead_heart,5150,78,0.9532
dead_heart\107360.jpg,dead_heart,5150,78,0.9644
dead_heart\107363.jpg,dead_heart,4906,31,0.9793
dead_heart\107365.jpg,dead_heart,5150,78,0.9647
dead_heart\107366.jpg,dead_heart,4891,1,0.9466
dead_heart\107367.jpg,dead_heart,10203,7466,0.9844
dead_heart\107400.jpg,dead_heart,5150,78,0.9519
dead_heart\107417.jpg,dead_heart,10203,7466,0.9855
dead_heart\107419.jpg,dead_heart,5296,89,0.976
dead_heart\107427.jpg,dead_heart,5150,78,0.9806
dead_heart\107431.jpg,dead_heart,10203,7466,0.9855
dead_heart\107435.jpg,dead_heart,5296,89,0.9825
dead_heart\107436.jpg,dead_heart,4906,31,0.9869
dead_heart\107437.jpg,dead_heart,4900,1,0.9348
dead_heart\107447.jpg,dead_heart,4596,10,0.981
dead_heart\107448.jpg,dead_heart,5177,5,0.9567
dead_heart\107452.jpg,dead_heart,5328,81,0.9799
dead_heart\107455.jpg,dead_heart,5197,3,0.9603
dead_heart\107463.jpg,dead_heart,4905,1,0.9498
dead_heart\107473.jpg,dead_heart,4906,31,0.9793
dead_heart\107483.jpg,dead_heart,5296,89,0.969
dead_heart\107484.jpg,dead_heart,5315,8,0.9528
dead_heart\107496.jpg,dead_heart,10203,7466,0.9796
dead_heart\107499.jpg,dead_heart,4950,3,0.9734
dead_heart\107504.jpg,dead_heart,5016,22,0.9655
dead_heart\107512.jpg,dead_heart,5180,4,0.955
dead_heart\107514.jpg,dead_heart,4703,79,0.9831
dead_heart\107516.jpg,dead_heart,10203,7466,0.9799
dead_heart\107526.jpg,dead_heart,5150,78,1.0
dead_heart\107540.jpg,dead_heart,10203,7466,0.9796
dead_heart\107541.jpg,dead_heart,5296,89,0.9662
dead_heart\107548.jpg,dead_heart,5169,4,0.9866
dead_heart\107550.jpg,dead_heart,4919,1,0.9448
dead_heart\107555.jpg,dead_heart,10203,7466,0.9801
dead_heart\107559.jpg,dead_heart,5175,5,0.9805
dead_heart\107560.jpg,dead_heart,5328,81,0.9867
dead_heart\107561.jpg,dead_heart,5150,78,0.9772
dead_heart\107566.jpg,dead_heart,10203,7466,0.9896
dead_heart\107569.jpg,dead_heart,4925,2,1.0
dead_heart\107579.jpg,dead_heart,10203,7466,0.9937
dead_heart\107580.jpg,dead_heart,5296,89,0.9692
dead_heart\107610.jpg,dead_heart,5150,78,0.9721
dead_heart\107621.jpg,dead_heart,4929,1,0.9483
dead_heart\107623.jpg,dead_heart,10203,7466,0.9638
dead_heart\107629.jpg,dead_heart,4931,1,0.9125
dead_heart\107635.jpg,dead_heart,10203,7466,0.9772
dead_heart\107639.jpg,dead_heart,5146,9,0.9656
dead_heart\107656.jpg,dead_heart,4934,6,0.9815
dead_heart\107657.jpg,dead_heart,4906,31,0.9869
dead_heart\107660.jpg,dead_heart,10203,7466,0.9842
dead_heart\107670.jpg,dead_heart,4937,1,0.9175
dead_heart\107679.jpg,dead_heart,10203,7466,0.9802
dead_heart\107707.jpg,dead_heart,4939,7,0.9507
dead_heart\107718.jpg,dead_heart,4703,79,0.985
dead_heart\107722.jpg,dead_heart,5092,6,0.9745
dead_heart\107735.jpg,dead_heart,10203,7466,0.9891
dead_heart\107744.jpg,dead_heart,4703,79,0.9771
dead_heart\107747.jpg,dead_heart,4596,10,0.978
dead_heart\107751.jpg,dead_heart,10203,7466,0.9771
dead_heart\107752.jpg,dead_heart,4703,79,0.9766
dead_heart\107755.jpg,dead_heart,5269,28,0.9861
dead_heart\107756.jpg,dead_heart,10203,7466,0.97
dead_heart\107759.jpg,dead_heart,4949,1,0.9411
dead_heart\107763.jpg,dead_heart,4950,3,0.9734
dead_heart\107771.jpg,dead_heart,5269,28,0.9788
dead_heart\107784.jpg,dead_heart,5222,24,0.9719
dead_heart\107786.jpg,dead_heart,4953,1,0.913
dead_heart\107788.jpg,dead_heart,10203,7466,0.99
dead_heart\107789.jpg,dead_heart,5204,13,0.9636
dead_heart\107809.jpg,dead_heart,4956,1,0.9284
dead_heart\107826.jpg,dead_heart,5204,13,0.974
dead_heart\107827.jpg,dead_heart,5308,2,0.9515
dead_heart\107833.jpg,dead_heart,5150,78,0.9594
dead_heart\107835.jpg,dead_heart,4747,31,0.9616
dead_heart\107837.jpg,dead_heart,4961,1,0.9452
dead_heart\107850.jpg,dead_heart,4962,4,0.955
dead_heart\107864.jpg,dead_heart,4703,79,0.9707
dead_heart\107868.jpg,dead_heart,4964,2,0.9669
dead_heart\107876.jpg,dead_heart,5016,22,0.9726
dead_heart\107879.jpg,dead_heart,4966,5,0.9891
dead_heart\107886.jpg,dead_heart,5328,81,0.9872
dead_heart\107890.jpg,dead_heart,5222,24,0.9729
dead_heart\107903.jpg,dead_heart,4747,31,0.9879
dead_heart\107920.jpg,dead_heart,5222,24,0.9766
dead_heart\107929.jpg,dead_heart,10203,7466,0.9942
dead_heart\107936.jpg,dead_heart,4972,1,0.9466
dead_heart\107939.jpg,dead_heart,5230,12,0.984
dead_heart\107946.jpg,dead_heart,5016,22,0.9718
dead_heart\107973.jpg,dead_heart,5146,9,0.9591
dead_heart\107976.jpg,dead_heart,5222,24,0.951
dead_heart\107991.jpg,dead_heart,5296,89,0.9596
dead_heart\107993.jpg,dead_heart,10203,7466,0.9856
dead_heart\108001.jpg,dead_heart,10203,7466,0.9796
dead_heart\108009.jpg,dead_heart,5086,7,0.9694
dead_heart\108017.jpg,dead_heart,10203,7466,0.9556
dead_heart\108020.jpg,dead_heart,5296,89,0.9737
dead_heart\108033.jpg,dead_heart,5271,6,0.9635
dead_heart\108036.jpg,dead_heart,4703,79,0.9846
dead_heart\108037.jpg,dead_heart,10203,7466,0.9891
dead_heart\108038.jpg,dead_heart,5296,89,0.9805
dead_heart\108047.jpg,dead_heart,5204,13,0.9755
dead_heart\108048.jpg,dead_heart,4703,79,0.9897
dead_heart\108054.jpg,dead_heart,10203,7466,0.9849
dead_heart\108063.jpg,dead_heart,5315,8,0.9765
dead_heart\108067.jpg,dead_heart,10203,7466,0.9804
dead_heart\108069.jpg,dead_heart,4992,3,0.9569
dead_heart\108074.jpg,dead_heart,4993,1,0.9429
dead_heart\108079.jpg,dead_heart,5296,89,0.9718
dead_heart\108082.jpg,dead_heart,10203,7466,0.9713
dead_heart\108084.jpg,dead_heart,4996,7,0.971
dead_heart\108088.jpg,dead_heart,4703,79,0.9744
dead_heart\108092.jpg,dead_heart,10203,7466,0.9893
dead_heart\108093.jpg,dead_heart,10203,7466,0.966
dead_heart\108094.jpg,dead_heart,5150,78,1.0
dead_heart\108104.jpg,dead_heart,10203,7466,0.9532
dead_heart\108108.jpg,dead_heart,10203,7466,0.9782
dead_heart\108112.jpg,dead_heart,10203,7466,0.9795
dead_heart\108121.jpg,dead_heart,5296,89,0.9637
dead_heart\108123.jpg,dead_heart,4703,79,0.9767
dead_heart\108126.jpg,dead_heart,5328,81,0.989
dead_heart\108133.jpg,dead_heart,5150,78,0.9798
dead_heart\108146.jpg,dead_heart,4729,25,0.9798
dead_heart\108148.jpg,dead_heart,5009,2,0.9775
dead_heart\108152.jpg,dead_heart,4747,31,0.9806
dead_heart\108153.jpg,dead_heart,5222,24,0.9822
dead_heart\108162.jpg,dead_heart,10203,7466,0.9866
dead_heart\108164.jpg,dead_heart,10203,7466,0.978
dead_heart\108176.jpg,dead_heart,10203,7466,0.9863
dead_heart\108193.jpg,dead_heart,4703,79,0.975
dead_heart\108203.jpg,dead_heart,5016,22,0.9577
dead_heart\108209.jpg,dead_heart,10203,7466,0.9854
dead_heart\108210.jpg,dead_heart,5328,81,0.991
dead_heart\108227.jpg,dead_heart,10203,7466,0.963
dead_heart\108238.jpg,dead_heart,10203,7466,0.9871
dead_heart\108248.jpg,dead_heart,10203,7466,0.9828
dead_heart\108250.jpg,dead_heart,5309,7,0.984
dead_heart\108254.jpg,dead_heart,5023,2,0.9691
dead_heart\108259.jpg,dead_heart,5024,2,0.9658
dead_heart\108262.jpg,dead_heart,5025,2,0.9786
dead_heart\108270.jpg,dead_heart,10203,7466,0.9916
dead_heart\108271.jpg,dead_heart,5027,2,0.9795
dead_heart\108276.jpg,dead_heart,5028,1,0.9351
dead_heart\108296.jpg,dead_heart,10203,7466,0.987
dead_heart\108302.jpg,dead_heart,4703,79,0.9863
dead_heart\108307.jpg,dead_heart,5222,24,0.9568
dead_heart\108324.jpg,dead_heart,5032,1,0.9481
dead_heart\108326.jpg,dead_heart,10203,7466,0.9798
dead_heart\108327.jpg,dead_heart,10203,7466,0.9704
dead_heart\108336.jpg,dead_heart,5035,1,0.9418
dead_heart\108344.jpg,dead_heart,10203,7466,0.9614
dead_heart\108345.jpg,dead_heart,5150,78,0.9697
dead_heart\108367.jpg,dead_heart,5038,2,0.9619
dead_heart\108368.jpg,dead_heart,5039,2,0.9738
dead_heart\108377.jpg,dead_heart,4996,7,0.9768
dead_heart\108379.jpg,dead_heart,5041,1,0.8992
dead_heart\108397.jpg,dead_heart,10203,7466,0.9856
dead_heart\108400.jpg,dead_heart,10203,7466,0.9689
dead_heart\108404.jpg,dead_heart,10203,7466,0.9838
dead_heart\108412.jpg,dead_heart,5296,89,0.9718
dead_heart\108424.jpg,dead_heart,5265,19,0.9705
dead_heart\108446.jpg,dead_heart,5169,4,0.9911
dead_heart\108454.jpg,dead_heart,10203,7466,0.9921
dead_heart\108460.jpg,dead_heart,10203,7466,0.9867
dead_heart\108461.jpg,dead_heart,10203,7466,0.985
dead_heart\108463.jpg,dead_heart,5051,1,0.9435
dead_heart\108468.jpg,dead_heart,10203,7466,0.9777
dead_heart\108496.jpg,dead_heart,5092,6,0.9732
dead_heart\108504.jpg,dead_heart,4596,10,0.9539
dead_heart\108505.jpg,dead_heart,5150,78,0.972
dead_heart\108511.jpg,dead_heart,5150,78,0.9581
dead_heart\108517.jpg,dead_heart,5265,19,0.9821
dead_heart\108524.jpg,dead_heart,4906,31,0.9626
dead_heart\108537.jpg,dead_heart,10203,7466,0.9811
dead_heart\108540.jpg,dead_heart,5328,81,0.9799
dead_heart\108559.jpg,dead_heart,10203,7466,0.9851
dead_heart\108578.jpg,dead_heart,4747,31,0.9841
dead_heart\108584.jpg,dead_heart,10203,7466,0.9647
dead_heart\108590.jpg,dead_heart,5269,28,0.9916
dead_heart\108592.jpg,dead_heart,10203,7466,0.9866
dead_heart\108597.jpg,dead_heart,5324,3,0.9749
dead_heart\108600.jpg,dead_heart,4747,31,0.9835
dead_heart\108608.jpg,dead_heart,4747,31,0.9853
dead_heart\108610.jpg,dead_heart,5069,1,0.9454
dead_heart\108613.jpg,dead_heart,10203,7466,0.9848
dead_heart\108618.jpg,dead_heart,5315,8,0.9825
dead_heart\108621.jpg,dead_heart,5072,3,0.9657
dead_heart\108622.jpg,dead_heart,5073,12,0.9834
dead_heart\108624.jpg,dead_heart,5150,78,0.9643
dead_heart\108632.jpg,dead_heart,10203,7466,0.9891
dead_heart\108633.jpg,dead_heart,10203,7466,0.9693
dead_heart\108637.jpg,dead_heart,10203,7466,0.9859
dead_heart\108644.jpg,dead_heart,5265,19,0.979
dead_heart\108646.jpg,dead_heart,4703,79,0.9792
dead_heart\108660.jpg,dead_heart,5222,24,0.9812
dead_heart\108675.jpg,dead_heart,4729,25,0.9767
dead_heart\108681.jpg,dead_heart,10203,7466,0.9937
dead_heart\108686.jpg,dead_heart,10203,7466,0.9575
dead_heart\108695.jpg,dead_heart,5084,1,0.9436
dead_heart\108710.jpg,dead_heart,5296,89,0.983
dead_heart\108711.jpg,dead_heart,5086,7,0.9752
dead_heart\108720.jpg,dead_heart,5146,9,0.9591
dead_heart\108723.jpg,dead_heart,10203,7466,0.9908
dead_heart\108733.jpg,dead_heart,10203,7466,0.977
dead_heart\108735.jpg,dead_heart,5150,78,0.9622
dead_heart\108736.jpg,dead_heart,5091,1,0.9488
dead_heart\108740.jpg,dead_heart,5092,6,0.9737
dead_heart\108741.jpg,dead_heart,10203,7466,0.9532
dead_heart\108752.jpg,dead_heart,5204,13,0.9792
dead_heart\108754.jpg,dead_heart,10203,7466,0.9727
dead_heart\108757.jpg,dead_heart,4668,18,0.9623
dead_heart\108760.jpg,dead_heart,10203,7466,0.9702
dead_heart\108764.jpg,dead_heart,10203,7466,0.9791
dead_heart\108781.jpg,dead_heart,5204,13,0.9698
dead_heart\108784.jpg,dead_heart,10203,7466,0.9599
dead_heart\108787.jpg,dead_heart,10203,7466,0.9891
dead_heart\108800.jpg,dead_heart,4668,18,0.9664
dead_heart\108811.jpg,dead_heart,5328,81,0.9853
dead_heart\108815.jpg,dead_heart,5104,1,0.947
dead_heart\108819.jpg,dead_heart,5296,89,0.977
dead_heart\108822.jpg,dead_heart,5328,81,0.9692
dead_heart\108826.jpg,dead_heart,10203,7466,0.9942
dead_heart\108829.jpg,dead_heart,5108,3,0.9839
dead_heart\108859.jpg,dead_heart,4703,79,0.9809
dead_heart\108860.jpg,dead_heart,5110,1,0.8888
dead_heart\108863.jpg,dead_heart,5111,1,0.9109
dead_heart\108870.jpg,dead_heart,10203,7466,0.9925
dead_heart\108874.jpg,dead_heart,5328,81,0.9879
dead_heart\108886.jpg,dead_heart,5312,3,0.9737
dead_heart\108896.jpg,dead_heart,5115,2,0.9862
dead_heart\108899.jpg,dead_heart,5116,2,0.9685
dead_heart\108900.jpg,dead_heart,5117,1,0.9284
dead_heart\108901.jpg,dead_heart,10203,7466,0.9846
dead_heart\108904.jpg,dead_heart,10203,7466,0.9854
dead_heart\108905.jpg,dead_heart,4703,79,0.9803
dead_heart\108908.jpg,dead_heart,10203,7466,0.9873
dead_heart\108915.jpg,dead_heart,5127,2,0.9697
dead_heart\108916.jpg,dead_heart,10203,7466,0.9923
dead_heart\108934.jpg,dead_heart,10203,7466,0.9773
dead_heart\108937.jpg,dead_heart,5296,89,0.9772
dead_heart\108945.jpg,dead_heart,10203,7466,0.9784
dead_heart\108952.jpg,dead_heart,5127,2,0.9697
dead_heart\108961.jpg,dead_heart,10203,7466,0.9809
dead_heart\108962.jpg,dead_heart,5129,1,0.9452
dead_heart\108972.jpg,dead_heart,5328,81,0.9808
dead_heart\108986.jpg,dead_heart,10203,7466,0.989
dead_heart\108988.jpg,dead_heart,10203,7466,0.9658
dead_heart\108996.jpg,dead_heart,5328,81,0.9671
dead_heart\109007.jpg,dead_heart,10203,7466,0.9673
dead_heart\109010.jpg,dead_heart,10203,7466,0.9846
dead_heart\109015.jpg,dead_heart,4668,18,0.9737
dead_heart\109027.jpg,dead_heart,4703,79,0.9773
dead_heart\109029.jpg,dead_heart,5296,89,0.97
dead_heart\109032.jpg,dead_heart,10203,7466,0.9798
dead_heart\109034.jpg,dead_heart,5296,89,0.9796
dead_heart\109057.jpg,dead_heart,10203,7466,0.9877
dead_heart\109062.jpg,dead_heart,5142,2,0.9615
dead_heart\109072.jpg,dead_heart,5296,89,0.979
dead_heart\109093.jpg,dead_heart,10203,7466,0.9796
dead_heart\109097.jpg,dead_heart,4703,79,0.9831
dead_heart\109099.jpg,dead_heart,5146,9,0.9543
dead_heart\109105.jpg,dead_heart,10203,7466,0.9817
dead_heart\109111.jpg,dead_heart,10203,7466,0.9632
dead_heart\109119.jpg,dead_heart,10203,7466,0.9688
dead_heart\109120.jpg,dead_heart,5150,78,0.972
dead_heart\109125.jpg,dead_heart,4729,25,0.9596
dead_heart\109126.jpg,dead_heart,5150,78,0.9712
dead_heart\109129.jpg,dead_heart,10203,7466,0.9832
dead_heart\109133.jpg,dead_heart,10203,7466,0.9898
dead_heart\109135.jpg,dead_heart,5155,11,0.9611
dead_heart\109145.jpg,dead_heart,5156,1,0.8972
dead_heart\109146.jpg,dead_heart,5296,89,0.9799
dead_heart\109152.jpg,dead_heart,10203,7466,0.9633
dead_heart\109172.jpg,dead_heart,5159,3,0.9842
dead_heart\109174.jpg,dead_heart,5328,81,0.99
dead_heart\109180.jpg,dead_heart,4596,10,0.9788
dead_heart\109184.jpg,dead_heart,5296,89,0.9746
dead_heart\109198.jpg,dead_heart,10203,7466,0.9903
dead_heart\109203.jpg,dead_heart,5150,78,0.9651
dead_heart\109205.jpg,dead_heart,5232,2,0.9781
dead_heart\109207.jpg,dead_heart,10203,7466,0.9761
dead_heart\109215.jpg,dead_heart,5167,2,0.9859
dead_heart\109217.jpg,dead_heart,5265,19,0.9796
dead_heart\109221.jpg,dead_heart,5169,4,0.9866
dead_heart\109238.jpg,dead_heart,10203,7466,0.9905
dead_heart\109239.jpg,dead_heart,5171,1,0.9468
dead_heart\109241.jpg,dead_heart,5016,22,0.9864
dead_heart\109242.jpg,dead_heart,5173,1,0.9371
dead_heart\109245.jpg,dead_heart,5174,1,0.9418
dead_heart\109255.jpg,dead_heart,5175,5,0.9656
dead_heart\109272.jpg,dead_heart,5296,89,0.9767
dead_heart\109274.jpg,dead_heart,5177,5,0.9549
dead_heart\109280.jpg,dead_heart,4703,79,0.9848
dead_heart\109282.jpg,dead_heart,5179,1,0.9449
dead_heart\109290.jpg,dead_heart,5180,4,0.9556
dead_heart\109300.jpg,dead_heart,10203,7466,0.99
dead_heart\109303.jpg,dead_heart,10203,7466,0.9799
dead_heart\109309.jpg,dead_heart,5150,78,0.9683
dead_heart\109310.jpg,dead_heart,5184,1,0.9471
dead_heart\109318.jpg,dead_heart,10203,7466,0.9803
dead_heart\109329.jpg,dead_heart,5328,81,0.9731
dead_heart\109334.jpg,dead_heart,5296,89,0.9818
dead_heart\109338.jpg,dead_heart,5305,4,0.9741
dead_heart\109343.jpg,dead_heart,10203,7466,0.9755
dead_heart\109349.jpg,dead_heart,5190,2,0.957
dead_heart\109351.jpg,dead_heart,10203,7466,0.9813
dead_heart\109357.jpg,dead_heart,5150,78,0.976
dead_heart\109361.jpg,dead_heart,4939,7,0.9771
dead_heart\109367.jpg,dead_heart,5315,8,0.9636
dead_heart\109381.jpg,dead_heart,5328,81,0.9825
dead_heart\109395.jpg,dead_heart,4703,79,0.9818
dead_heart\109399.jpg,dead_heart,5197,3,0.9613
dead_heart\109409.jpg,dead_heart,10203,7466,0.9952
dead_heart\109414.jpg,dead_heart,5199,1,0.9387
dead_heart\109424.jpg,dead_heart,5200,1,0.9244
dead_heart\109427.jpg,dead_heart,5328,81,0.9879
dead_heart\109438.jpg,dead_heart,5016,22,0.9928
dead_heart\109439.jpg,dead_heart,10203,7466,0.9688
dead_heart\109449.jpg,dead_heart,5204,13,0.9654
dead_heart\109458.jpg,dead_heart,4962,4,1.0
dead_heart\109489.jpg,dead_heart,5206,1,0.9104
dead_heart\109491.jpg,dead_heart,4703,79,0.9837
dead_heart\109495.jpg,dead_heart,5150,78,0.9625
dead_heart\109500.jpg,dead_heart,5150,78,0.9626
dead_heart\109504.jpg,dead_heart,10203,7466,0.9818
dead_heart\109512.jpg,dead_heart,10203,7466,0.9839
dead_heart\109517.jpg,dead_heart,4906,31,0.9766
dead_heart\109522.jpg,dead_heart,10203,7466,0.9742
dead_heart\109526.jpg,dead_heart,5296,89,0.9772
dead_heart\109528.jpg,dead_heart,10203,7466,0.9888
dead_heart\109535.jpg,dead_heart,5016,22,0.9793
dead_heart\109540.jpg,dead_heart,10203,7466,0.989
dead_heart\109542.jpg,dead_heart,10203,7466,0.9738
dead_heart\109543.jpg,dead_heart,10203,7466,0.9887
dead_heart\109548.jpg,dead_heart,10203,7466,0.9802
dead_heart\109550.jpg,dead_heart,5296,89,0.9771
dead_heart\109559.jpg,dead_heart,5222,24,0.9681
dead_heart\109561.jpg,dead_heart,5150,78,0.9569
dead_heart\109574.jpg,dead_heart,5265,19,0.955
dead_heart\109575.jpg,dead_heart,5225,1,0.9377
dead_heart\109592.jpg,dead_heart,5299,7,0.9564
dead_heart\109606.jpg,dead_heart,5227,4,0.9725
dead_heart\109611.jpg,dead_heart,10203,7466,0.994
dead_heart\109624.jpg,dead_heart,10203,7466,0.9923
dead_heart\109645.jpg,dead_heart,5230,12,0.9644
dead_heart\109652.jpg,dead_heart,5231,1,0.9473
dead_heart\109655.jpg,dead_heart,5232,2,0.9781
dead_heart\109656.jpg,dead_heart,5222,24,0.9824
dead_heart\109680.jpg,dead_heart,5265,19,0.9702
dead_heart\109683.jpg,dead_heart,10203,7466,0.9689
dead_heart\109697.jpg,dead_heart,5299,7,0.9547
dead_heart\109700.jpg,dead_heart,10203,7466,0.9839
dead_heart\109718.jpg,dead_heart,5150,78,0.9641
dead_heart\109720.jpg,dead_heart,5239,7,0.9694
dead_heart\109735.jpg,dead_heart,4703,79,0.972
dead_heart\109739.jpg,dead_heart,5150,78,0.9612
dead_heart\109745.jpg,dead_heart,5305,4,0.9849
dead_heart\109748.jpg,dead_heart,10203,7466,0.9801
dead_heart\109758.jpg,dead_heart,10203,7466,0.9776
dead_heart\109764.jpg,dead_heart,4747,31,0.9804
dead_heart\109766.jpg,dead_heart,5328,81,0.9676
dead_heart\109767.jpg,dead_heart,10203,7466,0.989
dead_heart\109777.jpg,dead_heart,10203,7466,0.9833
dead_heart\109783.jpg,dead_heart,10203,7466,0.9692
dead_heart\109784.jpg,dead_heart,10203,7466,0.9752
dead_heart\109798.jpg,dead_heart,10203,7466,0.9722
dead_heart\109808.jpg,dead_heart,4703,79,0.9844
dead_heart\109825.jpg,dead_heart,5253,2,0.9754
dead_heart\109830.jpg,dead_heart,5328,81,0.9667
dead_heart\109841.jpg,dead_heart,10203,7466,0.975
dead_heart\109857.jpg,dead_heart,10203,7466,0.9632
dead_heart\109860.jpg,dead_heart,5296,89,0.974
dead_heart\109862.jpg,dead_heart,4668,18,0.9767
dead_heart\109867.jpg,dead_heart,4906,31,0.9739
dead_heart\109878.jpg,dead_heart,5328,81,0.9821
dead_heart\109885.jpg,dead_heart,4729,25,0.9783
dead_heart\109898.jpg,dead_heart,4703,79,0.9771
dead_heart\109899.jpg,dead_heart,5150,78,0.9742
dead_heart\109900.jpg,dead_heart,5264,1,0.9306
dead_heart\109904.jpg,dead_heart,5265,19,0.9564
dead_heart\109920.jpg,dead_heart,5266,1,0.9198
dead_heart\109921.jpg,dead_heart,5296,89,0.9891
dead_heart\109927.jpg,dead_heart,4703,79,0.9805
dead_heart\109928.jpg,dead_heart,5269,28,0.9628
dead_heart\109933.jpg,dead_heart,10203,7466,0.9917
dead_heart\109938.jpg,dead_heart,5271,6,0.9635
dead_heart\109945.jpg,dead_heart,4747,31,0.9879
dead_heart\109946.jpg,dead_heart,10203,7466,0.9722
dead_heart\109954.jpg,dead_heart,4703,79,0.9774
dead_heart\109958.jpg,dead_heart,10203,7466,0.994
dead_heart\109978.jpg,dead_heart,5296,89,0.9588
dead_heart\109988.jpg,dead_heart,10203,7466,0.9908
dead_heart\109998.jpg,dead_heart,4703,79,0.9846
dead_heart\110000.jpg,dead_heart,5073,12,1.0
dead_heart\110005.jpg,dead_heart,10203,7466,0.9858
dead_heart\110018.jpg,dead_heart,5281,1,0.9299
dead_heart\110026.jpg,dead_heart,10203,7466,0.9827
dead_heart\110031.jpg,dead_heart,10203,7466,0.9717
dead_heart\110033.jpg,dead_heart,4906,31,0.9884
dead_heart\110035.jpg,dead_heart,10203,7466,0.9513
dead_heart\110036.jpg,dead_heart,10203,7466,0.9796
dead_heart\110040.jpg,dead_heart,10203,7466,1.0
dead_heart\110065.jpg,dead_heart,4906,31,0.9821
dead_heart\110069.jpg,dead_heart,4668,18,0.9726
dead_heart\110070.jpg,dead_heart,10203,7466,0.978
dead_heart\110072.jpg,dead_heart,10203,7466,0.9925
dead_heart\110087.jpg,dead_heart,5309,7,0.9799
dead_heart\110093.jpg,dead_heart,5293,2,0.958
dead_heart\110097.jpg,dead_heart,10203,7466,0.9822
dead_heart\110103.jpg,dead_heart,4703,79,0.9906
dead_heart\110107.jpg,dead_heart,5296,89,0.9571
dead_heart\110111.jpg,dead_heart,5204,13,0.9792
dead_heart\110113.jpg,dead_heart,10203,7466,0.9821
dead_heart\110123.jpg,dead_heart,5299,7,0.9772
dead_heart\110127.jpg,dead_heart,5300,2,0.9643
dead_heart\110134.jpg,dead_heart,5328,81,0.9752
dead_heart\110150.jpg,dead_heart,5302,1,0.9382
dead_heart\110158.jpg,dead_heart,4703,79,0.9736
dead_heart\110168.jpg,dead_heart,4703,79,0.9738
dead_heart\110174.jpg,dead_heart,5305,4,0.9849
dead_heart\110188.jpg,dead_heart,5306,2,0.9517
dead_heart\110207.jpg,dead_heart,10203,7466,0.9821
dead_heart\110209.jpg,dead_heart,5308,2,0.9515
dead_heart\110214.jpg,dead_heart,5309,7,0.9809
dead_heart\110215.jpg,dead_heart,4703,79,0.9825
dead_heart\110222.jpg,dead_heart,5328,81,0.989
dead_heart\110224.jpg,dead_heart,5312,3,0.9737
dead_heart\110232.jpg,dead_heart,10203,7466,0.983
dead_heart\110233.jpg,dead_heart,5314,2,0.9522
dead_heart\110238.jpg,dead_heart,5315,8,0.9742
dead_heart\110256.jpg,dead_heart,5316,1,0.9325
dead_heart\110262.jpg,dead_heart,10203,7466,0.98
dead_heart\110268.jpg,dead_heart,10203,7466,0.9692
dead_heart\110269.jpg,dead_heart,5230,12,0.9738
dead_heart\110272.jpg,dead_heart,10203,7466,0.9838
dead_heart\110274.jpg,dead_heart,10203,7466,0.9834
dead_heart\110282.jpg,dead_heart,5322,2,0.9653
dead_heart\110285.jpg,dead_heart,5323,1,0.9294
dead_heart\110290.jpg,dead_heart,5324,3,0.9749
dead_heart\110291.jpg,dead_heart,10203,7466,0.9878
dead_heart\110296.jpg,dead_heart,10203,7466,0.9873
dead_heart\110301.jpg,dead_heart,10203,7466,0.9802
dead_heart\110302.jpg,dead_heart,5328,81,0.9516
dead_heart\110311.jpg,dead_heart,5329,3,0.9577
dead_heart\110331.jpg,dead_heart,5150,78,0.9798
dead_heart\110333.jpg,dead_heart,10203,7466,0.9775
dead_heart\110345.jpg,dead_heart,10203,7466,0.9917
dead_heart\110355.jpg,dead_heart,10203,7466,0.9819
dead_heart\110361.jpg,dead_heart,5222,24,0.9681
dead_heart\110364.jpg,dead_heart,5155,11,0.9794
dead_heart\110369.jpg,dead_heart,5336,1,0.9473
dead_heart\110374.jpg,dead_heart,10203,7466,0.9923
dead_heart\110396.jpg,dead_heart,10203,7466,0.9833
dead_heart\110397.jpg,dead_heart,10203,7466,0.9806
dead_heart\110405.jpg,dead_heart,5328,81,0.9839
downy_mildew\100017.jpg,downy_mildew,10203,7466,1.0
downy_mildew\100019.jpg,downy_mildew,10203,7466,0.9789
downy_mildew\100031.jpg,downy_mildew,10203,7466,0.981
downy_mildew\100034.jpg,downy_mildew,10203,7466,0.9645
downy_mildew\100037.jpg,downy_mildew,10203,7466,0.9904
downy_mildew\100038.jpg,downy_mildew,10203,7466,0.9872
downy_mildew\100059.jpg,downy_mildew,5959,7,0.9773
downy_mildew\100070.jpg,downy_mildew,10203,7466,0.9929
downy_mildew\100088.jpg,downy_mildew,6581,22,0.9732
downy_mildew\100101.jpg,downy_mildew,10203,7466,0.9745
downy_mildew\100119.jpg,downy_mildew,5960,15,0.9833
downy_mildew\100132.jpg,downy_mildew,9494,39,0.9878
downy_mildew\100143.jpg,downy_mildew,10203,7466,0.9771
downy_mildew\100170.jpg,downy_mildew,6038,2,0.9554
downy_mildew\100174.jpg,downy_mildew,10203,7466,0.9949
downy_mildew\100218.jpg,downy_mildew,10203,7466,0.9628
downy_mildew\100220.jpg,downy_mildew,10203,7466,0.9824
downy_mildew\100225.jpg,downy_mildew,10203,7466,0.9801
downy_mildew\100226.jpg,downy_mildew,10203,7466,0.9909
downy_mildew\100260.jpg,downy_mildew,10203,7466,0.9807
downy_mildew\100262.jpg,downy_mildew,10203,7466,0.9881
downy_mildew\100263.jpg,downy_mildew,10203,7466,0.9807
downy_mildew\100296.jpg,downy_mildew,10203,7466,0.9827
downy_mildew\100308.jpg,downy_mildew,10203,7466,0.9727
downy_mildew\100323.jpg,downy_mildew,10203,7466,0.9902
downy_mildew\100411.jpg,downy_mildew,10203,7466,0.9799
downy_mildew\100431.jpg,downy_mildew,10203,7466,0.9902
downy_mildew\100449.jpg,downy_mildew,10203,7466,0.9805
downy_mildew\100454.jpg,downy_mildew,5369,1,0.9427
downy_mildew\100455.jpg,downy_mildew,10203,7466,0.9928
downy_mildew\100479.jpg,downy_mildew,2748,47,0.9779
downy_mildew\100504.jpg,downy_mildew,5635,2,0.9834
downy_mildew\100505.jpg,downy_mildew,5837,12,0.9759
downy_mildew\100517.jpg,downy_mildew,10203,7466,0.9862
downy_mildew\100524.jpg,downy_mildew,10203,7466,0.9563
downy_mildew\100564.jpg,downy_mildew,10203,7466,0.9771
downy_mildew\100588.jpg,downy_mildew,10203,7466,0.9713
downy_mildew\100596.jpg,downy_mildew,10203,7466,0.9955
downy_mildew\100599.jpg,downy_mildew,10203,7466,0.9629
downy_mildew\100611.jpg,downy_mildew,10203,7466,0.9874
downy_mildew\100625.jpg,downy_mildew,10203,7466,0.9605
downy_mildew\100646.jpg,downy_mildew,10203,7466,0.9843
downy_mildew\100655.jpg,downy_mildew,10203,7466,0.9926
downy_mildew\100686.jpg,downy_mildew,10203,7466,0.9724
downy_mildew\100714.jpg,downy_mildew,10203,7466,0.9828
downy_mildew\100718.jpg,downy_mildew,10203,7466,0.9817
downy_mildew\100722.jpg,downy_mildew,5387,1,0.9443
downy_mildew\100724.jpg,downy_mildew,10203,7466,0.9889
downy_mildew\100725.jpg,downy_mildew,10203,7466,0.9909
downy_mildew\100735.jpg,downy_mildew,10203,7466,0.9805
downy_mildew\100788.jpg,downy_mildew,10203,7466,0.9565
downy_mildew\100791.jpg,downy_mildew,10203,7466,0.9899
downy_mildew\100814.jpg,downy_mildew,10203,7466,0.9847
downy_mildew\100821.jpg,downy_mildew,2748,47,0.9856
downy_mildew\100843.jpg,downy_mildew,10203,7466,0.9906
downy_mildew\100850.jpg,downy_mildew,10203,7466,0.9804
downy_mildew\100857.jpg,downy_mildew,10203,7466,0.9838
downy_mildew\100858.jpg,downy_mildew,10203,7466,0.9688
downy_mildew\100887.jpg,downy_mildew,10203,7466,0.9849
downy_mildew\100891.jpg,downy_mildew,10203,7466,0.9892
downy_mildew\100896.jpg,downy_mildew,10203,7466,0.9949
downy_mildew\100927.jpg,downy_mildew,10203,7466,0.993
downy_mildew\100944.jpg,downy_mildew,10203,7466,0.9844
downy_mildew\100974.jpg,downy_mildew,9494,39,0.9755
downy_mildew\100977.jpg,downy_mildew,10203,7466,0.9931
downy_mildew\100987.jpg,downy_mildew,10203,7466,0.9908
downy_mildew\100992.jpg,downy_mildew,10203,7466,0.9723
downy_mildew\100995.jpg,downy_mildew,5749,15,0.9723
downy_mildew\101015.jpg,downy_mildew,10203,7466,0.9886
downy_mildew\101020.jpg,downy_mildew,10203,7466,0.9859
downy_mildew\101022.jpg,downy_mildew,10203,7466,0.9928
downy_mildew\101024.jpg,downy_mildew,10203,7466,0.984
downy_mildew\101034.jpg,downy_mildew,10203,7466,0.9886
downy_mildew\101050.jpg,downy_mildew,10203,7466,0.9795
downy_mildew\101078.jpg,downy_mildew,10203,7466,0.9734
downy_mildew\101096.jpg,downy_mildew,5837,12,0.9681
downy_mildew\101103.jpg,downy_mildew,10203,7466,0.9737
downy_mildew\101114.jpg,downy_mildew,5685,4,0.9864
downy_mildew\101119.jpg,downy_mildew,10203,7466,0.9924
downy_mildew\101142.jpg,downy_mildew,5953,3,0.9704
downy_mildew\101177.jpg,downy_mildew,10203,7466,0.981
downy_mildew\101178.jpg,downy_mildew,10203,7466,0.9764
downy_mildew\101181.jpg,downy_mildew,10203,7466,0.9928
downy_mildew\101205.jpg,downy_mildew,10203,7466,0.9922
downy_mildew\101211.jpg,downy_mildew,10203,7466,0.9755
downy_mildew\101215.jpg,downy_mildew,2748,47,0.9813
downy_mildew\101221.jpg,downy_mildew,5787,4,0.9867
downy_mildew\101228.jpg,downy_mildew,10203,7466,0.9811
downy_mildew\101237.jpg,downy_mildew,10203,7466,0.9739
downy_mildew\101238.jpg,downy_mildew,5430,1,0.9028
downy_mildew\101240.jpg,downy_mildew,9494,39,0.973
downy_mildew\101246.jpg,downy_mildew,10203,7466,0.974
downy_mildew\101252.jpg,downy_mildew,10203,7466,0.9873
downy_mildew\101258.jpg,downy_mildew,10203,7466,0.995
downy_mildew\101260.jpg,downy_mildew,10203,7466,0.9906
downy_mildew\101277.jpg,downy_mildew,2748,47,0.9734
downy_mildew\101284.jpg,downy_mildew,10203,7466,0.9801
downy_mildew\101299.jpg,downy_mildew,10203,7466,0.9873
downy_mildew\101304.jpg,downy_mildew,10203,7466,0.9829
downy_mildew\101319.jpg,downy_mildew,10203,7466,0.9908
downy_mildew\101342.jpg,downy_mildew,5960,15,0.9658
downy_mildew\101361.jpg,downy_mildew,10203,7466,0.9756
downy_mildew\101365.jpg,downy_mildew,10203,7466,0.9742
downy_mildew\101370.jpg,downy_mildew,9494,39,0.9731
downy_mildew\101374.jpg,downy_mildew,9494,39,0.9707
downy_mildew\101397.jpg,downy_mildew,10203,7466,0.9814
downy_mildew\101455.jpg,downy_mildew,10203,7466,0.9955
downy_mildew\101458.jpg,downy_mildew,10203,7466,0.9801
downy_mildew\101492.jpg,downy_mildew,10203,7466,0.9835
downy_mildew\101496.jpg,downy_mildew,10203,7466,0.9767
downy_mildew\101505.jpg,downy_mildew,10203,7466,0.9848
downy_mildew\101513.jpg,downy_mildew,10203,7466,0.9782
downy_mildew\101524.jpg,downy_mildew,10203,7466,0.9884
downy_mildew\101525.jpg,downy_mildew,10203,7466,0.989
downy_mildew\101548.jpg,downy_mildew,5959,7,0.9845
downy_mildew\101565.jpg,downy_mildew,10203,7466,0.9868
downy_mildew\101572.jpg,downy_mildew,10203,7466,0.991
downy_mildew\101590.jpg,downy_mildew,5960,15,0.9828
downy_mildew\101610.jpg,downy_mildew,10203,7466,0.9872
downy_mildew\101621.jpg,downy_mildew,10203,7466,0.9864
downy_mildew\101660.jpg,downy_mildew,5461,1,0.9416
downy_mildew\101663.jpg,downy_mildew,5856,3,0.9631
downy_mildew\101669.jpg,downy_mildew,10203,7466,0.9675
downy_mildew\101682.jpg,downy_mildew,5837,12,0.9728
downy_mildew\101704.jpg,downy_mildew,10203,7466,0.9857
downy_mildew\101712.jpg,downy_mildew,10203,7466,0.9912
downy_mildew\101721.jpg,downy_mildew,9494,39,0.9694
downy_mildew\101781.jpg,downy_mildew,10203,7466,0.9887
downy_mildew\101814.jpg,downy_mildew,10203,7466,0.9863
downy_mildew\101846.jpg,downy_mildew,10203,7466,0.9824
downy_mildew\101858.jpg,downy_mildew,10203,7466,0.9529
downy_mildew\101861.jpg,downy_mildew,10203,7466,0.9846
downy_mildew\101885.jpg,downy_mildew,10203,7466,0.986
downy_mildew\101904.jpg,downy_mildew,10203,7466,0.9865
downy_mildew\101907.jpg,downy_mildew,10203,7466,0.995
downy_mildew\101914.jpg,downy_mildew,9494,39,0.9592
downy_mildew\101927.jpg,downy_mildew,10203,7466,0.9595
downy_mildew\101972.jpg,downy_mildew,10203,7466,0.971
downy_mildew\101975.jpg,downy_mildew,10203,7466,0.9859
downy_mildew\101994.jpg,downy_mildew,10203,7466,0.9928
downy_mildew\102009.jpg,downy_mildew,9494,39,0.9784
downy_mildew\102032.jpg,downy_mildew,10203,7466,0.9742
downy_mildew\102036.jpg,downy_mildew,10203,7466,0.9638
downy_mildew\102045.jpg,downy_mildew,10203,7466,0.9886
downy_mildew\102075.jpg,downy_mildew,10203,7466,0.9785
downy_mildew\102089.jpg,downy_mildew,10203,7466,0.9862
downy_mildew\102092.jpg,downy_mildew,5487,1,0.9399
downy_mildew\102108.jpg,downy_mildew,10203,7466,0.9891
downy_mildew\102111.jpg,downy_mildew,10203,7466,0.966
downy_mildew\102144.jpg,downy_mildew,5960,15,0.9563
downy_mildew\102151.jpg,downy_mildew,10203,7466,0.9908
downy_mildew\102177.jpg,downy_mildew,9494,39,0.9767
downy_mildew\102185.jpg,downy_mildew,10203,7466,0.9745
downy_mildew\102193.jpg,downy_mildew,5960,15,0.9899
downy_mildew\102219.jpg,downy_mildew,10203,7466,0.9816
downy_mildew\102220.jpg,downy_mildew,10203,7466,0.9841
downy_mildew\102245.jpg,downy_mildew,10203,7466,0.9783
downy_mildew\102253.jpg,downy_mildew,10203,7466,0.9697
downy_mildew\102283.jpg,downy_mildew,2748,47,0.9776
downy_mildew\102285.jpg,downy_mildew,10203,7466,0.9644
downy_mildew\102305.jpg,downy_mildew,5749,15,0.9732
downy_mildew\102327.jpg,downy_mildew,10203,7466,0.9669
downy_mildew\102335.jpg,downy_mildew,10203,7466,0.9795
downy_mildew\102337.jpg,downy_mildew,10203,7466,0.9808
downy_mildew\102344.jpg,downy_mildew,10203,7466,0.9695
downy_mildew\102350.jpg,downy_mildew,10203,7466,0.9846
downy_mildew\102423.jpg,downy_mildew,5837,12,0.9656
downy_mildew\102433.jpg,downy_mildew,10203,7466,0.9858
downy_mildew\102461.jpg,downy_mildew,10203,7466,0.9863
downy_mildew\102467.jpg,downy_mildew,5510,1,0.9482
downy_mildew\102468.jpg,downy_mildew,10203,7466,0.9906
downy_mildew\102487.jpg,downy_mildew,5685,4,0.9807
downy_mildew\102498.jpg,downy_mildew,10203,7466,0.9913
downy_mildew\102501.jpg,downy_mildew,10203,7466,0.991
downy_mildew\102508.jpg,downy_mildew,10203,7466,0.9919
downy_mildew\102521.jpg,downy_mildew,10203,7466,0.9641
downy_mildew\102541.jpg,downy_mildew,10203,7466,0.9826
downy_mildew\102551.jpg,downy_mildew,10203,7466,0.9935
downy_mildew\102625.jpg,downy_mildew,10203,7466,0.9881
downy_mildew\102634.jpg,downy_mildew,10203,7466,0.9671
downy_mildew\102640.jpg,downy_mildew,10203,7466,0.9773
downy_mildew\102675.jpg,downy_mildew,10203,7466,0.9889
downy_mildew\102681.jpg,downy_mildew,10203,7466,0.9927
downy_mildew\102686.jpg,downy_mildew,10203,7466,0.9872
downy_mildew\102704.jpg,downy_mildew,5525,1,0.9415
downy_mildew\102753.jpg,downy_mildew,10203,7466,0.9889
downy_mildew\102762.jpg,downy_mildew,10203,7466,0.9906
downy_mildew\102779.jpg,downy_mildew,10203,7466,0.9908
downy_mildew\102797.jpg,downy_mildew,10203,7466,0.99
downy_mildew\102801.jpg,downy_mildew,10203,7466,0.9851
downy_mildew\102803.jpg,downy_mildew,2748,47,0.9701
downy_mildew\102823.jpg,downy_mildew,9494,39,0.9728
downy_mildew\102833.jpg,downy_mildew,5960,15,0.9912
downy_mildew\102837.jpg,downy_mildew,10203,7466,0.984
downy_mildew\102847.jpg,downy_mildew,10203,7466,0.9931
downy_mildew\102851.jpg,downy_mildew,10203,7466,0.9902
downy_mildew\102867.jpg,downy_mildew,2748,47,0.9706
downy_mildew\102882.jpg,downy_mildew,10203,7466,0.9671
downy_mildew\102910.jpg,downy_mildew,5801,6,0.9903
downy_mildew\102925.jpg,downy_mildew,10203,7466,0.9867
downy_mildew\102960.jpg,downy_mildew,6581,22,0.9915
downy_mildew\102980.jpg,downy_mildew,10203,7466,0.9928
downy_mildew\103008.jpg,downy_mildew,10203,7466,0.9872
downy_mildew\103019.jpg,downy_mildew,10203,7466,0.9895
downy_mildew\103021.jpg,downy_mildew,5959,7,0.9514
downy_mildew\103052.jpg,downy_mildew,10203,7466,0.9906
downy_mildew\103086.jpg,downy_mildew,10203,7466,0.977
downy_mildew\103100.jpg,downy_mildew,10203,7466,0.9919
downy_mildew\103130.jpg,downy_mildew,10203,7466,0.9764
downy_mildew\103135.jpg,downy_mildew,9494,39,0.9758
downy_mildew\103140.jpg,downy_mildew,10203,7466,0.9959
downy_mildew\103151.jpg,downy_mildew,10203,7466,0.9871
downy_mildew\103157.jpg,downy_mildew,5959,7,0.9723
downy_mildew\103163.jpg,downy_mildew,10203,7466,0.9895
downy_mildew\103188.jpg,downy_mildew,6581,22,0.9764
downy_mildew\103218.jpg,downy_mildew,10203,7466,0.993
downy_mildew\103247.jpg,downy_mildew,10203,7466,0.9906
downy_mildew\103250.jpg,downy_mildew,2748,47,0.9746
downy_mildew\103254.jpg,downy_mildew,5846,2,0.9604
downy_mildew\103260.jpg,downy_mildew,10203,7466,1.0
downy_mildew\103261.jpg,downy_mildew,10203,7466,0.9951
downy_mildew\103269.jpg,downy_mildew,10203,7466,0.9581
downy_mildew\103291.jpg,downy_mildew,10203,7466,0.9889
downy_mildew\103312.jpg,downy_mildew,10203,7466,0.9884
downy_mildew\103320.jpg,downy_mildew,10203,7466,0.9851
downy_mildew\103359.jpg,downy_mildew,10203,7466,0.9899
downy_mildew\103367.jpg,downy_mildew,10203,7466,0.9752
downy_mildew\103369.jpg,downy_mildew,5895,2,0.976
downy_mildew\103384.jpg,downy_mildew,10203,7466,0.9914
downy_mildew\103402.jpg,downy_mildew,10203,7466,0.9892
downy_mildew\103410.jpg,downy_mildew,10203,7466,0.9947
downy_mildew\103467.jpg,downy_mildew,10203,7466,0.9867
downy_mildew\103468.jpg,downy_mildew,10203,7466,0.9929
downy_mildew\103471.jpg,downy_mildew,5837,12,0.9728
downy_mildew\103481.jpg,downy_mildew,10203,7466,0.9889
downy_mildew\103507.jpg,downy_mildew,10203,7466,0.9884
downy_mildew\103520.jpg,downy_mildew,10203,7466,0.988
downy_mildew\103540.jpg,downy_mildew,10203,7466,0.9923
downy_mildew\103542.jpg,downy_mildew,10203,7466,0.9704
downy_mildew\103557.jpg,downy_mildew,10203,7466,0.9767
downy_mildew\103572.jpg,downy_mildew,10203,7466,0.9809
downy_mildew\103614.jpg,downy_mildew,10203,7466,0.9951
downy_mildew\103660.jpg,downy_mildew,10203,7466,0.9666
downy_mildew\103666.jpg,downy_mildew,10203,7466,0.9554
downy_mildew\103672.jpg,downy_mildew,10203,7466,0.9874
downy_mildew\103680.jpg,downy_mildew,10203,7466,0.9881
downy_mildew\103682.jpg,downy_mildew,10203,7466,0.9904
downy_mildew\103690.jpg,downy_mildew,5960,15,0.9843
downy_mildew\103694.jpg,downy_mildew,5589,1,0.9456
downy_mildew\103775.jpg,downy_mildew,10203,7466,0.9873
downy_mildew\103804.jpg,downy_mildew,9494,39,0.9768
downy_mildew\103818.jpg,downy_mildew,10203,7466,0.987
downy_mildew\103822.jpg,downy_mildew,10203,7466,0.9892
downy_mildew\103842.jpg,downy_mildew,10203,7466,0.9755
downy_mildew\103850.jpg,downy_mildew,10203,7466,0.9827
downy_mildew\103856.jpg,downy_mildew,10203,7466,0.9823
downy_mildew\103882.jpg,downy_mildew,5597,1,0.9439
downy_mildew\103886.jpg,downy_mildew,10203,7466,0.9786
downy_mildew\103900.jpg,downy_mildew,10203,7466,0.9841
downy_mildew\103933.jpg,downy_mildew,10203,7466,0.9932
downy_mildew\103940.jpg,downy_mildew,5689,2,0.9638
downy_mildew\103973.jpg,downy_mildew,10203,7466,0.9909
downy_mildew\103984.jpg,downy_mildew,10203,7466,0.9927
downy_mildew\103989.jpg,downy_mildew,5960,15,0.9829
downy_mildew\103994.jpg,downy_mildew,5959,7,0.9681
downy_mildew\104000.jpg,downy_mildew,10203,7466,0.9735
downy_mildew\104062.jpg,downy_mildew,10203,7466,0.9593
downy_mildew\104079.jpg,downy_mildew,10203,7466,0.9829
downy_mildew\104095.jpg,downy_mildew,10203,7466,0.9673
downy_mildew\104098.jpg,downy_mildew,10203,7466,0.9829
downy_mildew\104100.jpg,downy_mildew,10203,7466,0.971
downy_mildew\104121.jpg,downy_mildew,5787,4,0.9723
downy_mildew\104140.jpg,downy_mildew,10203,7466,0.9705
downy_mildew\104155.jpg,downy_mildew,10203,7466,0.9781
downy_mildew\104163.jpg,downy_mildew,10203,7466,0.9593
downy_mildew\104190.jpg,downy_mildew,10203,7466,0.9931
downy_mildew\104193.jpg,downy_mildew,10203,7466,0.9812
downy_mildew\104202.jpg,downy_mildew,10203,7466,0.9954
downy_mildew\104207.jpg,downy_mildew,10203,7466,0.9932
downy_mildew\104240.jpg,downy_mildew,10203,7466,0.9803
downy_mildew\104245.jpg,downy_mildew,10203,7466,0.9846
downy_mildew\104253.jpg,downy_mildew,10203,7466,0.9869
downy_mildew\104256.jpg,downy_mildew,10203,7466,0.9861
downy_mildew\104260.jpg,downy_mildew,5801,6,0.974
downy_mildew\104270.jpg,downy_mildew,10203,7466,0.9734
downy_mildew\104285.jpg,downy_mildew,10203,7466,0.9826
downy_mildew\104336.jpg,downy_mildew,9494,39,0.9735
downy_mildew\104342.jpg,downy_mildew,10203,7466,0.9933
downy_mildew\104365.jpg,downy_mildew,10203,7466,0.9868
downy_mildew\104370.jpg,downy_mildew,10203,7466,0.9844
downy_mildew\104394.jpg,downy_mildew,10203,7466,0.9883
downy_mildew\104397.jpg,downy_mildew,5632,1,0.9086
downy_mildew\104434.jpg,downy_mildew,10203,7466,0.9857
downy_mildew\104452.jpg,downy_mildew,10203,7466,0.9617
downy_mildew\104468.jpg,downy_mildew,5635,2,0.9834
downy_mildew\104568.jpg,downy_mildew,5960,15,0.9863
downy_mildew\104626.jpg,downy_mildew,10203,7466,0.9874
downy_mildew\104637.jpg,downy_mildew,10203,7466,0.9622
downy_mildew\104677.jpg,downy_mildew,10203,7466,0.9724
downy_mildew\104706.jpg,downy_mildew,10203,7466,0.9883
downy_mildew\104730.jpg,downy_mildew,10203,7466,0.9782
downy_mildew\104756.jpg,downy_mildew,10203,7466,0.9876
downy_mildew\104788.jpg,downy_mildew,10203,7466,0.9823
downy_mildew\104790.jpg,downy_mildew,10203,7466,0.9659
downy_mildew\104812.jpg,downy_mildew,10203,7466,0.988
downy_mildew\104856.jpg,downy_mildew,10203,7466,0.9928
downy_mildew\104863.jpg,downy_mildew,5787,4,0.9867
downy_mildew\104873.jpg,downy_mildew,10203,7466,0.9936
downy_mildew\104921.jpg,downy_mildew,5810,3,0.9962
downy_mildew\104931.jpg,downy_mildew,10203,7466,0.9784
downy_mildew\105000.jpg,downy_mildew,10203,7466,0.9849
downy_mildew\105021.jpg,downy_mildew,5652,1,0.9074
downy_mildew\105029.jpg,downy_mildew,10203,7466,0.98
downy_mildew\105034.jpg,downy_mildew,10203,7466,0.9866
downy_mildew\105064.jpg,downy_mildew,10203,7466,0.9827
downy_mildew\105132.jpg,downy_mildew,10203,7466,0.9906
downy_mildew\105164.jpg,downy_mildew,10203,7466,0.9768
downy_mildew\105168.jpg,downy_mildew,10203,7466,0.9886
downy_mildew\105208.jpg,downy_mildew,10203,7466,0.9857
downy_mildew\105217.jpg,downy_mildew,10203,7466,0.9903
downy_mildew\105228.jpg,downy_mildew,10203,7466,0.9901
downy_mildew\105259.jpg,downy_mildew,10203,7466,0.9796
downy_mildew\105262.jpg,downy_mildew,10203,7466,0.9756
downy_mildew\105283.jpg,downy_mildew,10203,7466,0.9726
downy_mildew\105326.jpg,downy_mildew,10203,7466,0.9931
downy_mildew\105329.jpg,downy_mildew,10203,7466,0.9811
downy_mildew\105348.jpg,downy_mildew,10203,7466,0.9869
downy_mildew\105354.jpg,downy_mildew,10203,7466,0.9887
downy_mildew\105355.jpg,downy_mildew,10203,7466,0.9914
downy_mildew\105357.jpg,downy_mildew,10203,7466,0.9892
downy_mildew\105381.jpg,downy_mildew,5671,1,0.8176
downy_mildew\105391.jpg,downy_mildew,10203,7466,0.9721
downy_mildew\105400.jpg,downy_mildew,10203,7466,0.9971
downy_mildew\105406.jpg,downy_mildew,10203,7466,0.9914
downy_mildew\105434.jpg,downy_mildew,10203,7466,0.9654
downy_mildew\105439.jpg,downy_mildew,2748,47,0.9825
downy_mildew\105446.jpg,downy_mildew,10203,7466,0.9959
downy_mildew\105495.jpg,downy_mildew,10203,7466,0.9568
downy_mildew\105511.jpg,downy_mildew,10203,7466,0.9908
downy_mildew\105520.jpg,downy_mildew,10203,7466,0.9628
downy_mildew\105539.jpg,downy_mildew,10203,7466,0.9883
downy_mildew\105540.jpg,downy_mildew,10203,7466,0.9737
downy_mildew\105565.jpg,downy_mildew,5683,1,0.9039
downy_mildew\105586.jpg,downy_mildew,10203,7466,0.9868
downy_mildew\105619.jpg,downy_mildew,5685,4,0.9679
downy_mildew\105630.jpg,downy_mildew,10203,7466,0.9862
downy_mildew\105671.jpg,downy_mildew,10203,7466,0.9861
downy_mildew\105692.jpg,downy_mildew,5801,6,0.9903
downy_mildew\105696.jpg,downy_mildew,5689,2,0.9638
downy_mildew\105709.jpg,downy_mildew,10203,7466,0.9756
downy_mildew\105732.jpg,downy_mildew,5837,12,0.9759
downy_mildew\105733.jpg,downy_mildew,10203,7466,0.9752
downy_mildew\105749.jpg,downy_mildew,5960,15,0.9899
downy_mildew\105774.jpg,downy_mildew,10203,7466,0.9901
downy_mildew\105786.jpg,downy_mildew,10203,7466,0.9906
downy_mildew\105810.jpg,downy_mildew,10203,7466,0.9713
downy_mildew\105860.jpg,downy_mildew,10203,7466,0.989
downy_mildew\105863.jpg,downy_mildew,10203,7466,0.995
downy_mildew\105864.jpg,downy_mildew,10203,7466,0.9782
downy_mildew\105876.jpg,downy_mildew,10203,7466,0.9876
downy_mildew\105919.jpg,downy_mildew,9494,39,0.9767
downy_mildew\105940.jpg,downy_mildew,5856,3,0.9631
downy_mildew\105953.jpg,downy_mildew,10203,7466,0.9907
downy_mildew\106015.jpg,downy_mildew,10203,7466,0.9883
downy_mildew\106027.jpg,downy_mildew,10203,7466,0.9737
downy_mildew\106081.jpg,downy_mildew,10203,7466,0.9824
downy_mildew\106084.jpg,downy_mildew,10203,7466,0.9666
downy_mildew\106086.jpg,downy_mildew,10203,7466,0.9566
downy_mildew\106098.jpg,downy_mildew,5801,6,0.9755
downy_mildew\106120.jpg,downy_mildew,10203,7466,0.9971
downy_mildew\106138.jpg,downy_mildew,5711,1,0.9498
downy_mildew\106144.jpg,downy_mildew,9494,39,0.9878
downy_mildew\106146.jpg,downy_mildew,10203,7466,0.9783
downy_mildew\106169.jpg,downy_mildew,10203,7466,0.9827
downy_mildew\106170.jpg,downy_mildew,5801,6,0.9789
downy_mildew\106180.jpg,downy_mildew,10203,7466,0.9755
downy_mildew\106182.jpg,downy_mildew,10203,7466,0.9931
downy_mildew\106188.jpg,downy_mildew,5718,1,0.95
downy_mildew\106198.jpg,downy_mildew,10203,7466,0.9857
downy_mildew\106230.jpg,downy_mildew,10203,7466,0.9706
downy_mildew\106233.jpg,downy_mildew,10203,7466,0.9919
downy_mildew\106237.jpg,downy_mildew,10203,7466,0.9817
downy_mildew\106240.jpg,downy_mildew,10203,7466,0.9887
downy_mildew\106254.jpg,downy_mildew,10203,7466,0.9739
downy_mildew\106261.jpg,downy_mildew,10203,7466,0.9916
downy_mildew\106268.jpg,downy_mildew,5726,1,0.8458
downy_mildew\106281.jpg,downy_mildew,10203,7466,0.9916
downy_mildew\106285.jpg,downy_mildew,10203,7466,0.9849
downy_mildew\106291.jpg,downy_mildew,10203,7466,0.9947
downy_mildew\106296.jpg,downy_mildew,5730,1,0.8521
downy_mildew\106300.jpg,downy_mildew,10203,7466,0.9874
downy_mildew\106305.jpg,downy_mildew,10203,7466,0.9773
downy_mildew\106338.jpg,downy_mildew,10203,7466,0.9855
downy_mildew\106345.jpg,downy_mildew,10203,7466,0.9824
downy_mildew\106387.jpg,downy_mildew,10203,7466,0.9908
downy_mildew\106406.jpg,downy_mildew,10203,7466,0.9858
downy_mildew\106416.jpg,downy_mildew,10203,7466,0.9695
downy_mildew\106465.jpg,downy_mildew,10203,7466,0.9905
downy_mildew\106478.jpg,downy_mildew,5960,15,0.9563
downy_mildew\106484.jpg,downy_mildew,10203,7466,0.99
downy_mildew\106521.jpg,downy_mildew,5953,3,0.9825
downy_mildew\106523.jpg,downy_mildew,10203,7466,0.9885
downy_mildew\106524.jpg,downy_mildew,10203,7466,0.976
downy_mildew\106540.jpg,downy_mildew,10203,7466,0.9892
downy_mildew\106559.jpg,downy_mildew,10203,7466,0.9756
downy_mildew\106567.jpg,downy_mildew,5810,3,0.9962
downy_mildew\106571.jpg,downy_mildew,10203,7466,0.9886
downy_mildew\106640.jpg,downy_mildew,5749,15,0.9756
downy_mildew\106652.jpg,downy_mildew,5749,15,0.9756
downy_mildew\106674.jpg,downy_mildew,10203,7466,0.9843
downy_mildew\106680.jpg,downy_mildew,9494,39,0.9722
downy_mildew\106685.jpg,downy_mildew,10203,7466,0.9846
downy_mildew\106738.jpg,downy_mildew,10203,7466,0.971
downy_mildew\106745.jpg,downy_mildew,10203,7466,0.9833
downy_mildew\106759.jpg,downy_mildew,10203,7466,0.9861
downy_mildew\106776.jpg,downy_mildew,10203,7466,0.9953
downy_mildew\106779.jpg,downy_mildew,10203,7466,0.9928
downy_mildew\106784.jpg,downy_mildew,10203,7466,0.9947
downy_mildew\106837.jpg,downy_mildew,10203,7466,0.9812
downy_mildew\106845.jpg,downy_mildew,2748,47,0.9746
downy_mildew\106854.jpg,downy_mildew,10203,7466,0.9904
downy_mildew\106856.jpg,downy_mildew,10203,7466,0.9827
downy_mildew\106867.jpg,downy_mildew,5813,8,0.9728
downy_mildew\106874.jpg,downy_mildew,10203,7466,0.991
downy_mildew\106903.jpg,downy_mildew,10203,7466,0.9626
downy_mildew\106908.jpg,downy_mildew,10203,7466,0.984
downy_mildew\106915.jpg,downy_mildew,10203,7466,0.988
downy_mildew\106926.jpg,downy_mildew,10203,7466,0.9578
downy_mildew\106963.jpg,downy_mildew,10203,7466,0.989
downy_mildew\107055.jpg,downy_mildew,10203,7466,0.987
downy_mildew\107090.jpg,downy_mildew,10203,7466,0.9878
downy_mildew\107091.jpg,downy_mildew,10203,7466,0.9654
downy_mildew\107118.jpg,downy_mildew,10203,7466,0.9923
downy_mildew\107128.jpg,downy_mildew,10203,7466,0.989
downy_mildew\107151.jpg,downy_mildew,10203,7466,0.9867
downy_mildew\107153.jpg,downy_mildew,10203,7466,0.9861
downy_mildew\107154.jpg,downy_mildew,10203,7466,0.9887
downy_mildew\107156.jpg,downy_mildew,10203,7466,0.9783
downy_mildew\107171.jpg,downy_mildew,10203,7466,0.9808
downy_mildew\107173.jpg,downy_mildew,9494,39,0.9731
downy_mildew\107183.jpg,downy_mildew,6581,22,0.9915
downy_mildew\107203.jpg,downy_mildew,10203,7466,0.9888
downy_mildew\107211.jpg,downy_mildew,5900,2,0.9784
downy_mildew\107276.jpg,downy_mildew,10203,7466,0.9883
downy_mildew\107300.jpg,downy_mildew,10203,7466,0.9908
downy_mildew\107303.jpg,downy_mildew,10203,7466,0.9776
downy_mildew\107306.jpg,downy_mildew,5787,4,0.9763
downy_mildew\107310.jpg,downy_mildew,10203,7466,0.9826
downy_mildew\107322.jpg,downy_mildew,10203,7466,0.9851
downy_mildew\107333.jpg,downy_mildew,10203,7466,0.9867
downy_mildew\107342.jpg,downy_mildew,10203,7466,0.9928
downy_mildew\107353.jpg,downy_mildew,10203,7466,0.9569
downy_mildew\107356.jpg,downy_mildew,10203,7466,0.9782
downy_mildew\107377.jpg,downy_mildew,10203,7466,0.9736
downy_mildew\107390.jpg,downy_mildew,10203,7466,0.9931
downy_mildew\107397.jpg,downy_mildew,10203,7466,0.9503
downy_mildew\107422.jpg,downy_mildew,10203,7466,0.9747
downy_mildew\107434.jpg,downy_mildew,10203,7466,0.9765
downy_mildew\107506.jpg,downy_mildew,10203,7466,0.9875
downy_mildew\107508.jpg,downy_mildew,10203,7466,0.9949
downy_mildew\107517.jpg,downy_mildew,5801,6,0.9578
downy_mildew\107523.jpg,downy_mildew,10203,7466,0.9905
downy_mildew\107563.jpg,downy_mildew,10203,7466,0.9926
downy_mildew\107571.jpg,downy_mildew,10203,7466,0.9912
downy_mildew\107646.jpg,downy_mildew,10203,7466,0.9869
downy_mildew\107682.jpg,downy_mildew,5806,1,0.9321
downy_mildew\107695.jpg,downy_mildew,10203,7466,0.9915
downy_mildew\107738.jpg,downy_mildew,10203,7466,0.9803
downy_mildew\107760.jpg,downy_mildew,10203,7466,0.9893
downy_mildew\107774.jpg,downy_mildew,5810,3,0.9784
downy_mildew\107783.jpg,downy_mildew,10203,7466,0.9775
downy_mildew\107792.jpg,downy_mildew,10203,7466,0.9924
downy_mildew\107794.jpg,downy_mildew,5813,8,0.9728
downy_mildew\107818.jpg,downy_mildew,9494,39,0.9773
downy_mildew\107847.jpg,downy_mildew,10203,7466,1.0
downy_mildew\107855.jpg,downy_mildew,10203,7466,0.9773
downy_mildew\107883.jpg,downy_mildew,10203,7466,0.9799
downy_mildew\107894.jpg,downy_mildew,10203,7466,0.9764
downy_mildew\107895.jpg,downy_mildew,10203,7466,0.988
downy_mildew\107901.jpg,downy_mildew,10203,7466,0.9651
downy_mildew\107902.jpg,downy_mildew,9494,39,0.9722
downy_mildew\107915.jpg,downy_mildew,10203,7466,0.9844
downy_mildew\107938.jpg,downy_mildew,10203,7466,0.9596
downy_mildew\107952.jpg,downy_mildew,10203,7466,0.9907
downy_mildew\107963.jpg,downy_mildew,10203,7466,0.9738
downy_mildew\107990.jpg,downy_mildew,10203,7466,0.988
downy_mildew\108021.jpg,downy_mildew,10203,7466,0.9659
downy_mildew\108028.jpg,downy_mildew,10203,7466,0.9659
downy_mildew\108057.jpg,downy_mildew,10203,7466,0.9736
downy_mildew\108086.jpg,downy_mildew,10203,7466,0.9747
downy_mildew\108090.jpg,downy_mildew,10203,7466,0.991
downy_mildew\108095.jpg,downy_mildew,10203,7466,0.974
downy_mildew\108100.jpg,downy_mildew,10203,7466,0.9905
downy_mildew\108111.jpg,downy_mildew,10203,7466,0.9651
downy_mildew\108118.jpg,downy_mildew,10203,7466,0.9847
downy_mildew\108135.jpg,downy_mildew,10203,7466,0.9869
downy_mildew\108159.jpg,downy_mildew,5837,12,0.9614
downy_mildew\108178.jpg,downy_mildew,5960,15,0.9894
downy_mildew\108184.jpg,downy_mildew,10203,7466,0.9925
downy_mildew\108191.jpg,downy_mildew,10203,7466,0.9925
downy_mildew\108192.jpg,downy_mildew,5841,1,0.9341
downy_mildew\108213.jpg,downy_mildew,10203,7466,0.9624
downy_mildew\108216.jpg,downy_mildew,10203,7466,0.9909
downy_mildew\108275.jpg,downy_mildew,10203,7466,0.9928
downy_mildew\108286.jpg,downy_mildew,10203,7466,0.9755
downy_mildew\108292.jpg,downy_mildew,5846,2,0.9604
downy_mildew\108297.jpg,downy_mildew,10203,7466,0.9738
downy_mildew\108323.jpg,downy_mildew,10203,7466,0.9846
downy_mildew\108335.jpg,downy_mildew,10203,7466,0.9795
downy_mildew\108354.jpg,downy_mildew,5959,7,0.9707
downy_mildew\108392.jpg,downy_mildew,10203,7466,0.9931
downy_mildew\108394.jpg,downy_mildew,9494,39,0.9627
downy_mildew\108402.jpg,downy_mildew,10203,7466,0.9851
downy_mildew\108406.jpg,downy_mildew,10203,7466,0.9883
downy_mildew\108413.jpg,downy_mildew,5685,4,0.9864
downy_mildew\108426.jpg,downy_mildew,5856,3,0.9603
downy_mildew\108427.jpg,downy_mildew,10203,7466,0.9724
downy_mildew\108431.jpg,downy_mildew,5837,12,0.9758
downy_mildew\108472.jpg,downy_mildew,10203,7466,0.948
downy_mildew\108497.jpg,downy_mildew,10203,7466,0.9817
downy_mildew\108507.jpg,downy_mildew,10203,7466,0.9862
downy_mildew\108512.jpg,downy_mildew,10203,7466,0.98
downy_mildew\108549.jpg,downy_mildew,10203,7466,0.9899
downy_mildew\108553.jpg,downy_mildew,2748,47,0.9742
downy_mildew\108588.jpg,downy_mildew,10203,7466,0.9863
downy_mildew\108591.jpg,downy_mildew,10203,7466,1.0
downy_mildew\108615.jpg,downy_mildew,10203,7466,0.9844
downy_mildew\108641.jpg,downy_mildew,10203,7466,0.9826
downy_mildew\108650.jpg,downy_mildew,10203,7466,0.9826
downy_mildew\108689.jpg,downy_mildew,10203,7466,0.9837
downy_mildew\108724.jpg,downy_mildew,10203,7466,0.9905
downy_mildew\108730.jpg,downy_mildew,10203,7466,0.9674
downy_mildew\108750.jpg,downy_mildew,5837,12,0.9758
downy_mildew\108759.jpg,downy_mildew,10203,7466,0.9581
downy_mildew\108773.jpg,downy_mildew,10203,7466,0.9835
downy_mildew\108813.jpg,downy_mildew,10203,7466,0.9851
downy_mildew\108824.jpg,downy_mildew,10203,7466,0.9899
downy_mildew\108827.jpg,downy_mildew,10203,7466,0.9355
downy_mildew\108834.jpg,downy_mildew,10203,7466,0.9768
downy_mildew\108873.jpg,downy_mildew,10203,7466,0.9768
downy_mildew\108892.jpg,downy_mildew,10203,7466,0.9892
downy_mildew\108894.jpg,downy_mildew,9494,39,0.9767
downy_mildew\108898.jpg,downy_mildew,10203,7466,0.9914
downy_mildew\108967.jpg,downy_mildew,10203,7466,0.9801
downy_mildew\108968.jpg,downy_mildew,10203,7466,0.9758
downy_mildew\108970.jpg,downy_mildew,10203,7466,0.9855
downy_mildew\108977.jpg,downy_mildew,10203,7466,0.9906
downy_mildew\108995.jpg,downy_mildew,10203,7466,0.9756
downy_mildew\109000.jpg,downy_mildew,10203,7466,0.9772
downy_mildew\109014.jpg,downy_mildew,5960,15,0.9863
downy_mildew\109042.jpg,downy_mildew,10203,7466,0.9858
downy_mildew\109044.jpg,downy_mildew,10203,7466,0.9838
downy_mildew\109059.jpg,downy_mildew,10203,7466,0.9868
downy_mildew\109137.jpg,downy_mildew,10203,7466,0.9641
downy_mildew\109143.jpg,downy_mildew,5895,2,0.976
downy_mildew\109144.jpg,downy_mildew,5896,1,0.9373
downy_mildew\109164.jpg,downy_mildew,1604,23,0.9822
downy_mildew\109199.jpg,downy_mildew,10203,7466,0.9737
downy_mildew\109230.jpg,downy_mildew,10203,7466,0.9866
downy_mildew\109240.jpg,downy_mildew,5900,2,0.9784
downy_mildew\109244.jpg,downy_mildew,10203,7466,0.9831
downy_mildew\109251.jpg,downy_mildew,10203,7466,0.9765
downy_mildew\109253.jpg,downy_mildew,10203,7466,0.9752
downy_mildew\109265.jpg,downy_mildew,10203,7466,0.9928
downy_mildew\109322.jpg,downy_mildew,10203,7466,0.9857
downy_mildew\109340.jpg,downy_mildew,10203,7466,0.9862
downy_mildew\109388.jpg,downy_mildew,10203,7466,0.995
downy_mildew\109401.jpg,downy_mildew,9494,39,0.9784
downy_mildew\109411.jpg,downy_mildew,10203,7466,0.9886
downy_mildew\109415.jpg,downy_mildew,10203,7466,0.9804
downy_mildew\109486.jpg,downy_mildew,10203,7466,0.9671
downy_mildew\109506.jpg,downy_mildew,10203,7466,0.9871
downy_mildew\109516.jpg,downy_mildew,10203,7466,0.9819
downy_mildew\109632.jpg,downy_mildew,10203,7466,0.9815
downy_mildew\109639.jpg,downy_mildew,5915,1,0.9396
downy_mildew\109643.jpg,downy_mildew,10203,7466,0.9659
downy_mildew\109681.jpg,downy_mildew,10203,7466,0.971
downy_mildew\109688.jpg,downy_mildew,10203,7466,0.9836
downy_mildew\109690.jpg,downy_mildew,10203,7466,0.9841
downy_mildew\109691.jpg,downy_mildew,10203,7466,0.9867
downy_mildew\109701.jpg,downy_mildew,10203,7466,0.9781
downy_mildew\109702.jpg,downy_mildew,5960,15,0.9912
downy_mildew\109719.jpg,downy_mildew,10203,7466,0.9876
downy_mildew\109729.jpg,downy_mildew,5924,1,0.9359
downy_mildew\109736.jpg,downy_mildew,9494,39,0.9858
downy_mildew\109864.jpg,downy_mildew,10203,7466,0.9949
downy_mildew\109865.jpg,downy_mildew,10203,7466,0.9839
downy_mildew\109873.jpg,downy_mildew,10203,7466,0.9903
downy_mildew\109881.jpg,downy_mildew,5837,12,0.9722
downy_mildew\109888.jpg,downy_mildew,10203,7466,0.988
downy_mildew\109894.jpg,downy_mildew,10203,7466,0.9872
downy_mildew\109897.jpg,downy_mildew,10203,7466,0.9908
downy_mildew\109902.jpg,downy_mildew,10203,7466,0.9778
downy_mildew\109914.jpg,downy_mildew,10203,7466,0.9857
downy_mildew\109917.jpg,downy_mildew,10203,7466,0.984
downy_mildew\109956.jpg,downy_mildew,10203,7466,0.9861
downy_mildew\109959.jpg,downy_mildew,10203,7466,0.9874
downy_mildew\109960.jpg,downy_mildew,10203,7466,0.9849
downy_mildew\109977.jpg,downy_mildew,10203,7466,0.9649
downy_mildew\110037.jpg,downy_mildew,10203,7466,0.9919
downy_mildew\110042.jpg,downy_mildew,9494,39,0.974
downy_mildew\110066.jpg,downy_mildew,5837,12,0.9683
downy_mildew\110073.jpg,downy_mildew,10203,7466,0.9914
downy_mildew\110089.jpg,downy_mildew,10203,7466,0.9856
downy_mildew\110105.jpg,downy_mildew,10203,7466,0.9846
downy_mildew\110143.jpg,downy_mildew,10203,7466,0.9773
downy_mildew\110148.jpg,downy_mildew,9494,39,0.9767
downy_mildew\110206.jpg,downy_mildew,10203,7466,0.9908
downy_mildew\110212.jpg,downy_mildew,10203,7466,0.9719
downy_mildew\110221.jpg,downy_mildew,10203,7466,0.9866
downy_mildew\110230.jpg,downy_mildew,10203,7466,0.9954
downy_mildew\110231.jpg,downy_mildew,10203,7466,0.9876
downy_mildew\110241.jpg,downy_mildew,5953,3,0.9825
downy_mildew\110247.jpg,downy_mildew,10203,7466,0.9833
downy_mildew\110259.jpg,downy_mildew,5837,12,0.9722
downy_mildew\110270.jpg,downy_mildew,10203,7466,0.9664
downy_mildew\110284.jpg,downy_mildew,10203,7466,0.9779
downy_mildew\110323.jpg,downy_mildew,10203,7466,0.9801
downy_mildew\110395.jpg,downy_mildew,5959,7,0.9845
downy_mildew\110401.jpg,downy_mildew,5960,15,0.9824
hispa\100003.jpg,hispa,10203,7466,0.9678
hispa\100005.jpg,hispa,10203,7466,0.9849
hispa\100010.jpg,hispa,10203,7466,0.9857
hispa\100051.jpg,hispa,10203,7466,0.9928
hispa\100052.jpg,hispa,10203,7466,0.9852
hispa\100061.jpg,hispa,6581,22,0.9585
hispa\100072.jpg,hispa,10203,7466,0.9851
hispa\100077.jpg,hispa,10203,7466,0.9935
hispa\100085.jpg,hispa,7382,72,0.9828
hispa\100090.jpg,hispa,10203,7466,0.9902
hispa\100103.jpg,hispa,399,12,0.9746
hispa\100120.jpg,hispa,10203,7466,0.9796
hispa\100125.jpg,hispa,10203,7466,0.98
hispa\100128.jpg,hispa,10203,7466,0.9744
hispa\100139.jpg,hispa,10203,7466,0.9965
hispa\100157.jpg,hispa,10203,7466,0.9759
hispa\100159.jpg,hispa,7223,10,0.9777
hispa\100182.jpg,hispa,10203,7466,0.9848
hispa\100187.jpg,hispa,10203,7466,0.9828
hispa\100193.jpg,hispa,10203,7466,0.9823
hispa\100194.jpg,hispa,10203,7466,0.9869
hispa\100211.jpg,hispa,10203,7466,0.9784
hispa\100237.jpg,hispa,10203,7466,0.9841
hispa\100242.jpg,hispa,10203,7466,0.9821
hispa\100252.jpg,hispa,10203,7466,0.969
hispa\100257.jpg,hispa,6858,7,0.9606
hispa\100258.jpg,hispa,10203,7466,0.9738
hispa\100290.jpg,hispa,7282,2,0.9516
hispa\100291.jpg,hispa,10203,7466,0.9838
hispa\100297.jpg,hispa,7299,3,0.9841
hispa\100303.jpg,hispa,10203,7466,0.993
hispa\100304.jpg,hispa,7339,3,0.9506
hispa\100313.jpg,hispa,10203,7466,0.9837
hispa\100316.jpg,hispa,10203,7466,0.9788
hispa\100318.jpg,hispa,10203,7466,0.9857
hispa\100340.jpg,hispa,10203,7466,0.9941
hispa\100341.jpg,hispa,10203,7466,0.9879
hispa\100349.jpg,hispa,10203,7466,0.9886
hispa\100350.jpg,hispa,10203,7466,0.99
hispa\100351.jpg,hispa,6000,1,0.9459
hispa\100358.jpg,hispa,10203,7466,0.9829
hispa\100362.jpg,hispa,10203,7466,0.9676
hispa\100363.jpg,hispa,10203,7466,0.9879
hispa\100372.jpg,hispa,7382,72,0.9883
hispa\100388.jpg,hispa,10203,7466,0.9869
hispa\100390.jpg,hispa,10203,7466,0.9521
hispa\100391.jpg,hispa,10203,7466,0.9912
hispa\100399.jpg,hispa,7057,3,0.9828
hispa\100401.jpg,hispa,10203,7466,0.9773
hispa\100403.jpg,hispa,10203,7466,0.9802
hispa\100417.jpg,hispa,10203,7466,0.9862
hispa\100424.jpg,hispa,10203,7466,0.9774
hispa\100427.jpg,hispa,10203,7466,0.9893
hispa\100429.jpg,hispa,10203,7466,0.9871
hispa\100437.jpg,hispa,10203,7466,0.9955
hispa\100453.jpg,hispa,10203,7466,0.9634
hispa\100459.jpg,hispa,10203,7466,0.9884
hispa\100460.jpg,hispa,10203,7466,0.9736
hispa\100465.jpg,hispa,10203,7466,0.9765
hispa\100473.jpg,hispa,10203,7466,0.983
hispa\100478.jpg,hispa,10203,7466,0.9947
hispa\100487.jpg,hispa,7507,12,0.9684
hispa\100491.jpg,hispa,7382,72,0.9534
hispa\100497.jpg,hispa,10203,7466,0.9848
hispa\100499.jpg,hispa,7300,13,0.9681
hispa\100502.jpg,hispa,10203,7466,0.9851
hispa\100510.jpg,hispa,10203,7466,0.991
hispa\100512.jpg,hispa,6823,51,0.9913
hispa\100520.jpg,hispa,10203,7466,0.9759
hispa\100526.jpg,hispa,10203,7466,0.9819
hispa\100531.jpg,hispa,10203,7466,0.9671
hispa\100533.jpg,hispa,10203,7466,0.9935
hispa\100534.jpg,hispa,6858,7,0.9644
hispa\100537.jpg,hispa,10203,7466,0.9887
hispa\100538.jpg,hispa,10203,7466,0.9878
hispa\100540.jpg,hispa,7374,10,0.9894
hispa\100543.jpg,hispa,10203,7466,0.9917
hispa\100546.jpg,hispa,6038,2,0.9554
hispa\100563.jpg,hispa,10203,7466,0.9861
hispa\100571.jpg,hispa,6922,10,0.9788
hispa\100576.jpg,hispa,10203,7466,0.976
hispa\100586.jpg,hispa,10203,7466,0.9767
hispa\100592.jpg,hispa,7300,13,0.9869
hispa\100606.jpg,hispa,10203,7466,0.982
hispa\100612.jpg,hispa,10203,7466,0.9823
hispa\100618.jpg,hispa,10203,7466,0.9907
hispa\100619.jpg,hispa,10203,7466,0.9865
hispa\100620.jpg,hispa,10203,7466,0.9931
hispa\100621.jpg,hispa,6625,10,0.9901
hispa\100643.jpg,hispa,10203,7466,0.9522
hispa\100645.jpg,hispa,10203,7466,0.951
hispa\100647.jpg,hispa,10203,7466,0.9878
hispa\100648.jpg,hispa,7433,10,0.9642
hispa\100650.jpg,hispa,10203,7466,0.982
hispa\100658.jpg,hispa,10203,7466,0.9815
hispa\100662.jpg,hispa,10203,7466,0.9785
hispa\100685.jpg,hispa,7382,72,0.9694
hispa\100704.jpg,hispa,7382,72,0.9766
hispa\100706.jpg,hispa,10203,7466,0.9845
hispa\100707.jpg,hispa,10203,7466,0.9747
hispa\100721.jpg,hispa,399,12,0.9657
hispa\100728.jpg,hispa,10203,7466,0.9772
hispa\100740.jpg,hispa,10203,7466,0.9948
hispa\100747.jpg,hispa,10203,7466,0.9852
hispa\100751.jpg,hispa,10203,7466,0.9796
hispa\100754.jpg,hispa,10203,7466,0.9865
hispa\100761.jpg,hispa,7318,22,0.9779
hispa\100771.jpg,hispa,10203,7466,0.9925
hispa\100775.jpg,hispa,10203,7466,0.9955
hispa\100787.jpg,hispa,10203,7466,0.9895
hispa\100789.jpg,hispa,6071,1,0.8994
hispa\100796.jpg,hispa,10203,7466,0.9939
hispa\100799.jpg,hispa,10203,7466,0.9636
hispa\100800.jpg,hispa,10203,7466,0.9892
hispa\100804.jpg,hispa,10203,7466,0.9891
hispa\100809.jpg,hispa,7382,72,0.976
hispa\100813.jpg,hispa,10203,7466,0.9853
hispa\100825.jpg,hispa,10203,7466,0.9884
hispa\100826.jpg,hispa,10203,7466,0.9873
hispa\100839.jpg,hispa,10203,7466,0.9515
hispa\100860.jpg,hispa,10203,7466,0.9751
hispa\100867.jpg,hispa,10203,7466,0.9916
hispa\100878.jpg,hispa,10203,7466,0.9947
hispa\100881.jpg,hispa,10203,7466,0.9938
hispa\100900.jpg,hispa,10203,7466,0.9864
hispa\100908.jpg,hispa,10203,7466,0.9909
hispa\100914.jpg,hispa,10203,7466,0.9624
hispa\100918.jpg,hispa,10203,7466,0.9834
hispa\100934.jpg,hispa,10203,7466,0.9733
hispa\100936.jpg,hispa,10203,7466,0.992
hispa\100938.jpg,hispa,10203,7466,0.9763
hispa\100946.jpg,hispa,6922,10,0.9779
hispa\100950.jpg,hispa,6093,1,0.9487
hispa\100955.jpg,hispa,10203,7466,0.9943
hispa\100965.jpg,hispa,7507,12,0.9699
hispa\100969.jpg,hispa,10203,7466,0.9781
hispa\100972.jpg,hispa,10203,7466,0.9637
hispa\100983.jpg,hispa,10203,7466,0.988
hispa\100986.jpg,hispa,10203,7466,0.9895
hispa\100997.jpg,hispa,10203,7466,0.9805
hispa\101005.jpg,hispa,10203,7466,0.9957
hispa\101009.jpg,hispa,10203,7466,0.9721
hispa\101025.jpg,hispa,10203,7466,0.9811
hispa\101026.jpg,hispa,10203,7466,0.9914
hispa\101027.jpg,hispa,10203,7466,0.995
hispa\101035.jpg,hispa,10203,7466,0.9662
hispa\101038.jpg,hispa,6452,5,0.9611
hispa\101049.jpg,hispa,10203,7466,0.9829
hispa\101059.jpg,hispa,7502,3,0.9869
hispa\101062.jpg,hispa,10203,7466,0.9914
hispa\101069.jpg,hispa,10203,7466,0.9878
hispa\101071.jpg,hispa,10203,7466,0.9945
hispa\101074.jpg,hispa,10203,7466,0.9813
hispa\101076.jpg,hispa,6114,1,0.9318
hispa\101083.jpg,hispa,10203,7466,0.9887
hispa\101099.jpg,hispa,10203,7466,0.9699
hispa\101100.jpg,hispa,7170,7,0.9834
hispa\101101.jpg,hispa,6625,10,0.9712
hispa\101108.jpg,hispa,10203,7466,0.9656
hispa\101118.jpg,hispa,7469,8,0.951
hispa\101120.jpg,hispa,6452,5,0.973
hispa\101127.jpg,hispa,10203,7466,0.9697
hispa\101132.jpg,hispa,10203,7466,0.978
hispa\101134.jpg,hispa,10203,7466,0.9871
hispa\101140.jpg,hispa,10203,7466,0.9902
hispa\101147.jpg,hispa,10203,7466,0.9675
hispa\101150.jpg,hispa,10203,7466,0.9844
hispa\101152.jpg,hispa,10203,7466,0.9851
hispa\101155.jpg,hispa,7382,72,0.9509
hispa\101163.jpg,hispa,10203,7466,0.983
hispa\101185.jpg,hispa,10203,7466,0.9834
hispa\101189.jpg,hispa,10203,7466,0.9848
hispa\101193.jpg,hispa,10203,7466,0.9893
hispa\101208.jpg,hispa,7173,4,0.9744
hispa\101209.jpg,hispa,10203,7466,0.9801
hispa\101217.jpg,hispa,10203,7466,0.9833
hispa\101235.jpg,hispa,10203,7466,0.9941
hispa\101249.jpg,hispa,10203,7466,0.9752
hispa\101253.jpg,hispa,10203,7466,0.9958
hispa\101257.jpg,hispa,10203,7466,0.9763
hispa\101264.jpg,hispa,10203,7466,0.9911
hispa\101268.jpg,hispa,10203,7466,0.9859
hispa\101278.jpg,hispa,10203,7466,0.9751
hispa\101288.jpg,hispa,10203,7466,0.9882
hispa\101295.jpg,hispa,10203,7466,0.9711
hispa\101310.jpg,hispa,10203,7466,0.9809
hispa\101312.jpg,hispa,10203,7466,0.9734
hispa\101315.jpg,hispa,10203,7466,0.9942
hispa\101322.jpg,hispa,10203,7466,0.987
hispa\101360.jpg,hispa,10203,7466,0.9813
hispa\101383.jpg,hispa,10203,7466,0.977
hispa\101384.jpg,hispa,7433,10,0.9794
hispa\101395.jpg,hispa,10203,7466,0.9923
hispa\101401.jpg,hispa,10203,7466,0.9844
hispa\101402.jpg,hispa,10203,7466,0.9822
hispa\101404.jpg,hispa,10203,7466,0.9923
hispa\101405.jpg,hispa,10203,7466,0.9842
hispa\101427.jpg,hispa,10203,7466,0.993
hispa\101448.jpg,hispa,10203,7466,0.9816
hispa\101452.jpg,hispa,10203,7466,0.9875
hispa\101476.jpg,hispa,10203,7466,0.9906
hispa\101481.jpg,hispa,10203,7466,0.9656
hispa\101486.jpg,hispa,10203,7466,0.9903
hispa\101488.jpg,hispa,10203,7466,0.9876
hispa\101490.jpg,hispa,10203,7466,0.9689
hispa\101502.jpg,hispa,10203,7466,0.9905
hispa\101503.jpg,hispa,10203,7466,0.9833
hispa\101504.jpg,hispa,10203,7466,0.9891
hispa\101508.jpg,hispa,10203,7466,0.9723
hispa\101509.jpg,hispa,7170,7,0.9771
hispa\101511.jpg,hispa,10203,7466,0.9877
hispa\101512.jpg,hispa,7415,6,1.0
hispa\101515.jpg,hispa,10203,7466,0.9551
hispa\101518.jpg,hispa,10203,7466,0.9877
hispa\101520.jpg,hispa,10203,7466,0.9926
hispa\101522.jpg,hispa,10203,7466,0.9697
hispa\101541.jpg,hispa,10203,7466,0.9765
hispa\101550.jpg,hispa,10203,7466,0.9871
hispa\101559.jpg,hispa,10203,7466,0.97
hispa\101561.jpg,hispa,10203,7466,0.9843
hispa\101579.jpg,hispa,10203,7466,0.9782
hispa\101580.jpg,hispa,10203,7466,0.9846
hispa\101584.jpg,hispa,10203,7466,0.9956
hispa\101589.jpg,hispa,10203,7466,0.9826
hispa\101595.jpg,hispa,10203,7466,0.983
hispa\101596.jpg,hispa,10203,7466,0.9832
hispa\101598.jpg,hispa,10203,7466,0.9788
hispa\101603.jpg,hispa,10203,7466,0.9823
hispa\101605.jpg,hispa,10203,7466,0.9748
hispa\101608.jpg,hispa,6190,1,0.9456
hispa\101615.jpg,hispa,10203,7466,0.9682
hispa\101617.jpg,hispa,10203,7466,0.9585
hispa\101620.jpg,hispa,10203,7466,0.9919
hispa\101642.jpg,hispa,10203,7466,0.9814
hispa\101643.jpg,hispa,10203,7466,0.9869
hispa\101653.jpg,hispa,10203,7466,0.9832
hispa\101654.jpg,hispa,10203,7466,0.9929
hispa\101655.jpg,hispa,10203,7466,0.9954
hispa\101661.jpg,hispa,7216,3,0.9508
hispa\101664.jpg,hispa,10203,7466,0.9792
hispa\101670.jpg,hispa,10203,7466,0.9907
hispa\101696.jpg,hispa,10203,7466,0.9777
hispa\101697.jpg,hispa,10203,7466,0.993
hispa\101705.jpg,hispa,10203,7466,0.9911
hispa\101708.jpg,hispa,10203,7466,0.99
hispa\101717.jpg,hispa,10203,7466,0.9719
hispa\101723.jpg,hispa,10203,7466,0.9856
hispa\101727.jpg,hispa,10203,7466,0.9872
hispa\101734.jpg,hispa,10203,7466,0.9874
hispa\101746.jpg,hispa,7469,8,0.9718
hispa\101748.jpg,hispa,10203,7466,0.9811
hispa\101774.jpg,hispa,6581,22,0.9726
hispa\101788.jpg,hispa,10203,7466,1.0
hispa\101790.jpg,hispa,6625,10,0.9698
hispa\101801.jpg,hispa,10203,7466,0.9792
hispa\101808.jpg,hispa,10203,7466,0.993
hispa\101821.jpg,hispa,6581,22,0.9625
hispa\101822.jpg,hispa,10203,7466,0.9871
hispa\101824.jpg,hispa,10203,7466,0.9857
hispa\101828.jpg,hispa,10203,7466,0.9868
hispa\101835.jpg,hispa,10203,7466,0.9897
hispa\101836.jpg,hispa,10203,7466,0.9926
hispa\101838.jpg,hispa,10203,7466,0.9705
hispa\101852.jpg,hispa,7519,4,0.9723
hispa\101854.jpg,hispa,10203,7466,0.9886
hispa\101862.jpg,hispa,10203,7466,0.9863
hispa\101871.jpg,hispa,10203,7466,0.9945
hispa\101880.jpg,hispa,10203,7466,0.9891
hispa\101882.jpg,hispa,10203,7466,0.9903
hispa\101893.jpg,hispa,10203,7466,0.995
hispa\101897.jpg,hispa,10203,7466,0.9859
hispa\101905.jpg,hispa,7382,72,0.9676
hispa\101916.jpg,hispa,10203,7466,0.9693
hispa\101917.jpg,hispa,10203,7466,0.9903
hispa\101920.jpg,hispa,10203,7466,0.9878
hispa\101921.jpg,hispa,10203,7466,0.9917
hispa\101922.jpg,hispa,10203,7466,0.9931
hispa\101924.jpg,hispa,10203,7466,0.9916
hispa\101925.jpg,hispa,6723,5,0.9669
hispa\101928.jpg,hispa,10203,7466,0.9871
hispa\101932.jpg,hispa,10203,7466,0.9835
hispa\101939.jpg,hispa,10203,7466,0.9658
hispa\101943.jpg,hispa,7300,13,0.9848
hispa\101945.jpg,hispa,10203,7466,0.9823
hispa\101946.jpg,hispa,10203,7466,0.9839
hispa\101948.jpg,hispa,7415,6,1.0
hispa\101950.jpg,hispa,6858,7,0.9599
hispa\101976.jpg,hispa,10203,7466,0.9585
hispa\101982.jpg,hispa,10203,7466,0.9788
hispa\101987.jpg,hispa,10203,7466,0.9835
hispa\101991.jpg,hispa,10203,7466,0.9919
hispa\101996.jpg,hispa,10203,7466,0.977
hispa\101997.jpg,hispa,10203,7466,0.9905
hispa\102004.jpg,hispa,10203,7466,0.9958
hispa\102017.jpg,hispa,10203,7466,0.9758
hispa\102031.jpg,hispa,10203,7466,0.995
hispa\102033.jpg,hispa,10203,7466,0.995
hispa\102051.jpg,hispa,10203,7466,0.9916
hispa\102058.jpg,hispa,10203,7466,0.979
hispa\102059.jpg,hispa,6750,3,0.9758
hispa\102061.jpg,hispa,10203,7466,0.9891
hispa\102074.jpg,hispa,10203,7466,0.9789
hispa\102081.jpg,hispa,6922,10,0.9679
hispa\102085.jpg,hispa,10203,7466,0.994
hispa\102095.jpg,hispa,10203,7466,0.981
hispa\102098.jpg,hispa,10203,7466,0.9624
hispa\102099.jpg,hispa,10203,7466,0.9788
hispa\102105.jpg,hispa,10203,7466,0.9667
hispa\102115.jpg,hispa,6269,1,0.9438
hispa\102138.jpg,hispa,10203,7466,0.9739
hispa\102143.jpg,hispa,10203,7466,0.9773
hispa\102152.jpg,hispa,10203,7466,0.9825
hispa\102160.jpg,hispa,10203,7466,0.9877
hispa\102161.jpg,hispa,10203,7466,0.9788
hispa\102165.jpg,hispa,7300,13,0.9869
hispa\102176.jpg,hispa,7318,22,0.9923
hispa\102179.jpg,hispa,10203,7466,0.9775
hispa\102181.jpg,hispa,10203,7466,0.9914
hispa\102183.jpg,hispa,10203,7466,0.9837
hispa\102186.jpg,hispa,7355,4,0.9782
hispa\102209.jpg,hispa,10203,7466,0.9829
hispa\102211.jpg,hispa,10203,7466,0.9854
hispa\102217.jpg,hispa,10203,7466,0.9702
hispa\102226.jpg,hispa,7016,4,0.9777
hispa\102227.jpg,hispa,7374,10,0.996
hispa\102233.jpg,hispa,10203,7466,0.9672
hispa\102246.jpg,hispa,10203,7466,0.9854
hispa\102248.jpg,hispa,10203,7466,0.9695
hispa\102260.jpg,hispa,10203,7466,0.994
hispa\102261.jpg,hispa,7433,10,0.9763
hispa\102262.jpg,hispa,10203,7466,0.9917
hispa\102278.jpg,hispa,7318,22,0.9809
hispa\102282.jpg,hispa,6625,10,0.9901
hispa\102286.jpg,hispa,10203,7466,0.9753
hispa\102291.jpg,hispa,10203,7466,0.9943
hispa\102297.jpg,hispa,10203,7466,0.9956
hispa\102299.jpg,hispa,10203,7466,0.9956
hispa\102301.jpg,hispa,10203,7466,0.9876
hispa\102302.jpg,hispa,10203,7466,0.9838
hispa\102310.jpg,hispa,10203,7466,0.9898
hispa\102321.jpg,hispa,10203,7466,0.9874
hispa\102326.jpg,hispa,10203,7466,0.987
hispa\102330.jpg,hispa,10203,7466,0.9799
hispa\102346.jpg,hispa,6723,5,0.9709
hispa\102352.jpg,hispa,10203,7466,0.9879
hispa\102355.jpg,hispa,10203,7466,0.9928
hispa\102358.jpg,hispa,10203,7466,0.9712
hispa\102361.jpg,hispa,10203,7466,0.9884
hispa\102364.jpg,hispa,10203,7466,0.9949
hispa\102366.jpg,hispa,10203,7466,0.9856
hispa\102373.jpg,hispa,10203,7466,0.9941
hispa\102384.jpg,hispa,10203,7466,0.9852
hispa\102386.jpg,hispa,10203,7466,0.9669
hispa\102391.jpg,hispa,10203,7466,0.9696
hispa\102394.jpg,hispa,10203,7466,0.9454
hispa\102412.jpg,hispa,10203,7466,0.9724
hispa\102421.jpg,hispa,6922,10,0.9788
hispa\102435.jpg,hispa,10203,7466,0.9841
hispa\102436.jpg,hispa,10203,7466,0.9891
hispa\102448.jpg,hispa,10203,7466,0.9886
hispa\102458.jpg,hispa,10203,7466,0.9567
hispa\102473.jpg,hispa,10203,7466,0.9878
hispa\102479.jpg,hispa,10203,7466,0.9767
hispa\102481.jpg,hispa,10203,7466,0.9879
hispa\102493.jpg,hispa,10203,7466,0.9944
hispa\102495.jpg,hispa,10203,7466,0.9816
hispa\102497.jpg,hispa,10203,7466,0.978
hispa\102500.jpg,hispa,6823,51,0.9802
hispa\102511.jpg,hispa,7223,10,0.9595
hispa\102512.jpg,hispa,7433,10,0.9686
hispa\102517.jpg,hispa,10203,7466,0.9735
hispa\102519.jpg,hispa,7382,72,0.9532
hispa\102524.jpg,hispa,10203,7466,0.9903
hispa\102530.jpg,hispa,10203,7466,0.984
hispa\102535.jpg,hispa,10203,7466,0.9741
hispa\102563.jpg,hispa,10203,7466,0.987
hispa\102566.jpg,hispa,10203,7466,0.9847
hispa\102567.jpg,hispa,6581,22,0.9726
hispa\102568.jpg,hispa,10203,7466,0.9811
hispa\102577.jpg,hispa,10203,7466,0.9693
hispa\102591.jpg,hispa,10203,7466,0.9831
hispa\102597.jpg,hispa,10203,7466,0.9749
hispa\102599.jpg,hispa,10203,7466,0.9702
hispa\102610.jpg,hispa,10203,7466,0.9698
hispa\102613.jpg,hispa,10203,7466,0.9836
hispa\102614.jpg,hispa,10203,7466,0.9892
hispa\102618.jpg,hispa,10203,7466,0.9892
hispa\102628.jpg,hispa,10203,7466,0.9834
hispa\102635.jpg,hispa,6581,22,0.9764
hispa\102656.jpg,hispa,10203,7466,0.9796
hispa\102657.jpg,hispa,10203,7466,0.9933
hispa\102665.jpg,hispa,10203,7466,0.9756
hispa\102669.jpg,hispa,10203,7466,0.9887
hispa\102672.jpg,hispa,10203,7466,0.9685
hispa\102679.jpg,hispa,10203,7466,0.9944
hispa\102682.jpg,hispa,10203,7466,0.9705
hispa\102696.jpg,hispa,10203,7466,0.9754
hispa\102708.jpg,hispa,10203,7466,0.9786
hispa\102712.jpg,hispa,7016,4,0.9722
hispa\102719.jpg,hispa,10203,7466,0.9793
hispa\102728.jpg,hispa,7318,22,0.9809
hispa\102740.jpg,hispa,7382,72,0.9654
hispa\102751.jpg,hispa,10203,7466,0.9914
hispa\102752.jpg,hispa,10203,7466,0.9769
hispa\102754.jpg,hispa,10203,7466,0.9917
hispa\102758.jpg,hispa,7382,72,0.988
hispa\102760.jpg,hispa,10203,7466,0.9725
hispa\102761.jpg,hispa,10203,7466,0.9791
hispa\102764.jpg,hispa,10203,7466,0.9832
hispa\102767.jpg,hispa,10203,7466,0.9909
hispa\102768.jpg,hispa,10203,7466,0.9893
hispa\102769.jpg,hispa,10203,7466,0.9902
hispa\102776.jpg,hispa,10203,7466,0.9872
hispa\102781.jpg,hispa,10203,7466,0.976
hispa\102784.jpg,hispa,10203,7466,0.9906
hispa\102791.jpg,hispa,7382,72,0.9694
hispa\102793.jpg,hispa,10203,7466,0.9664
hispa\102798.jpg,hispa,10203,7466,0.9891
hispa\102799.jpg,hispa,10203,7466,0.9775
hispa\102807.jpg,hispa,10203,7466,0.9829
hispa\102811.jpg,hispa,10203,7466,0.9784
hispa\102815.jpg,hispa,7300,13,0.9874
hispa\102818.jpg,hispa,10203,7466,0.9811
hispa\102825.jpg,hispa,10203,7466,0.985
hispa\102840.jpg,hispa,10203,7466,0.9942
hispa\102842.jpg,hispa,7382,72,0.9884
hispa\102858.jpg,hispa,10203,7466,0.9894
hispa\102866.jpg,hispa,10203,7466,0.9948
hispa\102868.jpg,hispa,6399,2,0.9531
hispa\102869.jpg,hispa,7519,4,0.987
hispa\102889.jpg,hispa,10203,7466,0.9761
hispa\102898.jpg,hispa,10203,7466,0.987
hispa\102899.jpg,hispa,10203,7466,0.995
hispa\102900.jpg,hispa,10203,7466,0.9782
hispa\102903.jpg,hispa,10203,7466,0.9802
hispa\102915.jpg,hispa,10203,7466,0.9922
hispa\102918.jpg,hispa,10203,7466,0.9859
hispa\102929.jpg,hispa,10203,7466,0.9946
hispa\102931.jpg,hispa,6399,2,0.9531
hispa\102952.jpg,hispa,10203,7466,0.9902
hispa\102965.jpg,hispa,10203,7466,0.9891
hispa\102966.jpg,hispa,10203,7466,0.9882
hispa\102968.jpg,hispa,10203,7466,0.9848
hispa\102970.jpg,hispa,10203,7466,0.9813
hispa\102978.jpg,hispa,10203,7466,0.9912
hispa\102979.jpg,hispa,10203,7466,0.9792
hispa\102983.jpg,hispa,10203,7466,0.9735
hispa\102998.jpg,hispa,7318,22,0.9818
hispa\103000.jpg,hispa,7374,10,0.9881
hispa\103005.jpg,hispa,7318,22,0.9855
hispa\103017.jpg,hispa,10203,7466,0.9892
hispa\103022.jpg,hispa,10203,7466,0.9548
hispa\103035.jpg,hispa,10203,7466,0.9914
hispa\103044.jpg,hispa,10203,7466,0.9585
hispa\103046.jpg,hispa,7469,8,0.9718
hispa\103049.jpg,hispa,10203,7466,0.9859
hispa\103064.jpg,hispa,10203,7466,0.9913
hispa\103074.jpg,hispa,7322,2,0.9545
hispa\103076.jpg,hispa,10203,7466,0.9897
hispa\103087.jpg,hispa,10203,7466,0.9844
hispa\103088.jpg,hispa,10203,7466,0.956
hispa\103105.jpg,hispa,7040,2,0.9414
hispa\103111.jpg,hispa,10203,7466,0.9845
hispa\103115.jpg,hispa,10203,7466,0.9829
hispa\103117.jpg,hispa,6697,10,0.9784
hispa\103136.jpg,hispa,7223,10,0.9754
hispa\103139.jpg,hispa,10203,7466,0.9871
hispa\103143.jpg,hispa,7170,7,0.9777
hispa\103153.jpg,hispa,10203,7466,0.9933
hispa\103164.jpg,hispa,10203,7466,0.9901
hispa\103176.jpg,hispa,10203,7466,0.9943
hispa\103185.jpg,hispa,10203,7466,0.9914
hispa\103190.jpg,hispa,6697,10,0.9862
hispa\103203.jpg,hispa,10203,7466,0.9848
hispa\103206.jpg,hispa,7415,6,0.9666
hispa\103210.jpg,hispa,10203,7466,0.9775
hispa\103214.jpg,hispa,10203,7466,0.9631
hispa\103216.jpg,hispa,7382,72,0.9694
hispa\103222.jpg,hispa,10203,7466,0.9591
hispa\103226.jpg,hispa,10203,7466,0.9668
hispa\103232.jpg,hispa,6697,10,0.9891
hispa\103234.jpg,hispa,10203,7466,0.9626
hispa\103236.jpg,hispa,10203,7466,0.9746
hispa\103241.jpg,hispa,10203,7466,0.9906
hispa\103242.jpg,hispa,10203,7466,0.9827
hispa\103243.jpg,hispa,10203,7466,0.9875
hispa\103248.jpg,hispa,7223,10,0.9842
hispa\103258.jpg,hispa,10203,7466,0.9855
hispa\103274.jpg,hispa,10203,7466,0.9854
hispa\103277.jpg,hispa,10203,7466,0.9882
hispa\103278.jpg,hispa,10203,7466,0.9944
hispa\103280.jpg,hispa,6452,5,0.9611
hispa\103290.jpg,hispa,6723,5,0.9732
hispa\103297.jpg,hispa,10203,7466,0.997
hispa\103316.jpg,hispa,10203,7466,0.9884
hispa\103324.jpg,hispa,10203,7466,0.9832
hispa\103333.jpg,hispa,10203,7466,0.9932
hispa\103335.jpg,hispa,10203,7466,0.9852
hispa\103345.jpg,hispa,10203,7466,0.9613
hispa\103348.jpg,hispa,10203,7466,0.9934
hispa\103352.jpg,hispa,10203,7466,0.9804
hispa\103358.jpg,hispa,10203,7466,0.9881
hispa\103366.jpg,hispa,10203,7466,0.977
hispa\103371.jpg,hispa,10203,7466,0.9652
hispa\103382.jpg,hispa,10203,7466,0.9915
hispa\103383.jpg,hispa,10203,7466,0.9891
hispa\103385.jpg,hispa,10203,7466,0.9887
hispa\103386.jpg,hispa,10203,7466,0.9832
hispa\103394.jpg,hispa,10203,7466,0.9821
hispa\103395.jpg,hispa,10203,7466,0.9875
hispa\103411.jpg,hispa,10203,7466,0.9846
hispa\103414.jpg,hispa,10203,7466,0.9798
hispa\103436.jpg,hispa,10203,7466,0.9956
hispa\103443.jpg,hispa,7058,2,0.9679
hispa\103450.jpg,hispa,10203,7466,0.9875
hispa\103457.jpg,hispa,10203,7466,0.9846
hispa\103461.jpg,hispa,10203,7466,0.9875
hispa\103464.jpg,hispa,10203,7466,0.9771
hispa\103480.jpg,hispa,10203,7466,0.9875
hispa\103484.jpg,hispa,10203,7466,0.9858
hispa\103485.jpg,hispa,10203,7466,0.9938
hispa\103486.jpg,hispa,10203,7466,0.9847
hispa\103496.jpg,hispa,10203,7466,0.9952
hispa\103499.jpg,hispa,10203,7466,0.9756
hispa\103527.jpg,hispa,10203,7466,0.9822
hispa\103530.jpg,hispa,10203,7466,0.9911
hispa\103536.jpg,hispa,10203,7466,0.9691
hispa\103551.jpg,hispa,10203,7466,0.9943
hispa\103566.jpg,hispa,10203,7466,0.9876
hispa\103587.jpg,hispa,10203,7466,0.9831
hispa\103598.jpg,hispa,10203,7466,0.9935
hispa\103599.jpg,hispa,10203,7466,0.9851
hispa\103605.jpg,hispa,10203,7466,0.9869
hispa\103623.jpg,hispa,10203,7466,0.9917
hispa\103627.jpg,hispa,10203,7466,0.9909
hispa\103631.jpg,hispa,6922,10,0.9862
hispa\103636.jpg,hispa,10203,7466,0.9751
hispa\103638.jpg,hispa,10203,7466,0.984
hispa\103641.jpg,hispa,10203,7466,0.9929
hispa\103642.jpg,hispa,7416,9,0.9777
hispa\103648.jpg,hispa,10203,7466,0.9863
hispa\103650.jpg,hispa,10203,7466,0.995
hispa\103651.jpg,hispa,10203,7466,0.9913
hispa\103656.jpg,hispa,10203,7466,0.9632
hispa\103658.jpg,hispa,10203,7466,0.9946
hispa\103663.jpg,hispa,10203,7466,0.9622
hispa\103667.jpg,hispa,7374,10,0.9861
hispa\103668.jpg,hispa,10203,7466,0.9835
hispa\103677.jpg,hispa,6509,1,0.9397
hispa\103678.jpg,hispa,10203,7466,0.9956
hispa\103685.jpg,hispa,10203,7466,0.962
hispa\103693.jpg,hispa,7382,72,0.9523
hispa\103695.jpg,hispa,10203,7466,0.983
hispa\103706.jpg,hispa,10203,7466,0.9851
hispa\103710.jpg,hispa,10203,7466,0.9927
hispa\103711.jpg,hispa,10203,7466,0.9675
hispa\103718.jpg,hispa,7374,10,0.9859
hispa\103724.jpg,hispa,10203,7466,0.9911
hispa\103747.jpg,hispa,10203,7466,0.9739
hispa\103752.jpg,hispa,10203,7466,0.9778
hispa\103765.jpg,hispa,6858,7,0.9866
hispa\103767.jpg,hispa,10203,7466,0.983
hispa\103769.jpg,hispa,10203,7466,0.9758
hispa\103776.jpg,hispa,10203,7466,0.9848
hispa\103782.jpg,hispa,6697,10,0.9866
hispa\103786.jpg,hispa,7520,3,0.9704
hispa\103792.jpg,hispa,10203,7466,0.9692
hispa\103794.jpg,hispa,7382,72,0.9803
hispa\103800.jpg,hispa,10203,7466,0.987
hispa\103807.jpg,hispa,6530,1,0.9441
hispa\103813.jpg,hispa,10203,7466,0.9951
hispa\103816.jpg,hispa,10203,7466,0.9752
hispa\103823.jpg,hispa,10203,7466,0.9864
hispa\103825.jpg,hispa,10203,7466,0.9776
hispa\103826.jpg,hispa,7382,72,0.9665
hispa\103827.jpg,hispa,7382,72,0.9631
hispa\103829.jpg,hispa,10203,7466,0.9848
hispa\103831.jpg,hispa,10203,7466,0.9802
hispa\103857.jpg,hispa,7170,7,0.9798
hispa\103861.jpg,hispa,7382,72,0.9709
hispa\103875.jpg,hispa,10203,7466,0.9964
hispa\103878.jpg,hispa,10203,7466,0.9849
hispa\103889.jpg,hispa,10203,7466,0.9684
hispa\103908.jpg,hispa,10203,7466,0.9794
hispa\103911.jpg,hispa,10203,7466,0.9833
hispa\103912.jpg,hispa,6697,10,0.9837
hispa\103917.jpg,hispa,10203,7466,0.9654
hispa\103919.jpg,hispa,10203,7466,0.9888
hispa\103939.jpg,hispa,10203,7466,0.994
hispa\103944.jpg,hispa,10203,7466,0.9727
hispa\103951.jpg,hispa,10203,7466,0.9818
hispa\103954.jpg,hispa,10203,7466,0.9886
hispa\103962.jpg,hispa,7382,72,0.9885
hispa\103966.jpg,hispa,10203,7466,0.9693
hispa\103967.jpg,hispa,10203,7466,0.9878
hispa\103974.jpg,hispa,10203,7466,0.9875
hispa\103976.jpg,hispa,10203,7466,0.9808
hispa\103977.jpg,hispa,10203,7466,0.9778
hispa\103980.jpg,hispa,10203,7466,0.9769
hispa\104030.jpg,hispa,10203,7466,0.9767
hispa\104034.jpg,hispa,7504,9,0.9718
hispa\104037.jpg,hispa,7531,4,0.9842
hispa\104045.jpg,hispa,10203,7466,0.9898
hispa\104050.jpg,hispa,10203,7466,0.9911
hispa\104064.jpg,hispa,10203,7466,0.9825
hispa\104073.jpg,hispa,10203,7466,0.9766
hispa\104081.jpg,hispa,10203,7466,0.9945
hispa\104090.jpg,hispa,10203,7466,0.9888
hispa\104099.jpg,hispa,10203,7466,0.9874
hispa\104101.jpg,hispa,10203,7466,0.9692
hispa\104109.jpg,hispa,10203,7466,0.9557
hispa\104114.jpg,hispa,10203,7466,0.9913
hispa\104117.jpg,hispa,10203,7466,0.9849
hispa\104119.jpg,hispa,10203,7466,0.9888
hispa\104123.jpg,hispa,7433,10,0.9763
hispa\104125.jpg,hispa,6576,1,0.9418
hispa\104132.jpg,hispa,10203,7466,0.9834
hispa\104138.jpg,hispa,10203,7466,0.9655
hispa\104143.jpg,hispa,10203,7466,1.0
hispa\104153.jpg,hispa,10203,7466,0.9938
hispa\104168.jpg,hispa,6581,22,0.9702
hispa\104171.jpg,hispa,10203,7466,0.968
hispa\104172.jpg,hispa,10203,7466,0.9838
hispa\104177.jpg,hispa,10203,7466,0.9613
hispa\104182.jpg,hispa,10203,7466,0.9929
hispa\104185.jpg,hispa,10203,7466,0.9683
hispa\104187.jpg,hispa,6587,1,0.9477
hispa\104199.jpg,hispa,10203,7466,0.9735
hispa\104214.jpg,hispa,10203,7466,0.9833
hispa\104221.jpg,hispa,6590,1,0.9414
hispa\104222.jpg,hispa,10203,7466,0.988
hispa\104231.jpg,hispa,10203,7466,0.9825
hispa\104242.jpg,hispa,10203,7466,0.9863
hispa\104248.jpg,hispa,10203,7466,0.9956
hispa\104267.jpg,hispa,10203,7466,0.9884
hispa\104268.jpg,hispa,10203,7466,0.9872
hispa\104280.jpg,hispa,10203,7466,0.9893
hispa\104288.jpg,hispa,7481,2,0.9516
hispa\104293.jpg,hispa,7416,9,0.9818
hispa\104301.jpg,hispa,7382,72,0.9766
hispa\104302.jpg,hispa,10203,7466,0.9854
hispa\104304.jpg,hispa,10203,7466,0.9863
hispa\104306.jpg,hispa,10203,7466,0.9822
hispa\104318.jpg,hispa,7382,72,0.9682
hispa\104329.jpg,hispa,10203,7466,0.9839
hispa\104331.jpg,hispa,7382,72,0.9885
hispa\104332.jpg,hispa,10203,7466,0.992
hispa\104335.jpg,hispa,10203,7466,0.9865
hispa\104340.jpg,hispa,10203,7466,0.9903
hispa\104341.jpg,hispa,10203,7466,0.994
hispa\104343.jpg,hispa,10203,7466,0.9773
hispa\104348.jpg,hispa,10203,7466,0.9839
hispa\104349.jpg,hispa,10203,7466,0.9928
hispa\104366.jpg,hispa,10203,7466,0.9919
hispa\104371.jpg,hispa,6858,7,0.9644
hispa\104375.jpg,hispa,6616,1,0.929
hispa\104377.jpg,hispa,7469,8,0.9604
hispa\104380.jpg,hispa,10203,7466,0.9822
hispa\104403.jpg,hispa,10203,7466,0.9818
hispa\104407.jpg,hispa,7217,2,0.927
hispa\104416.jpg,hispa,10203,7466,0.9954
hispa\104421.jpg,hispa,10203,7466,0.9766
hispa\104423.jpg,hispa,10203,7466,0.9772
hispa\104431.jpg,hispa,10203,7466,0.9828
hispa\104435.jpg,hispa,6625,10,0.987
hispa\104440.jpg,hispa,10203,7466,0.9871
hispa\104441.jpg,hispa,10203,7466,0.9898
hispa\104446.jpg,hispa,10203,7466,0.9665
hispa\104454.jpg,hispa,10203,7466,0.9891
hispa\104463.jpg,hispa,7415,6,0.952
hispa\104469.jpg,hispa,10203,7466,0.982
hispa\104474.jpg,hispa,7382,72,0.9871
hispa\104489.jpg,hispa,7382,72,0.9648
hispa\104496.jpg,hispa,6823,51,0.9769
hispa\104500.jpg,hispa,10203,7466,0.9871
hispa\104501.jpg,hispa,7504,9,0.9778
hispa\104504.jpg,hispa,10203,7466,0.9894
hispa\104512.jpg,hispa,10203,7466,0.9656
hispa\104524.jpg,hispa,10203,7466,0.9833
hispa\104525.jpg,hispa,10203,7466,0.9859
hispa\104537.jpg,hispa,10203,7466,0.9895
hispa\104538.jpg,hispa,10203,7466,0.9953
hispa\104545.jpg,hispa,10203,7466,0.9843
hispa\104550.jpg,hispa,7355,4,0.9521
hispa\104553.jpg,hispa,6697,10,0.978
hispa\104557.jpg,hispa,6823,51,0.9838
hispa\104581.jpg,hispa,10203,7466,0.9954
hispa\104584.jpg,hispa,10203,7466,0.9822
hispa\104588.jpg,hispa,6808,2,0.9582
hispa\104591.jpg,hispa,7461,4,0.975
hispa\104592.jpg,hispa,10203,7466,0.995
hispa\104593.jpg,hispa,10203,7466,0.9655
hispa\104594.jpg,hispa,10203,7466,0.9843
hispa\104599.jpg,hispa,10203,7466,0.9879
hispa\104612.jpg,hispa,10203,7466,0.9828
hispa\104614.jpg,hispa,7359,2,0.9812
hispa\104619.jpg,hispa,10203,7466,0.9804
hispa\104633.jpg,hispa,7504,9,0.9652
hispa\104638.jpg,hispa,10203,7466,0.9899
hispa\104654.jpg,hispa,10203,7466,0.9952
hispa\104662.jpg,hispa,10203,7466,0.9884
hispa\104665.jpg,hispa,10203,7466,0.963
hispa\104679.jpg,hispa,7433,10,0.9719
hispa\104681.jpg,hispa,7374,10,0.9816
hispa\104682.jpg,hispa,10203,7466,0.9855
hispa\104692.jpg,hispa,7339,3,0.9506
hispa\104693.jpg,hispa,10203,7466,0.9826
hispa\104699.jpg,hispa,10203,7466,0.9637
hispa\104705.jpg,hispa,7050,2,0.9536
hispa\104712.jpg,hispa,10203,7466,0.9912
hispa\104713.jpg,hispa,7223,10,0.9813
hispa\104715.jpg,hispa,10203,7466,0.9685
hispa\104719.jpg,hispa,10203,7466,0.9785
hispa\104723.jpg,hispa,7469,8,0.9693
hispa\104729.jpg,hispa,6750,3,0.9758
hispa\104735.jpg,hispa,10203,7466,0.9793
hispa\104736.jpg,hispa,10203,7466,0.9803
hispa\104748.jpg,hispa,6678,1,0.9483
hispa\104768.jpg,hispa,6697,10,0.9886
hispa\104779.jpg,hispa,10203,7466,0.9798
hispa\104780.jpg,hispa,7382,72,0.9759
hispa\104793.jpg,hispa,10203,7466,0.9934
hispa\104795.jpg,hispa,10203,7466,0.981
hispa\104807.jpg,hispa,7318,22,0.9708
hispa\104811.jpg,hispa,10203,7466,0.9858
hispa\104822.jpg,hispa,10203,7466,0.9935
hispa\104823.jpg,hispa,10203,7466,0.9912
hispa\104826.jpg,hispa,10203,7466,0.9884
hispa\104833.jpg,hispa,10203,7466,0.9868
hispa\104834.jpg,hispa,10203,7466,0.9929
hispa\104838.jpg,hispa,10203,7466,0.9884
hispa\104841.jpg,hispa,6697,10,0.9784
hispa\104849.jpg,hispa,7502,3,0.9869
hispa\104855.jpg,hispa,10203,7466,0.9527
hispa\104859.jpg,hispa,10203,7466,0.9671
hispa\104877.jpg,hispa,10203,7466,0.9937
hispa\104880.jpg,hispa,6697,10,0.9891
hispa\104891.jpg,hispa,10203,7466,0.9587
hispa\104894.jpg,hispa,10203,7466,0.9583
hispa\104907.jpg,hispa,10203,7466,0.9921
hispa\104909.jpg,hispa,10203,7466,0.972
hispa\104910.jpg,hispa,6894,3,0.9596
hispa\104915.jpg,hispa,10203,7466,0.9879
hispa\104918.jpg,hispa,10203,7466,0.9943
hispa\104925.jpg,hispa,10203,7466,0.9842
hispa\104935.jpg,hispa,10203,7466,0.9847
hispa\104940.jpg,hispa,10203,7466,0.9848
hispa\104944.jpg,hispa,7382,72,0.9723
hispa\104945.jpg,hispa,6709,1,0.9491
hispa\104946.jpg,hispa,7382,72,0.9803
hispa\104947.jpg,hispa,10203,7466,0.9862
hispa\104955.jpg,hispa,7318,22,0.9797
hispa\104959.jpg,hispa,10203,7466,0.9899
hispa\104960.jpg,hispa,10203,7466,0.9637
hispa\104967.jpg,hispa,10203,7466,0.9851
hispa\104969.jpg,hispa,6716,1,0.9484
hispa\104973.jpg,hispa,10203,7466,0.9813
hispa\104976.jpg,hispa,10203,7466,0.9893
hispa\104979.jpg,hispa,6581,22,0.9752
hispa\104981.jpg,hispa,10203,7466,0.9882
hispa\104985.jpg,hispa,10203,7466,0.9851
hispa\104986.jpg,hispa,10203,7466,0.9879
hispa\104996.jpg,hispa,6723,5,0.9732
hispa\105001.jpg,hispa,10203,7466,0.978
hispa\105012.jpg,hispa,10203,7466,0.9909
hispa\105018.jpg,hispa,10203,7466,0.9866
hispa\105020.jpg,hispa,10203,7466,0.9914
hispa\105030.jpg,hispa,10203,7466,0.9843
hispa\105035.jpg,hispa,10203,7466,0.9779
hispa\105039.jpg,hispa,10203,7466,0.9655
hispa\105043.jpg,hispa,10203,7466,0.9907
hispa\105053.jpg,hispa,10203,7466,0.9903
hispa\105056.jpg,hispa,7216,3,0.9558
hispa\105060.jpg,hispa,10203,7466,0.9772
hispa\105063.jpg,hispa,10203,7466,0.992
hispa\105073.jpg,hispa,10203,7466,0.9817
hispa\105087.jpg,hispa,10203,7466,0.9893
hispa\105095.jpg,hispa,10203,7466,0.9843
hispa\105096.jpg,hispa,10203,7466,0.9812
hispa\105097.jpg,hispa,7433,10,0.9794
hispa\105102.jpg,hispa,7504,9,0.9513
hispa\105105.jpg,hispa,10203,7466,0.9943
hispa\105108.jpg,hispa,10203,7466,0.9726
hispa\105116.jpg,hispa,10203,7466,0.98
hispa\105137.jpg,hispa,10203,7466,0.9855
hispa\105146.jpg,hispa,10203,7466,0.9898
hispa\105153.jpg,hispa,10203,7466,0.9733
hispa\105156.jpg,hispa,10203,7466,0.9915
hispa\105166.jpg,hispa,7318,22,0.9878
hispa\105178.jpg,hispa,6750,3,0.9719
hispa\105184.jpg,hispa,7382,72,0.9697
hispa\105190.jpg,hispa,10203,7466,0.9769
hispa\105191.jpg,hispa,10203,7466,0.9902
hispa\105216.jpg,hispa,10203,7466,0.9901
hispa\105222.jpg,hispa,10203,7466,0.988
hispa\105225.jpg,hispa,10203,7466,0.995
hispa\105252.jpg,hispa,10203,7466,0.9928
hispa\105254.jpg,hispa,10203,7466,0.9651
hispa\105278.jpg,hispa,10203,7466,0.9642
hispa\105286.jpg,hispa,7382,72,0.9639
hispa\105295.jpg,hispa,10203,7466,0.9773
hispa\105303.jpg,hispa,10203,7466,0.9882
hispa\105305.jpg,hispa,10203,7466,0.9714
hispa\105310.jpg,hispa,10203,7466,0.9829
hispa\105312.jpg,hispa,10203,7466,0.977
hispa\105334.jpg,hispa,10203,7466,0.9834
hispa\105336.jpg,hispa,7382,72,0.9567
hispa\105339.jpg,hispa,10203,7466,0.99
hispa\105346.jpg,hispa,7382,72,0.9766
hispa\105356.jpg,hispa,7402,6,0.958
hispa\105362.jpg,hispa,10203,7466,0.988
hispa\105365.jpg,hispa,6625,10,0.9508
hispa\105367.jpg,hispa,6823,51,0.9838
hispa\105369.jpg,hispa,10203,7466,0.9668
hispa\105373.jpg,hispa,10203,7466,0.9789
hispa\105376.jpg,hispa,10203,7466,0.9888
hispa\105379.jpg,hispa,10203,7466,0.9907
hispa\105382.jpg,hispa,10203,7466,0.9819
hispa\105384.jpg,hispa,10203,7466,0.9828
hispa\105388.jpg,hispa,10203,7466,0.995
hispa\105390.jpg,hispa,7507,12,0.9704
hispa\105392.jpg,hispa,10203,7466,0.9756
hispa\105393.jpg,hispa,7531,4,0.9907
hispa\105398.jpg,hispa,10203,7466,0.97
hispa\105401.jpg,hispa,7170,7,0.9749
hispa\105407.jpg,hispa,10203,7466,0.9936
hispa\105408.jpg,hispa,10203,7466,0.9893
hispa\105409.jpg,hispa,10203,7466,0.978
hispa\105413.jpg,hispa,10203,7466,0.9696
hispa\105414.jpg,hispa,6894,3,0.9596
hispa\105420.jpg,hispa,7382,72,0.9672
hispa\105436.jpg,hispa,7382,72,0.9723
hispa\105438.jpg,hispa,10203,7466,0.977
hispa\105447.jpg,hispa,10203,7466,0.9696
hispa\105455.jpg,hispa,10203,7466,0.9894
hispa\105465.jpg,hispa,7507,12,0.9596
hispa\105473.jpg,hispa,10203,7466,0.9863
hispa\105494.jpg,hispa,10203,7466,0.9805
hispa\105505.jpg,hispa,10203,7466,0.9873
hispa\105512.jpg,hispa,10203,7466,0.9948
hispa\105529.jpg,hispa,10203,7466,0.9912
hispa\105535.jpg,hispa,10203,7466,0.9883
hispa\105546.jpg,hispa,10203,7466,0.9904
hispa\105558.jpg,hispa,7531,4,0.9907
hispa\105567.jpg,hispa,7382,72,0.9703
hispa\105571.jpg,hispa,7299,3,0.9869
hispa\105577.jpg,hispa,10203,7466,0.9876
hispa\105595.jpg,hispa,6808,2,0.9582
hispa\105600.jpg,hispa,10203,7466,0.9802
hispa\105601.jpg,hispa,10203,7466,0.9757
hispa\105602.jpg,hispa,10203,7466,0.977
hispa\105605.jpg,hispa,10203,7466,0.9896
hispa\105607.jpg,hispa,10203,7466,0.9907
hispa\105610.jpg,hispa,7416,9,0.9721
hispa\105618.jpg,hispa,10203,7466,0.9859
hispa\105621.jpg,hispa,10203,7466,1.0
hispa\105622.jpg,hispa,10203,7466,0.9844
hispa\105624.jpg,hispa,7173,4,0.9861
hispa\105634.jpg,hispa,10203,7466,0.9863
hispa\105664.jpg,hispa,10203,7466,0.9908
hispa\105672.jpg,hispa,10203,7466,0.9664
hispa\105674.jpg,hispa,10203,7466,0.9985
hispa\105683.jpg,hispa,6823,51,0.9657
hispa\105689.jpg,hispa,10203,7466,0.9582
hispa\105691.jpg,hispa,7318,22,0.9878
hispa\105704.jpg,hispa,10203,7466,0.9844
hispa\105708.jpg,hispa,10203,7466,0.9633
hispa\105710.jpg,hispa,10203,7466,0.9907
hispa\105711.jpg,hispa,7318,22,0.9855
hispa\105712.jpg,hispa,6581,22,0.9764
hispa\105714.jpg,hispa,10203,7466,0.9923
hispa\105722.jpg,hispa,10203,7466,0.996
hispa\105723.jpg,hispa,10203,7466,0.9876
hispa\105728.jpg,hispa,7382,72,0.9655
hispa\105729.jpg,hispa,10203,7466,0.9771
hispa\105730.jpg,hispa,7318,22,0.9741
hispa\105737.jpg,hispa,10203,7466,0.9712
hispa\105741.jpg,hispa,7382,72,0.9836
hispa\105742.jpg,hispa,10203,7466,0.9904
hispa\105744.jpg,hispa,10203,7466,0.992
hispa\105750.jpg,hispa,10203,7466,0.9763
hispa\105761.jpg,hispa,10203,7466,0.987
hispa\105779.jpg,hispa,7300,13,0.9891
hispa\105783.jpg,hispa,10203,7466,0.9835
hispa\105790.jpg,hispa,10203,7466,0.9673
hispa\105791.jpg,hispa,10203,7466,0.9916
hispa\105792.jpg,hispa,10203,7466,0.9826
hispa\105802.jpg,hispa,10203,7466,0.985
hispa\105835.jpg,hispa,10203,7466,0.9808
hispa\105837.jpg,hispa,10203,7466,0.9843
hispa\105838.jpg,hispa,10203,7466,0.988
hispa\105839.jpg,hispa,10203,7466,0.9952
hispa\105855.jpg,hispa,10203,7466,0.9766
hispa\105865.jpg,hispa,10203,7466,0.992
hispa\105877.jpg,hispa,10203,7466,0.9798
hispa\105893.jpg,hispa,10203,7466,0.9756
hispa\105906.jpg,hispa,10203,7466,0.9727
hispa\105911.jpg,hispa,6858,7,0.9593
hispa\105922.jpg,hispa,10203,7466,0.991
hispa\105923.jpg,hispa,7318,22,0.9818
hispa\105924.jpg,hispa,10203,7466,0.9556
hispa\105929.jpg,hispa,10203,7466,0.9923
hispa\105943.jpg,hispa,10203,7466,0.9923
hispa\105950.jpg,hispa,10203,7466,0.9798
hispa\105959.jpg,hispa,10203,7466,0.9803
hispa\105984.jpg,hispa,10203,7466,0.9838
hispa\105986.jpg,hispa,10203,7466,0.9817
hispa\105991.jpg,hispa,10203,7466,0.9771
hispa\105994.jpg,hispa,10203,7466,0.9691
hispa\105999.jpg,hispa,10203,7466,0.9791
hispa\106004.jpg,hispa,6871,1,0.9391
hispa\106013.jpg,hispa,6625,10,0.9897
hispa\106017.jpg,hispa,10203,7466,0.9867
hispa\106029.jpg,hispa,10203,7466,0.9667
hispa\106036.jpg,hispa,10203,7466,0.9956
hispa\106058.jpg,hispa,7382,72,0.9639
hispa\106063.jpg,hispa,10203,7466,0.9869
hispa\106068.jpg,hispa,10203,7466,0.9759
hispa\106077.jpg,hispa,10203,7466,0.9954
hispa\106085.jpg,hispa,10203,7466,0.9913
hispa\106087.jpg,hispa,10203,7466,0.9902
hispa\106103.jpg,hispa,10203,7466,0.9869
hispa\106108.jpg,hispa,10203,7466,0.9887
hispa\106109.jpg,hispa,7318,22,0.9424
hispa\106112.jpg,hispa,10203,7466,0.9828
hispa\106118.jpg,hispa,10203,7466,0.984
hispa\106128.jpg,hispa,10203,7466,0.9766
hispa\106135.jpg,hispa,10203,7466,0.983
hispa\106140.jpg,hispa,10203,7466,0.9878
hispa\106162.jpg,hispa,7223,10,0.9838
hispa\106165.jpg,hispa,10203,7466,0.9746
hispa\106166.jpg,hispa,10203,7466,0.9906
hispa\106171.jpg,hispa,7382,72,0.9832
hispa\106183.jpg,hispa,6894,3,0.9575
hispa\106189.jpg,hispa,6823,51,0.9767
hispa\106195.jpg,hispa,10203,7466,0.9537
hispa\106210.jpg,hispa,10203,7466,0.9837
hispa\106218.jpg,hispa,6922,10,0.9665
hispa\106229.jpg,hispa,6823,51,0.9802
hispa\106234.jpg,hispa,10203,7466,0.979
hispa\106239.jpg,hispa,10203,7466,0.9842
hispa\106252.jpg,hispa,10203,7466,0.9853
hispa\106253.jpg,hispa,10203,7466,0.977
hispa\106262.jpg,hispa,10203,7466,0.9866
hispa\106264.jpg,hispa,10203,7466,0.9909
hispa\106270.jpg,hispa,10203,7466,0.9659
hispa\106275.jpg,hispa,10203,7466,0.9573
hispa\106304.jpg,hispa,7016,4,0.9749
hispa\106307.jpg,hispa,10203,7466,0.9631
hispa\106309.jpg,hispa,10203,7466,1.0
hispa\106316.jpg,hispa,7504,9,0.9529
hispa\106317.jpg,hispa,10203,7466,0.9723
hispa\106319.jpg,hispa,10203,7466,0.9819
hispa\106323.jpg,hispa,7507,12,0.9756
hispa\106329.jpg,hispa,10203,7466,0.9914
hispa\106347.jpg,hispa,10203,7466,0.9837
hispa\106348.jpg,hispa,10203,7466,0.9794
hispa\106351.jpg,hispa,10203,7466,0.9864
hispa\106352.jpg,hispa,10203,7466,0.9865
hispa\106356.jpg,hispa,10203,7466,0.9914
hispa\106358.jpg,hispa,10203,7466,0.9852
hispa\106364.jpg,hispa,6922,10,0.9835
hispa\106370.jpg,hispa,10203,7466,0.9783
hispa\106373.jpg,hispa,10203,7466,0.9644
hispa\106380.jpg,hispa,7382,72,0.9759
hispa\106381.jpg,hispa,7416,9,0.9662
hispa\106382.jpg,hispa,10203,7466,0.9876
hispa\106394.jpg,hispa,10203,7466,0.9797
hispa\106408.jpg,hispa,10203,7466,0.9817
hispa\106412.jpg,hispa,10203,7466,0.9879
hispa\106414.jpg,hispa,7121,2,0.9559
hispa\106420.jpg,hispa,7382,72,0.9521
hispa\106427.jpg,hispa,7300,13,0.9773
hispa\106428.jpg,hispa,10203,7466,0.9892
hispa\106429.jpg,hispa,6935,1,0.9469
hispa\106436.jpg,hispa,10203,7466,0.9732
hispa\106440.jpg,hispa,6823,51,0.9809
hispa\106442.jpg,hispa,7382,72,0.9674
hispa\106446.jpg,hispa,6581,22,0.9608
hispa\106450.jpg,hispa,10203,7466,0.9798
hispa\106452.jpg,hispa,10203,7466,0.9849
hispa\106460.jpg,hispa,10203,7466,0.9844
hispa\106471.jpg,hispa,6581,22,0.9685
hispa\106485.jpg,hispa,10203,7466,0.9882
hispa\106487.jpg,hispa,10203,7466,0.9738
hispa\106491.jpg,hispa,10203,7466,0.9664
hispa\106499.jpg,hispa,10203,7466,0.9891
hispa\106501.jpg,hispa,10203,7466,0.979
hispa\106506.jpg,hispa,10203,7466,0.9835
hispa\106507.jpg,hispa,7170,7,0.9834
hispa\106509.jpg,hispa,10203,7466,0.976
hispa\106518.jpg,hispa,10203,7466,0.9791
hispa\106526.jpg,hispa,10203,7466,0.9727
hispa\106530.jpg,hispa,10203,7466,0.9824
hispa\106534.jpg,hispa,10203,7466,0.9812
hispa\106535.jpg,hispa,10203,7466,0.9774
hispa\106544.jpg,hispa,10203,7466,0.9906
hispa\106546.jpg,hispa,10203,7466,0.9957
hispa\106554.jpg,hispa,7461,4,0.975
hispa\106556.jpg,hispa,10203,7466,0.9933
hispa\106561.jpg,hispa,10203,7466,0.9636
hispa\106580.jpg,hispa,10203,7466,0.9845
hispa\106583.jpg,hispa,10203,7466,0.991
hispa\106584.jpg,hispa,10203,7466,0.9695
hispa\106585.jpg,hispa,10203,7466,0.9903
hispa\106587.jpg,hispa,10203,7466,0.9863
hispa\106590.jpg,hispa,6967,1,0.9222
hispa\106600.jpg,hispa,7318,22,0.9741
hispa\106601.jpg,hispa,10203,7466,0.9636
hispa\106610.jpg,hispa,10203,7466,0.9605
hispa\106630.jpg,hispa,6971,1,0.9443
hispa\106634.jpg,hispa,10203,7466,0.9899
hispa\106651.jpg,hispa,10203,7466,0.9892
hispa\106654.jpg,hispa,7136,3,0.9742
hispa\106656.jpg,hispa,7136,3,0.9742
hispa\106665.jpg,hispa,10203,7466,0.9636
hispa\106667.jpg,hispa,10203,7466,0.9898
hispa\106673.jpg,hispa,10203,7466,0.9741
hispa\106675.jpg,hispa,7520,3,0.9852
hispa\106677.jpg,hispa,10203,7466,0.988
hispa\106678.jpg,hispa,6981,1,0.9466
hispa\106705.jpg,hispa,10203,7466,0.9708
hispa\106710.jpg,hispa,10203,7466,0.9859
hispa\106718.jpg,hispa,10203,7466,0.9757
hispa\106726.jpg,hispa,6625,10,0.9884
hispa\106728.jpg,hispa,10203,7466,0.9765
hispa\106732.jpg,hispa,10203,7466,0.9823
hispa\106739.jpg,hispa,7318,22,0.9797
hispa\106751.jpg,hispa,10203,7466,0.9932
hispa\106763.jpg,hispa,7482,2,0.9568
hispa\106765.jpg,hispa,10203,7466,0.98
hispa\106766.jpg,hispa,10203,7466,0.9787
hispa\106785.jpg,hispa,7507,12,0.973
hispa\106789.jpg,hispa,10203,7466,0.9895
hispa\106791.jpg,hispa,10203,7466,0.9845
hispa\106809.jpg,hispa,7382,72,0.9871
hispa\106813.jpg,hispa,10203,7466,0.994
hispa\106816.jpg,hispa,10203,7466,0.9874
hispa\106817.jpg,hispa,7468,2,0.965
hispa\106819.jpg,hispa,10203,7466,0.9852
hispa\106826.jpg,hispa,7288,2,0.9562
hispa\106828.jpg,hispa,7416,9,0.9845
hispa\106835.jpg,hispa,10203,7466,0.9833
hispa\106841.jpg,hispa,10203,7466,0.987
hispa\106849.jpg,hispa,10203,7466,0.9826
hispa\106858.jpg,hispa,10203,7466,0.9685
hispa\106862.jpg,hispa,10203,7466,0.98
hispa\106866.jpg,hispa,10203,7466,0.9852
hispa\106880.jpg,hispa,10203,7466,0.9873
hispa\106887.jpg,hispa,10203,7466,0.9777
hispa\106896.jpg,hispa,10203,7466,0.9921
hispa\106900.jpg,hispa,10203,7466,0.9791
hispa\106905.jpg,hispa,10203,7466,0.9747
hispa\106906.jpg,hispa,10203,7466,0.9586
hispa\106912.jpg,hispa,7416,9,0.9783
hispa\106920.jpg,hispa,7016,4,0.9777
hispa\106922.jpg,hispa,10203,7466,0.9858
hispa\106923.jpg,hispa,10203,7466,0.9839
hispa\106927.jpg,hispa,6697,10,0.9771
hispa\106939.jpg,hispa,7382,72,0.9836
hispa\106941.jpg,hispa,10203,7466,0.992
hispa\106958.jpg,hispa,10203,7466,0.9878
hispa\106960.jpg,hispa,10203,7466,0.9825
hispa\106961.jpg,hispa,10203,7466,0.9955
hispa\106965.jpg,hispa,10203,7466,0.9829
hispa\106972.jpg,hispa,10203,7466,0.9752
hispa\106982.jpg,hispa,10203,7466,0.9715
hispa\106983.jpg,hispa,10203,7466,0.9842
hispa\106987.jpg,hispa,10203,7466,0.9936
hispa\106992.jpg,hispa,10203,7466,0.9636
hispa\106993.jpg,hispa,10203,7466,0.9917
hispa\107000.jpg,hispa,10203,7466,0.9736
hispa\107004.jpg,hispa,10203,7466,0.9776
hispa\107019.jpg,hispa,10203,7466,0.9691
hispa\107020.jpg,hispa,10203,7466,0.9788
hispa\107027.jpg,hispa,10203,7466,0.957
hispa\107035.jpg,hispa,7469,8,0.9693
hispa\107037.jpg,hispa,7382,72,0.9705
hispa\107046.jpg,hispa,10203,7466,0.9828
hispa\107062.jpg,hispa,7040,2,0.9415
hispa\107065.jpg,hispa,10203,7466,0.9843
hispa\107078.jpg,hispa,10203,7466,1.0
hispa\107085.jpg,hispa,10203,7466,0.9846
hispa\107092.jpg,hispa,7382,72,0.9723
hispa\107096.jpg,hispa,10203,7466,0.9812
hispa\107097.jpg,hispa,10203,7466,0.9948
hispa\107102.jpg,hispa,10203,7466,0.9757
hispa\107103.jpg,hispa,7382,72,0.9741
hispa\107108.jpg,hispa,10203,7466,0.9725
hispa\107130.jpg,hispa,7050,2,0.9536
hispa\107138.jpg,hispa,10203,7466,0.9755
hispa\107143.jpg,hispa,10203,7466,0.9771
hispa\107149.jpg,hispa,10203,7466,0.9878
hispa\107157.jpg,hispa,10203,7466,0.9912
hispa\107164.jpg,hispa,10203,7466,0.9835
hispa\107167.jpg,hispa,10203,7466,0.9707
hispa\107168.jpg,hispa,7057,3,0.9802
hispa\107188.jpg,hispa,7058,2,0.9679
hispa\107193.jpg,hispa,7443,2,0.9602
hispa\107197.jpg,hispa,10203,7466,0.9673
hispa\107201.jpg,hispa,10203,7466,0.987
hispa\107205.jpg,hispa,7402,6,0.976
hispa\107212.jpg,hispa,7374,10,0.9894
hispa\107216.jpg,hispa,10203,7466,0.9906
hispa\107223.jpg,hispa,10203,7466,0.9951
hispa\107228.jpg,hispa,10203,7466,0.9831
hispa\107241.jpg,hispa,10203,7466,0.9831
hispa\107244.jpg,hispa,10203,7466,0.9957
hispa\107260.jpg,hispa,7382,72,0.9705
hispa\107275.jpg,hispa,10203,7466,0.9938
hispa\107279.jpg,hispa,10203,7466,0.9769
hispa\107281.jpg,hispa,10203,7466,0.9722
hispa\107292.jpg,hispa,10203,7466,0.9837
hispa\107294.jpg,hispa,10203,7466,0.9843
hispa\107297.jpg,hispa,10203,7466,0.9828
hispa\107313.jpg,hispa,10203,7466,0.9915
hispa\107314.jpg,hispa,10203,7466,0.9845
hispa\107316.jpg,hispa,10203,7466,0.9922
hispa\107335.jpg,hispa,10203,7466,0.9827
hispa\107340.jpg,hispa,10203,7466,0.9792
hispa\107343.jpg,hispa,10203,7466,0.9876
hispa\107347.jpg,hispa,10203,7466,0.9808
hispa\107352.jpg,hispa,10203,7466,0.9777
hispa\107368.jpg,hispa,10203,7466,0.9872
hispa\107372.jpg,hispa,10203,7466,0.9622
hispa\107375.jpg,hispa,10203,7466,0.9875
hispa\107378.jpg,hispa,10203,7466,0.9669
hispa\107380.jpg,hispa,10203,7466,0.986
hispa\107394.jpg,hispa,10203,7466,0.9812
hispa\107407.jpg,hispa,10203,7466,0.9882
hispa\107414.jpg,hispa,10203,7466,0.9871
hispa\107416.jpg,hispa,10203,7466,0.9724
hispa\107421.jpg,hispa,6823,51,0.9913
hispa\107429.jpg,hispa,10203,7466,0.9765
hispa\107439.jpg,hispa,10203,7466,0.9839
hispa\107443.jpg,hispa,7374,10,0.996
hispa\107461.jpg,hispa,7382,72,0.9636
hispa\107470.jpg,hispa,10203,7466,0.9878
hispa\107478.jpg,hispa,10203,7466,0.979
hispa\107481.jpg,hispa,10203,7466,0.988
hispa\107485.jpg,hispa,6823,51,0.9907
hispa\107495.jpg,hispa,7102,1,0.9363
hispa\107498.jpg,hispa,10203,7466,0.9892
hispa\107510.jpg,hispa,10203,7466,0.9906
hispa\107513.jpg,hispa,10203,7466,0.9953
hispa\107521.jpg,hispa,10203,7466,0.9722
hispa\107538.jpg,hispa,10203,7466,0.9893
hispa\107544.jpg,hispa,7433,10,0.9785
hispa\107546.jpg,hispa,10203,7466,0.9833
hispa\107556.jpg,hispa,10203,7466,0.9656
hispa\107576.jpg,hispa,10203,7466,0.9952
hispa\107578.jpg,hispa,10203,7466,0.99
hispa\107582.jpg,hispa,10203,7466,0.9901
hispa\107587.jpg,hispa,10203,7466,0.9862
hispa\107601.jpg,hispa,10203,7466,0.988
hispa\107618.jpg,hispa,10203,7466,0.9884
hispa\107620.jpg,hispa,10203,7466,0.9784
hispa\107626.jpg,hispa,10203,7466,0.9873
hispa\107632.jpg,hispa,10203,7466,0.9909
hispa\107633.jpg,hispa,10203,7466,0.9821
hispa\107637.jpg,hispa,7121,2,0.9559
hispa\107651.jpg,hispa,10203,7466,0.9782
hispa\107658.jpg,hispa,10203,7466,0.9916
hispa\107671.jpg,hispa,7223,10,0.9727
hispa\107673.jpg,hispa,10203,7466,0.9643
hispa\107678.jpg,hispa,7126,1,0.8194
hispa\107683.jpg,hispa,10203,7466,0.9816
hispa\107684.jpg,hispa,10203,7466,0.9945
hispa\107693.jpg,hispa,10203,7466,0.9823
hispa\107702.jpg,hispa,10203,7466,0.9745
hispa\107710.jpg,hispa,10203,7466,0.9748
hispa\107716.jpg,hispa,10203,7466,0.9747
hispa\107723.jpg,hispa,10203,7466,0.9798
hispa\107724.jpg,hispa,10203,7466,0.9771
hispa\107730.jpg,hispa,10203,7466,0.986
hispa\107739.jpg,hispa,7136,3,0.9672
hispa\107743.jpg,hispa,10203,7466,0.9646
hispa\107745.jpg,hispa,10203,7466,0.9896
hispa\107753.jpg,hispa,10203,7466,0.9892
hispa\107757.jpg,hispa,10203,7466,0.9907
hispa\107768.jpg,hispa,10203,7466,0.9903
hispa\107772.jpg,hispa,10203,7466,0.9734
hispa\107777.jpg,hispa,10203,7466,0.9937
hispa\107779.jpg,hispa,10203,7466,0.9828
hispa\107791.jpg,hispa,6922,10,0.9862
hispa\107796.jpg,hispa,10203,7466,0.9776
hispa\107806.jpg,hispa,10203,7466,0.9782
hispa\107807.jpg,hispa,10203,7466,0.9659
hispa\107814.jpg,hispa,10203,7466,0.9764
hispa\107822.jpg,hispa,10203,7466,0.9909
hispa\107823.jpg,hispa,10203,7466,0.978
hispa\107831.jpg,hispa,10203,7466,0.9823
hispa\107832.jpg,hispa,7469,8,0.9545
hispa\107834.jpg,hispa,10203,7466,0.9707
hispa\107840.jpg,hispa,10203,7466,0.9869
hispa\107842.jpg,hispa,10203,7466,0.9727
hispa\107845.jpg,hispa,7382,72,0.9661
hispa\107852.jpg,hispa,10203,7466,0.9856
hispa\107853.jpg,hispa,7382,72,0.9628
hispa\107865.jpg,hispa,7382,72,0.9766
hispa\107866.jpg,hispa,10203,7466,0.9875
hispa\107882.jpg,hispa,10203,7466,0.9773
hispa\107887.jpg,hispa,10203,7466,0.9884
hispa\107906.jpg,hispa,7382,72,0.98
hispa\107908.jpg,hispa,10203,7466,0.9898
hispa\107916.jpg,hispa,10203,7466,0.9868
hispa\107917.jpg,hispa,10203,7466,0.9875
hispa\107918.jpg,hispa,10203,7466,0.9597
hispa\107922.jpg,hispa,10203,7466,0.9916
hispa\107927.jpg,hispa,7170,7,0.9721
hispa\107935.jpg,hispa,7171,1,0.9433
hispa\107944.jpg,hispa,10203,7466,0.9967
hispa\107949.jpg,hispa,7173,4,0.9742
hispa\107955.jpg,hispa,10203,7466,0.982
hispa\107959.jpg,hispa,10203,7466,0.9884
hispa\107961.jpg,hispa,10203,7466,0.9842
hispa\107968.jpg,hispa,7382,72,0.9794
hispa\107969.jpg,hispa,10203,7466,0.9884
hispa\107978.jpg,hispa,10203,7466,0.9781
hispa\107983.jpg,hispa,10203,7466,0.9867
hispa\107992.jpg,hispa,10203,7466,0.985
hispa\107994.jpg,hispa,7402,6,0.9652
hispa\107997.jpg,hispa,10203,7466,0.9913
hispa\108000.jpg,hispa,10203,7466,0.9763
hispa\108004.jpg,hispa,10203,7466,0.9825
hispa\108016.jpg,hispa,10203,7466,0.9874
hispa\108026.jpg,hispa,10203,7466,0.983
hispa\108030.jpg,hispa,10203,7466,0.9875
hispa\108032.jpg,hispa,10203,7466,0.9874
hispa\108043.jpg,hispa,10203,7466,0.9667
hispa\108051.jpg,hispa,10203,7466,0.982
hispa\108061.jpg,hispa,10203,7466,0.9848
hispa\108064.jpg,hispa,10203,7466,0.9798
hispa\108085.jpg,hispa,10203,7466,0.986
hispa\108098.jpg,hispa,7195,1,0.9376
hispa\108099.jpg,hispa,10203,7466,0.9922
hispa\108105.jpg,hispa,10203,7466,0.9864
hispa\108109.jpg,hispa,10203,7466,0.963
hispa\108110.jpg,hispa,7173,4,0.9861
hispa\108113.jpg,hispa,10203,7466,0.9946
hispa\108122.jpg,hispa,10203,7466,0.9745
hispa\108124.jpg,hispa,7223,10,0.9838
hispa\108127.jpg,hispa,10203,7466,0.9909
hispa\108142.jpg,hispa,7382,72,0.9743
hispa\108145.jpg,hispa,10203,7466,0.988
hispa\108157.jpg,hispa,10203,7466,0.9867
hispa\108167.jpg,hispa,6452,5,0.9617
hispa\108169.jpg,hispa,10203,7466,0.9778
hispa\108171.jpg,hispa,10203,7466,0.9874
hispa\108177.jpg,hispa,7382,72,0.9696
hispa\108189.jpg,hispa,7211,1,0.9327
hispa\108206.jpg,hispa,10203,7466,0.9735
hispa\108207.jpg,hispa,7213,1,0.8887
hispa\108211.jpg,hispa,7507,12,0.973
hispa\108219.jpg,hispa,10203,7466,0.9784
hispa\108224.jpg,hispa,7216,3,0.9558
hispa\108229.jpg,hispa,7217,2,0.927
hispa\108230.jpg,hispa,6922,10,0.9748
hispa\108236.jpg,hispa,10203,7466,0.9741
hispa\108244.jpg,hispa,10203,7466,0.9704
hispa\108251.jpg,hispa,10203,7466,0.9985
hispa\108260.jpg,hispa,7382,72,0.9724
hispa\108263.jpg,hispa,7223,10,0.9842
hispa\108266.jpg,hispa,10203,7466,0.9776
hispa\108267.jpg,hispa,10203,7466,0.9843
hispa\108272.jpg,hispa,10203,7466,0.9685
hispa\108281.jpg,hispa,10203,7466,0.9721
hispa\108282.jpg,hispa,10203,7466,0.9859
hispa\108288.jpg,hispa,10203,7466,0.993
hispa\108298.jpg,hispa,10203,7466,0.9862
hispa\108305.jpg,hispa,10203,7466,0.9839
hispa\108306.jpg,hispa,10203,7466,0.9892
hispa\108308.jpg,hispa,10203,7466,0.9866
hispa\108309.jpg,hispa,10203,7466,0.9858
hispa\108312.jpg,hispa,10203,7466,0.9849
hispa\108315.jpg,hispa,7402,6,0.9678
hispa\108317.jpg,hispa,10203,7466,0.9788
hispa\108322.jpg,hispa,7504,9,0.9778
hispa\108341.jpg,hispa,10203,7466,0.9636
hispa\108352.jpg,hispa,10203,7466,0.9664
hispa\108374.jpg,hispa,10203,7466,0.9735
hispa\108375.jpg,hispa,7416,9,0.9818
hispa\108383.jpg,hispa,10203,7466,0.9929
hispa\108384.jpg,hispa,10203,7466,0.9922
hispa\108401.jpg,hispa,10203,7466,0.9964
hispa\108410.jpg,hispa,10203,7466,0.9904
hispa\108411.jpg,hispa,10203,7466,0.9707
hispa\108421.jpg,hispa,10203,7466,0.9884
hispa\108432.jpg,hispa,10203,7466,0.9846
hispa\108435.jpg,hispa,7223,10,0.9595
hispa\108436.jpg,hispa,10203,7466,0.9724
hispa\108439.jpg,hispa,10203,7466,0.9738
hispa\108441.jpg,hispa,10203,7466,0.9802
hispa\108447.jpg,hispa,10203,7466,0.9867
hispa\108452.jpg,hispa,7415,6,0.9681
hispa\108457.jpg,hispa,10203,7466,0.985
hispa\108458.jpg,hispa,10203,7466,0.9914
hispa\108465.jpg,hispa,10203,7466,0.9908
hispa\108474.jpg,hispa,10203,7466,0.9809
hispa\108476.jpg,hispa,10203,7466,0.985
hispa\108483.jpg,hispa,10203,7466,0.9793
hispa\108491.jpg,hispa,7382,72,0.9723
hispa\108493.jpg,hispa,10203,7466,0.9896
hispa\108508.jpg,hispa,10203,7466,0.9814
hispa\108515.jpg,hispa,10203,7466,0.9745
hispa\108516.jpg,hispa,10203,7466,0.9885
hispa\108518.jpg,hispa,10203,7466,0.9697
hispa\108519.jpg,hispa,10203,7466,0.9885
hispa\108530.jpg,hispa,10203,7466,0.9831
hispa\108539.jpg,hispa,7382,72,0.9676
hispa\108550.jpg,hispa,10203,7466,0.9872
hispa\108554.jpg,hispa,7433,10,0.9405
hispa\108563.jpg,hispa,10203,7466,0.9914
hispa\108566.jpg,hispa,10203,7466,0.9748
hispa\108568.jpg,hispa,10203,7466,0.996
hispa\108569.jpg,hispa,10203,7466,0.9749
hispa\108574.jpg,hispa,10203,7466,0.978
hispa\108575.jpg,hispa,10203,7466,0.9767
hispa\108589.jpg,hispa,10203,7466,0.9705
hispa\108594.jpg,hispa,10203,7466,0.9895
hispa\108606.jpg,hispa,10203,7466,0.983
hispa\108619.jpg,hispa,7282,2,0.9516
hispa\108635.jpg,hispa,7283,1,0.9235
hispa\108640.jpg,hispa,10203,7466,0.9755
hispa\108645.jpg,hispa,7478,2,1.0
hispa\108653.jpg,hispa,7461,4,0.9619
hispa\108671.jpg,hispa,10203,7466,0.9854
hispa\108678.jpg,hispa,7288,2,0.9562
hispa\108679.jpg,hispa,10203,7466,0.9903
hispa\108682.jpg,hispa,10203,7466,0.9967
hispa\108684.jpg,hispa,10203,7466,0.9636
hispa\108690.jpg,hispa,10203,7466,0.9865
hispa\108692.jpg,hispa,7293,1,0.929
hispa\108698.jpg,hispa,10203,7466,0.98
hispa\108699.jpg,hispa,10203,7466,0.9905
hispa\108700.jpg,hispa,10203,7466,0.9759
hispa\108703.jpg,hispa,10203,7466,0.9837
hispa\108707.jpg,hispa,10203,7466,0.9677
hispa\108712.jpg,hispa,7299,3,0.9869
hispa\108716.jpg,hispa,7300,13,0.9652
hispa\108729.jpg,hispa,7497,2,0.9748
hispa\108747.jpg,hispa,10203,7466,0.9847
hispa\108749.jpg,hispa,10203,7466,0.9951
hispa\108758.jpg,hispa,10203,7466,0.9827
hispa\108768.jpg,hispa,10203,7466,0.9739
hispa\108772.jpg,hispa,10203,7466,0.9614
hispa\108782.jpg,hispa,10203,7466,0.986
hispa\108790.jpg,hispa,10203,7466,0.9765
hispa\108791.jpg,hispa,10203,7466,0.9839
hispa\108792.jpg,hispa,10203,7466,0.9718
hispa\108797.jpg,hispa,10203,7466,0.9879
hispa\108801.jpg,hispa,10203,7466,0.9775
hispa\108803.jpg,hispa,7382,72,0.9645
hispa\108805.jpg,hispa,10203,7466,0.9786
hispa\108821.jpg,hispa,10203,7466,0.9675
hispa\108831.jpg,hispa,10203,7466,0.9847
hispa\108832.jpg,hispa,10203,7466,1.0
hispa\108833.jpg,hispa,7318,22,0.9821
hispa\108840.jpg,hispa,10203,7466,0.9895
hispa\108846.jpg,hispa,7507,12,0.9756
hispa\108848.jpg,hispa,7382,72,0.9884
hispa\108849.jpg,hispa,7322,2,0.9545
hispa\108853.jpg,hispa,10203,7466,0.9838
hispa\108854.jpg,hispa,10203,7466,0.9884
hispa\108866.jpg,hispa,10203,7466,0.9818
hispa\108869.jpg,hispa,10203,7466,0.9718
hispa\108880.jpg,hispa,10203,7466,0.9935
hispa\108885.jpg,hispa,10203,7466,0.9844
hispa\108906.jpg,hispa,10203,7466,0.9888
hispa\108909.jpg,hispa,10203,7466,0.9679
hispa\108912.jpg,hispa,10203,7466,0.993
hispa\108914.jpg,hispa,10203,7466,0.9944
hispa\108918.jpg,hispa,10203,7466,0.9508
hispa\108923.jpg,hispa,6823,51,0.9809
hispa\108924.jpg,hispa,10203,7466,0.9896
hispa\108927.jpg,hispa,10203,7466,0.9913
hispa\108948.jpg,hispa,10203,7466,0.983
hispa\108950.jpg,hispa,10203,7466,0.9791
hispa\108951.jpg,hispa,7339,3,0.9429
hispa\108953.jpg,hispa,7507,12,0.9652
hispa\108955.jpg,hispa,10203,7466,0.9644
hispa\108957.jpg,hispa,6723,5,0.9709
hispa\108959.jpg,hispa,10203,7466,0.9856
hispa\108966.jpg,hispa,10203,7466,0.9675
hispa\108969.jpg,hispa,10203,7466,0.9788
hispa\108979.jpg,hispa,10203,7466,0.9958
hispa\108982.jpg,hispa,10203,7466,0.9781
hispa\108984.jpg,hispa,10203,7466,0.9792
hispa\108991.jpg,hispa,10203,7466,0.9909
hispa\108992.jpg,hispa,7057,3,0.9828
hispa\109018.jpg,hispa,6625,10,0.9842
hispa\109030.jpg,hispa,6823,51,0.97
hispa\109031.jpg,hispa,10203,7466,0.9851
hispa\109033.jpg,hispa,7355,4,0.9782
hispa\109035.jpg,hispa,7355,4,0.9534
hispa\109047.jpg,hispa,10203,7466,0.9732
hispa\109052.jpg,hispa,10203,7466,0.9792
hispa\109055.jpg,hispa,10203,7466,0.9911
hispa\109056.jpg,hispa,7359,2,0.9812
hispa\109064.jpg,hispa,10203,7466,0.997
hispa\109074.jpg,hispa,10203,7466,0.9821
hispa\109081.jpg,hispa,10203,7466,0.9903
hispa\109082.jpg,hispa,10203,7466,0.9935
hispa\109090.jpg,hispa,10203,7466,0.9708
hispa\109107.jpg,hispa,10203,7466,0.9896
hispa\109109.jpg,hispa,10203,7466,0.9732
hispa\109118.jpg,hispa,10203,7466,0.9863
hispa\109127.jpg,hispa,10203,7466,0.9782
hispa\109130.jpg,hispa,10203,7466,0.9894
hispa\109132.jpg,hispa,7507,12,0.9686
hispa\109142.jpg,hispa,10203,7466,0.9728
hispa\109149.jpg,hispa,7504,9,0.9594
hispa\109153.jpg,hispa,10203,7466,0.9907
hispa\109160.jpg,hispa,7374,10,0.9861
hispa\109185.jpg,hispa,10203,7466,0.9845
hispa\109201.jpg,hispa,10203,7466,0.9937
hispa\109211.jpg,hispa,10203,7466,0.9818
hispa\109216.jpg,hispa,7382,72,0.9645
hispa\109220.jpg,hispa,7379,1,0.9429
hispa\109223.jpg,hispa,7402,6,0.976
hispa\109227.jpg,hispa,10203,7466,0.9791
hispa\109229.jpg,hispa,7382,72,0.955
hispa\109237.jpg,hispa,7383,1,0.9289
hispa\109243.jpg,hispa,7384,1,0.9341
hispa\109252.jpg,hispa,6858,7,0.9866
hispa\109262.jpg,hispa,7300,13,0.9667
hispa\109267.jpg,hispa,10203,7466,0.9878
hispa\109271.jpg,hispa,6922,10,0.9856
hispa\109276.jpg,hispa,10203,7466,0.9872
hispa\109283.jpg,hispa,10203,7466,0.9871
hispa\109291.jpg,hispa,7318,22,0.9806
hispa\109295.jpg,hispa,10203,7466,0.9879
hispa\109321.jpg,hispa,10203,7466,0.9933
hispa\109331.jpg,hispa,10203,7466,0.9901
hispa\109373.jpg,hispa,10203,7466,0.9885
hispa\109390.jpg,hispa,10203,7466,0.9882
hispa\109394.jpg,hispa,10203,7466,0.9909
hispa\109400.jpg,hispa,10203,7466,0.9541
hispa\109407.jpg,hispa,10203,7466,0.988
hispa\109408.jpg,hispa,7382,72,0.9724
hispa\109410.jpg,hispa,10203,7466,0.9908
hispa\109413.jpg,hispa,7402,6,0.9593
hispa\109443.jpg,hispa,10203,7466,0.9545
hispa\109445.jpg,hispa,10203,7466,0.9908
hispa\109457.jpg,hispa,7405,1,0.9464
hispa\109465.jpg,hispa,7318,22,0.9855
hispa\109466.jpg,hispa,10203,7466,0.9859
hispa\109467.jpg,hispa,10203,7466,0.976
hispa\109470.jpg,hispa,10203,7466,0.9833
hispa\109482.jpg,hispa,10203,7466,0.9872
hispa\109488.jpg,hispa,10203,7466,0.9812
hispa\109498.jpg,hispa,7318,22,0.9686
hispa\109509.jpg,hispa,10203,7466,0.9885
hispa\109511.jpg,hispa,7382,72,0.9583
hispa\109513.jpg,hispa,7415,6,0.9656
hispa\109524.jpg,hispa,7416,9,0.9721
hispa\109525.jpg,hispa,10203,7466,0.9531
hispa\109532.jpg,hispa,10203,7466,0.9863
hispa\109534.jpg,hispa,10203,7466,0.9902
hispa\109544.jpg,hispa,7318,22,0.9923
hispa\109554.jpg,hispa,10203,7466,0.9799
hispa\109556.jpg,hispa,10203,7466,0.9621
hispa\109558.jpg,hispa,10203,7466,0.9769
hispa\109560.jpg,hispa,10203,7466,0.9548
hispa\109568.jpg,hispa,10203,7466,0.9902
hispa\109582.jpg,hispa,10203,7466,0.9894
hispa\109593.jpg,hispa,10203,7466,0.9923
hispa\109595.jpg,hispa,10203,7466,0.9863
hispa\109621.jpg,hispa,10203,7466,0.9922
hispa\109644.jpg,hispa,6452,5,0.973
hispa\109651.jpg,hispa,10203,7466,0.9802
hispa\109654.jpg,hispa,10203,7466,0.9652
hispa\109661.jpg,hispa,7433,10,0.9707
hispa\109676.jpg,hispa,10203,7466,0.995
hispa\109689.jpg,hispa,10203,7466,0.9892
hispa\109708.jpg,hispa,10203,7466,0.9765
hispa\109710.jpg,hispa,10203,7466,0.9898
hispa\109712.jpg,hispa,7374,10,0.9881
hispa\109713.jpg,hispa,10203,7466,0.9846
hispa\109715.jpg,hispa,7504,9,0.952
hispa\109722.jpg,hispa,10203,7466,0.9875
hispa\109730.jpg,hispa,10203,7466,0.9941
hispa\109738.jpg,hispa,7443,2,0.9602
hispa\109740.jpg,hispa,10203,7466,0.9828
hispa\109741.jpg,hispa,10203,7466,0.9849
hispa\109752.jpg,hispa,10203,7466,0.9858
hispa\109757.jpg,hispa,10203,7466,0.9881
hispa\109759.jpg,hispa,7300,13,0.9891
hispa\109769.jpg,hispa,10203,7466,0.9943
hispa\109770.jpg,hispa,10203,7466,0.9942
hispa\109771.jpg,hispa,7416,9,0.9845
hispa\109774.jpg,hispa,10203,7466,0.965
hispa\109778.jpg,hispa,10203,7466,0.9843
hispa\109779.jpg,hispa,10203,7466,0.9875
hispa\109782.jpg,hispa,10203,7466,0.9642
hispa\109786.jpg,hispa,10203,7466,0.9877
hispa\109789.jpg,hispa,10203,7466,0.9769
hispa\109796.jpg,hispa,10203,7466,0.9644
hispa\109797.jpg,hispa,10203,7466,0.9935
hispa\109799.jpg,hispa,10203,7466,0.9886
hispa\109801.jpg,hispa,7461,4,0.9619
hispa\109802.jpg,hispa,10203,7466,0.9874
hispa\109803.jpg,hispa,10203,7466,0.9651
hispa\109804.jpg,hispa,10203,7466,0.9791
hispa\109807.jpg,hispa,10203,7466,0.9832
hispa\109822.jpg,hispa,7382,72,0.9883
hispa\109826.jpg,hispa,7300,13,0.9709
hispa\109834.jpg,hispa,7468,2,0.965
hispa\109838.jpg,hispa,7469,8,0.957
hispa\109847.jpg,hispa,10203,7466,0.991
hispa\109855.jpg,hispa,7382,72,0.9823
hispa\109868.jpg,hispa,10203,7466,0.99
hispa\109883.jpg,hispa,7300,13,0.9874
hispa\109884.jpg,hispa,10203,7466,0.9742
hispa\109886.jpg,hispa,10203,7466,0.9954
hispa\109922.jpg,hispa,10203,7466,0.9916
hispa\109923.jpg,hispa,10203,7466,0.9758
hispa\109935.jpg,hispa,7478,2,1.0
hispa\109939.jpg,hispa,10203,7466,0.9874
hispa\109961.jpg,hispa,10203,7466,0.9883
hispa\109963.jpg,hispa,7481,2,0.9516
hispa\109965.jpg,hispa,7482,2,0.9568
hispa\109966.jpg,hispa,10203,7466,0.9849
hispa\109976.jpg,hispa,10203,7466,0.9904
hispa\109981.jpg,hispa,10203,7466,0.9956
hispa\109987.jpg,hispa,10203,7466,0.9765
hispa\109989.jpg,hispa,10203,7466,0.9642
hispa\109992.jpg,hispa,10203,7466,0.9893
hispa\110007.jpg,hispa,10203,7466,0.9864
hispa\110008.jpg,hispa,10203,7466,0.9782
hispa\110015.jpg,hispa,10203,7466,0.9671
hispa\110016.jpg,hispa,10203,7466,0.9756
hispa\110041.jpg,hispa,10203,7466,0.984
hispa\110045.jpg,hispa,10203,7466,0.989
hispa\110056.jpg,hispa,10203,7466,0.9859
hispa\110059.jpg,hispa,10203,7466,0.9797
hispa\110060.jpg,hispa,7497,2,0.9748
hispa\110067.jpg,hispa,10203,7466,0.9792
hispa\110071.jpg,hispa,10203,7466,0.9912
hispa\110076.jpg,hispa,7507,12,0.9686
hispa\110081.jpg,hispa,7318,22,0.9792
hispa\110092.jpg,hispa,7502,3,0.956
hispa\110095.jpg,hispa,10203,7466,0.9958
hispa\110098.jpg,hispa,7504,9,0.9639
hispa\110118.jpg,hispa,6581,22,0.9768
hispa\110119.jpg,hispa,10203,7466,0.9867
hispa\110122.jpg,hispa,7507,12,0.9588
hispa\110124.jpg,hispa,10203,7466,0.9876
hispa\110133.jpg,hispa,10203,7466,0.9928
hispa\110135.jpg,hispa,10203,7466,0.9928
hispa\110138.jpg,hispa,10203,7466,0.9943
hispa\110146.jpg,hispa,10203,7466,0.9776
hispa\110151.jpg,hispa,7513,1,0.9253
hispa\110153.jpg,hispa,10203,7466,0.9936
hispa\110156.jpg,hispa,10203,7466,0.992
hispa\110159.jpg,hispa,10203,7466,0.9789
hispa\110161.jpg,hispa,10203,7466,0.994
hispa\110167.jpg,hispa,10203,7466,0.991
hispa\110175.jpg,hispa,7519,4,0.9723
hispa\110183.jpg,hispa,7520,3,0.9852
hispa\110184.jpg,hispa,10203,7466,0.9831
hispa\110191.jpg,hispa,7522,1,0.9441
hispa\110192.jpg,hispa,10203,7466,0.9916
hispa\110193.jpg,hispa,10203,7466,0.9868
hispa\110195.jpg,hispa,10203,7466,0.9895
hispa\110196.jpg,hispa,10203,7466,0.9868
hispa\110198.jpg,hispa,10203,7466,0.993
hispa\110200.jpg,hispa,10203,7466,0.9861
hispa\110201.jpg,hispa,10203,7466,0.9855
hispa\110223.jpg,hispa,10203,7466,0.981
hispa\110225.jpg,hispa,7531,4,0.9842
hispa\110239.jpg,hispa,10203,7466,0.9714
hispa\110251.jpg,hispa,7519,4,0.987
hispa\110266.jpg,hispa,10203,7466,0.9899
hispa\110271.jpg,hispa,10203,7466,0.9904
hispa\110276.jpg,hispa,10203,7466,0.9829
hispa\110280.jpg,hispa,10203,7466,0.9873
hispa\110316.jpg,hispa,10203,7466,0.9952
hispa\110322.jpg,hispa,10203,7466,0.9903
hispa\110329.jpg,hispa,10203,7466,0.9839
hispa\110337.jpg,hispa,7300,13,0.9866
hispa\110343.jpg,hispa,10203,7466,0.9865
hispa\110356.jpg,hispa,10203,7466,0.9875
hispa\110357.jpg,hispa,10203,7466,0.9775
hispa\110367.jpg,hispa,10203,7466,0.9847
hispa\110377.jpg,hispa,10203,7466,0.9881
hispa\110378.jpg,hispa,10203,7466,0.9899
hispa\110379.jpg,hispa,10203,7466,0.9861
hispa\110380.jpg,hispa,10203,7466,0.9851
hispa\110383.jpg,hispa,10203,7466,0.9946
hispa\110393.jpg,hispa,10203,7466,0.9874
hispa\110398.jpg,hispa,7382,72,0.988
hispa\110399.jpg,hispa,10203,7466,0.9955
hispa\110402.jpg,hispa,6625,10,0.9896
normal\100002.jpg,normal,10203,7466,0.9916
normal\100007.jpg,normal,10203,7466,1.0
normal\100018.jpg,normal,7557,1,0.921
normal\100025.jpg,normal,10203,7466,0.9913
normal\100044.jpg,normal,10203,7466,0.961
normal\100053.jpg,normal,10203,7466,0.9895
normal\100065.jpg,normal,10203,7466,0.9854
normal\100066.jpg,normal,10203,7466,0.982
normal\100069.jpg,normal,10203,7466,0.9898
normal\100075.jpg,normal,10203,7466,0.9877
normal\100076.jpg,normal,10203,7466,0.9863
normal\100082.jpg,normal,10203,7466,0.9701
normal\100094.jpg,normal,10203,7466,0.9895
normal\100095.jpg,normal,10203,7466,0.9558
normal\100109.jpg,normal,10203,7466,0.9939
normal\100110.jpg,normal,10203,7466,0.9648
normal\100111.jpg,normal,10203,7466,0.9837
normal\100112.jpg,normal,10203,7466,0.99
normal\100122.jpg,normal,7573,1,0.8948
normal\100130.jpg,normal,10203,7466,0.9926
normal\100131.jpg,normal,8961,11,0.9762
normal\100135.jpg,normal,10203,7466,0.9915
normal\100144.jpg,normal,10203,7466,0.9809
normal\100149.jpg,normal,10203,7466,0.987
normal\100152.jpg,normal,10203,7466,0.9542
normal\100153.jpg,normal,10203,7466,0.9714
normal\100155.jpg,normal,9069,5,0.9718
normal\100165.jpg,normal,10203,7466,0.9922
normal\100168.jpg,normal,8734,9,0.9756
normal\100171.jpg,normal,10203,7466,0.991
normal\100172.jpg,normal,10203,7466,0.9684
normal\100173.jpg,normal,10203,7466,0.9904
normal\100176.jpg,normal,10203,7466,0.9636
normal\100186.jpg,normal,10203,7466,0.9895
normal\100188.jpg,normal,10203,7466,0.9852
normal\100189.jpg,normal,10203,7466,0.9932
normal\100192.jpg,normal,10203,7466,0.9934
normal\100195.jpg,normal,10203,7466,0.9741
normal\100199.jpg,normal,10203,7466,0.9836
normal\100210.jpg,normal,10203,7466,0.9765
normal\100216.jpg,normal,10203,7466,0.9861
normal\100236.jpg,normal,10203,7466,0.9646
normal\100240.jpg,normal,10203,7466,0.9839
normal\100246.jpg,normal,10203,7466,0.9923
normal\100253.jpg,normal,10203,7466,0.995
normal\100256.jpg,normal,10203,7466,0.9811
normal\100267.jpg,normal,7601,1,0.9466
normal\100272.jpg,normal,10203,7466,0.9882
normal\100273.jpg,normal,10203,7466,0.9861
normal\100274.jpg,normal,10203,7466,0.9813
normal\100283.jpg,normal,10203,7466,0.9836
normal\100285.jpg,normal,10203,7466,1.0
normal\100298.jpg,normal,10203,7466,0.9837
normal\100306.jpg,normal,10203,7466,0.9812
normal\100315.jpg,normal,10203,7466,0.9876
normal\100319.jpg,normal,10203,7466,0.9879
normal\100322.jpg,normal,10203,7466,0.9591
normal\100324.jpg,normal,10203,7466,0.9877
normal\100325.jpg,normal,10203,7466,0.9789
normal\100332.jpg,normal,10203,7466,0.9773
normal\100335.jpg,normal,8714,5,0.9745
normal\100344.jpg,normal,10203,7466,1.0
normal\100360.jpg,normal,10203,7466,0.9711
normal\100369.jpg,normal,10203,7466,0.9808
normal\100370.jpg,normal,10203,7466,0.9885
normal\100376.jpg,normal,10203,7466,0.988
normal\100381.jpg,normal,10203,7466,0.9778
normal\100387.jpg,normal,10203,7466,0.979
normal\100392.jpg,normal,10203,7466,0.9857
normal\100398.jpg,normal,10203,7466,0.9893
normal\100400.jpg,normal,10203,7466,0.9673
normal\100404.jpg,normal,10203,7466,0.9788
normal\100406.jpg,normal,10203,7466,0.9755
normal\100415.jpg,normal,10203,7466,0.9907
normal\100416.jpg,normal,7629,1,0.9082
normal\100418.jpg,normal,10203,7466,0.9812
normal\100419.jpg,normal,10203,7466,0.9937
normal\100422.jpg,normal,8799,6,0.9783
normal\100426.jpg,normal,10203,7466,0.9855
normal\100428.jpg,normal,10203,7466,0.9954
normal\100433.jpg,normal,10203,7466,0.9872
normal\100441.jpg,normal,10203,7466,0.9817
normal\100448.jpg,normal,10203,7466,0.9819
normal\100456.jpg,normal,10203,7466,0.9794
normal\100462.jpg,normal,7639,1,0.9105
normal\100463.jpg,normal,10203,7466,0.9802
normal\100467.jpg,normal,10203,7466,0.9857
normal\100480.jpg,normal,10203,7466,0.9707
normal\100481.jpg,normal,10203,7466,0.9777
normal\100492.jpg,normal,7644,1,0.9356
normal\100493.jpg,normal,10203,7466,0.9853
normal\100496.jpg,normal,10203,7466,0.9816
normal\100503.jpg,normal,10203,7466,0.981
normal\100506.jpg,normal,10203,7466,0.9854
normal\100507.jpg,normal,10203,7466,0.9846
normal\100509.jpg,normal,10203,7466,0.9912
normal\100515.jpg,normal,10203,7466,0.9816
normal\100519.jpg,normal,10203,7466,0.9897
normal\100525.jpg,normal,10203,7466,0.976
normal\100530.jpg,normal,10203,7466,0.9906
normal\100539.jpg,normal,10203,7466,0.9839
normal\100544.jpg,normal,10203,7466,0.9929
normal\100547.jpg,normal,10203,7466,0.9865
normal\100549.jpg,normal,10203,7466,0.9613
normal\100575.jpg,normal,10203,7466,0.9858
normal\100583.jpg,normal,10203,7466,0.9921
normal\100585.jpg,normal,10203,7466,0.9949
normal\100602.jpg,normal,10203,7466,1.0
normal\100603.jpg,normal,10203,7466,0.9841
normal\100609.jpg,normal,10203,7466,0.9832
normal\100616.jpg,normal,10203,7466,0.971
normal\100628.jpg,normal,10203,7466,0.9913
normal\100630.jpg,normal,8690,2,0.9873
normal\100633.jpg,normal,10203,7466,0.9857
normal\100637.jpg,normal,10203,7466,0.9858
normal\100640.jpg,normal,10203,7466,0.9842
normal\100651.jpg,normal,10203,7466,0.9839
normal\100663.jpg,normal,10203,7466,0.9872
normal\100664.jpg,normal,10203,7466,0.9861
normal\100666.jpg,normal,10203,7466,0.9872
normal\100669.jpg,normal,10203,7466,0.98
normal\100691.jpg,normal,10203,7466,0.9842
normal\100693.jpg,normal,10203,7466,0.9888
normal\100696.jpg,normal,10203,7466,0.9779
normal\100697.jpg,normal,10203,7466,0.9911
normal\100708.jpg,normal,10203,7466,0.9856
normal\100716.jpg,normal,7681,4,0.9702
normal\100729.jpg,normal,10203,7466,0.9857
normal\100732.jpg,normal,8734,9,0.981
normal\100737.jpg,normal,10203,7466,1.0
normal\100741.jpg,normal,10203,7466,0.976
normal\100744.jpg,normal,10203,7466,0.9807
normal\100759.jpg,normal,10203,7466,0.9899
normal\100762.jpg,normal,10203,7466,0.9905
normal\100768.jpg,normal,10203,7466,0.9859
normal\100776.jpg,normal,10203,7466,0.982
normal\100777.jpg,normal,10203,7466,0.9901
normal\100781.jpg,normal,10203,7466,0.9843
normal\100783.jpg,normal,10203,7466,0.9895
normal\100793.jpg,normal,10203,7466,0.993
normal\100794.jpg,normal,10203,7466,0.9824
normal\100802.jpg,normal,10203,7466,0.9861
normal\100808.jpg,normal,8362,2,0.9842
normal\100810.jpg,normal,10203,7466,0.9871
normal\100816.jpg,normal,10203,7466,0.9824
normal\100817.jpg,normal,10203,7466,0.9821
normal\100835.jpg,normal,7701,1,0.8948
normal\100844.jpg,normal,10203,7466,1.0
normal\100861.jpg,normal,10203,7466,0.9849
normal\100884.jpg,normal,10203,7466,0.9777
normal\100902.jpg,normal,10203,7466,0.9902
normal\100912.jpg,normal,10203,7466,0.9875
normal\100917.jpg,normal,10203,7466,0.9809
normal\100919.jpg,normal,10203,7466,0.9872
normal\100920.jpg,normal,10203,7466,0.9902
normal\100928.jpg,normal,10203,7466,0.9846
normal\100929.jpg,normal,10203,7466,0.981
normal\100930.jpg,normal,10203,7466,0.9906
normal\100933.jpg,normal,10203,7466,0.9903
normal\100943.jpg,normal,10203,7466,0.9907
normal\100958.jpg,normal,10203,7466,0.9567
normal\100959.jpg,normal,10203,7466,0.9923
normal\100962.jpg,normal,10203,7466,0.9951
normal\100973.jpg,normal,10203,7466,0.9853
normal\100976.jpg,normal,10203,7466,0.9783
normal\100985.jpg,normal,8140,2,0.9854
normal\100988.jpg,normal,7721,1,0.9225
normal\100994.jpg,normal,10203,7466,0.9927
normal\101018.jpg,normal,10203,7466,0.9787
normal\101028.jpg,normal,7724,1,0.9405
normal\101029.jpg,normal,9111,2,0.9807
normal\101030.jpg,normal,10203,7466,0.9858
normal\101041.jpg,normal,10203,7466,0.9926
normal\101043.jpg,normal,10203,7466,0.9853
normal\101044.jpg,normal,10203,7466,0.9781
normal\101048.jpg,normal,10203,7466,0.9813
normal\101055.jpg,normal,10203,7466,0.975
normal\101077.jpg,normal,10203,7466,0.979
normal\101081.jpg,normal,10203,7466,0.976
normal\101088.jpg,normal,8734,9,0.9708
normal\101090.jpg,normal,10203,7466,0.9627
normal\101092.jpg,normal,10203,7466,0.9753
normal\101093.jpg,normal,10203,7466,0.979
normal\101094.jpg,normal,10203,7466,0.9757
normal\101098.jpg,normal,7739,1,0.9286
normal\101107.jpg,normal,10203,7466,0.9917
normal\101109.jpg,normal,10203,7466,0.9881
normal\101111.jpg,normal,10203,7466,0.9719
normal\101112.jpg,normal,7743,1,0.9397
normal\101115.jpg,normal,10203,7466,0.9926
normal\101123.jpg,normal,10203,7466,0.976
normal\101129.jpg,normal,7746,1,0.9118
normal\101130.jpg,normal,10203,7466,0.9827
normal\101131.jpg,normal,10203,7466,0.9829
normal\101144.jpg,normal,10203,7466,0.9852
normal\101146.jpg,normal,10203,7466,0.9651
normal\101159.jpg,normal,10203,7466,0.9881
normal\101166.jpg,normal,10203,7466,0.9856
normal\101167.jpg,normal,10203,7466,0.9913
normal\101174.jpg,normal,10203,7466,0.9809
normal\101175.jpg,normal,10203,7466,0.9783
normal\101180.jpg,normal,10203,7466,0.9901
normal\101197.jpg,normal,10203,7466,0.9849
normal\101202.jpg,normal,10203,7466,0.9814
normal\101204.jpg,normal,10203,7466,0.9802
normal\101219.jpg,normal,10203,7466,0.9694
normal\101231.jpg,normal,10203,7466,0.9945
normal\101233.jpg,normal,10203,7466,0.9784
normal\101234.jpg,normal,10203,7466,0.9739
normal\101241.jpg,normal,10203,7466,0.9919
normal\101247.jpg,normal,10203,7466,0.9863
normal\101256.jpg,normal,10203,7466,0.9835
normal\101269.jpg,normal,10203,7466,0.9867
normal\101272.jpg,normal,10203,7466,0.9847
normal\101289.jpg,normal,10203,7466,0.9799
normal\101291.jpg,normal,10203,7466,0.9812
normal\101293.jpg,normal,10203,7466,0.9746
normal\101300.jpg,normal,10203,7466,0.9856
normal\101306.jpg,normal,10203,7466,0.9932
normal\101307.jpg,normal,10203,7466,0.9818
normal\101311.jpg,normal,10203,7466,0.9878
normal\101314.jpg,normal,10203,7466,0.9787
normal\101327.jpg,normal,10203,7466,0.9905
normal\101331.jpg,normal,10203,7466,1.0
normal\101345.jpg,normal,10203,7466,0.9853
normal\101346.jpg,normal,10203,7466,0.9778
normal\101348.jpg,normal,10203,7466,0.9725
normal\101350.jpg,normal,10203,7466,0.9797
normal\101366.jpg,normal,10203,7466,0.9891
normal\101367.jpg,normal,10203,7466,0.9843
normal\101368.jpg,normal,10203,7466,0.9781
normal\101381.jpg,normal,10203,7466,0.9889
normal\101393.jpg,normal,10203,7466,0.9837
normal\101396.jpg,normal,10203,7466,0.9824
normal\101398.jpg,normal,10203,7466,0.9848
normal\101410.jpg,normal,10203,7466,0.9817
normal\101412.jpg,normal,10203,7466,0.9703
normal\101414.jpg,normal,10203,7466,0.983
normal\101418.jpg,normal,10203,7466,0.9819
normal\101426.jpg,normal,10203,7466,0.9868
normal\101433.jpg,normal,10203,7466,0.9873
normal\101438.jpg,normal,10203,7466,0.9806
normal\101441.jpg,normal,10203,7466,0.986
normal\101444.jpg,normal,10203,7466,0.9843
normal\101462.jpg,normal,10203,7466,0.9742
normal\101464.jpg,normal,10203,7466,0.9931
normal\101466.jpg,normal,10203,7466,0.9737
normal\101470.jpg,normal,10203,7466,0.9845
normal\101489.jpg,normal,10203,7466,0.9768
normal\101526.jpg,normal,10203,7466,0.9819
normal\101529.jpg,normal,10203,7466,0.9907
normal\101542.jpg,normal,10203,7466,0.989
normal\101551.jpg,normal,10203,7466,0.9899
normal\101557.jpg,normal,10203,7466,0.9554
normal\101562.jpg,normal,10203,7466,1.0
normal\101563.jpg,normal,10203,7466,0.9663
normal\101564.jpg,normal,7811,1,0.8917
normal\101566.jpg,normal,10203,7466,0.9657
normal\101570.jpg,normal,10203,7466,0.9943
normal\101575.jpg,normal,8775,2,0.965
normal\101577.jpg,normal,10203,7466,0.9878
normal\101586.jpg,normal,10203,7466,0.9865
normal\101587.jpg,normal,10203,7466,0.9815
normal\101591.jpg,normal,10203,7466,0.9737
normal\101602.jpg,normal,10203,7466,0.9878
normal\101606.jpg,normal,10203,7466,0.9873
normal\101612.jpg,normal,10203,7466,0.9922
normal\101613.jpg,normal,10203,7466,0.9886
normal\101616.jpg,normal,10203,7466,0.9873
normal\101623.jpg,normal,9047,10,0.9852
normal\101625.jpg,normal,10203,7466,0.9857
normal\101626.jpg,normal,10203,7466,0.9843
normal\101633.jpg,normal,10203,7466,0.9728
normal\101634.jpg,normal,10203,7466,0.9784
normal\101648.jpg,normal,10203,7466,0.995
normal\101656.jpg,normal,10203,7466,0.9861
normal\101667.jpg,normal,10203,7466,0.9955
normal\101673.jpg,normal,10203,7466,0.9803
normal\101675.jpg,normal,10203,7466,0.9894
normal\101677.jpg,normal,10203,7466,0.9721
normal\101680.jpg,normal,10203,7466,0.9833
normal\101681.jpg,normal,10203,7466,0.9834
normal\101685.jpg,normal,10203,7466,0.9786
normal\101690.jpg,normal,10203,7466,0.9709
normal\101692.jpg,normal,7839,1,0.9376
normal\101695.jpg,normal,10203,7466,0.959
normal\101701.jpg,normal,7841,1,0.9408
normal\101711.jpg,normal,10203,7466,0.9882
normal\101716.jpg,normal,10203,7466,0.9943
normal\101728.jpg,normal,10203,7466,0.9862
normal\101729.jpg,normal,10203,7466,0.9953
normal\101741.jpg,normal,10203,7466,0.9817
normal\101744.jpg,normal,10203,7466,0.9662
normal\101753.jpg,normal,10203,7466,0.9914
normal\101766.jpg,normal,10203,7466,0.9883
normal\101775.jpg,normal,7850,1,0.927
normal\101779.jpg,normal,10203,7466,0.9837
normal\101782.jpg,normal,10203,7466,0.9932
normal\101789.jpg,normal,10203,7466,0.985
normal\101802.jpg,normal,10203,7466,0.9653
normal\101807.jpg,normal,10203,7466,0.9633
normal\101820.jpg,normal,10203,7466,0.9874
normal\101825.jpg,normal,10203,7466,0.9778
normal\101829.jpg,normal,10203,7466,0.9955
normal\101831.jpg,normal,10203,7466,0.9937
normal\101834.jpg,normal,10203,7466,0.9803
normal\101837.jpg,normal,10203,7466,0.9858
normal\101841.jpg,normal,10203,7466,0.9878
normal\101848.jpg,normal,10203,7466,0.9767
normal\101850.jpg,normal,10203,7466,0.9874
normal\101856.jpg,normal,10203,7466,0.9749
normal\101860.jpg,normal,10203,7466,0.9693
normal\101894.jpg,normal,10203,7466,0.9859
normal\101898.jpg,normal,10203,7466,0.9826
normal\101913.jpg,normal,10203,7466,0.9917
normal\101919.jpg,normal,10203,7466,0.9809
normal\101936.jpg,normal,10203,7466,0.9914
normal\101954.jpg,normal,10203,7466,0.972
normal\101958.jpg,normal,10203,7466,0.982
normal\101961.jpg,normal,10203,7466,0.9828
normal\101966.jpg,normal,10203,7466,0.9893
normal\101967.jpg,normal,10203,7466,0.9883
normal\101974.jpg,normal,10203,7466,0.9903
normal\101977.jpg,normal,10203,7466,0.9864
normal\101980.jpg,normal,10203,7466,0.9702
normal\101998.jpg,normal,10203,7466,0.9922
normal\101999.jpg,normal,10203,7466,0.9838
normal\102006.jpg,normal,10203,7466,0.9844
normal\102015.jpg,normal,10203,7466,0.9835
normal\102020.jpg,normal,7884,1,0.9498
normal\102025.jpg,normal,10203,7466,0.9882
normal\102049.jpg,normal,10203,7466,0.9808
normal\102068.jpg,normal,10203,7466,0.9871
normal\102072.jpg,normal,8223,2,0.9608
normal\102080.jpg,normal,10203,7466,0.9893
normal\102083.jpg,normal,10203,7466,0.9829
normal\102084.jpg,normal,10203,7466,0.9823
normal\102107.jpg,normal,10203,7466,0.9916
normal\102113.jpg,normal,10203,7466,0.9864
normal\102116.jpg,normal,10203,7466,0.9778
normal\102120.jpg,normal,10203,7466,0.987
normal\102126.jpg,normal,10203,7466,0.9914
normal\102129.jpg,normal,10203,7466,0.9919
normal\102139.jpg,normal,10203,7466,0.9842
normal\102147.jpg,normal,10203,7466,0.9801
normal\102150.jpg,normal,10203,7466,0.9758
normal\102164.jpg,normal,10203,7466,0.983
normal\102174.jpg,normal,10203,7466,0.9784
normal\102182.jpg,normal,10203,7466,0.9874
normal\102187.jpg,normal,10203,7466,0.989
normal\102194.jpg,normal,10203,7466,0.987
normal\102195.jpg,normal,7906,1,0.9492
normal\102196.jpg,normal,10203,7466,0.9901
normal\102204.jpg,normal,10203,7466,0.9887
normal\102208.jpg,normal,10203,7466,0.9882
normal\102222.jpg,normal,10203,7466,0.9889
normal\102232.jpg,normal,9047,10,0.9708
normal\102242.jpg,normal,10203,7466,0.9886
normal\102243.jpg,normal,10203,7466,0.9879
normal\102247.jpg,normal,10203,7466,0.9854
normal\102249.jpg,normal,10203,7466,0.978
normal\102251.jpg,normal,10203,7466,0.9825
normal\102256.jpg,normal,10203,7466,0.9748
normal\102258.jpg,normal,10203,7466,0.982
normal\102267.jpg,normal,10203,7466,0.9842
normal\102270.jpg,normal,10203,7466,0.9851
normal\102272.jpg,normal,10203,7466,0.9698
normal\102279.jpg,normal,10203,7466,0.974
normal\102281.jpg,normal,10203,7466,0.9884
normal\102287.jpg,normal,10203,7466,0.9862
normal\102289.jpg,normal,10203,7466,0.9838
normal\102292.jpg,normal,10203,7466,0.9639
normal\102293.jpg,normal,10203,7466,0.9759
normal\102300.jpg,normal,10203,7466,0.9811
normal\102304.jpg,normal,10203,7466,0.9686
normal\102315.jpg,normal,10203,7466,0.9894
normal\102316.jpg,normal,10203,7466,0.9861
normal\102322.jpg,normal,10203,7466,0.9784
normal\102332.jpg,normal,10203,7466,0.9739
normal\102340.jpg,normal,10203,7466,0.9784
normal\102342.jpg,normal,10203,7466,0.9838
normal\102345.jpg,normal,10203,7466,0.9891
normal\102354.jpg,normal,10203,7466,0.9779
normal\102357.jpg,normal,10203,7466,0.9799
normal\102359.jpg,normal,10203,7466,0.9765
normal\102362.jpg,normal,10203,7466,0.9874
normal\102367.jpg,normal,10203,7466,0.9926
normal\102369.jpg,normal,7942,1,0.9222
normal\102370.jpg,normal,8605,2,0.9686
normal\102372.jpg,normal,10203,7466,0.9861
normal\102375.jpg,normal,10203,7466,0.954
normal\102377.jpg,normal,10203,7466,0.9861
normal\102379.jpg,normal,10203,7466,0.9784
normal\102380.jpg,normal,10203,7466,0.9836
normal\102381.jpg,normal,10203,7466,0.982
normal\102385.jpg,normal,10203,7466,0.984
normal\102397.jpg,normal,10203,7466,0.9767
normal\102403.jpg,normal,10203,7466,0.9849
normal\102410.jpg,normal,10203,7466,0.9638
normal\102411.jpg,normal,10203,7466,0.9898
normal\102422.jpg,normal,10203,7466,0.9899
normal\102425.jpg,normal,10203,7466,0.9606
normal\102430.jpg,normal,10203,7466,0.9783
normal\102434.jpg,normal,10203,7466,0.9806
normal\102438.jpg,normal,10203,7466,0.9569
normal\102440.jpg,normal,10203,7466,1.0
normal\102441.jpg,normal,10203,7466,0.9816
normal\102444.jpg,normal,10203,7466,0.969
normal\102445.jpg,normal,10203,7466,0.9754
normal\102451.jpg,normal,10203,7466,0.9893
normal\102471.jpg,normal,10203,7466,0.9843
normal\102483.jpg,normal,10203,7466,0.9807
normal\102486.jpg,normal,10203,7466,0.9758
normal\102496.jpg,normal,10203,7466,0.9855
normal\102503.jpg,normal,10203,7466,0.981
normal\102510.jpg,normal,10203,7466,0.9837
normal\102518.jpg,normal,10203,7466,0.9815
normal\102522.jpg,normal,7972,1,0.8748
normal\102526.jpg,normal,10203,7466,0.9896
normal\102534.jpg,normal,10203,7466,0.9916
normal\102537.jpg,normal,10203,7466,0.9803
normal\102543.jpg,normal,10203,7466,0.9865
normal\102552.jpg,normal,10203,7466,0.9838
normal\102554.jpg,normal,10203,7466,0.9876
normal\102561.jpg,normal,10203,7466,0.9888
normal\102564.jpg,normal,10203,7466,0.9847
normal\102572.jpg,normal,10203,7466,0.966
normal\102576.jpg,normal,10203,7466,0.9828
normal\102578.jpg,normal,10203,7466,0.9763
normal\102580.jpg,normal,10203,7466,0.9893
normal\102581.jpg,normal,8714,5,0.9643
normal\102584.jpg,normal,9047,10,0.9847
normal\102593.jpg,normal,10203,7466,0.9863
normal\102594.jpg,normal,10203,7466,0.9707
normal\102598.jpg,normal,10203,7466,1.0
normal\102602.jpg,normal,10203,7466,0.9953
normal\102605.jpg,normal,10203,7466,0.9837
normal\102620.jpg,normal,7992,1,0.9342
normal\102622.jpg,normal,10203,7466,0.9911
normal\102626.jpg,normal,10203,7466,0.9883
normal\102637.jpg,normal,10203,7466,0.9853
normal\102642.jpg,normal,9196,4,0.9831
normal\102650.jpg,normal,10203,7466,0.9867
normal\102651.jpg,normal,10203,7466,0.9863
normal\102652.jpg,normal,10203,7466,0.9855
normal\102653.jpg,normal,10203,7466,0.9829
normal\102662.jpg,normal,10203,7466,0.9916
normal\102680.jpg,normal,10203,7466,0.9918
normal\102683.jpg,normal,10203,7466,0.9824
normal\102688.jpg,normal,10203,7466,0.9892
normal\102690.jpg,normal,10203,7466,0.988
normal\102691.jpg,normal,10203,7466,0.988
normal\102692.jpg,normal,10203,7466,0.9921
normal\102693.jpg,normal,8714,5,0.9659
normal\102700.jpg,normal,10203,7466,0.9906
normal\102701.jpg,normal,10203,7466,0.9791
normal\102707.jpg,normal,8011,1,0.9475
normal\102711.jpg,normal,8012,1,0.9484
normal\102714.jpg,normal,10203,7466,0.9899
normal\102718.jpg,normal,10203,7466,0.9711
normal\102721.jpg,normal,10203,7466,0.9853
normal\102723.jpg,normal,10203,7466,0.9844
normal\102725.jpg,normal,10203,7466,0.9859
normal\102729.jpg,normal,10203,7466,0.9918
normal\102733.jpg,normal,10203,7466,0.9851
normal\102749.jpg,normal,10203,7466,0.995
normal\102763.jpg,normal,10203,7466,0.989
normal\102772.jpg,normal,10203,7466,0.9848
normal\102785.jpg,normal,10203,7466,0.9829
normal\102787.jpg,normal,10203,7466,0.9804
normal\102804.jpg,normal,10203,7466,0.9933
normal\102805.jpg,normal,10203,7466,0.9742
normal\102809.jpg,normal,10203,7466,0.9802
normal\102810.jpg,normal,10203,7466,0.9911
normal\102814.jpg,normal,10203,7466,0.9754
normal\102824.jpg,normal,10203,7466,0.989
normal\102826.jpg,normal,10203,7466,0.97
normal\102831.jpg,normal,10203,7466,0.9839
normal\102843.jpg,normal,10203,7466,1.0
normal\102852.jpg,normal,10203,7466,0.9916
normal\102854.jpg,normal,10203,7466,0.9922
normal\102862.jpg,normal,10203,7466,0.9847
normal\102873.jpg,normal,10203,7466,0.9815
normal\102874.jpg,normal,7382,72,0.9618
normal\102875.jpg,normal,10203,7466,0.9857
normal\102884.jpg,normal,10203,7466,0.9853
normal\102887.jpg,normal,10203,7466,0.9679
normal\102888.jpg,normal,10203,7466,0.9614
normal\102924.jpg,normal,10203,7466,0.9891
normal\102927.jpg,normal,10203,7466,0.9885
normal\102928.jpg,normal,10203,7466,0.9821
normal\102930.jpg,normal,10203,7466,0.99
normal\102948.jpg,normal,10203,7466,0.9689
normal\102950.jpg,normal,10203,7466,0.9809
normal\102963.jpg,normal,10203,7466,0.9694
normal\102967.jpg,normal,9199,7,0.9721
normal\102975.jpg,normal,10203,7466,0.9665
normal\102976.jpg,normal,10203,7466,0.9826
normal\102986.jpg,normal,8809,4,0.9791
normal\102988.jpg,normal,10203,7466,0.9825
normal\102994.jpg,normal,10203,7466,0.9907
normal\102999.jpg,normal,10203,7466,0.9891
normal\103006.jpg,normal,10203,7466,0.9877
normal\103009.jpg,normal,10203,7466,0.9802
normal\103010.jpg,normal,10203,7466,0.9863
normal\103011.jpg,normal,10203,7466,0.9869
normal\103015.jpg,normal,10203,7466,0.9791
normal\103016.jpg,normal,10203,7466,0.9881
normal\103028.jpg,normal,10203,7466,0.991
normal\103042.jpg,normal,10203,7466,0.9779
normal\103045.jpg,normal,10203,7466,0.9846
normal\103053.jpg,normal,10203,7466,0.9885
normal\103055.jpg,normal,10203,7466,0.9877
normal\103058.jpg,normal,10203,7466,0.9816
normal\103061.jpg,normal,8799,6,0.9662
normal\103065.jpg,normal,10203,7466,0.9942
normal\103082.jpg,normal,10203,7466,0.9743
normal\103083.jpg,normal,10203,7466,0.9837
normal\103093.jpg,normal,10203,7466,0.9867
normal\103098.jpg,normal,10203,7466,0.9539
normal\103101.jpg,normal,10203,7466,0.9555
normal\103109.jpg,normal,10203,7466,0.9896
normal\103112.jpg,normal,10203,7466,0.9695
normal\103113.jpg,normal,10203,7466,0.9895
normal\103119.jpg,normal,10203,7466,0.9762
normal\103122.jpg,normal,10203,7466,0.9725
normal\103125.jpg,normal,10203,7466,0.9907
normal\103126.jpg,normal,10203,7466,0.9905
normal\103132.jpg,normal,10203,7466,0.9955
normal\103134.jpg,normal,10203,7466,0.9784
normal\103137.jpg,normal,10203,7466,0.9875
normal\103156.jpg,normal,10203,7466,0.9916
normal\103162.jpg,normal,10203,7466,0.9863
normal\103167.jpg,normal,10203,7466,0.9531
normal\103171.jpg,normal,10203,7466,0.9746
normal\103172.jpg,normal,8799,6,0.9778
normal\103173.jpg,normal,10203,7466,0.9861
normal\103175.jpg,normal,10203,7466,0.9904
normal\103179.jpg,normal,10203,7466,0.9882
normal\103191.jpg,normal,10203,7466,0.9888
normal\103192.jpg,normal,10203,7466,0.9857
normal\103194.jpg,normal,10203,7466,0.9909
normal\103199.jpg,normal,10203,7466,0.9894
normal\103209.jpg,normal,10203,7466,0.9946
normal\103213.jpg,normal,10203,7466,0.9907
normal\103221.jpg,normal,10203,7466,0.9914
normal\103228.jpg,normal,10203,7466,0.9866
normal\103229.jpg,normal,8102,1,0.9079
normal\103244.jpg,normal,10203,7466,0.9874
normal\103249.jpg,normal,10203,7466,0.9859
normal\103255.jpg,normal,10203,7466,0.9819
normal\103264.jpg,normal,10203,7466,0.9894
normal\103265.jpg,normal,10203,7466,0.9855
normal\103270.jpg,normal,10203,7466,0.9741
normal\103282.jpg,normal,10203,7466,0.9817
normal\103286.jpg,normal,10203,7466,0.9883
normal\103292.jpg,normal,10203,7466,0.981
normal\103301.jpg,normal,10203,7466,0.9768
normal\103302.jpg,normal,10203,7466,0.9875
normal\103303.jpg,normal,10203,7466,0.9929
normal\103304.jpg,normal,10203,7466,0.9858
normal\103306.jpg,normal,10203,7466,0.9751
normal\103309.jpg,normal,10203,7466,0.9819
normal\103310.jpg,normal,10203,7466,0.9852
normal\103318.jpg,normal,10203,7466,0.9955
normal\103328.jpg,normal,10203,7466,0.9733
normal\103331.jpg,normal,10203,7466,0.9863
normal\103340.jpg,normal,10203,7466,0.9864
normal\103346.jpg,normal,10203,7466,0.9755
normal\103353.jpg,normal,10203,7466,0.9767
normal\103361.jpg,normal,10203,7466,0.9832
normal\103370.jpg,normal,10203,7466,0.9716
normal\103372.jpg,normal,10203,7466,0.9839
normal\103381.jpg,normal,8128,1,0.9423
normal\103387.jpg,normal,10203,7466,0.9855
normal\103391.jpg,normal,10203,7466,0.9864
normal\103393.jpg,normal,10203,7466,0.9822
normal\103397.jpg,normal,10203,7466,0.9605
normal\103400.jpg,normal,10203,7466,0.9922
normal\103401.jpg,normal,10203,7466,0.9779
normal\103417.jpg,normal,10203,7466,0.9873
normal\103418.jpg,normal,8136,1,0.934
normal\103419.jpg,normal,8986,3,0.9753
normal\103424.jpg,normal,10203,7466,0.9895
normal\103430.jpg,normal,10203,7466,0.9642
normal\103433.jpg,normal,8140,2,0.9854
normal\103462.jpg,normal,10203,7466,0.9896
normal\103473.jpg,normal,10203,7466,0.9886
normal\103501.jpg,normal,9049,2,0.9762
normal\103505.jpg,normal,10203,7466,0.975
normal\103510.jpg,normal,8145,1,0.9307
normal\103516.jpg,normal,10203,7466,0.9878
normal\103521.jpg,normal,10203,7466,0.9668
normal\103526.jpg,normal,10203,7466,0.9761
normal\103531.jpg,normal,10203,7466,0.9873
normal\103533.jpg,normal,10203,7466,0.9696
normal\103535.jpg,normal,10203,7466,0.9758
normal\103539.jpg,normal,10203,7466,0.9743
normal\103543.jpg,normal,10203,7466,0.9886
normal\103545.jpg,normal,10203,7466,0.979
normal\103556.jpg,normal,10203,7466,0.9848
normal\103564.jpg,normal,10203,7466,0.9819
normal\103567.jpg,normal,10203,7466,0.9951
normal\103571.jpg,normal,10203,7466,0.9831
normal\103579.jpg,normal,10203,7466,0.9862
normal\103593.jpg,normal,10203,7466,0.9836
normal\103616.jpg,normal,10203,7466,0.9855
normal\103620.jpg,normal,10203,7466,0.9888
normal\103626.jpg,normal,10203,7466,0.9892
normal\103643.jpg,normal,10203,7466,0.9809
normal\103659.jpg,normal,9259,4,0.9699
normal\103664.jpg,normal,10203,7466,0.9738
normal\103676.jpg,normal,10203,7466,0.9955
normal\103701.jpg,normal,10203,7466,0.9879
normal\103704.jpg,normal,10203,7466,0.9864
normal\103707.jpg,normal,10203,7466,0.987
normal\103721.jpg,normal,10203,7466,0.9709
normal\103723.jpg,normal,8809,4,0.9806
normal\103736.jpg,normal,10203,7466,0.9843
normal\103739.jpg,normal,10203,7466,0.9903
normal\103744.jpg,normal,10203,7466,0.9852
normal\103748.jpg,normal,10203,7466,0.9834
normal\103751.jpg,normal,8177,1,0.9269
normal\103754.jpg,normal,10203,7466,0.9821
normal\103757.jpg,normal,10203,7466,0.9933
normal\103759.jpg,normal,8180,1,0.9204
normal\103763.jpg,normal,10203,7466,1.0
normal\103774.jpg,normal,9308,2,0.9568
normal\103801.jpg,normal,10203,7466,0.9905
normal\103803.jpg,normal,10203,7466,0.9869
normal\103814.jpg,normal,10203,7466,0.9583
normal\103815.jpg,normal,10203,7466,0.9845
normal\103834.jpg,normal,10203,7466,0.9747
normal\103846.jpg,normal,10203,7466,0.9889
normal\103847.jpg,normal,10203,7466,0.9809
normal\103848.jpg,normal,8190,1,0.9315
normal\103849.jpg,normal,8734,9,0.9729
normal\103853.jpg,normal,10203,7466,0.9863
normal\103858.jpg,normal,10203,7466,0.9902
normal\103859.jpg,normal,8734,9,0.9685
normal\103870.jpg,normal,10203,7466,0.976
normal\103871.jpg,normal,10203,7466,0.9927
normal\103876.jpg,normal,10203,7466,0.959
normal\103879.jpg,normal,10203,7466,0.9777
normal\103880.jpg,normal,10203,7466,0.9809
normal\103883.jpg,normal,10203,7466,0.9792
normal\103887.jpg,normal,10203,7466,0.9951
normal\103890.jpg,normal,10203,7466,0.9953
normal\103894.jpg,normal,10203,7466,0.9745
normal\103895.jpg,normal,10203,7466,0.9955
normal\103896.jpg,normal,10203,7466,0.9832
normal\103904.jpg,normal,10203,7466,0.9932
normal\103909.jpg,normal,10203,7466,0.9933
normal\103916.jpg,normal,10203,7466,0.9862
normal\103918.jpg,normal,8209,1,0.9377
normal\103922.jpg,normal,10203,7466,0.9861
normal\103924.jpg,normal,10203,7466,0.9913
normal\103926.jpg,normal,10203,7466,0.9833
normal\103937.jpg,normal,10203,7466,0.9835
normal\103941.jpg,normal,10203,7466,0.9812
normal\103946.jpg,normal,9069,5,0.9691
normal\103947.jpg,normal,10203,7466,0.9848
normal\103956.jpg,normal,10203,7466,0.9926
normal\103960.jpg,normal,10203,7466,0.9889
normal\103961.jpg,normal,10203,7466,0.9821
normal\103982.jpg,normal,10203,7466,0.9849
normal\103987.jpg,normal,10203,7466,0.9812
normal\103993.jpg,normal,10203,7466,0.9859
normal\104001.jpg,normal,8223,2,0.9608
normal\104010.jpg,normal,10203,7466,0.9787
normal\104013.jpg,normal,10203,7466,0.9844
normal\104019.jpg,normal,10203,7466,0.994
normal\104025.jpg,normal,9184,2,0.9703
normal\104028.jpg,normal,10203,7466,0.993
normal\104044.jpg,normal,10203,7466,0.9904
normal\104047.jpg,normal,10203,7466,0.9791
normal\104051.jpg,normal,10203,7466,0.9893
normal\104058.jpg,normal,10203,7466,0.9712
normal\104060.jpg,normal,10203,7466,0.9849
normal\104061.jpg,normal,10203,7466,0.9855
normal\104078.jpg,normal,10203,7466,0.9845
normal\104083.jpg,normal,10203,7466,0.9848
normal\104087.jpg,normal,10203,7466,0.9834
normal\104089.jpg,normal,10203,7466,0.9896
normal\104103.jpg,normal,10203,7466,0.9893
normal\104107.jpg,normal,8240,1,0.9346
normal\104130.jpg,normal,10203,7466,0.987
normal\104134.jpg,normal,10203,7466,0.9819
normal\104137.jpg,normal,10203,7466,0.9872
normal\104142.jpg,normal,10203,7466,0.9866
normal\104151.jpg,normal,10203,7466,0.9758
normal\104152.jpg,normal,10203,7466,0.9731
normal\104159.jpg,normal,10203,7466,0.9546
normal\104164.jpg,normal,10203,7466,0.9602
normal\104166.jpg,normal,10203,7466,0.9858
normal\104169.jpg,normal,10203,7466,0.9837
normal\104173.jpg,normal,10203,7466,0.9634
normal\104178.jpg,normal,10203,7466,0.9817
normal\104183.jpg,normal,10203,7466,0.9836
normal\104198.jpg,normal,10203,7466,0.9627
normal\104211.jpg,normal,10203,7466,0.9829
normal\104213.jpg,normal,10203,7466,0.9811
normal\104218.jpg,normal,10203,7466,0.9945
normal\104241.jpg,normal,10203,7466,0.9822
normal\104252.jpg,normal,10203,7466,0.9733
normal\104254.jpg,normal,10203,7466,0.9802
normal\104262.jpg,normal,10203,7466,0.9714
normal\104265.jpg,normal,10203,7466,0.9886
normal\104277.jpg,normal,8961,11,0.9762
normal\104284.jpg,normal,10203,7466,0.9903
normal\104286.jpg,normal,10203,7466,0.9854
normal\104290.jpg,normal,9104,2,0.9501
normal\104291.jpg,normal,10203,7466,0.9744
normal\104294.jpg,normal,10203,7466,0.9767
normal\104295.jpg,normal,10203,7466,0.9884
normal\104303.jpg,normal,10203,7466,0.9749
normal\104313.jpg,normal,8271,1,0.9333
normal\104319.jpg,normal,10203,7466,0.9881
normal\104323.jpg,normal,10203,7466,0.9793
normal\104326.jpg,normal,10203,7466,0.9891
normal\104337.jpg,normal,8275,1,0.9499
normal\104344.jpg,normal,8276,1,0.9332
normal\104346.jpg,normal,8277,1,0.9383
normal\104362.jpg,normal,10203,7466,0.9884
normal\104378.jpg,normal,10203,7466,0.9794
normal\104379.jpg,normal,10203,7466,0.9869
normal\104386.jpg,normal,10203,7466,0.979
normal\104388.jpg,normal,10203,7466,0.9745
normal\104395.jpg,normal,10203,7466,0.986
normal\104396.jpg,normal,10203,7466,0.976
normal\104400.jpg,normal,10203,7466,0.988
normal\104409.jpg,normal,10203,7466,0.9854
normal\104411.jpg,normal,10203,7466,0.9931
normal\104443.jpg,normal,10203,7466,0.9845
normal\104449.jpg,normal,10203,7466,0.9795
normal\104450.jpg,normal,10203,7466,0.9824
normal\104451.jpg,normal,10203,7466,1.0
normal\104462.jpg,normal,8961,11,0.979
normal\104466.jpg,normal,10203,7466,0.9716
normal\104467.jpg,normal,10203,7466,0.9879
normal\104471.jpg,normal,10203,7466,0.985
normal\104480.jpg,normal,10203,7466,0.9847
normal\104481.jpg,normal,10203,7466,0.9831
normal\104482.jpg,normal,8986,3,0.9772
normal\104484.jpg,normal,10203,7466,1.0
normal\104490.jpg,normal,10203,7466,0.9879
normal\104497.jpg,normal,10203,7466,0.9828
normal\104509.jpg,normal,10203,7466,0.9872
normal\104520.jpg,normal,10203,7466,0.9807
normal\104526.jpg,normal,10203,7466,0.9638
normal\104529.jpg,normal,10203,7466,0.9657
normal\104533.jpg,normal,10203,7466,0.9712
normal\104534.jpg,normal,10203,7466,0.9945
normal\104542.jpg,normal,10203,7466,0.9896
normal\104544.jpg,normal,10203,7466,0.9851
normal\104546.jpg,normal,10203,7466,0.9955
normal\104549.jpg,normal,10203,7466,0.987
normal\104552.jpg,normal,10203,7466,0.9774
normal\104556.jpg,normal,10203,7466,0.9636
normal\104570.jpg,normal,10203,7466,0.9941
normal\104583.jpg,normal,10203,7466,0.9946
normal\104585.jpg,normal,10203,7466,0.9823
normal\104595.jpg,normal,7382,72,0.9618
normal\104598.jpg,normal,8961,11,0.9751
normal\104600.jpg,normal,10203,7466,0.9856
normal\104602.jpg,normal,10203,7466,0.983
normal\104613.jpg,normal,10203,7466,0.9935
normal\104629.jpg,normal,10203,7466,0.9849
normal\104634.jpg,normal,10203,7466,1.0
normal\104644.jpg,normal,10203,7466,0.9909
normal\104653.jpg,normal,10203,7466,0.9889
normal\104656.jpg,normal,10203,7466,0.9909
normal\104668.jpg,normal,10203,7466,0.9782
normal\104669.jpg,normal,10203,7466,0.9885
normal\104670.jpg,normal,10203,7466,0.9668
normal\104676.jpg,normal,10203,7466,0.9859
normal\104680.jpg,normal,10203,7466,0.9876
normal\104685.jpg,normal,10203,7466,0.9528
normal\104687.jpg,normal,10203,7466,0.9894
normal\104701.jpg,normal,10203,7466,0.9834
normal\104703.jpg,normal,10203,7466,0.985
normal\104708.jpg,normal,10203,7466,0.9901
normal\104714.jpg,normal,10203,7466,0.981
normal\104722.jpg,normal,10203,7466,0.9871
normal\104727.jpg,normal,10203,7466,0.9845
normal\104728.jpg,normal,10203,7466,0.9878
normal\104745.jpg,normal,10203,7466,0.9941
normal\104749.jpg,normal,10203,7466,0.9657
normal\104753.jpg,normal,10203,7466,0.9646
normal\104755.jpg,normal,10203,7466,0.9817
normal\104758.jpg,normal,10203,7466,0.9894
normal\104767.jpg,normal,10203,7466,0.9911
normal\104775.jpg,normal,10203,7466,0.9845
normal\104784.jpg,normal,10203,7466,0.9747
normal\104789.jpg,normal,10203,7466,0.9882
normal\104791.jpg,normal,10203,7466,0.9634
normal\104792.jpg,normal,10203,7466,0.9917
normal\104802.jpg,normal,10203,7466,0.9808
normal\104805.jpg,normal,8601,2,0.9525
normal\104806.jpg,normal,10203,7466,0.9809
normal\104810.jpg,normal,10203,7466,0.9939
normal\104814.jpg,normal,10203,7466,0.9872
normal\104820.jpg,normal,10203,7466,0.9865
normal\104829.jpg,normal,10203,7466,0.9625
normal\104840.jpg,normal,8565,2,0.9847
normal\104846.jpg,normal,10203,7466,0.9866
normal\104848.jpg,normal,10203,7466,0.9925
normal\104850.jpg,normal,8362,2,0.9842
normal\104851.jpg,normal,10203,7466,0.9925
normal\104854.jpg,normal,10203,7466,0.9675
normal\104857.jpg,normal,10203,7466,0.9873
normal\104858.jpg,normal,10203,7466,0.9852
normal\104860.jpg,normal,10203,7466,0.987
normal\104865.jpg,normal,10203,7466,0.9862
normal\104874.jpg,normal,10203,7466,0.9747
normal\104875.jpg,normal,10203,7466,0.9898
normal\104879.jpg,normal,10203,7466,0.9825
normal\104883.jpg,normal,10203,7466,0.9822
normal\104884.jpg,normal,10203,7466,0.9927
normal\104889.jpg,normal,10203,7466,0.979
normal\104893.jpg,normal,10203,7466,0.9747
normal\104896.jpg,normal,10203,7466,0.9817
normal\104897.jpg,normal,9196,4,0.972
normal\104906.jpg,normal,10203,7466,0.9749
normal\104911.jpg,normal,10203,7466,0.987
normal\104924.jpg,normal,10203,7466,0.9878
normal\104927.jpg,normal,10203,7466,0.9911
normal\104953.jpg,normal,10203,7466,0.9904
normal\104958.jpg,normal,10203,7466,0.9938
normal\104961.jpg,normal,10203,7466,0.9821
normal\104963.jpg,normal,10203,7466,0.9833
normal\104964.jpg,normal,10203,7466,0.9895
normal\104966.jpg,normal,10203,7466,0.9891
normal\104977.jpg,normal,10203,7466,0.9643
normal\104978.jpg,normal,10203,7466,0.9769
normal\104982.jpg,normal,10203,7466,0.9769
normal\104983.jpg,normal,10203,7466,0.9845
normal\104990.jpg,normal,10203,7466,0.9839
normal\104992.jpg,normal,8393,1,0.9456
normal\104993.jpg,normal,8394,1,0.947
normal\105011.jpg,normal,10203,7466,0.9888
normal\105019.jpg,normal,10203,7466,0.9754
normal\105032.jpg,normal,10203,7466,0.98
normal\105037.jpg,normal,10203,7466,0.9843
normal\105050.jpg,normal,10203,7466,0.9783
normal\105051.jpg,normal,10203,7466,0.9953
normal\105055.jpg,normal,10203,7466,0.9933
normal\105067.jpg,normal,10203,7466,0.989
normal\105081.jpg,normal,10203,7466,0.9886
normal\105084.jpg,normal,10203,7466,0.9691
normal\105092.jpg,normal,8405,1,0.9394
normal\105099.jpg,normal,10203,7466,0.9813
normal\105106.jpg,normal,10203,7466,0.989
normal\105114.jpg,normal,10203,7466,0.9802
normal\105119.jpg,normal,10203,7466,0.9863
normal\105130.jpg,normal,10203,7466,0.9836
normal\105134.jpg,normal,10203,7466,0.9927
normal\105140.jpg,normal,10203,7466,0.9864
normal\105141.jpg,normal,10203,7466,0.9888
normal\105142.jpg,normal,10203,7466,0.9603
normal\105143.jpg,normal,10203,7466,0.9725
normal\105144.jpg,normal,10203,7466,0.9867
normal\105147.jpg,normal,10203,7466,0.9825
normal\105154.jpg,normal,10203,7466,0.9799
normal\105161.jpg,normal,10203,7466,0.9894
normal\105167.jpg,normal,10203,7466,0.9837
normal\105183.jpg,normal,10203,7466,0.989
normal\105185.jpg,normal,10203,7466,0.9884
normal\105192.jpg,normal,10203,7466,0.968
normal\105199.jpg,normal,10203,7466,0.9854
normal\105203.jpg,normal,10203,7466,0.9884
normal\105211.jpg,normal,10203,7466,0.9798
normal\105213.jpg,normal,10203,7466,0.9861
normal\105237.jpg,normal,10203,7466,0.9916
normal\105241.jpg,normal,10203,7466,0.9834
normal\105242.jpg,normal,10203,7466,0.9754
normal\105249.jpg,normal,10203,7466,0.9815
normal\105263.jpg,normal,10203,7466,0.9822
normal\105268.jpg,normal,10203,7466,0.9716
normal\105279.jpg,normal,10203,7466,0.9829
normal\105284.jpg,normal,10203,7466,0.9765
normal\105289.jpg,normal,10203,7466,0.9889
normal\105290.jpg,normal,10203,7466,0.9805
normal\105299.jpg,normal,10203,7466,0.9921
normal\105301.jpg,normal,10203,7466,0.9895
normal\105308.jpg,normal,10203,7466,0.9651
normal\105315.jpg,normal,10203,7466,1.0
normal\105317.jpg,normal,10203,7466,0.9858
normal\105320.jpg,normal,10203,7466,0.989
normal\105327.jpg,normal,10203,7466,0.9875
normal\105328.jpg,normal,8445,1,0.9349
normal\105337.jpg,normal,10203,7466,0.9838
normal\105338.jpg,normal,10203,7466,0.9882
normal\105341.jpg,normal,10203,7466,0.9824
normal\105343.jpg,normal,10203,7466,0.9951
normal\105350.jpg,normal,10203,7466,0.9926
normal\105361.jpg,normal,10203,7466,0.9878
normal\105368.jpg,normal,10203,7466,0.991
normal\105380.jpg,normal,10203,7466,0.9836
normal\105383.jpg,normal,10203,7466,0.9718
normal\105394.jpg,normal,10203,7466,0.9817
normal\105417.jpg,normal,10203,7466,0.9794
normal\105419.jpg,normal,10203,7466,0.9836
normal\105431.jpg,normal,10203,7466,0.9684
normal\105433.jpg,normal,10203,7466,0.9923
normal\105441.jpg,normal,10203,7466,0.9875
normal\105442.jpg,normal,10203,7466,0.992
normal\105445.jpg,normal,10203,7466,0.9806
normal\105448.jpg,normal,10203,7466,0.986
normal\105450.jpg,normal,10203,7466,0.9899
normal\105459.jpg,normal,10203,7466,0.9907
normal\105460.jpg,normal,10203,7466,0.9756
normal\105461.jpg,normal,10203,7466,0.9862
normal\105470.jpg,normal,10203,7466,0.987
normal\105484.jpg,normal,10203,7466,0.9846
normal\105485.jpg,normal,8470,1,0.9311
normal\105492.jpg,normal,10203,7466,0.9914
normal\105496.jpg,normal,10203,7466,0.9904
normal\105499.jpg,normal,10203,7466,0.9909
normal\105500.jpg,normal,10203,7466,0.9942
normal\105501.jpg,normal,10203,7466,0.9736
normal\105508.jpg,normal,10203,7466,0.9856
normal\105510.jpg,normal,10203,7466,0.9748
normal\105523.jpg,normal,10203,7466,0.9775
normal\105534.jpg,normal,10203,7466,0.9784
normal\105537.jpg,normal,10203,7466,0.9839
normal\105542.jpg,normal,10203,7466,0.976
normal\105545.jpg,normal,10203,7466,0.9873
normal\105548.jpg,normal,10203,7466,0.9815
normal\105553.jpg,normal,10203,7466,0.9892
normal\105559.jpg,normal,10203,7466,0.9897
normal\105560.jpg,normal,10203,7466,0.9802
normal\105587.jpg,normal,10203,7466,0.9867
normal\105592.jpg,normal,10203,7466,0.9765
normal\105596.jpg,normal,10203,7466,0.987
normal\105606.jpg,normal,10203,7466,0.9836
normal\105616.jpg,normal,10203,7466,0.9829
normal\105627.jpg,normal,10203,7466,0.9431
normal\105629.jpg,normal,10203,7466,0.9883
normal\105632.jpg,normal,10203,7466,0.9711
normal\105633.jpg,normal,10203,7466,0.9893
normal\105636.jpg,normal,8496,1,0.9359
normal\105647.jpg,normal,10203,7466,0.993
normal\105652.jpg,normal,10203,7466,0.9922
normal\105655.jpg,normal,10203,7466,0.9817
normal\105660.jpg,normal,10203,7466,0.985
normal\105669.jpg,normal,10203,7466,0.9868
normal\105673.jpg,normal,10203,7466,0.986
normal\105676.jpg,normal,10203,7466,0.9878
normal\105690.jpg,normal,10203,7466,0.9903
normal\105693.jpg,normal,8799,6,0.9853
normal\105700.jpg,normal,10203,7466,0.9813
normal\105703.jpg,normal,9047,10,0.9655
normal\105705.jpg,normal,10203,7466,0.9779
normal\105706.jpg,normal,10203,7466,0.9767
normal\105716.jpg,normal,10203,7466,0.9781
normal\105726.jpg,normal,10203,7466,0.9841
normal\105727.jpg,normal,10203,7466,0.9786
normal\105735.jpg,normal,10203,7466,0.9913
normal\105736.jpg,normal,10203,7466,0.9892
normal\105764.jpg,normal,10203,7466,0.9933
normal\105765.jpg,normal,10203,7466,0.9878
normal\105766.jpg,normal,10203,7466,0.9915
normal\105770.jpg,normal,10203,7466,0.9749
normal\105775.jpg,normal,10203,7466,0.9806
normal\105782.jpg,normal,10203,7466,0.9821
normal\105795.jpg,normal,10203,7466,0.9862
normal\105801.jpg,normal,10203,7466,0.9861
normal\105805.jpg,normal,10203,7466,0.9904
normal\105806.jpg,normal,10203,7466,0.9815
normal\105807.jpg,normal,10203,7466,0.9907
normal\105814.jpg,normal,10203,7466,0.9817
normal\105816.jpg,normal,10203,7466,0.9748
normal\105821.jpg,normal,8528,1,0.9157
normal\105822.jpg,normal,10203,7466,0.9826
normal\105825.jpg,normal,10203,7466,0.9891
normal\105827.jpg,normal,10203,7466,0.9563
normal\105829.jpg,normal,10203,7466,0.9857
normal\105832.jpg,normal,10203,7466,0.9902
normal\105834.jpg,normal,10203,7466,0.9799
normal\105841.jpg,normal,10203,7466,0.9851
normal\105842.jpg,normal,10203,7466,0.9772
normal\105843.jpg,normal,10203,7466,0.9947
normal\105849.jpg,normal,10203,7466,0.9852
normal\105856.jpg,normal,10203,7466,0.9708
normal\105861.jpg,normal,10203,7466,0.9874
normal\105866.jpg,normal,10203,7466,0.9953
normal\105869.jpg,normal,10203,7466,0.9932
normal\105872.jpg,normal,8543,1,0.915
normal\105880.jpg,normal,10203,7466,0.9642
normal\105899.jpg,normal,10203,7466,0.9933
normal\105904.jpg,normal,10203,7466,0.9877
normal\105905.jpg,normal,10203,7466,0.9901
normal\105907.jpg,normal,10203,7466,0.9675
normal\105909.jpg,normal,10203,7466,0.9795
normal\105914.jpg,normal,10203,7466,0.99
normal\105917.jpg,normal,10203,7466,0.9599
normal\105927.jpg,normal,10203,7466,0.9884
normal\105933.jpg,normal,10203,7466,0.9818
normal\105937.jpg,normal,10203,7466,0.9899
normal\105942.jpg,normal,10203,7466,0.9894
normal\105951.jpg,normal,10203,7466,0.9821
normal\105954.jpg,normal,10203,7466,0.9841
normal\105958.jpg,normal,10203,7466,0.9797
normal\105960.jpg,normal,10203,7466,0.9788
normal\105971.jpg,normal,10203,7466,0.9881
normal\105987.jpg,normal,8961,11,0.9724
normal\106001.jpg,normal,10203,7466,0.9898
normal\106012.jpg,normal,10203,7466,0.9844
normal\106014.jpg,normal,10203,7466,0.9867
normal\106018.jpg,normal,8565,2,0.9847
normal\106020.jpg,normal,10203,7466,0.9867
normal\106022.jpg,normal,10203,7466,0.9632
normal\106025.jpg,normal,10203,7466,0.9787
normal\106031.jpg,normal,10203,7466,0.976
normal\106032.jpg,normal,10203,7466,0.9916
normal\106035.jpg,normal,10203,7466,0.9902
normal\106043.jpg,normal,8572,1,0.9353
normal\106046.jpg,normal,10203,7466,0.9817
normal\106049.jpg,normal,10203,7466,0.9827
normal\106051.jpg,normal,10203,7466,0.9948
normal\106053.jpg,normal,10203,7466,0.9877
normal\106064.jpg,normal,10203,7466,0.9868
normal\106065.jpg,normal,10203,7466,0.9874
normal\106073.jpg,normal,10203,7466,0.9913
normal\106074.jpg,normal,10203,7466,0.9881
normal\106093.jpg,normal,10203,7466,0.954
normal\106107.jpg,normal,10203,7466,0.9807
normal\106114.jpg,normal,10203,7466,0.9813
normal\106136.jpg,normal,10203,7466,0.9876
normal\106137.jpg,normal,10203,7466,0.9806
normal\106143.jpg,normal,10203,7466,0.9878
normal\106149.jpg,normal,10203,7466,0.991
normal\106152.jpg,normal,9069,5,0.9699
normal\106160.jpg,normal,10203,7466,0.9913
normal\106161.jpg,normal,10203,7466,0.9712
normal\106163.jpg,normal,10203,7466,0.9731
normal\106175.jpg,normal,10203,7466,0.9792
normal\106177.jpg,normal,10203,7466,0.9916
normal\106181.jpg,normal,10203,7466,0.9892
normal\106185.jpg,normal,10203,7466,0.9869
normal\106186.jpg,normal,10203,7466,0.9951
normal\106187.jpg,normal,10203,7466,0.9809
normal\106192.jpg,normal,10203,7466,0.9798
normal\106193.jpg,normal,10203,7466,0.9893
normal\106194.jpg,normal,10203,7466,0.977
normal\106203.jpg,normal,8601,2,0.9525
normal\106213.jpg,normal,10203,7466,0.9823
normal\106217.jpg,normal,10203,7466,0.9823
normal\106220.jpg,normal,10203,7466,0.9798
normal\106221.jpg,normal,8605,2,0.9686
normal\106224.jpg,normal,10203,7466,0.9862
normal\106235.jpg,normal,10203,7466,0.9888
normal\106244.jpg,normal,10203,7466,0.9844
normal\106250.jpg,normal,10203,7466,0.9842
normal\106260.jpg,normal,10203,7466,0.9887
normal\106265.jpg,normal,10203,7466,1.0
normal\106274.jpg,normal,10203,7466,0.9909
normal\106278.jpg,normal,9115,3,0.9652
normal\106282.jpg,normal,10203,7466,0.9851
normal\106290.jpg,normal,10203,7466,0.986
normal\106294.jpg,normal,10203,7466,0.9805
normal\106297.jpg,normal,10203,7466,0.9893
normal\106298.jpg,normal,10203,7466,0.9887
normal\106299.jpg,normal,10203,7466,0.9852
normal\106308.jpg,normal,10203,7466,1.0
normal\106311.jpg,normal,10203,7466,0.9894
normal\106315.jpg,normal,10203,7466,0.9907
normal\106327.jpg,normal,10203,7466,0.9802
normal\106328.jpg,normal,10203,7466,0.9919
normal\106330.jpg,normal,10203,7466,0.977
normal\106332.jpg,normal,10203,7466,0.9906
normal\106333.jpg,normal,10203,7466,0.9843
normal\106335.jpg,normal,10203,7466,0.9821
normal\106363.jpg,normal,10203,7466,0.9897
normal\106366.jpg,normal,10203,7466,1.0
normal\106371.jpg,normal,10203,7466,0.989
normal\106374.jpg,normal,10203,7466,0.9806
normal\106375.jpg,normal,10203,7466,0.9749
normal\106377.jpg,normal,10203,7466,0.9897
normal\106385.jpg,normal,10203,7466,0.9871
normal\106390.jpg,normal,10203,7466,0.9849
normal\106391.jpg,normal,10203,7466,0.9663
normal\106393.jpg,normal,10203,7466,0.9755
normal\106400.jpg,normal,10203,7466,0.9896
normal\106401.jpg,normal,10203,7466,0.9823
normal\106402.jpg,normal,10203,7466,0.9919
normal\106404.jpg,normal,10203,7466,0.9851
normal\106410.jpg,normal,10203,7466,0.9901
normal\106417.jpg,normal,8809,4,0.9783
normal\106422.jpg,normal,8994,2,0.9563
normal\106441.jpg,normal,10203,7466,0.9841
normal\106444.jpg,normal,10203,7466,0.9904
normal\106447.jpg,normal,10203,7466,0.9768
normal\106456.jpg,normal,10203,7466,0.987
normal\106463.jpg,normal,10203,7466,0.9809
normal\106467.jpg,normal,8961,11,0.9653
normal\106469.jpg,normal,10203,7466,0.9712
normal\106474.jpg,normal,10203,7466,0.9833
normal\106479.jpg,normal,10203,7466,0.9902
normal\106490.jpg,normal,10203,7466,0.9896
normal\106498.jpg,normal,10203,7466,0.9775
normal\106502.jpg,normal,10203,7466,0.9722
normal\106505.jpg,normal,10203,7466,0.9866
normal\106512.jpg,normal,10203,7466,0.9798
normal\106522.jpg,normal,10203,7466,0.9901
normal\106525.jpg,normal,10203,7466,0.9828
normal\106528.jpg,normal,10203,7466,0.9876
normal\106537.jpg,normal,9199,7,0.9768
normal\106543.jpg,normal,10203,7466,0.9875
normal\106551.jpg,normal,10203,7466,0.9868
normal\106563.jpg,normal,10203,7466,0.9802
normal\106564.jpg,normal,10203,7466,0.9834
normal\106572.jpg,normal,10203,7466,0.9779
normal\106581.jpg,normal,10203,7466,0.9786
normal\106591.jpg,normal,10203,7466,0.9749
normal\106593.jpg,normal,10203,7466,0.9754
normal\106602.jpg,normal,10203,7466,0.9909
normal\106614.jpg,normal,10203,7466,0.9885
normal\106616.jpg,normal,10203,7466,0.9881
normal\106618.jpg,normal,10203,7466,0.9918
normal\106625.jpg,normal,10203,7466,0.9834
normal\106626.jpg,normal,10203,7466,0.9861
normal\106628.jpg,normal,10203,7466,0.9836
normal\106632.jpg,normal,10203,7466,0.985
normal\106636.jpg,normal,10203,7466,0.9817
normal\106638.jpg,normal,10203,7466,0.9933
normal\106658.jpg,normal,9103,3,0.977
normal\106659.jpg,normal,10203,7466,0.9796
normal\106662.jpg,normal,10203,7466,0.9582
normal\106663.jpg,normal,10203,7466,0.9925
normal\106683.jpg,normal,10203,7466,0.9862
normal\106688.jpg,normal,10203,7466,0.9717
normal\106690.jpg,normal,10203,7466,0.9887
normal\106694.jpg,normal,10203,7466,0.9817
normal\106697.jpg,normal,8690,2,0.9873
normal\106700.jpg,normal,10203,7466,0.986
normal\106701.jpg,normal,10203,7466,0.9775
normal\106703.jpg,normal,10203,7466,0.9911
normal\106711.jpg,normal,10203,7466,0.9847
normal\106714.jpg,normal,10203,7466,0.9784
normal\106717.jpg,normal,10203,7466,0.9819
normal\106722.jpg,normal,10203,7466,0.9835
normal\106735.jpg,normal,10203,7466,0.9934
normal\106737.jpg,normal,8699,1,0.9266
normal\106740.jpg,normal,10203,7466,0.9845
normal\106752.jpg,normal,10203,7466,0.9772
normal\106755.jpg,normal,10203,7466,0.9896
normal\106758.jpg,normal,10203,7466,0.9851
normal\106761.jpg,normal,10203,7466,0.9941
normal\106782.jpg,normal,10203,7466,0.9888
normal\106792.jpg,normal,10203,7466,0.9834
normal\106795.jpg,normal,10203,7466,0.9856
normal\106798.jpg,normal,10203,7466,0.983
normal\106801.jpg,normal,10203,7466,0.9864
normal\106802.jpg,normal,10203,7466,0.9882
normal\106806.jpg,normal,10203,7466,0.9827
normal\106814.jpg,normal,10203,7466,0.9602
normal\106821.jpg,normal,10203,7466,0.9849
normal\106831.jpg,normal,8714,5,0.9659
normal\106844.jpg,normal,10203,7466,0.9857
normal\106852.jpg,normal,10203,7466,0.9885
normal\106859.jpg,normal,10203,7466,0.9741
normal\106865.jpg,normal,10203,7466,0.9814
normal\106870.jpg,normal,10203,7466,0.9911
normal\106871.jpg,normal,10203,7466,0.9696
normal\106893.jpg,normal,10203,7466,0.9757
normal\106899.jpg,normal,10203,7466,0.9728
normal\106907.jpg,normal,10203,7466,0.9894
normal\106914.jpg,normal,10203,7466,0.9685
normal\106931.jpg,normal,10203,7466,0.9863
normal\106932.jpg,normal,10203,7466,0.9946
normal\106933.jpg,normal,10203,7466,0.984
normal\106936.jpg,normal,10203,7466,0.9817
normal\106950.jpg,normal,10203,7466,0.9781
normal\106951.jpg,normal,10203,7466,0.995
normal\106953.jpg,normal,10203,7466,0.9878
normal\106954.jpg,normal,10203,7466,0.9886
normal\106956.jpg,normal,10203,7466,0.9943
normal\106959.jpg,normal,8734,9,0.9604
normal\106973.jpg,normal,10203,7466,0.9697
normal\106976.jpg,normal,10203,7466,0.9895
normal\106977.jpg,normal,10203,7466,0.9816
normal\106978.jpg,normal,10203,7466,0.99
normal\106996.jpg,normal,10203,7466,0.9874
normal\106997.jpg,normal,10203,7466,0.9902
normal\106999.jpg,normal,10203,7466,0.9831
normal\107003.jpg,normal,10203,7466,0.9768
normal\107007.jpg,normal,10203,7466,0.9671
normal\107013.jpg,normal,10203,7466,0.9782
normal\107014.jpg,normal,10203,7466,0.9864
normal\107026.jpg,normal,10203,7466,0.9872
normal\107028.jpg,normal,10203,7466,0.9862
normal\107029.jpg,normal,10203,7466,0.9733
normal\107030.jpg,normal,10203,7466,0.9893
normal\107041.jpg,normal,10203,7466,0.982
normal\107043.jpg,normal,9047,10,0.9845
normal\107045.jpg,normal,8752,1,0.9284
normal\107050.jpg,normal,10203,7466,0.9891
normal\107053.jpg,normal,9196,4,0.9734
normal\107054.jpg,normal,10203,7466,0.9744
normal\107056.jpg,normal,10203,7466,0.9827
normal\107057.jpg,normal,10203,7466,0.9861
normal\107059.jpg,normal,10203,7466,0.9884
normal\107060.jpg,normal,10203,7466,0.9884
normal\107066.jpg,normal,10203,7466,0.9822
normal\107068.jpg,normal,10203,7466,0.9894
normal\107098.jpg,normal,10203,7466,0.9786
normal\107115.jpg,normal,10203,7466,0.9886
normal\107116.jpg,normal,10203,7466,0.9817
normal\107120.jpg,normal,10203,7466,0.9842
normal\107121.jpg,normal,10203,7466,0.9841
normal\107122.jpg,normal,10203,7466,0.988
normal\107134.jpg,normal,10203,7466,0.9759
normal\107139.jpg,normal,10203,7466,0.986
normal\107145.jpg,normal,10203,7466,0.9768
normal\107152.jpg,normal,10203,7466,1.0
normal\107159.jpg,normal,10203,7466,0.9922
normal\107161.jpg,normal,10203,7466,0.9941
normal\107163.jpg,normal,10203,7466,0.9951
normal\107175.jpg,normal,8775,2,0.965
normal\107182.jpg,normal,8961,11,0.9724
normal\107190.jpg,normal,10203,7466,0.9919
normal\107192.jpg,normal,10203,7466,0.9774
normal\107213.jpg,normal,10203,7466,0.9838
normal\107233.jpg,normal,10203,7466,0.9777
normal\107234.jpg,normal,10203,7466,0.9927
normal\107238.jpg,normal,9269,2,0.9791
normal\107243.jpg,normal,7681,4,0.9914
normal\107252.jpg,normal,10203,7466,0.9889
normal\107257.jpg,normal,10203,7466,0.9889
normal\107259.jpg,normal,10203,7466,0.9777
normal\107263.jpg,normal,8787,1,0.8914
normal\107267.jpg,normal,10203,7466,0.9767
normal\107273.jpg,normal,10203,7466,0.9906
normal\107280.jpg,normal,10203,7466,0.9917
normal\107283.jpg,normal,10203,7466,0.9552
normal\107287.jpg,normal,10203,7466,0.983
normal\107290.jpg,normal,10203,7466,0.9532
normal\107291.jpg,normal,10203,7466,0.9869
normal\107293.jpg,normal,10203,7466,0.9817
normal\107323.jpg,normal,10203,7466,0.9886
normal\107324.jpg,normal,10203,7466,0.9786
normal\107331.jpg,normal,10203,7466,0.9763
normal\107337.jpg,normal,8799,6,0.9853
normal\107345.jpg,normal,10203,7466,0.9723
normal\107346.jpg,normal,10203,7466,0.9862
normal\107364.jpg,normal,10203,7466,0.9728
normal\107369.jpg,normal,10203,7466,0.982
normal\107379.jpg,normal,10203,7466,1.0
normal\107381.jpg,normal,10203,7466,0.989
normal\107384.jpg,normal,10203,7466,0.9761
normal\107385.jpg,normal,10203,7466,1.0
normal\107386.jpg,normal,10203,7466,0.9765
normal\107389.jpg,normal,8809,4,0.9806
normal\107392.jpg,normal,10203,7466,0.9671
normal\107402.jpg,normal,10203,7466,0.9817
normal\107405.jpg,normal,10203,7466,0.9833
normal\107418.jpg,normal,10203,7466,0.9919
normal\107420.jpg,normal,10203,7466,0.9876
normal\107424.jpg,normal,10203,7466,0.9888
normal\107425.jpg,normal,10203,7466,0.987
normal\107426.jpg,normal,10203,7466,0.9771
normal\107441.jpg,normal,10203,7466,0.967
normal\107442.jpg,normal,10203,7466,0.9835
normal\107450.jpg,normal,10203,7466,0.9953
normal\107451.jpg,normal,10203,7466,0.9755
normal\107458.jpg,normal,10203,7466,0.9909
normal\107460.jpg,normal,8823,1,0.8965
normal\107475.jpg,normal,10203,7466,0.9883
normal\107476.jpg,normal,10203,7466,0.9883
normal\107480.jpg,normal,10203,7466,0.9691
normal\107482.jpg,normal,10203,7466,0.994
normal\107487.jpg,normal,10203,7466,0.985
normal\107491.jpg,normal,10203,7466,0.9802
normal\107497.jpg,normal,10203,7466,0.9816
normal\107501.jpg,normal,10203,7466,0.9884
normal\107507.jpg,normal,10203,7466,0.9782
normal\107509.jpg,normal,8833,1,0.9152
normal\107515.jpg,normal,9110,2,0.9501
normal\107527.jpg,normal,10203,7466,0.9926
normal\107528.jpg,normal,8836,1,0.9484
normal\107536.jpg,normal,10203,7466,0.9767
normal\107537.jpg,normal,8838,1,0.9376
normal\107551.jpg,normal,10203,7466,0.9958
normal\107557.jpg,normal,10203,7466,0.9655
normal\107562.jpg,normal,10203,7466,0.9876
normal\107565.jpg,normal,10203,7466,0.9689
normal\107567.jpg,normal,10203,7466,0.9901
normal\107572.jpg,normal,10203,7466,0.975
normal\107573.jpg,normal,10203,7466,0.9823
normal\107574.jpg,normal,10203,7466,0.9863
normal\107581.jpg,normal,10203,7466,0.9914
normal\107593.jpg,normal,8848,1,0.9466
normal\107597.jpg,normal,10203,7466,0.983
normal\107598.jpg,normal,10203,7466,0.9909
normal\107602.jpg,normal,10203,7466,0.9773
normal\107603.jpg,normal,9115,3,0.9652
normal\107609.jpg,normal,10203,7466,0.9955
normal\107612.jpg,normal,10203,7466,0.9939
normal\107613.jpg,normal,10203,7466,0.9835
normal\107614.jpg,normal,10203,7466,0.9868
normal\107615.jpg,normal,10203,7466,0.9822
normal\107622.jpg,normal,10203,7466,0.9871
normal\107650.jpg,normal,10203,7466,0.9901
normal\107652.jpg,normal,10203,7466,0.9822
normal\107655.jpg,normal,10203,7466,0.9862
normal\107665.jpg,normal,10203,7466,0.9904
normal\107675.jpg,normal,10203,7466,1.0
normal\107681.jpg,normal,8714,5,0.9745
normal\107685.jpg,normal,10203,7466,0.9859
normal\107689.jpg,normal,10203,7466,0.9893
normal\107691.jpg,normal,10203,7466,0.988
normal\107697.jpg,normal,10203,7466,0.9857
normal\107703.jpg,normal,10203,7466,0.9799
normal\107708.jpg,normal,10203,7466,0.9904
normal\107725.jpg,normal,10203,7466,0.9925
normal\107726.jpg,normal,10203,7466,0.9645
normal\107727.jpg,normal,8734,9,0.9805
normal\107741.jpg,normal,10203,7466,0.9844
normal\107750.jpg,normal,10203,7466,0.9866
normal\107758.jpg,normal,10203,7466,0.9836
normal\107765.jpg,normal,10203,7466,0.9834
normal\107767.jpg,normal,9103,3,0.9543
normal\107773.jpg,normal,10203,7466,0.9852
normal\107778.jpg,normal,10203,7466,0.9955
normal\107797.jpg,normal,10203,7466,0.9886
normal\107800.jpg,normal,10203,7466,0.9802
normal\107808.jpg,normal,10203,7466,0.9762
normal\107810.jpg,normal,10203,7466,0.9888
normal\107813.jpg,normal,10203,7466,0.9863
normal\107838.jpg,normal,10203,7466,0.9809
normal\107851.jpg,normal,8961,11,0.9736
normal\107856.jpg,normal,10203,7466,0.9856
normal\107861.jpg,normal,10203,7466,0.9839
normal\107867.jpg,normal,9259,4,0.9592
normal\107872.jpg,normal,10203,7466,1.0
normal\107877.jpg,normal,10203,7466,0.9753
normal\107878.jpg,normal,10203,7466,0.9546
normal\107891.jpg,normal,10203,7466,0.9722
normal\107897.jpg,normal,10203,7466,1.0
normal\107909.jpg,normal,10203,7466,0.9847
normal\107910.jpg,normal,10203,7466,0.9852
normal\107919.jpg,normal,10203,7466,0.9745
normal\107924.jpg,normal,10203,7466,0.9874
normal\107926.jpg,normal,10203,7466,0.9864
normal\107933.jpg,normal,10203,7466,0.9905
normal\107942.jpg,normal,9047,10,0.9838
normal\107945.jpg,normal,10203,7466,0.9763
normal\107954.jpg,normal,10203,7466,0.9651
normal\107960.jpg,normal,10203,7466,0.9892
normal\107966.jpg,normal,10203,7466,0.99
normal\107977.jpg,normal,8907,1,0.9179
normal\107987.jpg,normal,8908,1,0.923
normal\108008.jpg,normal,10203,7466,0.9776
normal\108011.jpg,normal,10203,7466,0.9767
normal\108012.jpg,normal,10203,7466,0.9778
normal\108013.jpg,normal,10203,7466,0.987
normal\108015.jpg,normal,10203,7466,1.0
normal\108045.jpg,normal,10203,7466,0.9606
normal\108050.jpg,normal,10203,7466,0.994
normal\108055.jpg,normal,10203,7466,0.9861
normal\108058.jpg,normal,10203,7466,0.9828
normal\108062.jpg,normal,10203,7466,0.98
normal\108065.jpg,normal,10203,7466,0.9951
normal\108073.jpg,normal,10203,7466,0.9911
normal\108091.jpg,normal,10203,7466,0.9828
normal\108097.jpg,normal,10203,7466,0.9799
normal\108101.jpg,normal,10203,7466,0.9669
normal\108114.jpg,normal,10203,7466,0.9844
normal\108134.jpg,normal,10203,7466,0.9874
normal\108136.jpg,normal,10203,7466,0.9842
normal\108160.jpg,normal,10203,7466,0.9807
normal\108166.jpg,normal,10203,7466,0.9885
normal\108173.jpg,normal,10203,7466,0.9853
normal\108185.jpg,normal,10203,7466,0.9807
normal\108188.jpg,normal,10203,7466,0.9946
normal\108190.jpg,normal,10203,7466,0.9953
normal\108196.jpg,normal,10203,7466,0.9861
normal\108198.jpg,normal,10203,7466,0.9878
normal\108205.jpg,normal,10203,7466,0.9749
normal\108208.jpg,normal,10203,7466,0.9864
normal\108218.jpg,normal,8937,1,0.9451
normal\108220.jpg,normal,10203,7466,0.9912
normal\108222.jpg,normal,10203,7466,0.9924
normal\108223.jpg,normal,10203,7466,0.9923
normal\108226.jpg,normal,10203,7466,0.9778
normal\108234.jpg,normal,10203,7466,0.9815
normal\108240.jpg,normal,10203,7466,0.9837
normal\108242.jpg,normal,10203,7466,0.9501
normal\108264.jpg,normal,10203,7466,0.9867
normal\108268.jpg,normal,10203,7466,0.9774
normal\108280.jpg,normal,10203,7466,0.9819
normal\108284.jpg,normal,9199,7,0.9721
normal\108285.jpg,normal,10203,7466,0.9906
normal\108289.jpg,normal,10203,7466,0.9845
normal\108299.jpg,normal,10203,7466,0.9873
normal\108313.jpg,normal,10203,7466,0.9953
normal\108325.jpg,normal,10203,7466,0.9845
normal\108337.jpg,normal,10203,7466,0.9925
normal\108338.jpg,normal,10203,7466,0.9635
normal\108351.jpg,normal,10203,7466,0.9829
normal\108355.jpg,normal,10203,7466,0.9823
normal\108359.jpg,normal,10203,7466,0.9833
normal\108360.jpg,normal,10203,7466,0.9917
normal\108361.jpg,normal,10203,7466,0.9852
normal\108362.jpg,normal,8961,11,0.9696
normal\108363.jpg,normal,10203,7466,0.9954
normal\108364.jpg,normal,8963,1,0.917
normal\108366.jpg,normal,10203,7466,0.9889
normal\108371.jpg,normal,10203,7466,0.9778
normal\108372.jpg,normal,10203,7466,0.9803
normal\108378.jpg,normal,10203,7466,0.9895
normal\108381.jpg,normal,10203,7466,0.9867
normal\108385.jpg,normal,10203,7466,0.9799
normal\108388.jpg,normal,8799,6,0.9783
normal\108390.jpg,normal,10203,7466,0.9756
normal\108395.jpg,normal,10203,7466,0.9667
normal\108416.jpg,normal,10203,7466,0.974
normal\108420.jpg,normal,10203,7466,0.987
normal\108428.jpg,normal,9274,2,0.9658
normal\108434.jpg,normal,10203,7466,0.9902
normal\108438.jpg,normal,10203,7466,0.9781
normal\108440.jpg,normal,10203,7466,0.9847
normal\108442.jpg,normal,10203,7466,0.9778
normal\108444.jpg,normal,10203,7466,0.9884
normal\108456.jpg,normal,10203,7466,0.9887
normal\108459.jpg,normal,10203,7466,0.992
normal\108462.jpg,normal,10203,7466,0.9925
normal\108469.jpg,normal,10203,7466,0.9842
normal\108471.jpg,normal,8961,11,0.979
normal\108478.jpg,normal,8986,3,0.9772
normal\108479.jpg,normal,9047,10,0.9844
normal\108480.jpg,normal,10203,7466,0.9874
normal\108484.jpg,normal,10203,7466,0.995
normal\108485.jpg,normal,7382,72,0.9712
normal\108490.jpg,normal,10203,7466,0.9641
normal\108500.jpg,normal,10203,7466,0.9816
normal\108503.jpg,normal,10203,7466,0.9872
normal\108521.jpg,normal,8994,2,0.9563
normal\108525.jpg,normal,10203,7466,0.9791
normal\108528.jpg,normal,10203,7466,0.979
normal\108535.jpg,normal,10203,7466,0.9827
normal\108544.jpg,normal,10203,7466,0.9701
normal\108545.jpg,normal,10203,7466,0.986
normal\108556.jpg,normal,10203,7466,0.9618
normal\108558.jpg,normal,10203,7466,0.992
normal\108562.jpg,normal,10203,7466,0.9805
normal\108567.jpg,normal,10203,7466,0.9877
normal\108571.jpg,normal,10203,7466,0.9877
normal\108572.jpg,normal,10203,7466,0.9733
normal\108580.jpg,normal,10203,7466,0.9591
normal\108586.jpg,normal,10203,7466,0.9937
normal\108593.jpg,normal,10203,7466,0.9935
normal\108599.jpg,normal,9084,2,0.9623
normal\108605.jpg,normal,10203,7466,0.9873
normal\108607.jpg,normal,10203,7466,0.9745
normal\108611.jpg,normal,10203,7466,0.9761
normal\108612.jpg,normal,9047,10,0.9852
normal\108614.jpg,normal,10203,7466,0.9896
normal\108616.jpg,normal,10203,7466,0.9632
normal\108617.jpg,normal,10203,7466,0.9895
normal\108620.jpg,normal,10203,7466,0.9862
normal\108623.jpg,normal,9069,5,0.9711
normal\108628.jpg,normal,10203,7466,0.987
normal\108629.jpg,normal,10203,7466,0.9799
normal\108630.jpg,normal,10203,7466,0.9647
normal\108634.jpg,normal,10203,7466,0.9902
normal\108642.jpg,normal,10203,7466,0.9856
normal\108652.jpg,normal,10203,7466,0.9923
normal\108654.jpg,normal,10203,7466,0.9897
normal\108655.jpg,normal,10203,7466,0.9742
normal\108657.jpg,normal,10203,7466,0.9882
normal\108662.jpg,normal,10203,7466,0.9862
normal\108665.jpg,normal,10203,7466,0.9911
normal\108667.jpg,normal,9030,1,0.9408
normal\108670.jpg,normal,10203,7466,0.9922
normal\108672.jpg,normal,10203,7466,0.9862
normal\108676.jpg,normal,10203,7466,0.9805
normal\108688.jpg,normal,10203,7466,0.9906
normal\108693.jpg,normal,10203,7466,0.9923
normal\108701.jpg,normal,10203,7466,0.9956
normal\108705.jpg,normal,10203,7466,0.9866
normal\108709.jpg,normal,10203,7466,0.9754
normal\108714.jpg,normal,10203,7466,0.9913
normal\108717.jpg,normal,10203,7466,0.9857
normal\108726.jpg,normal,10203,7466,0.9823
normal\108727.jpg,normal,10203,7466,0.9918
normal\108731.jpg,normal,10203,7466,0.9805
normal\108732.jpg,normal,10203,7466,0.979
normal\108737.jpg,normal,10203,7466,0.9889
normal\108738.jpg,normal,10203,7466,0.9877
normal\108746.jpg,normal,9047,10,0.9847
normal\108762.jpg,normal,10203,7466,0.9878
normal\108769.jpg,normal,9049,2,0.9762
normal\108774.jpg,normal,10203,7466,0.9893
normal\108779.jpg,normal,10203,7466,0.9563
normal\108788.jpg,normal,10203,7466,0.971
normal\108806.jpg,normal,10203,7466,0.9624
normal\108810.jpg,normal,10203,7466,0.9887
normal\108812.jpg,normal,10203,7466,0.9835
normal\108830.jpg,normal,10203,7466,0.9729
normal\108837.jpg,normal,10203,7466,0.9894
normal\108839.jpg,normal,10203,7466,0.9895
normal\108841.jpg,normal,10203,7466,0.9822
normal\108842.jpg,normal,10203,7466,0.9698
normal\108850.jpg,normal,10203,7466,0.9894
normal\108851.jpg,normal,10203,7466,0.9816
normal\108857.jpg,normal,10203,7466,0.9955
normal\108862.jpg,normal,10203,7466,0.9784
normal\108872.jpg,normal,10203,7466,0.9767
normal\108875.jpg,normal,10203,7466,0.9878
normal\108881.jpg,normal,10203,7466,0.9771
normal\108882.jpg,normal,10203,7466,0.9817
normal\108888.jpg,normal,9069,5,0.9718
normal\108889.jpg,normal,10203,7466,0.9806
normal\108902.jpg,normal,10203,7466,0.9811
normal\108903.jpg,normal,10203,7466,0.9828
normal\108910.jpg,normal,10203,7466,0.9834
normal\108913.jpg,normal,10203,7466,0.984
normal\108919.jpg,normal,10203,7466,0.9756
normal\108926.jpg,normal,10203,7466,0.9895
normal\108935.jpg,normal,9077,1,0.9361
normal\108936.jpg,normal,10203,7466,0.9888
normal\108938.jpg,normal,8734,9,0.9753
normal\108939.jpg,normal,10203,7466,0.9696
normal\108949.jpg,normal,10203,7466,0.9851
normal\108958.jpg,normal,10203,7466,0.9823
normal\108973.jpg,normal,10203,7466,0.9592
normal\108981.jpg,normal,9084,2,0.9623
normal\108999.jpg,normal,10203,7466,0.9859
normal\109003.jpg,normal,10203,7466,0.9955
normal\109005.jpg,normal,10203,7466,0.9901
normal\109009.jpg,normal,10203,7466,0.9797
normal\109020.jpg,normal,10203,7466,0.9765
normal\109024.jpg,normal,10203,7466,0.9867
normal\109037.jpg,normal,10203,7466,0.9915
normal\109041.jpg,normal,10203,7466,0.9926
normal\109043.jpg,normal,10203,7466,0.9825
normal\109050.jpg,normal,10203,7466,0.9863
normal\109051.jpg,normal,10203,7466,0.9956
normal\109054.jpg,normal,10203,7466,0.9878
normal\109060.jpg,normal,10203,7466,0.9817
normal\109061.jpg,normal,10203,7466,0.9923
normal\109063.jpg,normal,10203,7466,0.9892
normal\109066.jpg,normal,10203,7466,0.983
normal\109087.jpg,normal,10203,7466,0.9688
normal\109089.jpg,normal,10203,7466,0.9864
normal\109092.jpg,normal,9103,3,0.977
normal\109094.jpg,normal,9104,2,0.9501
normal\109096.jpg,normal,10203,7466,0.9799
normal\109100.jpg,normal,10203,7466,0.972
normal\109116.jpg,normal,10203,7466,0.9873
normal\109117.jpg,normal,10203,7466,0.9855
normal\109139.jpg,normal,10203,7466,0.9881
normal\109140.jpg,normal,9110,2,0.9501
normal\109151.jpg,normal,9111,2,0.9807
normal\109155.jpg,normal,10203,7466,0.9762
normal\109156.jpg,normal,10203,7466,1.0
normal\109157.jpg,normal,10203,7466,0.9817
normal\109158.jpg,normal,9115,3,0.9602
normal\109166.jpg,normal,10203,7466,0.9892
normal\109175.jpg,normal,10203,7466,0.986
normal\109176.jpg,normal,10203,7466,0.9865
normal\109178.jpg,normal,10203,7466,0.9915
normal\109182.jpg,normal,10203,7466,0.9763
normal\109190.jpg,normal,10203,7466,0.9886
normal\109197.jpg,normal,10203,7466,0.9895
normal\109206.jpg,normal,10203,7466,0.9832
normal\109226.jpg,normal,10203,7466,0.9821
normal\109231.jpg,normal,10203,7466,0.9712
normal\109236.jpg,normal,10203,7466,0.9904
normal\109250.jpg,normal,10203,7466,0.9852
normal\109266.jpg,normal,10203,7466,0.9862
normal\109288.jpg,normal,10203,7466,0.9848
normal\109292.jpg,normal,10203,7466,0.9839
normal\109296.jpg,normal,10203,7466,0.9816
normal\109301.jpg,normal,10203,7466,0.9817
normal\109316.jpg,normal,9199,7,0.9878
normal\109317.jpg,normal,10203,7466,0.9863
normal\109319.jpg,normal,10203,7466,0.9938
normal\109325.jpg,normal,9199,7,0.9878
normal\109327.jpg,normal,10203,7466,0.9922
normal\109328.jpg,normal,10203,7466,0.9918
normal\109330.jpg,normal,10203,7466,0.9826
normal\109333.jpg,normal,10203,7466,0.9816
normal\109336.jpg,normal,10203,7466,0.9942
normal\109344.jpg,normal,10203,7466,0.9831
normal\109348.jpg,normal,9259,4,0.9694
normal\109352.jpg,normal,10203,7466,0.9827
normal\109353.jpg,normal,10203,7466,0.9748
normal\109355.jpg,normal,10203,7466,0.9702
normal\109358.jpg,normal,10203,7466,0.9773
normal\109363.jpg,normal,10203,7466,0.9933
normal\109364.jpg,normal,10203,7466,0.9887
normal\109365.jpg,normal,10203,7466,0.977
normal\109377.jpg,normal,10203,7466,0.9889
normal\109383.jpg,normal,9199,7,0.9768
normal\109386.jpg,normal,10203,7466,0.9651
normal\109393.jpg,normal,10203,7466,0.9937
normal\109403.jpg,normal,10203,7466,0.9796
normal\109416.jpg,normal,10203,7466,0.9885
normal\109418.jpg,normal,10203,7466,0.9842
normal\109426.jpg,normal,10203,7466,0.9585
normal\109433.jpg,normal,10203,7466,0.9898
normal\109437.jpg,normal,10203,7466,0.9926
normal\109442.jpg,normal,10203,7466,0.9839
normal\109444.jpg,normal,10203,7466,0.9883
normal\109451.jpg,normal,10203,7466,0.9901
normal\109463.jpg,normal,10203,7466,0.9633
normal\109471.jpg,normal,10203,7466,0.9839
normal\109473.jpg,normal,10203,7466,0.9879
normal\109478.jpg,normal,10203,7466,0.9934
normal\109480.jpg,normal,10203,7466,0.9873
normal\109483.jpg,normal,10203,7466,0.98
normal\109485.jpg,normal,10203,7466,0.9831
normal\109493.jpg,normal,10203,7466,0.974
normal\109499.jpg,normal,10203,7466,0.9788
normal\109502.jpg,normal,10203,7466,0.9888
normal\109503.jpg,normal,10203,7466,0.9887
normal\109521.jpg,normal,10203,7466,0.9758
normal\109536.jpg,normal,10203,7466,0.982
normal\109570.jpg,normal,10203,7466,0.99
normal\109580.jpg,normal,10203,7466,0.9885
normal\109583.jpg,normal,10203,7466,0.991
normal\109584.jpg,normal,10203,7466,0.9813
normal\109604.jpg,normal,9181,1,0.9149
normal\109605.jpg,normal,10203,7466,0.9781
normal\109612.jpg,normal,10203,7466,0.9891
normal\109613.jpg,normal,9184,2,0.9703
normal\109614.jpg,normal,10203,7466,0.983
normal\109615.jpg,normal,10203,7466,0.9896
normal\109622.jpg,normal,10203,7466,0.9896
normal\109625.jpg,normal,10203,7466,0.9958
normal\109628.jpg,normal,10203,7466,0.9709
normal\109634.jpg,normal,10203,7466,1.0
normal\109637.jpg,normal,10203,7466,0.9796
normal\109638.jpg,normal,10203,7466,0.9874
normal\109642.jpg,normal,10203,7466,0.9833
normal\109647.jpg,normal,10203,7466,0.9862
normal\109650.jpg,normal,10203,7466,0.9708
normal\109659.jpg,normal,9196,4,0.9831
normal\109663.jpg,normal,10203,7466,0.9536
normal\109668.jpg,normal,10203,7466,0.9699
normal\109671.jpg,normal,9199,7,0.9671
normal\109675.jpg,normal,10203,7466,0.986
normal\109684.jpg,normal,10203,7466,0.989
normal\109695.jpg,normal,10203,7466,0.9694
normal\109704.jpg,normal,10203,7466,0.9835
normal\109714.jpg,normal,10203,7466,0.9794
normal\109733.jpg,normal,9205,1,0.9145
normal\109760.jpg,normal,10203,7466,0.963
normal\109776.jpg,normal,10203,7466,0.989
normal\109781.jpg,normal,10203,7466,0.9845
normal\109792.jpg,normal,10203,7466,0.986
normal\109805.jpg,normal,10203,7466,1.0
normal\109811.jpg,normal,10203,7466,0.9901
normal\109813.jpg,normal,10203,7466,0.9785
normal\109815.jpg,normal,10203,7466,0.9767
normal\109819.jpg,normal,10203,7466,0.9923
normal\109821.jpg,normal,10203,7466,0.987
normal\109829.jpg,normal,10203,7466,0.9698
normal\109833.jpg,normal,10203,7466,0.9602
normal\109836.jpg,normal,10203,7466,0.9832
normal\109839.jpg,normal,10203,7466,0.9842
normal\109842.jpg,normal,10203,7466,0.9934
normal\109848.jpg,normal,10203,7466,0.9914
normal\109850.jpg,normal,9222,1,0.9351
normal\109852.jpg,normal,10203,7466,0.989
normal\109856.jpg,normal,10203,7466,0.9711
normal\109866.jpg,normal,10203,7466,0.963
normal\109869.jpg,normal,10203,7466,0.9872
normal\109871.jpg,normal,10203,7466,0.989
normal\109877.jpg,normal,10203,7466,0.9805
normal\109879.jpg,normal,10203,7466,0.99
normal\109880.jpg,normal,10203,7466,0.983
normal\109882.jpg,normal,10203,7466,0.9879
normal\109891.jpg,normal,10203,7466,0.9796
normal\109896.jpg,normal,10203,7466,0.9755
normal\109912.jpg,normal,10203,7466,0.9907
normal\109915.jpg,normal,10203,7466,0.9912
normal\109919.jpg,normal,10203,7466,0.954
normal\109944.jpg,normal,10203,7466,0.9879
normal\109947.jpg,normal,10203,7466,0.9926
normal\109952.jpg,normal,10203,7466,0.9864
normal\109953.jpg,normal,9047,10,0.9813
normal\109957.jpg,normal,10203,7466,0.9917
normal\109967.jpg,normal,10203,7466,0.9838
normal\109969.jpg,normal,10203,7466,0.9932
normal\109974.jpg,normal,10203,7466,0.9898
normal\109984.jpg,normal,10203,7466,0.9917
normal\109985.jpg,normal,10203,7466,0.9691
normal\109990.jpg,normal,10203,7466,0.9794
normal\109993.jpg,normal,10203,7466,0.9839
normal\109997.jpg,normal,10203,7466,0.9891
normal\109999.jpg,normal,10203,7466,0.9863
normal\110001.jpg,normal,10203,7466,0.9861
normal\110011.jpg,normal,10203,7466,0.9826
normal\110012.jpg,normal,10203,7466,0.9752
normal\110013.jpg,normal,10203,7466,0.9872
normal\110014.jpg,normal,10203,7466,0.9655
normal\110017.jpg,normal,10203,7466,0.985
normal\110028.jpg,normal,10203,7466,0.9818
normal\110030.jpg,normal,10203,7466,0.9692
normal\110032.jpg,normal,9259,4,0.9699
normal\110048.jpg,normal,10203,7466,0.9864
normal\110050.jpg,normal,10203,7466,0.9777
normal\110064.jpg,normal,10203,7466,0.9933
normal\110075.jpg,normal,10203,7466,0.9887
normal\110077.jpg,normal,10203,7466,0.9803
normal\110082.jpg,normal,10203,7466,0.9875
normal\110116.jpg,normal,10203,7466,0.9849
normal\110126.jpg,normal,10203,7466,0.9784
normal\110130.jpg,normal,10203,7466,0.988
normal\110131.jpg,normal,9269,2,0.9791
normal\110132.jpg,normal,10203,7466,0.9756
normal\110136.jpg,normal,10203,7466,0.9912
normal\110137.jpg,normal,10203,7466,0.9698
normal\110142.jpg,normal,10203,7466,0.9947
normal\110145.jpg,normal,9274,2,0.9658
normal\110152.jpg,normal,8734,9,0.981
normal\110154.jpg,normal,10203,7466,0.9604
normal\110155.jpg,normal,10203,7466,0.987
normal\110165.jpg,normal,10203,7466,0.9859
normal\110169.jpg,normal,10203,7466,0.9896
normal\110171.jpg,normal,10203,7466,0.9922
normal\110180.jpg,normal,10203,7466,0.99
normal\110187.jpg,normal,9282,1,0.9481
normal\110197.jpg,normal,10203,7466,0.9748
normal\110227.jpg,normal,10203,7466,0.9632
normal\110236.jpg,normal,10203,7466,0.9807
normal\110237.jpg,normal,10203,7466,0.9852
normal\110246.jpg,normal,10203,7466,0.9587
normal\110248.jpg,normal,10203,7466,0.982
normal\110249.jpg,normal,10203,7466,0.9888
normal\110250.jpg,normal,10203,7466,0.9821
normal\110253.jpg,normal,10203,7466,0.9816
normal\110255.jpg,normal,10203,7466,0.9836
normal\110265.jpg,normal,10203,7466,0.979
normal\110275.jpg,normal,10203,7466,0.9801
normal\110281.jpg,normal,10203,7466,0.9871
normal\110286.jpg,normal,8961,11,0.9773
normal\110287.jpg,normal,9297,1,0.927
normal\110288.jpg,normal,10203,7466,0.9803
normal\110294.jpg,normal,10203,7466,0.9766
normal\110300.jpg,normal,10203,7466,0.9772
normal\110310.jpg,normal,10203,7466,0.968
normal\110313.jpg,normal,10203,7466,0.9923
normal\110318.jpg,normal,10203,7466,0.9849
normal\110327.jpg,normal,10203,7466,0.9813
normal\110330.jpg,normal,10203,7466,0.9852
normal\110335.jpg,normal,10203,7466,0.9841
normal\110338.jpg,normal,10203,7466,0.9904
normal\110341.jpg,normal,9308,2,0.9568
normal\110347.jpg,normal,10203,7466,0.972
normal\110348.jpg,normal,10203,7466,0.9819
normal\110349.jpg,normal,10203,7466,0.9899
normal\110350.jpg,normal,10203,7466,0.9657
normal\110352.jpg,normal,10203,7466,0.9933
normal\110353.jpg,normal,10203,7466,0.9859
normal\110359.jpg,normal,7382,72,0.9712
normal\110372.jpg,normal,10203,7466,0.976
normal\110386.jpg,normal,10203,7466,0.9779
normal\110404.jpg,normal,10203,7466,0.9813
tungro\100011.jpg,tungro,10203,7466,0.9797
tungro\100013.jpg,tungro,10203,7466,0.9895
tungro\100014.jpg,tungro,10203,7466,0.9573
tungro\100016.jpg,tungro,10203,7466,0.9837
tungro\100021.jpg,tungro,10203,7466,0.984
tungro\100024.jpg,tungro,10203,7466,0.9786
tungro\100032.jpg,tungro,10203,7466,0.9857
tungro\100056.jpg,tungro,10203,7466,0.963
tungro\100057.jpg,tungro,10203,7466,0.9879
tungro\100060.jpg,tungro,10203,7466,0.9764
tungro\100091.jpg,tungro,10203,7466,0.9805
tungro\100098.jpg,tungro,10203,7466,0.9738
tungro\100100.jpg,tungro,9720,2,1.0
tungro\100102.jpg,tungro,10203,7466,0.987
tungro\100113.jpg,tungro,10203,7466,0.9936
tungro\100129.jpg,tungro,10203,7466,0.9749
tungro\100134.jpg,tungro,10203,7466,0.9739
tungro\100140.jpg,tungro,10203,7466,0.9778
tungro\100163.jpg,tungro,9337,1,0.941
tungro\100179.jpg,tungro,10203,7466,0.9731
tungro\100183.jpg,tungro,10203,7466,0.9879
tungro\100204.jpg,tungro,10203,7466,0.9843
tungro\100207.jpg,tungro,10203,7466,0.9756
tungro\100223.jpg,tungro,10203,7466,0.9615
tungro\100238.jpg,tungro,10203,7466,0.9823
tungro\100241.jpg,tungro,10203,7466,0.9914
tungro\100247.jpg,tungro,10203,7466,0.969
tungro\100261.jpg,tungro,10203,7466,0.9647
tungro\100270.jpg,tungro,10236,5,0.9864
tungro\100287.jpg,tungro,9879,2,0.9769
tungro\100294.jpg,tungro,10203,7466,0.9824
tungro\100307.jpg,tungro,10203,7466,0.9817
tungro\100311.jpg,tungro,10203,7466,0.9828
tungro\100317.jpg,tungro,10203,7466,0.9855
tungro\100328.jpg,tungro,10203,7466,0.975
tungro\100331.jpg,tungro,10203,7466,0.9886
tungro\100333.jpg,tungro,10203,7466,0.9751
tungro\100336.jpg,tungro,10203,7466,0.9809
tungro\100337.jpg,tungro,10203,7466,0.9766
tungro\100339.jpg,tungro,10203,7466,0.9783
tungro\100342.jpg,tungro,10203,7466,0.9776
tungro\100357.jpg,tungro,10203,7466,0.9834
tungro\100371.jpg,tungro,9494,39,0.9847
tungro\100374.jpg,tungro,10203,7466,0.9848
tungro\100389.jpg,tungro,10203,7466,0.9971
tungro\100408.jpg,tungro,10203,7466,0.9819
tungro\100435.jpg,tungro,10203,7466,0.9835
tungro\100440.jpg,tungro,10203,7466,0.9812
tungro\100457.jpg,tungro,10203,7466,0.9876
tungro\100458.jpg,tungro,10203,7466,0.986
tungro\100461.jpg,tungro,10203,7466,0.9859
tungro\100464.jpg,tungro,10203,7466,0.9888
tungro\100468.jpg,tungro,10203,7466,0.9758
tungro\100471.jpg,tungro,10203,7466,0.9806
tungro\100488.jpg,tungro,10203,7466,0.9869
tungro\100514.jpg,tungro,10203,7466,0.9879
tungro\100535.jpg,tungro,10203,7466,0.9875
tungro\100557.jpg,tungro,10203,7466,0.9837
tungro\100569.jpg,tungro,9377,1,0.9405
tungro\100577.jpg,tungro,10203,7466,0.9889
tungro\100607.jpg,tungro,10203,7466,0.9586
tungro\100614.jpg,tungro,10203,7466,0.9651
tungro\100639.jpg,tungro,10203,7466,0.9766
tungro\100659.jpg,tungro,10203,7466,0.9682
tungro\100660.jpg,tungro,10397,20,0.9751
tungro\100661.jpg,tungro,10203,7466,0.9873
tungro\100677.jpg,tungro,10236,5,0.9826
tungro\100682.jpg,tungro,10203,7466,0.9822
tungro\100687.jpg,tungro,10203,7466,0.9905
tungro\100689.jpg,tungro,9824,2,1.0
tungro\100699.jpg,tungro,10203,7466,0.9889
tungro\100712.jpg,tungro,10203,7466,0.9859
tungro\100713.jpg,tungro,10203,7466,0.9943
tungro\100717.jpg,tungro,10203,7466,0.9692
tungro\100723.jpg,tungro,10203,7466,0.9741
tungro\100743.jpg,tungro,10203,7466,0.9798
tungro\100757.jpg,tungro,9485,2,0.965
tungro\100763.jpg,tungro,10203,7466,0.9549
tungro\100769.jpg,tungro,10203,7466,0.9784
tungro\100772.jpg,tungro,10203,7466,0.9886
tungro\100786.jpg,tungro,10203,7466,0.9878
tungro\100790.jpg,tungro,10203,7466,0.9901
tungro\100811.jpg,tungro,10203,7466,0.9879
tungro\100827.jpg,tungro,10203,7466,0.9647
tungro\100829.jpg,tungro,10203,7466,0.9906
tungro\100830.jpg,tungro,10203,7466,0.9927
tungro\100834.jpg,tungro,10203,7466,0.9835
tungro\100846.jpg,tungro,10203,7466,0.9846
tungro\100849.jpg,tungro,10203,7466,0.9844
tungro\100853.jpg,tungro,10203,7466,0.9962
tungro\100855.jpg,tungro,10237,39,0.975
tungro\100876.jpg,tungro,10203,7466,0.9928
tungro\100885.jpg,tungro,10203,7466,0.9859
tungro\100886.jpg,tungro,10203,7466,0.9916
tungro\100905.jpg,tungro,10203,7466,0.9844
tungro\100910.jpg,tungro,10203,7466,0.9672
tungro\100911.jpg,tungro,10203,7466,0.9832
tungro\100931.jpg,tungro,10203,7466,0.9647
tungro\100941.jpg,tungro,10203,7466,0.9866
tungro\100949.jpg,tungro,9418,1,0.9472
tungro\100968.jpg,tungro,10203,7466,0.9831
tungro\100980.jpg,tungro,10203,7466,0.95
tungro\100990.jpg,tungro,10203,7466,0.9715
tungro\100999.jpg,tungro,10203,7466,0.9725
tungro\101008.jpg,tungro,10203,7466,0.9926
tungro\101036.jpg,tungro,10203,7466,0.9771
tungro\101037.jpg,tungro,10203,7466,0.9885
tungro\101039.jpg,tungro,10203,7466,0.9814
tungro\101040.jpg,tungro,10203,7466,0.9905
tungro\101046.jpg,tungro,10237,39,0.9787
tungro\101060.jpg,tungro,10203,7466,0.95
tungro\101084.jpg,tungro,10203,7466,0.9621
tungro\101086.jpg,tungro,10203,7466,1.0
tungro\101087.jpg,tungro,10203,7466,0.9672
tungro\101091.jpg,tungro,10203,7466,0.9925
tungro\101106.jpg,tungro,10203,7466,0.9895
tungro\101137.jpg,tungro,10203,7466,0.9746
tungro\101156.jpg,tungro,10237,39,0.9834
tungro\101170.jpg,tungro,10203,7466,0.9931
tungro\101206.jpg,tungro,10203,7466,0.9826
tungro\101207.jpg,tungro,10203,7466,0.978
tungro\101227.jpg,tungro,10351,2,0.9668
tungro\101230.jpg,tungro,10397,20,0.9899
tungro\101242.jpg,tungro,10203,7466,0.983
tungro\101243.jpg,tungro,10203,7466,0.9844
tungro\101251.jpg,tungro,10203,7466,0.9785
tungro\101259.jpg,tungro,10203,7466,0.9597
tungro\101261.jpg,tungro,10203,7466,0.9876
tungro\101270.jpg,tungro,10203,7466,0.9673
tungro\101275.jpg,tungro,10203,7466,0.9832
tungro\101279.jpg,tungro,10203,7466,0.9505
tungro\101301.jpg,tungro,10203,7466,0.9872
tungro\101321.jpg,tungro,10203,7466,0.9962
tungro\101325.jpg,tungro,10203,7466,0.9874
tungro\101328.jpg,tungro,10203,7466,0.989
tungro\101330.jpg,tungro,10203,7466,0.9974
tungro\101337.jpg,tungro,10203,7466,0.9861
tungro\101349.jpg,tungro,10203,7466,0.9759
tungro\101357.jpg,tungro,10203,7466,0.9851
tungro\101358.jpg,tungro,10397,20,0.9535
tungro\101359.jpg,tungro,10203,7466,0.9841
tungro\101363.jpg,tungro,10203,7466,0.9933
tungro\101364.jpg,tungro,10203,7466,0.9911
tungro\101369.jpg,tungro,10203,7466,0.9845
tungro\101371.jpg,tungro,10203,7466,0.9832
tungro\101379.jpg,tungro,10203,7466,0.9704
tungro\101382.jpg,tungro,10203,7466,0.9832
tungro\101387.jpg,tungro,10237,39,0.9847
tungro\101389.jpg,tungro,9881,7,0.982
tungro\101390.jpg,tungro,10203,7466,0.962
tungro\101399.jpg,tungro,10203,7466,0.9858
tungro\101421.jpg,tungro,10203,7466,0.9552
tungro\101429.jpg,tungro,10203,7466,0.98
tungro\101431.jpg,tungro,10237,39,0.9754
tungro\101437.jpg,tungro,10203,7466,0.9713
tungro\101439.jpg,tungro,10203,7466,0.9878
tungro\101442.jpg,tungro,10203,7466,0.9676
tungro\101445.jpg,tungro,10203,7466,1.0
tungro\101449.jpg,tungro,10203,7466,0.9718
tungro\101453.jpg,tungro,10203,7466,0.9788
tungro\101454.jpg,tungro,10203,7466,0.9775
tungro\101459.jpg,tungro,10397,20,0.9806
tungro\101460.jpg,tungro,10203,7466,0.9854
tungro\101477.jpg,tungro,10203,7466,0.9674
tungro\101482.jpg,tungro,10203,7466,0.9945
tungro\101495.jpg,tungro,10203,7466,0.9779
tungro\101507.jpg,tungro,9485,2,0.965
tungro\101514.jpg,tungro,10203,7466,0.9905
tungro\101517.jpg,tungro,10203,7466,0.9908
tungro\101532.jpg,tungro,10203,7466,0.9761
tungro\101540.jpg,tungro,10203,7466,0.9653
tungro\101558.jpg,tungro,10237,39,0.9755
tungro\101571.jpg,tungro,10203,7466,0.9805
tungro\101576.jpg,tungro,10237,39,0.988
tungro\101585.jpg,tungro,10203,7466,0.9926
tungro\101632.jpg,tungro,9494,39,0.9704
tungro\101640.jpg,tungro,10203,7466,0.9869
tungro\101646.jpg,tungro,10203,7466,0.9852
tungro\101662.jpg,tungro,10246,10,0.9624
tungro\101699.jpg,tungro,10203,7466,0.9711
tungro\101726.jpg,tungro,10203,7466,0.9905
tungro\101733.jpg,tungro,10203,7466,0.985
tungro\101739.jpg,tungro,10203,7466,1.0
tungro\101750.jpg,tungro,10203,7466,0.9969
tungro\101759.jpg,tungro,10203,7466,0.9698
tungro\101763.jpg,tungro,10237,39,0.9814
tungro\101764.jpg,tungro,10203,7466,0.9808
tungro\101769.jpg,tungro,10203,7466,0.9649
tungro\101778.jpg,tungro,9507,1,0.9257
tungro\101784.jpg,tungro,10237,39,0.9816
tungro\101785.jpg,tungro,10203,7466,0.9859
tungro\101813.jpg,tungro,10203,7466,0.9767
tungro\101815.jpg,tungro,10203,7466,0.9792
tungro\101826.jpg,tungro,10203,7466,0.993
tungro\101832.jpg,tungro,10203,7466,0.9718
tungro\101842.jpg,tungro,10203,7466,0.9878
tungro\101843.jpg,tungro,10203,7466,0.9859
tungro\101847.jpg,tungro,9494,39,0.9709
tungro\101865.jpg,tungro,10203,7466,0.9555
tungro\101867.jpg,tungro,9494,39,0.9761
tungro\101877.jpg,tungro,10397,20,0.9887
tungro\101889.jpg,tungro,10203,7466,0.9775
tungro\101895.jpg,tungro,10203,7466,0.9887
tungro\101899.jpg,tungro,10203,7466,0.9827
tungro\101911.jpg,tungro,10203,7466,0.9869
tungro\101949.jpg,tungro,10203,7466,0.9834
tungro\101951.jpg,tungro,10203,7466,0.9862
tungro\101953.jpg,tungro,10203,7466,0.977
tungro\101978.jpg,tungro,10203,7466,0.9884
tungro\101986.jpg,tungro,10350,5,0.978
tungro\102014.jpg,tungro,10203,7466,0.966
tungro\102019.jpg,tungro,10203,7466,0.9904
tungro\102024.jpg,tungro,10203,7466,0.9824
tungro\102027.jpg,tungro,10203,7466,0.9623
tungro\102035.jpg,tungro,9881,7,0.9937
tungro\102037.jpg,tungro,10203,7466,0.9738
tungro\102040.jpg,tungro,10226,3,0.9874
tungro\102042.jpg,tungro,10203,7466,0.9891
tungro\102050.jpg,tungro,10203,7466,0.9773
tungro\102073.jpg,tungro,9538,1,0.9484
tungro\102104.jpg,tungro,10203,7466,0.9679
tungro\102122.jpg,tungro,9540,1,0.9343
tungro\102158.jpg,tungro,10203,7466,0.9527
tungro\102169.jpg,tungro,10203,7466,0.9811
tungro\102214.jpg,tungro,10203,7466,0.9779
tungro\102255.jpg,tungro,10203,7466,0.9791
tungro\102263.jpg,tungro,10203,7466,0.9899
tungro\102269.jpg,tungro,10203,7466,0.9895
tungro\102273.jpg,tungro,10203,7466,0.9593
tungro\102294.jpg,tungro,10203,7466,0.9739
tungro\102311.jpg,tungro,9549,1,0.9496
tungro\102324.jpg,tungro,10203,7466,0.9832
tungro\102333.jpg,tungro,10203,7466,0.9651
tungro\102387.jpg,tungro,10203,7466,0.9899
tungro\102392.jpg,tungro,10203,7466,0.9646
tungro\102398.jpg,tungro,10203,7466,0.9825
tungro\102401.jpg,tungro,10203,7466,0.9781
tungro\102408.jpg,tungro,10203,7466,0.989
tungro\102416.jpg,tungro,10203,7466,0.9771
tungro\102417.jpg,tungro,10203,7466,0.9872
tungro\102426.jpg,tungro,10203,7466,0.9803
tungro\102437.jpg,tungro,10203,7466,0.9656
tungro\102449.jpg,tungro,10203,7466,0.9931
tungro\102456.jpg,tungro,9562,1,0.9489
tungro\102484.jpg,tungro,10203,7466,0.9745
tungro\102492.jpg,tungro,10203,7466,0.98
tungro\102502.jpg,tungro,9565,1,0.9466
tungro\102507.jpg,tungro,10203,7466,0.9747
tungro\102509.jpg,tungro,10203,7466,0.9817
tungro\102523.jpg,tungro,10203,7466,0.9784
tungro\102531.jpg,tungro,9569,1,0.9497
tungro\102539.jpg,tungro,9570,1,0.9075
tungro\102540.jpg,tungro,10203,7466,0.9853
tungro\102583.jpg,tungro,10237,39,0.9915
tungro\102585.jpg,tungro,10203,7466,0.9778
tungro\102612.jpg,tungro,10203,7466,0.9881
tungro\102619.jpg,tungro,10203,7466,0.9791
tungro\102632.jpg,tungro,10237,39,0.9734
tungro\102633.jpg,tungro,10203,7466,0.9925
tungro\102636.jpg,tungro,10389,3,0.9726
tungro\102638.jpg,tungro,10237,39,0.9857
tungro\102655.jpg,tungro,10203,7466,0.9944
tungro\102663.jpg,tungro,10203,7466,0.9828
tungro\102664.jpg,tungro,10203,7466,0.9819
tungro\102668.jpg,tungro,10303,2,0.967
tungro\102678.jpg,tungro,10237,39,0.9787
tungro\102684.jpg,tungro,10203,7466,0.9833
tungro\102717.jpg,tungro,10350,5,0.9683
tungro\102720.jpg,tungro,10203,7466,0.9933
tungro\102730.jpg,tungro,10203,7466,0.9899
tungro\102734.jpg,tungro,10203,7466,0.9902
tungro\102747.jpg,tungro,10203,7466,0.9598
tungro\102748.jpg,tungro,10203,7466,0.9753
tungro\102757.jpg,tungro,10203,7466,0.9723
tungro\102770.jpg,tungro,10203,7466,0.9938
tungro\102774.jpg,tungro,10203,7466,0.9863
tungro\102778.jpg,tungro,10203,7466,0.9933
tungro\102788.jpg,tungro,10203,7466,0.9859
tungro\102790.jpg,tungro,9597,1,0.9478
tungro\102820.jpg,tungro,10203,7466,0.9894
tungro\102821.jpg,tungro,10203,7466,0.9671
tungro\102836.jpg,tungro,10203,7466,0.965
tungro\102845.jpg,tungro,10203,7466,0.9879
tungro\102846.jpg,tungro,10321,6,0.9535
tungro\102849.jpg,tungro,10203,7466,0.9748
tungro\102860.jpg,tungro,10203,7466,0.9897
tungro\102878.jpg,tungro,10203,7466,0.9932
tungro\102879.jpg,tungro,10203,7466,0.9538
tungro\102883.jpg,tungro,10203,7466,0.9924
tungro\102886.jpg,tungro,10203,7466,0.9768
tungro\102894.jpg,tungro,10203,7466,0.9802
tungro\102895.jpg,tungro,10237,39,0.9806
tungro\102901.jpg,tungro,10203,7466,0.98
tungro\102907.jpg,tungro,10203,7466,0.9787
tungro\102971.jpg,tungro,10246,10,0.9511
tungro\102974.jpg,tungro,10203,7466,0.9757
tungro\102977.jpg,tungro,9615,1,0.9491
tungro\102982.jpg,tungro,10203,7466,0.9578
tungro\102985.jpg,tungro,10246,10,0.973
tungro\102989.jpg,tungro,10203,7466,0.9866
tungro\102991.jpg,tungro,10203,7466,0.9774
tungro\102993.jpg,tungro,10203,7466,0.9928
tungro\102995.jpg,tungro,10203,7466,0.9539
tungro\103014.jpg,tungro,10203,7466,0.9867
tungro\103023.jpg,tungro,10203,7466,0.965
tungro\103039.jpg,tungro,9624,1,0.9158
tungro\103067.jpg,tungro,10203,7466,0.9815
tungro\103073.jpg,tungro,10203,7466,0.9878
tungro\103085.jpg,tungro,10203,7466,0.9846
tungro\103089.jpg,tungro,10203,7466,0.956
tungro\103091.jpg,tungro,9905,2,1.0
tungro\103094.jpg,tungro,10203,7466,0.9932
tungro\103102.jpg,tungro,10237,39,0.9826
tungro\103106.jpg,tungro,10203,7466,0.963
tungro\103108.jpg,tungro,10397,20,0.9836
tungro\103114.jpg,tungro,10203,7466,0.9851
tungro\103121.jpg,tungro,10203,7466,0.9702
tungro\103124.jpg,tungro,10203,7466,0.9792
tungro\103133.jpg,tungro,10203,7466,0.9945
tungro\103147.jpg,tungro,10203,7466,0.9856
tungro\103158.jpg,tungro,9639,1,0.9457
tungro\103160.jpg,tungro,10203,7466,0.9837
tungro\103166.jpg,tungro,10397,20,0.9878
tungro\103170.jpg,tungro,10203,7466,0.9715
tungro\103202.jpg,tungro,10203,7466,0.9947
tungro\103220.jpg,tungro,10203,7466,0.9802
tungro\103223.jpg,tungro,10203,7466,0.986
tungro\103227.jpg,tungro,10203,7466,0.9762
tungro\103237.jpg,tungro,10203,7466,0.9637
tungro\103239.jpg,tungro,9881,7,0.982
tungro\103252.jpg,tungro,10203,7466,0.9853
tungro\103259.jpg,tungro,10203,7466,0.9857
tungro\103281.jpg,tungro,10203,7466,0.9791
tungro\103300.jpg,tungro,10203,7466,0.9644
tungro\103315.jpg,tungro,10203,7466,0.9711
tungro\103351.jpg,tungro,10203,7466,0.9861
tungro\103356.jpg,tungro,10203,7466,0.9852
tungro\103364.jpg,tungro,10203,7466,0.9912
tungro\103373.jpg,tungro,10246,10,0.9531
tungro\103396.jpg,tungro,10203,7466,0.9754
tungro\103403.jpg,tungro,10203,7466,0.995
tungro\103409.jpg,tungro,10203,7466,0.9718
tungro\103413.jpg,tungro,10203,7466,0.9846
tungro\103416.jpg,tungro,9662,1,0.8264
tungro\103420.jpg,tungro,10203,7466,0.9833
tungro\103423.jpg,tungro,9664,1,0.9467
tungro\103442.jpg,tungro,10203,7466,0.9742
tungro\103451.jpg,tungro,10203,7466,0.99
tungro\103469.jpg,tungro,10203,7466,0.9584
tungro\103493.jpg,tungro,10246,10,0.973
tungro\103497.jpg,tungro,10203,7466,0.9974
tungro\103502.jpg,tungro,10203,7466,0.9828
tungro\103511.jpg,tungro,10203,7466,0.9827
tungro\103517.jpg,tungro,10203,7466,0.9881
tungro\103528.jpg,tungro,10203,7466,0.9879
tungro\103534.jpg,tungro,10203,7466,0.984
tungro\103537.jpg,tungro,10203,7466,0.9772
tungro\103538.jpg,tungro,10203,7466,0.9888
tungro\103561.jpg,tungro,10203,7466,0.9857
tungro\103562.jpg,tungro,10203,7466,0.989
tungro\103570.jpg,tungro,10203,7466,0.9732
tungro\103573.jpg,tungro,10203,7466,0.9867
tungro\103582.jpg,tungro,10203,7466,0.9867
tungro\103588.jpg,tungro,10237,39,0.9947
tungro\103594.jpg,tungro,10203,7466,0.9758
tungro\103602.jpg,tungro,9494,39,0.9766
tungro\103609.jpg,tungro,10203,7466,0.9747
tungro\103628.jpg,tungro,10203,7466,0.9613
tungro\103644.jpg,tungro,9687,1,0.943
tungro\103645.jpg,tungro,10203,7466,0.9586
tungro\103646.jpg,tungro,10203,7466,0.9817
tungro\103654.jpg,tungro,10237,39,0.9755
tungro\103655.jpg,tungro,10203,7466,0.986
tungro\103696.jpg,tungro,10203,7466,0.9745
tungro\103713.jpg,tungro,10072,3,0.959
tungro\103729.jpg,tungro,10203,7466,0.9852
tungro\103766.jpg,tungro,10203,7466,0.9678
tungro\103770.jpg,tungro,9696,1,0.948
tungro\103777.jpg,tungro,10203,7466,0.9799
tungro\103788.jpg,tungro,10203,7466,0.977
tungro\103790.jpg,tungro,10203,7466,0.987
tungro\103795.jpg,tungro,10203,7466,0.9797
tungro\103798.jpg,tungro,10203,7466,0.9906
tungro\103824.jpg,tungro,9702,1,0.9475
tungro\103841.jpg,tungro,10203,7466,0.9885
tungro\103863.jpg,tungro,10203,7466,0.962
tungro\103872.jpg,tungro,9881,7,0.9874
tungro\103888.jpg,tungro,10203,7466,0.9709
tungro\103905.jpg,tungro,10203,7466,0.9925
tungro\103929.jpg,tungro,10389,3,0.9726
tungro\103942.jpg,tungro,10203,7466,0.983
tungro\103943.jpg,tungro,10203,7466,0.9827
tungro\103948.jpg,tungro,10203,7466,0.9892
tungro\103949.jpg,tungro,10203,7466,0.9696
tungro\103950.jpg,tungro,10203,7466,0.9806
tungro\103972.jpg,tungro,10203,7466,0.9755
tungro\103983.jpg,tungro,10203,7466,0.9625
tungro\103985.jpg,tungro,10203,7466,0.9823
tungro\103988.jpg,tungro,10203,7466,0.9858
tungro\104016.jpg,tungro,10237,39,0.9884
tungro\104026.jpg,tungro,10203,7466,0.9822
tungro\104027.jpg,tungro,9720,2,1.0
tungro\104031.jpg,tungro,10294,2,0.9699
tungro\104039.jpg,tungro,10203,7466,0.9897
tungro\104048.jpg,tungro,10237,39,0.9804
tungro\104059.jpg,tungro,10203,7466,0.9881
tungro\104063.jpg,tungro,10203,7466,0.9887
tungro\104072.jpg,tungro,10203,7466,0.986
tungro\104082.jpg,tungro,10203,7466,0.9599
tungro\104085.jpg,tungro,9728,1,0.9364
tungro\104094.jpg,tungro,10203,7466,0.9713
tungro\104111.jpg,tungro,10203,7466,0.9851
tungro\104116.jpg,tungro,10203,7466,1.0
tungro\104118.jpg,tungro,10203,7466,0.9839
tungro\104120.jpg,tungro,10203,7466,0.9857
tungro\104124.jpg,tungro,10203,7466,0.9862
tungro\104133.jpg,tungro,10203,7466,0.963
tungro\104145.jpg,tungro,10203,7466,0.9878
tungro\104146.jpg,tungro,10203,7466,0.9845
tungro\104179.jpg,tungro,10175,3,0.9883
tungro\104194.jpg,tungro,10203,7466,0.9808
tungro\104200.jpg,tungro,10203,7466,0.979
tungro\104208.jpg,tungro,9881,7,0.9874
tungro\104219.jpg,tungro,10203,7466,0.9908
tungro\104220.jpg,tungro,10203,7466,0.9897
tungro\104224.jpg,tungro,10237,39,0.9834
tungro\104229.jpg,tungro,10203,7466,0.987
tungro\104234.jpg,tungro,10203,7466,0.978
tungro\104236.jpg,tungro,10203,7466,0.9671
tungro\104244.jpg,tungro,10237,39,0.9818
tungro\104246.jpg,tungro,10203,7466,0.9788
tungro\104258.jpg,tungro,10203,7466,0.9847
tungro\104266.jpg,tungro,10203,7466,0.9797
tungro\104279.jpg,tungro,10203,7466,0.9806
tungro\104287.jpg,tungro,10203,7466,0.9812
tungro\104289.jpg,tungro,10203,7466,0.9907
tungro\104296.jpg,tungro,10237,39,0.988
tungro\104297.jpg,tungro,10203,7466,0.9862
tungro\104298.jpg,tungro,10203,7466,0.9815
tungro\104305.jpg,tungro,10203,7466,0.9541
tungro\104307.jpg,tungro,10203,7466,0.9848
tungro\104333.jpg,tungro,10203,7466,0.9868
tungro\104345.jpg,tungro,10203,7466,0.9808
tungro\104354.jpg,tungro,10203,7466,0.9616
tungro\104359.jpg,tungro,10203,7466,0.99
tungro\104360.jpg,tungro,10203,7466,0.9884
tungro\104367.jpg,tungro,10203,7466,0.9458
tungro\104376.jpg,tungro,10203,7466,0.9969
tungro\104381.jpg,tungro,10203,7466,0.99
tungro\104384.jpg,tungro,10203,7466,0.959
tungro\104406.jpg,tungro,10203,7466,0.9896
tungro\104422.jpg,tungro,10203,7466,0.9783
tungro\104424.jpg,tungro,10203,7466,0.9861
tungro\104459.jpg,tungro,10203,7466,0.9828
tungro\104486.jpg,tungro,10203,7466,0.9879
tungro\104488.jpg,tungro,10203,7466,0.9865
tungro\104491.jpg,tungro,9775,1,0.9224
tungro\104492.jpg,tungro,10203,7466,0.9812
tungro\104495.jpg,tungro,10203,7466,0.9798
tungro\104498.jpg,tungro,10203,7466,0.9811
tungro\104521.jpg,tungro,10203,7466,0.9971
tungro\104527.jpg,tungro,10203,7466,0.9528
tungro\104551.jpg,tungro,10203,7466,0.9899
tungro\104555.jpg,tungro,10203,7466,0.9613
tungro\104561.jpg,tungro,10203,7466,0.9762
tungro\104562.jpg,tungro,10077,4,0.9765
tungro\104565.jpg,tungro,10203,7466,0.9918
tungro\104579.jpg,tungro,10203,7466,0.9898
tungro\104611.jpg,tungro,10203,7466,0.954
tungro\104631.jpg,tungro,10203,7466,0.9808
tungro\104641.jpg,tungro,10203,7466,0.9827
tungro\104645.jpg,tungro,10203,7466,0.9733
tungro\104652.jpg,tungro,10203,7466,0.9886
tungro\104655.jpg,tungro,10203,7466,0.9565
tungro\104658.jpg,tungro,10203,7466,0.9798
tungro\104663.jpg,tungro,10237,39,0.9674
tungro\104672.jpg,tungro,10246,10,0.9602
tungro\104674.jpg,tungro,9494,39,0.9849
tungro\104683.jpg,tungro,10203,7466,0.9765
tungro\104710.jpg,tungro,10237,39,0.9835
tungro\104711.jpg,tungro,10203,7466,0.9636
tungro\104716.jpg,tungro,10203,7466,0.961
tungro\104717.jpg,tungro,10203,7466,0.9898
tungro\104737.jpg,tungro,10203,7466,0.9805
tungro\104738.jpg,tungro,10203,7466,0.9778
tungro\104746.jpg,tungro,10203,7466,0.9752
tungro\104759.jpg,tungro,10203,7466,0.9579
tungro\104763.jpg,tungro,10203,7466,0.981
tungro\104765.jpg,tungro,10203,7466,0.9853
tungro\104766.jpg,tungro,10203,7466,0.9576
tungro\104769.jpg,tungro,10203,7466,0.9527
tungro\104773.jpg,tungro,10203,7466,0.9509
tungro\104785.jpg,tungro,10203,7466,0.9824
tungro\104798.jpg,tungro,10203,7466,0.9813
tungro\104801.jpg,tungro,9813,1,0.9453
tungro\104816.jpg,tungro,10203,7466,0.9802
tungro\104828.jpg,tungro,10203,7466,0.9822
tungro\104830.jpg,tungro,10203,7466,0.9726
tungro\104843.jpg,tungro,10203,7466,0.9788
tungro\104861.jpg,tungro,10203,7466,0.9886
tungro\104867.jpg,tungro,10203,7466,0.9644
tungro\104869.jpg,tungro,10203,7466,0.987
tungro\104871.jpg,tungro,10203,7466,0.9755
tungro\104890.jpg,tungro,10185,2,0.932
tungro\104895.jpg,tungro,9494,39,0.9847
tungro\104901.jpg,tungro,9824,2,1.0
tungro\104914.jpg,tungro,10203,7466,0.9642
tungro\104917.jpg,tungro,10203,7466,0.9823
tungro\104922.jpg,tungro,10203,7466,0.9766
tungro\104928.jpg,tungro,10203,7466,0.9824
tungro\104936.jpg,tungro,10203,7466,0.9951
tungro\104949.jpg,tungro,9830,1,0.9497
tungro\104951.jpg,tungro,10203,7466,0.9537
tungro\104970.jpg,tungro,10203,7466,0.9831
tungro\104995.jpg,tungro,10203,7466,0.9844
tungro\105005.jpg,tungro,10237,39,0.9776
tungro\105016.jpg,tungro,9835,1,0.9413
tungro\105042.jpg,tungro,10237,39,0.9841
tungro\105058.jpg,tungro,10203,7466,0.9893
tungro\105072.jpg,tungro,10203,7466,0.9874
tungro\105077.jpg,tungro,10203,7466,0.9709
tungro\105080.jpg,tungro,10203,7466,0.99
tungro\105094.jpg,tungro,10077,4,0.9744
tungro\105098.jpg,tungro,10321,6,0.9541
tungro\105104.jpg,tungro,9494,39,0.9849
tungro\105110.jpg,tungro,10203,7466,0.9974
tungro\105112.jpg,tungro,10203,7466,0.985
tungro\105115.jpg,tungro,9846,1,0.9383
tungro\105117.jpg,tungro,10203,7466,0.9621
tungro\105124.jpg,tungro,10203,7466,0.9591
tungro\105129.jpg,tungro,10203,7466,0.9768
tungro\105135.jpg,tungro,10203,7466,0.9889
tungro\105160.jpg,tungro,10203,7466,0.9541
tungro\105172.jpg,tungro,10203,7466,0.9827
tungro\105179.jpg,tungro,10203,7466,0.9847
tungro\105188.jpg,tungro,10203,7466,0.9911
tungro\105189.jpg,tungro,10203,7466,0.9755
tungro\105197.jpg,tungro,10203,7466,0.9899
tungro\105205.jpg,tungro,10203,7466,0.9813
tungro\105206.jpg,tungro,10203,7466,0.9735
tungro\105223.jpg,tungro,10203,7466,0.9724
tungro\105227.jpg,tungro,10203,7466,0.9857
tungro\105231.jpg,tungro,10397,20,1.0
tungro\105238.jpg,tungro,10203,7466,0.9817
tungro\105269.jpg,tungro,10203,7466,0.9725
tungro\105275.jpg,tungro,9494,39,0.974
tungro\105276.jpg,tungro,10203,7466,0.9837
tungro\105282.jpg,tungro,10397,20,0.9899
tungro\105292.jpg,tungro,9987,2,0.9535
tungro\105311.jpg,tungro,10203,7466,0.9694
tungro\105314.jpg,tungro,10203,7466,0.9832
tungro\105322.jpg,tungro,10203,7466,0.9906
tungro\105330.jpg,tungro,10203,7466,0.969
tungro\105372.jpg,tungro,10203,7466,0.9656
tungro\105423.jpg,tungro,10203,7466,0.9804
tungro\105430.jpg,tungro,10203,7466,0.9827
tungro\105437.jpg,tungro,10203,7466,0.9797
tungro\105449.jpg,tungro,10203,7466,0.9821
tungro\105463.jpg,tungro,9877,1,0.9474
tungro\105469.jpg,tungro,10203,7466,0.9974
tungro\105471.jpg,tungro,9879,2,0.9769
tungro\105472.jpg,tungro,10203,7466,0.9687
tungro\105475.jpg,tungro,9881,7,0.9937
tungro\105478.jpg,tungro,10246,10,0.9596
tungro\105493.jpg,tungro,10203,7466,0.9761
tungro\105514.jpg,tungro,10203,7466,0.9751
tungro\105518.jpg,tungro,10337,2,0.9803
tungro\105562.jpg,tungro,10203,7466,0.9823
tungro\105563.jpg,tungro,10203,7466,0.9835
tungro\105573.jpg,tungro,10203,7466,0.9815
tungro\105575.jpg,tungro,10203,7466,0.9878
tungro\105599.jpg,tungro,10203,7466,0.9778
tungro\105608.jpg,tungro,10203,7466,0.9519
tungro\105615.jpg,tungro,10203,7466,0.9902
tungro\105617.jpg,tungro,9494,39,0.9746
tungro\105654.jpg,tungro,10203,7466,0.9809
tungro\105661.jpg,tungro,10203,7466,0.9779
tungro\105670.jpg,tungro,10203,7466,0.9905
tungro\105680.jpg,tungro,10203,7466,0.9667
tungro\105697.jpg,tungro,10203,7466,0.9879
tungro\105702.jpg,tungro,10203,7466,0.9832
tungro\105718.jpg,tungro,10203,7466,0.985
tungro\105724.jpg,tungro,10203,7466,0.9873
tungro\105731.jpg,tungro,9902,1,0.9056
tungro\105738.jpg,tungro,10203,7466,0.9857
tungro\105740.jpg,tungro,10203,7466,0.9827
tungro\105747.jpg,tungro,9905,2,1.0
tungro\105748.jpg,tungro,9919,2,0.9537
tungro\105752.jpg,tungro,10203,7466,0.977
tungro\105756.jpg,tungro,10203,7466,0.9716
tungro\105760.jpg,tungro,10237,39,0.9947
tungro\105769.jpg,tungro,10237,39,0.9835
tungro\105785.jpg,tungro,10203,7466,0.9845
tungro\105793.jpg,tungro,10175,3,0.9886
tungro\105797.jpg,tungro,9913,1,0.9384
tungro\105799.jpg,tungro,10203,7466,0.9716
tungro\105804.jpg,tungro,10203,7466,0.9886
tungro\105808.jpg,tungro,10203,7466,0.9746
tungro\105818.jpg,tungro,10203,7466,0.9733
tungro\105847.jpg,tungro,10203,7466,0.9606
tungro\105879.jpg,tungro,9919,2,0.9537
tungro\105881.jpg,tungro,10203,7466,0.9844
tungro\105883.jpg,tungro,10203,7466,0.9843
tungro\105892.jpg,tungro,10203,7466,0.9707
tungro\105901.jpg,tungro,10203,7466,0.9658
tungro\105910.jpg,tungro,10203,7466,0.9736
tungro\105928.jpg,tungro,10203,7466,0.9951
tungro\105930.jpg,tungro,10203,7466,0.9914
tungro\105934.jpg,tungro,10203,7466,0.9704
tungro\105967.jpg,tungro,10203,7466,0.9664
tungro\105973.jpg,tungro,10203,7466,0.9825
tungro\105974.jpg,tungro,10203,7466,0.9834
tungro\105982.jpg,tungro,9931,1,0.9465
tungro\105992.jpg,tungro,10203,7466,0.9828
tungro\106026.jpg,tungro,10203,7466,0.9733
tungro\106042.jpg,tungro,10203,7466,0.9897
tungro\106060.jpg,tungro,10203,7466,0.9899
tungro\106091.jpg,tungro,10203,7466,0.967
tungro\106094.jpg,tungro,10203,7466,0.9866
tungro\106101.jpg,tungro,10203,7466,0.9928
tungro\106106.jpg,tungro,9939,1,0.9447
tungro\106116.jpg,tungro,10203,7466,0.9838
tungro\106125.jpg,tungro,10203,7466,0.9668
tungro\106129.jpg,tungro,10203,7466,0.992
tungro\106132.jpg,tungro,10203,7466,0.9676
tungro\106139.jpg,tungro,10203,7466,0.9905
tungro\106159.jpg,tungro,10203,7466,0.9825
tungro\106168.jpg,tungro,9946,1,0.9474
tungro\106174.jpg,tungro,10203,7466,0.983
tungro\106178.jpg,tungro,10203,7466,0.9555
tungro\106196.jpg,tungro,10203,7466,0.9774
tungro\106199.jpg,tungro,10203,7466,0.991
tungro\106200.jpg,tungro,10203,7466,0.9765
tungro\106211.jpg,tungro,10203,7466,0.991
tungro\106214.jpg,tungro,10237,39,0.9832
tungro\106215.jpg,tungro,10203,7466,0.966
tungro\106219.jpg,tungro,10203,7466,0.9788
tungro\106242.jpg,tungro,10203,7466,0.9872
tungro\106247.jpg,tungro,10237,39,0.9816
tungro\106251.jpg,tungro,10203,7466,0.9743
tungro\106257.jpg,tungro,10203,7466,0.9908
tungro\106258.jpg,tungro,10203,7466,0.9848
tungro\106277.jpg,tungro,10203,7466,0.9826
tungro\106287.jpg,tungro,10203,7466,0.9784
tungro\106288.jpg,tungro,10203,7466,0.985
tungro\106301.jpg,tungro,10203,7466,0.9673
tungro\106303.jpg,tungro,10203,7466,0.9805
tungro\106325.jpg,tungro,10203,7466,0.9783
tungro\106337.jpg,tungro,10203,7466,0.9767
tungro\106355.jpg,tungro,10203,7466,0.9852
tungro\106359.jpg,tungro,10236,5,0.9852
tungro\106386.jpg,tungro,10203,7466,0.968
tungro\106389.jpg,tungro,10203,7466,0.9559
tungro\106407.jpg,tungro,10203,7466,0.9567
tungro\106409.jpg,tungro,10203,7466,0.981
tungro\106418.jpg,tungro,10203,7466,0.9894
tungro\106426.jpg,tungro,10203,7466,0.9913
tungro\106430.jpg,tungro,10203,7466,0.9758
tungro\106433.jpg,tungro,10203,7466,0.9715
tungro\106435.jpg,tungro,10203,7466,0.9768
tungro\106438.jpg,tungro,10203,7466,0.9858
tungro\106445.jpg,tungro,10203,7466,0.9832
tungro\106454.jpg,tungro,10203,7466,0.9652
tungro\106461.jpg,tungro,10203,7466,1.0
tungro\106470.jpg,tungro,10203,7466,0.9828
tungro\106500.jpg,tungro,10203,7466,0.9813
tungro\106504.jpg,tungro,9985,1,0.9343
tungro\106508.jpg,tungro,10203,7466,0.9736
tungro\106516.jpg,tungro,9987,2,0.9535
tungro\106519.jpg,tungro,10203,7466,0.9741
tungro\106532.jpg,tungro,10203,7466,0.9805
tungro\106558.jpg,tungro,10203,7466,0.9853
tungro\106574.jpg,tungro,10203,7466,0.9821
tungro\106579.jpg,tungro,9992,1,0.9466
tungro\106594.jpg,tungro,10246,10,0.9651
tungro\106603.jpg,tungro,10203,7466,0.9814
tungro\106605.jpg,tungro,10321,6,0.9677
tungro\106611.jpg,tungro,10203,7466,0.9811
tungro\106635.jpg,tungro,10203,7466,0.9845
tungro\106650.jpg,tungro,10397,20,1.0
tungro\106657.jpg,tungro,10203,7466,0.9845
tungro\106669.jpg,tungro,10203,7466,0.9873
tungro\106672.jpg,tungro,10203,7466,0.9564
tungro\106679.jpg,tungro,10203,7466,0.9884
tungro\106681.jpg,tungro,10203,7466,0.993
tungro\106684.jpg,tungro,10203,7466,0.9755
tungro\106689.jpg,tungro,10203,7466,0.9785
tungro\106691.jpg,tungro,10203,7466,0.9878
tungro\106695.jpg,tungro,10203,7466,0.9876
tungro\106699.jpg,tungro,10203,7466,0.9694
tungro\106704.jpg,tungro,10203,7466,0.9703
tungro\106707.jpg,tungro,10010,1,0.9398
tungro\106715.jpg,tungro,10203,7466,0.9839
tungro\106716.jpg,tungro,10012,1,0.8747
tungro\106719.jpg,tungro,10203,7466,0.9837
tungro\106723.jpg,tungro,10203,7466,0.9708
tungro\106724.jpg,tungro,10203,7466,0.9612
tungro\106727.jpg,tungro,10016,1,0.948
tungro\106734.jpg,tungro,10203,7466,0.9893
tungro\106749.jpg,tungro,10203,7466,0.9672
tungro\106750.jpg,tungro,10203,7466,0.9842
tungro\106764.jpg,tungro,10203,7466,0.9892
tungro\106768.jpg,tungro,10203,7466,0.9696
tungro\106772.jpg,tungro,10203,7466,0.966
tungro\106773.jpg,tungro,10203,7466,0.9825
tungro\106778.jpg,tungro,10203,7466,0.9739
tungro\106788.jpg,tungro,10077,4,0.9765
tungro\106799.jpg,tungro,10203,7466,0.9792
tungro\106803.jpg,tungro,10203,7466,0.9832
tungro\106818.jpg,tungro,10203,7466,1.0
tungro\106823.jpg,tungro,10203,7466,0.9778
tungro\106825.jpg,tungro,9494,39,0.9798
tungro\106839.jpg,tungro,10321,6,0.9677
tungro\106842.jpg,tungro,10203,7466,0.9879
tungro\106843.jpg,tungro,10203,7466,0.9722
tungro\106851.jpg,tungro,10203,7466,0.9833
tungro\106872.jpg,tungro,10203,7466,0.9733
tungro\106875.jpg,tungro,10203,7466,0.9936
tungro\106876.jpg,tungro,10203,7466,0.9899
tungro\106878.jpg,tungro,10203,7466,0.9725
tungro\106879.jpg,tungro,10203,7466,0.9899
tungro\106883.jpg,tungro,10203,7466,0.9891
tungro\106884.jpg,tungro,10203,7466,0.9763
tungro\106891.jpg,tungro,10203,7466,0.986
tungro\106897.jpg,tungro,10203,7466,0.9703
tungro\106898.jpg,tungro,10203,7466,0.9772
tungro\106902.jpg,tungro,10203,7466,0.9897
tungro\106913.jpg,tungro,10203,7466,0.9776
tungro\106918.jpg,tungro,10203,7466,0.9775
tungro\106944.jpg,tungro,10203,7466,0.9626
tungro\106966.jpg,tungro,10203,7466,0.97
tungro\106967.jpg,tungro,10350,5,0.9803
tungro\106968.jpg,tungro,10203,7466,0.9899
tungro\106970.jpg,tungro,10203,7466,0.9704
tungro\106980.jpg,tungro,10203,7466,0.9656
tungro\106985.jpg,tungro,10203,7466,0.9925
tungro\106986.jpg,tungro,10203,7466,0.9761
tungro\106989.jpg,tungro,10203,7466,0.9653
tungro\106991.jpg,tungro,9494,39,0.9813
tungro\107001.jpg,tungro,10072,3,0.9664
tungro\107008.jpg,tungro,10203,7466,0.9848
tungro\107009.jpg,tungro,10203,7466,0.9858
tungro\107015.jpg,tungro,10203,7466,0.9922
tungro\107032.jpg,tungro,10203,7466,0.9776
tungro\107034.jpg,tungro,10063,1,0.9339
tungro\107042.jpg,tungro,10397,20,0.9797
tungro\107049.jpg,tungro,10065,1,0.9479
tungro\107073.jpg,tungro,10203,7466,0.9931
tungro\107079.jpg,tungro,10203,7466,0.9819
tungro\107082.jpg,tungro,10203,7466,0.9744
tungro\107086.jpg,tungro,10203,7466,0.9682
tungro\107087.jpg,tungro,10203,7466,0.9685
tungro\107089.jpg,tungro,10397,20,0.9726
tungro\107111.jpg,tungro,10072,3,0.9664
tungro\107112.jpg,tungro,10203,7466,0.9917
tungro\107125.jpg,tungro,10203,7466,0.9825
tungro\107136.jpg,tungro,10203,7466,0.9848
tungro\107148.jpg,tungro,10203,7466,0.9533
tungro\107169.jpg,tungro,10077,4,0.9719
tungro\107174.jpg,tungro,10203,7466,0.982
tungro\107191.jpg,tungro,10203,7466,0.9791
tungro\107204.jpg,tungro,10203,7466,0.9891
tungro\107217.jpg,tungro,10203,7466,0.9726
tungro\107239.jpg,tungro,10203,7466,0.9738
tungro\107242.jpg,tungro,10203,7466,0.9722
tungro\107253.jpg,tungro,10203,7466,0.9894
tungro\107255.jpg,tungro,10203,7466,0.9539
tungro\107258.jpg,tungro,10203,7466,0.9709
tungro\107268.jpg,tungro,10203,7466,0.9907
tungro\107269.jpg,tungro,10203,7466,1.0
tungro\107272.jpg,tungro,10203,7466,0.9843
tungro\107277.jpg,tungro,10203,7466,0.9912
tungro\107285.jpg,tungro,10203,7466,0.979
tungro\107299.jpg,tungro,10203,7466,0.9846
tungro\107308.jpg,tungro,10203,7466,0.9736
tungro\107325.jpg,tungro,10203,7466,0.9687
tungro\107349.jpg,tungro,10203,7466,0.9774
tungro\107355.jpg,tungro,10096,1,0.9355
tungro\107357.jpg,tungro,10203,7466,0.9592
tungro\107371.jpg,tungro,10203,7466,0.9694
tungro\107376.jpg,tungro,10203,7466,0.9872
tungro\107383.jpg,tungro,10203,7466,0.9671
tungro\107387.jpg,tungro,10397,20,0.9822
tungro\107399.jpg,tungro,10203,7466,0.9852
tungro\107404.jpg,tungro,10203,7466,0.9808
tungro\107408.jpg,tungro,10203,7466,0.9789
tungro\107415.jpg,tungro,10203,7466,0.9863
tungro\107428.jpg,tungro,10203,7466,0.968
tungro\107449.jpg,tungro,10203,7466,0.9884
tungro\107465.jpg,tungro,10203,7466,0.9682
tungro\107468.jpg,tungro,10203,7466,0.9791
tungro\107494.jpg,tungro,10203,7466,0.9896
tungro\107502.jpg,tungro,10203,7466,0.9788
tungro\107529.jpg,tungro,10203,7466,0.9867
tungro\107534.jpg,tungro,10203,7466,0.9813
tungro\107542.jpg,tungro,10203,7466,0.9903
tungro\107553.jpg,tungro,10203,7466,0.9718
tungro\107568.jpg,tungro,10203,7466,0.9873
tungro\107575.jpg,tungro,10203,7466,0.9745
tungro\107586.jpg,tungro,10203,7466,0.9933
tungro\107588.jpg,tungro,10226,3,0.9864
tungro\107605.jpg,tungro,10203,7466,0.9807
tungro\107606.jpg,tungro,10203,7466,0.9797
tungro\107607.jpg,tungro,10203,7466,0.9866
tungro\107625.jpg,tungro,10203,7466,0.995
tungro\107638.jpg,tungro,10203,7466,0.9893
tungro\107640.jpg,tungro,10203,7466,0.9803
tungro\107641.jpg,tungro,10203,7466,1.0
tungro\107642.jpg,tungro,10203,7466,0.9905
tungro\107672.jpg,tungro,10203,7466,0.9556
tungro\107686.jpg,tungro,10203,7466,0.9626
tungro\107694.jpg,tungro,10203,7466,0.9905
tungro\107705.jpg,tungro,10203,7466,0.9876
tungro\107706.jpg,tungro,10203,7466,0.9872
tungro\107711.jpg,tungro,10203,7466,0.9628
tungro\107712.jpg,tungro,10203,7466,0.9651
tungro\107721.jpg,tungro,10203,7466,0.9953
tungro\107737.jpg,tungro,10203,7466,0.9653
tungro\107746.jpg,tungro,10203,7466,0.9788
tungro\107748.jpg,tungro,10203,7466,0.9781
tungro\107754.jpg,tungro,10203,7466,0.9809
tungro\107764.jpg,tungro,10203,7466,0.9698
tungro\107769.jpg,tungro,10203,7466,0.978
tungro\107770.jpg,tungro,10203,7466,0.9825
tungro\107782.jpg,tungro,10203,7466,0.9823
tungro\107785.jpg,tungro,10203,7466,0.9825
tungro\107793.jpg,tungro,10203,7466,0.9712
tungro\107801.jpg,tungro,10203,7466,0.9594
tungro\107811.jpg,tungro,10203,7466,0.9863
tungro\107820.jpg,tungro,10148,1,0.8992
tungro\107839.jpg,tungro,10203,7466,0.985
tungro\107857.jpg,tungro,10203,7466,0.9948
tungro\107860.jpg,tungro,10203,7466,0.9742
tungro\107862.jpg,tungro,10203,7466,0.9889
tungro\107869.jpg,tungro,10203,7466,0.9757
tungro\107884.jpg,tungro,10203,7466,0.9709
tungro\107885.jpg,tungro,10203,7466,0.9878
tungro\107888.jpg,tungro,10203,7466,0.9876
tungro\107911.jpg,tungro,10203,7466,0.9927
tungro\107914.jpg,tungro,10203,7466,0.9853
tungro\107930.jpg,tungro,10203,7466,0.98
tungro\107931.jpg,tungro,10321,6,0.9725
tungro\107940.jpg,tungro,10203,7466,0.9717
tungro\107943.jpg,tungro,10397,20,0.9822
tungro\107951.jpg,tungro,10203,7466,0.9801
tungro\107957.jpg,tungro,10203,7466,0.9781
tungro\107962.jpg,tungro,10203,7466,0.9874
tungro\107964.jpg,tungro,10203,7466,0.9812
tungro\107967.jpg,tungro,10203,7466,0.983
tungro\107980.jpg,tungro,10168,1,0.9309
tungro\107989.jpg,tungro,10203,7466,0.9789
tungro\108007.jpg,tungro,10203,7466,0.9884
tungro\108024.jpg,tungro,10203,7466,0.9775
tungro\108027.jpg,tungro,10203,7466,0.9667
tungro\108031.jpg,tungro,10203,7466,0.9762
tungro\108035.jpg,tungro,10203,7466,0.9723
tungro\108040.jpg,tungro,10175,3,0.9886
tungro\108042.jpg,tungro,10176,1,0.9458
tungro\108052.jpg,tungro,10237,39,0.9855
tungro\108060.jpg,tungro,10203,7466,0.9944
tungro\108072.jpg,tungro,10203,7466,0.9889
tungro\108080.jpg,tungro,10203,7466,0.986
tungro\108103.jpg,tungro,10246,10,0.9651
tungro\108106.jpg,tungro,10203,7466,0.9752
tungro\108128.jpg,tungro,10203,7466,0.9913
tungro\108138.jpg,tungro,10203,7466,0.9741
tungro\108139.jpg,tungro,10185,2,0.9224
tungro\108141.jpg,tungro,10203,7466,0.9889
tungro\108149.jpg,tungro,10203,7466,0.9866
tungro\108155.jpg,tungro,10203,7466,0.9702
tungro\108158.jpg,tungro,10203,7466,0.9862
tungro\108165.jpg,tungro,10203,7466,0.9896
tungro\108182.jpg,tungro,10203,7466,0.9837
tungro\108194.jpg,tungro,10203,7466,0.9844
tungro\108197.jpg,tungro,10203,7466,0.9647
tungro\108200.jpg,tungro,9494,39,0.9753
tungro\108204.jpg,tungro,10203,7466,0.9808
tungro\108228.jpg,tungro,9494,39,0.9758
tungro\108232.jpg,tungro,10197,1,0.9252
tungro\108245.jpg,tungro,10198,1,0.9457
tungro\108261.jpg,tungro,10203,7466,0.99
tungro\108273.jpg,tungro,10203,7466,0.9747
tungro\108278.jpg,tungro,10203,7466,0.9708
tungro\108283.jpg,tungro,10203,7466,0.9908
tungro\108303.jpg,tungro,10203,7466,0.9514
tungro\108310.jpg,tungro,10237,39,0.9839
tungro\108314.jpg,tungro,10203,7466,0.981
tungro\108328.jpg,tungro,10203,7466,0.9925
tungro\108330.jpg,tungro,10203,7466,0.976
tungro\108357.jpg,tungro,10203,7466,0.9838
tungro\108358.jpg,tungro,10203,7466,0.9796
tungro\108389.jpg,tungro,10203,7466,0.9897
tungro\108391.jpg,tungro,10203,7466,0.9862
tungro\108393.jpg,tungro,10203,7466,0.986
tungro\108407.jpg,tungro,10213,1,0.9362
tungro\108417.jpg,tungro,10203,7466,0.9632
tungro\108423.jpg,tungro,10203,7466,0.9915
tungro\108445.jpg,tungro,10203,7466,0.9898
tungro\108453.jpg,tungro,10237,39,0.9899
tungro\108489.jpg,tungro,10218,1,0.9239
tungro\108492.jpg,tungro,10203,7466,0.9827
tungro\108495.jpg,tungro,10203,7466,0.9886
tungro\108499.jpg,tungro,10203,7466,0.9899
tungro\108509.jpg,tungro,10203,7466,0.9644
tungro\108510.jpg,tungro,10223,1,0.9459
tungro\108513.jpg,tungro,10203,7466,0.9802
tungro\108534.jpg,tungro,10203,7466,0.9579
tungro\108542.jpg,tungro,10226,3,0.9874
tungro\108547.jpg,tungro,10203,7466,0.9893
tungro\108551.jpg,tungro,10203,7466,0.9791
tungro\108560.jpg,tungro,10203,7466,0.9722
tungro\108576.jpg,tungro,10237,39,0.9805
tungro\108579.jpg,tungro,10203,7466,0.9832
tungro\108598.jpg,tungro,10203,7466,0.9722
tungro\108602.jpg,tungro,10203,7466,0.9906
tungro\108626.jpg,tungro,10203,7466,0.9842
tungro\108643.jpg,tungro,10203,7466,0.9537
tungro\108648.jpg,tungro,10236,5,0.9864
tungro\108649.jpg,tungro,10237,39,0.9796
tungro\108651.jpg,tungro,10203,7466,0.966
tungro\108659.jpg,tungro,10236,5,0.9855
tungro\108663.jpg,tungro,10203,7466,0.9754
tungro\108666.jpg,tungro,10203,7466,0.9859
tungro\108680.jpg,tungro,10397,20,0.9756
tungro\108694.jpg,tungro,10203,7466,0.9841
tungro\108702.jpg,tungro,10203,7466,0.9872
tungro\108734.jpg,tungro,10203,7466,0.9869
tungro\108755.jpg,tungro,10246,10,0.9557
tungro\108756.jpg,tungro,10203,7466,0.9742
tungro\108776.jpg,tungro,10397,20,0.9814
tungro\108786.jpg,tungro,10203,7466,0.9841
tungro\108794.jpg,tungro,10237,39,0.9826
tungro\108798.jpg,tungro,10203,7466,0.9771
tungro\108799.jpg,tungro,10203,7466,0.9844
tungro\108818.jpg,tungro,10203,7466,0.9862
tungro\108835.jpg,tungro,10203,7466,0.9866
tungro\108836.jpg,tungro,10203,7466,0.989
tungro\108856.jpg,tungro,10203,7466,0.9879
tungro\108887.jpg,tungro,10203,7466,0.9787
tungro\108895.jpg,tungro,10203,7466,0.989
tungro\108917.jpg,tungro,10259,1,0.9464
tungro\108922.jpg,tungro,10203,7466,0.9653
tungro\108925.jpg,tungro,10203,7466,0.9768
tungro\108928.jpg,tungro,10203,7466,0.9874
tungro\108930.jpg,tungro,10203,7466,0.981
tungro\108933.jpg,tungro,10203,7466,0.9921
tungro\108940.jpg,tungro,10237,39,0.982
tungro\108965.jpg,tungro,10203,7466,0.9915
tungro\108971.jpg,tungro,10203,7466,0.9807
tungro\108983.jpg,tungro,10203,7466,0.9819
tungro\108990.jpg,tungro,10203,7466,0.9742
tungro\109006.jpg,tungro,10203,7466,0.9772
tungro\109011.jpg,tungro,10203,7466,0.9697
tungro\109012.jpg,tungro,10203,7466,0.975
tungro\109016.jpg,tungro,10203,7466,0.9902
tungro\109058.jpg,tungro,10203,7466,0.9845
tungro\109069.jpg,tungro,10203,7466,0.9573
tungro\109071.jpg,tungro,10203,7466,0.9902
tungro\109073.jpg,tungro,10203,7466,0.9897
tungro\109086.jpg,tungro,10203,7466,0.9821
tungro\109088.jpg,tungro,10203,7466,0.9875
tungro\109101.jpg,tungro,10203,7466,0.9869
tungro\109110.jpg,tungro,10281,1,0.9309
tungro\109114.jpg,tungro,10203,7466,0.9805
tungro\109122.jpg,tungro,10203,7466,0.9722
tungro\109128.jpg,tungro,10203,7466,0.9816
tungro\109147.jpg,tungro,10203,7466,0.9592
tungro\109163.jpg,tungro,10203,7466,0.9754
tungro\109167.jpg,tungro,10203,7466,0.9799
tungro\109169.jpg,tungro,10203,7466,0.9822
tungro\109181.jpg,tungro,10203,7466,0.9835
tungro\109187.jpg,tungro,10203,7466,0.9896
tungro\109200.jpg,tungro,10203,7466,0.9869
tungro\109222.jpg,tungro,10203,7466,0.9856
tungro\109228.jpg,tungro,10203,7466,0.9615
tungro\109232.jpg,tungro,10294,2,0.9699
tungro\109257.jpg,tungro,10295,1,0.9255
tungro\109260.jpg,tungro,10203,7466,0.9734
tungro\109264.jpg,tungro,10203,7466,0.99
tungro\109278.jpg,tungro,10203,7466,0.9829
tungro\109279.jpg,tungro,10203,7466,0.9849
tungro\109294.jpg,tungro,10203,7466,0.9895
tungro\109305.jpg,tungro,10203,7466,0.9843
tungro\109312.jpg,tungro,10237,39,0.9798
tungro\109345.jpg,tungro,10303,2,0.967
tungro\109350.jpg,tungro,10203,7466,0.9884
tungro\109356.jpg,tungro,10203,7466,0.9758
tungro\109370.jpg,tungro,10203,7466,0.9902
tungro\109371.jpg,tungro,10203,7466,0.9837
tungro\109379.jpg,tungro,10203,7466,0.9774
tungro\109384.jpg,tungro,10203,7466,0.9613
tungro\109385.jpg,tungro,10203,7466,0.9808
tungro\109389.jpg,tungro,10203,7466,0.9892
tungro\109404.jpg,tungro,10203,7466,0.9903
tungro\109406.jpg,tungro,10203,7466,0.9886
tungro\109417.jpg,tungro,10203,7466,0.9822
tungro\109425.jpg,tungro,10203,7466,0.9599
tungro\109430.jpg,tungro,10203,7466,0.9889
tungro\109431.jpg,tungro,10203,7466,0.9762
tungro\109436.jpg,tungro,10203,7466,0.9913
tungro\109447.jpg,tungro,10203,7466,0.9948
tungro\109452.jpg,tungro,10203,7466,0.9768
tungro\109454.jpg,tungro,10321,6,0.9725
tungro\109497.jpg,tungro,10203,7466,0.9789
tungro\109501.jpg,tungro,10203,7466,0.983
tungro\109527.jpg,tungro,10203,7466,0.9669
tungro\109531.jpg,tungro,10325,1,0.9065
tungro\109538.jpg,tungro,10203,7466,0.9875
tungro\109545.jpg,tungro,10203,7466,0.9854
tungro\109555.jpg,tungro,9881,7,0.9778
tungro\109557.jpg,tungro,10329,1,0.9492
tungro\109571.jpg,tungro,10203,7466,0.989
tungro\109573.jpg,tungro,10397,20,0.9756
tungro\109577.jpg,tungro,10203,7466,0.962
tungro\109581.jpg,tungro,10203,7466,0.9916
tungro\109587.jpg,tungro,10203,7466,0.9628
tungro\109590.jpg,tungro,10203,7466,0.9869
tungro\109598.jpg,tungro,10203,7466,0.9813
tungro\109600.jpg,tungro,10337,2,0.9803
tungro\109609.jpg,tungro,10203,7466,0.9777
tungro\109617.jpg,tungro,10203,7466,0.9949
tungro\109626.jpg,tungro,10203,7466,0.9787
tungro\109629.jpg,tungro,10203,7466,0.9747
tungro\109653.jpg,tungro,10203,7466,0.9681
tungro\109660.jpg,tungro,10203,7466,0.9948
tungro\109662.jpg,tungro,10203,7466,0.9808
tungro\109692.jpg,tungro,10203,7466,0.9951
tungro\109706.jpg,tungro,10397,20,0.9887
tungro\109711.jpg,tungro,10203,7466,0.9776
tungro\109721.jpg,tungro,10203,7466,0.9878
tungro\109723.jpg,tungro,10203,7466,0.9843
tungro\109731.jpg,tungro,10350,5,0.9877
tungro\109737.jpg,tungro,10351,2,0.9668
tungro\109787.jpg,tungro,10203,7466,0.9921
tungro\109791.jpg,tungro,10203,7466,0.979
tungro\109806.jpg,tungro,10203,7466,0.9923
tungro\109827.jpg,tungro,10203,7466,0.9921
tungro\109832.jpg,tungro,10203,7466,0.9832
tungro\109853.jpg,tungro,10203,7466,0.98
tungro\109872.jpg,tungro,10203,7466,0.9645
tungro\109876.jpg,tungro,10203,7466,0.9775
tungro\109892.jpg,tungro,10203,7466,0.9649
tungro\109895.jpg,tungro,10203,7466,0.9835
tungro\109908.jpg,tungro,10203,7466,0.9709
tungro\109918.jpg,tungro,10397,20,0.9718
tungro\109924.jpg,tungro,10203,7466,0.9879
tungro\109936.jpg,tungro,10203,7466,0.9888
tungro\109982.jpg,tungro,10203,7466,0.9865
tungro\109983.jpg,tungro,10203,7466,0.9739
tungro\109986.jpg,tungro,10203,7466,0.9791
tungro\110010.jpg,tungro,10203,7466,0.9578
tungro\110049.jpg,tungro,10203,7466,0.9751
tungro\110052.jpg,tungro,10203,7466,0.9657
tungro\110053.jpg,tungro,10203,7466,0.9927
tungro\110058.jpg,tungro,10203,7466,0.9948
tungro\110062.jpg,tungro,10203,7466,0.9809
tungro\110084.jpg,tungro,10203,7466,0.9918
tungro\110096.jpg,tungro,10203,7466,0.9775
tungro\110104.jpg,tungro,10203,7466,0.9715
tungro\110108.jpg,tungro,10203,7466,0.9774
tungro\110114.jpg,tungro,10203,7466,0.9884
tungro\110115.jpg,tungro,10380,1,0.9472
tungro\110129.jpg,tungro,10203,7466,0.9561
tungro\110140.jpg,tungro,10203,7466,0.9754
tungro\110182.jpg,tungro,10203,7466,0.9905
tungro\110199.jpg,tungro,10203,7466,0.9924
tungro\110218.jpg,tungro,10203,7466,0.9672
tungro\110220.jpg,tungro,10203,7466,0.9731
tungro\110228.jpg,tungro,10237,39,0.9884
tungro\110245.jpg,tungro,10203,7466,0.9783
tungro\110263.jpg,tungro,10389,3,0.9718
tungro\110273.jpg,tungro,10390,1,0.9453
tungro\110297.jpg,tungro,10203,7466,0.9525
tungro\110303.jpg,tungro,10203,7466,0.9908
tungro\110308.jpg,tungro,10203,7466,0.9835
tungro\110321.jpg,tungro,10203,7466,0.9881
tungro\110324.jpg,tungro,10203,7466,0.9825
tungro\110328.jpg,tungro,10203,7466,0.9927
tungro\110332.jpg,tungro,10397,20,0.9878
tungro\110336.jpg,tungro,10203,7466,0.9833
tungro\110339.jpg,tungro,10203,7466,0.9822
tungro\110354.jpg,tungro,10203,7466,0.967
tungro\110358.jpg,tungro,10203,7466,0.9858
tungro\110365.jpg,tungro,10203,7466,0.9862
tungro\110375.jpg,tungro,10203,7466,0.9819
tungro\110381.jpg,tungro,10203,7466,0.9835
tungro\110384.jpg,tungro,10203,7466,0.9863
tungro\110403.jpg,tungro,10203,7466,0.9687
