path,class,group
bacterial_leaf_blight\100023.jpg,bacterial_leaf_blight,0
bacterial_leaf_blight\100049.jpg,bacterial_leaf_blight,1
bacterial_leaf_blight\100126.jpg,bacterial_leaf_blight,2
bacterial_leaf_blight\100133.jpg,bacterial_leaf_blight,140
bacterial_leaf_blight\100148.jpg,bacterial_leaf_blight,4
bacterial_leaf_blight\100162.jpg,bacterial_leaf_blight,5
bacterial_leaf_blight\100169.jpg,bacterial_leaf_blight,16
bacterial_leaf_blight\100234.jpg,bacterial_leaf_blight,7
bacterial_leaf_blight\100248.jpg,bacterial_leaf_blight,8
bacterial_leaf_blight\100268.jpg,bacterial_leaf_blight,315
bacterial_leaf_blight\100289.jpg,bacterial_leaf_blight,10
bacterial_leaf_blight\100330.jpg,bacterial_leaf_blight,11
bacterial_leaf_blight\100365.jpg,bacterial_leaf_blight,12
bacterial_leaf_blight\100382.jpg,bacterial_leaf_blight,13
bacterial_leaf_blight\100445.jpg,bacterial_leaf_blight,403
bacterial_leaf_blight\100447.jpg,bacterial_leaf_blight,208
bacterial_leaf_blight\100513.jpg,bacterial_leaf_blight,16
bacterial_leaf_blight\100516.jpg,bacterial_leaf_blight,17
bacterial_leaf_blight\100523.jpg,bacterial_leaf_blight,56
bacterial_leaf_blight\100541.jpg,bacterial_leaf_blight,468
bacterial_leaf_blight\100542.jpg,bacterial_leaf_blight,20
bacterial_leaf_blight\100548.jpg,bacterial_leaf_blight,21
bacterial_leaf_blight\100582.jpg,bacterial_leaf_blight,307
bacterial_leaf_blight\100622.jpg,bacterial_leaf_blight,23
bacterial_leaf_blight\100623.jpg,bacterial_leaf_blight,24
bacterial_leaf_blight\100632.jpg,bacterial_leaf_blight,25
bacterial_leaf_blight\100635.jpg,bacterial_leaf_blight,355
bacterial_leaf_blight\100649.jpg,bacterial_leaf_blight,27
bacterial_leaf_blight\100653.jpg,bacterial_leaf_blight,28
bacterial_leaf_blight\100681.jpg,bacterial_leaf_blight,29
bacterial_leaf_blight\100709.jpg,bacterial_leaf_blight,30
bacterial_leaf_blight\100733.jpg,bacterial_leaf_blight,31
bacterial_leaf_blight\100760.jpg,bacterial_leaf_blight,32
bacterial_leaf_blight\100795.jpg,bacterial_leaf_blight,33
bacterial_leaf_blight\100883.jpg,bacterial_leaf_blight,34
bacterial_leaf_blight\100925.jpg,bacterial_leaf_blight,35
bacterial_leaf_blight\100956.jpg,bacterial_leaf_blight,36
bacterial_leaf_blight\100967.jpg,bacterial_leaf_blight,37
bacterial_leaf_blight\100982.jpg,bacterial_leaf_blight,38
bacterial_leaf_blight\100998.jpg,bacterial_leaf_blight,373
bacterial_leaf_blight\101004.jpg,bacterial_leaf_blight,40
bacterial_leaf_blight\101013.jpg,bacterial_leaf_blight,41
bacterial_leaf_blight\101169.jpg,bacterial_leaf_blight,42
bacterial_leaf_blight\101173.jpg,bacterial_leaf_blight,383
bacterial_leaf_blight\101176.jpg,bacterial_leaf_blight,387
bacterial_leaf_blight\101187.jpg,bacterial_leaf_blight,45
bacterial_leaf_blight\101198.jpg,bacterial_leaf_blight,46
bacterial_leaf_blight\101229.jpg,bacterial_leaf_blight,47
bacterial_leaf_blight\101355.jpg,bacterial_leaf_blight,48
bacterial_leaf_blight\101391.jpg,bacterial_leaf_blight,49
bacterial_leaf_blight\101394.jpg,bacterial_leaf_blight,50
bacterial_leaf_blight\101406.jpg,bacterial_leaf_blight,51
bacterial_leaf_blight\101420.jpg,bacterial_leaf_blight,52
bacterial_leaf_blight\101425.jpg,bacterial_leaf_blight,53
bacterial_leaf_blight\101428.jpg,bacterial_leaf_blight,301
bacterial_leaf_blight\101467.jpg,bacterial_leaf_blight,218
bacterial_leaf_blight\101469.jpg,bacterial_leaf_blight,56
bacterial_leaf_blight\101473.jpg,bacterial_leaf_blight,57
bacterial_leaf_blight\101485.jpg,bacterial_leaf_blight,58
bacterial_leaf_blight\101516.jpg,bacterial_leaf_blight,59
bacterial_leaf_blight\101530.jpg,bacterial_leaf_blight,60
bacterial_leaf_blight\101544.jpg,bacterial_leaf_blight,61
bacterial_leaf_blight\101553.jpg,bacterial_leaf_blight,62
bacterial_leaf_blight\101593.jpg,bacterial_leaf_blight,330
bacterial_leaf_blight\101638.jpg,bacterial_leaf_blight,64
bacterial_leaf_blight\101647.jpg,bacterial_leaf_blight,65
bacterial_leaf_blight\101649.jpg,bacterial_leaf_blight,148
bacterial_leaf_blight\101652.jpg,bacterial_leaf_blight,218
bacterial_leaf_blight\101658.jpg,bacterial_leaf_blight,68
bacterial_leaf_blight\101659.jpg,bacterial_leaf_blight,141
bacterial_leaf_blight\101676.jpg,bacterial_leaf_blight,70
bacterial_leaf_blight\101702.jpg,bacterial_leaf_blight,71
bacterial_leaf_blight\101718.jpg,bacterial_leaf_blight,72
bacterial_leaf_blight\101731.jpg,bacterial_leaf_blight,73
bacterial_leaf_blight\101761.jpg,bacterial_leaf_blight,286
bacterial_leaf_blight\101767.jpg,bacterial_leaf_blight,75
bacterial_leaf_blight\101768.jpg,bacterial_leaf_blight,425
bacterial_leaf_blight\101780.jpg,bacterial_leaf_blight,77
bacterial_leaf_blight\101798.jpg,bacterial_leaf_blight,78
bacterial_leaf_blight\101800.jpg,bacterial_leaf_blight,79
bacterial_leaf_blight\101805.jpg,bacterial_leaf_blight,80
bacterial_leaf_blight\101809.jpg,bacterial_leaf_blight,369
bacterial_leaf_blight\101812.jpg,bacterial_leaf_blight,82
bacterial_leaf_blight\101818.jpg,bacterial_leaf_blight,83
bacterial_leaf_blight\101849.jpg,bacterial_leaf_blight,84
bacterial_leaf_blight\101857.jpg,bacterial_leaf_blight,85
bacterial_leaf_blight\101886.jpg,bacterial_leaf_blight,86
bacterial_leaf_blight\101888.jpg,bacterial_leaf_blight,87
bacterial_leaf_blight\101918.jpg,bacterial_leaf_blight,88
bacterial_leaf_blight\101930.jpg,bacterial_leaf_blight,89
bacterial_leaf_blight\101933.jpg,bacterial_leaf_blight,90
bacterial_leaf_blight\101938.jpg,bacterial_leaf_blight,91
bacterial_leaf_blight\101973.jpg,bacterial_leaf_blight,92
bacterial_leaf_blight\101979.jpg,bacterial_leaf_blight,93
bacterial_leaf_blight\101995.jpg,bacterial_leaf_blight,373
bacterial_leaf_blight\102038.jpg,bacterial_leaf_blight,373
bacterial_leaf_blight\102062.jpg,bacterial_leaf_blight,96
bacterial_leaf_blight\102071.jpg,bacterial_leaf_blight,97
bacterial_leaf_blight\102106.jpg,bacterial_leaf_blight,98
bacterial_leaf_blight\102117.jpg,bacterial_leaf_blight,208
bacterial_leaf_blight\102119.jpg,bacterial_leaf_blight,100
bacterial_leaf_blight\102127.jpg,bacterial_leaf_blight,101
bacterial_leaf_blight\102128.jpg,bacterial_leaf_blight,102
bacterial_leaf_blight\102130.jpg,bacterial_leaf_blight,103
bacterial_leaf_blight\102166.jpg,bacterial_leaf_blight,130
bacterial_leaf_blight\102167.jpg,bacterial_leaf_blight,105
bacterial_leaf_blight\102190.jpg,bacterial_leaf_blight,106
bacterial_leaf_blight\102206.jpg,bacterial_leaf_blight,425
bacterial_leaf_blight\102238.jpg,bacterial_leaf_blight,108
bacterial_leaf_blight\102259.jpg,bacterial_leaf_blight,109
bacterial_leaf_blight\102314.jpg,bacterial_leaf_blight,141
bacterial_leaf_blight\102323.jpg,bacterial_leaf_blight,111
bacterial_leaf_blight\102338.jpg,bacterial_leaf_blight,112
bacterial_leaf_blight\102353.jpg,bacterial_leaf_blight,227
bacterial_leaf_blight\102420.jpg,bacterial_leaf_blight,114
bacterial_leaf_blight\102427.jpg,bacterial_leaf_blight,115
bacterial_leaf_blight\102475.jpg,bacterial_leaf_blight,260
bacterial_leaf_blight\102488.jpg,bacterial_leaf_blight,117
bacterial_leaf_blight\102516.jpg,bacterial_leaf_blight,118
bacterial_leaf_blight\102544.jpg,bacterial_leaf_blight,119
bacterial_leaf_blight\102555.jpg,bacterial_leaf_blight,120
bacterial_leaf_blight\102560.jpg,bacterial_leaf_blight,121
bacterial_leaf_blight\102582.jpg,bacterial_leaf_blight,122
bacterial_leaf_blight\102617.jpg,bacterial_leaf_blight,123
bacterial_leaf_blight\102639.jpg,bacterial_leaf_blight,124
bacterial_leaf_blight\102648.jpg,bacterial_leaf_blight,125
bacterial_leaf_blight\102659.jpg,bacterial_leaf_blight,342
bacterial_leaf_blight\102667.jpg,bacterial_leaf_blight,127
bacterial_leaf_blight\102726.jpg,bacterial_leaf_blight,128
bacterial_leaf_blight\102738.jpg,bacterial_leaf_blight,129
bacterial_leaf_blight\102773.jpg,bacterial_leaf_blight,130
bacterial_leaf_blight\102817.jpg,bacterial_leaf_blight,148
bacterial_leaf_blight\102835.jpg,bacterial_leaf_blight,132
bacterial_leaf_blight\102841.jpg,bacterial_leaf_blight,133
bacterial_leaf_blight\102848.jpg,bacterial_leaf_blight,134
bacterial_leaf_blight\102890.jpg,bacterial_leaf_blight,135
bacterial_leaf_blight\102902.jpg,bacterial_leaf_blight,136
bacterial_leaf_blight\102935.jpg,bacterial_leaf_blight,366
bacterial_leaf_blight\102940.jpg,bacterial_leaf_blight,236
bacterial_leaf_blight\102981.jpg,bacterial_leaf_blight,139
bacterial_leaf_blight\103032.jpg,bacterial_leaf_blight,140
bacterial_leaf_blight\103033.jpg,bacterial_leaf_blight,141
bacterial_leaf_blight\103048.jpg,bacterial_leaf_blight,142
bacterial_leaf_blight\103051.jpg,bacterial_leaf_blight,143
bacterial_leaf_blight\103056.jpg,bacterial_leaf_blight,144
bacterial_leaf_blight\103070.jpg,bacterial_leaf_blight,145
bacterial_leaf_blight\103097.jpg,bacterial_leaf_blight,146
bacterial_leaf_blight\103107.jpg,bacterial_leaf_blight,147
bacterial_leaf_blight\103127.jpg,bacterial_leaf_blight,148
bacterial_leaf_blight\103169.jpg,bacterial_leaf_blight,336
bacterial_leaf_blight\103174.jpg,bacterial_leaf_blight,150
bacterial_leaf_blight\103177.jpg,bacterial_leaf_blight,366
bacterial_leaf_blight\103187.jpg,bacterial_leaf_blight,152
bacterial_leaf_blight\103205.jpg,bacterial_leaf_blight,153
bacterial_leaf_blight\103230.jpg,bacterial_leaf_blight,224
bacterial_leaf_blight\103276.jpg,bacterial_leaf_blight,155
bacterial_leaf_blight\103313.jpg,bacterial_leaf_blight,156
bacterial_leaf_blight\103319.jpg,bacterial_leaf_blight,157
bacterial_leaf_blight\103323.jpg,bacterial_leaf_blight,158
bacterial_leaf_blight\103344.jpg,bacterial_leaf_blight,277
bacterial_leaf_blight\103355.jpg,bacterial_leaf_blight,160
bacterial_leaf_blight\103357.jpg,bacterial_leaf_blight,196
bacterial_leaf_blight\103380.jpg,bacterial_leaf_blight,162
bacterial_leaf_blight\103389.jpg,bacterial_leaf_blight,163
bacterial_leaf_blight\103392.jpg,bacterial_leaf_blight,164
bacterial_leaf_blight\103435.jpg,bacterial_leaf_blight,165
bacterial_leaf_blight\103447.jpg,bacterial_leaf_blight,166
bacterial_leaf_blight\103458.jpg,bacterial_leaf_blight,167
bacterial_leaf_blight\103487.jpg,bacterial_leaf_blight,168
bacterial_leaf_blight\103500.jpg,bacterial_leaf_blight,397
bacterial_leaf_blight\103552.jpg,bacterial_leaf_blight,170
bacterial_leaf_blight\103606.jpg,bacterial_leaf_blight,274
bacterial_leaf_blight\103615.jpg,bacterial_leaf_blight,172
bacterial_leaf_blight\103629.jpg,bacterial_leaf_blight,173
bacterial_leaf_blight\103637.jpg,bacterial_leaf_blight,174
bacterial_leaf_blight\103679.jpg,bacterial_leaf_blight,175
bacterial_leaf_blight\103686.jpg,bacterial_leaf_blight,342
bacterial_leaf_blight\103702.jpg,bacterial_leaf_blight,177
bacterial_leaf_blight\103734.jpg,bacterial_leaf_blight,178
bacterial_leaf_blight\103839.jpg,bacterial_leaf_blight,201
bacterial_leaf_blight\103920.jpg,bacterial_leaf_blight,180
bacterial_leaf_blight\103923.jpg,bacterial_leaf_blight,181
bacterial_leaf_blight\104017.jpg,bacterial_leaf_blight,201
bacterial_leaf_blight\104018.jpg,bacterial_leaf_blight,446
bacterial_leaf_blight\104053.jpg,bacterial_leaf_blight,218
bacterial_leaf_blight\104055.jpg,bacterial_leaf_blight,185
bacterial_leaf_blight\104086.jpg,bacterial_leaf_blight,218
bacterial_leaf_blight\104092.jpg,bacterial_leaf_blight,187
bacterial_leaf_blight\104106.jpg,bacterial_leaf_blight,188
bacterial_leaf_blight\104108.jpg,bacterial_leaf_blight,189
bacterial_leaf_blight\104110.jpg,bacterial_leaf_blight,190
bacterial_leaf_blight\104175.jpg,bacterial_leaf_blight,191
bacterial_leaf_blight\104255.jpg,bacterial_leaf_blight,192
bacterial_leaf_blight\104271.jpg,bacterial_leaf_blight,193
bacterial_leaf_blight\104273.jpg,bacterial_leaf_blight,260
bacterial_leaf_blight\104316.jpg,bacterial_leaf_blight,195
bacterial_leaf_blight\104324.jpg,bacterial_leaf_blight,196
bacterial_leaf_blight\104347.jpg,bacterial_leaf_blight,197
bacterial_leaf_blight\104361.jpg,bacterial_leaf_blight,198
bacterial_leaf_blight\104401.jpg,bacterial_leaf_blight,199
bacterial_leaf_blight\104428.jpg,bacterial_leaf_blight,200
bacterial_leaf_blight\104430.jpg,bacterial_leaf_blight,201
bacterial_leaf_blight\104432.jpg,bacterial_leaf_blight,202
bacterial_leaf_blight\104438.jpg,bacterial_leaf_blight,203
bacterial_leaf_blight\104439.jpg,bacterial_leaf_blight,382
bacterial_leaf_blight\104448.jpg,bacterial_leaf_blight,205
bacterial_leaf_blight\104458.jpg,bacterial_leaf_blight,206
bacterial_leaf_blight\104494.jpg,bacterial_leaf_blight,207
bacterial_leaf_blight\104518.jpg,bacterial_leaf_blight,208
bacterial_leaf_blight\104532.jpg,bacterial_leaf_blight,209
bacterial_leaf_blight\104535.jpg,bacterial_leaf_blight,210
bacterial_leaf_blight\104576.jpg,bacterial_leaf_blight,211
bacterial_leaf_blight\104605.jpg,bacterial_leaf_blight,212
bacterial_leaf_blight\104635.jpg,bacterial_leaf_blight,213
bacterial_leaf_blight\104639.jpg,bacterial_leaf_blight,214
bacterial_leaf_blight\104657.jpg,bacterial_leaf_blight,215
bacterial_leaf_blight\104690.jpg,bacterial_leaf_blight,216
bacterial_leaf_blight\104691.jpg,bacterial_leaf_blight,274
bacterial_leaf_blight\104697.jpg,bacterial_leaf_blight,218
bacterial_leaf_blight\104702.jpg,bacterial_leaf_blight,219
bacterial_leaf_blight\104704.jpg,bacterial_leaf_blight,220
bacterial_leaf_blight\104732.jpg,bacterial_leaf_blight,221
bacterial_leaf_blight\104751.jpg,bacterial_leaf_blight,222
bacterial_leaf_blight\104752.jpg,bacterial_leaf_blight,223
bacterial_leaf_blight\104776.jpg,bacterial_leaf_blight,224
bacterial_leaf_blight\104778.jpg,bacterial_leaf_blight,225
bacterial_leaf_blight\104799.jpg,bacterial_leaf_blight,226
bacterial_leaf_blight\104800.jpg,bacterial_leaf_blight,227
bacterial_leaf_blight\104819.jpg,bacterial_leaf_blight,228
bacterial_leaf_blight\104827.jpg,bacterial_leaf_blight,229
bacterial_leaf_blight\104842.jpg,bacterial_leaf_blight,230
bacterial_leaf_blight\104937.jpg,bacterial_leaf_blight,231
bacterial_leaf_blight\104942.jpg,bacterial_leaf_blight,232
bacterial_leaf_blight\104975.jpg,bacterial_leaf_blight,233
bacterial_leaf_blight\104997.jpg,bacterial_leaf_blight,234
bacterial_leaf_blight\105008.jpg,bacterial_leaf_blight,235
bacterial_leaf_blight\105014.jpg,bacterial_leaf_blight,236
bacterial_leaf_blight\105031.jpg,bacterial_leaf_blight,237
bacterial_leaf_blight\105046.jpg,bacterial_leaf_blight,238
bacterial_leaf_blight\105059.jpg,bacterial_leaf_blight,239
bacterial_leaf_blight\105122.jpg,bacterial_leaf_blight,240
bacterial_leaf_blight\105125.jpg,bacterial_leaf_blight,241
bacterial_leaf_blight\105151.jpg,bacterial_leaf_blight,242
bacterial_leaf_blight\105180.jpg,bacterial_leaf_blight,243
bacterial_leaf_blight\105209.jpg,bacterial_leaf_blight,148
bacterial_leaf_blight\105236.jpg,bacterial_leaf_blight,245
bacterial_leaf_blight\105239.jpg,bacterial_leaf_blight,455
bacterial_leaf_blight\105250.jpg,bacterial_leaf_blight,342
bacterial_leaf_blight\105255.jpg,bacterial_leaf_blight,248
bacterial_leaf_blight\105272.jpg,bacterial_leaf_blight,249
bacterial_leaf_blight\105273.jpg,bacterial_leaf_blight,250
bacterial_leaf_blight\105291.jpg,bacterial_leaf_blight,251
bacterial_leaf_blight\105306.jpg,bacterial_leaf_blight,252
bacterial_leaf_blight\105324.jpg,bacterial_leaf_blight,253
bacterial_leaf_blight\105374.jpg,bacterial_leaf_blight,254
bacterial_leaf_blight\105416.jpg,bacterial_leaf_blight,255
bacterial_leaf_blight\105426.jpg,bacterial_leaf_blight,256
bacterial_leaf_blight\105429.jpg,bacterial_leaf_blight,257
bacterial_leaf_blight\105443.jpg,bacterial_leaf_blight,258
bacterial_leaf_blight\105477.jpg,bacterial_leaf_blight,455
bacterial_leaf_blight\105486.jpg,bacterial_leaf_blight,260
bacterial_leaf_blight\105521.jpg,bacterial_leaf_blight,261
bacterial_leaf_blight\105522.jpg,bacterial_leaf_blight,262
bacterial_leaf_blight\105532.jpg,bacterial_leaf_blight,263
bacterial_leaf_blight\105544.jpg,bacterial_leaf_blight,264
bacterial_leaf_blight\105561.jpg,bacterial_leaf_blight,265
bacterial_leaf_blight\105570.jpg,bacterial_leaf_blight,266
bacterial_leaf_blight\105623.jpg,bacterial_leaf_blight,267
bacterial_leaf_blight\105648.jpg,bacterial_leaf_blight,268
bacterial_leaf_blight\105662.jpg,bacterial_leaf_blight,269
bacterial_leaf_blight\105675.jpg,bacterial_leaf_blight,270
bacterial_leaf_blight\105677.jpg,bacterial_leaf_blight,271
bacterial_leaf_blight\105794.jpg,bacterial_leaf_blight,272
bacterial_leaf_blight\105823.jpg,bacterial_leaf_blight,273
bacterial_leaf_blight\105851.jpg,bacterial_leaf_blight,274
bacterial_leaf_blight\105852.jpg,bacterial_leaf_blight,275
bacterial_leaf_blight\105857.jpg,bacterial_leaf_blight,276
bacterial_leaf_blight\105878.jpg,bacterial_leaf_blight,277
bacterial_leaf_blight\105948.jpg,bacterial_leaf_blight,278
bacterial_leaf_blight\105979.jpg,bacterial_leaf_blight,279
bacterial_leaf_blight\105993.jpg,bacterial_leaf_blight,280
bacterial_leaf_blight\106005.jpg,bacterial_leaf_blight,373
bacterial_leaf_blight\106016.jpg,bacterial_leaf_blight,282
bacterial_leaf_blight\106028.jpg,bacterial_leaf_blight,283
bacterial_leaf_blight\106089.jpg,bacterial_leaf_blight,284
bacterial_leaf_blight\106092.jpg,bacterial_leaf_blight,285
bacterial_leaf_blight\106117.jpg,bacterial_leaf_blight,286
bacterial_leaf_blight\106141.jpg,bacterial_leaf_blight,287
bacterial_leaf_blight\106142.jpg,bacterial_leaf_blight,288
bacterial_leaf_blight\106202.jpg,bacterial_leaf_blight,289
bacterial_leaf_blight\106232.jpg,bacterial_leaf_blight,342
bacterial_leaf_blight\106263.jpg,bacterial_leaf_blight,291
bacterial_leaf_blight\106272.jpg,bacterial_leaf_blight,292
bacterial_leaf_blight\106280.jpg,bacterial_leaf_blight,293
bacterial_leaf_blight\106292.jpg,bacterial_leaf_blight,294
bacterial_leaf_blight\106295.jpg,bacterial_leaf_blight,295
bacterial_leaf_blight\106339.jpg,bacterial_leaf_blight,296
bacterial_leaf_blight\106340.jpg,bacterial_leaf_blight,297
bacterial_leaf_blight\106388.jpg,bacterial_leaf_blight,298
bacterial_leaf_blight\106395.jpg,bacterial_leaf_blight,299
bacterial_leaf_blight\106413.jpg,bacterial_leaf_blight,391
bacterial_leaf_blight\106419.jpg,bacterial_leaf_blight,301
bacterial_leaf_blight\106510.jpg,bacterial_leaf_blight,302
bacterial_leaf_blight\106514.jpg,bacterial_leaf_blight,303
bacterial_leaf_blight\106539.jpg,bacterial_leaf_blight,304
bacterial_leaf_blight\106545.jpg,bacterial_leaf_blight,305
bacterial_leaf_blight\106562.jpg,bacterial_leaf_blight,426
bacterial_leaf_blight\106599.jpg,bacterial_leaf_blight,307
bacterial_leaf_blight\106615.jpg,bacterial_leaf_blight,308
bacterial_leaf_blight\106624.jpg,bacterial_leaf_blight,309
bacterial_leaf_blight\106629.jpg,bacterial_leaf_blight,384
bacterial_leaf_blight\106645.jpg,bacterial_leaf_blight,311
bacterial_leaf_blight\106698.jpg,bacterial_leaf_blight,366
bacterial_leaf_blight\106713.jpg,bacterial_leaf_blight,318
bacterial_leaf_blight\106754.jpg,bacterial_leaf_blight,314
bacterial_leaf_blight\106760.jpg,bacterial_leaf_blight,315
bacterial_leaf_blight\106794.jpg,bacterial_leaf_blight,316
bacterial_leaf_blight\106811.jpg,bacterial_leaf_blight,317
bacterial_leaf_blight\106812.jpg,bacterial_leaf_blight,318
bacterial_leaf_blight\106853.jpg,bacterial_leaf_blight,319
bacterial_leaf_blight\106861.jpg,bacterial_leaf_blight,320
bacterial_leaf_blight\106916.jpg,bacterial_leaf_blight,321
bacterial_leaf_blight\106934.jpg,bacterial_leaf_blight,322
bacterial_leaf_blight\106938.jpg,bacterial_leaf_blight,323
bacterial_leaf_blight\106949.jpg,bacterial_leaf_blight,324
bacterial_leaf_blight\106964.jpg,bacterial_leaf_blight,325
bacterial_leaf_blight\106984.jpg,bacterial_leaf_blight,373
bacterial_leaf_blight\107021.jpg,bacterial_leaf_blight,327
bacterial_leaf_blight\107036.jpg,bacterial_leaf_blight,328
bacterial_leaf_blight\107064.jpg,bacterial_leaf_blight,329
bacterial_leaf_blight\107104.jpg,bacterial_leaf_blight,330
bacterial_leaf_blight\107162.jpg,bacterial_leaf_blight,331
bacterial_leaf_blight\107177.jpg,bacterial_leaf_blight,332
bacterial_leaf_blight\107178.jpg,bacterial_leaf_blight,333
bacterial_leaf_blight\107246.jpg,bacterial_leaf_blight,334
bacterial_leaf_blight\107251.jpg,bacterial_leaf_blight,335
bacterial_leaf_blight\107254.jpg,bacterial_leaf_blight,336
bacterial_leaf_blight\107274.jpg,bacterial_leaf_blight,337
bacterial_leaf_blight\107284.jpg,bacterial_leaf_blight,477
bacterial_leaf_blight\107296.jpg,bacterial_leaf_blight,339
bacterial_leaf_blight\107326.jpg,bacterial_leaf_blight,340
bacterial_leaf_blight\107423.jpg,bacterial_leaf_blight,403
bacterial_leaf_blight\107466.jpg,bacterial_leaf_blight,342
bacterial_leaf_blight\107472.jpg,bacterial_leaf_blight,343
bacterial_leaf_blight\107474.jpg,bacterial_leaf_blight,344
bacterial_leaf_blight\107493.jpg,bacterial_leaf_blight,345
bacterial_leaf_blight\107532.jpg,bacterial_leaf_blight,346
bacterial_leaf_blight\107533.jpg,bacterial_leaf_blight,347
bacterial_leaf_blight\107547.jpg,bacterial_leaf_blight,348
bacterial_leaf_blight\107592.jpg,bacterial_leaf_blight,349
bacterial_leaf_blight\107594.jpg,bacterial_leaf_blight,350
bacterial_leaf_blight\107617.jpg,bacterial_leaf_blight,351
bacterial_leaf_blight\107619.jpg,bacterial_leaf_blight,352
bacterial_leaf_blight\107643.jpg,bacterial_leaf_blight,353
bacterial_leaf_blight\107761.jpg,bacterial_leaf_blight,354
bacterial_leaf_blight\107812.jpg,bacterial_leaf_blight,355
bacterial_leaf_blight\107829.jpg,bacterial_leaf_blight,356
bacterial_leaf_blight\107844.jpg,bacterial_leaf_blight,357
bacterial_leaf_blight\107863.jpg,bacterial_leaf_blight,358
bacterial_leaf_blight\107873.jpg,bacterial_leaf_blight,359
bacterial_leaf_blight\107904.jpg,bacterial_leaf_blight,360
bacterial_leaf_blight\107907.jpg,bacterial_leaf_blight,361
bacterial_leaf_blight\107928.jpg,bacterial_leaf_blight,362
bacterial_leaf_blight\107979.jpg,bacterial_leaf_blight,363
bacterial_leaf_blight\107998.jpg,bacterial_leaf_blight,477
bacterial_leaf_blight\108005.jpg,bacterial_leaf_blight,403
bacterial_leaf_blight\108018.jpg,bacterial_leaf_blight,366
bacterial_leaf_blight\108039.jpg,bacterial_leaf_blight,441
bacterial_leaf_blight\108046.jpg,bacterial_leaf_blight,368
bacterial_leaf_blight\108056.jpg,bacterial_leaf_blight,369
bacterial_leaf_blight\108078.jpg,bacterial_leaf_blight,370
bacterial_leaf_blight\108102.jpg,bacterial_leaf_blight,366
bacterial_leaf_blight\108117.jpg,bacterial_leaf_blight,372
bacterial_leaf_blight\108125.jpg,bacterial_leaf_blight,373
bacterial_leaf_blight\108129.jpg,bacterial_leaf_blight,374
bacterial_leaf_blight\108150.jpg,bacterial_leaf_blight,375
bacterial_leaf_blight\108183.jpg,bacterial_leaf_blight,376
bacterial_leaf_blight\108199.jpg,bacterial_leaf_blight,377
bacterial_leaf_blight\108231.jpg,bacterial_leaf_blight,378
bacterial_leaf_blight\108257.jpg,bacterial_leaf_blight,379
bacterial_leaf_blight\108265.jpg,bacterial_leaf_blight,380
bacterial_leaf_blight\108320.jpg,bacterial_leaf_blight,381
bacterial_leaf_blight\108340.jpg,bacterial_leaf_blight,382
bacterial_leaf_blight\108353.jpg,bacterial_leaf_blight,383
bacterial_leaf_blight\108396.jpg,bacterial_leaf_blight,384
bacterial_leaf_blight\108415.jpg,bacterial_leaf_blight,385
bacterial_leaf_blight\108422.jpg,bacterial_leaf_blight,386
bacterial_leaf_blight\108425.jpg,bacterial_leaf_blight,387
bacterial_leaf_blight\108429.jpg,bacterial_leaf_blight,388
bacterial_leaf_blight\108487.jpg,bacterial_leaf_blight,389
bacterial_leaf_blight\108520.jpg,bacterial_leaf_blight,390
bacterial_leaf_blight\108522.jpg,bacterial_leaf_blight,391
bacterial_leaf_blight\108526.jpg,bacterial_leaf_blight,392
bacterial_leaf_blight\108533.jpg,bacterial_leaf_blight,393
bacterial_leaf_blight\108541.jpg,bacterial_leaf_blight,394
bacterial_leaf_blight\108552.jpg,bacterial_leaf_blight,395
bacterial_leaf_blight\108631.jpg,bacterial_leaf_blight,396
bacterial_leaf_blight\108668.jpg,bacterial_leaf_blight,397
bacterial_leaf_blight\108673.jpg,bacterial_leaf_blight,398
bacterial_leaf_blight\108696.jpg,bacterial_leaf_blight,399
bacterial_leaf_blight\108697.jpg,bacterial_leaf_blight,400
bacterial_leaf_blight\108725.jpg,bacterial_leaf_blight,401
bacterial_leaf_blight\108748.jpg,bacterial_leaf_blight,402
bacterial_leaf_blight\108765.jpg,bacterial_leaf_blight,403
bacterial_leaf_blight\108796.jpg,bacterial_leaf_blight,404
bacterial_leaf_blight\108817.jpg,bacterial_leaf_blight,405
bacterial_leaf_blight\108828.jpg,bacterial_leaf_blight,406
bacterial_leaf_blight\108844.jpg,bacterial_leaf_blight,407
bacterial_leaf_blight\108855.jpg,bacterial_leaf_blight,408
bacterial_leaf_blight\108868.jpg,bacterial_leaf_blight,409
bacterial_leaf_blight\108876.jpg,bacterial_leaf_blight,410
bacterial_leaf_blight\108883.jpg,bacterial_leaf_blight,411
bacterial_leaf_blight\108884.jpg,bacterial_leaf_blight,412
bacterial_leaf_blight\108929.jpg,bacterial_leaf_blight,413
bacterial_leaf_blight\108974.jpg,bacterial_leaf_blight,414
bacterial_leaf_blight\108976.jpg,bacterial_leaf_blight,415
bacterial_leaf_blight\109021.jpg,bacterial_leaf_blight,416
bacterial_leaf_blight\109067.jpg,bacterial_leaf_blight,417
bacterial_leaf_blight\109115.jpg,bacterial_leaf_blight,418
bacterial_leaf_blight\109121.jpg,bacterial_leaf_blight,419
bacterial_leaf_blight\109173.jpg,bacterial_leaf_blight,420
bacterial_leaf_blight\109196.jpg,bacterial_leaf_blight,421
bacterial_leaf_blight\109214.jpg,bacterial_leaf_blight,422
bacterial_leaf_blight\109219.jpg,bacterial_leaf_blight,423
bacterial_leaf_blight\109249.jpg,bacterial_leaf_blight,424
bacterial_leaf_blight\109275.jpg,bacterial_leaf_blight,425
bacterial_leaf_blight\109289.jpg,bacterial_leaf_blight,426
bacterial_leaf_blight\109304.jpg,bacterial_leaf_blight,427
bacterial_leaf_blight\109306.jpg,bacterial_leaf_blight,428
bacterial_leaf_blight\109315.jpg,bacterial_leaf_blight,429
bacterial_leaf_blight\109320.jpg,bacterial_leaf_blight,430
bacterial_leaf_blight\109324.jpg,bacterial_leaf_blight,431
bacterial_leaf_blight\109332.jpg,bacterial_leaf_blight,432
bacterial_leaf_blight\109360.jpg,bacterial_leaf_blight,433
bacterial_leaf_blight\109366.jpg,bacterial_leaf_blight,434
bacterial_leaf_blight\109372.jpg,bacterial_leaf_blight,435
bacterial_leaf_blight\109375.jpg,bacterial_leaf_blight,436
bacterial_leaf_blight\109422.jpg,bacterial_leaf_blight,437
bacterial_leaf_blight\109428.jpg,bacterial_leaf_blight,438
bacterial_leaf_blight\109440.jpg,bacterial_leaf_blight,439
bacterial_leaf_blight\109441.jpg,bacterial_leaf_blight,440
bacterial_leaf_blight\109460.jpg,bacterial_leaf_blight,441
bacterial_leaf_blight\109514.jpg,bacterial_leaf_blight,442
bacterial_leaf_blight\109520.jpg,bacterial_leaf_blight,443
bacterial_leaf_blight\109588.jpg,bacterial_leaf_blight,444
bacterial_leaf_blight\109635.jpg,bacterial_leaf_blight,445
bacterial_leaf_blight\109666.jpg,bacterial_leaf_blight,446
bacterial_leaf_blight\109669.jpg,bacterial_leaf_blight,447
bacterial_leaf_blight\109673.jpg,bacterial_leaf_blight,448
bacterial_leaf_blight\109674.jpg,bacterial_leaf_blight,449
bacterial_leaf_blight\109768.jpg,bacterial_leaf_blight,450
bacterial_leaf_blight\109775.jpg,bacterial_leaf_blight,451
bacterial_leaf_blight\109785.jpg,bacterial_leaf_blight,452
bacterial_leaf_blight\109795.jpg,bacterial_leaf_blight,453
bacterial_leaf_blight\109818.jpg,bacterial_leaf_blight,454
bacterial_leaf_blight\109831.jpg,bacterial_leaf_blight,455
bacterial_leaf_blight\109844.jpg,bacterial_leaf_blight,456
bacterial_leaf_blight\109870.jpg,bacterial_leaf_blight,457
bacterial_leaf_blight\109905.jpg,bacterial_leaf_blight,458
bacterial_leaf_blight\109910.jpg,bacterial_leaf_blight,459
bacterial_leaf_blight\109940.jpg,bacterial_leaf_blight,460
bacterial_leaf_blight\109950.jpg,bacterial_leaf_blight,461
bacterial_leaf_blight\109972.jpg,bacterial_leaf_blight,462
bacterial_leaf_blight\109975.jpg,bacterial_leaf_blight,463
bacterial_leaf_blight\109995.jpg,bacterial_leaf_blight,464
bacterial_leaf_blight\110022.jpg,bacterial_leaf_blight,465
bacterial_leaf_blight\110079.jpg,bacterial_leaf_blight,466
bacterial_leaf_blight\110083.jpg,bacterial_leaf_blight,467
bacterial_leaf_blight\110090.jpg,bacterial_leaf_blight,468
bacterial_leaf_blight\110204.jpg,bacterial_leaf_blight,469
bacterial_leaf_blight\110213.jpg,bacterial_leaf_blight,470
bacterial_leaf_blight\110234.jpg,bacterial_leaf_blight,471
bacterial_leaf_blight\110277.jpg,bacterial_leaf_blight,472
bacterial_leaf_blight\110292.jpg,bacterial_leaf_blight,473
bacterial_leaf_blight\110315.jpg,bacterial_leaf_blight,474
bacterial_leaf_blight\110320.jpg,bacterial_leaf_blight,475
bacterial_leaf_blight\110382.jpg,bacterial_leaf_blight,476
bacterial_leaf_blight\110392.jpg,bacterial_leaf_blight,477
bacterial_leaf_blight\110400.jpg,bacterial_leaf_blight,478
bacterial_leaf_streak\100042.jpg,bacterial_leaf_streak,479
bacterial_leaf_streak\100081.jpg,bacterial_leaf_streak,657
bacterial_leaf_streak\100084.jpg,bacterial_leaf_streak,849
bacterial_leaf_streak\100105.jpg,bacterial_leaf_streak,761
bacterial_leaf_streak\100145.jpg,bacterial_leaf_streak,845
bacterial_leaf_streak\100150.jpg,bacterial_leaf_streak,500
bacterial_leaf_streak\100178.jpg,bacterial_leaf_streak,485
bacterial_leaf_streak\100200.jpg,bacterial_leaf_streak,738
bacterial_leaf_streak\100212.jpg,bacterial_leaf_streak,487
bacterial_leaf_streak\100235.jpg,bacterial_leaf_streak,845
bacterial_leaf_streak\100264.jpg,bacterial_leaf_streak,489
bacterial_leaf_streak\100279.jpg,bacterial_leaf_streak,490
bacterial_leaf_streak\100284.jpg,bacterial_leaf_streak,828
bacterial_leaf_streak\100299.jpg,bacterial_leaf_streak,774
bacterial_leaf_streak\100300.jpg,bacterial_leaf_streak,493
bacterial_leaf_streak\100327.jpg,bacterial_leaf_streak,823
bacterial_leaf_streak\100385.jpg,bacterial_leaf_streak,495
bacterial_leaf_streak\100394.jpg,bacterial_leaf_streak,496
bacterial_leaf_streak\100409.jpg,bacterial_leaf_streak,760
bacterial_leaf_streak\100485.jpg,bacterial_leaf_streak,646
bacterial_leaf_streak\100494.jpg,bacterial_leaf_streak,721
bacterial_leaf_streak\100545.jpg,bacterial_leaf_streak,500
bacterial_leaf_streak\100550.jpg,bacterial_leaf_streak,501
bacterial_leaf_streak\100552.jpg,bacterial_leaf_streak,692
bacterial_leaf_streak\100553.jpg,bacterial_leaf_streak,739
bacterial_leaf_streak\100580.jpg,bacterial_leaf_streak,504
bacterial_leaf_streak\100593.jpg,bacterial_leaf_streak,505
bacterial_leaf_streak\100676.jpg,bacterial_leaf_streak,506
bacterial_leaf_streak\100701.jpg,bacterial_leaf_streak,507
bacterial_leaf_streak\100734.jpg,bacterial_leaf_streak,508
bacterial_leaf_streak\100749.jpg,bacterial_leaf_streak,646
bacterial_leaf_streak\100755.jpg,bacterial_leaf_streak,837
bacterial_leaf_streak\100764.jpg,bacterial_leaf_streak,738
bacterial_leaf_streak\100837.jpg,bacterial_leaf_streak,760
bacterial_leaf_streak\100869.jpg,bacterial_leaf_streak,760
bacterial_leaf_streak\100889.jpg,bacterial_leaf_streak,514
bacterial_leaf_streak\100923.jpg,bacterial_leaf_streak,738
bacterial_leaf_streak\100951.jpg,bacterial_leaf_streak,516
bacterial_leaf_streak\100960.jpg,bacterial_leaf_streak,3871
bacterial_leaf_streak\100964.jpg,bacterial_leaf_streak,774
bacterial_leaf_streak\100978.jpg,bacterial_leaf_streak,769
bacterial_leaf_streak\101001.jpg,bacterial_leaf_streak,689
bacterial_leaf_streak\101012.jpg,bacterial_leaf_streak,521
bacterial_leaf_streak\101023.jpg,bacterial_leaf_streak,522
bacterial_leaf_streak\101047.jpg,bacterial_leaf_streak,762
bacterial_leaf_streak\101104.jpg,bacterial_leaf_streak,524
bacterial_leaf_streak\101122.jpg,bacterial_leaf_streak,802
bacterial_leaf_streak\101151.jpg,bacterial_leaf_streak,761
bacterial_leaf_streak\101316.jpg,bacterial_leaf_streak,527
bacterial_leaf_streak\101320.jpg,bacterial_leaf_streak,528
bacterial_leaf_streak\101388.jpg,bacterial_leaf_streak,529
bacterial_leaf_streak\101422.jpg,bacterial_leaf_streak,774
bacterial_leaf_streak\101461.jpg,bacterial_leaf_streak,531
bacterial_leaf_streak\101479.jpg,bacterial_leaf_streak,532
bacterial_leaf_streak\101574.jpg,bacterial_leaf_streak,533
bacterial_leaf_streak\101600.jpg,bacterial_leaf_streak,534
bacterial_leaf_streak\101611.jpg,bacterial_leaf_streak,535
bacterial_leaf_streak\101619.jpg,bacterial_leaf_streak,536
bacterial_leaf_streak\101631.jpg,bacterial_leaf_streak,738
bacterial_leaf_streak\101651.jpg,bacterial_leaf_streak,538
bacterial_leaf_streak\101684.jpg,bacterial_leaf_streak,539
bacterial_leaf_streak\101709.jpg,bacterial_leaf_streak,540
bacterial_leaf_streak\101730.jpg,bacterial_leaf_streak,541
bacterial_leaf_streak\101738.jpg,bacterial_leaf_streak,542
bacterial_leaf_streak\101786.jpg,bacterial_leaf_streak,543
bacterial_leaf_streak\101806.jpg,bacterial_leaf_streak,544
bacterial_leaf_streak\101816.jpg,bacterial_leaf_streak,545
bacterial_leaf_streak\101874.jpg,bacterial_leaf_streak,599
bacterial_leaf_streak\101884.jpg,bacterial_leaf_streak,547
bacterial_leaf_streak\101915.jpg,bacterial_leaf_streak,820
bacterial_leaf_streak\101931.jpg,bacterial_leaf_streak,549
bacterial_leaf_streak\101959.jpg,bacterial_leaf_streak,550
bacterial_leaf_streak\102022.jpg,bacterial_leaf_streak,551
bacterial_leaf_streak\102043.jpg,bacterial_leaf_streak,552
bacterial_leaf_streak\102056.jpg,bacterial_leaf_streak,553
bacterial_leaf_streak\102087.jpg,bacterial_leaf_streak,554
bacterial_leaf_streak\102088.jpg,bacterial_leaf_streak,555
bacterial_leaf_streak\102137.jpg,bacterial_leaf_streak,801
bacterial_leaf_streak\102159.jpg,bacterial_leaf_streak,557
bacterial_leaf_streak\102175.jpg,bacterial_leaf_streak,558
bacterial_leaf_streak\102290.jpg,bacterial_leaf_streak,559
bacterial_leaf_streak\102295.jpg,bacterial_leaf_streak,560
bacterial_leaf_streak\102325.jpg,bacterial_leaf_streak,641
bacterial_leaf_streak\102336.jpg,bacterial_leaf_streak,736
bacterial_leaf_streak\102365.jpg,bacterial_leaf_streak,563
bacterial_leaf_streak\102396.jpg,bacterial_leaf_streak,564
bacterial_leaf_streak\102399.jpg,bacterial_leaf_streak,565
bacterial_leaf_streak\102428.jpg,bacterial_leaf_streak,566
bacterial_leaf_streak\102429.jpg,bacterial_leaf_streak,567
bacterial_leaf_streak\102442.jpg,bacterial_leaf_streak,769
bacterial_leaf_streak\102462.jpg,bacterial_leaf_streak,569
bacterial_leaf_streak\102545.jpg,bacterial_leaf_streak,761
bacterial_leaf_streak\102608.jpg,bacterial_leaf_streak,571
bacterial_leaf_streak\102609.jpg,bacterial_leaf_streak,572
bacterial_leaf_streak\102671.jpg,bacterial_leaf_streak,721
bacterial_leaf_streak\102771.jpg,bacterial_leaf_streak,3871
bacterial_leaf_streak\102802.jpg,bacterial_leaf_streak,627
bacterial_leaf_streak\102822.jpg,bacterial_leaf_streak,576
bacterial_leaf_streak\102861.jpg,bacterial_leaf_streak,577
bacterial_leaf_streak\102865.jpg,bacterial_leaf_streak,578
bacterial_leaf_streak\102893.jpg,bacterial_leaf_streak,579
bacterial_leaf_streak\102911.jpg,bacterial_leaf_streak,580
bacterial_leaf_streak\102947.jpg,bacterial_leaf_streak,581
bacterial_leaf_streak\102954.jpg,bacterial_leaf_streak,582
bacterial_leaf_streak\102957.jpg,bacterial_leaf_streak,583
bacterial_leaf_streak\102984.jpg,bacterial_leaf_streak,737
bacterial_leaf_streak\102996.jpg,bacterial_leaf_streak,585
bacterial_leaf_streak\103030.jpg,bacterial_leaf_streak,586
bacterial_leaf_streak\103054.jpg,bacterial_leaf_streak,587
bacterial_leaf_streak\103060.jpg,bacterial_leaf_streak,588
bacterial_leaf_streak\103079.jpg,bacterial_leaf_streak,589
bacterial_leaf_streak\103138.jpg,bacterial_leaf_streak,749
bacterial_leaf_streak\103217.jpg,bacterial_leaf_streak,692
bacterial_leaf_streak\103273.jpg,bacterial_leaf_streak,845
bacterial_leaf_streak\103275.jpg,bacterial_leaf_streak,801
bacterial_leaf_streak\103307.jpg,bacterial_leaf_streak,599
bacterial_leaf_streak\103308.jpg,bacterial_leaf_streak,595
bacterial_leaf_streak\103322.jpg,bacterial_leaf_streak,596
bacterial_leaf_streak\103325.jpg,bacterial_leaf_streak,597
bacterial_leaf_streak\103326.jpg,bacterial_leaf_streak,598
bacterial_leaf_streak\103399.jpg,bacterial_leaf_streak,599
bacterial_leaf_streak\103431.jpg,bacterial_leaf_streak,600
bacterial_leaf_streak\103494.jpg,bacterial_leaf_streak,601
bacterial_leaf_streak\103519.jpg,bacterial_leaf_streak,602
bacterial_leaf_streak\103563.jpg,bacterial_leaf_streak,603
bacterial_leaf_streak\103600.jpg,bacterial_leaf_streak,726
bacterial_leaf_streak\103617.jpg,bacterial_leaf_streak,605
bacterial_leaf_streak\103634.jpg,bacterial_leaf_streak,845
bacterial_leaf_streak\103671.jpg,bacterial_leaf_streak,701
bacterial_leaf_streak\103674.jpg,bacterial_leaf_streak,608
bacterial_leaf_streak\103675.jpg,bacterial_leaf_streak,820
bacterial_leaf_streak\103692.jpg,bacterial_leaf_streak,736
bacterial_leaf_streak\103728.jpg,bacterial_leaf_streak,611
bacterial_leaf_streak\103755.jpg,bacterial_leaf_streak,612
bacterial_leaf_streak\103768.jpg,bacterial_leaf_streak,613
bacterial_leaf_streak\103791.jpg,bacterial_leaf_streak,750
bacterial_leaf_streak\103793.jpg,bacterial_leaf_streak,615
bacterial_leaf_streak\103805.jpg,bacterial_leaf_streak,616
bacterial_leaf_streak\103821.jpg,bacterial_leaf_streak,617
bacterial_leaf_streak\103843.jpg,bacterial_leaf_streak,767
bacterial_leaf_streak\103845.jpg,bacterial_leaf_streak,619
bacterial_leaf_streak\103874.jpg,bacterial_leaf_streak,620
bacterial_leaf_streak\103928.jpg,bacterial_leaf_streak,621
bacterial_leaf_streak\103981.jpg,bacterial_leaf_streak,3871
bacterial_leaf_streak\104005.jpg,bacterial_leaf_streak,823
bacterial_leaf_streak\104015.jpg,bacterial_leaf_streak,842
bacterial_leaf_streak\104020.jpg,bacterial_leaf_streak,625
bacterial_leaf_streak\104032.jpg,bacterial_leaf_streak,626
bacterial_leaf_streak\104068.jpg,bacterial_leaf_streak,627
bacterial_leaf_streak\104070.jpg,bacterial_leaf_streak,628
bacterial_leaf_streak\104096.jpg,bacterial_leaf_streak,782
bacterial_leaf_streak\104135.jpg,bacterial_leaf_streak,630
bacterial_leaf_streak\104181.jpg,bacterial_leaf_streak,631
bacterial_leaf_streak\104232.jpg,bacterial_leaf_streak,632
bacterial_leaf_streak\104312.jpg,bacterial_leaf_streak,633
bacterial_leaf_streak\104321.jpg,bacterial_leaf_streak,646
bacterial_leaf_streak\104372.jpg,bacterial_leaf_streak,635
bacterial_leaf_streak\104385.jpg,bacterial_leaf_streak,657
bacterial_leaf_streak\104389.jpg,bacterial_leaf_streak,637
bacterial_leaf_streak\104391.jpg,bacterial_leaf_streak,776
bacterial_leaf_streak\104402.jpg,bacterial_leaf_streak,639
bacterial_leaf_streak\104405.jpg,bacterial_leaf_streak,657
bacterial_leaf_streak\104415.jpg,bacterial_leaf_streak,641
bacterial_leaf_streak\104419.jpg,bacterial_leaf_streak,774
bacterial_leaf_streak\104442.jpg,bacterial_leaf_streak,643
bacterial_leaf_streak\104444.jpg,bacterial_leaf_streak,644
bacterial_leaf_streak\104447.jpg,bacterial_leaf_streak,721
bacterial_leaf_streak\104461.jpg,bacterial_leaf_streak,646
bacterial_leaf_streak\104479.jpg,bacterial_leaf_streak,828
bacterial_leaf_streak\104487.jpg,bacterial_leaf_streak,823
bacterial_leaf_streak\104510.jpg,bacterial_leaf_streak,649
bacterial_leaf_streak\104530.jpg,bacterial_leaf_streak,685
bacterial_leaf_streak\104563.jpg,bacterial_leaf_streak,769
bacterial_leaf_streak\104567.jpg,bacterial_leaf_streak,831
bacterial_leaf_streak\104582.jpg,bacterial_leaf_streak,845
bacterial_leaf_streak\104590.jpg,bacterial_leaf_streak,820
bacterial_leaf_streak\104620.jpg,bacterial_leaf_streak,761
bacterial_leaf_streak\104621.jpg,bacterial_leaf_streak,599
bacterial_leaf_streak\104622.jpg,bacterial_leaf_streak,657
bacterial_leaf_streak\104724.jpg,bacterial_leaf_streak,658
bacterial_leaf_streak\104726.jpg,bacterial_leaf_streak,659
bacterial_leaf_streak\104787.jpg,bacterial_leaf_streak,660
bacterial_leaf_streak\104797.jpg,bacterial_leaf_streak,661
bacterial_leaf_streak\104808.jpg,bacterial_leaf_streak,662
bacterial_leaf_streak\104809.jpg,bacterial_leaf_streak,663
bacterial_leaf_streak\104872.jpg,bacterial_leaf_streak,664
bacterial_leaf_streak\104881.jpg,bacterial_leaf_streak,665
bacterial_leaf_streak\104885.jpg,bacterial_leaf_streak,666
bacterial_leaf_streak\104926.jpg,bacterial_leaf_streak,692
bacterial_leaf_streak\104988.jpg,bacterial_leaf_streak,668
bacterial_leaf_streak\104998.jpg,bacterial_leaf_streak,749
bacterial_leaf_streak\105025.jpg,bacterial_leaf_streak,670
bacterial_leaf_streak\105027.jpg,bacterial_leaf_streak,671
bacterial_leaf_streak\105069.jpg,bacterial_leaf_streak,744
bacterial_leaf_streak\105152.jpg,bacterial_leaf_streak,804
bacterial_leaf_streak\105174.jpg,bacterial_leaf_streak,674
bacterial_leaf_streak\105201.jpg,bacterial_leaf_streak,675
bacterial_leaf_streak\105219.jpg,bacterial_leaf_streak,721
bacterial_leaf_streak\105221.jpg,bacterial_leaf_streak,858
bacterial_leaf_streak\105224.jpg,bacterial_leaf_streak,678
bacterial_leaf_streak\105230.jpg,bacterial_leaf_streak,679
bacterial_leaf_streak\105256.jpg,bacterial_leaf_streak,680
bacterial_leaf_streak\105265.jpg,bacterial_leaf_streak,681
bacterial_leaf_streak\105297.jpg,bacterial_leaf_streak,599
bacterial_leaf_streak\105302.jpg,bacterial_leaf_streak,599
bacterial_leaf_streak\105309.jpg,bacterial_leaf_streak,761
bacterial_leaf_streak\105323.jpg,bacterial_leaf_streak,685
bacterial_leaf_streak\105340.jpg,bacterial_leaf_streak,776
bacterial_leaf_streak\105364.jpg,bacterial_leaf_streak,687
bacterial_leaf_streak\105378.jpg,bacterial_leaf_streak,750
bacterial_leaf_streak\105386.jpg,bacterial_leaf_streak,689
bacterial_leaf_streak\105403.jpg,bacterial_leaf_streak,5698
bacterial_leaf_streak\105424.jpg,bacterial_leaf_streak,845
bacterial_leaf_streak\105454.jpg,bacterial_leaf_streak,692
bacterial_leaf_streak\105457.jpg,bacterial_leaf_streak,738
bacterial_leaf_streak\105564.jpg,bacterial_leaf_streak,694
bacterial_leaf_streak\105580.jpg,bacterial_leaf_streak,695
bacterial_leaf_streak\105584.jpg,bacterial_leaf_streak,696
bacterial_leaf_streak\105588.jpg,bacterial_leaf_streak,697
bacterial_leaf_streak\105589.jpg,bacterial_leaf_streak,721
bacterial_leaf_streak\105591.jpg,bacterial_leaf_streak,699
bacterial_leaf_streak\105603.jpg,bacterial_leaf_streak,700
bacterial_leaf_streak\105635.jpg,bacterial_leaf_streak,701
bacterial_leaf_streak\105684.jpg,bacterial_leaf_streak,738
bacterial_leaf_streak\105707.jpg,bacterial_leaf_streak,703
bacterial_leaf_streak\105745.jpg,bacterial_leaf_streak,704
bacterial_leaf_streak\105772.jpg,bacterial_leaf_streak,705
bacterial_leaf_streak\105776.jpg,bacterial_leaf_streak,706
bacterial_leaf_streak\105815.jpg,bacterial_leaf_streak,831
bacterial_leaf_streak\105828.jpg,bacterial_leaf_streak,646
bacterial_leaf_streak\105850.jpg,bacterial_leaf_streak,774
bacterial_leaf_streak\105894.jpg,bacterial_leaf_streak,710
bacterial_leaf_streak\106019.jpg,bacterial_leaf_streak,776
bacterial_leaf_streak\106054.jpg,bacterial_leaf_streak,712
bacterial_leaf_streak\106055.jpg,bacterial_leaf_streak,713
bacterial_leaf_streak\106095.jpg,bacterial_leaf_streak,757
bacterial_leaf_streak\106096.jpg,bacterial_leaf_streak,736
bacterial_leaf_streak\106104.jpg,bacterial_leaf_streak,774
bacterial_leaf_streak\106123.jpg,bacterial_leaf_streak,717
bacterial_leaf_streak\106131.jpg,bacterial_leaf_streak,718
bacterial_leaf_streak\106225.jpg,bacterial_leaf_streak,719
bacterial_leaf_streak\106378.jpg,bacterial_leaf_streak,737
bacterial_leaf_streak\106379.jpg,bacterial_leaf_streak,721
bacterial_leaf_streak\106423.jpg,bacterial_leaf_streak,722
bacterial_leaf_streak\106455.jpg,bacterial_leaf_streak,723
bacterial_leaf_streak\106459.jpg,bacterial_leaf_streak,599
bacterial_leaf_streak\106492.jpg,bacterial_leaf_streak,774
bacterial_leaf_streak\106496.jpg,bacterial_leaf_streak,726
bacterial_leaf_streak\106529.jpg,bacterial_leaf_streak,727
bacterial_leaf_streak\106586.jpg,bacterial_leaf_streak,728
bacterial_leaf_streak\106777.jpg,bacterial_leaf_streak,729
bacterial_leaf_streak\106805.jpg,bacterial_leaf_streak,730
bacterial_leaf_streak\106827.jpg,bacterial_leaf_streak,731
bacterial_leaf_streak\106848.jpg,bacterial_leaf_streak,785
bacterial_leaf_streak\106911.jpg,bacterial_leaf_streak,785
bacterial_leaf_streak\106974.jpg,bacterial_leaf_streak,734
bacterial_leaf_streak\107006.jpg,bacterial_leaf_streak,735
bacterial_leaf_streak\107038.jpg,bacterial_leaf_streak,736
bacterial_leaf_streak\107051.jpg,bacterial_leaf_streak,737
bacterial_leaf_streak\107084.jpg,bacterial_leaf_streak,738
bacterial_leaf_streak\107113.jpg,bacterial_leaf_streak,739
bacterial_leaf_streak\107150.jpg,bacterial_leaf_streak,761
bacterial_leaf_streak\107179.jpg,bacterial_leaf_streak,849
bacterial_leaf_streak\107200.jpg,bacterial_leaf_streak,742
bacterial_leaf_streak\107219.jpg,bacterial_leaf_streak,743
bacterial_leaf_streak\107224.jpg,bacterial_leaf_streak,744
bacterial_leaf_streak\107226.jpg,bacterial_leaf_streak,745
bacterial_leaf_streak\107278.jpg,bacterial_leaf_streak,746
bacterial_leaf_streak\107305.jpg,bacterial_leaf_streak,738
bacterial_leaf_streak\107328.jpg,bacterial_leaf_streak,748
bacterial_leaf_streak\107334.jpg,bacterial_leaf_streak,749
bacterial_leaf_streak\107341.jpg,bacterial_leaf_streak,750
bacterial_leaf_streak\107350.jpg,bacterial_leaf_streak,761
bacterial_leaf_streak\107382.jpg,bacterial_leaf_streak,752
bacterial_leaf_streak\107409.jpg,bacterial_leaf_streak,599
bacterial_leaf_streak\107479.jpg,bacterial_leaf_streak,760
bacterial_leaf_streak\107549.jpg,bacterial_leaf_streak,774
bacterial_leaf_streak\107554.jpg,bacterial_leaf_streak,756
bacterial_leaf_streak\107570.jpg,bacterial_leaf_streak,757
bacterial_leaf_streak\107630.jpg,bacterial_leaf_streak,758
bacterial_leaf_streak\107634.jpg,bacterial_leaf_streak,759
bacterial_leaf_streak\107644.jpg,bacterial_leaf_streak,760
bacterial_leaf_streak\107666.jpg,bacterial_leaf_streak,761
bacterial_leaf_streak\107674.jpg,bacterial_leaf_streak,762
bacterial_leaf_streak\107734.jpg,bacterial_leaf_streak,763
bacterial_leaf_streak\107736.jpg,bacterial_leaf_streak,599
bacterial_leaf_streak\107742.jpg,bacterial_leaf_streak,765
bacterial_leaf_streak\107749.jpg,bacterial_leaf_streak,766
bacterial_leaf_streak\107825.jpg,bacterial_leaf_streak,767
bacterial_leaf_streak\107828.jpg,bacterial_leaf_streak,768
bacterial_leaf_streak\107841.jpg,bacterial_leaf_streak,769
bacterial_leaf_streak\107892.jpg,bacterial_leaf_streak,774
bacterial_leaf_streak\107912.jpg,bacterial_leaf_streak,761
bacterial_leaf_streak\107925.jpg,bacterial_leaf_streak,801
bacterial_leaf_streak\107956.jpg,bacterial_leaf_streak,773
bacterial_leaf_streak\107982.jpg,bacterial_leaf_streak,774
bacterial_leaf_streak\107984.jpg,bacterial_leaf_streak,828
bacterial_leaf_streak\108019.jpg,bacterial_leaf_streak,776
bacterial_leaf_streak\108022.jpg,bacterial_leaf_streak,3871
bacterial_leaf_streak\108071.jpg,bacterial_leaf_streak,778
bacterial_leaf_streak\108076.jpg,bacterial_leaf_streak,779
bacterial_leaf_streak\108089.jpg,bacterial_leaf_streak,3871
bacterial_leaf_streak\108241.jpg,bacterial_leaf_streak,781
bacterial_leaf_streak\108246.jpg,bacterial_leaf_streak,782
bacterial_leaf_streak\108249.jpg,bacterial_leaf_streak,828
bacterial_leaf_streak\108253.jpg,bacterial_leaf_streak,738
bacterial_leaf_streak\108304.jpg,bacterial_leaf_streak,785
bacterial_leaf_streak\108321.jpg,bacterial_leaf_streak,786
bacterial_leaf_streak\108329.jpg,bacterial_leaf_streak,774
bacterial_leaf_streak\108342.jpg,bacterial_leaf_streak,788
bacterial_leaf_streak\108347.jpg,bacterial_leaf_streak,789
bacterial_leaf_streak\108370.jpg,bacterial_leaf_streak,845
bacterial_leaf_streak\108466.jpg,bacterial_leaf_streak,791
bacterial_leaf_streak\108477.jpg,bacterial_leaf_streak,760
bacterial_leaf_streak\108482.jpg,bacterial_leaf_streak,793
bacterial_leaf_streak\108486.jpg,bacterial_leaf_streak,794
bacterial_leaf_streak\108577.jpg,bacterial_leaf_streak,795
bacterial_leaf_streak\108603.jpg,bacterial_leaf_streak,796
bacterial_leaf_streak\108656.jpg,bacterial_leaf_streak,797
bacterial_leaf_streak\108674.jpg,bacterial_leaf_streak,798
bacterial_leaf_streak\108793.jpg,bacterial_leaf_streak,799
bacterial_leaf_streak\108861.jpg,bacterial_leaf_streak,800
bacterial_leaf_streak\108864.jpg,bacterial_leaf_streak,801
bacterial_leaf_streak\108907.jpg,bacterial_leaf_streak,802
bacterial_leaf_streak\108944.jpg,bacterial_leaf_streak,803
bacterial_leaf_streak\108946.jpg,bacterial_leaf_streak,804
bacterial_leaf_streak\108960.jpg,bacterial_leaf_streak,805
bacterial_leaf_streak\109008.jpg,bacterial_leaf_streak,806
bacterial_leaf_streak\109040.jpg,bacterial_leaf_streak,837
bacterial_leaf_streak\109045.jpg,bacterial_leaf_streak,808
bacterial_leaf_streak\109065.jpg,bacterial_leaf_streak,809
bacterial_leaf_streak\109091.jpg,bacterial_leaf_streak,810
bacterial_leaf_streak\109106.jpg,bacterial_leaf_streak,811
bacterial_leaf_streak\109138.jpg,bacterial_leaf_streak,812
bacterial_leaf_streak\109186.jpg,bacterial_leaf_streak,813
bacterial_leaf_streak\109191.jpg,bacterial_leaf_streak,839
bacterial_leaf_streak\109210.jpg,bacterial_leaf_streak,815
bacterial_leaf_streak\109233.jpg,bacterial_leaf_streak,816
bacterial_leaf_streak\109234.jpg,bacterial_leaf_streak,817
bacterial_leaf_streak\109261.jpg,bacterial_leaf_streak,820
bacterial_leaf_streak\109268.jpg,bacterial_leaf_streak,738
bacterial_leaf_streak\109341.jpg,bacterial_leaf_streak,820
bacterial_leaf_streak\109391.jpg,bacterial_leaf_streak,821
bacterial_leaf_streak\109396.jpg,bacterial_leaf_streak,822
bacterial_leaf_streak\109474.jpg,bacterial_leaf_streak,823
bacterial_leaf_streak\109476.jpg,bacterial_leaf_streak,824
bacterial_leaf_streak\109496.jpg,bacterial_leaf_streak,825
bacterial_leaf_streak\109563.jpg,bacterial_leaf_streak,826
bacterial_leaf_streak\109566.jpg,bacterial_leaf_streak,827
bacterial_leaf_streak\109594.jpg,bacterial_leaf_streak,828
bacterial_leaf_streak\109623.jpg,bacterial_leaf_streak,829
bacterial_leaf_streak\109678.jpg,bacterial_leaf_streak,3871
bacterial_leaf_streak\109679.jpg,bacterial_leaf_streak,831
bacterial_leaf_streak\109703.jpg,bacterial_leaf_streak,832
bacterial_leaf_streak\109754.jpg,bacterial_leaf_streak,833
bacterial_leaf_streak\109788.jpg,bacterial_leaf_streak,834
bacterial_leaf_streak\109794.jpg,bacterial_leaf_streak,835
bacterial_leaf_streak\109814.jpg,bacterial_leaf_streak,836
bacterial_leaf_streak\109824.jpg,bacterial_leaf_streak,837
bacterial_leaf_streak\109849.jpg,bacterial_leaf_streak,838
bacterial_leaf_streak\109858.jpg,bacterial_leaf_streak,839
bacterial_leaf_streak\109887.jpg,bacterial_leaf_streak,840
bacterial_leaf_streak\109893.jpg,bacterial_leaf_streak,841
bacterial_leaf_streak\109906.jpg,bacterial_leaf_streak,842
bacterial_leaf_streak\109916.jpg,bacterial_leaf_streak,761
bacterial_leaf_streak\109925.jpg,bacterial_leaf_streak,844
bacterial_leaf_streak\109962.jpg,bacterial_leaf_streak,845
bacterial_leaf_streak\109973.jpg,bacterial_leaf_streak,846
bacterial_leaf_streak\109979.jpg,bacterial_leaf_streak,847
bacterial_leaf_streak\110061.jpg,bacterial_leaf_streak,848
bacterial_leaf_streak\110112.jpg,bacterial_leaf_streak,849
bacterial_leaf_streak\110173.jpg,bacterial_leaf_streak,850
bacterial_leaf_streak\110178.jpg,bacterial_leaf_streak,851
bacterial_leaf_streak\110194.jpg,bacterial_leaf_streak,852
bacterial_leaf_streak\110210.jpg,bacterial_leaf_streak,853
bacterial_leaf_streak\110217.jpg,bacterial_leaf_streak,785
bacterial_leaf_streak\110226.jpg,bacterial_leaf_streak,855
bacterial_leaf_streak\110260.jpg,bacterial_leaf_streak,856
bacterial_leaf_streak\110363.jpg,bacterial_leaf_streak,845
bacterial_leaf_streak\110366.jpg,bacterial_leaf_streak,858
bacterial_panicle_blight\100043.jpg,bacterial_panicle_blight,859
bacterial_panicle_blight\100058.jpg,bacterial_panicle_blight,860
bacterial_panicle_blight\100068.jpg,bacterial_panicle_blight,861
bacterial_panicle_blight\100071.jpg,bacterial_panicle_blight,862
bacterial_panicle_blight\100180.jpg,bacterial_panicle_blight,863
bacterial_panicle_blight\100190.jpg,bacterial_panicle_blight,864
bacterial_panicle_blight\100243.jpg,bacterial_panicle_blight,865
bacterial_panicle_blight\100251.jpg,bacterial_panicle_blight,866
bacterial_panicle_blight\100254.jpg,bacterial_panicle_blight,867
bacterial_panicle_blight\100314.jpg,bacterial_panicle_blight,868
bacterial_panicle_blight\100352.jpg,bacterial_panicle_blight,869
bacterial_panicle_blight\100375.jpg,bacterial_panicle_blight,870
bacterial_panicle_blight\100377.jpg,bacterial_panicle_blight,871
bacterial_panicle_blight\100383.jpg,bacterial_panicle_blight,872
bacterial_panicle_blight\100397.jpg,bacterial_panicle_blight,1074
bacterial_panicle_blight\100402.jpg,bacterial_panicle_blight,874
bacterial_panicle_blight\100414.jpg,bacterial_panicle_blight,875
bacterial_panicle_blight\100446.jpg,bacterial_panicle_blight,876
bacterial_panicle_blight\100466.jpg,bacterial_panicle_blight,877
bacterial_panicle_blight\100495.jpg,bacterial_panicle_blight,997
bacterial_panicle_blight\100601.jpg,bacterial_panicle_blight,879
bacterial_panicle_blight\100610.jpg,bacterial_panicle_blight,1040
bacterial_panicle_blight\100634.jpg,bacterial_panicle_blight,881
bacterial_panicle_blight\100694.jpg,bacterial_panicle_blight,882
bacterial_panicle_blight\100750.jpg,bacterial_panicle_blight,883
bacterial_panicle_blight\100824.jpg,bacterial_panicle_blight,884
bacterial_panicle_blight\100828.jpg,bacterial_panicle_blight,885
bacterial_panicle_blight\100868.jpg,bacterial_panicle_blight,886
bacterial_panicle_blight\100915.jpg,bacterial_panicle_blight,887
bacterial_panicle_blight\100922.jpg,bacterial_panicle_blight,1176
bacterial_panicle_blight\101031.jpg,bacterial_panicle_blight,889
bacterial_panicle_blight\101033.jpg,bacterial_panicle_blight,890
bacterial_panicle_blight\101073.jpg,bacterial_panicle_blight,891
bacterial_panicle_blight\101139.jpg,bacterial_panicle_blight,892
bacterial_panicle_blight\101141.jpg,bacterial_panicle_blight,893
bacterial_panicle_blight\101192.jpg,bacterial_panicle_blight,1125
bacterial_panicle_blight\101210.jpg,bacterial_panicle_blight,895
bacterial_panicle_blight\101223.jpg,bacterial_panicle_blight,896
bacterial_panicle_blight\101225.jpg,bacterial_panicle_blight,897
bacterial_panicle_blight\101267.jpg,bacterial_panicle_blight,898
bacterial_panicle_blight\101281.jpg,bacterial_panicle_blight,899
bacterial_panicle_blight\101303.jpg,bacterial_panicle_blight,900
bacterial_panicle_blight\101351.jpg,bacterial_panicle_blight,901
bacterial_panicle_blight\101354.jpg,bacterial_panicle_blight,902
bacterial_panicle_blight\101392.jpg,bacterial_panicle_blight,903
bacterial_panicle_blight\101432.jpg,bacterial_panicle_blight,904
bacterial_panicle_blight\101474.jpg,bacterial_panicle_blight,905
bacterial_panicle_blight\101543.jpg,bacterial_panicle_blight,906
bacterial_panicle_blight\101592.jpg,bacterial_panicle_blight,907
bacterial_panicle_blight\101597.jpg,bacterial_panicle_blight,908
bacterial_panicle_blight\101629.jpg,bacterial_panicle_blight,909
bacterial_panicle_blight\101644.jpg,bacterial_panicle_blight,1041
bacterial_panicle_blight\101645.jpg,bacterial_panicle_blight,1179
bacterial_panicle_blight\101672.jpg,bacterial_panicle_blight,912
bacterial_panicle_blight\101706.jpg,bacterial_panicle_blight,913
bacterial_panicle_blight\101732.jpg,bacterial_panicle_blight,914
bacterial_panicle_blight\101765.jpg,bacterial_panicle_blight,915
bacterial_panicle_blight\101793.jpg,bacterial_panicle_blight,916
bacterial_panicle_blight\101872.jpg,bacterial_panicle_blight,917
bacterial_panicle_blight\101873.jpg,bacterial_panicle_blight,1002
bacterial_panicle_blight\101887.jpg,bacterial_panicle_blight,919
bacterial_panicle_blight\101906.jpg,bacterial_panicle_blight,920
bacterial_panicle_blight\101934.jpg,bacterial_panicle_blight,1176
bacterial_panicle_blight\101957.jpg,bacterial_panicle_blight,922
bacterial_panicle_blight\101960.jpg,bacterial_panicle_blight,923
bacterial_panicle_blight\101962.jpg,bacterial_panicle_blight,924
bacterial_panicle_blight\101964.jpg,bacterial_panicle_blight,925
bacterial_panicle_blight\101965.jpg,bacterial_panicle_blight,1160
bacterial_panicle_blight\102013.jpg,bacterial_panicle_blight,927
bacterial_panicle_blight\102046.jpg,bacterial_panicle_blight,928
bacterial_panicle_blight\102078.jpg,bacterial_panicle_blight,929
bacterial_panicle_blight\102135.jpg,bacterial_panicle_blight,930
bacterial_panicle_blight\102136.jpg,bacterial_panicle_blight,1170
bacterial_panicle_blight\102153.jpg,bacterial_panicle_blight,932
bacterial_panicle_blight\102197.jpg,bacterial_panicle_blight,933
bacterial_panicle_blight\102200.jpg,bacterial_panicle_blight,934
bacterial_panicle_blight\102202.jpg,bacterial_panicle_blight,1165
bacterial_panicle_blight\102215.jpg,bacterial_panicle_blight,1113
bacterial_panicle_blight\102308.jpg,bacterial_panicle_blight,937
bacterial_panicle_blight\102409.jpg,bacterial_panicle_blight,1176
bacterial_panicle_blight\102424.jpg,bacterial_panicle_blight,939
bacterial_panicle_blight\102463.jpg,bacterial_panicle_blight,940
bacterial_panicle_blight\102464.jpg,bacterial_panicle_blight,1170
bacterial_panicle_blight\102472.jpg,bacterial_panicle_blight,944
bacterial_panicle_blight\102477.jpg,bacterial_panicle_blight,980
bacterial_panicle_blight\102485.jpg,bacterial_panicle_blight,944
bacterial_panicle_blight\102491.jpg,bacterial_panicle_blight,945
bacterial_panicle_blight\102528.jpg,bacterial_panicle_blight,946
bacterial_panicle_blight\102548.jpg,bacterial_panicle_blight,947
bacterial_panicle_blight\102607.jpg,bacterial_panicle_blight,948
bacterial_panicle_blight\102689.jpg,bacterial_panicle_blight,949
bacterial_panicle_blight\102756.jpg,bacterial_panicle_blight,950
bacterial_panicle_blight\102765.jpg,bacterial_panicle_blight,951
bacterial_panicle_blight\102839.jpg,bacterial_panicle_blight,1165
bacterial_panicle_blight\102856.jpg,bacterial_panicle_blight,953
bacterial_panicle_blight\102871.jpg,bacterial_panicle_blight,1096
bacterial_panicle_blight\102913.jpg,bacterial_panicle_blight,955
bacterial_panicle_blight\102920.jpg,bacterial_panicle_blight,956
bacterial_panicle_blight\102943.jpg,bacterial_panicle_blight,957
bacterial_panicle_blight\102955.jpg,bacterial_panicle_blight,958
bacterial_panicle_blight\102973.jpg,bacterial_panicle_blight,959
bacterial_panicle_blight\103034.jpg,bacterial_panicle_blight,960
bacterial_panicle_blight\103043.jpg,bacterial_panicle_blight,961
bacterial_panicle_blight\103068.jpg,bacterial_panicle_blight,962
bacterial_panicle_blight\103080.jpg,bacterial_panicle_blight,1176
bacterial_panicle_blight\103110.jpg,bacterial_panicle_blight,964
bacterial_panicle_blight\103150.jpg,bacterial_panicle_blight,965
bacterial_panicle_blight\103233.jpg,bacterial_panicle_blight,966
bacterial_panicle_blight\103337.jpg,bacterial_panicle_blight,967
bacterial_panicle_blight\103368.jpg,bacterial_panicle_blight,968
bacterial_panicle_blight\103406.jpg,bacterial_panicle_blight,969
bacterial_panicle_blight\103426.jpg,bacterial_panicle_blight,970
bacterial_panicle_blight\103439.jpg,bacterial_panicle_blight,971
bacterial_panicle_blight\103466.jpg,bacterial_panicle_blight,972
bacterial_panicle_blight\103522.jpg,bacterial_panicle_blight,973
bacterial_panicle_blight\103568.jpg,bacterial_panicle_blight,974
bacterial_panicle_blight\103639.jpg,bacterial_panicle_blight,975
bacterial_panicle_blight\103725.jpg,bacterial_panicle_blight,976
bacterial_panicle_blight\103731.jpg,bacterial_panicle_blight,977
bacterial_panicle_blight\103733.jpg,bacterial_panicle_blight,978
bacterial_panicle_blight\103735.jpg,bacterial_panicle_blight,979
bacterial_panicle_blight\103817.jpg,bacterial_panicle_blight,980
bacterial_panicle_blight\103867.jpg,bacterial_panicle_blight,1014
bacterial_panicle_blight\103921.jpg,bacterial_panicle_blight,982
bacterial_panicle_blight\103931.jpg,bacterial_panicle_blight,983
bacterial_panicle_blight\103932.jpg,bacterial_panicle_blight,984
bacterial_panicle_blight\103968.jpg,bacterial_panicle_blight,985
bacterial_panicle_blight\103992.jpg,bacterial_panicle_blight,986
bacterial_panicle_blight\104012.jpg,bacterial_panicle_blight,1176
bacterial_panicle_blight\104029.jpg,bacterial_panicle_blight,988
bacterial_panicle_blight\104041.jpg,bacterial_panicle_blight,989
bacterial_panicle_blight\104075.jpg,bacterial_panicle_blight,990
bacterial_panicle_blight\104102.jpg,bacterial_panicle_blight,991
bacterial_panicle_blight\104127.jpg,bacterial_panicle_blight,1091
bacterial_panicle_blight\104154.jpg,bacterial_panicle_blight,1040
bacterial_panicle_blight\104160.jpg,bacterial_panicle_blight,994
bacterial_panicle_blight\104162.jpg,bacterial_panicle_blight,995
bacterial_panicle_blight\104184.jpg,bacterial_panicle_blight,996
bacterial_panicle_blight\104192.jpg,bacterial_panicle_blight,997
bacterial_panicle_blight\104197.jpg,bacterial_panicle_blight,998
bacterial_panicle_blight\104216.jpg,bacterial_panicle_blight,999
bacterial_panicle_blight\104223.jpg,bacterial_panicle_blight,1000
bacterial_panicle_blight\104237.jpg,bacterial_panicle_blight,1001
bacterial_panicle_blight\104261.jpg,bacterial_panicle_blight,1002
bacterial_panicle_blight\104269.jpg,bacterial_panicle_blight,1003
bacterial_panicle_blight\104300.jpg,bacterial_panicle_blight,1004
bacterial_panicle_blight\104320.jpg,bacterial_panicle_blight,1020
bacterial_panicle_blight\104364.jpg,bacterial_panicle_blight,1006
bacterial_panicle_blight\104414.jpg,bacterial_panicle_blight,1007
bacterial_panicle_blight\104427.jpg,bacterial_panicle_blight,1008
bacterial_panicle_blight\104460.jpg,bacterial_panicle_blight,1009
bacterial_panicle_blight\104465.jpg,bacterial_panicle_blight,1010
bacterial_panicle_blight\104505.jpg,bacterial_panicle_blight,1011
bacterial_panicle_blight\104531.jpg,bacterial_panicle_blight,1012
bacterial_panicle_blight\104569.jpg,bacterial_panicle_blight,1013
bacterial_panicle_blight\104630.jpg,bacterial_panicle_blight,1014
bacterial_panicle_blight\104636.jpg,bacterial_panicle_blight,1015
bacterial_panicle_blight\104678.jpg,bacterial_panicle_blight,1016
bacterial_panicle_blight\104684.jpg,bacterial_panicle_blight,1017
bacterial_panicle_blight\104761.jpg,bacterial_panicle_blight,1018
bacterial_panicle_blight\104770.jpg,bacterial_panicle_blight,1019
bacterial_panicle_blight\104803.jpg,bacterial_panicle_blight,1020
bacterial_panicle_blight\104815.jpg,bacterial_panicle_blight,1021
bacterial_panicle_blight\104853.jpg,bacterial_panicle_blight,1022
bacterial_panicle_blight\104912.jpg,bacterial_panicle_blight,1023
bacterial_panicle_blight\104980.jpg,bacterial_panicle_blight,1024
bacterial_panicle_blight\105004.jpg,bacterial_panicle_blight,1025
bacterial_panicle_blight\105013.jpg,bacterial_panicle_blight,1026
bacterial_panicle_blight\105033.jpg,bacterial_panicle_blight,1027
bacterial_panicle_blight\105065.jpg,bacterial_panicle_blight,1028
bacterial_panicle_blight\105083.jpg,bacterial_panicle_blight,1029
bacterial_panicle_blight\105100.jpg,bacterial_panicle_blight,1066
bacterial_panicle_blight\105118.jpg,bacterial_panicle_blight,1031
bacterial_panicle_blight\105145.jpg,bacterial_panicle_blight,1032
bacterial_panicle_blight\105181.jpg,bacterial_panicle_blight,1033
bacterial_panicle_blight\105258.jpg,bacterial_panicle_blight,1034
bacterial_panicle_blight\105267.jpg,bacterial_panicle_blight,1035
bacterial_panicle_blight\105335.jpg,bacterial_panicle_blight,1036
bacterial_panicle_blight\105375.jpg,bacterial_panicle_blight,1037
bacterial_panicle_blight\105377.jpg,bacterial_panicle_blight,1038
bacterial_panicle_blight\105415.jpg,bacterial_panicle_blight,1039
bacterial_panicle_blight\105487.jpg,bacterial_panicle_blight,1040
bacterial_panicle_blight\105533.jpg,bacterial_panicle_blight,1041
bacterial_panicle_blight\105550.jpg,bacterial_panicle_blight,1042
bacterial_panicle_blight\105555.jpg,bacterial_panicle_blight,1043
bacterial_panicle_blight\105578.jpg,bacterial_panicle_blight,1044
bacterial_panicle_blight\105579.jpg,bacterial_panicle_blight,1045
bacterial_panicle_blight\105614.jpg,bacterial_panicle_blight,1046
bacterial_panicle_blight\105646.jpg,bacterial_panicle_blight,1047
bacterial_panicle_blight\105650.jpg,bacterial_panicle_blight,1048
bacterial_panicle_blight\105715.jpg,bacterial_panicle_blight,1049
bacterial_panicle_blight\105725.jpg,bacterial_panicle_blight,1050
bacterial_panicle_blight\105746.jpg,bacterial_panicle_blight,1051
bacterial_panicle_blight\105778.jpg,bacterial_panicle_blight,1052
bacterial_panicle_blight\105798.jpg,bacterial_panicle_blight,1053
bacterial_panicle_blight\105844.jpg,bacterial_panicle_blight,1054
bacterial_panicle_blight\105845.jpg,bacterial_panicle_blight,1055
bacterial_panicle_blight\105848.jpg,bacterial_panicle_blight,1056
bacterial_panicle_blight\105858.jpg,bacterial_panicle_blight,1057
bacterial_panicle_blight\105875.jpg,bacterial_panicle_blight,1177
bacterial_panicle_blight\105908.jpg,bacterial_panicle_blight,1059
bacterial_panicle_blight\105935.jpg,bacterial_panicle_blight,1060
bacterial_panicle_blight\105963.jpg,bacterial_panicle_blight,1078
bacterial_panicle_blight\105977.jpg,bacterial_panicle_blight,1062
bacterial_panicle_blight\106056.jpg,bacterial_panicle_blight,1063
bacterial_panicle_blight\106097.jpg,bacterial_panicle_blight,1064
bacterial_panicle_blight\106119.jpg,bacterial_panicle_blight,1065
bacterial_panicle_blight\106151.jpg,bacterial_panicle_blight,1066
bacterial_panicle_blight\106212.jpg,bacterial_panicle_blight,1067
bacterial_panicle_blight\106273.jpg,bacterial_panicle_blight,1068
bacterial_panicle_blight\106283.jpg,bacterial_panicle_blight,1069
bacterial_panicle_blight\106302.jpg,bacterial_panicle_blight,1070
bacterial_panicle_blight\106318.jpg,bacterial_panicle_blight,1071
bacterial_panicle_blight\106322.jpg,bacterial_panicle_blight,1072
bacterial_panicle_blight\106342.jpg,bacterial_panicle_blight,1073
bacterial_panicle_blight\106344.jpg,bacterial_panicle_blight,1074
bacterial_panicle_blight\106349.jpg,bacterial_panicle_blight,1075
bacterial_panicle_blight\106425.jpg,bacterial_panicle_blight,1076
bacterial_panicle_blight\106466.jpg,bacterial_panicle_blight,1077
bacterial_panicle_blight\106475.jpg,bacterial_panicle_blight,1078
bacterial_panicle_blight\106477.jpg,bacterial_panicle_blight,1079
bacterial_panicle_blight\106480.jpg,bacterial_panicle_blight,1080
bacterial_panicle_blight\106531.jpg,bacterial_panicle_blight,1081
bacterial_panicle_blight\106533.jpg,bacterial_panicle_blight,1082
bacterial_panicle_blight\106538.jpg,bacterial_panicle_blight,1083
bacterial_panicle_blight\106542.jpg,bacterial_panicle_blight,1084
bacterial_panicle_blight\106568.jpg,bacterial_panicle_blight,1085
bacterial_panicle_blight\106575.jpg,bacterial_panicle_blight,1086
bacterial_panicle_blight\106578.jpg,bacterial_panicle_blight,1170
bacterial_panicle_blight\106589.jpg,bacterial_panicle_blight,1088
bacterial_panicle_blight\106613.jpg,bacterial_panicle_blight,1089
bacterial_panicle_blight\106643.jpg,bacterial_panicle_blight,1090
bacterial_panicle_blight\106686.jpg,bacterial_panicle_blight,1091
bacterial_panicle_blight\106742.jpg,bacterial_panicle_blight,1092
bacterial_panicle_blight\106743.jpg,bacterial_panicle_blight,1093
bacterial_panicle_blight\106748.jpg,bacterial_panicle_blight,1094
bacterial_panicle_blight\106830.jpg,bacterial_panicle_blight,1095
bacterial_panicle_blight\106834.jpg,bacterial_panicle_blight,1096
bacterial_panicle_blight\106889.jpg,bacterial_panicle_blight,1097
bacterial_panicle_blight\106945.jpg,bacterial_panicle_blight,1098
bacterial_panicle_blight\106988.jpg,bacterial_panicle_blight,1159
bacterial_panicle_blight\107010.jpg,bacterial_panicle_blight,1100
bacterial_panicle_blight\107067.jpg,bacterial_panicle_blight,1101
bacterial_panicle_blight\107165.jpg,bacterial_panicle_blight,1102
bacterial_panicle_blight\107166.jpg,bacterial_panicle_blight,1103
bacterial_panicle_blight\107214.jpg,bacterial_panicle_blight,1104
bacterial_panicle_blight\107286.jpg,bacterial_panicle_blight,1105
bacterial_panicle_blight\107317.jpg,bacterial_panicle_blight,1106
bacterial_panicle_blight\107358.jpg,bacterial_panicle_blight,1193
bacterial_panicle_blight\107388.jpg,bacterial_panicle_blight,8783
bacterial_panicle_blight\107403.jpg,bacterial_panicle_blight,1109
bacterial_panicle_blight\107432.jpg,bacterial_panicle_blight,1110
bacterial_panicle_blight\107445.jpg,bacterial_panicle_blight,1111
bacterial_panicle_blight\107459.jpg,bacterial_panicle_blight,1112
bacterial_panicle_blight\107471.jpg,bacterial_panicle_blight,1113
bacterial_panicle_blight\107505.jpg,bacterial_panicle_blight,1114
bacterial_panicle_blight\107518.jpg,bacterial_panicle_blight,1115
bacterial_panicle_blight\107519.jpg,bacterial_panicle_blight,1116
bacterial_panicle_blight\107599.jpg,bacterial_panicle_blight,1117
bacterial_panicle_blight\107611.jpg,bacterial_panicle_blight,1118
bacterial_panicle_blight\107648.jpg,bacterial_panicle_blight,1119
bacterial_panicle_blight\107649.jpg,bacterial_panicle_blight,1120
bacterial_panicle_blight\107662.jpg,bacterial_panicle_blight,1121
bacterial_panicle_blight\107676.jpg,bacterial_panicle_blight,1122
bacterial_panicle_blight\107696.jpg,bacterial_panicle_blight,1123
bacterial_panicle_blight\107719.jpg,bacterial_panicle_blight,1124
bacterial_panicle_blight\107854.jpg,bacterial_panicle_blight,1125
bacterial_panicle_blight\107859.jpg,bacterial_panicle_blight,1126
bacterial_panicle_blight\107899.jpg,bacterial_panicle_blight,1127
bacterial_panicle_blight\107913.jpg,bacterial_panicle_blight,1128
bacterial_panicle_blight\107921.jpg,bacterial_panicle_blight,1129
bacterial_panicle_blight\107947.jpg,bacterial_panicle_blight,1130
bacterial_panicle_blight\107971.jpg,bacterial_panicle_blight,1131
bacterial_panicle_blight\107981.jpg,bacterial_panicle_blight,1132
bacterial_panicle_blight\108023.jpg,bacterial_panicle_blight,1133
bacterial_panicle_blight\108083.jpg,bacterial_panicle_blight,1134
bacterial_panicle_blight\108161.jpg,bacterial_panicle_blight,1135
bacterial_panicle_blight\108172.jpg,bacterial_panicle_blight,1136
bacterial_panicle_blight\108195.jpg,bacterial_panicle_blight,1137
bacterial_panicle_blight\108252.jpg,bacterial_panicle_blight,1138
bacterial_panicle_blight\108369.jpg,bacterial_panicle_blight,1139
bacterial_panicle_blight\108408.jpg,bacterial_panicle_blight,1140
bacterial_panicle_blight\108467.jpg,bacterial_panicle_blight,1141
bacterial_panicle_blight\108473.jpg,bacterial_panicle_blight,1142
bacterial_panicle_blight\108501.jpg,bacterial_panicle_blight,1143
bacterial_panicle_blight\108532.jpg,bacterial_panicle_blight,1144
bacterial_panicle_blight\108543.jpg,bacterial_panicle_blight,1145
bacterial_panicle_blight\108548.jpg,bacterial_panicle_blight,1146
bacterial_panicle_blight\108585.jpg,bacterial_panicle_blight,1147
bacterial_panicle_blight\108638.jpg,bacterial_panicle_blight,1148
bacterial_panicle_blight\108706.jpg,bacterial_panicle_blight,1149
bacterial_panicle_blight\108708.jpg,bacterial_panicle_blight,1150
bacterial_panicle_blight\108728.jpg,bacterial_panicle_blight,1151
bacterial_panicle_blight\108877.jpg,bacterial_panicle_blight,1152
bacterial_panicle_blight\108878.jpg,bacterial_panicle_blight,1153
bacterial_panicle_blight\108893.jpg,bacterial_panicle_blight,1154
bacterial_panicle_blight\108920.jpg,bacterial_panicle_blight,1155
bacterial_panicle_blight\108947.jpg,bacterial_panicle_blight,1156
bacterial_panicle_blight\108993.jpg,bacterial_panicle_blight,1157
bacterial_panicle_blight\109076.jpg,bacterial_panicle_blight,1158
bacterial_panicle_blight\109077.jpg,bacterial_panicle_blight,1159
bacterial_panicle_blight\109080.jpg,bacterial_panicle_blight,1160
bacterial_panicle_blight\109084.jpg,bacterial_panicle_blight,1161
bacterial_panicle_blight\109098.jpg,bacterial_panicle_blight,1162
bacterial_panicle_blight\109162.jpg,bacterial_panicle_blight,1163
bacterial_panicle_blight\109168.jpg,bacterial_panicle_blight,1164
bacterial_panicle_blight\109177.jpg,bacterial_panicle_blight,1165
bacterial_panicle_blight\109183.jpg,bacterial_panicle_blight,1166
bacterial_panicle_blight\109263.jpg,bacterial_panicle_blight,1167
bacterial_panicle_blight\109270.jpg,bacterial_panicle_blight,1168
bacterial_panicle_blight\109314.jpg,bacterial_panicle_blight,1169
bacterial_panicle_blight\109434.jpg,bacterial_panicle_blight,1170
bacterial_panicle_blight\109453.jpg,bacterial_panicle_blight,1171
bacterial_panicle_blight\109472.jpg,bacterial_panicle_blight,1172
bacterial_panicle_blight\109631.jpg,bacterial_panicle_blight,1173
bacterial_panicle_blight\109646.jpg,bacterial_panicle_blight,1040
bacterial_panicle_blight\109716.jpg,bacterial_panicle_blight,1175
bacterial_panicle_blight\109755.jpg,bacterial_panicle_blight,1176
bacterial_panicle_blight\109772.jpg,bacterial_panicle_blight,1177
bacterial_panicle_blight\109790.jpg,bacterial_panicle_blight,1178
bacterial_panicle_blight\109828.jpg,bacterial_panicle_blight,1179
bacterial_panicle_blight\109926.jpg,bacterial_panicle_blight,1180
bacterial_panicle_blight\109955.jpg,bacterial_panicle_blight,1181
bacterial_panicle_blight\109971.jpg,bacterial_panicle_blight,1182
bacterial_panicle_blight\110039.jpg,bacterial_panicle_blight,1183
bacterial_panicle_blight\110057.jpg,bacterial_panicle_blight,1184
bacterial_panicle_blight\110121.jpg,bacterial_panicle_blight,1185
bacterial_panicle_blight\110162.jpg,bacterial_panicle_blight,1186
bacterial_panicle_blight\110185.jpg,bacterial_panicle_blight,1187
bacterial_panicle_blight\110190.jpg,bacterial_panicle_blight,1188
bacterial_panicle_blight\110295.jpg,bacterial_panicle_blight,1189
bacterial_panicle_blight\110319.jpg,bacterial_panicle_blight,1190
bacterial_panicle_blight\110342.jpg,bacterial_panicle_blight,1191
bacterial_panicle_blight\110344.jpg,bacterial_panicle_blight,1192
bacterial_panicle_blight\110376.jpg,bacterial_panicle_blight,1193
bacterial_panicle_blight\110387.jpg,bacterial_panicle_blight,1194
bacterial_panicle_blight\110394.jpg,bacterial_panicle_blight,1195
blast\100004.jpg,blast,1196
blast\100006.jpg,blast,2456
blast\100012.jpg,blast,2374
blast\100039.jpg,blast,2252
blast\100040.jpg,blast,2429
blast\100045.jpg,blast,1469
blast\100046.jpg,blast,1202
blast\100050.jpg,blast,1203
blast\100074.jpg,blast,1204
blast\100079.jpg,blast,1205
blast\100080.jpg,blast,2673
blast\100083.jpg,blast,1207
blast\100092.jpg,blast,1208
blast\100104.jpg,blast,1209
blast\100118.jpg,blast,1210
blast\100121.jpg,blast,1211
blast\100123.jpg,blast,1212
blast\100127.jpg,blast,2575
blast\100137.jpg,blast,1214
blast\100138.jpg,blast,1215
blast\100141.jpg,blast,2183
blast\100147.jpg,blast,1217
blast\100151.jpg,blast,2214
blast\100154.jpg,blast,1219
blast\100156.jpg,blast,1220
blast\100161.jpg,blast,1221
blast\100167.jpg,blast,1222
blast\100175.jpg,blast,1817
blast\100177.jpg,blast,1224
blast\100184.jpg,blast,1225
blast\100197.jpg,blast,1226
blast\100198.jpg,blast,2108
blast\100202.jpg,blast,1228
blast\100203.jpg,blast,1828
blast\100215.jpg,blast,1230
blast\100217.jpg,blast,1231
blast\100219.jpg,blast,1232
blast\100227.jpg,blast,1233
blast\100228.jpg,blast,2265
blast\100230.jpg,blast,1235
blast\100231.jpg,blast,1236
blast\100244.jpg,blast,2612
blast\100245.jpg,blast,1760
blast\100250.jpg,blast,1836
blast\100265.jpg,blast,1240
blast\100276.jpg,blast,1241
blast\100277.jpg,blast,1242
blast\100278.jpg,blast,1243
blast\100280.jpg,blast,1853
blast\100281.jpg,blast,1245
blast\100282.jpg,blast,1751
blast\100286.jpg,blast,1247
blast\100288.jpg,blast,1248
blast\100292.jpg,blast,2861
blast\100295.jpg,blast,1250
blast\100301.jpg,blast,1251
blast\100310.jpg,blast,2861
blast\100312.jpg,blast,1253
blast\100334.jpg,blast,2900
blast\100338.jpg,blast,1255
blast\100345.jpg,blast,1760
blast\100347.jpg,blast,1257
blast\100348.jpg,blast,1258
blast\100355.jpg,blast,1259
blast\100359.jpg,blast,1260
blast\100364.jpg,blast,2900
blast\100367.jpg,blast,1416
blast\100373.jpg,blast,1263
blast\100378.jpg,blast,1264
blast\100379.jpg,blast,2647
blast\100396.jpg,blast,1266
blast\100405.jpg,blast,1267
blast\100412.jpg,blast,1268
blast\100413.jpg,blast,1269
blast\100420.jpg,blast,1270
blast\100430.jpg,blast,1271
blast\100436.jpg,blast,2688
blast\100438.jpg,blast,1273
blast\100439.jpg,blast,1274
blast\100442.jpg,blast,2806
blast\100443.jpg,blast,1276
blast\100469.jpg,blast,1277
blast\100472.jpg,blast,2375
blast\100476.jpg,blast,2374
blast\100482.jpg,blast,1280
blast\100484.jpg,blast,5864
blast\100498.jpg,blast,1282
blast\100500.jpg,blast,1283
blast\100501.jpg,blast,2370
blast\100508.jpg,blast,2861
blast\100521.jpg,blast,1286
blast\100522.jpg,blast,2669
blast\100527.jpg,blast,1288
blast\100536.jpg,blast,1289
blast\100554.jpg,blast,2603
blast\100556.jpg,blast,1291
blast\100560.jpg,blast,1292
blast\100561.jpg,blast,1293
blast\100572.jpg,blast,2086
blast\100573.jpg,blast,1295
blast\100590.jpg,blast,1296
blast\100591.jpg,blast,1297
blast\100597.jpg,blast,1469
blast\100598.jpg,blast,1299
blast\100600.jpg,blast,1300
blast\100604.jpg,blast,1301
blast\100605.jpg,blast,1302
blast\100626.jpg,blast,1303
blast\100627.jpg,blast,1810
blast\100629.jpg,blast,1305
blast\100636.jpg,blast,2526
blast\100638.jpg,blast,1307
blast\100642.jpg,blast,1308
blast\100657.jpg,blast,1309
blast\100673.jpg,blast,1310
blast\100674.jpg,blast,2793
blast\100678.jpg,blast,1312
blast\100679.jpg,blast,2259
blast\100680.jpg,blast,2317
blast\100703.jpg,blast,1315
blast\100719.jpg,blast,2110
blast\100720.jpg,blast,1317
blast\100726.jpg,blast,1318
blast\100731.jpg,blast,1319
blast\100738.jpg,blast,1449
blast\100739.jpg,blast,1321
blast\100742.jpg,blast,1322
blast\100745.jpg,blast,1850
blast\100753.jpg,blast,2724
blast\100756.jpg,blast,1727
blast\100758.jpg,blast,1326
blast\100765.jpg,blast,1327
blast\100767.jpg,blast,2460
blast\100770.jpg,blast,1329
blast\100773.jpg,blast,1330
blast\100774.jpg,blast,2756
blast\100778.jpg,blast,1332
blast\100784.jpg,blast,1333
blast\100792.jpg,blast,1334
blast\100797.jpg,blast,1931
blast\100801.jpg,blast,1336
blast\100805.jpg,blast,1337
blast\100806.jpg,blast,1338
blast\100812.jpg,blast,1552
blast\100818.jpg,blast,1340
blast\100819.jpg,blast,2230
blast\100823.jpg,blast,1342
blast\100831.jpg,blast,1343
blast\100840.jpg,blast,1344
blast\100841.jpg,blast,1345
blast\100842.jpg,blast,1346
blast\100848.jpg,blast,1347
blast\100851.jpg,blast,1348
blast\100852.jpg,blast,1349
blast\100856.jpg,blast,1350
blast\100870.jpg,blast,1351
blast\100873.jpg,blast,1352
blast\100875.jpg,blast,1353
blast\100877.jpg,blast,1354
blast\100879.jpg,blast,2446
blast\100880.jpg,blast,2354
blast\100894.jpg,blast,1357
blast\100898.jpg,blast,1358
blast\100899.jpg,blast,1359
blast\100901.jpg,blast,1360
blast\100903.jpg,blast,2863
blast\100904.jpg,blast,1362
blast\100909.jpg,blast,1363
blast\100932.jpg,blast,1364
blast\100935.jpg,blast,1365
blast\100940.jpg,blast,1366
blast\100945.jpg,blast,1367
blast\100948.jpg,blast,1368
blast\100952.jpg,blast,1369
blast\100954.jpg,blast,1370
blast\100961.jpg,blast,1371
blast\100970.jpg,blast,1372
blast\100981.jpg,blast,2354
blast\100984.jpg,blast,2250
blast\100989.jpg,blast,1375
blast\100991.jpg,blast,1376
blast\100993.jpg,blast,1377
blast\101000.jpg,blast,1378
blast\101003.jpg,blast,1379
blast\101006.jpg,blast,1552
blast\101007.jpg,blast,1381
blast\101010.jpg,blast,1853
blast\101016.jpg,blast,2259
blast\101019.jpg,blast,1384
blast\101042.jpg,blast,1385
blast\101045.jpg,blast,1386
blast\101054.jpg,blast,1387
blast\101057.jpg,blast,1388
blast\101058.jpg,blast,1389
blast\101061.jpg,blast,1940
blast\101063.jpg,blast,1391
blast\101067.jpg,blast,1392
blast\101075.jpg,blast,1393
blast\101079.jpg,blast,1394
blast\101080.jpg,blast,1395
blast\101082.jpg,blast,1396
blast\101085.jpg,blast,2435
blast\101097.jpg,blast,2619
blast\101102.jpg,blast,2838
blast\101105.jpg,blast,1400
blast\101116.jpg,blast,1401
blast\101125.jpg,blast,1402
blast\101143.jpg,blast,1830
blast\101149.jpg,blast,1404
blast\101154.jpg,blast,1405
blast\101160.jpg,blast,1406
blast\101161.jpg,blast,2032
blast\101164.jpg,blast,1408
blast\101171.jpg,blast,1409
blast\101172.jpg,blast,1727
blast\101182.jpg,blast,1411
blast\101183.jpg,blast,1412
blast\101186.jpg,blast,1413
blast\101194.jpg,blast,1414
blast\101199.jpg,blast,1415
blast\101203.jpg,blast,1416
blast\101212.jpg,blast,1417
blast\101213.jpg,blast,1418
blast\101216.jpg,blast,1419
blast\101218.jpg,blast,2861
blast\101220.jpg,blast,1421
blast\101226.jpg,blast,1422
blast\101244.jpg,blast,1423
blast\101250.jpg,blast,1424
blast\101254.jpg,blast,1425
blast\101263.jpg,blast,1426
blast\101274.jpg,blast,1427
blast\101285.jpg,blast,1428
blast\101286.jpg,blast,1429
blast\101290.jpg,blast,1430
blast\101292.jpg,blast,1431
blast\101294.jpg,blast,1751
blast\101305.jpg,blast,1433
blast\101308.jpg,blast,1434
blast\101309.jpg,blast,2012
blast\101313.jpg,blast,1436
blast\101317.jpg,blast,1437
blast\101323.jpg,blast,1552
blast\101335.jpg,blast,2805
blast\101340.jpg,blast,1440
blast\101343.jpg,blast,2183
blast\101347.jpg,blast,1442
blast\101362.jpg,blast,1443
blast\101377.jpg,blast,1444
blast\101380.jpg,blast,1445
blast\101385.jpg,blast,1446
blast\101400.jpg,blast,1672
blast\101413.jpg,blast,1448
blast\101416.jpg,blast,1449
blast\101417.jpg,blast,1450
blast\101424.jpg,blast,1751
blast\101430.jpg,blast,1452
blast\101435.jpg,blast,1931
blast\101447.jpg,blast,2056
blast\101450.jpg,blast,2374
blast\101465.jpg,blast,1456
blast\101471.jpg,blast,1457
blast\101472.jpg,blast,2669
blast\101475.jpg,blast,1459
blast\101483.jpg,blast,2211
blast\101491.jpg,blast,1793
blast\101497.jpg,blast,1462
blast\101498.jpg,blast,1463
blast\101499.jpg,blast,1464
blast\101501.jpg,blast,1465
blast\101506.jpg,blast,2619
blast\101510.jpg,blast,1467
blast\101519.jpg,blast,1468
blast\101521.jpg,blast,1469
blast\101531.jpg,blast,1470
blast\101534.jpg,blast,1471
blast\101537.jpg,blast,2012
blast\101538.jpg,blast,1473
blast\101554.jpg,blast,2931
blast\101555.jpg,blast,1475
blast\101556.jpg,blast,1476
blast\101567.jpg,blast,1477
blast\101569.jpg,blast,1478
blast\101573.jpg,blast,1479
blast\101594.jpg,blast,2319
blast\101604.jpg,blast,1481
blast\101624.jpg,blast,1482
blast\101628.jpg,blast,1483
blast\101630.jpg,blast,2036
blast\101637.jpg,blast,1485
blast\101666.jpg,blast,2259
blast\101671.jpg,blast,1487
blast\101683.jpg,blast,1488
blast\101686.jpg,blast,1489
blast\101688.jpg,blast,1490
blast\101693.jpg,blast,1491
blast\101698.jpg,blast,1492
blast\101707.jpg,blast,2098
blast\101715.jpg,blast,1494
blast\101735.jpg,blast,1495
blast\101742.jpg,blast,1496
blast\101747.jpg,blast,2861
blast\101749.jpg,blast,1498
blast\101751.jpg,blast,1499
blast\101754.jpg,blast,2250
blast\101755.jpg,blast,1501
blast\101756.jpg,blast,2861
blast\101760.jpg,blast,1503
blast\101772.jpg,blast,2077
blast\101776.jpg,blast,1505
blast\101777.jpg,blast,2895
blast\101791.jpg,blast,5756
blast\101796.jpg,blast,2490
blast\101799.jpg,blast,1509
blast\101804.jpg,blast,1510
blast\101811.jpg,blast,1511
blast\101817.jpg,blast,1512
blast\101823.jpg,blast,1513
blast\101830.jpg,blast,1514
blast\101833.jpg,blast,1515
blast\101869.jpg,blast,1516
blast\101875.jpg,blast,1517
blast\101876.jpg,blast,1518
blast\101878.jpg,blast,1519
blast\101892.jpg,blast,2750
blast\101900.jpg,blast,1521
blast\101902.jpg,blast,1522
blast\101903.jpg,blast,1523
blast\101910.jpg,blast,1791
blast\101923.jpg,blast,1525
blast\101935.jpg,blast,1526
blast\101947.jpg,blast,1931
blast\101956.jpg,blast,5760
blast\101968.jpg,blast,1529
blast\101969.jpg,blast,1530
blast\101971.jpg,blast,1531
blast\101981.jpg,blast,1532
blast\101983.jpg,blast,1533
blast\101984.jpg,blast,1534
blast\101988.jpg,blast,2683
blast\101989.jpg,blast,1536
blast\101993.jpg,blast,2861
blast\102002.jpg,blast,1538
blast\102005.jpg,blast,2197
blast\102007.jpg,blast,1540
blast\102008.jpg,blast,2754
blast\102010.jpg,blast,1542
blast\102011.jpg,blast,2895
blast\102018.jpg,blast,2259
blast\102034.jpg,blast,1970
blast\102041.jpg,blast,1546
blast\102044.jpg,blast,1547
blast\102048.jpg,blast,1548
blast\102052.jpg,blast,1549
blast\102055.jpg,blast,1550
blast\102065.jpg,blast,1551
blast\102066.jpg,blast,1552
blast\102069.jpg,blast,2784
blast\102070.jpg,blast,2578
blast\102079.jpg,blast,1555
blast\102090.jpg,blast,2695
blast\102091.jpg,blast,2249
blast\102096.jpg,blast,1558
blast\102101.jpg,blast,2610
blast\102102.jpg,blast,1560
blast\102103.jpg,blast,1561
blast\102110.jpg,blast,1562
blast\102114.jpg,blast,1563
blast\102118.jpg,blast,1564
blast\102124.jpg,blast,1565
blast\102125.jpg,blast,1566
blast\102133.jpg,blast,1567
blast\102140.jpg,blast,1568
blast\102146.jpg,blast,1569
blast\102148.jpg,blast,1570
blast\102156.jpg,blast,1571
blast\102157.jpg,blast,1572
blast\102168.jpg,blast,1573
blast\102172.jpg,blast,1574
blast\102178.jpg,blast,2879
blast\102180.jpg,blast,1576
blast\102188.jpg,blast,1577
blast\102189.jpg,blast,2806
blast\102192.jpg,blast,1579
blast\102198.jpg,blast,1580
blast\102199.jpg,blast,1581
blast\102205.jpg,blast,1582
blast\102218.jpg,blast,1583
blast\102223.jpg,blast,1584
blast\102224.jpg,blast,1585
blast\102228.jpg,blast,1586
blast\102235.jpg,blast,1587
blast\102236.jpg,blast,1588
blast\102237.jpg,blast,1589
blast\102241.jpg,blast,1590
blast\102244.jpg,blast,1591
blast\102250.jpg,blast,1592
blast\102252.jpg,blast,2277
blast\102257.jpg,blast,2315
blast\102268.jpg,blast,1595
blast\102274.jpg,blast,2861
blast\102275.jpg,blast,1597
blast\102276.jpg,blast,1598
blast\102288.jpg,blast,1599
blast\102298.jpg,blast,1600
blast\102317.jpg,blast,1601
blast\102331.jpg,blast,1602
blast\102334.jpg,blast,1666
blast\102341.jpg,blast,1604
blast\102349.jpg,blast,1605
blast\102374.jpg,blast,1606
blast\102378.jpg,blast,1607
blast\102393.jpg,blast,1608
blast\102395.jpg,blast,1609
blast\102407.jpg,blast,1610
blast\102432.jpg,blast,1611
blast\102443.jpg,blast,1612
blast\102446.jpg,blast,1613
blast\102450.jpg,blast,2863
blast\102452.jpg,blast,1615
blast\102453.jpg,blast,1616
blast\102455.jpg,blast,1617
blast\102457.jpg,blast,1618
blast\102466.jpg,blast,1619
blast\102469.jpg,blast,1772
blast\102474.jpg,blast,2652
blast\102478.jpg,blast,2043
blast\102480.jpg,blast,1623
blast\102482.jpg,blast,1624
blast\102505.jpg,blast,1625
blast\102514.jpg,blast,2784
blast\102515.jpg,blast,2563
blast\102532.jpg,blast,1628
blast\102538.jpg,blast,1629
blast\102546.jpg,blast,1630
blast\102550.jpg,blast,2724
blast\102553.jpg,blast,1632
blast\102557.jpg,blast,1633
blast\102558.jpg,blast,1634
blast\102562.jpg,blast,1635
blast\102565.jpg,blast,1636
blast\102570.jpg,blast,1637
blast\102571.jpg,blast,1638
blast\102573.jpg,blast,2346
blast\102588.jpg,blast,1640
blast\102592.jpg,blast,1641
blast\102600.jpg,blast,1642
blast\102601.jpg,blast,1643
blast\102604.jpg,blast,1644
blast\102611.jpg,blast,1645
blast\102615.jpg,blast,1646
blast\102616.jpg,blast,1647
blast\102621.jpg,blast,2502
blast\102624.jpg,blast,1649
blast\102627.jpg,blast,1650
blast\102630.jpg,blast,1651
blast\102643.jpg,blast,1652
blast\102645.jpg,blast,2619
blast\102647.jpg,blast,1654
blast\102649.jpg,blast,1655
blast\102674.jpg,blast,1656
blast\102676.jpg,blast,1657
blast\102677.jpg,blast,2111
blast\102685.jpg,blast,2673
blast\102687.jpg,blast,1660
blast\102694.jpg,blast,1661
blast\102697.jpg,blast,1662
blast\102698.jpg,blast,2336
blast\102699.jpg,blast,2861
blast\102703.jpg,blast,1665
blast\102705.jpg,blast,1666
blast\102706.jpg,blast,1667
blast\102709.jpg,blast,1668
blast\102713.jpg,blast,1669
blast\102715.jpg,blast,2205
blast\102724.jpg,blast,1851
blast\102739.jpg,blast,1672
blast\102741.jpg,blast,1673
blast\102743.jpg,blast,2784
blast\102745.jpg,blast,1675
blast\102746.jpg,blast,1676
blast\102766.jpg,blast,1677
blast\102775.jpg,blast,1678
blast\102780.jpg,blast,1679
blast\102783.jpg,blast,1680
blast\102789.jpg,blast,1681
blast\102806.jpg,blast,2879
blast\102808.jpg,blast,1683
blast\102813.jpg,blast,2861
blast\102816.jpg,blast,2274
blast\102828.jpg,blast,1686
blast\102829.jpg,blast,1687
blast\102832.jpg,blast,1688
blast\102838.jpg,blast,1689
blast\102850.jpg,blast,1690
blast\102853.jpg,blast,2504
blast\102855.jpg,blast,1692
blast\102863.jpg,blast,1693
blast\102877.jpg,blast,1694
blast\102880.jpg,blast,1695
blast\102881.jpg,blast,1791
blast\102885.jpg,blast,1697
blast\102892.jpg,blast,1698
blast\102896.jpg,blast,1699
blast\102897.jpg,blast,2610
blast\102904.jpg,blast,1701
blast\102906.jpg,blast,1702
blast\102909.jpg,blast,1703
blast\102919.jpg,blast,1704
blast\102921.jpg,blast,1705
blast\102922.jpg,blast,1706
blast\102923.jpg,blast,1707
blast\102933.jpg,blast,1708
blast\102937.jpg,blast,1709
blast\102941.jpg,blast,1710
blast\102946.jpg,blast,1711
blast\102949.jpg,blast,1712
blast\102951.jpg,blast,1713
blast\102958.jpg,blast,1714
blast\102962.jpg,blast,1760
blast\102969.jpg,blast,1716
blast\102972.jpg,blast,1717
blast\102990.jpg,blast,1718
blast\103002.jpg,blast,2555
blast\103012.jpg,blast,1720
blast\103013.jpg,blast,1721
blast\103020.jpg,blast,2425
blast\103024.jpg,blast,1723
blast\103029.jpg,blast,1724
blast\103036.jpg,blast,2071
blast\103038.jpg,blast,1726
blast\103059.jpg,blast,1727
blast\103062.jpg,blast,2459
blast\103071.jpg,blast,1729
blast\103075.jpg,blast,1730
blast\103077.jpg,blast,2495
blast\103081.jpg,blast,1732
blast\103096.jpg,blast,2895
blast\103103.jpg,blast,1734
blast\103118.jpg,blast,1735
blast\103129.jpg,blast,1736
blast\103131.jpg,blast,1737
blast\103142.jpg,blast,1738
blast\103144.jpg,blast,2784
blast\103148.jpg,blast,1740
blast\103149.jpg,blast,1741
blast\103159.jpg,blast,1742
blast\103161.jpg,blast,1743
blast\103165.jpg,blast,1744
blast\103168.jpg,blast,1745
blast\103178.jpg,blast,5760
blast\103181.jpg,blast,1747
blast\103182.jpg,blast,1748
blast\103204.jpg,blast,1749
blast\103207.jpg,blast,1750
blast\103211.jpg,blast,1751
blast\103212.jpg,blast,2610
blast\103224.jpg,blast,1753
blast\103225.jpg,blast,1754
blast\103238.jpg,blast,2578
blast\103240.jpg,blast,1756
blast\103246.jpg,blast,1757
blast\103251.jpg,blast,1758
blast\103256.jpg,blast,1759
blast\103262.jpg,blast,1760
blast\103271.jpg,blast,1761
blast\103272.jpg,blast,1762
blast\103283.jpg,blast,1763
blast\103284.jpg,blast,1764
blast\103285.jpg,blast,1765
blast\103289.jpg,blast,2460
blast\103293.jpg,blast,1767
blast\103295.jpg,blast,1552
blast\103298.jpg,blast,1769
blast\103305.jpg,blast,1770
blast\103311.jpg,blast,1771
blast\103314.jpg,blast,1772
blast\103317.jpg,blast,1773
blast\103321.jpg,blast,1774
blast\103327.jpg,blast,1775
blast\103332.jpg,blast,1776
blast\103336.jpg,blast,1469
blast\103339.jpg,blast,1778
blast\103341.jpg,blast,1779
blast\103350.jpg,blast,1791
blast\103354.jpg,blast,2443
blast\103360.jpg,blast,1782
blast\103365.jpg,blast,2931
blast\103374.jpg,blast,1784
blast\103375.jpg,blast,1785
blast\103376.jpg,blast,1797
blast\103378.jpg,blast,2197
blast\103379.jpg,blast,1788
blast\103390.jpg,blast,1789
blast\103404.jpg,blast,1790
blast\103421.jpg,blast,1791
blast\103432.jpg,blast,1792
blast\103440.jpg,blast,1793
blast\103445.jpg,blast,1794
blast\103449.jpg,blast,1795
blast\103452.jpg,blast,1796
blast\103453.jpg,blast,1797
blast\103455.jpg,blast,1798
blast\103459.jpg,blast,1799
blast\103460.jpg,blast,5864
blast\103470.jpg,blast,1801
blast\103477.jpg,blast,1802
blast\103478.jpg,blast,2354
blast\103479.jpg,blast,1804
blast\103483.jpg,blast,1805
blast\103490.jpg,blast,2259
blast\103491.jpg,blast,1807
blast\103504.jpg,blast,5864
blast\103506.jpg,blast,2852
blast\103513.jpg,blast,1810
blast\103514.jpg,blast,2784
blast\103515.jpg,blast,1812
blast\103525.jpg,blast,1813
blast\103529.jpg,blast,2518
blast\103532.jpg,blast,1815
blast\103548.jpg,blast,1816
blast\103549.jpg,blast,1817
blast\103550.jpg,blast,1818
blast\103554.jpg,blast,1819
blast\103555.jpg,blast,1820
blast\103558.jpg,blast,1821
blast\103565.jpg,blast,1822
blast\103578.jpg,blast,1823
blast\103583.jpg,blast,1824
blast\103585.jpg,blast,1825
blast\103586.jpg,blast,2205
blast\103589.jpg,blast,1827
blast\103590.jpg,blast,1828
blast\103603.jpg,blast,2250
blast\103604.jpg,blast,1830
blast\103611.jpg,blast,1831
blast\103612.jpg,blast,1832
blast\103618.jpg,blast,1833
blast\103619.jpg,blast,1834
blast\103622.jpg,blast,2374
blast\103625.jpg,blast,1836
blast\103632.jpg,blast,1837
blast\103652.jpg,blast,1838
blast\103653.jpg,blast,1839
blast\103661.jpg,blast,1840
blast\103662.jpg,blast,1841
blast\103669.jpg,blast,1842
blast\103673.jpg,blast,2460
blast\103703.jpg,blast,1844
blast\103715.jpg,blast,1845
blast\103716.jpg,blast,1846
blast\103740.jpg,blast,1847
blast\103741.jpg,blast,1848
blast\103742.jpg,blast,1849
blast\103745.jpg,blast,1850
blast\103746.jpg,blast,1851
blast\103749.jpg,blast,1852
blast\103756.jpg,blast,1853
blast\103758.jpg,blast,1854
blast\103760.jpg,blast,1855
blast\103764.jpg,blast,2861
blast\103772.jpg,blast,2863
blast\103780.jpg,blast,1858
blast\103784.jpg,blast,1859
blast\103785.jpg,blast,1860
blast\103799.jpg,blast,1861
blast\103806.jpg,blast,1862
blast\103810.jpg,blast,1863
blast\103811.jpg,blast,2852
blast\103812.jpg,blast,1865
blast\103819.jpg,blast,2493
blast\103828.jpg,blast,1867
blast\103830.jpg,blast,1868
blast\103837.jpg,blast,1869
blast\103844.jpg,blast,1970
blast\103854.jpg,blast,1871
blast\103855.jpg,blast,1872
blast\103860.jpg,blast,1873
blast\103862.jpg,blast,1874
blast\103865.jpg,blast,1875
blast\103868.jpg,blast,1876
blast\103869.jpg,blast,1877
blast\103877.jpg,blast,1878
blast\103893.jpg,blast,1879
blast\103901.jpg,blast,1880
blast\103902.jpg,blast,1881
blast\103906.jpg,blast,1882
blast\103907.jpg,blast,2826
blast\103910.jpg,blast,1884
blast\103914.jpg,blast,1885
blast\103925.jpg,blast,1886
blast\103934.jpg,blast,1887
blast\103935.jpg,blast,1888
blast\103936.jpg,blast,1889
blast\103938.jpg,blast,1890
blast\103945.jpg,blast,1891
blast\103952.jpg,blast,1892
blast\103953.jpg,blast,1893
blast\103955.jpg,blast,2913
blast\103958.jpg,blast,1895
blast\103964.jpg,blast,1896
blast\103970.jpg,blast,2012
blast\103971.jpg,blast,1898
blast\103975.jpg,blast,1899
blast\103978.jpg,blast,1900
blast\103986.jpg,blast,1552
blast\103990.jpg,blast,2460
blast\103996.jpg,blast,1903
blast\103997.jpg,blast,1904
blast\103998.jpg,blast,1905
blast\104006.jpg,blast,1906
blast\104021.jpg,blast,2732
blast\104022.jpg,blast,1908
blast\104035.jpg,blast,1909
blast\104038.jpg,blast,1910
blast\104043.jpg,blast,1911
blast\104052.jpg,blast,1912
blast\104056.jpg,blast,1913
blast\104065.jpg,blast,1914
blast\104069.jpg,blast,2931
blast\104074.jpg,blast,1916
blast\104077.jpg,blast,2534
blast\104097.jpg,blast,2617
blast\104115.jpg,blast,1919
blast\104126.jpg,blast,1920
blast\104128.jpg,blast,2907
blast\104136.jpg,blast,1922
blast\104139.jpg,blast,1923
blast\104144.jpg,blast,1924
blast\104148.jpg,blast,1925
blast\104156.jpg,blast,1926
blast\104158.jpg,blast,1927
blast\104170.jpg,blast,1928
blast\104176.jpg,blast,2553
blast\104180.jpg,blast,1930
blast\104191.jpg,blast,1931
blast\104195.jpg,blast,1932
blast\104203.jpg,blast,1933
blast\104215.jpg,blast,2265
blast\104225.jpg,blast,1935
blast\104226.jpg,blast,1936
blast\104233.jpg,blast,1937
blast\104249.jpg,blast,2182
blast\104264.jpg,blast,1939
blast\104272.jpg,blast,1940
blast\104281.jpg,blast,1941
blast\104282.jpg,blast,2401
blast\104309.jpg,blast,1943
blast\104310.jpg,blast,1944
blast\104314.jpg,blast,1945
blast\104315.jpg,blast,1946
blast\104338.jpg,blast,2277
blast\104351.jpg,blast,1948
blast\104352.jpg,blast,5864
blast\104356.jpg,blast,1950
blast\104357.jpg,blast,1951
blast\104368.jpg,blast,1952
blast\104369.jpg,blast,1953
blast\104374.jpg,blast,1954
blast\104382.jpg,blast,2619
blast\104390.jpg,blast,1956
blast\104392.jpg,blast,1957
blast\104393.jpg,blast,2257
blast\104410.jpg,blast,2891
blast\104413.jpg,blast,1960
blast\104418.jpg,blast,1961
blast\104429.jpg,blast,1962
blast\104433.jpg,blast,1963
blast\104436.jpg,blast,1964
blast\104453.jpg,blast,1965
blast\104456.jpg,blast,1966
blast\104457.jpg,blast,1967
blast\104464.jpg,blast,2111
blast\104475.jpg,blast,1969
blast\104476.jpg,blast,1970
blast\104477.jpg,blast,1971
blast\104483.jpg,blast,1972
blast\104507.jpg,blast,1973
blast\104508.jpg,blast,1974
blast\104513.jpg,blast,1975
blast\104516.jpg,blast,2197
blast\104528.jpg,blast,1977
blast\104539.jpg,blast,1978
blast\104543.jpg,blast,1979
blast\104547.jpg,blast,1980
blast\104559.jpg,blast,1981
blast\104571.jpg,blast,1982
blast\104572.jpg,blast,1983
blast\104575.jpg,blast,1984
blast\104577.jpg,blast,1985
blast\104578.jpg,blast,2109
blast\104586.jpg,blast,2148
blast\104587.jpg,blast,1988
blast\104589.jpg,blast,1989
blast\104596.jpg,blast,1990
blast\104601.jpg,blast,1991
blast\104606.jpg,blast,1992
blast\104610.jpg,blast,2418
blast\104617.jpg,blast,2318
blast\104618.jpg,blast,2813
blast\104643.jpg,blast,1996
blast\104647.jpg,blast,1997
blast\104648.jpg,blast,1998
blast\104650.jpg,blast,1999
blast\104651.jpg,blast,2000
blast\104661.jpg,blast,2001
blast\104666.jpg,blast,2002
blast\104694.jpg,blast,2003
blast\104696.jpg,blast,2080
blast\104720.jpg,blast,2205
blast\104725.jpg,blast,2006
blast\104733.jpg,blast,2007
blast\104734.jpg,blast,2008
blast\104739.jpg,blast,2009
blast\104741.jpg,blast,2010
blast\104747.jpg,blast,2011
blast\104757.jpg,blast,2012
blast\104760.jpg,blast,2913
blast\104781.jpg,blast,2014
blast\104783.jpg,blast,2015
blast\104813.jpg,blast,2257
blast\104824.jpg,blast,2017
blast\104825.jpg,blast,2018
blast\104832.jpg,blast,2019
blast\104835.jpg,blast,2020
blast\104837.jpg,blast,2021
blast\104864.jpg,blast,2022
blast\104870.jpg,blast,2522
blast\104882.jpg,blast,2024
blast\104899.jpg,blast,2025
blast\104900.jpg,blast,2419
blast\104905.jpg,blast,2027
blast\104919.jpg,blast,2028
blast\104929.jpg,blast,2029
blast\104933.jpg,blast,2030
blast\104934.jpg,blast,2031
blast\104939.jpg,blast,2032
blast\104965.jpg,blast,2033
blast\104968.jpg,blast,2034
blast\104971.jpg,blast,2035
blast\105006.jpg,blast,2036
blast\105009.jpg,blast,2037
blast\105024.jpg,blast,2038
blast\105028.jpg,blast,2039
blast\105038.jpg,blast,2826
blast\105040.jpg,blast,2041
blast\105045.jpg,blast,2861
blast\105054.jpg,blast,2043
blast\105061.jpg,blast,2044
blast\105068.jpg,blast,2826
blast\105075.jpg,blast,2046
blast\105076.jpg,blast,2047
blast\105078.jpg,blast,2048
blast\105089.jpg,blast,2049
blast\105103.jpg,blast,2050
blast\105109.jpg,blast,2051
blast\105123.jpg,blast,2052
blast\105127.jpg,blast,2053
blast\105131.jpg,blast,2475
blast\105133.jpg,blast,2055
blast\105136.jpg,blast,2056
blast\105148.jpg,blast,2057
blast\105149.jpg,blast,2058
blast\105150.jpg,blast,2059
blast\105155.jpg,blast,2313
blast\105157.jpg,blast,1552
blast\105162.jpg,blast,2191
blast\105171.jpg,blast,5864
blast\105173.jpg,blast,2064
blast\105175.jpg,blast,2065
blast\105177.jpg,blast,2066
blast\105186.jpg,blast,2495
blast\105193.jpg,blast,2068
blast\105196.jpg,blast,2374
blast\105200.jpg,blast,2070
blast\105202.jpg,blast,2071
blast\105204.jpg,blast,1727
blast\105215.jpg,blast,2073
blast\105220.jpg,blast,2074
blast\105226.jpg,blast,2075
blast\105233.jpg,blast,2076
blast\105234.jpg,blast,2077
blast\105246.jpg,blast,2078
blast\105247.jpg,blast,2079
blast\105257.jpg,blast,2080
blast\105264.jpg,blast,2081
blast\105274.jpg,blast,2082
blast\105277.jpg,blast,2083
blast\105280.jpg,blast,2084
blast\105285.jpg,blast,2085
blast\105288.jpg,blast,2086
blast\105293.jpg,blast,2087
blast\105294.jpg,blast,2088
blast\105300.jpg,blast,5394
blast\105307.jpg,blast,2511
blast\105316.jpg,blast,2091
blast\105318.jpg,blast,2092
blast\105321.jpg,blast,2093
blast\105325.jpg,blast,2094
blast\105331.jpg,blast,2095
blast\105333.jpg,blast,2096
blast\105342.jpg,blast,2097
blast\105347.jpg,blast,2098
blast\105351.jpg,blast,2099
blast\105352.jpg,blast,2578
blast\105358.jpg,blast,2552
blast\105360.jpg,blast,2102
blast\105370.jpg,blast,2103
blast\105395.jpg,blast,2104
blast\105396.jpg,blast,2105
blast\105397.jpg,blast,2106
blast\105405.jpg,blast,2107
blast\105411.jpg,blast,2108
blast\105412.jpg,blast,2109
blast\105418.jpg,blast,2110
blast\105425.jpg,blast,2111
blast\105432.jpg,blast,2112
blast\105444.jpg,blast,2113
blast\105451.jpg,blast,2114
blast\105452.jpg,blast,2115
blast\105456.jpg,blast,2116
blast\105458.jpg,blast,2117
blast\105462.jpg,blast,2118
blast\105466.jpg,blast,2697
blast\105467.jpg,blast,2120
blast\105468.jpg,blast,2121
blast\105488.jpg,blast,2122
blast\105490.jpg,blast,2123
blast\105497.jpg,blast,1791
blast\105498.jpg,blast,2125
blast\105503.jpg,blast,2126
blast\105506.jpg,blast,2127
blast\105507.jpg,blast,2610
blast\105509.jpg,blast,2129
blast\105515.jpg,blast,2130
blast\105517.jpg,blast,2131
blast\105519.jpg,blast,2132
blast\105524.jpg,blast,2133
blast\105526.jpg,blast,2422
blast\105528.jpg,blast,2135
blast\105531.jpg,blast,2136
blast\105538.jpg,blast,2137
blast\105541.jpg,blast,2138
blast\105552.jpg,blast,2764
blast\105566.jpg,blast,2140
blast\105569.jpg,blast,2141
blast\105576.jpg,blast,2142
blast\105581.jpg,blast,2143
blast\105593.jpg,blast,2912
blast\105604.jpg,blast,2145
blast\105611.jpg,blast,2146
blast\105613.jpg,blast,2147
blast\105626.jpg,blast,2148
blast\105641.jpg,blast,2149
blast\105653.jpg,blast,2214
blast\105657.jpg,blast,2151
blast\105658.jpg,blast,2152
blast\105659.jpg,blast,2153
blast\105663.jpg,blast,2154
blast\105665.jpg,blast,2155
blast\105666.jpg,blast,2156
blast\105679.jpg,blast,2157
blast\105682.jpg,blast,2158
blast\105687.jpg,blast,2159
blast\105688.jpg,blast,2160
blast\105694.jpg,blast,2161
blast\105695.jpg,blast,2162
blast\105701.jpg,blast,1760
blast\105717.jpg,blast,2784
blast\105721.jpg,blast,5864
blast\105751.jpg,blast,2166
blast\105753.jpg,blast,2167
blast\105755.jpg,blast,2168
blast\105757.jpg,blast,2429
blast\105762.jpg,blast,2170
blast\105780.jpg,blast,2171
blast\105781.jpg,blast,2172
blast\105796.jpg,blast,2173
blast\105803.jpg,blast,2174
blast\105809.jpg,blast,2175
blast\105811.jpg,blast,2176
blast\105813.jpg,blast,2177
blast\105817.jpg,blast,2178
blast\105826.jpg,blast,2179
blast\105831.jpg,blast,2180
blast\105833.jpg,blast,2181
blast\105836.jpg,blast,2182
blast\105840.jpg,blast,2183
blast\105853.jpg,blast,2184
blast\105854.jpg,blast,2185
blast\105862.jpg,blast,2186
blast\105867.jpg,blast,2187
blast\105870.jpg,blast,2188
blast\105871.jpg,blast,2189
blast\105882.jpg,blast,2190
blast\105886.jpg,blast,2191
blast\105888.jpg,blast,2192
blast\105889.jpg,blast,2193
blast\105896.jpg,blast,2194
blast\105898.jpg,blast,2195
blast\105902.jpg,blast,2196
blast\105903.jpg,blast,2197
blast\105912.jpg,blast,2198
blast\105913.jpg,blast,2199
blast\105915.jpg,blast,2200
blast\105918.jpg,blast,2201
blast\105920.jpg,blast,2202
blast\105925.jpg,blast,2237
blast\105932.jpg,blast,2204
blast\105936.jpg,blast,2205
blast\105938.jpg,blast,2206
blast\105939.jpg,blast,2207
blast\105944.jpg,blast,1727
blast\105945.jpg,blast,2209
blast\105957.jpg,blast,2210
blast\105962.jpg,blast,2211
blast\105964.jpg,blast,2212
blast\105965.jpg,blast,2213
blast\105975.jpg,blast,2214
blast\105976.jpg,blast,2215
blast\105985.jpg,blast,2216
blast\105990.jpg,blast,2217
blast\105995.jpg,blast,2218
blast\106000.jpg,blast,2219
blast\106003.jpg,blast,2220
blast\106011.jpg,blast,2221
blast\106023.jpg,blast,2012
blast\106024.jpg,blast,2223
blast\106033.jpg,blast,2584
blast\106034.jpg,blast,2225
blast\106037.jpg,blast,2226
blast\106039.jpg,blast,2227
blast\106040.jpg,blast,2228
blast\106041.jpg,blast,2229
blast\106044.jpg,blast,2230
blast\106047.jpg,blast,2231
blast\106048.jpg,blast,2232
blast\106050.jpg,blast,2233
blast\106057.jpg,blast,2234
blast\106059.jpg,blast,2235
blast\106061.jpg,blast,2236
blast\106067.jpg,blast,2237
blast\106069.jpg,blast,2891
blast\106072.jpg,blast,2239
blast\106078.jpg,blast,2240
blast\106083.jpg,blast,2241
blast\106088.jpg,blast,2242
blast\106099.jpg,blast,2243
blast\106102.jpg,blast,2302
blast\106127.jpg,blast,2245
blast\106130.jpg,blast,2246
blast\106134.jpg,blast,2297
blast\106147.jpg,blast,2248
blast\106148.jpg,blast,2249
blast\106153.jpg,blast,2250
blast\106167.jpg,blast,2783
blast\106172.jpg,blast,2252
blast\106176.jpg,blast,2253
blast\106205.jpg,blast,2254
blast\106206.jpg,blast,2255
blast\106208.jpg,blast,2256
blast\106223.jpg,blast,2257
blast\106227.jpg,blast,2258
blast\106245.jpg,blast,2259
blast\106249.jpg,blast,2260
blast\106255.jpg,blast,2261
blast\106266.jpg,blast,2262
blast\106267.jpg,blast,2263
blast\106269.jpg,blast,2264
blast\106271.jpg,blast,2265
blast\106276.jpg,blast,1552
blast\106286.jpg,blast,2267
blast\106306.jpg,blast,2268
blast\106324.jpg,blast,2269
blast\106326.jpg,blast,2270
blast\106341.jpg,blast,2271
blast\106350.jpg,blast,2272
blast\106353.jpg,blast,2273
blast\106354.jpg,blast,2274
blast\106357.jpg,blast,2275
blast\106360.jpg,blast,2276
blast\106361.jpg,blast,2277
blast\106372.jpg,blast,2278
blast\106383.jpg,blast,2279
blast\106384.jpg,blast,2280
blast\106392.jpg,blast,2281
blast\106397.jpg,blast,2282
blast\106398.jpg,blast,2283
blast\106405.jpg,blast,2680
blast\106431.jpg,blast,2285
blast\106439.jpg,blast,2286
blast\106443.jpg,blast,2784
blast\106449.jpg,blast,2288
blast\106451.jpg,blast,2289
blast\106453.jpg,blast,2290
blast\106462.jpg,blast,2573
blast\106464.jpg,blast,2292
blast\106472.jpg,blast,2293
blast\106473.jpg,blast,2294
blast\106486.jpg,blast,2295
blast\106489.jpg,blast,2296
blast\106493.jpg,blast,2297
blast\106494.jpg,blast,2298
blast\106495.jpg,blast,2299
blast\106513.jpg,blast,2300
blast\106517.jpg,blast,2301
blast\106520.jpg,blast,2302
blast\106527.jpg,blast,2303
blast\106536.jpg,blast,2304
blast\106548.jpg,blast,9945
blast\106550.jpg,blast,2306
blast\106552.jpg,blast,2361
blast\106557.jpg,blast,2308
blast\106560.jpg,blast,2309
blast\106566.jpg,blast,2310
blast\106569.jpg,blast,2311
blast\106604.jpg,blast,2312
blast\106607.jpg,blast,2313
blast\106608.jpg,blast,2813
blast\106609.jpg,blast,2315
blast\106612.jpg,blast,2316
blast\106619.jpg,blast,2317
blast\106620.jpg,blast,2318
blast\106621.jpg,blast,2319
blast\106622.jpg,blast,2320
blast\106631.jpg,blast,2321
blast\106637.jpg,blast,2322
blast\106639.jpg,blast,2323
blast\106641.jpg,blast,2324
blast\106644.jpg,blast,2325
blast\106646.jpg,blast,2326
blast\106649.jpg,blast,2327
blast\106653.jpg,blast,2724
blast\106692.jpg,blast,2329
blast\106693.jpg,blast,2330
blast\106696.jpg,blast,2331
blast\106706.jpg,blast,2332
blast\106708.jpg,blast,2333
blast\106709.jpg,blast,2446
blast\106730.jpg,blast,2335
blast\106744.jpg,blast,2336
blast\106746.jpg,blast,2337
blast\106747.jpg,blast,2756
blast\106767.jpg,blast,2339
blast\106769.jpg,blast,2340
blast\106770.jpg,blast,2341
blast\106775.jpg,blast,2342
blast\106787.jpg,blast,2488
blast\106800.jpg,blast,2344
blast\106807.jpg,blast,2418
blast\106808.jpg,blast,2346
blast\106820.jpg,blast,1727
blast\106832.jpg,blast,2348
blast\106847.jpg,blast,2349
blast\106850.jpg,blast,2350
blast\106863.jpg,blast,2351
blast\106877.jpg,blast,2352
blast\106881.jpg,blast,2353
blast\106888.jpg,blast,2354
blast\106904.jpg,blast,2355
blast\106909.jpg,blast,2356
blast\106917.jpg,blast,2357
blast\106921.jpg,blast,2610
blast\106928.jpg,blast,2359
blast\106940.jpg,blast,2360
blast\106943.jpg,blast,2361
blast\106947.jpg,blast,2362
blast\106969.jpg,blast,2363
blast\106979.jpg,blast,2364
blast\106981.jpg,blast,2365
blast\106998.jpg,blast,2366
blast\107002.jpg,blast,2367
blast\107031.jpg,blast,2368
blast\107039.jpg,blast,2369
blast\107069.jpg,blast,2370
blast\107076.jpg,blast,2371
blast\107080.jpg,blast,2372
blast\107094.jpg,blast,2373
blast\107099.jpg,blast,2374
blast\107107.jpg,blast,2375
blast\107109.jpg,blast,2376
blast\107114.jpg,blast,2377
blast\107119.jpg,blast,2378
blast\107123.jpg,blast,2379
blast\107131.jpg,blast,2380
blast\107132.jpg,blast,2032
blast\107147.jpg,blast,5561
blast\107170.jpg,blast,2383
blast\107172.jpg,blast,2384
blast\107176.jpg,blast,2385
blast\107181.jpg,blast,2386
blast\107184.jpg,blast,2387
blast\107194.jpg,blast,2388
blast\107195.jpg,blast,2869
blast\107196.jpg,blast,2390
blast\107207.jpg,blast,2391
blast\107208.jpg,blast,2392
blast\107215.jpg,blast,2393
blast\107218.jpg,blast,2394
blast\107222.jpg,blast,2395
blast\107225.jpg,blast,2396
blast\107227.jpg,blast,2397
blast\107235.jpg,blast,2398
blast\107236.jpg,blast,2399
blast\107237.jpg,blast,2400
blast\107240.jpg,blast,2401
blast\107245.jpg,blast,2402
blast\107248.jpg,blast,2403
blast\107249.jpg,blast,2404
blast\107256.jpg,blast,2861
blast\107262.jpg,blast,2406
blast\107265.jpg,blast,2407
blast\107282.jpg,blast,5864
blast\107289.jpg,blast,2409
blast\107301.jpg,blast,2410
blast\107304.jpg,blast,2411
blast\107307.jpg,blast,2412
blast\107309.jpg,blast,2413
blast\107315.jpg,blast,2414
blast\107318.jpg,blast,2415
blast\107319.jpg,blast,2793
blast\107327.jpg,blast,2417
blast\107330.jpg,blast,2418
blast\107332.jpg,blast,2419
blast\107339.jpg,blast,2420
blast\107344.jpg,blast,2619
blast\107354.jpg,blast,2422
blast\107370.jpg,blast,2423
blast\107373.jpg,blast,2424
blast\107374.jpg,blast,2425
blast\107391.jpg,blast,2426
blast\107395.jpg,blast,2427
blast\107398.jpg,blast,2564
blast\107401.jpg,blast,2429
blast\107406.jpg,blast,2430
blast\107410.jpg,blast,2431
blast\107411.jpg,blast,2432
blast\107412.jpg,blast,2433
blast\107430.jpg,blast,2434
blast\107440.jpg,blast,2435
blast\107444.jpg,blast,2436
blast\107454.jpg,blast,2437
blast\107456.jpg,blast,2838
blast\107467.jpg,blast,2439
blast\107477.jpg,blast,2440
blast\107488.jpg,blast,2441
blast\107489.jpg,blast,2619
blast\107490.jpg,blast,2443
blast\107500.jpg,blast,2444
blast\107503.jpg,blast,2445
blast\107522.jpg,blast,2446
blast\107524.jpg,blast,2447
blast\107525.jpg,blast,2448
blast\107530.jpg,blast,2449
blast\107543.jpg,blast,2450
blast\107545.jpg,blast,2451
blast\107552.jpg,blast,2452
blast\107564.jpg,blast,2453
blast\107577.jpg,blast,2454
blast\107583.jpg,blast,2455
blast\107585.jpg,blast,2456
blast\107590.jpg,blast,2457
blast\107596.jpg,blast,2458
blast\107600.jpg,blast,2459
blast\107604.jpg,blast,2460
blast\107608.jpg,blast,2461
blast\107627.jpg,blast,2534
blast\107628.jpg,blast,2463
blast\107631.jpg,blast,2464
blast\107636.jpg,blast,2465
blast\107645.jpg,blast,2537
blast\107647.jpg,blast,2467
blast\107659.jpg,blast,2468
blast\107663.jpg,blast,2469
blast\107664.jpg,blast,2470
blast\107667.jpg,blast,2471
blast\107669.jpg,blast,2472
blast\107677.jpg,blast,2473
blast\107680.jpg,blast,2669
blast\107692.jpg,blast,2475
blast\107698.jpg,blast,2476
blast\107700.jpg,blast,2477
blast\107704.jpg,blast,2478
blast\107713.jpg,blast,2479
blast\107714.jpg,blast,2480
blast\107715.jpg,blast,2481
blast\107717.jpg,blast,2265
blast\107728.jpg,blast,2483
blast\107729.jpg,blast,2484
blast\107731.jpg,blast,2485
blast\107766.jpg,blast,2869
blast\107775.jpg,blast,2487
blast\107780.jpg,blast,2488
blast\107781.jpg,blast,2489
blast\107787.jpg,blast,2490
blast\107790.jpg,blast,2491
blast\107798.jpg,blast,2931
blast\107799.jpg,blast,2493
blast\107802.jpg,blast,2494
blast\107803.jpg,blast,2495
blast\107815.jpg,blast,2496
blast\107817.jpg,blast,2497
blast\107819.jpg,blast,2498
blast\107824.jpg,blast,2080
blast\107830.jpg,blast,2500
blast\107836.jpg,blast,2555
blast\107843.jpg,blast,2502
blast\107846.jpg,blast,2503
blast\107858.jpg,blast,2504
blast\107875.jpg,blast,2505
blast\107880.jpg,blast,2506
blast\107881.jpg,blast,2507
blast\107889.jpg,blast,2508
blast\107896.jpg,blast,2509
blast\107900.jpg,blast,2510
blast\107905.jpg,blast,2511
blast\107934.jpg,blast,2512
blast\107937.jpg,blast,2513
blast\107950.jpg,blast,2514
blast\107953.jpg,blast,2515
blast\107958.jpg,blast,2516
blast\107965.jpg,blast,2619
blast\107970.jpg,blast,2518
blast\107974.jpg,blast,2519
blast\107975.jpg,blast,1793
blast\107985.jpg,blast,2521
blast\107988.jpg,blast,2522
blast\107996.jpg,blast,2523
blast\107999.jpg,blast,2524
blast\108002.jpg,blast,2525
blast\108003.jpg,blast,2526
blast\108010.jpg,blast,2527
blast\108014.jpg,blast,2528
blast\108025.jpg,blast,2529
blast\108029.jpg,blast,2530
blast\108034.jpg,blast,2531
blast\108041.jpg,blast,2532
blast\108044.jpg,blast,2813
blast\108049.jpg,blast,2534
blast\108059.jpg,blast,5886
blast\108066.jpg,blast,2536
blast\108068.jpg,blast,2537
blast\108070.jpg,blast,2538
blast\108075.jpg,blast,2539
blast\108081.jpg,blast,2540
blast\108115.jpg,blast,2541
blast\108130.jpg,blast,2542
blast\108137.jpg,blast,2543
blast\108143.jpg,blast,2544
blast\108144.jpg,blast,2545
blast\108147.jpg,blast,2546
blast\108151.jpg,blast,2547
blast\108163.jpg,blast,2548
blast\108170.jpg,blast,2549
blast\108174.jpg,blast,2550
blast\108175.jpg,blast,2852
blast\108179.jpg,blast,2552
blast\108180.jpg,blast,2553
blast\108181.jpg,blast,2554
blast\108202.jpg,blast,2555
blast\108212.jpg,blast,2556
blast\108215.jpg,blast,2557
blast\108217.jpg,blast,2558
blast\108221.jpg,blast,2900
blast\108225.jpg,blast,1552
blast\108233.jpg,blast,2561
blast\108239.jpg,blast,2562
blast\108247.jpg,blast,2563
blast\108256.jpg,blast,2564
blast\108269.jpg,blast,2565
blast\108291.jpg,blast,2566
blast\108293.jpg,blast,2567
blast\108294.jpg,blast,2568
blast\108300.jpg,blast,2569
blast\108316.jpg,blast,2570
blast\108331.jpg,blast,2571
blast\108332.jpg,blast,2572
blast\108333.jpg,blast,2573
blast\108334.jpg,blast,2574
blast\108339.jpg,blast,2575
blast\108343.jpg,blast,2576
blast\108348.jpg,blast,2577
blast\108349.jpg,blast,2578
blast\108373.jpg,blast,2579
blast\108376.jpg,blast,2580
blast\108380.jpg,blast,2581
blast\108382.jpg,blast,2582
blast\108387.jpg,blast,2583
blast\108398.jpg,blast,2584
blast\108399.jpg,blast,2585
blast\108403.jpg,blast,2598
blast\108405.jpg,blast,2587
blast\108414.jpg,blast,2588
blast\108418.jpg,blast,2589
blast\108419.jpg,blast,2590
blast\108433.jpg,blast,2591
blast\108437.jpg,blast,2592
blast\108443.jpg,blast,2593
blast\108448.jpg,blast,2594
blast\108449.jpg,blast,2595
blast\108450.jpg,blast,2596
blast\108451.jpg,blast,2597
blast\108455.jpg,blast,2598
blast\108470.jpg,blast,2673
blast\108475.jpg,blast,2600
blast\108481.jpg,blast,2601
blast\108488.jpg,blast,2602
blast\108494.jpg,blast,2603
blast\108498.jpg,blast,2604
blast\108506.jpg,blast,2605
blast\108514.jpg,blast,2606
blast\108523.jpg,blast,2607
blast\108527.jpg,blast,2608
blast\108529.jpg,blast,2609
blast\108531.jpg,blast,2610
blast\108538.jpg,blast,2611
blast\108555.jpg,blast,2612
blast\108561.jpg,blast,2613
blast\108570.jpg,blast,2614
blast\108581.jpg,blast,2615
blast\108582.jpg,blast,2616
blast\108595.jpg,blast,2617
blast\108601.jpg,blast,2618
blast\108609.jpg,blast,2619
blast\108625.jpg,blast,2620
blast\108636.jpg,blast,2697
blast\108639.jpg,blast,2622
blast\108669.jpg,blast,2623
blast\108677.jpg,blast,2624
blast\108683.jpg,blast,2625
blast\108685.jpg,blast,2626
blast\108704.jpg,blast,2627
blast\108715.jpg,blast,2628
blast\108718.jpg,blast,2629
blast\108719.jpg,blast,2630
blast\108722.jpg,blast,2631
blast\108742.jpg,blast,2205
blast\108743.jpg,blast,2633
blast\108744.jpg,blast,2634
blast\108751.jpg,blast,2635
blast\108753.jpg,blast,2636
blast\108761.jpg,blast,2637
blast\108763.jpg,blast,2638
blast\108766.jpg,blast,2639
blast\108767.jpg,blast,2640
blast\108771.jpg,blast,2641
blast\108775.jpg,blast,2642
blast\108777.jpg,blast,2643
blast\108778.jpg,blast,2644
blast\108783.jpg,blast,2645
blast\108785.jpg,blast,2646
blast\108789.jpg,blast,2647
blast\108795.jpg,blast,2648
blast\108802.jpg,blast,2649
blast\108804.jpg,blast,2650
blast\108809.jpg,blast,2651
blast\108814.jpg,blast,2652
blast\108825.jpg,blast,2653
blast\108852.jpg,blast,2654
blast\108858.jpg,blast,2655
blast\108867.jpg,blast,2656
blast\108890.jpg,blast,2657
blast\108891.jpg,blast,2658
blast\108911.jpg,blast,2659
blast\108931.jpg,blast,2660
blast\108941.jpg,blast,2661
blast\108942.jpg,blast,2740
blast\108943.jpg,blast,2663
blast\108954.jpg,blast,2664
blast\108956.jpg,blast,2665
blast\108963.jpg,blast,2666
blast\108964.jpg,blast,2667
blast\108987.jpg,blast,2668
blast\108989.jpg,blast,2669
blast\108997.jpg,blast,2670
blast\109002.jpg,blast,2671
blast\109017.jpg,blast,2672
blast\109019.jpg,blast,2673
blast\109022.jpg,blast,2674
blast\109023.jpg,blast,2675
blast\109025.jpg,blast,2676
blast\109038.jpg,blast,2785
blast\109039.jpg,blast,2678
blast\109046.jpg,blast,2679
blast\109048.jpg,blast,2680
blast\109049.jpg,blast,2681
blast\109068.jpg,blast,2682
blast\109070.jpg,blast,2683
blast\109075.jpg,blast,2684
blast\109078.jpg,blast,2861
blast\109079.jpg,blast,2686
blast\109083.jpg,blast,2861
blast\109085.jpg,blast,2688
blast\109102.jpg,blast,2689
blast\109103.jpg,blast,2690
blast\109104.jpg,blast,2691
blast\109108.jpg,blast,2692
blast\109124.jpg,blast,2693
blast\109131.jpg,blast,2694
blast\109134.jpg,blast,2695
blast\109136.jpg,blast,2696
blast\109148.jpg,blast,2697
blast\109154.jpg,blast,1791
blast\109159.jpg,blast,2699
blast\109165.jpg,blast,2700
blast\109170.jpg,blast,2701
blast\109171.jpg,blast,2702
blast\109179.jpg,blast,2703
blast\109188.jpg,blast,2806
blast\109189.jpg,blast,2705
blast\109192.jpg,blast,2706
blast\109193.jpg,blast,2707
blast\109195.jpg,blast,2931
blast\109209.jpg,blast,2709
blast\109212.jpg,blast,2710
blast\109218.jpg,blast,2711
blast\109225.jpg,blast,2712
blast\109246.jpg,blast,2713
blast\109248.jpg,blast,2714
blast\109256.jpg,blast,2715
blast\109277.jpg,blast,2716
blast\109281.jpg,blast,2717
blast\109286.jpg,blast,2718
blast\109287.jpg,blast,2719
blast\109293.jpg,blast,2720
blast\109297.jpg,blast,2721
blast\109298.jpg,blast,2784
blast\109302.jpg,blast,2723
blast\109307.jpg,blast,2724
blast\109308.jpg,blast,2725
blast\109311.jpg,blast,2726
blast\109313.jpg,blast,2727
blast\109326.jpg,blast,2728
blast\109335.jpg,blast,2729
blast\109339.jpg,blast,2730
blast\109342.jpg,blast,2731
blast\109346.jpg,blast,2732
blast\109347.jpg,blast,5561
blast\109354.jpg,blast,2734
blast\109359.jpg,blast,2861
blast\109362.jpg,blast,2736
blast\109374.jpg,blast,2737
blast\109387.jpg,blast,2738
blast\109392.jpg,blast,2739
blast\109402.jpg,blast,2740
blast\109421.jpg,blast,2741
blast\109423.jpg,blast,2931
blast\109429.jpg,blast,2743
blast\109432.jpg,blast,2744
blast\109446.jpg,blast,2745
blast\109450.jpg,blast,2746
blast\109455.jpg,blast,2747
blast\109456.jpg,blast,2748
blast\109459.jpg,blast,2749
blast\109462.jpg,blast,2750
blast\109464.jpg,blast,2751
blast\109468.jpg,blast,2752
blast\109475.jpg,blast,2753
blast\109477.jpg,blast,2754
blast\109481.jpg,blast,2755
blast\109484.jpg,blast,2756
blast\109487.jpg,blast,2757
blast\109505.jpg,blast,2758
blast\109507.jpg,blast,2759
blast\109508.jpg,blast,2760
blast\109510.jpg,blast,2761
blast\109518.jpg,blast,2762
blast\109519.jpg,blast,2763
blast\109529.jpg,blast,2764
blast\109530.jpg,blast,2765
blast\109533.jpg,blast,2784
blast\109537.jpg,blast,2767
blast\109541.jpg,blast,2773
blast\109546.jpg,blast,2769
blast\109547.jpg,blast,2770
blast\109549.jpg,blast,2771
blast\109551.jpg,blast,2772
blast\109562.jpg,blast,2773
blast\109564.jpg,blast,2774
blast\109565.jpg,blast,2775
blast\109572.jpg,blast,2776
blast\109578.jpg,blast,2354
blast\109579.jpg,blast,2778
blast\109586.jpg,blast,2779
blast\109589.jpg,blast,2780
blast\109591.jpg,blast,2781
blast\109597.jpg,blast,2782
blast\109599.jpg,blast,2783
blast\109602.jpg,blast,2784
blast\109603.jpg,blast,2785
blast\109607.jpg,blast,2786
blast\109608.jpg,blast,2787
blast\109610.jpg,blast,2788
blast\109619.jpg,blast,2789
blast\109620.jpg,blast,2790
blast\109630.jpg,blast,2791
blast\109633.jpg,blast,2792
blast\109640.jpg,blast,2793
blast\109649.jpg,blast,2794
blast\109657.jpg,blast,2795
blast\109658.jpg,blast,2796
blast\109664.jpg,blast,2797
blast\109665.jpg,blast,2798
blast\109667.jpg,blast,2799
blast\109670.jpg,blast,2800
blast\109672.jpg,blast,2801
blast\109677.jpg,blast,2802
blast\109682.jpg,blast,2803
blast\109685.jpg,blast,2804
blast\109687.jpg,blast,2805
blast\109693.jpg,blast,2806
blast\109699.jpg,blast,2807
blast\109705.jpg,blast,2808
blast\109707.jpg,blast,2809
blast\109709.jpg,blast,2810
blast\109717.jpg,blast,2811
blast\109724.jpg,blast,2812
blast\109725.jpg,blast,2813
blast\109728.jpg,blast,2814
blast\109732.jpg,blast,2354
blast\109742.jpg,blast,2816
blast\109743.jpg,blast,2817
blast\109744.jpg,blast,2818
blast\109747.jpg,blast,2819
blast\109749.jpg,blast,2820
blast\109751.jpg,blast,2821
blast\109753.jpg,blast,2822
blast\109756.jpg,blast,2823
blast\109761.jpg,blast,2824
blast\109762.jpg,blast,2825
blast\109773.jpg,blast,2826
blast\109780.jpg,blast,2827
blast\109793.jpg,blast,2828
blast\109800.jpg,blast,2829
blast\109812.jpg,blast,2830
blast\109820.jpg,blast,2831
blast\109823.jpg,blast,2832
blast\109843.jpg,blast,2833
blast\109851.jpg,blast,2834
blast\109854.jpg,blast,2835
blast\109861.jpg,blast,2836
blast\109874.jpg,blast,2837
blast\109889.jpg,blast,2838
blast\109890.jpg,blast,2839
blast\109901.jpg,blast,2840
blast\109903.jpg,blast,2841
blast\109909.jpg,blast,2895
blast\109911.jpg,blast,2843
blast\109913.jpg,blast,2844
blast\109929.jpg,blast,2845
blast\109930.jpg,blast,2846
blast\109931.jpg,blast,2847
blast\109932.jpg,blast,2848
blast\109934.jpg,blast,2849
blast\109937.jpg,blast,2443
blast\109942.jpg,blast,2851
blast\109948.jpg,blast,2852
blast\109951.jpg,blast,2853
blast\109968.jpg,blast,2854
blast\109991.jpg,blast,2855
blast\109994.jpg,blast,2856
blast\109996.jpg,blast,2857
blast\110003.jpg,blast,2858
blast\110006.jpg,blast,2784
blast\110009.jpg,blast,2860
blast\110019.jpg,blast,2861
blast\110021.jpg,blast,2862
blast\110023.jpg,blast,2863
blast\110024.jpg,blast,2864
blast\110025.jpg,blast,2495
blast\110027.jpg,blast,2866
blast\110043.jpg,blast,2867
blast\110046.jpg,blast,2868
blast\110051.jpg,blast,2869
blast\110054.jpg,blast,2870
blast\110055.jpg,blast,2931
blast\110063.jpg,blast,2872
blast\110074.jpg,blast,2873
blast\110078.jpg,blast,2874
blast\110080.jpg,blast,2875
blast\110086.jpg,blast,2876
blast\110099.jpg,blast,2877
blast\110100.jpg,blast,2878
blast\110101.jpg,blast,2879
blast\110102.jpg,blast,2880
blast\110106.jpg,blast,2881
blast\110109.jpg,blast,2882
blast\110117.jpg,blast,2883
blast\110120.jpg,blast,2884
blast\110125.jpg,blast,2885
blast\110139.jpg,blast,2886
blast\110149.jpg,blast,2887
blast\110164.jpg,blast,2888
blast\110166.jpg,blast,2889
blast\110170.jpg,blast,2890
blast\110172.jpg,blast,2891
blast\110176.jpg,blast,2892
blast\110179.jpg,blast,2893
blast\110181.jpg,blast,2894
blast\110186.jpg,blast,2895
blast\110189.jpg,blast,2896
blast\110203.jpg,blast,2897
blast\110208.jpg,blast,2898
blast\110219.jpg,blast,2740
blast\110235.jpg,blast,2900
blast\110242.jpg,blast,2901
blast\110243.jpg,blast,2902
blast\110244.jpg,blast,2903
blast\110254.jpg,blast,2904
blast\110258.jpg,blast,2905
blast\110261.jpg,blast,2906
blast\110264.jpg,blast,2907
blast\110267.jpg,blast,2908
blast\110278.jpg,blast,2909
blast\110279.jpg,blast,2910
blast\110283.jpg,blast,2911
blast\110289.jpg,blast,2912
blast\110293.jpg,blast,2913
blast\110304.jpg,blast,2914
blast\110305.jpg,blast,2915
blast\110306.jpg,blast,2931
blast\110307.jpg,blast,2917
blast\110312.jpg,blast,2918
blast\110314.jpg,blast,2919
blast\110317.jpg,blast,2920
blast\110325.jpg,blast,2921
blast\110326.jpg,blast,2922
blast\110334.jpg,blast,2923
blast\110351.jpg,blast,2924
blast\110360.jpg,blast,2925
blast\110362.jpg,blast,2926
blast\110368.jpg,blast,2927
blast\110370.jpg,blast,2928
blast\110373.jpg,blast,2929
blast\110385.jpg,blast,2584
blast\110389.jpg,blast,2931
blast\110390.jpg,blast,2932
blast\110406.jpg,blast,2933
brown_spot\100001.jpg,brown_spot,3477
brown_spot\100009.jpg,brown_spot,2935
brown_spot\100022.jpg,brown_spot,2936
brown_spot\100028.jpg,brown_spot,2937
brown_spot\100035.jpg,brown_spot,2938
brown_spot\100041.jpg,brown_spot,3452
brown_spot\100054.jpg,brown_spot,2940
brown_spot\100062.jpg,brown_spot,2941
brown_spot\100064.jpg,brown_spot,3889
brown_spot\100067.jpg,brown_spot,2943
brown_spot\100078.jpg,brown_spot,3477
brown_spot\100086.jpg,brown_spot,2945
brown_spot\100093.jpg,brown_spot,3455
brown_spot\100096.jpg,brown_spot,2947
brown_spot\100099.jpg,brown_spot,3875
brown_spot\100142.jpg,brown_spot,2949
brown_spot\100158.jpg,brown_spot,2950
brown_spot\100160.jpg,brown_spot,2951
brown_spot\100185.jpg,brown_spot,2952
brown_spot\100191.jpg,brown_spot,3083
brown_spot\100201.jpg,brown_spot,2979
brown_spot\100208.jpg,brown_spot,2955
brown_spot\100213.jpg,brown_spot,2956
brown_spot\100229.jpg,brown_spot,2957
brown_spot\100232.jpg,brown_spot,3737
brown_spot\100233.jpg,brown_spot,2959
brown_spot\100255.jpg,brown_spot,3442
brown_spot\100266.jpg,brown_spot,2961
brown_spot\100269.jpg,brown_spot,2962
brown_spot\100275.jpg,brown_spot,2963
brown_spot\100302.jpg,brown_spot,2964
brown_spot\100320.jpg,brown_spot,2965
brown_spot\100329.jpg,brown_spot,3046
brown_spot\100343.jpg,brown_spot,2967
brown_spot\100354.jpg,brown_spot,2968
brown_spot\100361.jpg,brown_spot,2969
brown_spot\100368.jpg,brown_spot,3824
brown_spot\100380.jpg,brown_spot,2971
brown_spot\100384.jpg,brown_spot,2972
brown_spot\100393.jpg,brown_spot,2973
brown_spot\100410.jpg,brown_spot,3662
brown_spot\100421.jpg,brown_spot,2975
brown_spot\100432.jpg,brown_spot,2976
brown_spot\100451.jpg,brown_spot,3331
brown_spot\100470.jpg,brown_spot,3335
brown_spot\100475.jpg,brown_spot,2979
brown_spot\100486.jpg,brown_spot,2980
brown_spot\100489.jpg,brown_spot,2992
brown_spot\100511.jpg,brown_spot,2982
brown_spot\100518.jpg,brown_spot,3578
brown_spot\100528.jpg,brown_spot,3261
brown_spot\100532.jpg,brown_spot,3070
brown_spot\100555.jpg,brown_spot,2986
brown_spot\100562.jpg,brown_spot,3737
brown_spot\100565.jpg,brown_spot,2988
brown_spot\100566.jpg,brown_spot,2989
brown_spot\100567.jpg,brown_spot,2990
brown_spot\100574.jpg,brown_spot,3635
brown_spot\100581.jpg,brown_spot,2992
brown_spot\100595.jpg,brown_spot,3692
brown_spot\100608.jpg,brown_spot,2994
brown_spot\100615.jpg,brown_spot,2995
brown_spot\100652.jpg,brown_spot,2996
brown_spot\100656.jpg,brown_spot,2997
brown_spot\100671.jpg,brown_spot,2998
brown_spot\100683.jpg,brown_spot,2999
brown_spot\100690.jpg,brown_spot,3000
brown_spot\100692.jpg,brown_spot,3826
brown_spot\100695.jpg,brown_spot,3002
brown_spot\100702.jpg,brown_spot,3452
brown_spot\100710.jpg,brown_spot,3004
brown_spot\100711.jpg,brown_spot,3005
brown_spot\100727.jpg,brown_spot,3006
brown_spot\100730.jpg,brown_spot,3839
brown_spot\100736.jpg,brown_spot,3550
brown_spot\100780.jpg,brown_spot,3009
brown_spot\100785.jpg,brown_spot,3010
brown_spot\100815.jpg,brown_spot,3455
brown_spot\100820.jpg,brown_spot,3012
brown_spot\100832.jpg,brown_spot,3013
brown_spot\100836.jpg,brown_spot,3014
brown_spot\100838.jpg,brown_spot,3622
brown_spot\100854.jpg,brown_spot,3016
brown_spot\100863.jpg,brown_spot,3017
brown_spot\100864.jpg,brown_spot,3018
brown_spot\100866.jpg,brown_spot,3019
brown_spot\100871.jpg,brown_spot,3020
brown_spot\100888.jpg,brown_spot,3021
brown_spot\100890.jpg,brown_spot,3022
brown_spot\100892.jpg,brown_spot,3023
brown_spot\100895.jpg,brown_spot,3677
brown_spot\100897.jpg,brown_spot,3025
brown_spot\100906.jpg,brown_spot,3571
brown_spot\100907.jpg,brown_spot,3735
brown_spot\100916.jpg,brown_spot,3028
brown_spot\100926.jpg,brown_spot,3029
brown_spot\100937.jpg,brown_spot,3030
brown_spot\100939.jpg,brown_spot,3192
brown_spot\100953.jpg,brown_spot,3032
brown_spot\100971.jpg,brown_spot,3033
brown_spot\100975.jpg,brown_spot,3034
brown_spot\101002.jpg,brown_spot,3035
brown_spot\101011.jpg,brown_spot,3036
brown_spot\101014.jpg,brown_spot,3037
brown_spot\101017.jpg,brown_spot,3067
brown_spot\101051.jpg,brown_spot,3039
brown_spot\101052.jpg,brown_spot,3040
brown_spot\101070.jpg,brown_spot,3041
brown_spot\101072.jpg,brown_spot,3042
brown_spot\101095.jpg,brown_spot,3043
brown_spot\101110.jpg,brown_spot,3044
brown_spot\101121.jpg,brown_spot,3045
brown_spot\101135.jpg,brown_spot,3046
brown_spot\101145.jpg,brown_spot,3047
brown_spot\101153.jpg,brown_spot,3048
brown_spot\101190.jpg,brown_spot,3049
brown_spot\101195.jpg,brown_spot,3775
brown_spot\101214.jpg,brown_spot,3051
brown_spot\101224.jpg,brown_spot,3571
brown_spot\101232.jpg,brown_spot,3053
brown_spot\101245.jpg,brown_spot,3054
brown_spot\101255.jpg,brown_spot,3055
brown_spot\101265.jpg,brown_spot,3056
brown_spot\101273.jpg,brown_spot,3787
brown_spot\101280.jpg,brown_spot,3058
brown_spot\101282.jpg,brown_spot,3059
brown_spot\101283.jpg,brown_spot,3060
brown_spot\101318.jpg,brown_spot,3061
brown_spot\101332.jpg,brown_spot,3062
brown_spot\101333.jpg,brown_spot,3381
brown_spot\101336.jpg,brown_spot,3064
brown_spot\101338.jpg,brown_spot,3136
brown_spot\101339.jpg,brown_spot,3442
brown_spot\101341.jpg,brown_spot,3067
brown_spot\101353.jpg,brown_spot,3068
brown_spot\101356.jpg,brown_spot,3069
brown_spot\101372.jpg,brown_spot,3070
brown_spot\101373.jpg,brown_spot,3603
brown_spot\101376.jpg,brown_spot,3072
brown_spot\101386.jpg,brown_spot,3073
brown_spot\101407.jpg,brown_spot,3662
brown_spot\101411.jpg,brown_spot,3075
brown_spot\101436.jpg,brown_spot,3076
brown_spot\101440.jpg,brown_spot,3077
brown_spot\101446.jpg,brown_spot,3078
brown_spot\101456.jpg,brown_spot,3822
brown_spot\101457.jpg,brown_spot,3080
brown_spot\101478.jpg,brown_spot,3081
brown_spot\101484.jpg,brown_spot,3451
brown_spot\101523.jpg,brown_spot,3083
brown_spot\101533.jpg,brown_spot,3084
brown_spot\101535.jpg,brown_spot,3085
brown_spot\101545.jpg,brown_spot,3086
brown_spot\101581.jpg,brown_spot,3087
brown_spot\101583.jpg,brown_spot,3724
brown_spot\101599.jpg,brown_spot,3271
brown_spot\101601.jpg,brown_spot,3090
brown_spot\101607.jpg,brown_spot,3091
brown_spot\101609.jpg,brown_spot,3092
brown_spot\101614.jpg,brown_spot,3541
brown_spot\101635.jpg,brown_spot,3094
brown_spot\101636.jpg,brown_spot,3095
brown_spot\101639.jpg,brown_spot,3096
brown_spot\101668.jpg,brown_spot,3097
brown_spot\101674.jpg,brown_spot,3098
brown_spot\101679.jpg,brown_spot,3099
brown_spot\101689.jpg,brown_spot,3100
brown_spot\101691.jpg,brown_spot,3101
brown_spot\101700.jpg,brown_spot,3102
brown_spot\101703.jpg,brown_spot,3103
brown_spot\101710.jpg,brown_spot,3641
brown_spot\101713.jpg,brown_spot,3667
brown_spot\101722.jpg,brown_spot,3106
brown_spot\101745.jpg,brown_spot,3107
brown_spot\101762.jpg,brown_spot,3108
brown_spot\101773.jpg,brown_spot,3109
brown_spot\101795.jpg,brown_spot,3738
brown_spot\101797.jpg,brown_spot,3111
brown_spot\101827.jpg,brown_spot,3112
brown_spot\101839.jpg,brown_spot,3113
brown_spot\101853.jpg,brown_spot,3865
brown_spot\101855.jpg,brown_spot,3115
brown_spot\101859.jpg,brown_spot,3116
brown_spot\101879.jpg,brown_spot,3117
brown_spot\101896.jpg,brown_spot,3118
brown_spot\101908.jpg,brown_spot,3455
brown_spot\101929.jpg,brown_spot,3120
brown_spot\101985.jpg,brown_spot,3851
brown_spot\102030.jpg,brown_spot,3122
brown_spot\102053.jpg,brown_spot,3123
brown_spot\102060.jpg,brown_spot,3124
brown_spot\102063.jpg,brown_spot,3339
brown_spot\102064.jpg,brown_spot,3548
brown_spot\102067.jpg,brown_spot,3127
brown_spot\102077.jpg,brown_spot,3750
brown_spot\102082.jpg,brown_spot,3129
brown_spot\102109.jpg,brown_spot,3130
brown_spot\102123.jpg,brown_spot,3131
brown_spot\102171.jpg,brown_spot,3622
brown_spot\102173.jpg,brown_spot,3133
brown_spot\102191.jpg,brown_spot,3134
brown_spot\102203.jpg,brown_spot,3471
brown_spot\102212.jpg,brown_spot,3136
brown_spot\102213.jpg,brown_spot,3137
brown_spot\102231.jpg,brown_spot,3138
brown_spot\102240.jpg,brown_spot,3207
brown_spot\102264.jpg,brown_spot,3147
brown_spot\102265.jpg,brown_spot,3141
brown_spot\102266.jpg,brown_spot,3142
brown_spot\102271.jpg,brown_spot,3143
brown_spot\102284.jpg,brown_spot,3144
brown_spot\102296.jpg,brown_spot,3648
brown_spot\102303.jpg,brown_spot,3146
brown_spot\102313.jpg,brown_spot,3147
brown_spot\102320.jpg,brown_spot,3148
brown_spot\102347.jpg,brown_spot,3373
brown_spot\102348.jpg,brown_spot,3150
brown_spot\102382.jpg,brown_spot,3151
brown_spot\102389.jpg,brown_spot,3152
brown_spot\102390.jpg,brown_spot,3153
brown_spot\102400.jpg,brown_spot,3154
brown_spot\102402.jpg,brown_spot,3191
brown_spot\102405.jpg,brown_spot,3156
brown_spot\102415.jpg,brown_spot,3455
brown_spot\102419.jpg,brown_spot,3158
brown_spot\102431.jpg,brown_spot,3159
brown_spot\102447.jpg,brown_spot,3160
brown_spot\102459.jpg,brown_spot,3466
brown_spot\102465.jpg,brown_spot,3559
brown_spot\102470.jpg,brown_spot,3486
brown_spot\102476.jpg,brown_spot,3164
brown_spot\102489.jpg,brown_spot,3165
brown_spot\102494.jpg,brown_spot,3166
brown_spot\102504.jpg,brown_spot,3167
brown_spot\102506.jpg,brown_spot,3168
brown_spot\102525.jpg,brown_spot,3169
brown_spot\102527.jpg,brown_spot,3831
brown_spot\102533.jpg,brown_spot,3171
brown_spot\102542.jpg,brown_spot,3172
brown_spot\102559.jpg,brown_spot,3173
brown_spot\102586.jpg,brown_spot,3174
brown_spot\102589.jpg,brown_spot,3175
brown_spot\102596.jpg,brown_spot,3176
brown_spot\102641.jpg,brown_spot,3177
brown_spot\102644.jpg,brown_spot,3178
brown_spot\102646.jpg,brown_spot,3179
brown_spot\102658.jpg,brown_spot,3180
brown_spot\102661.jpg,brown_spot,3181
brown_spot\102670.jpg,brown_spot,3182
brown_spot\102695.jpg,brown_spot,3183
brown_spot\102731.jpg,brown_spot,3635
brown_spot\102732.jpg,brown_spot,3678
brown_spot\102744.jpg,brown_spot,3186
brown_spot\102755.jpg,brown_spot,3187
brown_spot\102777.jpg,brown_spot,3188
brown_spot\102782.jpg,brown_spot,3189
brown_spot\102786.jpg,brown_spot,3865
brown_spot\102812.jpg,brown_spot,3191
brown_spot\102827.jpg,brown_spot,3192
brown_spot\102857.jpg,brown_spot,3193
brown_spot\102859.jpg,brown_spot,3878
brown_spot\102864.jpg,brown_spot,3195
brown_spot\102917.jpg,brown_spot,3196
brown_spot\102932.jpg,brown_spot,3197
brown_spot\102934.jpg,brown_spot,3198
brown_spot\102936.jpg,brown_spot,3199
brown_spot\102938.jpg,brown_spot,3857
brown_spot\102939.jpg,brown_spot,3706
brown_spot\102942.jpg,brown_spot,3803
brown_spot\102956.jpg,brown_spot,3203
brown_spot\102959.jpg,brown_spot,3506
brown_spot\102961.jpg,brown_spot,3503
brown_spot\102964.jpg,brown_spot,3206
brown_spot\102992.jpg,brown_spot,3207
brown_spot\103004.jpg,brown_spot,3208
brown_spot\103018.jpg,brown_spot,3209
brown_spot\103025.jpg,brown_spot,3210
brown_spot\103031.jpg,brown_spot,3211
brown_spot\103037.jpg,brown_spot,3212
brown_spot\103040.jpg,brown_spot,3213
brown_spot\103041.jpg,brown_spot,3635
brown_spot\103050.jpg,brown_spot,3215
brown_spot\103069.jpg,brown_spot,3216
brown_spot\103084.jpg,brown_spot,3217
brown_spot\103095.jpg,brown_spot,3218
brown_spot\103099.jpg,brown_spot,3219
brown_spot\103104.jpg,brown_spot,3220
brown_spot\103116.jpg,brown_spot,3221
brown_spot\103120.jpg,brown_spot,3615
brown_spot\103123.jpg,brown_spot,3474
brown_spot\103128.jpg,brown_spot,3423
brown_spot\103146.jpg,brown_spot,3225
brown_spot\103152.jpg,brown_spot,3226
brown_spot\103154.jpg,brown_spot,3227
brown_spot\103155.jpg,brown_spot,3228
brown_spot\103189.jpg,brown_spot,3229
brown_spot\103193.jpg,brown_spot,3230
brown_spot\103231.jpg,brown_spot,3231
brown_spot\103235.jpg,brown_spot,3232
brown_spot\103267.jpg,brown_spot,3648
brown_spot\103279.jpg,brown_spot,3455
brown_spot\103294.jpg,brown_spot,3235
brown_spot\103296.jpg,brown_spot,3865
brown_spot\103334.jpg,brown_spot,3237
brown_spot\103338.jpg,brown_spot,3238
brown_spot\103342.jpg,brown_spot,3239
brown_spot\103343.jpg,brown_spot,3240
brown_spot\103415.jpg,brown_spot,3726
brown_spot\103425.jpg,brown_spot,3242
brown_spot\103438.jpg,brown_spot,3243
brown_spot\103446.jpg,brown_spot,3244
brown_spot\103448.jpg,brown_spot,3863
brown_spot\103456.jpg,brown_spot,3246
brown_spot\103476.jpg,brown_spot,3247
brown_spot\103482.jpg,brown_spot,774
brown_spot\103489.jpg,brown_spot,3249
brown_spot\103492.jpg,brown_spot,3250
brown_spot\103495.jpg,brown_spot,3621
brown_spot\103498.jpg,brown_spot,3252
brown_spot\103508.jpg,brown_spot,3253
brown_spot\103509.jpg,brown_spot,3254
brown_spot\103518.jpg,brown_spot,3494
brown_spot\103560.jpg,brown_spot,3775
brown_spot\103569.jpg,brown_spot,3257
brown_spot\103576.jpg,brown_spot,3258
brown_spot\103577.jpg,brown_spot,3433
brown_spot\103584.jpg,brown_spot,3260
brown_spot\103592.jpg,brown_spot,3261
brown_spot\103595.jpg,brown_spot,3262
brown_spot\103596.jpg,brown_spot,3263
brown_spot\103601.jpg,brown_spot,3871
brown_spot\103610.jpg,brown_spot,3507
brown_spot\103621.jpg,brown_spot,3266
brown_spot\103630.jpg,brown_spot,3267
brown_spot\103633.jpg,brown_spot,3268
brown_spot\103635.jpg,brown_spot,3269
brown_spot\103640.jpg,brown_spot,3270
brown_spot\103670.jpg,brown_spot,3271
brown_spot\103683.jpg,brown_spot,3522
brown_spot\103687.jpg,brown_spot,3550
brown_spot\103688.jpg,brown_spot,3274
brown_spot\103700.jpg,brown_spot,3275
brown_spot\103714.jpg,brown_spot,3276
brown_spot\103719.jpg,brown_spot,3277
brown_spot\103722.jpg,brown_spot,3278
brown_spot\103726.jpg,brown_spot,3662
brown_spot\103743.jpg,brown_spot,3280
brown_spot\103750.jpg,brown_spot,3281
brown_spot\103762.jpg,brown_spot,3775
brown_spot\103778.jpg,brown_spot,3662
brown_spot\103781.jpg,brown_spot,3284
brown_spot\103787.jpg,brown_spot,3285
brown_spot\103796.jpg,brown_spot,3286
brown_spot\103797.jpg,brown_spot,3287
brown_spot\103808.jpg,brown_spot,3288
brown_spot\103809.jpg,brown_spot,3289
brown_spot\103835.jpg,brown_spot,3549
brown_spot\103838.jpg,brown_spot,3291
brown_spot\103840.jpg,brown_spot,3292
brown_spot\103884.jpg,brown_spot,3293
brown_spot\103891.jpg,brown_spot,3294
brown_spot\103892.jpg,brown_spot,3295
brown_spot\103897.jpg,brown_spot,3296
brown_spot\103898.jpg,brown_spot,3297
brown_spot\103903.jpg,brown_spot,3782
brown_spot\103915.jpg,brown_spot,3851
brown_spot\103930.jpg,brown_spot,3300
brown_spot\103959.jpg,brown_spot,3301
brown_spot\103965.jpg,brown_spot,3620
brown_spot\103991.jpg,brown_spot,3303
brown_spot\103995.jpg,brown_spot,3304
brown_spot\104002.jpg,brown_spot,3305
brown_spot\104003.jpg,brown_spot,3306
brown_spot\104004.jpg,brown_spot,3307
brown_spot\104011.jpg,brown_spot,3308
brown_spot\104014.jpg,brown_spot,3309
brown_spot\104024.jpg,brown_spot,3310
brown_spot\104033.jpg,brown_spot,3477
brown_spot\104040.jpg,brown_spot,3312
brown_spot\104054.jpg,brown_spot,3752
brown_spot\104066.jpg,brown_spot,3314
brown_spot\104067.jpg,brown_spot,3744
brown_spot\104084.jpg,brown_spot,3316
brown_spot\104093.jpg,brown_spot,3621
brown_spot\104104.jpg,brown_spot,3318
brown_spot\104129.jpg,brown_spot,3319
brown_spot\104149.jpg,brown_spot,3320
brown_spot\104157.jpg,brown_spot,3321
brown_spot\104161.jpg,brown_spot,3790
brown_spot\104165.jpg,brown_spot,3323
brown_spot\104167.jpg,brown_spot,3809
brown_spot\104201.jpg,brown_spot,3621
brown_spot\104204.jpg,brown_spot,3326
brown_spot\104212.jpg,brown_spot,3662
brown_spot\104227.jpg,brown_spot,3328
brown_spot\104238.jpg,brown_spot,3329
brown_spot\104243.jpg,brown_spot,3330
brown_spot\104247.jpg,brown_spot,3331
brown_spot\104250.jpg,brown_spot,3332
brown_spot\104257.jpg,brown_spot,3875
brown_spot\104274.jpg,brown_spot,3410
brown_spot\104322.jpg,brown_spot,3335
brown_spot\104350.jpg,brown_spot,3737
brown_spot\104353.jpg,brown_spot,3787
brown_spot\104358.jpg,brown_spot,3338
brown_spot\104373.jpg,brown_spot,3339
brown_spot\104398.jpg,brown_spot,3340
brown_spot\104426.jpg,brown_spot,3528
brown_spot\104493.jpg,brown_spot,3342
brown_spot\104499.jpg,brown_spot,3343
brown_spot\104503.jpg,brown_spot,3344
brown_spot\104506.jpg,brown_spot,3345
brown_spot\104511.jpg,brown_spot,3724
brown_spot\104519.jpg,brown_spot,3347
brown_spot\104522.jpg,brown_spot,3877
brown_spot\104541.jpg,brown_spot,3349
brown_spot\104554.jpg,brown_spot,3350
brown_spot\104558.jpg,brown_spot,3351
brown_spot\104560.jpg,brown_spot,3352
brown_spot\104564.jpg,brown_spot,3353
brown_spot\104566.jpg,brown_spot,3354
brown_spot\104574.jpg,brown_spot,3737
brown_spot\104580.jpg,brown_spot,3356
brown_spot\104597.jpg,brown_spot,3357
brown_spot\104603.jpg,brown_spot,3792
brown_spot\104604.jpg,brown_spot,3359
brown_spot\104623.jpg,brown_spot,3360
brown_spot\104624.jpg,brown_spot,3361
brown_spot\104625.jpg,brown_spot,3362
brown_spot\104627.jpg,brown_spot,3363
brown_spot\104632.jpg,brown_spot,3364
brown_spot\104640.jpg,brown_spot,3365
brown_spot\104642.jpg,brown_spot,3366
brown_spot\104667.jpg,brown_spot,3367
brown_spot\104671.jpg,brown_spot,3368
brown_spot\104675.jpg,brown_spot,3648
brown_spot\104686.jpg,brown_spot,3370
brown_spot\104689.jpg,brown_spot,3371
brown_spot\104695.jpg,brown_spot,3372
brown_spot\104700.jpg,brown_spot,3373
brown_spot\104709.jpg,brown_spot,3374
brown_spot\104750.jpg,brown_spot,3724
brown_spot\104762.jpg,brown_spot,3376
brown_spot\104771.jpg,brown_spot,3877
brown_spot\104772.jpg,brown_spot,3441
brown_spot\104774.jpg,brown_spot,3532
brown_spot\104786.jpg,brown_spot,3380
brown_spot\104796.jpg,brown_spot,3381
brown_spot\104817.jpg,brown_spot,3382
brown_spot\104818.jpg,brown_spot,3383
brown_spot\104821.jpg,brown_spot,3384
brown_spot\104839.jpg,brown_spot,3801
brown_spot\104852.jpg,brown_spot,3877
brown_spot\104862.jpg,brown_spot,3857
brown_spot\104876.jpg,brown_spot,3388
brown_spot\104886.jpg,brown_spot,3662
brown_spot\104887.jpg,brown_spot,3390
brown_spot\104888.jpg,brown_spot,3391
brown_spot\104913.jpg,brown_spot,3392
brown_spot\104923.jpg,brown_spot,3813
brown_spot\104930.jpg,brown_spot,3394
brown_spot\104932.jpg,brown_spot,3740
brown_spot\104943.jpg,brown_spot,3396
brown_spot\104950.jpg,brown_spot,3397
brown_spot\104952.jpg,brown_spot,3398
brown_spot\104954.jpg,brown_spot,3399
brown_spot\104962.jpg,brown_spot,3468
brown_spot\104972.jpg,brown_spot,3401
brown_spot\104984.jpg,brown_spot,3402
brown_spot\104987.jpg,brown_spot,3552
brown_spot\104989.jpg,brown_spot,3404
brown_spot\105003.jpg,brown_spot,3506
brown_spot\105007.jpg,brown_spot,3406
brown_spot\105023.jpg,brown_spot,3407
brown_spot\105057.jpg,brown_spot,3408
brown_spot\105090.jpg,brown_spot,3705
brown_spot\105101.jpg,brown_spot,3410
brown_spot\105126.jpg,brown_spot,3411
brown_spot\105163.jpg,brown_spot,3806
brown_spot\105169.jpg,brown_spot,3577
brown_spot\105170.jpg,brown_spot,3414
brown_spot\105176.jpg,brown_spot,3415
brown_spot\105182.jpg,brown_spot,3605
brown_spot\105194.jpg,brown_spot,3588
brown_spot\105207.jpg,brown_spot,3418
brown_spot\105212.jpg,brown_spot,3419
brown_spot\105214.jpg,brown_spot,3420
brown_spot\105243.jpg,brown_spot,3421
brown_spot\105244.jpg,brown_spot,3422
brown_spot\105245.jpg,brown_spot,3423
brown_spot\105248.jpg,brown_spot,3424
brown_spot\105253.jpg,brown_spot,3425
brown_spot\105266.jpg,brown_spot,3426
brown_spot\105270.jpg,brown_spot,3680
brown_spot\105281.jpg,brown_spot,3428
brown_spot\105296.jpg,brown_spot,3429
brown_spot\105313.jpg,brown_spot,3430
brown_spot\105319.jpg,brown_spot,3615
brown_spot\105344.jpg,brown_spot,3737
brown_spot\105353.jpg,brown_spot,3433
brown_spot\105363.jpg,brown_spot,3434
brown_spot\105385.jpg,brown_spot,774
brown_spot\105387.jpg,brown_spot,3436
brown_spot\105399.jpg,brown_spot,3771
brown_spot\105402.jpg,brown_spot,3438
brown_spot\105410.jpg,brown_spot,3439
brown_spot\105421.jpg,brown_spot,3440
brown_spot\105422.jpg,brown_spot,3441
brown_spot\105427.jpg,brown_spot,3442
brown_spot\105464.jpg,brown_spot,3443
brown_spot\105474.jpg,brown_spot,3444
brown_spot\105479.jpg,brown_spot,3445
brown_spot\105480.jpg,brown_spot,3446
brown_spot\105491.jpg,brown_spot,3447
brown_spot\105516.jpg,brown_spot,3448
brown_spot\105551.jpg,brown_spot,3877
brown_spot\105557.jpg,brown_spot,3450
brown_spot\105582.jpg,brown_spot,3451
brown_spot\105583.jpg,brown_spot,3452
brown_spot\105585.jpg,brown_spot,3453
brown_spot\105590.jpg,brown_spot,3454
brown_spot\105609.jpg,brown_spot,3455
brown_spot\105620.jpg,brown_spot,3456
brown_spot\105631.jpg,brown_spot,3457
brown_spot\105637.jpg,brown_spot,3458
brown_spot\105638.jpg,brown_spot,3459
brown_spot\105639.jpg,brown_spot,3460
brown_spot\105643.jpg,brown_spot,3461
brown_spot\105649.jpg,brown_spot,3483
brown_spot\105668.jpg,brown_spot,3463
brown_spot\105698.jpg,brown_spot,3756
brown_spot\105739.jpg,brown_spot,3465
brown_spot\105758.jpg,brown_spot,3466
brown_spot\105763.jpg,brown_spot,3877
brown_spot\105771.jpg,brown_spot,3468
brown_spot\105777.jpg,brown_spot,3469
brown_spot\105787.jpg,brown_spot,3470
brown_spot\105788.jpg,brown_spot,3471
brown_spot\105800.jpg,brown_spot,3472
brown_spot\105812.jpg,brown_spot,3473
brown_spot\105830.jpg,brown_spot,3474
brown_spot\105846.jpg,brown_spot,3475
brown_spot\105859.jpg,brown_spot,3476
brown_spot\105868.jpg,brown_spot,3477
brown_spot\105873.jpg,brown_spot,3478
brown_spot\105885.jpg,brown_spot,3479
brown_spot\105890.jpg,brown_spot,3480
brown_spot\105897.jpg,brown_spot,3481
brown_spot\105900.jpg,brown_spot,3806
brown_spot\105916.jpg,brown_spot,3483
brown_spot\105921.jpg,brown_spot,3484
brown_spot\105926.jpg,brown_spot,3485
brown_spot\105949.jpg,brown_spot,3486
brown_spot\105952.jpg,brown_spot,5904
brown_spot\105966.jpg,brown_spot,3488
brown_spot\105968.jpg,brown_spot,3489
brown_spot\105969.jpg,brown_spot,3705
brown_spot\105970.jpg,brown_spot,3491
brown_spot\105989.jpg,brown_spot,3678
brown_spot\106006.jpg,brown_spot,3611
brown_spot\106008.jpg,brown_spot,3494
brown_spot\106009.jpg,brown_spot,3495
brown_spot\106021.jpg,brown_spot,3496
brown_spot\106030.jpg,brown_spot,3532
brown_spot\106045.jpg,brown_spot,3498
brown_spot\106071.jpg,brown_spot,3499
brown_spot\106076.jpg,brown_spot,3868
brown_spot\106079.jpg,brown_spot,3620
brown_spot\106080.jpg,brown_spot,3502
brown_spot\106090.jpg,brown_spot,3503
brown_spot\106111.jpg,brown_spot,3504
brown_spot\106115.jpg,brown_spot,3505
brown_spot\106133.jpg,brown_spot,3506
brown_spot\106150.jpg,brown_spot,3507
brown_spot\106156.jpg,brown_spot,3508
brown_spot\106157.jpg,brown_spot,3509
brown_spot\106158.jpg,brown_spot,3510
brown_spot\106197.jpg,brown_spot,3548
brown_spot\106204.jpg,brown_spot,3577
brown_spot\106231.jpg,brown_spot,3513
brown_spot\106236.jpg,brown_spot,3514
brown_spot\106238.jpg,brown_spot,3515
brown_spot\106248.jpg,brown_spot,5904
brown_spot\106259.jpg,brown_spot,3706
brown_spot\106289.jpg,brown_spot,3526
brown_spot\106312.jpg,brown_spot,3519
brown_spot\106314.jpg,brown_spot,3520
brown_spot\106320.jpg,brown_spot,3726
brown_spot\106321.jpg,brown_spot,3522
brown_spot\106336.jpg,brown_spot,3523
brown_spot\106343.jpg,brown_spot,3524
brown_spot\106362.jpg,brown_spot,3662
brown_spot\106367.jpg,brown_spot,3526
brown_spot\106396.jpg,brown_spot,3527
brown_spot\106399.jpg,brown_spot,3528
brown_spot\106403.jpg,brown_spot,3529
brown_spot\106415.jpg,brown_spot,3530
brown_spot\106421.jpg,brown_spot,3531
brown_spot\106424.jpg,brown_spot,3532
brown_spot\106448.jpg,brown_spot,3533
brown_spot\106457.jpg,brown_spot,3892
brown_spot\106476.jpg,brown_spot,3535
brown_spot\106482.jpg,brown_spot,3536
brown_spot\106483.jpg,brown_spot,3872
brown_spot\106497.jpg,brown_spot,3538
brown_spot\106503.jpg,brown_spot,3539
brown_spot\106515.jpg,brown_spot,3540
brown_spot\106547.jpg,brown_spot,3541
brown_spot\106549.jpg,brown_spot,3542
brown_spot\106570.jpg,brown_spot,3543
brown_spot\106576.jpg,brown_spot,3544
brown_spot\106582.jpg,brown_spot,3545
brown_spot\106595.jpg,brown_spot,3546
brown_spot\106596.jpg,brown_spot,3581
brown_spot\106606.jpg,brown_spot,3548
brown_spot\106617.jpg,brown_spot,3549
brown_spot\106627.jpg,brown_spot,3550
brown_spot\106655.jpg,brown_spot,3551
brown_spot\106660.jpg,brown_spot,3552
brown_spot\106661.jpg,brown_spot,3466
brown_spot\106670.jpg,brown_spot,3554
brown_spot\106671.jpg,brown_spot,3555
brown_spot\106676.jpg,brown_spot,3556
brown_spot\106682.jpg,brown_spot,3662
brown_spot\106725.jpg,brown_spot,3558
brown_spot\106741.jpg,brown_spot,3559
brown_spot\106774.jpg,brown_spot,3708
brown_spot\106780.jpg,brown_spot,3561
brown_spot\106781.jpg,brown_spot,3562
brown_spot\106796.jpg,brown_spot,3563
brown_spot\106810.jpg,brown_spot,5904
brown_spot\106833.jpg,brown_spot,3565
brown_spot\106840.jpg,brown_spot,3566
brown_spot\106846.jpg,brown_spot,3567
brown_spot\106857.jpg,brown_spot,3568
brown_spot\106860.jpg,brown_spot,3812
brown_spot\106868.jpg,brown_spot,3570
brown_spot\106869.jpg,brown_spot,3571
brown_spot\106885.jpg,brown_spot,3572
brown_spot\106890.jpg,brown_spot,3573
brown_spot\106892.jpg,brown_spot,3506
brown_spot\106894.jpg,brown_spot,3575
brown_spot\106910.jpg,brown_spot,3576
brown_spot\106948.jpg,brown_spot,3577
brown_spot\106952.jpg,brown_spot,3578
brown_spot\106957.jpg,brown_spot,3741
brown_spot\106962.jpg,brown_spot,3580
brown_spot\107005.jpg,brown_spot,3581
brown_spot\107017.jpg,brown_spot,3582
brown_spot\107022.jpg,brown_spot,3583
brown_spot\107033.jpg,brown_spot,3584
brown_spot\107040.jpg,brown_spot,3585
brown_spot\107072.jpg,brown_spot,3586
brown_spot\107075.jpg,brown_spot,3587
brown_spot\107088.jpg,brown_spot,3588
brown_spot\107093.jpg,brown_spot,3589
brown_spot\107126.jpg,brown_spot,3612
brown_spot\107133.jpg,brown_spot,3591
brown_spot\107135.jpg,brown_spot,3592
brown_spot\107137.jpg,brown_spot,3593
brown_spot\107140.jpg,brown_spot,3594
brown_spot\107142.jpg,brown_spot,3635
brown_spot\107189.jpg,brown_spot,3596
brown_spot\107199.jpg,brown_spot,3597
brown_spot\107202.jpg,brown_spot,3598
brown_spot\107220.jpg,brown_spot,3599
brown_spot\107221.jpg,brown_spot,3600
brown_spot\107229.jpg,brown_spot,3601
brown_spot\107230.jpg,brown_spot,3602
brown_spot\107247.jpg,brown_spot,3603
brown_spot\107250.jpg,brown_spot,3604
brown_spot\107264.jpg,brown_spot,3605
brown_spot\107270.jpg,brown_spot,3606
brown_spot\107288.jpg,brown_spot,3607
brown_spot\107295.jpg,brown_spot,3608
brown_spot\107320.jpg,brown_spot,3609
brown_spot\107321.jpg,brown_spot,3610
brown_spot\107359.jpg,brown_spot,3611
brown_spot\107361.jpg,brown_spot,3612
brown_spot\107362.jpg,brown_spot,3706
brown_spot\107393.jpg,brown_spot,3626
brown_spot\107396.jpg,brown_spot,3615
brown_spot\107413.jpg,brown_spot,3486
brown_spot\107433.jpg,brown_spot,3455
brown_spot\107438.jpg,brown_spot,3618
brown_spot\107446.jpg,brown_spot,3648
brown_spot\107453.jpg,brown_spot,3620
brown_spot\107457.jpg,brown_spot,3621
brown_spot\107462.jpg,brown_spot,3622
brown_spot\107464.jpg,brown_spot,3623
brown_spot\107469.jpg,brown_spot,3624
brown_spot\107486.jpg,brown_spot,3625
brown_spot\107492.jpg,brown_spot,3626
brown_spot\107511.jpg,brown_spot,3797
brown_spot\107520.jpg,brown_spot,3875
brown_spot\107531.jpg,brown_spot,3506
brown_spot\107535.jpg,brown_spot,3630
brown_spot\107539.jpg,brown_spot,3662
brown_spot\107558.jpg,brown_spot,3632
brown_spot\107584.jpg,brown_spot,3737
brown_spot\107589.jpg,brown_spot,3634
brown_spot\107591.jpg,brown_spot,3635
brown_spot\107595.jpg,brown_spot,3636
brown_spot\107616.jpg,brown_spot,3726
brown_spot\107624.jpg,brown_spot,3638
brown_spot\107653.jpg,brown_spot,3639
brown_spot\107654.jpg,brown_spot,3640
brown_spot\107661.jpg,brown_spot,3641
brown_spot\107668.jpg,brown_spot,3642
brown_spot\107687.jpg,brown_spot,3643
brown_spot\107688.jpg,brown_spot,3644
brown_spot\107690.jpg,brown_spot,3645
brown_spot\107699.jpg,brown_spot,3646
brown_spot\107701.jpg,brown_spot,3647
brown_spot\107709.jpg,brown_spot,3648
brown_spot\107720.jpg,brown_spot,3649
brown_spot\107732.jpg,brown_spot,3650
brown_spot\107733.jpg,brown_spot,3651
brown_spot\107740.jpg,brown_spot,3652
brown_spot\107762.jpg,brown_spot,3653
brown_spot\107776.jpg,brown_spot,3654
brown_spot\107795.jpg,brown_spot,3655
brown_spot\107804.jpg,brown_spot,3656
brown_spot\107805.jpg,brown_spot,3657
brown_spot\107816.jpg,brown_spot,3658
brown_spot\107821.jpg,brown_spot,3659
brown_spot\107848.jpg,brown_spot,3660
brown_spot\107849.jpg,brown_spot,3661
brown_spot\107870.jpg,brown_spot,3662
brown_spot\107871.jpg,brown_spot,3648
brown_spot\107874.jpg,brown_spot,3664
brown_spot\107893.jpg,brown_spot,3865
brown_spot\107898.jpg,brown_spot,3666
brown_spot\107923.jpg,brown_spot,3667
brown_spot\107932.jpg,brown_spot,3668
brown_spot\107941.jpg,brown_spot,3669
brown_spot\107948.jpg,brown_spot,3670
brown_spot\107972.jpg,brown_spot,3671
brown_spot\107986.jpg,brown_spot,3672
brown_spot\107995.jpg,brown_spot,3673
brown_spot\108006.jpg,brown_spot,3674
brown_spot\108053.jpg,brown_spot,3675
brown_spot\108077.jpg,brown_spot,3455
brown_spot\108087.jpg,brown_spot,3677
brown_spot\108096.jpg,brown_spot,3678
brown_spot\108107.jpg,brown_spot,3885
brown_spot\108116.jpg,brown_spot,3680
brown_spot\108119.jpg,brown_spot,3681
brown_spot\108120.jpg,brown_spot,3682
brown_spot\108131.jpg,brown_spot,3683
brown_spot\108132.jpg,brown_spot,3684
brown_spot\108140.jpg,brown_spot,3685
brown_spot\108154.jpg,brown_spot,3686
brown_spot\108156.jpg,brown_spot,3687
brown_spot\108168.jpg,brown_spot,3688
brown_spot\108186.jpg,brown_spot,3689
brown_spot\108187.jpg,brown_spot,3690
brown_spot\108201.jpg,brown_spot,3691
brown_spot\108214.jpg,brown_spot,3692
brown_spot\108235.jpg,brown_spot,3693
brown_spot\108237.jpg,brown_spot,3694
brown_spot\108243.jpg,brown_spot,3695
brown_spot\108255.jpg,brown_spot,3696
brown_spot\108258.jpg,brown_spot,3747
brown_spot\108274.jpg,brown_spot,3698
brown_spot\108277.jpg,brown_spot,3699
brown_spot\108279.jpg,brown_spot,3700
brown_spot\108287.jpg,brown_spot,3701
brown_spot\108290.jpg,brown_spot,3702
brown_spot\108295.jpg,brown_spot,3703
brown_spot\108301.jpg,brown_spot,3704
brown_spot\108311.jpg,brown_spot,3705
brown_spot\108318.jpg,brown_spot,3706
brown_spot\108319.jpg,brown_spot,3707
brown_spot\108346.jpg,brown_spot,3708
brown_spot\108350.jpg,brown_spot,3709
brown_spot\108356.jpg,brown_spot,3710
brown_spot\108365.jpg,brown_spot,3731
brown_spot\108386.jpg,brown_spot,3712
brown_spot\108409.jpg,brown_spot,3713
brown_spot\108430.jpg,brown_spot,3714
brown_spot\108464.jpg,brown_spot,3715
brown_spot\108502.jpg,brown_spot,3716
brown_spot\108536.jpg,brown_spot,3717
brown_spot\108546.jpg,brown_spot,3877
brown_spot\108557.jpg,brown_spot,3719
brown_spot\108564.jpg,brown_spot,3720
brown_spot\108565.jpg,brown_spot,3721
brown_spot\108573.jpg,brown_spot,3722
brown_spot\108583.jpg,brown_spot,3723
brown_spot\108587.jpg,brown_spot,3724
brown_spot\108596.jpg,brown_spot,3725
brown_spot\108604.jpg,brown_spot,3726
brown_spot\108627.jpg,brown_spot,3727
brown_spot\108647.jpg,brown_spot,3728
brown_spot\108658.jpg,brown_spot,3729
brown_spot\108661.jpg,brown_spot,3730
brown_spot\108664.jpg,brown_spot,3731
brown_spot\108687.jpg,brown_spot,3732
brown_spot\108691.jpg,brown_spot,3733
brown_spot\108713.jpg,brown_spot,3734
brown_spot\108721.jpg,brown_spot,3735
brown_spot\108739.jpg,brown_spot,3736
brown_spot\108745.jpg,brown_spot,3737
brown_spot\108770.jpg,brown_spot,3738
brown_spot\108780.jpg,brown_spot,3739
brown_spot\108807.jpg,brown_spot,3740
brown_spot\108808.jpg,brown_spot,3741
brown_spot\108816.jpg,brown_spot,3742
brown_spot\108820.jpg,brown_spot,3743
brown_spot\108823.jpg,brown_spot,3744
brown_spot\108838.jpg,brown_spot,3802
brown_spot\108843.jpg,brown_spot,3746
brown_spot\108845.jpg,brown_spot,3747
brown_spot\108847.jpg,brown_spot,3748
brown_spot\108865.jpg,brown_spot,3749
brown_spot\108871.jpg,brown_spot,3750
brown_spot\108879.jpg,brown_spot,3751
brown_spot\108897.jpg,brown_spot,3752
brown_spot\108921.jpg,brown_spot,3753
brown_spot\108932.jpg,brown_spot,3754
brown_spot\108975.jpg,brown_spot,3755
brown_spot\108978.jpg,brown_spot,3756
brown_spot\108980.jpg,brown_spot,3757
brown_spot\108985.jpg,brown_spot,3829
brown_spot\108994.jpg,brown_spot,3759
brown_spot\108998.jpg,brown_spot,3410
brown_spot\109001.jpg,brown_spot,3761
brown_spot\109004.jpg,brown_spot,3762
brown_spot\109013.jpg,brown_spot,3455
brown_spot\109026.jpg,brown_spot,3764
brown_spot\109028.jpg,brown_spot,3765
brown_spot\109036.jpg,brown_spot,3766
brown_spot\109053.jpg,brown_spot,3767
brown_spot\109095.jpg,brown_spot,3768
brown_spot\109112.jpg,brown_spot,3769
brown_spot\109113.jpg,brown_spot,3770
brown_spot\109123.jpg,brown_spot,3771
brown_spot\109141.jpg,brown_spot,3772
brown_spot\109150.jpg,brown_spot,3773
brown_spot\109161.jpg,brown_spot,3774
brown_spot\109194.jpg,brown_spot,3775
brown_spot\109202.jpg,brown_spot,3782
brown_spot\109204.jpg,brown_spot,3777
brown_spot\109208.jpg,brown_spot,3778
brown_spot\109213.jpg,brown_spot,3779
brown_spot\109224.jpg,brown_spot,3780
brown_spot\109235.jpg,brown_spot,3781
brown_spot\109247.jpg,brown_spot,3782
brown_spot\109254.jpg,brown_spot,3783
brown_spot\109258.jpg,brown_spot,3784
brown_spot\109259.jpg,brown_spot,3785
brown_spot\109269.jpg,brown_spot,3786
brown_spot\109273.jpg,brown_spot,3787
brown_spot\109284.jpg,brown_spot,3788
brown_spot\109285.jpg,brown_spot,3789
brown_spot\109299.jpg,brown_spot,3790
brown_spot\109323.jpg,brown_spot,3877
brown_spot\109337.jpg,brown_spot,3792
brown_spot\109368.jpg,brown_spot,3793
brown_spot\109369.jpg,brown_spot,3794
brown_spot\109376.jpg,brown_spot,3795
brown_spot\109378.jpg,brown_spot,3796
brown_spot\109380.jpg,brown_spot,3797
brown_spot\109382.jpg,brown_spot,3798
brown_spot\109397.jpg,brown_spot,3799
brown_spot\109398.jpg,brown_spot,3800
brown_spot\109405.jpg,brown_spot,3801
brown_spot\109412.jpg,brown_spot,3802
brown_spot\109419.jpg,brown_spot,3803
brown_spot\109420.jpg,brown_spot,3804
brown_spot\109435.jpg,brown_spot,3805
brown_spot\109448.jpg,brown_spot,3806
brown_spot\109461.jpg,brown_spot,3807
brown_spot\109469.jpg,brown_spot,3808
brown_spot\109479.jpg,brown_spot,3809
brown_spot\109490.jpg,brown_spot,3810
brown_spot\109492.jpg,brown_spot,3811
brown_spot\109494.jpg,brown_spot,3812
brown_spot\109515.jpg,brown_spot,3813
brown_spot\109523.jpg,brown_spot,3814
brown_spot\109539.jpg,brown_spot,3815
brown_spot\109552.jpg,brown_spot,3816
brown_spot\109553.jpg,brown_spot,3817
brown_spot\109567.jpg,brown_spot,3818
brown_spot\109569.jpg,brown_spot,3875
brown_spot\109576.jpg,brown_spot,3820
brown_spot\109585.jpg,brown_spot,3821
brown_spot\109596.jpg,brown_spot,3822
brown_spot\109601.jpg,brown_spot,3823
brown_spot\109616.jpg,brown_spot,3824
brown_spot\109618.jpg,brown_spot,3825
brown_spot\109627.jpg,brown_spot,3826
brown_spot\109636.jpg,brown_spot,3827
brown_spot\109641.jpg,brown_spot,3828
brown_spot\109648.jpg,brown_spot,3829
brown_spot\109686.jpg,brown_spot,3830
brown_spot\109694.jpg,brown_spot,3831
brown_spot\109696.jpg,brown_spot,3832
brown_spot\109698.jpg,brown_spot,3833
brown_spot\109726.jpg,brown_spot,3834
brown_spot\109727.jpg,brown_spot,3835
brown_spot\109734.jpg,brown_spot,3442
brown_spot\109746.jpg,brown_spot,3837
brown_spot\109750.jpg,brown_spot,3838
brown_spot\109763.jpg,brown_spot,3839
brown_spot\109765.jpg,brown_spot,3840
brown_spot\109809.jpg,brown_spot,3841
brown_spot\109810.jpg,brown_spot,3842
brown_spot\109816.jpg,brown_spot,3843
brown_spot\109817.jpg,brown_spot,3844
brown_spot\109835.jpg,brown_spot,3845
brown_spot\109837.jpg,brown_spot,3846
brown_spot\109840.jpg,brown_spot,3847
brown_spot\109845.jpg,brown_spot,3635
brown_spot\109846.jpg,brown_spot,3849
brown_spot\109859.jpg,brown_spot,3850
brown_spot\109863.jpg,brown_spot,3851
brown_spot\109875.jpg,brown_spot,3852
brown_spot\109907.jpg,brown_spot,3853
brown_spot\109941.jpg,brown_spot,3854
brown_spot\109943.jpg,brown_spot,3855
brown_spot\109949.jpg,brown_spot,3856
brown_spot\109964.jpg,brown_spot,3857
brown_spot\109970.jpg,brown_spot,3858
brown_spot\109980.jpg,brown_spot,3859
brown_spot\110002.jpg,brown_spot,3860
brown_spot\110004.jpg,brown_spot,3861
brown_spot\110020.jpg,brown_spot,3862
brown_spot\110029.jpg,brown_spot,3863
brown_spot\110034.jpg,brown_spot,3864
brown_spot\110038.jpg,brown_spot,3865
brown_spot\110044.jpg,brown_spot,3866
brown_spot\110047.jpg,brown_spot,3867
brown_spot\110068.jpg,brown_spot,3868
brown_spot\110085.jpg,brown_spot,3869
brown_spot\110088.jpg,brown_spot,3870
brown_spot\110091.jpg,brown_spot,3871
brown_spot\110094.jpg,brown_spot,3872
brown_spot\110110.jpg,brown_spot,3873
brown_spot\110128.jpg,brown_spot,3874
brown_spot\110141.jpg,brown_spot,3875
brown_spot\110144.jpg,brown_spot,3876
brown_spot\110147.jpg,brown_spot,3877
brown_spot\110157.jpg,brown_spot,3878
brown_spot\110160.jpg,brown_spot,3879
brown_spot\110163.jpg,brown_spot,3880
brown_spot\110177.jpg,brown_spot,3881
brown_spot\110202.jpg,brown_spot,3882
brown_spot\110205.jpg,brown_spot,3883
brown_spot\110211.jpg,brown_spot,3884
brown_spot\110216.jpg,brown_spot,3885
brown_spot\110229.jpg,brown_spot,3886
brown_spot\110240.jpg,brown_spot,3887
brown_spot\110252.jpg,brown_spot,3888
brown_spot\110257.jpg,brown_spot,3889
brown_spot\110298.jpg,brown_spot,3890
brown_spot\110299.jpg,brown_spot,3891
brown_spot\110309.jpg,brown_spot,3892
brown_spot\110340.jpg,brown_spot,3893
brown_spot\110346.jpg,brown_spot,3894
brown_spot\110371.jpg,brown_spot,3895
brown_spot\110388.jpg,brown_spot,3896
brown_spot\110391.jpg,brown_spot,3897
brown_spot\110407.jpg,brown_spot,3898
dead_heart\100008.jpg,dead_heart,3899
dead_heart\100015.jpg,dead_heart,4017
dead_heart\100020.jpg,dead_heart,3901
dead_heart\100026.jpg,dead_heart,3902
dead_heart\100027.jpg,dead_heart,3903
dead_heart\100029.jpg,dead_heart,4265
dead_heart\100030.jpg,dead_heart,5326
dead_heart\100033.jpg,dead_heart,3906
dead_heart\100036.jpg,dead_heart,3907
dead_heart\100047.jpg,dead_heart,3908
dead_heart\100048.jpg,dead_heart,4404
dead_heart\100055.jpg,dead_heart,3910
dead_heart\100063.jpg,dead_heart,3911
dead_heart\100073.jpg,dead_heart,4208
dead_heart\100087.jpg,dead_heart,4000
dead_heart\100089.jpg,dead_heart,3998
dead_heart\100097.jpg,dead_heart,3915
dead_heart\100106.jpg,dead_heart,4846
dead_heart\100107.jpg,dead_heart,3917
dead_heart\100108.jpg,dead_heart,5254
dead_heart\100114.jpg,dead_heart,5095
dead_heart\100115.jpg,dead_heart,3920
dead_heart\100116.jpg,dead_heart,3921
dead_heart\100117.jpg,dead_heart,5186
dead_heart\100124.jpg,dead_heart,5154
dead_heart\100136.jpg,dead_heart,3924
dead_heart\100146.jpg,dead_heart,3925
dead_heart\100164.jpg,dead_heart,3926
dead_heart\100166.jpg,dead_heart,3927
dead_heart\100181.jpg,dead_heart,3928
dead_heart\100196.jpg,dead_heart,3929
dead_heart\100205.jpg,dead_heart,3930
dead_heart\100206.jpg,dead_heart,4334
dead_heart\100209.jpg,dead_heart,4037
dead_heart\100214.jpg,dead_heart,3933
dead_heart\100221.jpg,dead_heart,4518
dead_heart\100222.jpg,dead_heart,3935
dead_heart\100224.jpg,dead_heart,3936
dead_heart\100239.jpg,dead_heart,3937
dead_heart\100249.jpg,dead_heart,3938
dead_heart\100259.jpg,dead_heart,3939
dead_heart\100271.jpg,dead_heart,3940
dead_heart\100293.jpg,dead_heart,3941
dead_heart\100305.jpg,dead_heart,3942
dead_heart\100309.jpg,dead_heart,3943
dead_heart\100321.jpg,dead_heart,3944
dead_heart\100326.jpg,dead_heart,3945
dead_heart\100346.jpg,dead_heart,3946
dead_heart\100353.jpg,dead_heart,3947
dead_heart\100356.jpg,dead_heart,3948
dead_heart\100366.jpg,dead_heart,3949
dead_heart\100386.jpg,dead_heart,4886
dead_heart\100395.jpg,dead_heart,3951
dead_heart\100407.jpg,dead_heart,3952
dead_heart\100423.jpg,dead_heart,3953
dead_heart\100425.jpg,dead_heart,4859
dead_heart\100434.jpg,dead_heart,3955
dead_heart\100444.jpg,dead_heart,3956
dead_heart\100450.jpg,dead_heart,4859
dead_heart\100452.jpg,dead_heart,3958
dead_heart\100474.jpg,dead_heart,5154
dead_heart\100477.jpg,dead_heart,3960
dead_heart\100483.jpg,dead_heart,3961
dead_heart\100490.jpg,dead_heart,3962
dead_heart\100529.jpg,dead_heart,3963
dead_heart\100551.jpg,dead_heart,3964
dead_heart\100558.jpg,dead_heart,4109
dead_heart\100559.jpg,dead_heart,4859
dead_heart\100568.jpg,dead_heart,3967
dead_heart\100570.jpg,dead_heart,3968
dead_heart\100578.jpg,dead_heart,3969
dead_heart\100579.jpg,dead_heart,3970
dead_heart\100584.jpg,dead_heart,3971
dead_heart\100587.jpg,dead_heart,3972
dead_heart\100589.jpg,dead_heart,4664
dead_heart\100594.jpg,dead_heart,3974
dead_heart\100613.jpg,dead_heart,3975
dead_heart\100617.jpg,dead_heart,3976
dead_heart\100624.jpg,dead_heart,3977
dead_heart\100631.jpg,dead_heart,4833
dead_heart\100641.jpg,dead_heart,3979
dead_heart\100644.jpg,dead_heart,3980
dead_heart\100654.jpg,dead_heart,5188
dead_heart\100665.jpg,dead_heart,3982
dead_heart\100667.jpg,dead_heart,3983
dead_heart\100668.jpg,dead_heart,3984
dead_heart\100670.jpg,dead_heart,3985
dead_heart\100672.jpg,dead_heart,3986
dead_heart\100675.jpg,dead_heart,5128
dead_heart\100684.jpg,dead_heart,3988
dead_heart\100688.jpg,dead_heart,5119
dead_heart\100698.jpg,dead_heart,4428
dead_heart\100700.jpg,dead_heart,5087
dead_heart\100705.jpg,dead_heart,3992
dead_heart\100715.jpg,dead_heart,3993
dead_heart\100746.jpg,dead_heart,3994
dead_heart\100748.jpg,dead_heart,3995
dead_heart\100752.jpg,dead_heart,5280
dead_heart\100766.jpg,dead_heart,3997
dead_heart\100779.jpg,dead_heart,3998
dead_heart\100782.jpg,dead_heart,3999
dead_heart\100798.jpg,dead_heart,4000
dead_heart\100803.jpg,dead_heart,4001
dead_heart\100807.jpg,dead_heart,4741
dead_heart\100822.jpg,dead_heart,5254
dead_heart\100833.jpg,dead_heart,4859
dead_heart\100845.jpg,dead_heart,4005
dead_heart\100847.jpg,dead_heart,4006
dead_heart\100859.jpg,dead_heart,4202
dead_heart\100862.jpg,dead_heart,4008
dead_heart\100865.jpg,dead_heart,4009
dead_heart\100872.jpg,dead_heart,4010
dead_heart\100874.jpg,dead_heart,4011
dead_heart\100882.jpg,dead_heart,4480
dead_heart\100893.jpg,dead_heart,4404
dead_heart\100913.jpg,dead_heart,4014
dead_heart\100921.jpg,dead_heart,4015
dead_heart\100924.jpg,dead_heart,4016
dead_heart\100942.jpg,dead_heart,4017
dead_heart\100947.jpg,dead_heart,4018
dead_heart\100957.jpg,dead_heart,4756
dead_heart\100963.jpg,dead_heart,4020
dead_heart\100966.jpg,dead_heart,4756
dead_heart\100979.jpg,dead_heart,4022
dead_heart\100996.jpg,dead_heart,4023
dead_heart\101021.jpg,dead_heart,4326
dead_heart\101032.jpg,dead_heart,4025
dead_heart\101053.jpg,dead_heart,4108
dead_heart\101056.jpg,dead_heart,5277
dead_heart\101064.jpg,dead_heart,4028
dead_heart\101065.jpg,dead_heart,4293
dead_heart\101066.jpg,dead_heart,4404
dead_heart\101068.jpg,dead_heart,4031
dead_heart\101089.jpg,dead_heart,4032
dead_heart\101113.jpg,dead_heart,4033
dead_heart\101117.jpg,dead_heart,4034
dead_heart\101124.jpg,dead_heart,4035
dead_heart\101126.jpg,dead_heart,4036
dead_heart\101128.jpg,dead_heart,4037
dead_heart\101133.jpg,dead_heart,4038
dead_heart\101136.jpg,dead_heart,4039
dead_heart\101138.jpg,dead_heart,4495
dead_heart\101148.jpg,dead_heart,4141
dead_heart\101157.jpg,dead_heart,5237
dead_heart\101158.jpg,dead_heart,4043
dead_heart\101162.jpg,dead_heart,5120
dead_heart\101165.jpg,dead_heart,4045
dead_heart\101168.jpg,dead_heart,4046
dead_heart\101179.jpg,dead_heart,4047
dead_heart\101184.jpg,dead_heart,4048
dead_heart\101188.jpg,dead_heart,5245
dead_heart\101191.jpg,dead_heart,4050
dead_heart\101196.jpg,dead_heart,5337
dead_heart\101200.jpg,dead_heart,4052
dead_heart\101201.jpg,dead_heart,4053
dead_heart\101222.jpg,dead_heart,5205
dead_heart\101236.jpg,dead_heart,4055
dead_heart\101239.jpg,dead_heart,4056
dead_heart\101248.jpg,dead_heart,4057
dead_heart\101262.jpg,dead_heart,4058
dead_heart\101266.jpg,dead_heart,4059
dead_heart\101271.jpg,dead_heart,4333
dead_heart\101276.jpg,dead_heart,4061
dead_heart\101287.jpg,dead_heart,4062
dead_heart\101296.jpg,dead_heart,5163
dead_heart\101297.jpg,dead_heart,4971
dead_heart\101298.jpg,dead_heart,4065
dead_heart\101302.jpg,dead_heart,4066
dead_heart\101324.jpg,dead_heart,4067
dead_heart\101326.jpg,dead_heart,4068
dead_heart\101329.jpg,dead_heart,5121
dead_heart\101334.jpg,dead_heart,4070
dead_heart\101344.jpg,dead_heart,4071
dead_heart\101352.jpg,dead_heart,4072
dead_heart\101375.jpg,dead_heart,4073
dead_heart\101378.jpg,dead_heart,4074
dead_heart\101403.jpg,dead_heart,4075
dead_heart\101408.jpg,dead_heart,4076
dead_heart\101409.jpg,dead_heart,4077
dead_heart\101415.jpg,dead_heart,4078
dead_heart\101419.jpg,dead_heart,4079
dead_heart\101423.jpg,dead_heart,4080
dead_heart\101434.jpg,dead_heart,5123
dead_heart\101443.jpg,dead_heart,4971
dead_heart\101451.jpg,dead_heart,4083
dead_heart\101463.jpg,dead_heart,4084
dead_heart\101468.jpg,dead_heart,4085
dead_heart\101480.jpg,dead_heart,4086
dead_heart\101487.jpg,dead_heart,4940
dead_heart\101493.jpg,dead_heart,4088
dead_heart\101494.jpg,dead_heart,4089
dead_heart\101500.jpg,dead_heart,4090
dead_heart\101527.jpg,dead_heart,4091
dead_heart\101528.jpg,dead_heart,4092
dead_heart\101536.jpg,dead_heart,4093
dead_heart\101539.jpg,dead_heart,4094
dead_heart\101546.jpg,dead_heart,4095
dead_heart\101547.jpg,dead_heart,4096
dead_heart\101549.jpg,dead_heart,4097
dead_heart\101552.jpg,dead_heart,4098
dead_heart\101560.jpg,dead_heart,4289
dead_heart\101568.jpg,dead_heart,4100
dead_heart\101578.jpg,dead_heart,4734
dead_heart\101582.jpg,dead_heart,4102
dead_heart\101588.jpg,dead_heart,4103
dead_heart\101618.jpg,dead_heart,4932
dead_heart\101622.jpg,dead_heart,4105
dead_heart\101627.jpg,dead_heart,4106
dead_heart\101641.jpg,dead_heart,4107
dead_heart\101650.jpg,dead_heart,4108
dead_heart\101657.jpg,dead_heart,4109
dead_heart\101665.jpg,dead_heart,4110
dead_heart\101678.jpg,dead_heart,4111
dead_heart\101687.jpg,dead_heart,4112
dead_heart\101694.jpg,dead_heart,4113
dead_heart\101714.jpg,dead_heart,4114
dead_heart\101719.jpg,dead_heart,4115
dead_heart\101720.jpg,dead_heart,4116
dead_heart\101724.jpg,dead_heart,4117
dead_heart\101725.jpg,dead_heart,4118
dead_heart\101736.jpg,dead_heart,4119
dead_heart\101737.jpg,dead_heart,4120
dead_heart\101740.jpg,dead_heart,4121
dead_heart\101743.jpg,dead_heart,4122
dead_heart\101752.jpg,dead_heart,4123
dead_heart\101757.jpg,dead_heart,4124
dead_heart\101758.jpg,dead_heart,4125
dead_heart\101770.jpg,dead_heart,4884
dead_heart\101771.jpg,dead_heart,4127
dead_heart\101783.jpg,dead_heart,4128
dead_heart\101787.jpg,dead_heart,4129
dead_heart\101792.jpg,dead_heart,4130
dead_heart\101794.jpg,dead_heart,4131
dead_heart\101803.jpg,dead_heart,4132
dead_heart\101810.jpg,dead_heart,4133
dead_heart\101819.jpg,dead_heart,4134
dead_heart\101840.jpg,dead_heart,4135
dead_heart\101844.jpg,dead_heart,4136
dead_heart\101845.jpg,dead_heart,4137
dead_heart\101851.jpg,dead_heart,4138
dead_heart\101863.jpg,dead_heart,5326
dead_heart\101864.jpg,dead_heart,4140
dead_heart\101866.jpg,dead_heart,4141
dead_heart\101868.jpg,dead_heart,5279
dead_heart\101870.jpg,dead_heart,4143
dead_heart\101881.jpg,dead_heart,5277
dead_heart\101883.jpg,dead_heart,4145
dead_heart\101890.jpg,dead_heart,4146
dead_heart\101891.jpg,dead_heart,4147
dead_heart\101901.jpg,dead_heart,4148
dead_heart\101909.jpg,dead_heart,4149
dead_heart\101912.jpg,dead_heart,4150
dead_heart\101926.jpg,dead_heart,5027
dead_heart\101937.jpg,dead_heart,4859
dead_heart\101940.jpg,dead_heart,4153
dead_heart\101941.jpg,dead_heart,4154
dead_heart\101942.jpg,dead_heart,4155
dead_heart\101944.jpg,dead_heart,4156
dead_heart\101952.jpg,dead_heart,4971
dead_heart\101955.jpg,dead_heart,4158
dead_heart\101963.jpg,dead_heart,4159
dead_heart\101970.jpg,dead_heart,4160
dead_heart\101990.jpg,dead_heart,4161
dead_heart\101992.jpg,dead_heart,4162
dead_heart\102000.jpg,dead_heart,4163
dead_heart\102001.jpg,dead_heart,4164
dead_heart\102003.jpg,dead_heart,4165
dead_heart\102012.jpg,dead_heart,4166
dead_heart\102016.jpg,dead_heart,4167
dead_heart\102021.jpg,dead_heart,4168
dead_heart\102023.jpg,dead_heart,4169
dead_heart\102026.jpg,dead_heart,4170
dead_heart\102028.jpg,dead_heart,4171
dead_heart\102029.jpg,dead_heart,4172
dead_heart\102039.jpg,dead_heart,4173
dead_heart\102047.jpg,dead_heart,4174
dead_heart\102054.jpg,dead_heart,4175
dead_heart\102057.jpg,dead_heart,4176
dead_heart\102076.jpg,dead_heart,4177
dead_heart\102086.jpg,dead_heart,4178
dead_heart\102093.jpg,dead_heart,4518
dead_heart\102094.jpg,dead_heart,4180
dead_heart\102097.jpg,dead_heart,4971
dead_heart\102100.jpg,dead_heart,4182
dead_heart\102112.jpg,dead_heart,4183
dead_heart\102121.jpg,dead_heart,4184
dead_heart\102131.jpg,dead_heart,4185
dead_heart\102132.jpg,dead_heart,4186
dead_heart\102134.jpg,dead_heart,5095
dead_heart\102141.jpg,dead_heart,4188
dead_heart\102142.jpg,dead_heart,4696
dead_heart\102145.jpg,dead_heart,4190
dead_heart\102149.jpg,dead_heart,4191
dead_heart\102154.jpg,dead_heart,4192
dead_heart\102155.jpg,dead_heart,4193
dead_heart\102162.jpg,dead_heart,4194
dead_heart\102163.jpg,dead_heart,4195
dead_heart\102170.jpg,dead_heart,4196
dead_heart\102184.jpg,dead_heart,4197
dead_heart\102201.jpg,dead_heart,4198
dead_heart\102207.jpg,dead_heart,4199
dead_heart\102210.jpg,dead_heart,4200
dead_heart\102216.jpg,dead_heart,4201
dead_heart\102221.jpg,dead_heart,4202
dead_heart\102225.jpg,dead_heart,4203
dead_heart\102229.jpg,dead_heart,4204
dead_heart\102230.jpg,dead_heart,4229
dead_heart\102234.jpg,dead_heart,5095
dead_heart\102239.jpg,dead_heart,4207
dead_heart\102254.jpg,dead_heart,4208
dead_heart\102277.jpg,dead_heart,4209
dead_heart\102280.jpg,dead_heart,4210
dead_heart\102306.jpg,dead_heart,4211
dead_heart\102307.jpg,dead_heart,4212
dead_heart\102309.jpg,dead_heart,4213
dead_heart\102312.jpg,dead_heart,4404
dead_heart\102318.jpg,dead_heart,4215
dead_heart\102319.jpg,dead_heart,4216
dead_heart\102328.jpg,dead_heart,4217
dead_heart\102329.jpg,dead_heart,4218
dead_heart\102339.jpg,dead_heart,4219
dead_heart\102343.jpg,dead_heart,4691
dead_heart\102351.jpg,dead_heart,4221
dead_heart\102356.jpg,dead_heart,5210
dead_heart\102360.jpg,dead_heart,4223
dead_heart\102363.jpg,dead_heart,4224
dead_heart\102368.jpg,dead_heart,4225
dead_heart\102371.jpg,dead_heart,4226
dead_heart\102376.jpg,dead_heart,4227
dead_heart\102383.jpg,dead_heart,4228
dead_heart\102388.jpg,dead_heart,4229
dead_heart\102404.jpg,dead_heart,4230
dead_heart\102406.jpg,dead_heart,4231
dead_heart\102413.jpg,dead_heart,4232
dead_heart\102414.jpg,dead_heart,4233
dead_heart\102418.jpg,dead_heart,4234
dead_heart\102439.jpg,dead_heart,4235
dead_heart\102454.jpg,dead_heart,4236
dead_heart\102460.jpg,dead_heart,4237
dead_heart\102490.jpg,dead_heart,4238
dead_heart\102499.jpg,dead_heart,4239
dead_heart\102513.jpg,dead_heart,4240
dead_heart\102520.jpg,dead_heart,4241
dead_heart\102529.jpg,dead_heart,4242
dead_heart\102536.jpg,dead_heart,4243
dead_heart\102547.jpg,dead_heart,4244
dead_heart\102549.jpg,dead_heart,4374
dead_heart\102556.jpg,dead_heart,4246
dead_heart\102569.jpg,dead_heart,4247
dead_heart\102574.jpg,dead_heart,5130
dead_heart\102575.jpg,dead_heart,4249
dead_heart\102579.jpg,dead_heart,4250
dead_heart\102587.jpg,dead_heart,4251
dead_heart\102590.jpg,dead_heart,4252
dead_heart\102595.jpg,dead_heart,4253
dead_heart\102603.jpg,dead_heart,4254
dead_heart\102606.jpg,dead_heart,4741
dead_heart\102623.jpg,dead_heart,4256
dead_heart\102629.jpg,dead_heart,4257
dead_heart\102631.jpg,dead_heart,5201
dead_heart\102654.jpg,dead_heart,5202
dead_heart\102660.jpg,dead_heart,4260
dead_heart\102666.jpg,dead_heart,5210
dead_heart\102673.jpg,dead_heart,4262
dead_heart\102702.jpg,dead_heart,4263
dead_heart\102710.jpg,dead_heart,4264
dead_heart\102716.jpg,dead_heart,4265
dead_heart\102722.jpg,dead_heart,4266
dead_heart\102727.jpg,dead_heart,4267
dead_heart\102735.jpg,dead_heart,4268
dead_heart\102736.jpg,dead_heart,4269
dead_heart\102737.jpg,dead_heart,4270
dead_heart\102742.jpg,dead_heart,4271
dead_heart\102750.jpg,dead_heart,4272
dead_heart\102759.jpg,dead_heart,4273
dead_heart\102792.jpg,dead_heart,4274
dead_heart\102794.jpg,dead_heart,4275
dead_heart\102795.jpg,dead_heart,4276
dead_heart\102796.jpg,dead_heart,4277
dead_heart\102800.jpg,dead_heart,4278
dead_heart\102819.jpg,dead_heart,4279
dead_heart\102830.jpg,dead_heart,4280
dead_heart\102834.jpg,dead_heart,4281
dead_heart\102844.jpg,dead_heart,4282
dead_heart\102870.jpg,dead_heart,4283
dead_heart\102872.jpg,dead_heart,4284
dead_heart\102876.jpg,dead_heart,4285
dead_heart\102891.jpg,dead_heart,4286
dead_heart\102905.jpg,dead_heart,4287
dead_heart\102908.jpg,dead_heart,4288
dead_heart\102912.jpg,dead_heart,4289
dead_heart\102914.jpg,dead_heart,4988
dead_heart\102916.jpg,dead_heart,4291
dead_heart\102926.jpg,dead_heart,4626
dead_heart\102944.jpg,dead_heart,4293
dead_heart\102945.jpg,dead_heart,4294
dead_heart\102953.jpg,dead_heart,4971
dead_heart\102987.jpg,dead_heart,4296
dead_heart\102997.jpg,dead_heart,5095
dead_heart\103001.jpg,dead_heart,4925
dead_heart\103003.jpg,dead_heart,4381
dead_heart\103007.jpg,dead_heart,4300
dead_heart\103026.jpg,dead_heart,4301
dead_heart\103027.jpg,dead_heart,4302
dead_heart\103047.jpg,dead_heart,4303
dead_heart\103057.jpg,dead_heart,4304
dead_heart\103063.jpg,dead_heart,4305
dead_heart\103066.jpg,dead_heart,4947
dead_heart\103072.jpg,dead_heart,5019
dead_heart\103078.jpg,dead_heart,4308
dead_heart\103090.jpg,dead_heart,4309
dead_heart\103092.jpg,dead_heart,4310
dead_heart\103141.jpg,dead_heart,4311
dead_heart\103145.jpg,dead_heart,4312
dead_heart\103180.jpg,dead_heart,4313
dead_heart\103183.jpg,dead_heart,4314
dead_heart\103184.jpg,dead_heart,4315
dead_heart\103186.jpg,dead_heart,4316
dead_heart\103195.jpg,dead_heart,4377
dead_heart\103196.jpg,dead_heart,4318
dead_heart\103197.jpg,dead_heart,4319
dead_heart\103198.jpg,dead_heart,4320
dead_heart\103200.jpg,dead_heart,4321
dead_heart\103201.jpg,dead_heart,4322
dead_heart\103208.jpg,dead_heart,4323
dead_heart\103215.jpg,dead_heart,4458
dead_heart\103219.jpg,dead_heart,4325
dead_heart\103245.jpg,dead_heart,4326
dead_heart\103253.jpg,dead_heart,4327
dead_heart\103257.jpg,dead_heart,4328
dead_heart\103263.jpg,dead_heart,4859
dead_heart\103266.jpg,dead_heart,4859
dead_heart\103268.jpg,dead_heart,4331
dead_heart\103287.jpg,dead_heart,4332
dead_heart\103288.jpg,dead_heart,4333
dead_heart\103299.jpg,dead_heart,4334
dead_heart\103329.jpg,dead_heart,4884
dead_heart\103330.jpg,dead_heart,4336
dead_heart\103347.jpg,dead_heart,4337
dead_heart\103349.jpg,dead_heart,4338
dead_heart\103362.jpg,dead_heart,4339
dead_heart\103363.jpg,dead_heart,4340
dead_heart\103377.jpg,dead_heart,4341
dead_heart\103388.jpg,dead_heart,4495
dead_heart\103398.jpg,dead_heart,4343
dead_heart\103405.jpg,dead_heart,4344
dead_heart\103407.jpg,dead_heart,4345
dead_heart\103408.jpg,dead_heart,4346
dead_heart\103412.jpg,dead_heart,4347
dead_heart\103422.jpg,dead_heart,4348
dead_heart\103427.jpg,dead_heart,4349
dead_heart\103428.jpg,dead_heart,4350
dead_heart\103429.jpg,dead_heart,4351
dead_heart\103434.jpg,dead_heart,4352
dead_heart\103437.jpg,dead_heart,4353
dead_heart\103441.jpg,dead_heart,5229
dead_heart\103444.jpg,dead_heart,4355
dead_heart\103454.jpg,dead_heart,4356
dead_heart\103463.jpg,dead_heart,5018
dead_heart\103465.jpg,dead_heart,4358
dead_heart\103472.jpg,dead_heart,5186
dead_heart\103474.jpg,dead_heart,4360
dead_heart\103475.jpg,dead_heart,4361
dead_heart\103488.jpg,dead_heart,4362
dead_heart\103503.jpg,dead_heart,4363
dead_heart\103512.jpg,dead_heart,4364
dead_heart\103523.jpg,dead_heart,4365
dead_heart\103524.jpg,dead_heart,4366
dead_heart\103541.jpg,dead_heart,4367
dead_heart\103544.jpg,dead_heart,4368
dead_heart\103546.jpg,dead_heart,4404
dead_heart\103547.jpg,dead_heart,4370
dead_heart\103553.jpg,dead_heart,4371
dead_heart\103559.jpg,dead_heart,4372
dead_heart\103574.jpg,dead_heart,5192
dead_heart\103575.jpg,dead_heart,4374
dead_heart\103580.jpg,dead_heart,4375
dead_heart\103581.jpg,dead_heart,5078
dead_heart\103591.jpg,dead_heart,4377
dead_heart\103597.jpg,dead_heart,4378
dead_heart\103607.jpg,dead_heart,5154
dead_heart\103608.jpg,dead_heart,4380
dead_heart\103613.jpg,dead_heart,4381
dead_heart\103624.jpg,dead_heart,4382
dead_heart\103647.jpg,dead_heart,4383
dead_heart\103649.jpg,dead_heart,4384
dead_heart\103657.jpg,dead_heart,4385
dead_heart\103665.jpg,dead_heart,4386
dead_heart\103681.jpg,dead_heart,4387
dead_heart\103684.jpg,dead_heart,4037
dead_heart\103689.jpg,dead_heart,4293
dead_heart\103691.jpg,dead_heart,4390
dead_heart\103697.jpg,dead_heart,4391
dead_heart\103698.jpg,dead_heart,4680
dead_heart\103699.jpg,dead_heart,4393
dead_heart\103705.jpg,dead_heart,4394
dead_heart\103708.jpg,dead_heart,4395
dead_heart\103709.jpg,dead_heart,4396
dead_heart\103712.jpg,dead_heart,4397
dead_heart\103717.jpg,dead_heart,4398
dead_heart\103720.jpg,dead_heart,4399
dead_heart\103727.jpg,dead_heart,4400
dead_heart\103730.jpg,dead_heart,4401
dead_heart\103732.jpg,dead_heart,4402
dead_heart\103737.jpg,dead_heart,4403
dead_heart\103738.jpg,dead_heart,4404
dead_heart\103753.jpg,dead_heart,4405
dead_heart\103761.jpg,dead_heart,4406
dead_heart\103771.jpg,dead_heart,4407
dead_heart\103773.jpg,dead_heart,4408
dead_heart\103779.jpg,dead_heart,4409
dead_heart\103783.jpg,dead_heart,4410
dead_heart\103789.jpg,dead_heart,4847
dead_heart\103802.jpg,dead_heart,4412
dead_heart\103820.jpg,dead_heart,4859
dead_heart\103832.jpg,dead_heart,4414
dead_heart\103833.jpg,dead_heart,4415
dead_heart\103836.jpg,dead_heart,4698
dead_heart\103851.jpg,dead_heart,4428
dead_heart\103852.jpg,dead_heart,4418
dead_heart\103864.jpg,dead_heart,5247
dead_heart\103866.jpg,dead_heart,4420
dead_heart\103873.jpg,dead_heart,4421
dead_heart\103881.jpg,dead_heart,4422
dead_heart\103885.jpg,dead_heart,4423
dead_heart\103899.jpg,dead_heart,4424
dead_heart\103913.jpg,dead_heart,4425
dead_heart\103927.jpg,dead_heart,4709
dead_heart\103957.jpg,dead_heart,5280
dead_heart\103963.jpg,dead_heart,4428
dead_heart\103969.jpg,dead_heart,4429
dead_heart\103979.jpg,dead_heart,4828
dead_heart\103999.jpg,dead_heart,5210
dead_heart\104007.jpg,dead_heart,4432
dead_heart\104008.jpg,dead_heart,4433
dead_heart\104009.jpg,dead_heart,4434
dead_heart\104023.jpg,dead_heart,4435
dead_heart\104036.jpg,dead_heart,4436
dead_heart\104042.jpg,dead_heart,4437
dead_heart\104046.jpg,dead_heart,4438
dead_heart\104049.jpg,dead_heart,4439
dead_heart\104057.jpg,dead_heart,4440
dead_heart\104071.jpg,dead_heart,4441
dead_heart\104076.jpg,dead_heart,4442
dead_heart\104080.jpg,dead_heart,4443
dead_heart\104088.jpg,dead_heart,4444
dead_heart\104091.jpg,dead_heart,4445
dead_heart\104105.jpg,dead_heart,4446
dead_heart\104112.jpg,dead_heart,4447
dead_heart\104113.jpg,dead_heart,4448
dead_heart\104122.jpg,dead_heart,4449
dead_heart\104131.jpg,dead_heart,4450
dead_heart\104141.jpg,dead_heart,4451
dead_heart\104147.jpg,dead_heart,4452
dead_heart\104150.jpg,dead_heart,4750
dead_heart\104174.jpg,dead_heart,4454
dead_heart\104186.jpg,dead_heart,4697
dead_heart\104188.jpg,dead_heart,5120
dead_heart\104189.jpg,dead_heart,4457
dead_heart\104196.jpg,dead_heart,4458
dead_heart\104205.jpg,dead_heart,4459
dead_heart\104206.jpg,dead_heart,4460
dead_heart\104209.jpg,dead_heart,4461
dead_heart\104210.jpg,dead_heart,4462
dead_heart\104217.jpg,dead_heart,4463
dead_heart\104228.jpg,dead_heart,4464
dead_heart\104230.jpg,dead_heart,4465
dead_heart\104235.jpg,dead_heart,4466
dead_heart\104239.jpg,dead_heart,4467
dead_heart\104251.jpg,dead_heart,4468
dead_heart\104259.jpg,dead_heart,4469
dead_heart\104263.jpg,dead_heart,4470
dead_heart\104275.jpg,dead_heart,4471
dead_heart\104276.jpg,dead_heart,5326
dead_heart\104278.jpg,dead_heart,4473
dead_heart\104283.jpg,dead_heart,4474
dead_heart\104292.jpg,dead_heart,4475
dead_heart\104299.jpg,dead_heart,4476
dead_heart\104308.jpg,dead_heart,4898
dead_heart\104311.jpg,dead_heart,4478
dead_heart\104317.jpg,dead_heart,4479
dead_heart\104325.jpg,dead_heart,4480
dead_heart\104327.jpg,dead_heart,5326
dead_heart\104328.jpg,dead_heart,4482
dead_heart\104330.jpg,dead_heart,4483
dead_heart\104334.jpg,dead_heart,4484
dead_heart\104339.jpg,dead_heart,4485
dead_heart\104355.jpg,dead_heart,4486
dead_heart\104363.jpg,dead_heart,4487
dead_heart\104383.jpg,dead_heart,4488
dead_heart\104387.jpg,dead_heart,4489
dead_heart\104399.jpg,dead_heart,5291
dead_heart\104404.jpg,dead_heart,4491
dead_heart\104408.jpg,dead_heart,4492
dead_heart\104412.jpg,dead_heart,4493
dead_heart\104417.jpg,dead_heart,4494
dead_heart\104420.jpg,dead_heart,4495
dead_heart\104425.jpg,dead_heart,4989
dead_heart\104437.jpg,dead_heart,4497
dead_heart\104445.jpg,dead_heart,4498
dead_heart\104455.jpg,dead_heart,4499
dead_heart\104470.jpg,dead_heart,4500
dead_heart\104472.jpg,dead_heart,4501
dead_heart\104473.jpg,dead_heart,5280
dead_heart\104478.jpg,dead_heart,4503
dead_heart\104485.jpg,dead_heart,4504
dead_heart\104502.jpg,dead_heart,4505
dead_heart\104514.jpg,dead_heart,4506
dead_heart\104515.jpg,dead_heart,4507
dead_heart\104517.jpg,dead_heart,4508
dead_heart\104523.jpg,dead_heart,4509
dead_heart\104536.jpg,dead_heart,4510
dead_heart\104540.jpg,dead_heart,4511
dead_heart\104548.jpg,dead_heart,4512
dead_heart\104573.jpg,dead_heart,4513
dead_heart\104607.jpg,dead_heart,4514
dead_heart\104608.jpg,dead_heart,4515
dead_heart\104609.jpg,dead_heart,4516
dead_heart\104615.jpg,dead_heart,4517
dead_heart\104616.jpg,dead_heart,4518
dead_heart\104628.jpg,dead_heart,4519
dead_heart\104646.jpg,dead_heart,4520
dead_heart\104649.jpg,dead_heart,4838
dead_heart\104659.jpg,dead_heart,4522
dead_heart\104660.jpg,dead_heart,4851
dead_heart\104664.jpg,dead_heart,4524
dead_heart\104673.jpg,dead_heart,4525
dead_heart\104688.jpg,dead_heart,4526
dead_heart\104698.jpg,dead_heart,4527
dead_heart\104707.jpg,dead_heart,4528
dead_heart\104718.jpg,dead_heart,4529
dead_heart\104721.jpg,dead_heart,4530
dead_heart\104731.jpg,dead_heart,4531
dead_heart\104740.jpg,dead_heart,4532
dead_heart\104742.jpg,dead_heart,4533
dead_heart\104743.jpg,dead_heart,4534
dead_heart\104744.jpg,dead_heart,4535
dead_heart\104754.jpg,dead_heart,4536
dead_heart\104764.jpg,dead_heart,4537
dead_heart\104777.jpg,dead_heart,5233
dead_heart\104782.jpg,dead_heart,4539
dead_heart\104794.jpg,dead_heart,4540
dead_heart\104804.jpg,dead_heart,4541
dead_heart\104831.jpg,dead_heart,4542
dead_heart\104836.jpg,dead_heart,4404
dead_heart\104844.jpg,dead_heart,4544
dead_heart\104845.jpg,dead_heart,4545
dead_heart\104847.jpg,dead_heart,4546
dead_heart\104866.jpg,dead_heart,4547
dead_heart\104868.jpg,dead_heart,4548
dead_heart\104878.jpg,dead_heart,4549
dead_heart\104892.jpg,dead_heart,4550
dead_heart\104898.jpg,dead_heart,4551
dead_heart\104902.jpg,dead_heart,4552
dead_heart\104903.jpg,dead_heart,4553
dead_heart\104904.jpg,dead_heart,4554
dead_heart\104908.jpg,dead_heart,4555
dead_heart\104916.jpg,dead_heart,4556
dead_heart\104920.jpg,dead_heart,4557
dead_heart\104938.jpg,dead_heart,4558
dead_heart\104941.jpg,dead_heart,4559
dead_heart\104948.jpg,dead_heart,4560
dead_heart\104956.jpg,dead_heart,5326
dead_heart\104957.jpg,dead_heart,4830
dead_heart\104974.jpg,dead_heart,4855
dead_heart\104991.jpg,dead_heart,4564
dead_heart\104994.jpg,dead_heart,4565
dead_heart\104999.jpg,dead_heart,4595
dead_heart\105002.jpg,dead_heart,4567
dead_heart\105010.jpg,dead_heart,4568
dead_heart\105015.jpg,dead_heart,4569
dead_heart\105017.jpg,dead_heart,4570
dead_heart\105022.jpg,dead_heart,4571
dead_heart\105026.jpg,dead_heart,4572
dead_heart\105036.jpg,dead_heart,4573
dead_heart\105041.jpg,dead_heart,4574
dead_heart\105044.jpg,dead_heart,4575
dead_heart\105047.jpg,dead_heart,4576
dead_heart\105048.jpg,dead_heart,4577
dead_heart\105049.jpg,dead_heart,4578
dead_heart\105052.jpg,dead_heart,4579
dead_heart\105062.jpg,dead_heart,4580
dead_heart\105066.jpg,dead_heart,4581
dead_heart\105070.jpg,dead_heart,4582
dead_heart\105071.jpg,dead_heart,4583
dead_heart\105074.jpg,dead_heart,4584
dead_heart\105079.jpg,dead_heart,4585
dead_heart\105082.jpg,dead_heart,4404
dead_heart\105085.jpg,dead_heart,4587
dead_heart\105086.jpg,dead_heart,4588
dead_heart\105088.jpg,dead_heart,4589
dead_heart\105091.jpg,dead_heart,4590
dead_heart\105093.jpg,dead_heart,4591
dead_heart\105107.jpg,dead_heart,5095
dead_heart\105111.jpg,dead_heart,4593
dead_heart\105113.jpg,dead_heart,4594
dead_heart\105120.jpg,dead_heart,4595
dead_heart\105121.jpg,dead_heart,4596
dead_heart\105128.jpg,dead_heart,4597
dead_heart\105138.jpg,dead_heart,4598
dead_heart\105139.jpg,dead_heart,4599
dead_heart\105158.jpg,dead_heart,4600
dead_heart\105159.jpg,dead_heart,4601
dead_heart\105165.jpg,dead_heart,4865
dead_heart\105187.jpg,dead_heart,4603
dead_heart\105195.jpg,dead_heart,4604
dead_heart\105198.jpg,dead_heart,4605
dead_heart\105210.jpg,dead_heart,4606
dead_heart\105218.jpg,dead_heart,5121
dead_heart\105229.jpg,dead_heart,4608
dead_heart\105232.jpg,dead_heart,4609
dead_heart\105235.jpg,dead_heart,4610
dead_heart\105240.jpg,dead_heart,4611
dead_heart\105251.jpg,dead_heart,4612
dead_heart\105260.jpg,dead_heart,4613
dead_heart\105261.jpg,dead_heart,4614
dead_heart\105271.jpg,dead_heart,4650
dead_heart\105287.jpg,dead_heart,4616
dead_heart\105298.jpg,dead_heart,4617
dead_heart\105304.jpg,dead_heart,4618
dead_heart\105332.jpg,dead_heart,4619
dead_heart\105345.jpg,dead_heart,4620
dead_heart\105349.jpg,dead_heart,4621
dead_heart\105359.jpg,dead_heart,4622
dead_heart\105366.jpg,dead_heart,4623
dead_heart\105371.jpg,dead_heart,4624
dead_heart\105389.jpg,dead_heart,4625
dead_heart\105404.jpg,dead_heart,4626
dead_heart\105428.jpg,dead_heart,4627
dead_heart\105435.jpg,dead_heart,4628
dead_heart\105440.jpg,dead_heart,4629
dead_heart\105453.jpg,dead_heart,4630
dead_heart\105476.jpg,dead_heart,4631
dead_heart\105481.jpg,dead_heart,4714
dead_heart\105482.jpg,dead_heart,4633
dead_heart\105483.jpg,dead_heart,4634
dead_heart\105489.jpg,dead_heart,4635
dead_heart\105502.jpg,dead_heart,4636
dead_heart\105504.jpg,dead_heart,5121
dead_heart\105513.jpg,dead_heart,4638
dead_heart\105525.jpg,dead_heart,4639
dead_heart\105527.jpg,dead_heart,4640
dead_heart\105530.jpg,dead_heart,4641
dead_heart\105536.jpg,dead_heart,4642
dead_heart\105543.jpg,dead_heart,4643
dead_heart\105547.jpg,dead_heart,4644
dead_heart\105549.jpg,dead_heart,4859
dead_heart\105554.jpg,dead_heart,4646
dead_heart\105556.jpg,dead_heart,4647
dead_heart\105568.jpg,dead_heart,4648
dead_heart\105572.jpg,dead_heart,4832
dead_heart\105574.jpg,dead_heart,4650
dead_heart\105594.jpg,dead_heart,4651
dead_heart\105597.jpg,dead_heart,4652
dead_heart\105598.jpg,dead_heart,4653
dead_heart\105612.jpg,dead_heart,4654
dead_heart\105625.jpg,dead_heart,4655
dead_heart\105628.jpg,dead_heart,4656
dead_heart\105640.jpg,dead_heart,4657
dead_heart\105642.jpg,dead_heart,4658
dead_heart\105644.jpg,dead_heart,4659
dead_heart\105645.jpg,dead_heart,5201
dead_heart\105651.jpg,dead_heart,4661
dead_heart\105656.jpg,dead_heart,5095
dead_heart\105667.jpg,dead_heart,4971
dead_heart\105678.jpg,dead_heart,4664
dead_heart\105681.jpg,dead_heart,4665
dead_heart\105685.jpg,dead_heart,4666
dead_heart\105686.jpg,dead_heart,4667
dead_heart\105699.jpg,dead_heart,4668
dead_heart\105713.jpg,dead_heart,4920
dead_heart\105719.jpg,dead_heart,4741
dead_heart\105720.jpg,dead_heart,4671
dead_heart\105734.jpg,dead_heart,4672
dead_heart\105743.jpg,dead_heart,4673
dead_heart\105754.jpg,dead_heart,4674
dead_heart\105759.jpg,dead_heart,4675
dead_heart\105767.jpg,dead_heart,4676
dead_heart\105768.jpg,dead_heart,4677
dead_heart\105773.jpg,dead_heart,4678
dead_heart\105784.jpg,dead_heart,4679
dead_heart\105789.jpg,dead_heart,4680
dead_heart\105819.jpg,dead_heart,4681
dead_heart\105820.jpg,dead_heart,4682
dead_heart\105824.jpg,dead_heart,4683
dead_heart\105874.jpg,dead_heart,4684
dead_heart\105884.jpg,dead_heart,5326
dead_heart\105887.jpg,dead_heart,4686
dead_heart\105891.jpg,dead_heart,4687
dead_heart\105895.jpg,dead_heart,5018
dead_heart\105931.jpg,dead_heart,4689
dead_heart\105941.jpg,dead_heart,4690
dead_heart\105946.jpg,dead_heart,4691
dead_heart\105947.jpg,dead_heart,4692
dead_heart\105955.jpg,dead_heart,5326
dead_heart\105956.jpg,dead_heart,4694
dead_heart\105961.jpg,dead_heart,4695
dead_heart\105972.jpg,dead_heart,4696
dead_heart\105978.jpg,dead_heart,4697
dead_heart\105980.jpg,dead_heart,4698
dead_heart\105981.jpg,dead_heart,4699
dead_heart\105983.jpg,dead_heart,4700
dead_heart\105988.jpg,dead_heart,4701
dead_heart\105996.jpg,dead_heart,4702
dead_heart\105997.jpg,dead_heart,4703
dead_heart\105998.jpg,dead_heart,4704
dead_heart\106002.jpg,dead_heart,4518
dead_heart\106007.jpg,dead_heart,4706
dead_heart\106010.jpg,dead_heart,4707
dead_heart\106038.jpg,dead_heart,4708
dead_heart\106052.jpg,dead_heart,4709
dead_heart\106062.jpg,dead_heart,5277
dead_heart\106066.jpg,dead_heart,4711
dead_heart\106070.jpg,dead_heart,4712
dead_heart\106075.jpg,dead_heart,5095
dead_heart\106082.jpg,dead_heart,4714
dead_heart\106100.jpg,dead_heart,4715
dead_heart\106105.jpg,dead_heart,4716
dead_heart\106110.jpg,dead_heart,4752
dead_heart\106113.jpg,dead_heart,4718
dead_heart\106121.jpg,dead_heart,4719
dead_heart\106122.jpg,dead_heart,4876
dead_heart\106124.jpg,dead_heart,4721
dead_heart\106126.jpg,dead_heart,4859
dead_heart\106145.jpg,dead_heart,4723
dead_heart\106154.jpg,dead_heart,4724
dead_heart\106155.jpg,dead_heart,4725
dead_heart\106164.jpg,dead_heart,5121
dead_heart\106173.jpg,dead_heart,4727
dead_heart\106179.jpg,dead_heart,4728
dead_heart\106184.jpg,dead_heart,4729
dead_heart\106190.jpg,dead_heart,4730
dead_heart\106191.jpg,dead_heart,4731
dead_heart\106201.jpg,dead_heart,5170
dead_heart\106207.jpg,dead_heart,4733
dead_heart\106209.jpg,dead_heart,4734
dead_heart\106216.jpg,dead_heart,5088
dead_heart\106222.jpg,dead_heart,4736
dead_heart\106226.jpg,dead_heart,4737
dead_heart\106228.jpg,dead_heart,4738
dead_heart\106241.jpg,dead_heart,4739
dead_heart\106243.jpg,dead_heart,4740
dead_heart\106246.jpg,dead_heart,4741
dead_heart\106256.jpg,dead_heart,4792
dead_heart\106279.jpg,dead_heart,4743
dead_heart\106284.jpg,dead_heart,4744
dead_heart\106293.jpg,dead_heart,4745
dead_heart\106310.jpg,dead_heart,4746
dead_heart\106313.jpg,dead_heart,4747
dead_heart\106331.jpg,dead_heart,4748
dead_heart\106334.jpg,dead_heart,4749
dead_heart\106346.jpg,dead_heart,4750
dead_heart\106365.jpg,dead_heart,4751
dead_heart\106368.jpg,dead_heart,4752
dead_heart\106369.jpg,dead_heart,5078
dead_heart\106376.jpg,dead_heart,4754
dead_heart\106411.jpg,dead_heart,4755
dead_heart\106432.jpg,dead_heart,4756
dead_heart\106434.jpg,dead_heart,4757
dead_heart\106437.jpg,dead_heart,4758
dead_heart\106458.jpg,dead_heart,4759
dead_heart\106468.jpg,dead_heart,4760
dead_heart\106481.jpg,dead_heart,5279
dead_heart\106488.jpg,dead_heart,4762
dead_heart\106511.jpg,dead_heart,4763
dead_heart\106541.jpg,dead_heart,4764
dead_heart\106553.jpg,dead_heart,4765
dead_heart\106555.jpg,dead_heart,4766
dead_heart\106565.jpg,dead_heart,4767
dead_heart\106573.jpg,dead_heart,4768
dead_heart\106577.jpg,dead_heart,5157
dead_heart\106588.jpg,dead_heart,4770
dead_heart\106592.jpg,dead_heart,4954
dead_heart\106597.jpg,dead_heart,4772
dead_heart\106598.jpg,dead_heart,4773
dead_heart\106623.jpg,dead_heart,4813
dead_heart\106633.jpg,dead_heart,4775
dead_heart\106642.jpg,dead_heart,4776
dead_heart\106647.jpg,dead_heart,4777
dead_heart\106648.jpg,dead_heart,4778
dead_heart\106664.jpg,dead_heart,4779
dead_heart\106666.jpg,dead_heart,4780
dead_heart\106668.jpg,dead_heart,4781
dead_heart\106687.jpg,dead_heart,4782
dead_heart\106702.jpg,dead_heart,4783
dead_heart\106712.jpg,dead_heart,4784
dead_heart\106720.jpg,dead_heart,5154
dead_heart\106721.jpg,dead_heart,4786
dead_heart\106729.jpg,dead_heart,4787
dead_heart\106731.jpg,dead_heart,4969
dead_heart\106733.jpg,dead_heart,4789
dead_heart\106736.jpg,dead_heart,4790
dead_heart\106753.jpg,dead_heart,4791
dead_heart\106756.jpg,dead_heart,4792
dead_heart\106757.jpg,dead_heart,4793
dead_heart\106762.jpg,dead_heart,4794
dead_heart\106771.jpg,dead_heart,4795
dead_heart\106783.jpg,dead_heart,4796
dead_heart\106786.jpg,dead_heart,4797
dead_heart\106790.jpg,dead_heart,4798
dead_heart\106793.jpg,dead_heart,4799
dead_heart\106797.jpg,dead_heart,4800
dead_heart\106804.jpg,dead_heart,4801
dead_heart\106815.jpg,dead_heart,4802
dead_heart\106822.jpg,dead_heart,4803
dead_heart\106824.jpg,dead_heart,4804
dead_heart\106829.jpg,dead_heart,4805
dead_heart\106836.jpg,dead_heart,4806
dead_heart\106838.jpg,dead_heart,4807
dead_heart\106855.jpg,dead_heart,4808
dead_heart\106864.jpg,dead_heart,4809
dead_heart\106873.jpg,dead_heart,5034
dead_heart\106882.jpg,dead_heart,4811
dead_heart\106886.jpg,dead_heart,4812
dead_heart\106895.jpg,dead_heart,4813
dead_heart\106901.jpg,dead_heart,4814
dead_heart\106919.jpg,dead_heart,4815
dead_heart\106924.jpg,dead_heart,4884
dead_heart\106925.jpg,dead_heart,4989
dead_heart\106929.jpg,dead_heart,4818
dead_heart\106930.jpg,dead_heart,4404
dead_heart\106935.jpg,dead_heart,4820
dead_heart\106937.jpg,dead_heart,4821
dead_heart\106942.jpg,dead_heart,4822
dead_heart\106946.jpg,dead_heart,4823
dead_heart\106955.jpg,dead_heart,4824
dead_heart\106971.jpg,dead_heart,4825
dead_heart\106975.jpg,dead_heart,4518
dead_heart\106990.jpg,dead_heart,4827
dead_heart\106994.jpg,dead_heart,4828
dead_heart\106995.jpg,dead_heart,4829
dead_heart\107011.jpg,dead_heart,4830
dead_heart\107012.jpg,dead_heart,4831
dead_heart\107016.jpg,dead_heart,4832
dead_heart\107018.jpg,dead_heart,4833
dead_heart\107023.jpg,dead_heart,4834
dead_heart\107024.jpg,dead_heart,4835
dead_heart\107025.jpg,dead_heart,4836
dead_heart\107044.jpg,dead_heart,4837
dead_heart\107047.jpg,dead_heart,4838
dead_heart\107048.jpg,dead_heart,4839
dead_heart\107052.jpg,dead_heart,4840
dead_heart\107058.jpg,dead_heart,4841
dead_heart\107061.jpg,dead_heart,5291
dead_heart\107063.jpg,dead_heart,4843
dead_heart\107070.jpg,dead_heart,4844
dead_heart\107071.jpg,dead_heart,4845
dead_heart\107074.jpg,dead_heart,4846
dead_heart\107077.jpg,dead_heart,4847
dead_heart\107081.jpg,dead_heart,5154
dead_heart\107083.jpg,dead_heart,4849
dead_heart\107095.jpg,dead_heart,5277
dead_heart\107100.jpg,dead_heart,4851
dead_heart\107101.jpg,dead_heart,4852
dead_heart\107105.jpg,dead_heart,4853
dead_heart\107106.jpg,dead_heart,4854
dead_heart\107110.jpg,dead_heart,4855
dead_heart\107117.jpg,dead_heart,4856
dead_heart\107124.jpg,dead_heart,5050
dead_heart\107127.jpg,dead_heart,4858
dead_heart\107129.jpg,dead_heart,4859
dead_heart\107141.jpg,dead_heart,4860
dead_heart\107144.jpg,dead_heart,4861
dead_heart\107146.jpg,dead_heart,5095
dead_heart\107155.jpg,dead_heart,4863
dead_heart\107158.jpg,dead_heart,4864
dead_heart\107160.jpg,dead_heart,4865
dead_heart\107180.jpg,dead_heart,4866
dead_heart\107185.jpg,dead_heart,4867
dead_heart\107186.jpg,dead_heart,4868
dead_heart\107187.jpg,dead_heart,4869
dead_heart\107198.jpg,dead_heart,5115
dead_heart\107206.jpg,dead_heart,4871
dead_heart\107209.jpg,dead_heart,4872
dead_heart\107210.jpg,dead_heart,4873
dead_heart\107231.jpg,dead_heart,4874
dead_heart\107232.jpg,dead_heart,4875
dead_heart\107261.jpg,dead_heart,4876
dead_heart\107266.jpg,dead_heart,4877
dead_heart\107271.jpg,dead_heart,4878
dead_heart\107298.jpg,dead_heart,4879
dead_heart\107302.jpg,dead_heart,4880
dead_heart\107311.jpg,dead_heart,5287
dead_heart\107312.jpg,dead_heart,4882
dead_heart\107329.jpg,dead_heart,4883
dead_heart\107336.jpg,dead_heart,4884
dead_heart\107338.jpg,dead_heart,4885
dead_heart\107348.jpg,dead_heart,4886
dead_heart\107351.jpg,dead_heart,4887
dead_heart\107360.jpg,dead_heart,4888
dead_heart\107363.jpg,dead_heart,4889
dead_heart\107365.jpg,dead_heart,4890
dead_heart\107366.jpg,dead_heart,4891
dead_heart\107367.jpg,dead_heart,4859
dead_heart\107400.jpg,dead_heart,4893
dead_heart\107417.jpg,dead_heart,4897
dead_heart\107419.jpg,dead_heart,4895
dead_heart\107427.jpg,dead_heart,4896
dead_heart\107431.jpg,dead_heart,4897
dead_heart\107435.jpg,dead_heart,4898
dead_heart\107436.jpg,dead_heart,4899
dead_heart\107437.jpg,dead_heart,4900
dead_heart\107447.jpg,dead_heart,4901
dead_heart\107448.jpg,dead_heart,4902
dead_heart\107452.jpg,dead_heart,4404
dead_heart\107455.jpg,dead_heart,4904
dead_heart\107463.jpg,dead_heart,4905
dead_heart\107473.jpg,dead_heart,4906
dead_heart\107483.jpg,dead_heart,4907
dead_heart\107484.jpg,dead_heart,4908
dead_heart\107496.jpg,dead_heart,5121
dead_heart\107499.jpg,dead_heart,4910
dead_heart\107504.jpg,dead_heart,4911
dead_heart\107512.jpg,dead_heart,4912
dead_heart\107514.jpg,dead_heart,4913
dead_heart\107516.jpg,dead_heart,4914
dead_heart\107526.jpg,dead_heart,5000
dead_heart\107540.jpg,dead_heart,4916
dead_heart\107541.jpg,dead_heart,4917
dead_heart\107548.jpg,dead_heart,4918
dead_heart\107550.jpg,dead_heart,4919
dead_heart\107555.jpg,dead_heart,4920
dead_heart\107559.jpg,dead_heart,4921
dead_heart\107560.jpg,dead_heart,4922
dead_heart\107561.jpg,dead_heart,4923
dead_heart\107566.jpg,dead_heart,4924
dead_heart\107569.jpg,dead_heart,4925
dead_heart\107579.jpg,dead_heart,5277
dead_heart\107580.jpg,dead_heart,4927
dead_heart\107610.jpg,dead_heart,4928
dead_heart\107621.jpg,dead_heart,4929
dead_heart\107623.jpg,dead_heart,4930
dead_heart\107629.jpg,dead_heart,4931
dead_heart\107635.jpg,dead_heart,4932
dead_heart\107639.jpg,dead_heart,4933
dead_heart\107656.jpg,dead_heart,4934
dead_heart\107657.jpg,dead_heart,4935
dead_heart\107660.jpg,dead_heart,4936
dead_heart\107670.jpg,dead_heart,4937
dead_heart\107679.jpg,dead_heart,4938
dead_heart\107707.jpg,dead_heart,4939
dead_heart\107718.jpg,dead_heart,4940
dead_heart\107722.jpg,dead_heart,4941
dead_heart\107735.jpg,dead_heart,5298
dead_heart\107744.jpg,dead_heart,5262
dead_heart\107747.jpg,dead_heart,4944
dead_heart\107751.jpg,dead_heart,4945
dead_heart\107752.jpg,dead_heart,4946
dead_heart\107755.jpg,dead_heart,4947
dead_heart\107756.jpg,dead_heart,4948
dead_heart\107759.jpg,dead_heart,4949
dead_heart\107763.jpg,dead_heart,4950
dead_heart\107771.jpg,dead_heart,4951
dead_heart\107784.jpg,dead_heart,4952
dead_heart\107786.jpg,dead_heart,4953
dead_heart\107788.jpg,dead_heart,4954
dead_heart\107789.jpg,dead_heart,4955
dead_heart\107809.jpg,dead_heart,4956
dead_heart\107826.jpg,dead_heart,4957
dead_heart\107827.jpg,dead_heart,4958
dead_heart\107833.jpg,dead_heart,4959
dead_heart\107835.jpg,dead_heart,4960
dead_heart\107837.jpg,dead_heart,4961
dead_heart\107850.jpg,dead_heart,4962
dead_heart\107864.jpg,dead_heart,4963
dead_heart\107868.jpg,dead_heart,4964
dead_heart\107876.jpg,dead_heart,4965
dead_heart\107879.jpg,dead_heart,4966
dead_heart\107886.jpg,dead_heart,5254
dead_heart\107890.jpg,dead_heart,4968
dead_heart\107903.jpg,dead_heart,4969
dead_heart\107920.jpg,dead_heart,4970
dead_heart\107929.jpg,dead_heart,4971
dead_heart\107936.jpg,dead_heart,4972
dead_heart\107939.jpg,dead_heart,4973
dead_heart\107946.jpg,dead_heart,4974
dead_heart\107973.jpg,dead_heart,4975
dead_heart\107976.jpg,dead_heart,4976
dead_heart\107991.jpg,dead_heart,4977
dead_heart\107993.jpg,dead_heart,4978
dead_heart\108001.jpg,dead_heart,4979
dead_heart\108009.jpg,dead_heart,4980
dead_heart\108017.jpg,dead_heart,4981
dead_heart\108020.jpg,dead_heart,4982
dead_heart\108033.jpg,dead_heart,4983
dead_heart\108036.jpg,dead_heart,5278
dead_heart\108037.jpg,dead_heart,5101
dead_heart\108038.jpg,dead_heart,4986
dead_heart\108047.jpg,dead_heart,4987
dead_heart\108048.jpg,dead_heart,4988
dead_heart\108054.jpg,dead_heart,4989
dead_heart\108063.jpg,dead_heart,4990
dead_heart\108067.jpg,dead_heart,4991
dead_heart\108069.jpg,dead_heart,4992
dead_heart\108074.jpg,dead_heart,4993
dead_heart\108079.jpg,dead_heart,4994
dead_heart\108082.jpg,dead_heart,4995
dead_heart\108084.jpg,dead_heart,4996
dead_heart\108088.jpg,dead_heart,4518
dead_heart\108092.jpg,dead_heart,5095
dead_heart\108093.jpg,dead_heart,4999
dead_heart\108094.jpg,dead_heart,5000
dead_heart\108104.jpg,dead_heart,5001
dead_heart\108108.jpg,dead_heart,5002
dead_heart\108112.jpg,dead_heart,5003
dead_heart\108121.jpg,dead_heart,5004
dead_heart\108123.jpg,dead_heart,4428
dead_heart\108126.jpg,dead_heart,5311
dead_heart\108133.jpg,dead_heart,5007
dead_heart\108146.jpg,dead_heart,5008
dead_heart\108148.jpg,dead_heart,5009
dead_heart\108152.jpg,dead_heart,5010
dead_heart\108153.jpg,dead_heart,5011
dead_heart\108162.jpg,dead_heart,5012
dead_heart\108164.jpg,dead_heart,5013
dead_heart\108176.jpg,dead_heart,5014
dead_heart\108193.jpg,dead_heart,5015
dead_heart\108203.jpg,dead_heart,5016
dead_heart\108209.jpg,dead_heart,5017
dead_heart\108210.jpg,dead_heart,5018
dead_heart\108227.jpg,dead_heart,5019
dead_heart\108238.jpg,dead_heart,5020
dead_heart\108248.jpg,dead_heart,5021
dead_heart\108250.jpg,dead_heart,5022
dead_heart\108254.jpg,dead_heart,5023
dead_heart\108259.jpg,dead_heart,5024
dead_heart\108262.jpg,dead_heart,5025
dead_heart\108270.jpg,dead_heart,5026
dead_heart\108271.jpg,dead_heart,5027
dead_heart\108276.jpg,dead_heart,5028
dead_heart\108296.jpg,dead_heart,5029
dead_heart\108302.jpg,dead_heart,4518
dead_heart\108307.jpg,dead_heart,5031
dead_heart\108324.jpg,dead_heart,5032
dead_heart\108326.jpg,dead_heart,4989
dead_heart\108327.jpg,dead_heart,5034
dead_heart\108336.jpg,dead_heart,5035
dead_heart\108344.jpg,dead_heart,5036
dead_heart\108345.jpg,dead_heart,5037
dead_heart\108367.jpg,dead_heart,5038
dead_heart\108368.jpg,dead_heart,5039
dead_heart\108377.jpg,dead_heart,5040
dead_heart\108379.jpg,dead_heart,5041
dead_heart\108397.jpg,dead_heart,5042
dead_heart\108400.jpg,dead_heart,5043
dead_heart\108404.jpg,dead_heart,5044
dead_heart\108412.jpg,dead_heart,5045
dead_heart\108424.jpg,dead_heart,5046
dead_heart\108446.jpg,dead_heart,5047
dead_heart\108454.jpg,dead_heart,4971
dead_heart\108460.jpg,dead_heart,5049
dead_heart\108461.jpg,dead_heart,5050
dead_heart\108463.jpg,dead_heart,5051
dead_heart\108468.jpg,dead_heart,5052
dead_heart\108496.jpg,dead_heart,5053
dead_heart\108504.jpg,dead_heart,5054
dead_heart\108505.jpg,dead_heart,5055
dead_heart\108511.jpg,dead_heart,5056
dead_heart\108517.jpg,dead_heart,5057
dead_heart\108524.jpg,dead_heart,5058
dead_heart\108537.jpg,dead_heart,5059
dead_heart\108540.jpg,dead_heart,4404
dead_heart\108559.jpg,dead_heart,5298
dead_heart\108578.jpg,dead_heart,5062
dead_heart\108584.jpg,dead_heart,5063
dead_heart\108590.jpg,dead_heart,4037
dead_heart\108592.jpg,dead_heart,5065
dead_heart\108597.jpg,dead_heart,5066
dead_heart\108600.jpg,dead_heart,5272
dead_heart\108608.jpg,dead_heart,4495
dead_heart\108610.jpg,dead_heart,5069
dead_heart\108613.jpg,dead_heart,4859
dead_heart\108618.jpg,dead_heart,5071
dead_heart\108621.jpg,dead_heart,5072
dead_heart\108622.jpg,dead_heart,5073
dead_heart\108624.jpg,dead_heart,5074
dead_heart\108632.jpg,dead_heart,5075
dead_heart\108633.jpg,dead_heart,5076
dead_heart\108637.jpg,dead_heart,4859
dead_heart\108644.jpg,dead_heart,5078
dead_heart\108646.jpg,dead_heart,5262
dead_heart\108660.jpg,dead_heart,5080
dead_heart\108675.jpg,dead_heart,5081
dead_heart\108681.jpg,dead_heart,5082
dead_heart\108686.jpg,dead_heart,5083
dead_heart\108695.jpg,dead_heart,5084
dead_heart\108710.jpg,dead_heart,5085
dead_heart\108711.jpg,dead_heart,5086
dead_heart\108720.jpg,dead_heart,5087
dead_heart\108723.jpg,dead_heart,5088
dead_heart\108733.jpg,dead_heart,5089
dead_heart\108735.jpg,dead_heart,5090
dead_heart\108736.jpg,dead_heart,5091
dead_heart\108740.jpg,dead_heart,5092
dead_heart\108741.jpg,dead_heart,5093
dead_heart\108752.jpg,dead_heart,5094
dead_heart\108754.jpg,dead_heart,5095
dead_heart\108757.jpg,dead_heart,5096
dead_heart\108760.jpg,dead_heart,5097
dead_heart\108764.jpg,dead_heart,5098
dead_heart\108781.jpg,dead_heart,5099
dead_heart\108784.jpg,dead_heart,5100
dead_heart\108787.jpg,dead_heart,5101
dead_heart\108800.jpg,dead_heart,5102
dead_heart\108811.jpg,dead_heart,5260
dead_heart\108815.jpg,dead_heart,5104
dead_heart\108819.jpg,dead_heart,5105
dead_heart\108822.jpg,dead_heart,5106
dead_heart\108826.jpg,dead_heart,4971
dead_heart\108829.jpg,dead_heart,5108
dead_heart\108859.jpg,dead_heart,5109
dead_heart\108860.jpg,dead_heart,5110
dead_heart\108863.jpg,dead_heart,5111
dead_heart\108870.jpg,dead_heart,5291
dead_heart\108874.jpg,dead_heart,5201
dead_heart\108886.jpg,dead_heart,5114
dead_heart\108896.jpg,dead_heart,5115
dead_heart\108899.jpg,dead_heart,5116
dead_heart\108900.jpg,dead_heart,5117
dead_heart\108901.jpg,dead_heart,5210
dead_heart\108904.jpg,dead_heart,5119
dead_heart\108905.jpg,dead_heart,5120
dead_heart\108908.jpg,dead_heart,5121
dead_heart\108915.jpg,dead_heart,5122
dead_heart\108916.jpg,dead_heart,5123
dead_heart\108934.jpg,dead_heart,5124
dead_heart\108937.jpg,dead_heart,5125
dead_heart\108945.jpg,dead_heart,5126
dead_heart\108952.jpg,dead_heart,5127
dead_heart\108961.jpg,dead_heart,5128
dead_heart\108962.jpg,dead_heart,5129
dead_heart\108972.jpg,dead_heart,5130
dead_heart\108986.jpg,dead_heart,5131
dead_heart\108988.jpg,dead_heart,5132
dead_heart\108996.jpg,dead_heart,5133
dead_heart\109007.jpg,dead_heart,5134
dead_heart\109010.jpg,dead_heart,5135
dead_heart\109015.jpg,dead_heart,5136
dead_heart\109027.jpg,dead_heart,5137
dead_heart\109029.jpg,dead_heart,5138
dead_heart\109032.jpg,dead_heart,5139
dead_heart\109034.jpg,dead_heart,5140
dead_heart\109057.jpg,dead_heart,4884
dead_heart\109062.jpg,dead_heart,5142
dead_heart\109072.jpg,dead_heart,5143
dead_heart\109093.jpg,dead_heart,5144
dead_heart\109097.jpg,dead_heart,5145
dead_heart\109099.jpg,dead_heart,5146
dead_heart\109105.jpg,dead_heart,5210
dead_heart\109111.jpg,dead_heart,5148
dead_heart\109119.jpg,dead_heart,5149
dead_heart\109120.jpg,dead_heart,5150
dead_heart\109125.jpg,dead_heart,5151
dead_heart\109126.jpg,dead_heart,5152
dead_heart\109129.jpg,dead_heart,5153
dead_heart\109133.jpg,dead_heart,5154
dead_heart\109135.jpg,dead_heart,5155
dead_heart\109145.jpg,dead_heart,5156
dead_heart\109146.jpg,dead_heart,5157
dead_heart\109152.jpg,dead_heart,5158
dead_heart\109172.jpg,dead_heart,5159
dead_heart\109174.jpg,dead_heart,5201
dead_heart\109180.jpg,dead_heart,5161
dead_heart\109184.jpg,dead_heart,5162
dead_heart\109198.jpg,dead_heart,5163
dead_heart\109203.jpg,dead_heart,5164
dead_heart\109205.jpg,dead_heart,5165
dead_heart\109207.jpg,dead_heart,5166
dead_heart\109215.jpg,dead_heart,5167
dead_heart\109217.jpg,dead_heart,5168
dead_heart\109221.jpg,dead_heart,5169
dead_heart\109238.jpg,dead_heart,5170
dead_heart\109239.jpg,dead_heart,5171
dead_heart\109241.jpg,dead_heart,5202
dead_heart\109242.jpg,dead_heart,5173
dead_heart\109245.jpg,dead_heart,5174
dead_heart\109255.jpg,dead_heart,5175
dead_heart\109272.jpg,dead_heart,5176
dead_heart\109274.jpg,dead_heart,5177
dead_heart\109280.jpg,dead_heart,5178
dead_heart\109282.jpg,dead_heart,5179
dead_heart\109290.jpg,dead_heart,5180
dead_heart\109300.jpg,dead_heart,5181
dead_heart\109303.jpg,dead_heart,5182
dead_heart\109309.jpg,dead_heart,5183
dead_heart\109310.jpg,dead_heart,5184
dead_heart\109318.jpg,dead_heart,5185
dead_heart\109329.jpg,dead_heart,5186
dead_heart\109334.jpg,dead_heart,5187
dead_heart\109338.jpg,dead_heart,5188
dead_heart\109343.jpg,dead_heart,5189
dead_heart\109349.jpg,dead_heart,5190
dead_heart\109351.jpg,dead_heart,5191
dead_heart\109357.jpg,dead_heart,5192
dead_heart\109361.jpg,dead_heart,5193
dead_heart\109367.jpg,dead_heart,5194
dead_heart\109381.jpg,dead_heart,5195
dead_heart\109395.jpg,dead_heart,5196
dead_heart\109399.jpg,dead_heart,5197
dead_heart\109409.jpg,dead_heart,4859
dead_heart\109414.jpg,dead_heart,5199
dead_heart\109424.jpg,dead_heart,5200
dead_heart\109427.jpg,dead_heart,5201
dead_heart\109438.jpg,dead_heart,5202
dead_heart\109439.jpg,dead_heart,5203
dead_heart\109449.jpg,dead_heart,5204
dead_heart\109458.jpg,dead_heart,5205
dead_heart\109489.jpg,dead_heart,5206
dead_heart\109491.jpg,dead_heart,5207
dead_heart\109495.jpg,dead_heart,5208
dead_heart\109500.jpg,dead_heart,5209
dead_heart\109504.jpg,dead_heart,5210
dead_heart\109512.jpg,dead_heart,5237
dead_heart\109517.jpg,dead_heart,5212
dead_heart\109522.jpg,dead_heart,5213
dead_heart\109526.jpg,dead_heart,5214
dead_heart\109528.jpg,dead_heart,5215
dead_heart\109535.jpg,dead_heart,5216
dead_heart\109540.jpg,dead_heart,5247
dead_heart\109542.jpg,dead_heart,5218
dead_heart\109543.jpg,dead_heart,5219
dead_heart\109548.jpg,dead_heart,5220
dead_heart\109550.jpg,dead_heart,5221
dead_heart\109559.jpg,dead_heart,5222
dead_heart\109561.jpg,dead_heart,5223
dead_heart\109574.jpg,dead_heart,5224
dead_heart\109575.jpg,dead_heart,5225
dead_heart\109592.jpg,dead_heart,5226
dead_heart\109606.jpg,dead_heart,5227
dead_heart\109611.jpg,dead_heart,5229
dead_heart\109624.jpg,dead_heart,5229
dead_heart\109645.jpg,dead_heart,5230
dead_heart\109652.jpg,dead_heart,5231
dead_heart\109655.jpg,dead_heart,5232
dead_heart\109656.jpg,dead_heart,5233
dead_heart\109680.jpg,dead_heart,5234
dead_heart\109683.jpg,dead_heart,5235
dead_heart\109697.jpg,dead_heart,5236
dead_heart\109700.jpg,dead_heart,5237
dead_heart\109718.jpg,dead_heart,5238
dead_heart\109720.jpg,dead_heart,5239
dead_heart\109735.jpg,dead_heart,5240
dead_heart\109739.jpg,dead_heart,5241
dead_heart\109745.jpg,dead_heart,5242
dead_heart\109748.jpg,dead_heart,4741
dead_heart\109758.jpg,dead_heart,5244
dead_heart\109764.jpg,dead_heart,5245
dead_heart\109766.jpg,dead_heart,5246
dead_heart\109767.jpg,dead_heart,5247
dead_heart\109777.jpg,dead_heart,5248
dead_heart\109783.jpg,dead_heart,5249
dead_heart\109784.jpg,dead_heart,5250
dead_heart\109798.jpg,dead_heart,5251
dead_heart\109808.jpg,dead_heart,5252
dead_heart\109825.jpg,dead_heart,5253
dead_heart\109830.jpg,dead_heart,5254
dead_heart\109841.jpg,dead_heart,5255
dead_heart\109857.jpg,dead_heart,5256
dead_heart\109860.jpg,dead_heart,5257
dead_heart\109862.jpg,dead_heart,5258
dead_heart\109867.jpg,dead_heart,5259
dead_heart\109878.jpg,dead_heart,5260
dead_heart\109885.jpg,dead_heart,5261
dead_heart\109898.jpg,dead_heart,5262
dead_heart\109899.jpg,dead_heart,5263
dead_heart\109900.jpg,dead_heart,5264
dead_heart\109904.jpg,dead_heart,5265
dead_heart\109920.jpg,dead_heart,5266
dead_heart\109921.jpg,dead_heart,5267
dead_heart\109927.jpg,dead_heart,5268
dead_heart\109928.jpg,dead_heart,5269
dead_heart\109933.jpg,dead_heart,5332
dead_heart\109938.jpg,dead_heart,5271
dead_heart\109945.jpg,dead_heart,5272
dead_heart\109946.jpg,dead_heart,5273
dead_heart\109954.jpg,dead_heart,5274
dead_heart\109958.jpg,dead_heart,5229
dead_heart\109978.jpg,dead_heart,5276
dead_heart\109988.jpg,dead_heart,5277
dead_heart\109998.jpg,dead_heart,5278
dead_heart\110000.jpg,dead_heart,5279
dead_heart\110005.jpg,dead_heart,5280
dead_heart\110018.jpg,dead_heart,5281
dead_heart\110026.jpg,dead_heart,5282
dead_heart\110031.jpg,dead_heart,5283
dead_heart\110033.jpg,dead_heart,5284
dead_heart\110035.jpg,dead_heart,5285
dead_heart\110036.jpg,dead_heart,5286
dead_heart\110040.jpg,dead_heart,5287
dead_heart\110065.jpg,dead_heart,5288
dead_heart\110069.jpg,dead_heart,5289
dead_heart\110070.jpg,dead_heart,5290
dead_heart\110072.jpg,dead_heart,5291
dead_heart\110087.jpg,dead_heart,5292
dead_heart\110093.jpg,dead_heart,5293
dead_heart\110097.jpg,dead_heart,5294
dead_heart\110103.jpg,dead_heart,4518
dead_heart\110107.jpg,dead_heart,5296
dead_heart\110111.jpg,dead_heart,5297
dead_heart\110113.jpg,dead_heart,5298
dead_heart\110123.jpg,dead_heart,5299
dead_heart\110127.jpg,dead_heart,5300
dead_heart\110134.jpg,dead_heart,5301
dead_heart\110150.jpg,dead_heart,5302
dead_heart\110158.jpg,dead_heart,5303
dead_heart\110168.jpg,dead_heart,5304
dead_heart\110174.jpg,dead_heart,5305
dead_heart\110188.jpg,dead_heart,5306
dead_heart\110207.jpg,dead_heart,5307
dead_heart\110209.jpg,dead_heart,5308
dead_heart\110214.jpg,dead_heart,5309
dead_heart\110215.jpg,dead_heart,5310
dead_heart\110222.jpg,dead_heart,5311
dead_heart\110224.jpg,dead_heart,5312
dead_heart\110232.jpg,dead_heart,5313
dead_heart\110233.jpg,dead_heart,5314
dead_heart\110238.jpg,dead_heart,5315
dead_heart\110256.jpg,dead_heart,5316
dead_heart\110262.jpg,dead_heart,5317
dead_heart\110268.jpg,dead_heart,5318
dead_heart\110269.jpg,dead_heart,5319
dead_heart\110272.jpg,dead_heart,5320
dead_heart\110274.jpg,dead_heart,5321
dead_heart\110282.jpg,dead_heart,5322
dead_heart\110285.jpg,dead_heart,5323
dead_heart\110290.jpg,dead_heart,5324
dead_heart\110291.jpg,dead_heart,4859
dead_heart\110296.jpg,dead_heart,5326
dead_heart\110301.jpg,dead_heart,5327
dead_heart\110302.jpg,dead_heart,5328
dead_heart\110311.jpg,dead_heart,5329
dead_heart\110331.jpg,dead_heart,5330
dead_heart\110333.jpg,dead_heart,5331
dead_heart\110345.jpg,dead_heart,5332
dead_heart\110355.jpg,dead_heart,5333
dead_heart\110361.jpg,dead_heart,5334
dead_heart\110364.jpg,dead_heart,5335
dead_heart\110369.jpg,dead_heart,5336
dead_heart\110374.jpg,dead_heart,5337
dead_heart\110396.jpg,dead_heart,5338
dead_heart\110397.jpg,dead_heart,5229
dead_heart\110405.jpg,dead_heart,5340
downy_mildew\100017.jpg,downy_mildew,5866
downy_mildew\100019.jpg,downy_mildew,5342
downy_mildew\100031.jpg,downy_mildew,5343
downy_mildew\100034.jpg,downy_mildew,5344
downy_mildew\100037.jpg,downy_mildew,5345
downy_mildew\100038.jpg,downy_mildew,5346
downy_mildew\100059.jpg,downy_mildew,5347
downy_mildew\100070.jpg,downy_mildew,5447
downy_mildew\100088.jpg,downy_mildew,5349
downy_mildew\100101.jpg,downy_mildew,5713
downy_mildew\100119.jpg,downy_mildew,5890
downy_mildew\100132.jpg,downy_mildew,5701
downy_mildew\100143.jpg,downy_mildew,5713
downy_mildew\100170.jpg,downy_mildew,5354
downy_mildew\100174.jpg,downy_mildew,5800
downy_mildew\100218.jpg,downy_mildew,5356
downy_mildew\100220.jpg,downy_mildew,5678
downy_mildew\100225.jpg,downy_mildew,5358
downy_mildew\100226.jpg,downy_mildew,5843
downy_mildew\100260.jpg,downy_mildew,5362
downy_mildew\100262.jpg,downy_mildew,5782
downy_mildew\100263.jpg,downy_mildew,5362
downy_mildew\100296.jpg,downy_mildew,5363
downy_mildew\100308.jpg,downy_mildew,5364
downy_mildew\100323.jpg,downy_mildew,5773
downy_mildew\100411.jpg,downy_mildew,5366
downy_mildew\100431.jpg,downy_mildew,5367
downy_mildew\100449.jpg,downy_mildew,5368
downy_mildew\100454.jpg,downy_mildew,5369
downy_mildew\100455.jpg,downy_mildew,5791
downy_mildew\100479.jpg,downy_mildew,5537
downy_mildew\100504.jpg,downy_mildew,5635
downy_mildew\100505.jpg,downy_mildew,5373
downy_mildew\100517.jpg,downy_mildew,5906
downy_mildew\100524.jpg,downy_mildew,5375
downy_mildew\100564.jpg,downy_mildew,5376
downy_mildew\100588.jpg,downy_mildew,5520
downy_mildew\100596.jpg,downy_mildew,5447
downy_mildew\100599.jpg,downy_mildew,5384
downy_mildew\100611.jpg,downy_mildew,5731
downy_mildew\100625.jpg,downy_mildew,5381
downy_mildew\100646.jpg,downy_mildew,5382
downy_mildew\100655.jpg,downy_mildew,5698
downy_mildew\100686.jpg,downy_mildew,5384
downy_mildew\100714.jpg,downy_mildew,5385
downy_mildew\100718.jpg,downy_mildew,5860
downy_mildew\100722.jpg,downy_mildew,5387
downy_mildew\100724.jpg,downy_mildew,5491
downy_mildew\100725.jpg,downy_mildew,5389
downy_mildew\100735.jpg,downy_mildew,5390
downy_mildew\100788.jpg,downy_mildew,5391
downy_mildew\100791.jpg,downy_mildew,5392
downy_mildew\100814.jpg,downy_mildew,5393
downy_mildew\100821.jpg,downy_mildew,5394
downy_mildew\100843.jpg,downy_mildew,5887
downy_mildew\100850.jpg,downy_mildew,5910
downy_mildew\100857.jpg,downy_mildew,5397
downy_mildew\100858.jpg,downy_mildew,5398
downy_mildew\100887.jpg,downy_mildew,5399
downy_mildew\100891.jpg,downy_mildew,5736
downy_mildew\100896.jpg,downy_mildew,5807
downy_mildew\100927.jpg,downy_mildew,5556
downy_mildew\100944.jpg,downy_mildew,5952
downy_mildew\100974.jpg,downy_mildew,5550
downy_mildew\100977.jpg,downy_mildew,5867
downy_mildew\100987.jpg,downy_mildew,5406
downy_mildew\100992.jpg,downy_mildew,5407
downy_mildew\100995.jpg,downy_mildew,5408
downy_mildew\101015.jpg,downy_mildew,5413
downy_mildew\101020.jpg,downy_mildew,5410
downy_mildew\101022.jpg,downy_mildew,5669
downy_mildew\101024.jpg,downy_mildew,5412
downy_mildew\101034.jpg,downy_mildew,5413
downy_mildew\101050.jpg,downy_mildew,5414
downy_mildew\101078.jpg,downy_mildew,5705
downy_mildew\101096.jpg,downy_mildew,5416
downy_mildew\101103.jpg,downy_mildew,5705
downy_mildew\101114.jpg,downy_mildew,5855
downy_mildew\101119.jpg,downy_mildew,5419
downy_mildew\101142.jpg,downy_mildew,5420
downy_mildew\101177.jpg,downy_mildew,5421
downy_mildew\101178.jpg,downy_mildew,5422
downy_mildew\101181.jpg,downy_mildew,5757
downy_mildew\101205.jpg,downy_mildew,5698
downy_mildew\101211.jpg,downy_mildew,5425
downy_mildew\101215.jpg,downy_mildew,5864
downy_mildew\101221.jpg,downy_mildew,5612
downy_mildew\101228.jpg,downy_mildew,5428
downy_mildew\101237.jpg,downy_mildew,5429
downy_mildew\101238.jpg,downy_mildew,5430
downy_mildew\101240.jpg,downy_mildew,5925
downy_mildew\101246.jpg,downy_mildew,5432
downy_mildew\101252.jpg,downy_mildew,5438
downy_mildew\101258.jpg,downy_mildew,5475
downy_mildew\101260.jpg,downy_mildew,5435
downy_mildew\101277.jpg,downy_mildew,5436
downy_mildew\101284.jpg,downy_mildew,5437
downy_mildew\101299.jpg,downy_mildew,5438
downy_mildew\101304.jpg,downy_mildew,5439
downy_mildew\101319.jpg,downy_mildew,10130
downy_mildew\101342.jpg,downy_mildew,5441
downy_mildew\101361.jpg,downy_mildew,5442
downy_mildew\101365.jpg,downy_mildew,5443
downy_mildew\101370.jpg,downy_mildew,5444
downy_mildew\101374.jpg,downy_mildew,5550
downy_mildew\101397.jpg,downy_mildew,5446
downy_mildew\101455.jpg,downy_mildew,5447
downy_mildew\101458.jpg,downy_mildew,5448
downy_mildew\101492.jpg,downy_mildew,5449
downy_mildew\101496.jpg,downy_mildew,5450
downy_mildew\101505.jpg,downy_mildew,5451
downy_mildew\101513.jpg,downy_mildew,5793
downy_mildew\101524.jpg,downy_mildew,5453
downy_mildew\101525.jpg,downy_mildew,5729
downy_mildew\101548.jpg,downy_mildew,5455
downy_mildew\101565.jpg,downy_mildew,5905
downy_mildew\101572.jpg,downy_mildew,5764
downy_mildew\101590.jpg,downy_mildew,5458
downy_mildew\101610.jpg,downy_mildew,5459
downy_mildew\101621.jpg,downy_mildew,5491
downy_mildew\101660.jpg,downy_mildew,5461
downy_mildew\101663.jpg,downy_mildew,5462
downy_mildew\101669.jpg,downy_mildew,5911
downy_mildew\101682.jpg,downy_mildew,5464
downy_mildew\101704.jpg,downy_mildew,5905
downy_mildew\101712.jpg,downy_mildew,5466
downy_mildew\101721.jpg,downy_mildew,5925
downy_mildew\101781.jpg,downy_mildew,5777
downy_mildew\101814.jpg,downy_mildew,5469
downy_mildew\101846.jpg,downy_mildew,5706
downy_mildew\101858.jpg,downy_mildew,5471
downy_mildew\101861.jpg,downy_mildew,5793
downy_mildew\101885.jpg,downy_mildew,5928
downy_mildew\101904.jpg,downy_mildew,5474
downy_mildew\101907.jpg,downy_mildew,5475
downy_mildew\101914.jpg,downy_mildew,5476
downy_mildew\101927.jpg,downy_mildew,5477
downy_mildew\101972.jpg,downy_mildew,5478
downy_mildew\101975.jpg,downy_mildew,5479
downy_mildew\101994.jpg,downy_mildew,9938
downy_mildew\102009.jpg,downy_mildew,5701
downy_mildew\102032.jpg,downy_mildew,5482
downy_mildew\102036.jpg,downy_mildew,5483
downy_mildew\102045.jpg,downy_mildew,5484
downy_mildew\102075.jpg,downy_mildew,5485
downy_mildew\102089.jpg,downy_mildew,5486
downy_mildew\102092.jpg,downy_mildew,5487
downy_mildew\102108.jpg,downy_mildew,5488
downy_mildew\102111.jpg,downy_mildew,5489
downy_mildew\102144.jpg,downy_mildew,5490
downy_mildew\102151.jpg,downy_mildew,5491
downy_mildew\102177.jpg,downy_mildew,5701
downy_mildew\102185.jpg,downy_mildew,5493
downy_mildew\102193.jpg,downy_mildew,5922
downy_mildew\102219.jpg,downy_mildew,5495
downy_mildew\102220.jpg,downy_mildew,5496
downy_mildew\102245.jpg,downy_mildew,5928
downy_mildew\102253.jpg,downy_mildew,5498
downy_mildew\102283.jpg,downy_mildew,5864
downy_mildew\102285.jpg,downy_mildew,5500
downy_mildew\102305.jpg,downy_mildew,5501
downy_mildew\102327.jpg,downy_mildew,5502
downy_mildew\102335.jpg,downy_mildew,5503
downy_mildew\102337.jpg,downy_mildew,5504
downy_mildew\102344.jpg,downy_mildew,5505
downy_mildew\102350.jpg,downy_mildew,5506
downy_mildew\102423.jpg,downy_mildew,5507
downy_mildew\102433.jpg,downy_mildew,5508
downy_mildew\102461.jpg,downy_mildew,9938
downy_mildew\102467.jpg,downy_mildew,5510
downy_mildew\102468.jpg,downy_mildew,9701
downy_mildew\102487.jpg,downy_mildew,5855
downy_mildew\102498.jpg,downy_mildew,5513
downy_mildew\102501.jpg,downy_mildew,5867
downy_mildew\102508.jpg,downy_mildew,5782
downy_mildew\102521.jpg,downy_mildew,5516
downy_mildew\102541.jpg,downy_mildew,5517
downy_mildew\102551.jpg,downy_mildew,5561
downy_mildew\102625.jpg,downy_mildew,5519
downy_mildew\102634.jpg,downy_mildew,5520
downy_mildew\102640.jpg,downy_mildew,5521
downy_mildew\102675.jpg,downy_mildew,5522
downy_mildew\102681.jpg,downy_mildew,5603
downy_mildew\102686.jpg,downy_mildew,5928
downy_mildew\102704.jpg,downy_mildew,5525
downy_mildew\102753.jpg,downy_mildew,5526
downy_mildew\102762.jpg,downy_mildew,5695
downy_mildew\102779.jpg,downy_mildew,5904
downy_mildew\102797.jpg,downy_mildew,5529
downy_mildew\102801.jpg,downy_mildew,5530
downy_mildew\102803.jpg,downy_mildew,5864
downy_mildew\102823.jpg,downy_mildew,5550
downy_mildew\102833.jpg,downy_mildew,5922
downy_mildew\102837.jpg,downy_mildew,5534
downy_mildew\102847.jpg,downy_mildew,5447
downy_mildew\102851.jpg,downy_mildew,5536
downy_mildew\102867.jpg,downy_mildew,5537
downy_mildew\102882.jpg,downy_mildew,5538
downy_mildew\102910.jpg,downy_mildew,5688
downy_mildew\102925.jpg,downy_mildew,5540
downy_mildew\102960.jpg,downy_mildew,5781
downy_mildew\102980.jpg,downy_mildew,5542
downy_mildew\103008.jpg,downy_mildew,5543
downy_mildew\103019.jpg,downy_mildew,5544
downy_mildew\103021.jpg,downy_mildew,5545
downy_mildew\103052.jpg,downy_mildew,5743
downy_mildew\103086.jpg,downy_mildew,5614
downy_mildew\103100.jpg,downy_mildew,5603
downy_mildew\103130.jpg,downy_mildew,5793
downy_mildew\103135.jpg,downy_mildew,5550
downy_mildew\103140.jpg,downy_mildew,5447
downy_mildew\103151.jpg,downy_mildew,5552
downy_mildew\103157.jpg,downy_mildew,5553
downy_mildew\103163.jpg,downy_mildew,5554
downy_mildew\103188.jpg,downy_mildew,5555
downy_mildew\103218.jpg,downy_mildew,5556
downy_mildew\103247.jpg,downy_mildew,5743
downy_mildew\103250.jpg,downy_mildew,5558
downy_mildew\103254.jpg,downy_mildew,5559
downy_mildew\103260.jpg,downy_mildew,5815
downy_mildew\103261.jpg,downy_mildew,5561
downy_mildew\103269.jpg,downy_mildew,5562
downy_mildew\103291.jpg,downy_mildew,5563
downy_mildew\103312.jpg,downy_mildew,5564
downy_mildew\103320.jpg,downy_mildew,5565
downy_mildew\103359.jpg,downy_mildew,5566
downy_mildew\103367.jpg,downy_mildew,5567
downy_mildew\103369.jpg,downy_mildew,5568
downy_mildew\103384.jpg,downy_mildew,5569
downy_mildew\103402.jpg,downy_mildew,5570
downy_mildew\103410.jpg,downy_mildew,5729
downy_mildew\103467.jpg,downy_mildew,5572
downy_mildew\103468.jpg,downy_mildew,5447
downy_mildew\103471.jpg,downy_mildew,5574
downy_mildew\103481.jpg,downy_mildew,5491
downy_mildew\103507.jpg,downy_mildew,5576
downy_mildew\103520.jpg,downy_mildew,5491
downy_mildew\103540.jpg,downy_mildew,5773
downy_mildew\103542.jpg,downy_mildew,5579
downy_mildew\103557.jpg,downy_mildew,5580
downy_mildew\103572.jpg,downy_mildew,5581
downy_mildew\103614.jpg,downy_mildew,5582
downy_mildew\103660.jpg,downy_mildew,5583
downy_mildew\103666.jpg,downy_mildew,5584
downy_mildew\103672.jpg,downy_mildew,5585
downy_mildew\103680.jpg,downy_mildew,5586
downy_mildew\103682.jpg,downy_mildew,5791
downy_mildew\103690.jpg,downy_mildew,5588
downy_mildew\103694.jpg,downy_mildew,5589
downy_mildew\103775.jpg,downy_mildew,5905
downy_mildew\103804.jpg,downy_mildew,5701
downy_mildew\103818.jpg,downy_mildew,5592
downy_mildew\103822.jpg,downy_mildew,5593
downy_mildew\103842.jpg,downy_mildew,5845
downy_mildew\103850.jpg,downy_mildew,5595
downy_mildew\103856.jpg,downy_mildew,5596
downy_mildew\103882.jpg,downy_mildew,5597
downy_mildew\103886.jpg,downy_mildew,5867
downy_mildew\103900.jpg,downy_mildew,5599
downy_mildew\103933.jpg,downy_mildew,5698
downy_mildew\103940.jpg,downy_mildew,5601
downy_mildew\103973.jpg,downy_mildew,5633
downy_mildew\103984.jpg,downy_mildew,5603
downy_mildew\103989.jpg,downy_mildew,5604
downy_mildew\103994.jpg,downy_mildew,5605
downy_mildew\104000.jpg,downy_mildew,5606
downy_mildew\104062.jpg,downy_mildew,5607
downy_mildew\104079.jpg,downy_mildew,5658
downy_mildew\104095.jpg,downy_mildew,5609
downy_mildew\104098.jpg,downy_mildew,5610
downy_mildew\104100.jpg,downy_mildew,5611
downy_mildew\104121.jpg,downy_mildew,5612
downy_mildew\104140.jpg,downy_mildew,5613
downy_mildew\104155.jpg,downy_mildew,5614
downy_mildew\104163.jpg,downy_mildew,5615
downy_mildew\104190.jpg,downy_mildew,5867
downy_mildew\104193.jpg,downy_mildew,5793
downy_mildew\104202.jpg,downy_mildew,5951
downy_mildew\104207.jpg,downy_mildew,5698
downy_mildew\104240.jpg,downy_mildew,5808
downy_mildew\104245.jpg,downy_mildew,5621
downy_mildew\104253.jpg,downy_mildew,5622
downy_mildew\104256.jpg,downy_mildew,5623
downy_mildew\104260.jpg,downy_mildew,5624
downy_mildew\104270.jpg,downy_mildew,5625
downy_mildew\104285.jpg,downy_mildew,5904
downy_mildew\104336.jpg,downy_mildew,5701
downy_mildew\104342.jpg,downy_mildew,5628
downy_mildew\104365.jpg,downy_mildew,5629
downy_mildew\104370.jpg,downy_mildew,5952
downy_mildew\104394.jpg,downy_mildew,5631
downy_mildew\104397.jpg,downy_mildew,5632
downy_mildew\104434.jpg,downy_mildew,5633
downy_mildew\104452.jpg,downy_mildew,5634
downy_mildew\104468.jpg,downy_mildew,5635
downy_mildew\104568.jpg,downy_mildew,5890
downy_mildew\104626.jpg,downy_mildew,5637
downy_mildew\104637.jpg,downy_mildew,5638
downy_mildew\104677.jpg,downy_mildew,5639
downy_mildew\104706.jpg,downy_mildew,5640
downy_mildew\104730.jpg,downy_mildew,5826
downy_mildew\104756.jpg,downy_mildew,5952
downy_mildew\104788.jpg,downy_mildew,5643
downy_mildew\104790.jpg,downy_mildew,5644
downy_mildew\104812.jpg,downy_mildew,5905
downy_mildew\104856.jpg,downy_mildew,5646
downy_mildew\104863.jpg,downy_mildew,5647
downy_mildew\104873.jpg,downy_mildew,5447
downy_mildew\104921.jpg,downy_mildew,5746
downy_mildew\104931.jpg,downy_mildew,5650
downy_mildew\105000.jpg,downy_mildew,5651
downy_mildew\105021.jpg,downy_mildew,5652
downy_mildew\105029.jpg,downy_mildew,5653
downy_mildew\105034.jpg,downy_mildew,5654
downy_mildew\105064.jpg,downy_mildew,5655
downy_mildew\105132.jpg,downy_mildew,5656
downy_mildew\105164.jpg,downy_mildew,5657
downy_mildew\105168.jpg,downy_mildew,5658
downy_mildew\105208.jpg,downy_mildew,5659
downy_mildew\105217.jpg,downy_mildew,5928
downy_mildew\105228.jpg,downy_mildew,5661
downy_mildew\105259.jpg,downy_mildew,5662
downy_mildew\105262.jpg,downy_mildew,5663
downy_mildew\105283.jpg,downy_mildew,5664
downy_mildew\105326.jpg,downy_mildew,5665
downy_mildew\105329.jpg,downy_mildew,5666
downy_mildew\105348.jpg,downy_mildew,5667
downy_mildew\105354.jpg,downy_mildew,5668
downy_mildew\105355.jpg,downy_mildew,5669
downy_mildew\105357.jpg,downy_mildew,5670
downy_mildew\105381.jpg,downy_mildew,5671
downy_mildew\105391.jpg,downy_mildew,5911
downy_mildew\105400.jpg,downy_mildew,5698
downy_mildew\105406.jpg,downy_mildew,5867
downy_mildew\105434.jpg,downy_mildew,5675
downy_mildew\105439.jpg,downy_mildew,5864
downy_mildew\105446.jpg,downy_mildew,5447
downy_mildew\105495.jpg,downy_mildew,5678
downy_mildew\105511.jpg,downy_mildew,5928
downy_mildew\105520.jpg,downy_mildew,5680
downy_mildew\105539.jpg,downy_mildew,5681
downy_mildew\105540.jpg,downy_mildew,5898
downy_mildew\105565.jpg,downy_mildew,5683
downy_mildew\105586.jpg,downy_mildew,5684
downy_mildew\105619.jpg,downy_mildew,5685
downy_mildew\105630.jpg,downy_mildew,5686
downy_mildew\105671.jpg,downy_mildew,5761
downy_mildew\105692.jpg,downy_mildew,5688
downy_mildew\105696.jpg,downy_mildew,5689
downy_mildew\105709.jpg,downy_mildew,5690
downy_mildew\105732.jpg,downy_mildew,5691
downy_mildew\105733.jpg,downy_mildew,5867
downy_mildew\105749.jpg,downy_mildew,5922
downy_mildew\105774.jpg,downy_mildew,5694
downy_mildew\105786.jpg,downy_mildew,5695
downy_mildew\105810.jpg,downy_mildew,5696
downy_mildew\105860.jpg,downy_mildew,5769
downy_mildew\105863.jpg,downy_mildew,5698
downy_mildew\105864.jpg,downy_mildew,5699
downy_mildew\105876.jpg,downy_mildew,5695
downy_mildew\105919.jpg,downy_mildew,5701
downy_mildew\105940.jpg,downy_mildew,5702
downy_mildew\105953.jpg,downy_mildew,5703
downy_mildew\106015.jpg,downy_mildew,5704
downy_mildew\106027.jpg,downy_mildew,5705
downy_mildew\106081.jpg,downy_mildew,5706
downy_mildew\106084.jpg,downy_mildew,5707
downy_mildew\106086.jpg,downy_mildew,5708
downy_mildew\106098.jpg,downy_mildew,5709
downy_mildew\106120.jpg,downy_mildew,5698
downy_mildew\106138.jpg,downy_mildew,5711
downy_mildew\106144.jpg,downy_mildew,5925
downy_mildew\106146.jpg,downy_mildew,5713
downy_mildew\106169.jpg,downy_mildew,5714
downy_mildew\106170.jpg,downy_mildew,5715
downy_mildew\106180.jpg,downy_mildew,5716
downy_mildew\106182.jpg,downy_mildew,5807
downy_mildew\106188.jpg,downy_mildew,5718
downy_mildew\106198.jpg,downy_mildew,5719
downy_mildew\106230.jpg,downy_mildew,5720
downy_mildew\106233.jpg,downy_mildew,5447
downy_mildew\106237.jpg,downy_mildew,5928
downy_mildew\106240.jpg,downy_mildew,5723
downy_mildew\106254.jpg,downy_mildew,5832
downy_mildew\106261.jpg,downy_mildew,5725
downy_mildew\106268.jpg,downy_mildew,5726
downy_mildew\106281.jpg,downy_mildew,5727
downy_mildew\106285.jpg,downy_mildew,5728
downy_mildew\106291.jpg,downy_mildew,5729
downy_mildew\106296.jpg,downy_mildew,5730
downy_mildew\106300.jpg,downy_mildew,5731
downy_mildew\106305.jpg,downy_mildew,5829
downy_mildew\106338.jpg,downy_mildew,5733
downy_mildew\106345.jpg,downy_mildew,5734
downy_mildew\106387.jpg,downy_mildew,5735
downy_mildew\106406.jpg,downy_mildew,5736
downy_mildew\106416.jpg,downy_mildew,5737
downy_mildew\106465.jpg,downy_mildew,5742
downy_mildew\106478.jpg,downy_mildew,5739
downy_mildew\106484.jpg,downy_mildew,5740
downy_mildew\106521.jpg,downy_mildew,5741
downy_mildew\106523.jpg,downy_mildew,5742
downy_mildew\106524.jpg,downy_mildew,5743
downy_mildew\106540.jpg,downy_mildew,5881
downy_mildew\106559.jpg,downy_mildew,5745
downy_mildew\106567.jpg,downy_mildew,5746
downy_mildew\106571.jpg,downy_mildew,5773
downy_mildew\106640.jpg,downy_mildew,5748
downy_mildew\106652.jpg,downy_mildew,5749
downy_mildew\106674.jpg,downy_mildew,5750
downy_mildew\106680.jpg,downy_mildew,5751
downy_mildew\106685.jpg,downy_mildew,5752
downy_mildew\106738.jpg,downy_mildew,5753
downy_mildew\106745.jpg,downy_mildew,5754
downy_mildew\106759.jpg,downy_mildew,5755
downy_mildew\106776.jpg,downy_mildew,5756
downy_mildew\106779.jpg,downy_mildew,5757
downy_mildew\106784.jpg,downy_mildew,5698
downy_mildew\106837.jpg,downy_mildew,5793
downy_mildew\106845.jpg,downy_mildew,5760
downy_mildew\106854.jpg,downy_mildew,5761
downy_mildew\106856.jpg,downy_mildew,5762
downy_mildew\106867.jpg,downy_mildew,5813
downy_mildew\106874.jpg,downy_mildew,5764
downy_mildew\106903.jpg,downy_mildew,5765
downy_mildew\106908.jpg,downy_mildew,5766
downy_mildew\106915.jpg,downy_mildew,5491
downy_mildew\106926.jpg,downy_mildew,5768
downy_mildew\106963.jpg,downy_mildew,5769
downy_mildew\107055.jpg,downy_mildew,5928
downy_mildew\107090.jpg,downy_mildew,5771
downy_mildew\107091.jpg,downy_mildew,5520
downy_mildew\107118.jpg,downy_mildew,5773
downy_mildew\107128.jpg,downy_mildew,5774
downy_mildew\107151.jpg,downy_mildew,5867
downy_mildew\107153.jpg,downy_mildew,5776
downy_mildew\107154.jpg,downy_mildew,5777
downy_mildew\107156.jpg,downy_mildew,5928
downy_mildew\107171.jpg,downy_mildew,5779
downy_mildew\107173.jpg,downy_mildew,5780
downy_mildew\107183.jpg,downy_mildew,5781
downy_mildew\107203.jpg,downy_mildew,5782
downy_mildew\107211.jpg,downy_mildew,5783
downy_mildew\107276.jpg,downy_mildew,5603
downy_mildew\107300.jpg,downy_mildew,5928
downy_mildew\107303.jpg,downy_mildew,5786
downy_mildew\107306.jpg,downy_mildew,5787
downy_mildew\107310.jpg,downy_mildew,5868
downy_mildew\107322.jpg,downy_mildew,5789
downy_mildew\107333.jpg,downy_mildew,5867
downy_mildew\107342.jpg,downy_mildew,5791
downy_mildew\107353.jpg,downy_mildew,5792
downy_mildew\107356.jpg,downy_mildew,5793
downy_mildew\107377.jpg,downy_mildew,5794
downy_mildew\107390.jpg,downy_mildew,5809
downy_mildew\107397.jpg,downy_mildew,5796
downy_mildew\107422.jpg,downy_mildew,5797
downy_mildew\107434.jpg,downy_mildew,5798
downy_mildew\107506.jpg,downy_mildew,5447
downy_mildew\107508.jpg,downy_mildew,5800
downy_mildew\107517.jpg,downy_mildew,5801
downy_mildew\107523.jpg,downy_mildew,5802
downy_mildew\107563.jpg,downy_mildew,5698
downy_mildew\107571.jpg,downy_mildew,5804
downy_mildew\107646.jpg,downy_mildew,5836
downy_mildew\107682.jpg,downy_mildew,5806
downy_mildew\107695.jpg,downy_mildew,5807
downy_mildew\107738.jpg,downy_mildew,5808
downy_mildew\107760.jpg,downy_mildew,5809
downy_mildew\107774.jpg,downy_mildew,5810
downy_mildew\107783.jpg,downy_mildew,5811
downy_mildew\107792.jpg,downy_mildew,5812
downy_mildew\107794.jpg,downy_mildew,5813
downy_mildew\107818.jpg,downy_mildew,5701
downy_mildew\107847.jpg,downy_mildew,5815
downy_mildew\107855.jpg,downy_mildew,5816
downy_mildew\107883.jpg,downy_mildew,5951
downy_mildew\107894.jpg,downy_mildew,5818
downy_mildew\107895.jpg,downy_mildew,5826
downy_mildew\107901.jpg,downy_mildew,5820
downy_mildew\107902.jpg,downy_mildew,5821
downy_mildew\107915.jpg,downy_mildew,5867
downy_mildew\107938.jpg,downy_mildew,5823
downy_mildew\107952.jpg,downy_mildew,5824
downy_mildew\107963.jpg,downy_mildew,5825
downy_mildew\107990.jpg,downy_mildew,5826
downy_mildew\108021.jpg,downy_mildew,5827
downy_mildew\108028.jpg,downy_mildew,5828
downy_mildew\108057.jpg,downy_mildew,5829
downy_mildew\108086.jpg,downy_mildew,5830
downy_mildew\108090.jpg,downy_mildew,5729
downy_mildew\108095.jpg,downy_mildew,5832
downy_mildew\108100.jpg,downy_mildew,5833
downy_mildew\108111.jpg,downy_mildew,5834
downy_mildew\108118.jpg,downy_mildew,5835
downy_mildew\108135.jpg,downy_mildew,5836
downy_mildew\108159.jpg,downy_mildew,5837
downy_mildew\108178.jpg,downy_mildew,5838
downy_mildew\108184.jpg,downy_mildew,5839
downy_mildew\108191.jpg,downy_mildew,5840
downy_mildew\108192.jpg,downy_mildew,5841
downy_mildew\108213.jpg,downy_mildew,5842
downy_mildew\108216.jpg,downy_mildew,5843
downy_mildew\108275.jpg,downy_mildew,5844
downy_mildew\108286.jpg,downy_mildew,5845
downy_mildew\108292.jpg,downy_mildew,5846
downy_mildew\108297.jpg,downy_mildew,5847
downy_mildew\108323.jpg,downy_mildew,5848
downy_mildew\108335.jpg,downy_mildew,5849
downy_mildew\108354.jpg,downy_mildew,5850
downy_mildew\108392.jpg,downy_mildew,5807
downy_mildew\108394.jpg,downy_mildew,5852
downy_mildew\108402.jpg,downy_mildew,5773
downy_mildew\108406.jpg,downy_mildew,5854
downy_mildew\108413.jpg,downy_mildew,5855
downy_mildew\108426.jpg,downy_mildew,5856
downy_mildew\108427.jpg,downy_mildew,5857
downy_mildew\108431.jpg,downy_mildew,5858
downy_mildew\108472.jpg,downy_mildew,5859
downy_mildew\108497.jpg,downy_mildew,5860
downy_mildew\108507.jpg,downy_mildew,5861
downy_mildew\108512.jpg,downy_mildew,5862
downy_mildew\108549.jpg,downy_mildew,5863
downy_mildew\108553.jpg,downy_mildew,5864
downy_mildew\108588.jpg,downy_mildew,5865
downy_mildew\108591.jpg,downy_mildew,5866
downy_mildew\108615.jpg,downy_mildew,5867
downy_mildew\108641.jpg,downy_mildew,5868
downy_mildew\108650.jpg,downy_mildew,5869
downy_mildew\108689.jpg,downy_mildew,5870
downy_mildew\108724.jpg,downy_mildew,5742
downy_mildew\108730.jpg,downy_mildew,5872
downy_mildew\108750.jpg,downy_mildew,5873
downy_mildew\108759.jpg,downy_mildew,5874
downy_mildew\108773.jpg,downy_mildew,5875
downy_mildew\108813.jpg,downy_mildew,5876
downy_mildew\108824.jpg,downy_mildew,5877
downy_mildew\108827.jpg,downy_mildew,5878
downy_mildew\108834.jpg,downy_mildew,5879
downy_mildew\108873.jpg,downy_mildew,5867
downy_mildew\108892.jpg,downy_mildew,5881
downy_mildew\108894.jpg,downy_mildew,5701
downy_mildew\108898.jpg,downy_mildew,5883
downy_mildew\108967.jpg,downy_mildew,5884
downy_mildew\108968.jpg,downy_mildew,5885
downy_mildew\108970.jpg,downy_mildew,5886
downy_mildew\108977.jpg,downy_mildew,5887
downy_mildew\108995.jpg,downy_mildew,5888
downy_mildew\109000.jpg,downy_mildew,5911
downy_mildew\109014.jpg,downy_mildew,5890
downy_mildew\109042.jpg,downy_mildew,5891
downy_mildew\109044.jpg,downy_mildew,5892
downy_mildew\109059.jpg,downy_mildew,5893
downy_mildew\109137.jpg,downy_mildew,5894
downy_mildew\109143.jpg,downy_mildew,5895
downy_mildew\109144.jpg,downy_mildew,5896
downy_mildew\109164.jpg,downy_mildew,5897
downy_mildew\109199.jpg,downy_mildew,5898
downy_mildew\109230.jpg,downy_mildew,5899
downy_mildew\109240.jpg,downy_mildew,5900
downy_mildew\109244.jpg,downy_mildew,5901
downy_mildew\109251.jpg,downy_mildew,5902
downy_mildew\109253.jpg,downy_mildew,5952
downy_mildew\109265.jpg,downy_mildew,5904
downy_mildew\109322.jpg,downy_mildew,5905
downy_mildew\109340.jpg,downy_mildew,5906
downy_mildew\109388.jpg,downy_mildew,5698
downy_mildew\109401.jpg,downy_mildew,5701
downy_mildew\109411.jpg,downy_mildew,5881
downy_mildew\109415.jpg,downy_mildew,5910
downy_mildew\109486.jpg,downy_mildew,5911
downy_mildew\109506.jpg,downy_mildew,5912
downy_mildew\109516.jpg,downy_mildew,5913
downy_mildew\109632.jpg,downy_mildew,5914
downy_mildew\109639.jpg,downy_mildew,5915
downy_mildew\109643.jpg,downy_mildew,5916
downy_mildew\109681.jpg,downy_mildew,5917
downy_mildew\109688.jpg,downy_mildew,5918
downy_mildew\109690.jpg,downy_mildew,5919
downy_mildew\109691.jpg,downy_mildew,5867
downy_mildew\109701.jpg,downy_mildew,5921
downy_mildew\109702.jpg,downy_mildew,5922
downy_mildew\109719.jpg,downy_mildew,5923
downy_mildew\109729.jpg,downy_mildew,5924
downy_mildew\109736.jpg,downy_mildew,5925
downy_mildew\109864.jpg,downy_mildew,5926
downy_mildew\109865.jpg,downy_mildew,5927
downy_mildew\109873.jpg,downy_mildew,5928
downy_mildew\109881.jpg,downy_mildew,5929
downy_mildew\109888.jpg,downy_mildew,5905
downy_mildew\109894.jpg,downy_mildew,5928
downy_mildew\109897.jpg,downy_mildew,5932
downy_mildew\109902.jpg,downy_mildew,5933
downy_mildew\109914.jpg,downy_mildew,5867
downy_mildew\109917.jpg,downy_mildew,5935
downy_mildew\109956.jpg,downy_mildew,5936
downy_mildew\109959.jpg,downy_mildew,5881
downy_mildew\109960.jpg,downy_mildew,5938
downy_mildew\109977.jpg,downy_mildew,5939
downy_mildew\110037.jpg,downy_mildew,5447
downy_mildew\110042.jpg,downy_mildew,5941
downy_mildew\110066.jpg,downy_mildew,5942
downy_mildew\110073.jpg,downy_mildew,5867
downy_mildew\110089.jpg,downy_mildew,5944
downy_mildew\110105.jpg,downy_mildew,5945
downy_mildew\110143.jpg,downy_mildew,5946
downy_mildew\110148.jpg,downy_mildew,5925
downy_mildew\110206.jpg,downy_mildew,5948
downy_mildew\110212.jpg,downy_mildew,5949
downy_mildew\110221.jpg,downy_mildew,5950
downy_mildew\110230.jpg,downy_mildew,5951
downy_mildew\110231.jpg,downy_mildew,5952
downy_mildew\110241.jpg,downy_mildew,5953
downy_mildew\110247.jpg,downy_mildew,5954
downy_mildew\110259.jpg,downy_mildew,5955
downy_mildew\110270.jpg,downy_mildew,5956
downy_mildew\110284.jpg,downy_mildew,5957
downy_mildew\110323.jpg,downy_mildew,5911
downy_mildew\110395.jpg,downy_mildew,5959
downy_mildew\110401.jpg,downy_mildew,5960
hispa\100003.jpg,hispa,5961
hispa\100005.jpg,hispa,5962
hispa\100010.jpg,hispa,5963
hispa\100051.jpg,hispa,7349
hispa\100052.jpg,hispa,5965
hispa\100061.jpg,hispa,5966
hispa\100072.jpg,hispa,5967
hispa\100077.jpg,hispa,6491
hispa\100085.jpg,hispa,7160
hispa\100090.jpg,hispa,5970
hispa\100103.jpg,hispa,5971
hispa\100120.jpg,hispa,5972
hispa\100125.jpg,hispa,5973
hispa\100128.jpg,hispa,5974
hispa\100139.jpg,hispa,7360
hispa\100157.jpg,hispa,5976
hispa\100159.jpg,hispa,5977
hispa\100182.jpg,hispa,6024
hispa\100187.jpg,hispa,5979
hispa\100193.jpg,hispa,5980
hispa\100194.jpg,hispa,5981
hispa\100211.jpg,hispa,6810
hispa\100237.jpg,hispa,5983
hispa\100242.jpg,hispa,6877
hispa\100252.jpg,hispa,5985
hispa\100257.jpg,hispa,5986
hispa\100258.jpg,hispa,5987
hispa\100290.jpg,hispa,5988
hispa\100291.jpg,hispa,5989
hispa\100297.jpg,hispa,5990
hispa\100303.jpg,hispa,5991
hispa\100304.jpg,hispa,6666
hispa\100313.jpg,hispa,5993
hispa\100316.jpg,hispa,5994
hispa\100318.jpg,hispa,5995
hispa\100340.jpg,hispa,5996
hispa\100341.jpg,hispa,5997
hispa\100349.jpg,hispa,5998
hispa\100350.jpg,hispa,6639
hispa\100351.jpg,hispa,6000
hispa\100358.jpg,hispa,6001
hispa\100362.jpg,hispa,6002
hispa\100363.jpg,hispa,6003
hispa\100372.jpg,hispa,6004
hispa\100388.jpg,hispa,6005
hispa\100390.jpg,hispa,6006
hispa\100391.jpg,hispa,6007
hispa\100399.jpg,hispa,7350
hispa\100401.jpg,hispa,6009
hispa\100403.jpg,hispa,6010
hispa\100417.jpg,hispa,6906
hispa\100424.jpg,hispa,6012
hispa\100427.jpg,hispa,6013
hispa\100429.jpg,hispa,6014
hispa\100437.jpg,hispa,8919
hispa\100453.jpg,hispa,6016
hispa\100459.jpg,hispa,6017
hispa\100460.jpg,hispa,6018
hispa\100465.jpg,hispa,6019
hispa\100473.jpg,hispa,6020
hispa\100478.jpg,hispa,7175
hispa\100487.jpg,hispa,6022
hispa\100491.jpg,hispa,6023
hispa\100497.jpg,hispa,6024
hispa\100499.jpg,hispa,6025
hispa\100502.jpg,hispa,7137
hispa\100510.jpg,hispa,6027
hispa\100512.jpg,hispa,7101
hispa\100520.jpg,hispa,6029
hispa\100526.jpg,hispa,6030
hispa\100531.jpg,hispa,6031
hispa\100533.jpg,hispa,6032
hispa\100534.jpg,hispa,6033
hispa\100537.jpg,hispa,7373
hispa\100538.jpg,hispa,7018
hispa\100540.jpg,hispa,6664
hispa\100543.jpg,hispa,6037
hispa\100546.jpg,hispa,6038
hispa\100563.jpg,hispa,6918
hispa\100571.jpg,hispa,6040
hispa\100576.jpg,hispa,6041
hispa\100586.jpg,hispa,6042
hispa\100592.jpg,hispa,6043
hispa\100606.jpg,hispa,6044
hispa\100612.jpg,hispa,6045
hispa\100618.jpg,hispa,6046
hispa\100619.jpg,hispa,6047
hispa\100620.jpg,hispa,6048
hispa\100621.jpg,hispa,6872
hispa\100643.jpg,hispa,6050
hispa\100645.jpg,hispa,6051
hispa\100647.jpg,hispa,7018
hispa\100648.jpg,hispa,6053
hispa\100650.jpg,hispa,6054
hispa\100658.jpg,hispa,6055
hispa\100662.jpg,hispa,6056
hispa\100685.jpg,hispa,6769
hispa\100704.jpg,hispa,6058
hispa\100706.jpg,hispa,6059
hispa\100707.jpg,hispa,6060
hispa\100721.jpg,hispa,6061
hispa\100728.jpg,hispa,6062
hispa\100740.jpg,hispa,7373
hispa\100747.jpg,hispa,6064
hispa\100751.jpg,hispa,6065
hispa\100754.jpg,hispa,6601
hispa\100761.jpg,hispa,6988
hispa\100771.jpg,hispa,6483
hispa\100775.jpg,hispa,8919
hispa\100787.jpg,hispa,7525
hispa\100789.jpg,hispa,6071
hispa\100796.jpg,hispa,6072
hispa\100799.jpg,hispa,6073
hispa\100800.jpg,hispa,6074
hispa\100804.jpg,hispa,6864
hispa\100809.jpg,hispa,6938
hispa\100813.jpg,hispa,6077
hispa\100825.jpg,hispa,6078
hispa\100826.jpg,hispa,6079
hispa\100839.jpg,hispa,6080
hispa\100860.jpg,hispa,6081
hispa\100867.jpg,hispa,6088
hispa\100878.jpg,hispa,7360
hispa\100881.jpg,hispa,6084
hispa\100900.jpg,hispa,6085
hispa\100908.jpg,hispa,7150
hispa\100914.jpg,hispa,6087
hispa\100918.jpg,hispa,6088
hispa\100934.jpg,hispa,6089
hispa\100936.jpg,hispa,6607
hispa\100938.jpg,hispa,6091
hispa\100946.jpg,hispa,6092
hispa\100950.jpg,hispa,6093
hispa\100955.jpg,hispa,7068
hispa\100965.jpg,hispa,6095
hispa\100969.jpg,hispa,6478
hispa\100972.jpg,hispa,6097
hispa\100983.jpg,hispa,7399
hispa\100986.jpg,hispa,6099
hispa\100997.jpg,hispa,6100
hispa\101005.jpg,hispa,7068
hispa\101009.jpg,hispa,6102
hispa\101025.jpg,hispa,6103
hispa\101026.jpg,hispa,7360
hispa\101027.jpg,hispa,7434
hispa\101035.jpg,hispa,6106
hispa\101038.jpg,hispa,6107
hispa\101049.jpg,hispa,6108
hispa\101059.jpg,hispa,6693
hispa\101062.jpg,hispa,7360
hispa\101069.jpg,hispa,6111
hispa\101071.jpg,hispa,6473
hispa\101074.jpg,hispa,6113
hispa\101076.jpg,hispa,6114
hispa\101083.jpg,hispa,6659
hispa\101099.jpg,hispa,6116
hispa\101100.jpg,hispa,6950
hispa\101101.jpg,hispa,6214
hispa\101108.jpg,hispa,6119
hispa\101118.jpg,hispa,6674
hispa\101120.jpg,hispa,6121
hispa\101127.jpg,hispa,6122
hispa\101132.jpg,hispa,6123
hispa\101134.jpg,hispa,6124
hispa\101140.jpg,hispa,7373
hispa\101147.jpg,hispa,6126
hispa\101150.jpg,hispa,6127
hispa\101152.jpg,hispa,7499
hispa\101155.jpg,hispa,6129
hispa\101163.jpg,hispa,6130
hispa\101185.jpg,hispa,6131
hispa\101189.jpg,hispa,6132
hispa\101193.jpg,hispa,6230
hispa\101208.jpg,hispa,6134
hispa\101209.jpg,hispa,7176
hispa\101217.jpg,hispa,6136
hispa\101235.jpg,hispa,7442
hispa\101249.jpg,hispa,6138
hispa\101253.jpg,hispa,8919
hispa\101257.jpg,hispa,6140
hispa\101264.jpg,hispa,6141
hispa\101268.jpg,hispa,6142
hispa\101278.jpg,hispa,6143
hispa\101288.jpg,hispa,6144
hispa\101295.jpg,hispa,6145
hispa\101310.jpg,hispa,6146
hispa\101312.jpg,hispa,6147
hispa\101315.jpg,hispa,6148
hispa\101322.jpg,hispa,6149
hispa\101360.jpg,hispa,6150
hispa\101383.jpg,hispa,6151
hispa\101384.jpg,hispa,6740
hispa\101395.jpg,hispa,7499
hispa\101401.jpg,hispa,6862
hispa\101402.jpg,hispa,6155
hispa\101404.jpg,hispa,6862
hispa\101405.jpg,hispa,6157
hispa\101427.jpg,hispa,6158
hispa\101448.jpg,hispa,2205
hispa\101452.jpg,hispa,6160
hispa\101476.jpg,hispa,6161
hispa\101481.jpg,hispa,6162
hispa\101486.jpg,hispa,6462
hispa\101488.jpg,hispa,6164
hispa\101490.jpg,hispa,6165
hispa\101502.jpg,hispa,6166
hispa\101503.jpg,hispa,6167
hispa\101504.jpg,hispa,6168
hispa\101508.jpg,hispa,6169
hispa\101509.jpg,hispa,6170
hispa\101511.jpg,hispa,6171
hispa\101512.jpg,hispa,7255
hispa\101515.jpg,hispa,6173
hispa\101518.jpg,hispa,6445
hispa\101520.jpg,hispa,6175
hispa\101522.jpg,hispa,6176
hispa\101541.jpg,hispa,6177
hispa\101550.jpg,hispa,6178
hispa\101559.jpg,hispa,6179
hispa\101561.jpg,hispa,6180
hispa\101579.jpg,hispa,6181
hispa\101580.jpg,hispa,7395
hispa\101584.jpg,hispa,7360
hispa\101589.jpg,hispa,6184
hispa\101595.jpg,hispa,6185
hispa\101596.jpg,hispa,6186
hispa\101598.jpg,hispa,6187
hispa\101603.jpg,hispa,6188
hispa\101605.jpg,hispa,6189
hispa\101608.jpg,hispa,6190
hispa\101615.jpg,hispa,6191
hispa\101617.jpg,hispa,6192
hispa\101620.jpg,hispa,6193
hispa\101642.jpg,hispa,6194
hispa\101643.jpg,hispa,6877
hispa\101653.jpg,hispa,6196
hispa\101654.jpg,hispa,7290
hispa\101655.jpg,hispa,6473
hispa\101661.jpg,hispa,6199
hispa\101664.jpg,hispa,6200
hispa\101670.jpg,hispa,6201
hispa\101696.jpg,hispa,6202
hispa\101697.jpg,hispa,6203
hispa\101705.jpg,hispa,6204
hispa\101708.jpg,hispa,7119
hispa\101717.jpg,hispa,6206
hispa\101723.jpg,hispa,6310
hispa\101727.jpg,hispa,6842
hispa\101734.jpg,hispa,6209
hispa\101746.jpg,hispa,6210
hispa\101748.jpg,hispa,6211
hispa\101774.jpg,hispa,6212
hispa\101788.jpg,hispa,7317
hispa\101790.jpg,hispa,6214
hispa\101801.jpg,hispa,6215
hispa\101808.jpg,hispa,6254
hispa\101821.jpg,hispa,6217
hispa\101822.jpg,hispa,6218
hispa\101824.jpg,hispa,6219
hispa\101828.jpg,hispa,6601
hispa\101835.jpg,hispa,7138
hispa\101836.jpg,hispa,7517
hispa\101838.jpg,hispa,6223
hispa\101852.jpg,hispa,6224
hispa\101854.jpg,hispa,6225
hispa\101862.jpg,hispa,6819
hispa\101871.jpg,hispa,6227
hispa\101880.jpg,hispa,6228
hispa\101882.jpg,hispa,6229
hispa\101893.jpg,hispa,6230
hispa\101897.jpg,hispa,6231
hispa\101905.jpg,hispa,7270
hispa\101916.jpg,hispa,6233
hispa\101917.jpg,hispa,6234
hispa\101920.jpg,hispa,6235
hispa\101921.jpg,hispa,6236
hispa\101922.jpg,hispa,6237
hispa\101924.jpg,hispa,6238
hispa\101925.jpg,hispa,6239
hispa\101928.jpg,hispa,7390
hispa\101932.jpg,hispa,6241
hispa\101939.jpg,hispa,6242
hispa\101943.jpg,hispa,6243
hispa\101945.jpg,hispa,6244
hispa\101946.jpg,hispa,6245
hispa\101948.jpg,hispa,7255
hispa\101950.jpg,hispa,6247
hispa\101976.jpg,hispa,6248
hispa\101982.jpg,hispa,6249
hispa\101987.jpg,hispa,6250
hispa\101991.jpg,hispa,6601
hispa\101996.jpg,hispa,6252
hispa\101997.jpg,hispa,7068
hispa\102004.jpg,hispa,6254
hispa\102017.jpg,hispa,6912
hispa\102031.jpg,hispa,7175
hispa\102033.jpg,hispa,7360
hispa\102051.jpg,hispa,6088
hispa\102058.jpg,hispa,7158
hispa\102059.jpg,hispa,6260
hispa\102061.jpg,hispa,6864
hispa\102074.jpg,hispa,6262
hispa\102081.jpg,hispa,6263
hispa\102085.jpg,hispa,7290
hispa\102095.jpg,hispa,6265
hispa\102098.jpg,hispa,6266
hispa\102099.jpg,hispa,6267
hispa\102105.jpg,hispa,6268
hispa\102115.jpg,hispa,6269
hispa\102138.jpg,hispa,6270
hispa\102143.jpg,hispa,6271
hispa\102152.jpg,hispa,7457
hispa\102160.jpg,hispa,7395
hispa\102161.jpg,hispa,6274
hispa\102165.jpg,hispa,6275
hispa\102176.jpg,hispa,7420
hispa\102179.jpg,hispa,7312
hispa\102181.jpg,hispa,6278
hispa\102183.jpg,hispa,6279
hispa\102186.jpg,hispa,6280
hispa\102209.jpg,hispa,8571
hispa\102211.jpg,hispa,6947
hispa\102217.jpg,hispa,6283
hispa\102226.jpg,hispa,6284
hispa\102227.jpg,hispa,6664
hispa\102233.jpg,hispa,6286
hispa\102246.jpg,hispa,6513
hispa\102248.jpg,hispa,6288
hispa\102260.jpg,hispa,7517
hispa\102261.jpg,hispa,6290
hispa\102262.jpg,hispa,7517
hispa\102278.jpg,hispa,6361
hispa\102282.jpg,hispa,6872
hispa\102286.jpg,hispa,6294
hispa\102291.jpg,hispa,7511
hispa\102297.jpg,hispa,6601
hispa\102299.jpg,hispa,6473
hispa\102301.jpg,hispa,6298
hispa\102302.jpg,hispa,6299
hispa\102310.jpg,hispa,6300
hispa\102321.jpg,hispa,6301
hispa\102326.jpg,hispa,6302
hispa\102330.jpg,hispa,6303
hispa\102346.jpg,hispa,6304
hispa\102352.jpg,hispa,6305
hispa\102355.jpg,hispa,6306
hispa\102358.jpg,hispa,6307
hispa\102361.jpg,hispa,6308
hispa\102364.jpg,hispa,6309
hispa\102366.jpg,hispa,6310
hispa\102373.jpg,hispa,6311
hispa\102384.jpg,hispa,6312
hispa\102386.jpg,hispa,6313
hispa\102391.jpg,hispa,6314
hispa\102394.jpg,hispa,6315
hispa\102412.jpg,hispa,6316
hispa\102421.jpg,hispa,6317
hispa\102435.jpg,hispa,6318
hispa\102436.jpg,hispa,6319
hispa\102448.jpg,hispa,6639
hispa\102458.jpg,hispa,6321
hispa\102473.jpg,hispa,6322
hispa\102479.jpg,hispa,6323
hispa\102481.jpg,hispa,6324
hispa\102493.jpg,hispa,8919
hispa\102495.jpg,hispa,7150
hispa\102497.jpg,hispa,6327
hispa\102500.jpg,hispa,6899
hispa\102511.jpg,hispa,6329
hispa\102512.jpg,hispa,6330
hispa\102517.jpg,hispa,6721
hispa\102519.jpg,hispa,6332
hispa\102524.jpg,hispa,6333
hispa\102530.jpg,hispa,6334
hispa\102535.jpg,hispa,6335
hispa\102563.jpg,hispa,6336
hispa\102566.jpg,hispa,6337
hispa\102567.jpg,hispa,6338
hispa\102568.jpg,hispa,6339
hispa\102577.jpg,hispa,6340
hispa\102591.jpg,hispa,6341
hispa\102597.jpg,hispa,6342
hispa\102599.jpg,hispa,6343
hispa\102610.jpg,hispa,6344
hispa\102613.jpg,hispa,6345
hispa\102614.jpg,hispa,6510
hispa\102618.jpg,hispa,7175
hispa\102628.jpg,hispa,6348
hispa\102635.jpg,hispa,6830
hispa\102656.jpg,hispa,6691
hispa\102657.jpg,hispa,6351
hispa\102665.jpg,hispa,6994
hispa\102669.jpg,hispa,6883
hispa\102672.jpg,hispa,6354
hispa\102679.jpg,hispa,6451
hispa\102682.jpg,hispa,6356
hispa\102696.jpg,hispa,7241
hispa\102708.jpg,hispa,6358
hispa\102712.jpg,hispa,6359
hispa\102719.jpg,hispa,6360
hispa\102728.jpg,hispa,6361
hispa\102740.jpg,hispa,7038
hispa\102751.jpg,hispa,6363
hispa\102752.jpg,hispa,6364
hispa\102754.jpg,hispa,6365
hispa\102758.jpg,hispa,6366
hispa\102760.jpg,hispa,6367
hispa\102761.jpg,hispa,6368
hispa\102764.jpg,hispa,7368
hispa\102767.jpg,hispa,6370
hispa\102768.jpg,hispa,7373
hispa\102769.jpg,hispa,6372
hispa\102776.jpg,hispa,6373
hispa\102781.jpg,hispa,6374
hispa\102784.jpg,hispa,6994
hispa\102791.jpg,hispa,6438
hispa\102793.jpg,hispa,6377
hispa\102798.jpg,hispa,6378
hispa\102799.jpg,hispa,6436
hispa\102807.jpg,hispa,6380
hispa\102811.jpg,hispa,6381
hispa\102815.jpg,hispa,6843
hispa\102818.jpg,hispa,6383
hispa\102825.jpg,hispa,6384
hispa\102840.jpg,hispa,6473
hispa\102842.jpg,hispa,7321
hispa\102858.jpg,hispa,6387
hispa\102866.jpg,hispa,6388
hispa\102868.jpg,hispa,6389
hispa\102869.jpg,hispa,7533
hispa\102889.jpg,hispa,6391
hispa\102898.jpg,hispa,6392
hispa\102899.jpg,hispa,8919
hispa\102900.jpg,hispa,6394
hispa\102903.jpg,hispa,6395
hispa\102915.jpg,hispa,6396
hispa\102918.jpg,hispa,6397
hispa\102929.jpg,hispa,6505
hispa\102931.jpg,hispa,6399
hispa\102952.jpg,hispa,6400
hispa\102965.jpg,hispa,6401
hispa\102966.jpg,hispa,6762
hispa\102968.jpg,hispa,7521
hispa\102970.jpg,hispa,6404
hispa\102978.jpg,hispa,6405
hispa\102979.jpg,hispa,6406
hispa\102983.jpg,hispa,6721
hispa\102998.jpg,hispa,7420
hispa\103000.jpg,hispa,6664
hispa\103005.jpg,hispa,7406
hispa\103017.jpg,hispa,6411
hispa\103022.jpg,hispa,6412
hispa\103035.jpg,hispa,6413
hispa\103044.jpg,hispa,6414
hispa\103046.jpg,hispa,6415
hispa\103049.jpg,hispa,7525
hispa\103064.jpg,hispa,6417
hispa\103074.jpg,hispa,6418
hispa\103076.jpg,hispa,6419
hispa\103087.jpg,hispa,6420
hispa\103088.jpg,hispa,6421
hispa\103105.jpg,hispa,6422
hispa\103111.jpg,hispa,6601
hispa\103115.jpg,hispa,6424
hispa\103117.jpg,hispa,6425
hispa\103136.jpg,hispa,7223
hispa\103139.jpg,hispa,6427
hispa\103143.jpg,hispa,6428
hispa\103153.jpg,hispa,6429
hispa\103164.jpg,hispa,7360
hispa\103176.jpg,hispa,6696
hispa\103185.jpg,hispa,7273
hispa\103190.jpg,hispa,6433
hispa\103203.jpg,hispa,6434
hispa\103206.jpg,hispa,7255
hispa\103210.jpg,hispa,6436
hispa\103214.jpg,hispa,6437
hispa\103216.jpg,hispa,6438
hispa\103222.jpg,hispa,6439
hispa\103226.jpg,hispa,6440
hispa\103232.jpg,hispa,6441
hispa\103234.jpg,hispa,6442
hispa\103236.jpg,hispa,6443
hispa\103241.jpg,hispa,7499
hispa\103242.jpg,hispa,6445
hispa\103243.jpg,hispa,6446
hispa\103248.jpg,hispa,7223
hispa\103258.jpg,hispa,6448
hispa\103274.jpg,hispa,6601
hispa\103277.jpg,hispa,6450
hispa\103278.jpg,hispa,6451
hispa\103280.jpg,hispa,6452
hispa\103290.jpg,hispa,6453
hispa\103297.jpg,hispa,7360
hispa\103316.jpg,hispa,7336
hispa\103324.jpg,hispa,7528
hispa\103333.jpg,hispa,6989
hispa\103335.jpg,hispa,6458
hispa\103345.jpg,hispa,6459
hispa\103348.jpg,hispa,6994
hispa\103352.jpg,hispa,6461
hispa\103358.jpg,hispa,6462
hispa\103366.jpg,hispa,6463
hispa\103371.jpg,hispa,6464
hispa\103382.jpg,hispa,6465
hispa\103383.jpg,hispa,6466
hispa\103385.jpg,hispa,6467
hispa\103386.jpg,hispa,6468
hispa\103394.jpg,hispa,6469
hispa\103395.jpg,hispa,6470
hispa\103411.jpg,hispa,6471
hispa\103414.jpg,hispa,6472
hispa\103436.jpg,hispa,6473
hispa\103443.jpg,hispa,6474
hispa\103450.jpg,hispa,6475
hispa\103457.jpg,hispa,6476
hispa\103461.jpg,hispa,6477
hispa\103464.jpg,hispa,6478
hispa\103480.jpg,hispa,6479
hispa\103484.jpg,hispa,7175
hispa\103485.jpg,hispa,6481
hispa\103486.jpg,hispa,6482
hispa\103496.jpg,hispa,6483
hispa\103499.jpg,hispa,6484
hispa\103527.jpg,hispa,6485
hispa\103530.jpg,hispa,6486
hispa\103536.jpg,hispa,6487
hispa\103551.jpg,hispa,6488
hispa\103566.jpg,hispa,6489
hispa\103587.jpg,hispa,6490
hispa\103598.jpg,hispa,6491
hispa\103599.jpg,hispa,6492
hispa\103605.jpg,hispa,6493
hispa\103623.jpg,hispa,6494
hispa\103627.jpg,hispa,6495
hispa\103631.jpg,hispa,7218
hispa\103636.jpg,hispa,6497
hispa\103638.jpg,hispa,6498
hispa\103641.jpg,hispa,7290
hispa\103642.jpg,hispa,6500
hispa\103648.jpg,hispa,6797
hispa\103650.jpg,hispa,6696
hispa\103651.jpg,hispa,6572
hispa\103656.jpg,hispa,6504
hispa\103658.jpg,hispa,6505
hispa\103663.jpg,hispa,6506
hispa\103667.jpg,hispa,6664
hispa\103668.jpg,hispa,6739
hispa\103677.jpg,hispa,6509
hispa\103678.jpg,hispa,6510
hispa\103685.jpg,hispa,6511
hispa\103693.jpg,hispa,6512
hispa\103695.jpg,hispa,6513
hispa\103706.jpg,hispa,6721
hispa\103710.jpg,hispa,7360
hispa\103711.jpg,hispa,7315
hispa\103718.jpg,hispa,6664
hispa\103724.jpg,hispa,6518
hispa\103747.jpg,hispa,6519
hispa\103752.jpg,hispa,6520
hispa\103765.jpg,hispa,6521
hispa\103767.jpg,hispa,6522
hispa\103769.jpg,hispa,6523
hispa\103776.jpg,hispa,6524
hispa\103782.jpg,hispa,6525
hispa\103786.jpg,hispa,6526
hispa\103792.jpg,hispa,6527
hispa\103794.jpg,hispa,6528
hispa\103800.jpg,hispa,7390
hispa\103807.jpg,hispa,6530
hispa\103813.jpg,hispa,10339
hispa\103816.jpg,hispa,6532
hispa\103823.jpg,hispa,6533
hispa\103825.jpg,hispa,6534
hispa\103826.jpg,hispa,6535
hispa\103827.jpg,hispa,6536
hispa\103829.jpg,hispa,7477
hispa\103831.jpg,hispa,6538
hispa\103857.jpg,hispa,6950
hispa\103861.jpg,hispa,6540
hispa\103875.jpg,hispa,7245
hispa\103878.jpg,hispa,6542
hispa\103889.jpg,hispa,6543
hispa\103908.jpg,hispa,6917
hispa\103911.jpg,hispa,6545
hispa\103912.jpg,hispa,6546
hispa\103917.jpg,hispa,6584
hispa\103919.jpg,hispa,6548
hispa\103939.jpg,hispa,7290
hispa\103944.jpg,hispa,6550
hispa\103951.jpg,hispa,6551
hispa\103954.jpg,hispa,6639
hispa\103962.jpg,hispa,7160
hispa\103966.jpg,hispa,6554
hispa\103967.jpg,hispa,6555
hispa\103974.jpg,hispa,6556
hispa\103976.jpg,hispa,7373
hispa\103977.jpg,hispa,7208
hispa\103980.jpg,hispa,6559
hispa\104030.jpg,hispa,6560
hispa\104034.jpg,hispa,6658
hispa\104037.jpg,hispa,6562
hispa\104045.jpg,hispa,6563
hispa\104050.jpg,hispa,6564
hispa\104064.jpg,hispa,7185
hispa\104073.jpg,hispa,6566
hispa\104081.jpg,hispa,7139
hispa\104090.jpg,hispa,6568
hispa\104099.jpg,hispa,7017
hispa\104101.jpg,hispa,6570
hispa\104109.jpg,hispa,6571
hispa\104114.jpg,hispa,6572
hispa\104117.jpg,hispa,6573
hispa\104119.jpg,hispa,7329
hispa\104123.jpg,hispa,6575
hispa\104125.jpg,hispa,6576
hispa\104132.jpg,hispa,7175
hispa\104138.jpg,hispa,6578
hispa\104143.jpg,hispa,7201
hispa\104153.jpg,hispa,6580
hispa\104168.jpg,hispa,6581
hispa\104171.jpg,hispa,6582
hispa\104172.jpg,hispa,6583
hispa\104177.jpg,hispa,6584
hispa\104182.jpg,hispa,6585
hispa\104185.jpg,hispa,6586
hispa\104187.jpg,hispa,6587
hispa\104199.jpg,hispa,6588
hispa\104214.jpg,hispa,6589
hispa\104221.jpg,hispa,6590
hispa\104222.jpg,hispa,6591
hispa\104231.jpg,hispa,6592
hispa\104242.jpg,hispa,7175
hispa\104248.jpg,hispa,6594
hispa\104267.jpg,hispa,6595
hispa\104268.jpg,hispa,6596
hispa\104280.jpg,hispa,6597
hispa\104288.jpg,hispa,6598
hispa\104293.jpg,hispa,6599
hispa\104301.jpg,hispa,6600
hispa\104302.jpg,hispa,6601
hispa\104304.jpg,hispa,6602
hispa\104306.jpg,hispa,6603
hispa\104318.jpg,hispa,6604
hispa\104329.jpg,hispa,6605
hispa\104331.jpg,hispa,7160
hispa\104332.jpg,hispa,6607
hispa\104335.jpg,hispa,6608
hispa\104340.jpg,hispa,6609
hispa\104341.jpg,hispa,6610
hispa\104343.jpg,hispa,6652
hispa\104348.jpg,hispa,7018
hispa\104349.jpg,hispa,7248
hispa\104366.jpg,hispa,6614
hispa\104371.jpg,hispa,6615
hispa\104375.jpg,hispa,6616
hispa\104377.jpg,hispa,6617
hispa\104380.jpg,hispa,6618
hispa\104403.jpg,hispa,6619
hispa\104407.jpg,hispa,6620
hispa\104416.jpg,hispa,6647
hispa\104421.jpg,hispa,6622
hispa\104423.jpg,hispa,6623
hispa\104431.jpg,hispa,6624
hispa\104435.jpg,hispa,6872
hispa\104440.jpg,hispa,6626
hispa\104441.jpg,hispa,6746
hispa\104446.jpg,hispa,6628
hispa\104454.jpg,hispa,7175
hispa\104463.jpg,hispa,6630
hispa\104469.jpg,hispa,6631
hispa\104474.jpg,hispa,7160
hispa\104489.jpg,hispa,7038
hispa\104496.jpg,hispa,6634
hispa\104500.jpg,hispa,7018
hispa\104501.jpg,hispa,6636
hispa\104504.jpg,hispa,6637
hispa\104512.jpg,hispa,6638
hispa\104524.jpg,hispa,6639
hispa\104525.jpg,hispa,6640
hispa\104537.jpg,hispa,6994
hispa\104538.jpg,hispa,7105
hispa\104545.jpg,hispa,6738
hispa\104550.jpg,hispa,6644
hispa\104553.jpg,hispa,6645
hispa\104557.jpg,hispa,6773
hispa\104581.jpg,hispa,6647
hispa\104584.jpg,hispa,6648
hispa\104588.jpg,hispa,6649
hispa\104591.jpg,hispa,6650
hispa\104592.jpg,hispa,7175
hispa\104593.jpg,hispa,6652
hispa\104594.jpg,hispa,6653
hispa\104599.jpg,hispa,7290
hispa\104612.jpg,hispa,7477
hispa\104614.jpg,hispa,6656
hispa\104619.jpg,hispa,6657
hispa\104633.jpg,hispa,6658
hispa\104638.jpg,hispa,6659
hispa\104654.jpg,hispa,7349
hispa\104662.jpg,hispa,6875
hispa\104665.jpg,hispa,6662
hispa\104679.jpg,hispa,6663
hispa\104681.jpg,hispa,6664
hispa\104682.jpg,hispa,6665
hispa\104692.jpg,hispa,6666
hispa\104693.jpg,hispa,7395
hispa\104699.jpg,hispa,6668
hispa\104705.jpg,hispa,6669
hispa\104712.jpg,hispa,6670
hispa\104713.jpg,hispa,7202
hispa\104715.jpg,hispa,6672
hispa\104719.jpg,hispa,6673
hispa\104723.jpg,hispa,6674
hispa\104729.jpg,hispa,6675
hispa\104735.jpg,hispa,6676
hispa\104736.jpg,hispa,6862
hispa\104748.jpg,hispa,6678
hispa\104768.jpg,hispa,6679
hispa\104779.jpg,hispa,6680
hispa\104780.jpg,hispa,6681
hispa\104793.jpg,hispa,6994
hispa\104795.jpg,hispa,2205
hispa\104807.jpg,hispa,6684
hispa\104811.jpg,hispa,6685
hispa\104822.jpg,hispa,7086
hispa\104823.jpg,hispa,7499
hispa\104826.jpg,hispa,6688
hispa\104833.jpg,hispa,6689
hispa\104834.jpg,hispa,6601
hispa\104838.jpg,hispa,6691
hispa\104841.jpg,hispa,6692
hispa\104849.jpg,hispa,6693
hispa\104855.jpg,hispa,6694
hispa\104859.jpg,hispa,6695
hispa\104877.jpg,hispa,6696
hispa\104880.jpg,hispa,6697
hispa\104891.jpg,hispa,6698
hispa\104894.jpg,hispa,6699
hispa\104907.jpg,hispa,7373
hispa\104909.jpg,hispa,6701
hispa\104910.jpg,hispa,6702
hispa\104915.jpg,hispa,6703
hispa\104918.jpg,hispa,7363
hispa\104925.jpg,hispa,6705
hispa\104935.jpg,hispa,6706
hispa\104940.jpg,hispa,7477
hispa\104944.jpg,hispa,6708
hispa\104945.jpg,hispa,6709
hispa\104946.jpg,hispa,6710
hispa\104947.jpg,hispa,6711
hispa\104955.jpg,hispa,6988
hispa\104959.jpg,hispa,6713
hispa\104960.jpg,hispa,6714
hispa\104967.jpg,hispa,6715
hispa\104969.jpg,hispa,6716
hispa\104973.jpg,hispa,6717
hispa\104976.jpg,hispa,6718
hispa\104979.jpg,hispa,7505
hispa\104981.jpg,hispa,6883
hispa\104985.jpg,hispa,6721
hispa\104986.jpg,hispa,6722
hispa\104996.jpg,hispa,6723
hispa\105001.jpg,hispa,6724
hispa\105012.jpg,hispa,6725
hispa\105018.jpg,hispa,7017
hispa\105020.jpg,hispa,6727
hispa\105030.jpg,hispa,6728
hispa\105035.jpg,hispa,6729
hispa\105039.jpg,hispa,6730
hispa\105043.jpg,hispa,7098
hispa\105053.jpg,hispa,6732
hispa\105056.jpg,hispa,6733
hispa\105060.jpg,hispa,6734
hispa\105063.jpg,hispa,6735
hispa\105073.jpg,hispa,6736
hispa\105087.jpg,hispa,6737
hispa\105095.jpg,hispa,6738
hispa\105096.jpg,hispa,6739
hispa\105097.jpg,hispa,6740
hispa\105102.jpg,hispa,6741
hispa\105105.jpg,hispa,7363
hispa\105108.jpg,hispa,6743
hispa\105116.jpg,hispa,7544
hispa\105137.jpg,hispa,7134
hispa\105146.jpg,hispa,6746
hispa\105153.jpg,hispa,6747
hispa\105156.jpg,hispa,6748
hispa\105166.jpg,hispa,6749
hispa\105178.jpg,hispa,6750
hispa\105184.jpg,hispa,6751
hispa\105190.jpg,hispa,6752
hispa\105191.jpg,hispa,6753
hispa\105216.jpg,hispa,7360
hispa\105222.jpg,hispa,6755
hispa\105225.jpg,hispa,6230
hispa\105252.jpg,hispa,6757
hispa\105254.jpg,hispa,6758
hispa\105278.jpg,hispa,6759
hispa\105286.jpg,hispa,6760
hispa\105295.jpg,hispa,6761
hispa\105303.jpg,hispa,6762
hispa\105305.jpg,hispa,6763
hispa\105310.jpg,hispa,6764
hispa\105312.jpg,hispa,6765
hispa\105334.jpg,hispa,6766
hispa\105336.jpg,hispa,6767
hispa\105339.jpg,hispa,6639
hispa\105346.jpg,hispa,6769
hispa\105356.jpg,hispa,6770
hispa\105362.jpg,hispa,6771
hispa\105365.jpg,hispa,6772
hispa\105367.jpg,hispa,6773
hispa\105369.jpg,hispa,6774
hispa\105373.jpg,hispa,6775
hispa\105376.jpg,hispa,6601
hispa\105379.jpg,hispa,6777
hispa\105382.jpg,hispa,6778
hispa\105384.jpg,hispa,6862
hispa\105388.jpg,hispa,6696
hispa\105390.jpg,hispa,6781
hispa\105392.jpg,hispa,6782
hispa\105393.jpg,hispa,6783
hispa\105398.jpg,hispa,6784
hispa\105401.jpg,hispa,6785
hispa\105407.jpg,hispa,6786
hispa\105408.jpg,hispa,6787
hispa\105409.jpg,hispa,6788
hispa\105413.jpg,hispa,6789
hispa\105414.jpg,hispa,6790
hispa\105420.jpg,hispa,6791
hispa\105436.jpg,hispa,6792
hispa\105438.jpg,hispa,6793
hispa\105447.jpg,hispa,6794
hispa\105455.jpg,hispa,6795
hispa\105465.jpg,hispa,6796
hispa\105473.jpg,hispa,6797
hispa\105494.jpg,hispa,6862
hispa\105505.jpg,hispa,6799
hispa\105512.jpg,hispa,6800
hispa\105529.jpg,hispa,7360
hispa\105535.jpg,hispa,6802
hispa\105546.jpg,hispa,6803
hispa\105558.jpg,hispa,6804
hispa\105567.jpg,hispa,7160
hispa\105571.jpg,hispa,6806
hispa\105577.jpg,hispa,6807
hispa\105595.jpg,hispa,6808
hispa\105600.jpg,hispa,6809
hispa\105601.jpg,hispa,6810
hispa\105602.jpg,hispa,6811
hispa\105605.jpg,hispa,7175
hispa\105607.jpg,hispa,7098
hispa\105610.jpg,hispa,6814
hispa\105618.jpg,hispa,6815
hispa\105621.jpg,hispa,6910
hispa\105622.jpg,hispa,6817
hispa\105624.jpg,hispa,6818
hispa\105634.jpg,hispa,6819
hispa\105664.jpg,hispa,7373
hispa\105672.jpg,hispa,6821
hispa\105674.jpg,hispa,6601
hispa\105683.jpg,hispa,6823
hispa\105689.jpg,hispa,6824
hispa\105691.jpg,hispa,7406
hispa\105704.jpg,hispa,6826
hispa\105708.jpg,hispa,6827
hispa\105710.jpg,hispa,6994
hispa\105711.jpg,hispa,7406
hispa\105712.jpg,hispa,6830
hispa\105714.jpg,hispa,6994
hispa\105722.jpg,hispa,7275
hispa\105723.jpg,hispa,6833
hispa\105728.jpg,hispa,6834
hispa\105729.jpg,hispa,6835
hispa\105730.jpg,hispa,6361
hispa\105737.jpg,hispa,6837
hispa\105741.jpg,hispa,6838
hispa\105742.jpg,hispa,6839
hispa\105744.jpg,hispa,6840
hispa\105750.jpg,hispa,6841
hispa\105761.jpg,hispa,6842
hispa\105779.jpg,hispa,6843
hispa\105783.jpg,hispa,6844
hispa\105790.jpg,hispa,6845
hispa\105791.jpg,hispa,7123
hispa\105792.jpg,hispa,6847
hispa\105802.jpg,hispa,6848
hispa\105835.jpg,hispa,6849
hispa\105837.jpg,hispa,6850
hispa\105838.jpg,hispa,6851
hispa\105839.jpg,hispa,6852
hispa\105855.jpg,hispa,6853
hispa\105865.jpg,hispa,6854
hispa\105877.jpg,hispa,6445
hispa\105893.jpg,hispa,6856
hispa\105906.jpg,hispa,6857
hispa\105911.jpg,hispa,6858
hispa\105922.jpg,hispa,7509
hispa\105923.jpg,hispa,6860
hispa\105924.jpg,hispa,6861
hispa\105929.jpg,hispa,6862
hispa\105943.jpg,hispa,7499
hispa\105950.jpg,hispa,6864
hispa\105959.jpg,hispa,6865
hispa\105984.jpg,hispa,6866
hispa\105986.jpg,hispa,6867
hispa\105991.jpg,hispa,6868
hispa\105994.jpg,hispa,6869
hispa\105999.jpg,hispa,6870
hispa\106004.jpg,hispa,6871
hispa\106013.jpg,hispa,6872
hispa\106017.jpg,hispa,6746
hispa\106029.jpg,hispa,6874
hispa\106036.jpg,hispa,6875
hispa\106058.jpg,hispa,6876
hispa\106063.jpg,hispa,6877
hispa\106068.jpg,hispa,6878
hispa\106077.jpg,hispa,7068
hispa\106085.jpg,hispa,7165
hispa\106087.jpg,hispa,6881
hispa\106103.jpg,hispa,7373
hispa\106108.jpg,hispa,6883
hispa\106109.jpg,hispa,6884
hispa\106112.jpg,hispa,6885
hispa\106118.jpg,hispa,6886
hispa\106128.jpg,hispa,6887
hispa\106135.jpg,hispa,6888
hispa\106140.jpg,hispa,6889
hispa\106162.jpg,hispa,7202
hispa\106165.jpg,hispa,6891
hispa\106166.jpg,hispa,6994
hispa\106171.jpg,hispa,7160
hispa\106183.jpg,hispa,6894
hispa\106189.jpg,hispa,7101
hispa\106195.jpg,hispa,6896
hispa\106210.jpg,hispa,6947
hispa\106218.jpg,hispa,6898
hispa\106229.jpg,hispa,6899
hispa\106234.jpg,hispa,6900
hispa\106239.jpg,hispa,6901
hispa\106252.jpg,hispa,6902
hispa\106253.jpg,hispa,6903
hispa\106262.jpg,hispa,6904
hispa\106264.jpg,hispa,6905
hispa\106270.jpg,hispa,6906
hispa\106275.jpg,hispa,6907
hispa\106304.jpg,hispa,6908
hispa\106307.jpg,hispa,6909
hispa\106309.jpg,hispa,6910
hispa\106316.jpg,hispa,6911
hispa\106317.jpg,hispa,6912
hispa\106319.jpg,hispa,6913
hispa\106323.jpg,hispa,6914
hispa\106329.jpg,hispa,7373
hispa\106347.jpg,hispa,6916
hispa\106348.jpg,hispa,6917
hispa\106351.jpg,hispa,6918
hispa\106352.jpg,hispa,6919
hispa\106356.jpg,hispa,7373
hispa\106358.jpg,hispa,6921
hispa\106364.jpg,hispa,6922
hispa\106370.jpg,hispa,6923
hispa\106373.jpg,hispa,6924
hispa\106380.jpg,hispa,6925
hispa\106381.jpg,hispa,7015
hispa\106382.jpg,hispa,6927
hispa\106394.jpg,hispa,6928
hispa\106408.jpg,hispa,6929
hispa\106412.jpg,hispa,6930
hispa\106414.jpg,hispa,6931
hispa\106420.jpg,hispa,6932
hispa\106427.jpg,hispa,6933
hispa\106428.jpg,hispa,7393
hispa\106429.jpg,hispa,6935
hispa\106436.jpg,hispa,6936
hispa\106440.jpg,hispa,6773
hispa\106442.jpg,hispa,6938
hispa\106446.jpg,hispa,6939
hispa\106450.jpg,hispa,6445
hispa\106452.jpg,hispa,7175
hispa\106460.jpg,hispa,6942
hispa\106471.jpg,hispa,6943
hispa\106485.jpg,hispa,6944
hispa\106487.jpg,hispa,6945
hispa\106491.jpg,hispa,6946
hispa\106499.jpg,hispa,6947
hispa\106501.jpg,hispa,6948
hispa\106506.jpg,hispa,6949
hispa\106507.jpg,hispa,6950
hispa\106509.jpg,hispa,6951
hispa\106518.jpg,hispa,6952
hispa\106526.jpg,hispa,6953
hispa\106530.jpg,hispa,6954
hispa\106534.jpg,hispa,6955
hispa\106535.jpg,hispa,6956
hispa\106544.jpg,hispa,7401
hispa\106546.jpg,hispa,8919
hispa\106554.jpg,hispa,6959
hispa\106556.jpg,hispa,7393
hispa\106561.jpg,hispa,6961
hispa\106580.jpg,hispa,6962
hispa\106583.jpg,hispa,6963
hispa\106584.jpg,hispa,6964
hispa\106585.jpg,hispa,6965
hispa\106587.jpg,hispa,6966
hispa\106590.jpg,hispa,6967
hispa\106600.jpg,hispa,6361
hispa\106601.jpg,hispa,6969
hispa\106610.jpg,hispa,6970
hispa\106630.jpg,hispa,6971
hispa\106634.jpg,hispa,6972
hispa\106651.jpg,hispa,6659
hispa\106654.jpg,hispa,6974
hispa\106656.jpg,hispa,6975
hispa\106665.jpg,hispa,6976
hispa\106667.jpg,hispa,7360
hispa\106673.jpg,hispa,6978
hispa\106675.jpg,hispa,6979
hispa\106677.jpg,hispa,6980
hispa\106678.jpg,hispa,6981
hispa\106705.jpg,hispa,6982
hispa\106710.jpg,hispa,7525
hispa\106718.jpg,hispa,6984
hispa\106726.jpg,hispa,6872
hispa\106728.jpg,hispa,6986
hispa\106732.jpg,hispa,6987
hispa\106739.jpg,hispa,6988
hispa\106751.jpg,hispa,6989
hispa\106763.jpg,hispa,6990
hispa\106765.jpg,hispa,6991
hispa\106766.jpg,hispa,6992
hispa\106785.jpg,hispa,6993
hispa\106789.jpg,hispa,6994
hispa\106791.jpg,hispa,6995
hispa\106809.jpg,hispa,7160
hispa\106813.jpg,hispa,6997
hispa\106816.jpg,hispa,6998
hispa\106817.jpg,hispa,6999
hispa\106819.jpg,hispa,7000
hispa\106826.jpg,hispa,7001
hispa\106828.jpg,hispa,7451
hispa\106835.jpg,hispa,7003
hispa\106841.jpg,hispa,7004
hispa\106849.jpg,hispa,7005
hispa\106858.jpg,hispa,7006
hispa\106862.jpg,hispa,6918
hispa\106866.jpg,hispa,7008
hispa\106880.jpg,hispa,7009
hispa\106887.jpg,hispa,7010
hispa\106896.jpg,hispa,7373
hispa\106900.jpg,hispa,7012
hispa\106905.jpg,hispa,7013
hispa\106906.jpg,hispa,7014
hispa\106912.jpg,hispa,7015
hispa\106920.jpg,hispa,7016
hispa\106922.jpg,hispa,7017
hispa\106923.jpg,hispa,7018
hispa\106927.jpg,hispa,7019
hispa\106939.jpg,hispa,7020
hispa\106941.jpg,hispa,7113
hispa\106958.jpg,hispa,7017
hispa\106960.jpg,hispa,7224
hispa\106961.jpg,hispa,6473
hispa\106965.jpg,hispa,7176
hispa\106972.jpg,hispa,7026
hispa\106982.jpg,hispa,7027
hispa\106983.jpg,hispa,7028
hispa\106987.jpg,hispa,7029
hispa\106992.jpg,hispa,7030
hispa\106993.jpg,hispa,7031
hispa\107000.jpg,hispa,7032
hispa\107004.jpg,hispa,7033
hispa\107019.jpg,hispa,7034
hispa\107020.jpg,hispa,7035
hispa\107027.jpg,hispa,7036
hispa\107035.jpg,hispa,6674
hispa\107037.jpg,hispa,7038
hispa\107046.jpg,hispa,7039
hispa\107062.jpg,hispa,7040
hispa\107065.jpg,hispa,7074
hispa\107078.jpg,hispa,7201
hispa\107085.jpg,hispa,7043
hispa\107092.jpg,hispa,7044
hispa\107096.jpg,hispa,7018
hispa\107097.jpg,hispa,7373
hispa\107102.jpg,hispa,7047
hispa\107103.jpg,hispa,7321
hispa\107108.jpg,hispa,7049
hispa\107130.jpg,hispa,7050
hispa\107138.jpg,hispa,7051
hispa\107143.jpg,hispa,7052
hispa\107149.jpg,hispa,7053
hispa\107157.jpg,hispa,7054
hispa\107164.jpg,hispa,7055
hispa\107167.jpg,hispa,7056
hispa\107168.jpg,hispa,7057
hispa\107188.jpg,hispa,7058
hispa\107193.jpg,hispa,7059
hispa\107197.jpg,hispa,7060
hispa\107201.jpg,hispa,7061
hispa\107205.jpg,hispa,7380
hispa\107212.jpg,hispa,6664
hispa\107216.jpg,hispa,8914
hispa\107223.jpg,hispa,10339
hispa\107228.jpg,hispa,7066
hispa\107241.jpg,hispa,7067
hispa\107244.jpg,hispa,7068
hispa\107260.jpg,hispa,7069
hispa\107275.jpg,hispa,7070
hispa\107279.jpg,hispa,7071
hispa\107281.jpg,hispa,7224
hispa\107292.jpg,hispa,7073
hispa\107294.jpg,hispa,7074
hispa\107297.jpg,hispa,7075
hispa\107313.jpg,hispa,7076
hispa\107314.jpg,hispa,7077
hispa\107316.jpg,hispa,7078
hispa\107335.jpg,hispa,7079
hispa\107340.jpg,hispa,7080
hispa\107343.jpg,hispa,2205
hispa\107347.jpg,hispa,7082
hispa\107352.jpg,hispa,7083
hispa\107368.jpg,hispa,7084
hispa\107372.jpg,hispa,7085
hispa\107375.jpg,hispa,7086
hispa\107378.jpg,hispa,7087
hispa\107380.jpg,hispa,7088
hispa\107394.jpg,hispa,7089
hispa\107407.jpg,hispa,7090
hispa\107414.jpg,hispa,7018
hispa\107416.jpg,hispa,7092
hispa\107421.jpg,hispa,7101
hispa\107429.jpg,hispa,7308
hispa\107439.jpg,hispa,7095
hispa\107443.jpg,hispa,6664
hispa\107461.jpg,hispa,7097
hispa\107470.jpg,hispa,7098
hispa\107478.jpg,hispa,7099
hispa\107481.jpg,hispa,7100
hispa\107485.jpg,hispa,7101
hispa\107495.jpg,hispa,7102
hispa\107498.jpg,hispa,7232
hispa\107510.jpg,hispa,8914
hispa\107513.jpg,hispa,7105
hispa\107521.jpg,hispa,7106
hispa\107538.jpg,hispa,7107
hispa\107544.jpg,hispa,7108
hispa\107546.jpg,hispa,7109
hispa\107556.jpg,hispa,7110
hispa\107576.jpg,hispa,7349
hispa\107578.jpg,hispa,7112
hispa\107582.jpg,hispa,7113
hispa\107587.jpg,hispa,7395
hispa\107601.jpg,hispa,7115
hispa\107618.jpg,hispa,7116
hispa\107620.jpg,hispa,7337
hispa\107626.jpg,hispa,7118
hispa\107632.jpg,hispa,7119
hispa\107633.jpg,hispa,7361
hispa\107637.jpg,hispa,7121
hispa\107651.jpg,hispa,7122
hispa\107658.jpg,hispa,7123
hispa\107671.jpg,hispa,7124
hispa\107673.jpg,hispa,7125
hispa\107678.jpg,hispa,7126
hispa\107683.jpg,hispa,7127
hispa\107684.jpg,hispa,7139
hispa\107693.jpg,hispa,7129
hispa\107702.jpg,hispa,7130
hispa\107710.jpg,hispa,7131
hispa\107716.jpg,hispa,7132
hispa\107723.jpg,hispa,7133
hispa\107724.jpg,hispa,7134
hispa\107730.jpg,hispa,7135
hispa\107739.jpg,hispa,7136
hispa\107743.jpg,hispa,7137
hispa\107745.jpg,hispa,7138
hispa\107753.jpg,hispa,7139
hispa\107757.jpg,hispa,7098
hispa\107768.jpg,hispa,7258
hispa\107772.jpg,hispa,7142
hispa\107777.jpg,hispa,7376
hispa\107779.jpg,hispa,7144
hispa\107791.jpg,hispa,7218
hispa\107796.jpg,hispa,7146
hispa\107806.jpg,hispa,7147
hispa\107807.jpg,hispa,7148
hispa\107814.jpg,hispa,7149
hispa\107822.jpg,hispa,7150
hispa\107823.jpg,hispa,7151
hispa\107831.jpg,hispa,7152
hispa\107832.jpg,hispa,7153
hispa\107834.jpg,hispa,7154
hispa\107840.jpg,hispa,7155
hispa\107842.jpg,hispa,7156
hispa\107845.jpg,hispa,7157
hispa\107852.jpg,hispa,7158
hispa\107853.jpg,hispa,7159
hispa\107865.jpg,hispa,7160
hispa\107866.jpg,hispa,7161
hispa\107882.jpg,hispa,7162
hispa\107887.jpg,hispa,6994
hispa\107906.jpg,hispa,7160
hispa\107908.jpg,hispa,7165
hispa\107916.jpg,hispa,7526
hispa\107917.jpg,hispa,7393
hispa\107918.jpg,hispa,7168
hispa\107922.jpg,hispa,7169
hispa\107927.jpg,hispa,7170
hispa\107935.jpg,hispa,7171
hispa\107944.jpg,hispa,7290
hispa\107949.jpg,hispa,7173
hispa\107955.jpg,hispa,7174
hispa\107959.jpg,hispa,7175
hispa\107961.jpg,hispa,7176
hispa\107968.jpg,hispa,7160
hispa\107969.jpg,hispa,7178
hispa\107978.jpg,hispa,7179
hispa\107983.jpg,hispa,7180
hispa\107992.jpg,hispa,7181
hispa\107994.jpg,hispa,7182
hispa\107997.jpg,hispa,7183
hispa\108000.jpg,hispa,7184
hispa\108004.jpg,hispa,7185
hispa\108016.jpg,hispa,7186
hispa\108026.jpg,hispa,7187
hispa\108030.jpg,hispa,7188
hispa\108032.jpg,hispa,7189
hispa\108043.jpg,hispa,7190
hispa\108051.jpg,hispa,7191
hispa\108061.jpg,hispa,7192
hispa\108064.jpg,hispa,7193
hispa\108085.jpg,hispa,7194
hispa\108098.jpg,hispa,7195
hispa\108099.jpg,hispa,7196
hispa\108105.jpg,hispa,7197
hispa\108109.jpg,hispa,7198
hispa\108110.jpg,hispa,7199
hispa\108113.jpg,hispa,6659
hispa\108122.jpg,hispa,7201
hispa\108124.jpg,hispa,7202
hispa\108127.jpg,hispa,7203
hispa\108142.jpg,hispa,7204
hispa\108145.jpg,hispa,7205
hispa\108157.jpg,hispa,7206
hispa\108167.jpg,hispa,7207
hispa\108169.jpg,hispa,7208
hispa\108171.jpg,hispa,7209
hispa\108177.jpg,hispa,7210
hispa\108189.jpg,hispa,7211
hispa\108206.jpg,hispa,7212
hispa\108207.jpg,hispa,7213
hispa\108211.jpg,hispa,7214
hispa\108219.jpg,hispa,7215
hispa\108224.jpg,hispa,7216
hispa\108229.jpg,hispa,7217
hispa\108230.jpg,hispa,7218
hispa\108236.jpg,hispa,7219
hispa\108244.jpg,hispa,7220
hispa\108251.jpg,hispa,6601
hispa\108260.jpg,hispa,7038
hispa\108263.jpg,hispa,7223
hispa\108266.jpg,hispa,7224
hispa\108267.jpg,hispa,7225
hispa\108272.jpg,hispa,7226
hispa\108281.jpg,hispa,7227
hispa\108282.jpg,hispa,7228
hispa\108288.jpg,hispa,7229
hispa\108298.jpg,hispa,7230
hispa\108305.jpg,hispa,7231
hispa\108306.jpg,hispa,7232
hispa\108308.jpg,hispa,7360
hispa\108309.jpg,hispa,7234
hispa\108312.jpg,hispa,7235
hispa\108315.jpg,hispa,7236
hispa\108317.jpg,hispa,7237
hispa\108322.jpg,hispa,7238
hispa\108341.jpg,hispa,7239
hispa\108352.jpg,hispa,7240
hispa\108374.jpg,hispa,7241
hispa\108375.jpg,hispa,7242
hispa\108383.jpg,hispa,6601
hispa\108384.jpg,hispa,7517
hispa\108401.jpg,hispa,7245
hispa\108410.jpg,hispa,7246
hispa\108411.jpg,hispa,7247
hispa\108421.jpg,hispa,7248
hispa\108432.jpg,hispa,7249
hispa\108435.jpg,hispa,7250
hispa\108436.jpg,hispa,7251
hispa\108439.jpg,hispa,7252
hispa\108441.jpg,hispa,7253
hispa\108447.jpg,hispa,7254
hispa\108452.jpg,hispa,7255
hispa\108457.jpg,hispa,7256
hispa\108458.jpg,hispa,7257
hispa\108465.jpg,hispa,7258
hispa\108474.jpg,hispa,7259
hispa\108476.jpg,hispa,7260
hispa\108483.jpg,hispa,7477
hispa\108491.jpg,hispa,7262
hispa\108493.jpg,hispa,6994
hispa\108508.jpg,hispa,7264
hispa\108515.jpg,hispa,7265
hispa\108516.jpg,hispa,7266
hispa\108518.jpg,hispa,7267
hispa\108519.jpg,hispa,7268
hispa\108530.jpg,hispa,7269
hispa\108539.jpg,hispa,7270
hispa\108550.jpg,hispa,7271
hispa\108554.jpg,hispa,7272
hispa\108563.jpg,hispa,7273
hispa\108566.jpg,hispa,7274
hispa\108568.jpg,hispa,7275
hispa\108569.jpg,hispa,7276
hispa\108574.jpg,hispa,7277
hispa\108575.jpg,hispa,7278
hispa\108589.jpg,hispa,7279
hispa\108594.jpg,hispa,7280
hispa\108606.jpg,hispa,7281
hispa\108619.jpg,hispa,7282
hispa\108635.jpg,hispa,7283
hispa\108640.jpg,hispa,7284
hispa\108645.jpg,hispa,7478
hispa\108653.jpg,hispa,7286
hispa\108671.jpg,hispa,7287
hispa\108678.jpg,hispa,7288
hispa\108679.jpg,hispa,7289
hispa\108682.jpg,hispa,7290
hispa\108684.jpg,hispa,7291
hispa\108690.jpg,hispa,7292
hispa\108692.jpg,hispa,7293
hispa\108698.jpg,hispa,7525
hispa\108699.jpg,hispa,7295
hispa\108700.jpg,hispa,7296
hispa\108703.jpg,hispa,7297
hispa\108707.jpg,hispa,7298
hispa\108712.jpg,hispa,7299
hispa\108716.jpg,hispa,7300
hispa\108729.jpg,hispa,7301
hispa\108747.jpg,hispa,7302
hispa\108749.jpg,hispa,7360
hispa\108758.jpg,hispa,7304
hispa\108768.jpg,hispa,7305
hispa\108772.jpg,hispa,7306
hispa\108782.jpg,hispa,6862
hispa\108790.jpg,hispa,7308
hispa\108791.jpg,hispa,7309
hispa\108792.jpg,hispa,7310
hispa\108797.jpg,hispa,7311
hispa\108801.jpg,hispa,7312
hispa\108803.jpg,hispa,7313
hispa\108805.jpg,hispa,7314
hispa\108821.jpg,hispa,7315
hispa\108831.jpg,hispa,7316
hispa\108832.jpg,hispa,7317
hispa\108833.jpg,hispa,7318
hispa\108840.jpg,hispa,7319
hispa\108846.jpg,hispa,7320
hispa\108848.jpg,hispa,7321
hispa\108849.jpg,hispa,7322
hispa\108853.jpg,hispa,7369
hispa\108854.jpg,hispa,7175
hispa\108866.jpg,hispa,7325
hispa\108869.jpg,hispa,7326
hispa\108880.jpg,hispa,7086
hispa\108885.jpg,hispa,7328
hispa\108906.jpg,hispa,7329
hispa\108909.jpg,hispa,7330
hispa\108912.jpg,hispa,7331
hispa\108914.jpg,hispa,8351
hispa\108918.jpg,hispa,7333
hispa\108923.jpg,hispa,7334
hispa\108924.jpg,hispa,6659
hispa\108927.jpg,hispa,7336
hispa\108948.jpg,hispa,7337
hispa\108950.jpg,hispa,7338
hispa\108951.jpg,hispa,7339
hispa\108953.jpg,hispa,7340
hispa\108955.jpg,hispa,7508
hispa\108957.jpg,hispa,7342
hispa\108959.jpg,hispa,7343
hispa\108966.jpg,hispa,7344
hispa\108969.jpg,hispa,7345
hispa\108979.jpg,hispa,8919
hispa\108982.jpg,hispa,7347
hispa\108984.jpg,hispa,7348
hispa\108991.jpg,hispa,7349
hispa\108992.jpg,hispa,7350
hispa\109018.jpg,hispa,6872
hispa\109030.jpg,hispa,7352
hispa\109031.jpg,hispa,7353
hispa\109033.jpg,hispa,7354
hispa\109035.jpg,hispa,7355
hispa\109047.jpg,hispa,7356
hispa\109052.jpg,hispa,7357
hispa\109055.jpg,hispa,7358
hispa\109056.jpg,hispa,7359
hispa\109064.jpg,hispa,7360
hispa\109074.jpg,hispa,7361
hispa\109081.jpg,hispa,7362
hispa\109082.jpg,hispa,7363
hispa\109090.jpg,hispa,7364
hispa\109107.jpg,hispa,7365
hispa\109109.jpg,hispa,7366
hispa\109118.jpg,hispa,7367
hispa\109127.jpg,hispa,7368
hispa\109130.jpg,hispa,7369
hispa\109132.jpg,hispa,7370
hispa\109142.jpg,hispa,7371
hispa\109149.jpg,hispa,7372
hispa\109153.jpg,hispa,7373
hispa\109160.jpg,hispa,6664
hispa\109185.jpg,hispa,7375
hispa\109201.jpg,hispa,7376
hispa\109211.jpg,hispa,7377
hispa\109216.jpg,hispa,7378
hispa\109220.jpg,hispa,7379
hispa\109223.jpg,hispa,7380
hispa\109227.jpg,hispa,7381
hispa\109229.jpg,hispa,7382
hispa\109237.jpg,hispa,7383
hispa\109243.jpg,hispa,7384
hispa\109252.jpg,hispa,7385
hispa\109262.jpg,hispa,7386
hispa\109267.jpg,hispa,7017
hispa\109271.jpg,hispa,7218
hispa\109276.jpg,hispa,7389
hispa\109283.jpg,hispa,7390
hispa\109291.jpg,hispa,7391
hispa\109295.jpg,hispa,7392
hispa\109321.jpg,hispa,7393
hispa\109331.jpg,hispa,6601
hispa\109373.jpg,hispa,7395
hispa\109390.jpg,hispa,7396
hispa\109394.jpg,hispa,7290
hispa\109400.jpg,hispa,7398
hispa\109407.jpg,hispa,7399
hispa\109408.jpg,hispa,7038
hispa\109410.jpg,hispa,7401
hispa\109413.jpg,hispa,7402
hispa\109443.jpg,hispa,7403
hispa\109445.jpg,hispa,7404
hispa\109457.jpg,hispa,7405
hispa\109465.jpg,hispa,7406
hispa\109466.jpg,hispa,7407
hispa\109467.jpg,hispa,7408
hispa\109470.jpg,hispa,7409
hispa\109482.jpg,hispa,7410
hispa\109488.jpg,hispa,7411
hispa\109498.jpg,hispa,7412
hispa\109509.jpg,hispa,7413
hispa\109511.jpg,hispa,7414
hispa\109513.jpg,hispa,7255
hispa\109524.jpg,hispa,7416
hispa\109525.jpg,hispa,7417
hispa\109532.jpg,hispa,7418
hispa\109534.jpg,hispa,7419
hispa\109544.jpg,hispa,7420
hispa\109554.jpg,hispa,7421
hispa\109556.jpg,hispa,7422
hispa\109558.jpg,hispa,7423
hispa\109560.jpg,hispa,7424
hispa\109568.jpg,hispa,7425
hispa\109582.jpg,hispa,7426
hispa\109593.jpg,hispa,6994
hispa\109595.jpg,hispa,7428
hispa\109621.jpg,hispa,7429
hispa\109644.jpg,hispa,7430
hispa\109651.jpg,hispa,7431
hispa\109654.jpg,hispa,7432
hispa\109661.jpg,hispa,7433
hispa\109676.jpg,hispa,7434
hispa\109689.jpg,hispa,7435
hispa\109708.jpg,hispa,7436
hispa\109710.jpg,hispa,7437
hispa\109712.jpg,hispa,6664
hispa\109713.jpg,hispa,7439
hispa\109715.jpg,hispa,7440
hispa\109722.jpg,hispa,7441
hispa\109730.jpg,hispa,7442
hispa\109738.jpg,hispa,7443
hispa\109740.jpg,hispa,7444
hispa\109741.jpg,hispa,7445
hispa\109752.jpg,hispa,8571
hispa\109757.jpg,hispa,7447
hispa\109759.jpg,hispa,7448
hispa\109769.jpg,hispa,6696
hispa\109770.jpg,hispa,7450
hispa\109771.jpg,hispa,7451
hispa\109774.jpg,hispa,7452
hispa\109778.jpg,hispa,7453
hispa\109779.jpg,hispa,7454
hispa\109782.jpg,hispa,7455
hispa\109786.jpg,hispa,6445
hispa\109789.jpg,hispa,7457
hispa\109796.jpg,hispa,7458
hispa\109797.jpg,hispa,7459
hispa\109799.jpg,hispa,7460
hispa\109801.jpg,hispa,7461
hispa\109802.jpg,hispa,7462
hispa\109803.jpg,hispa,7463
hispa\109804.jpg,hispa,7464
hispa\109807.jpg,hispa,7465
hispa\109822.jpg,hispa,7466
hispa\109826.jpg,hispa,7467
hispa\109834.jpg,hispa,7468
hispa\109838.jpg,hispa,7469
hispa\109847.jpg,hispa,7470
hispa\109855.jpg,hispa,7471
hispa\109868.jpg,hispa,7472
hispa\109883.jpg,hispa,6843
hispa\109884.jpg,hispa,7474
hispa\109886.jpg,hispa,7068
hispa\109922.jpg,hispa,7476
hispa\109923.jpg,hispa,7477
hispa\109935.jpg,hispa,7478
hispa\109939.jpg,hispa,7479
hispa\109961.jpg,hispa,7480
hispa\109963.jpg,hispa,7481
hispa\109965.jpg,hispa,7482
hispa\109966.jpg,hispa,7483
hispa\109976.jpg,hispa,7484
hispa\109981.jpg,hispa,8919
hispa\109987.jpg,hispa,7486
hispa\109989.jpg,hispa,7487
hispa\109992.jpg,hispa,7488
hispa\110007.jpg,hispa,7489
hispa\110008.jpg,hispa,7490
hispa\110015.jpg,hispa,7491
hispa\110016.jpg,hispa,7492
hispa\110041.jpg,hispa,7493
hispa\110045.jpg,hispa,7494
hispa\110056.jpg,hispa,7495
hispa\110059.jpg,hispa,7496
hispa\110060.jpg,hispa,7497
hispa\110067.jpg,hispa,7498
hispa\110071.jpg,hispa,7499
hispa\110076.jpg,hispa,7500
hispa\110081.jpg,hispa,7420
hispa\110092.jpg,hispa,7502
hispa\110095.jpg,hispa,6254
hispa\110098.jpg,hispa,7504
hispa\110118.jpg,hispa,7505
hispa\110119.jpg,hispa,7506
hispa\110122.jpg,hispa,7507
hispa\110124.jpg,hispa,7508
hispa\110133.jpg,hispa,7509
hispa\110135.jpg,hispa,7510
hispa\110138.jpg,hispa,7511
hispa\110146.jpg,hispa,7512
hispa\110151.jpg,hispa,7513
hispa\110153.jpg,hispa,7514
hispa\110156.jpg,hispa,7515
hispa\110159.jpg,hispa,7516
hispa\110161.jpg,hispa,7517
hispa\110167.jpg,hispa,7518
hispa\110175.jpg,hispa,7519
hispa\110183.jpg,hispa,7520
hispa\110184.jpg,hispa,7521
hispa\110191.jpg,hispa,7522
hispa\110192.jpg,hispa,7290
hispa\110193.jpg,hispa,7373
hispa\110195.jpg,hispa,7525
hispa\110196.jpg,hispa,7526
hispa\110198.jpg,hispa,7527
hispa\110200.jpg,hispa,7528
hispa\110201.jpg,hispa,7529
hispa\110223.jpg,hispa,7530
hispa\110225.jpg,hispa,7531
hispa\110239.jpg,hispa,7532
hispa\110251.jpg,hispa,7533
hispa\110266.jpg,hispa,7534
hispa\110271.jpg,hispa,7535
hispa\110276.jpg,hispa,7536
hispa\110280.jpg,hispa,7537
hispa\110316.jpg,hispa,8919
hispa\110322.jpg,hispa,7539
hispa\110329.jpg,hispa,7540
hispa\110337.jpg,hispa,7541
hispa\110343.jpg,hispa,7542
hispa\110356.jpg,hispa,7543
hispa\110357.jpg,hispa,7544
hispa\110367.jpg,hispa,7525
hispa\110377.jpg,hispa,7546
hispa\110378.jpg,hispa,7547
hispa\110379.jpg,hispa,7548
hispa\110380.jpg,hispa,7549
hispa\110383.jpg,hispa,6659
hispa\110393.jpg,hispa,7551
hispa\110398.jpg,hispa,7552
hispa\110399.jpg,hispa,8919
hispa\110402.jpg,hispa,6872
normal\100002.jpg,normal,7555
normal\100007.jpg,normal,8287
normal\100018.jpg,normal,7557
normal\100025.jpg,normal,9294
normal\100044.jpg,normal,7559
normal\100053.jpg,normal,7560
normal\100065.jpg,normal,7561
normal\100066.jpg,normal,7562
normal\100069.jpg,normal,7563
normal\100075.jpg,normal,7564
normal\100076.jpg,normal,7565
normal\100082.jpg,normal,7566
normal\100094.jpg,normal,8736
normal\100095.jpg,normal,7568
normal\100109.jpg,normal,7569
normal\100110.jpg,normal,7570
normal\100111.jpg,normal,7571
normal\100112.jpg,normal,8550
normal\100122.jpg,normal,7573
normal\100130.jpg,normal,9092
normal\100131.jpg,normal,7575
normal\100135.jpg,normal,7576
normal\100144.jpg,normal,7577
normal\100149.jpg,normal,7578
normal\100152.jpg,normal,7579
normal\100153.jpg,normal,7580
normal\100155.jpg,normal,7581
normal\100165.jpg,normal,8772
normal\100168.jpg,normal,7583
normal\100171.jpg,normal,8570
normal\100172.jpg,normal,7585
normal\100173.jpg,normal,9307
normal\100176.jpg,normal,7587
normal\100186.jpg,normal,7588
normal\100188.jpg,normal,7589
normal\100189.jpg,normal,8206
normal\100192.jpg,normal,8698
normal\100195.jpg,normal,7592
normal\100199.jpg,normal,7593
normal\100210.jpg,normal,7594
normal\100216.jpg,normal,7595
normal\100236.jpg,normal,7596
normal\100240.jpg,normal,7597
normal\100246.jpg,normal,7598
normal\100253.jpg,normal,8020
normal\100256.jpg,normal,7600
normal\100267.jpg,normal,7601
normal\100272.jpg,normal,7602
normal\100273.jpg,normal,7603
normal\100274.jpg,normal,7604
normal\100283.jpg,normal,7605
normal\100285.jpg,normal,9054
normal\100298.jpg,normal,7607
normal\100306.jpg,normal,7608
normal\100315.jpg,normal,8784
normal\100319.jpg,normal,7610
normal\100322.jpg,normal,7611
normal\100324.jpg,normal,7612
normal\100325.jpg,normal,8571
normal\100332.jpg,normal,7614
normal\100335.jpg,normal,7615
normal\100344.jpg,normal,8895
normal\100360.jpg,normal,7617
normal\100369.jpg,normal,7618
normal\100370.jpg,normal,7619
normal\100376.jpg,normal,7620
normal\100381.jpg,normal,7621
normal\100387.jpg,normal,7622
normal\100392.jpg,normal,7623
normal\100398.jpg,normal,7624
normal\100400.jpg,normal,7625
normal\100404.jpg,normal,7626
normal\100406.jpg,normal,7627
normal\100415.jpg,normal,7805
normal\100416.jpg,normal,7629
normal\100418.jpg,normal,7630
normal\100419.jpg,normal,9039
normal\100422.jpg,normal,7632
normal\100426.jpg,normal,7633
normal\100428.jpg,normal,8962
normal\100433.jpg,normal,8239
normal\100441.jpg,normal,7636
normal\100448.jpg,normal,7637
normal\100456.jpg,normal,7638
normal\100462.jpg,normal,7639
normal\100463.jpg,normal,7640
normal\100467.jpg,normal,7641
normal\100480.jpg,normal,7642
normal\100481.jpg,normal,7643
normal\100492.jpg,normal,7644
normal\100493.jpg,normal,7645
normal\100496.jpg,normal,7646
normal\100503.jpg,normal,7647
normal\100506.jpg,normal,7648
normal\100507.jpg,normal,7649
normal\100509.jpg,normal,7650
normal\100515.jpg,normal,7651
normal\100519.jpg,normal,7652
normal\100525.jpg,normal,8686
normal\100530.jpg,normal,9245
normal\100539.jpg,normal,7920
normal\100544.jpg,normal,8654
normal\100547.jpg,normal,7657
normal\100549.jpg,normal,7658
normal\100575.jpg,normal,7659
normal\100583.jpg,normal,7891
normal\100585.jpg,normal,9086
normal\100602.jpg,normal,8287
normal\100603.jpg,normal,7663
normal\100609.jpg,normal,7664
normal\100616.jpg,normal,7665
normal\100628.jpg,normal,7666
normal\100630.jpg,normal,7667
normal\100633.jpg,normal,7668
normal\100637.jpg,normal,8491
normal\100640.jpg,normal,7670
normal\100651.jpg,normal,7671
normal\100663.jpg,normal,7672
normal\100664.jpg,normal,7673
normal\100666.jpg,normal,8870
normal\100669.jpg,normal,7675
normal\100691.jpg,normal,7676
normal\100693.jpg,normal,7677
normal\100696.jpg,normal,7678
normal\100697.jpg,normal,7679
normal\100708.jpg,normal,7680
normal\100716.jpg,normal,7681
normal\100729.jpg,normal,7682
normal\100732.jpg,normal,9275
normal\100737.jpg,normal,7694
normal\100741.jpg,normal,7685
normal\100744.jpg,normal,7815
normal\100759.jpg,normal,7687
normal\100762.jpg,normal,9163
normal\100768.jpg,normal,7689
normal\100776.jpg,normal,7690
normal\100777.jpg,normal,8660
normal\100781.jpg,normal,7692
normal\100783.jpg,normal,7693
normal\100793.jpg,normal,7694
normal\100794.jpg,normal,7695
normal\100802.jpg,normal,7696
normal\100808.jpg,normal,8362
normal\100810.jpg,normal,7698
normal\100816.jpg,normal,7699
normal\100817.jpg,normal,7700
normal\100835.jpg,normal,7701
normal\100844.jpg,normal,8611
normal\100861.jpg,normal,7703
normal\100884.jpg,normal,7704
normal\100902.jpg,normal,7705
normal\100912.jpg,normal,7706
normal\100917.jpg,normal,7707
normal\100919.jpg,normal,7708
normal\100920.jpg,normal,8563
normal\100928.jpg,normal,7710
normal\100929.jpg,normal,7711
normal\100930.jpg,normal,9078
normal\100933.jpg,normal,8784
normal\100943.jpg,normal,7714
normal\100958.jpg,normal,7715
normal\100959.jpg,normal,8843
normal\100962.jpg,normal,8157
normal\100973.jpg,normal,7718
normal\100976.jpg,normal,7719
normal\100985.jpg,normal,7720
normal\100988.jpg,normal,7721
normal\100994.jpg,normal,9078
normal\101018.jpg,normal,7723
normal\101028.jpg,normal,7724
normal\101029.jpg,normal,7725
normal\101030.jpg,normal,7726
normal\101041.jpg,normal,9245
normal\101043.jpg,normal,7728
normal\101044.jpg,normal,7729
normal\101048.jpg,normal,7730
normal\101055.jpg,normal,7731
normal\101077.jpg,normal,7732
normal\101081.jpg,normal,7733
normal\101088.jpg,normal,7734
normal\101090.jpg,normal,7735
normal\101092.jpg,normal,7736
normal\101093.jpg,normal,7737
normal\101094.jpg,normal,7738
normal\101098.jpg,normal,7739
normal\101107.jpg,normal,8373
normal\101109.jpg,normal,7741
normal\101111.jpg,normal,7742
normal\101112.jpg,normal,7743
normal\101115.jpg,normal,7744
normal\101123.jpg,normal,7745
normal\101129.jpg,normal,7746
normal\101130.jpg,normal,7747
normal\101131.jpg,normal,7748
normal\101144.jpg,normal,7749
normal\101146.jpg,normal,7750
normal\101159.jpg,normal,7751
normal\101166.jpg,normal,7895
normal\101167.jpg,normal,7753
normal\101174.jpg,normal,7754
normal\101175.jpg,normal,7755
normal\101180.jpg,normal,7756
normal\101197.jpg,normal,7757
normal\101202.jpg,normal,7758
normal\101204.jpg,normal,7759
normal\101219.jpg,normal,7760
normal\101231.jpg,normal,7761
normal\101233.jpg,normal,7762
normal\101234.jpg,normal,7791
normal\101241.jpg,normal,8813
normal\101247.jpg,normal,9094
normal\101256.jpg,normal,7766
normal\101269.jpg,normal,9302
normal\101272.jpg,normal,7768
normal\101289.jpg,normal,7769
normal\101291.jpg,normal,7770
normal\101293.jpg,normal,7771
normal\101300.jpg,normal,7772
normal\101306.jpg,normal,9243
normal\101307.jpg,normal,9219
normal\101311.jpg,normal,8539
normal\101314.jpg,normal,7776
normal\101327.jpg,normal,7777
normal\101331.jpg,normal,8804
normal\101345.jpg,normal,7995
normal\101346.jpg,normal,7780
normal\101348.jpg,normal,7781
normal\101350.jpg,normal,7782
normal\101366.jpg,normal,7783
normal\101367.jpg,normal,7784
normal\101368.jpg,normal,7785
normal\101381.jpg,normal,7786
normal\101393.jpg,normal,7787
normal\101396.jpg,normal,7788
normal\101398.jpg,normal,7789
normal\101410.jpg,normal,7790
normal\101412.jpg,normal,7791
normal\101414.jpg,normal,7792
normal\101418.jpg,normal,7793
normal\101426.jpg,normal,7794
normal\101433.jpg,normal,7795
normal\101438.jpg,normal,7796
normal\101441.jpg,normal,7797
normal\101444.jpg,normal,7798
normal\101462.jpg,normal,7799
normal\101464.jpg,normal,8287
normal\101466.jpg,normal,7801
normal\101470.jpg,normal,7802
normal\101489.jpg,normal,7803
normal\101526.jpg,normal,8422
normal\101529.jpg,normal,7805
normal\101542.jpg,normal,7806
normal\101551.jpg,normal,8094
normal\101557.jpg,normal,7808
normal\101562.jpg,normal,9113
normal\101563.jpg,normal,7810
normal\101564.jpg,normal,7811
normal\101566.jpg,normal,7812
normal\101570.jpg,normal,8820
normal\101575.jpg,normal,8775
normal\101577.jpg,normal,7815
normal\101586.jpg,normal,7816
normal\101587.jpg,normal,7817
normal\101591.jpg,normal,7818
normal\101602.jpg,normal,8491
normal\101606.jpg,normal,7820
normal\101612.jpg,normal,7821
normal\101613.jpg,normal,8535
normal\101616.jpg,normal,7823
normal\101623.jpg,normal,9013
normal\101625.jpg,normal,7825
normal\101626.jpg,normal,7826
normal\101633.jpg,normal,8539
normal\101634.jpg,normal,7828
normal\101648.jpg,normal,8730
normal\101656.jpg,normal,7830
normal\101667.jpg,normal,8310
normal\101673.jpg,normal,7832
normal\101675.jpg,normal,7833
normal\101677.jpg,normal,7834
normal\101680.jpg,normal,7835
normal\101681.jpg,normal,7836
normal\101685.jpg,normal,7837
normal\101690.jpg,normal,7838
normal\101692.jpg,normal,7839
normal\101695.jpg,normal,7840
normal\101701.jpg,normal,7841
normal\101711.jpg,normal,7842
normal\101716.jpg,normal,7843
normal\101728.jpg,normal,7844
normal\101729.jpg,normal,8820
normal\101741.jpg,normal,7846
normal\101744.jpg,normal,7847
normal\101753.jpg,normal,7891
normal\101766.jpg,normal,7849
normal\101775.jpg,normal,7850
normal\101779.jpg,normal,7851
normal\101782.jpg,normal,7852
normal\101789.jpg,normal,7853
normal\101802.jpg,normal,7854
normal\101807.jpg,normal,7855
normal\101820.jpg,normal,7856
normal\101825.jpg,normal,7857
normal\101829.jpg,normal,8989
normal\101831.jpg,normal,9039
normal\101834.jpg,normal,7860
normal\101837.jpg,normal,8115
normal\101841.jpg,normal,7862
normal\101848.jpg,normal,7863
normal\101850.jpg,normal,7864
normal\101856.jpg,normal,7865
normal\101860.jpg,normal,7866
normal\101894.jpg,normal,7867
normal\101898.jpg,normal,7868
normal\101913.jpg,normal,9245
normal\101919.jpg,normal,7870
normal\101936.jpg,normal,8498
normal\101954.jpg,normal,7872
normal\101958.jpg,normal,7873
normal\101961.jpg,normal,7874
normal\101966.jpg,normal,7875
normal\101967.jpg,normal,7876
normal\101974.jpg,normal,8784
normal\101977.jpg,normal,7878
normal\101980.jpg,normal,7879
normal\101998.jpg,normal,7880
normal\101999.jpg,normal,8709
normal\102006.jpg,normal,7882
normal\102015.jpg,normal,7883
normal\102020.jpg,normal,7884
normal\102025.jpg,normal,7885
normal\102049.jpg,normal,7886
normal\102068.jpg,normal,7887
normal\102072.jpg,normal,7888
normal\102080.jpg,normal,7889
normal\102083.jpg,normal,7890
normal\102084.jpg,normal,7891
normal\102107.jpg,normal,8835
normal\102113.jpg,normal,7893
normal\102116.jpg,normal,7894
normal\102120.jpg,normal,7895
normal\102126.jpg,normal,8100
normal\102129.jpg,normal,8092
normal\102139.jpg,normal,7898
normal\102147.jpg,normal,7899
normal\102150.jpg,normal,7900
normal\102164.jpg,normal,7901
normal\102174.jpg,normal,7902
normal\102182.jpg,normal,8899
normal\102187.jpg,normal,7904
normal\102194.jpg,normal,7905
normal\102195.jpg,normal,7906
normal\102196.jpg,normal,7907
normal\102204.jpg,normal,7908
normal\102208.jpg,normal,7909
normal\102222.jpg,normal,7910
normal\102232.jpg,normal,7911
normal\102242.jpg,normal,7912
normal\102243.jpg,normal,7913
normal\102247.jpg,normal,7914
normal\102249.jpg,normal,7915
normal\102251.jpg,normal,8416
normal\102256.jpg,normal,7917
normal\102258.jpg,normal,7918
normal\102267.jpg,normal,7919
normal\102270.jpg,normal,7920
normal\102272.jpg,normal,7921
normal\102279.jpg,normal,7922
normal\102281.jpg,normal,7923
normal\102287.jpg,normal,7924
normal\102289.jpg,normal,7925
normal\102292.jpg,normal,7926
normal\102293.jpg,normal,7927
normal\102300.jpg,normal,7928
normal\102304.jpg,normal,7929
normal\102315.jpg,normal,7930
normal\102316.jpg,normal,7931
normal\102322.jpg,normal,7932
normal\102332.jpg,normal,7933
normal\102340.jpg,normal,7934
normal\102342.jpg,normal,7935
normal\102345.jpg,normal,7936
normal\102354.jpg,normal,7937
normal\102357.jpg,normal,7938
normal\102359.jpg,normal,7939
normal\102362.jpg,normal,7940
normal\102367.jpg,normal,7941
normal\102369.jpg,normal,7942
normal\102370.jpg,normal,7943
normal\102372.jpg,normal,7944
normal\102375.jpg,normal,7945
normal\102377.jpg,normal,7946
normal\102379.jpg,normal,7947
normal\102380.jpg,normal,7948
normal\102381.jpg,normal,7949
normal\102385.jpg,normal,8179
normal\102397.jpg,normal,7951
normal\102403.jpg,normal,7952
normal\102410.jpg,normal,7953
normal\102411.jpg,normal,7954
normal\102422.jpg,normal,9313
normal\102425.jpg,normal,7956
normal\102430.jpg,normal,7957
normal\102434.jpg,normal,7958
normal\102438.jpg,normal,7959
normal\102440.jpg,normal,9054
normal\102441.jpg,normal,7961
normal\102444.jpg,normal,7962
normal\102445.jpg,normal,7963
normal\102451.jpg,normal,8239
normal\102471.jpg,normal,7965
normal\102483.jpg,normal,7966
normal\102486.jpg,normal,7967
normal\102496.jpg,normal,7968
normal\102503.jpg,normal,7969
normal\102510.jpg,normal,7970
normal\102518.jpg,normal,7971
normal\102522.jpg,normal,7972
normal\102526.jpg,normal,7973
normal\102534.jpg,normal,7974
normal\102537.jpg,normal,7975
normal\102543.jpg,normal,8357
normal\102552.jpg,normal,7977
normal\102554.jpg,normal,7978
normal\102561.jpg,normal,7979
normal\102564.jpg,normal,7980
normal\102572.jpg,normal,7981
normal\102576.jpg,normal,7982
normal\102578.jpg,normal,7983
normal\102580.jpg,normal,7984
normal\102581.jpg,normal,7985
normal\102584.jpg,normal,7986
normal\102593.jpg,normal,7987
normal\102594.jpg,normal,7988
normal\102598.jpg,normal,8807
normal\102602.jpg,normal,8820
normal\102605.jpg,normal,7991
normal\102620.jpg,normal,7992
normal\102622.jpg,normal,7993
normal\102626.jpg,normal,7994
normal\102637.jpg,normal,7995
normal\102642.jpg,normal,8377
normal\102650.jpg,normal,7997
normal\102651.jpg,normal,7998
normal\102652.jpg,normal,7999
normal\102653.jpg,normal,8000
normal\102662.jpg,normal,9078
normal\102680.jpg,normal,9042
normal\102683.jpg,normal,8003
normal\102688.jpg,normal,8905
normal\102690.jpg,normal,8005
normal\102691.jpg,normal,9219
normal\102692.jpg,normal,8007
normal\102693.jpg,normal,8008
normal\102700.jpg,normal,9078
normal\102701.jpg,normal,8010
normal\102707.jpg,normal,8011
normal\102711.jpg,normal,8012
normal\102714.jpg,normal,8013
normal\102718.jpg,normal,8014
normal\102721.jpg,normal,8333
normal\102723.jpg,normal,8016
normal\102725.jpg,normal,8017
normal\102729.jpg,normal,8018
normal\102733.jpg,normal,8019
normal\102749.jpg,normal,8020
normal\102763.jpg,normal,8092
normal\102772.jpg,normal,8835
normal\102785.jpg,normal,8023
normal\102787.jpg,normal,8730
normal\102804.jpg,normal,8025
normal\102805.jpg,normal,8026
normal\102809.jpg,normal,8027
normal\102810.jpg,normal,8497
normal\102814.jpg,normal,8029
normal\102824.jpg,normal,8030
normal\102826.jpg,normal,8031
normal\102831.jpg,normal,8032
normal\102843.jpg,normal,9190
normal\102852.jpg,normal,8034
normal\102854.jpg,normal,8142
normal\102862.jpg,normal,8036
normal\102873.jpg,normal,8037
normal\102874.jpg,normal,8038
normal\102875.jpg,normal,8039
normal\102884.jpg,normal,8040
normal\102887.jpg,normal,8041
normal\102888.jpg,normal,8042
normal\102924.jpg,normal,8043
normal\102927.jpg,normal,8044
normal\102928.jpg,normal,8045
normal\102930.jpg,normal,8046
normal\102948.jpg,normal,8047
normal\102950.jpg,normal,8048
normal\102963.jpg,normal,8049
normal\102967.jpg,normal,8050
normal\102975.jpg,normal,8051
normal\102976.jpg,normal,8052
normal\102986.jpg,normal,8053
normal\102988.jpg,normal,8054
normal\102994.jpg,normal,8055
normal\102999.jpg,normal,8056
normal\103006.jpg,normal,8057
normal\103009.jpg,normal,8058
normal\103010.jpg,normal,8059
normal\103011.jpg,normal,8060
normal\103015.jpg,normal,8061
normal\103016.jpg,normal,8062
normal\103028.jpg,normal,9305
normal\103042.jpg,normal,8064
normal\103045.jpg,normal,8065
normal\103053.jpg,normal,8066
normal\103055.jpg,normal,8067
normal\103058.jpg,normal,8068
normal\103061.jpg,normal,8069
normal\103065.jpg,normal,8820
normal\103082.jpg,normal,8071
normal\103083.jpg,normal,8072
normal\103093.jpg,normal,8073
normal\103098.jpg,normal,8074
normal\103101.jpg,normal,8075
normal\103109.jpg,normal,8076
normal\103112.jpg,normal,8077
normal\103113.jpg,normal,8078
normal\103119.jpg,normal,8079
normal\103122.jpg,normal,8080
normal\103125.jpg,normal,8081
normal\103126.jpg,normal,9163
normal\103132.jpg,normal,8880
normal\103134.jpg,normal,8084
normal\103137.jpg,normal,8085
normal\103156.jpg,normal,8086
normal\103162.jpg,normal,9109
normal\103167.jpg,normal,8088
normal\103171.jpg,normal,8089
normal\103172.jpg,normal,8090
normal\103173.jpg,normal,8091
normal\103175.jpg,normal,8092
normal\103179.jpg,normal,8093
normal\103191.jpg,normal,8094
normal\103192.jpg,normal,8790
normal\103194.jpg,normal,8096
normal\103199.jpg,normal,8097
normal\103209.jpg,normal,9245
normal\103213.jpg,normal,8099
normal\103221.jpg,normal,8100
normal\103228.jpg,normal,8101
normal\103229.jpg,normal,8102
normal\103244.jpg,normal,8331
normal\103249.jpg,normal,8104
normal\103255.jpg,normal,8105
normal\103264.jpg,normal,8106
normal\103265.jpg,normal,8107
normal\103270.jpg,normal,8108
normal\103282.jpg,normal,8109
normal\103286.jpg,normal,8110
normal\103292.jpg,normal,8111
normal\103301.jpg,normal,8112
normal\103302.jpg,normal,8113
normal\103303.jpg,normal,8654
normal\103304.jpg,normal,8115
normal\103306.jpg,normal,8116
normal\103309.jpg,normal,8117
normal\103310.jpg,normal,8118
normal\103318.jpg,normal,9063
normal\103328.jpg,normal,8120
normal\103331.jpg,normal,8121
normal\103340.jpg,normal,8122
normal\103346.jpg,normal,8123
normal\103353.jpg,normal,8124
normal\103361.jpg,normal,8125
normal\103370.jpg,normal,10341
normal\103372.jpg,normal,8127
normal\103381.jpg,normal,8128
normal\103387.jpg,normal,8584
normal\103391.jpg,normal,8130
normal\103393.jpg,normal,8131
normal\103397.jpg,normal,8132
normal\103400.jpg,normal,8133
normal\103401.jpg,normal,8134
normal\103417.jpg,normal,8149
normal\103418.jpg,normal,8136
normal\103419.jpg,normal,8137
normal\103424.jpg,normal,9076
normal\103430.jpg,normal,8139
normal\103433.jpg,normal,8140
normal\103462.jpg,normal,8141
normal\103473.jpg,normal,8142
normal\103501.jpg,normal,8143
normal\103505.jpg,normal,8144
normal\103510.jpg,normal,8145
normal\103516.jpg,normal,8146
normal\103521.jpg,normal,8147
normal\103526.jpg,normal,8148
normal\103531.jpg,normal,8149
normal\103533.jpg,normal,8150
normal\103535.jpg,normal,8151
normal\103539.jpg,normal,8152
normal\103543.jpg,normal,8153
normal\103545.jpg,normal,8154
normal\103556.jpg,normal,8155
normal\103564.jpg,normal,8156
normal\103567.jpg,normal,8157
normal\103571.jpg,normal,8158
normal\103579.jpg,normal,8159
normal\103593.jpg,normal,8899
normal\103616.jpg,normal,8161
normal\103620.jpg,normal,8162
normal\103626.jpg,normal,9099
normal\103643.jpg,normal,9075
normal\103659.jpg,normal,8165
normal\103664.jpg,normal,8166
normal\103676.jpg,normal,8989
normal\103701.jpg,normal,8168
normal\103704.jpg,normal,8169
normal\103707.jpg,normal,8170
normal\103721.jpg,normal,8171
normal\103723.jpg,normal,8172
normal\103736.jpg,normal,8835
normal\103739.jpg,normal,8504
normal\103744.jpg,normal,8175
normal\103748.jpg,normal,8176
normal\103751.jpg,normal,8177
normal\103754.jpg,normal,8178
normal\103757.jpg,normal,8179
normal\103759.jpg,normal,8180
normal\103763.jpg,normal,8891
normal\103774.jpg,normal,8182
normal\103801.jpg,normal,8183
normal\103803.jpg,normal,8184
normal\103814.jpg,normal,8185
normal\103815.jpg,normal,8186
normal\103834.jpg,normal,8187
normal\103846.jpg,normal,8188
normal\103847.jpg,normal,8189
normal\103848.jpg,normal,8190
normal\103849.jpg,normal,8191
normal\103853.jpg,normal,8192
normal\103858.jpg,normal,8193
normal\103859.jpg,normal,8194
normal\103870.jpg,normal,8195
normal\103871.jpg,normal,8196
normal\103876.jpg,normal,8197
normal\103879.jpg,normal,8198
normal\103880.jpg,normal,8199
normal\103883.jpg,normal,8200
normal\103887.jpg,normal,9294
normal\103890.jpg,normal,8932
normal\103894.jpg,normal,8203
normal\103895.jpg,normal,8575
normal\103896.jpg,normal,8205
normal\103904.jpg,normal,8206
normal\103909.jpg,normal,8401
normal\103916.jpg,normal,8606
normal\103918.jpg,normal,8209
normal\103922.jpg,normal,8210
normal\103924.jpg,normal,8820
normal\103926.jpg,normal,8212
normal\103937.jpg,normal,8213
normal\103941.jpg,normal,8214
normal\103946.jpg,normal,8215
normal\103947.jpg,normal,8216
normal\103956.jpg,normal,8450
normal\103960.jpg,normal,8218
normal\103961.jpg,normal,8219
normal\103982.jpg,normal,8220
normal\103987.jpg,normal,8221
normal\103993.jpg,normal,8222
normal\104001.jpg,normal,8223
normal\104010.jpg,normal,8224
normal\104013.jpg,normal,8225
normal\104019.jpg,normal,8226
normal\104025.jpg,normal,8227
normal\104028.jpg,normal,8228
normal\104044.jpg,normal,9078
normal\104047.jpg,normal,8230
normal\104051.jpg,normal,8231
normal\104058.jpg,normal,8232
normal\104060.jpg,normal,8233
normal\104061.jpg,normal,8234
normal\104078.jpg,normal,8235
normal\104083.jpg,normal,8236
normal\104087.jpg,normal,8237
normal\104089.jpg,normal,8238
normal\104103.jpg,normal,8239
normal\104107.jpg,normal,8240
normal\104130.jpg,normal,8241
normal\104134.jpg,normal,8242
normal\104137.jpg,normal,8243
normal\104142.jpg,normal,8342
normal\104151.jpg,normal,8245
normal\104152.jpg,normal,8246
normal\104159.jpg,normal,8247
normal\104164.jpg,normal,8248
normal\104166.jpg,normal,8249
normal\104169.jpg,normal,8250
normal\104173.jpg,normal,8251
normal\104178.jpg,normal,8252
normal\104183.jpg,normal,8253
normal\104198.jpg,normal,8254
normal\104211.jpg,normal,8255
normal\104213.jpg,normal,8256
normal\104218.jpg,normal,8820
normal\104241.jpg,normal,8258
normal\104252.jpg,normal,8259
normal\104254.jpg,normal,8260
normal\104262.jpg,normal,8261
normal\104265.jpg,normal,8262
normal\104277.jpg,normal,8263
normal\104284.jpg,normal,9031
normal\104286.jpg,normal,8265
normal\104290.jpg,normal,8266
normal\104291.jpg,normal,8267
normal\104294.jpg,normal,8268
normal\104295.jpg,normal,8269
normal\104303.jpg,normal,8270
normal\104313.jpg,normal,8271
normal\104319.jpg,normal,8272
normal\104323.jpg,normal,8273
normal\104326.jpg,normal,9168
normal\104337.jpg,normal,8275
normal\104344.jpg,normal,8276
normal\104346.jpg,normal,8277
normal\104362.jpg,normal,8278
normal\104378.jpg,normal,8279
normal\104379.jpg,normal,8280
normal\104386.jpg,normal,8281
normal\104388.jpg,normal,8282
normal\104395.jpg,normal,8283
normal\104396.jpg,normal,8284
normal\104400.jpg,normal,8285
normal\104409.jpg,normal,8286
normal\104411.jpg,normal,8287
normal\104443.jpg,normal,8288
normal\104449.jpg,normal,8289
normal\104450.jpg,normal,8290
normal\104451.jpg,normal,8611
normal\104462.jpg,normal,8292
normal\104466.jpg,normal,8293
normal\104467.jpg,normal,8294
normal\104471.jpg,normal,8335
normal\104480.jpg,normal,8296
normal\104481.jpg,normal,8297
normal\104482.jpg,normal,8298
normal\104484.jpg,normal,7694
normal\104490.jpg,normal,8300
normal\104497.jpg,normal,8301
normal\104509.jpg,normal,9019
normal\104520.jpg,normal,8303
normal\104526.jpg,normal,8304
normal\104529.jpg,normal,8305
normal\104533.jpg,normal,8306
normal\104534.jpg,normal,9273
normal\104542.jpg,normal,8308
normal\104544.jpg,normal,8535
normal\104546.jpg,normal,8310
normal\104549.jpg,normal,8311
normal\104552.jpg,normal,8312
normal\104556.jpg,normal,8313
normal\104570.jpg,normal,8773
normal\104583.jpg,normal,9245
normal\104585.jpg,normal,8316
normal\104595.jpg,normal,8317
normal\104598.jpg,normal,8318
normal\104600.jpg,normal,8319
normal\104602.jpg,normal,8320
normal\104613.jpg,normal,8321
normal\104629.jpg,normal,8322
normal\104634.jpg,normal,8913
normal\104644.jpg,normal,8822
normal\104653.jpg,normal,8325
normal\104656.jpg,normal,9302
normal\104668.jpg,normal,8327
normal\104669.jpg,normal,9159
normal\104670.jpg,normal,8329
normal\104676.jpg,normal,8330
normal\104680.jpg,normal,8331
normal\104685.jpg,normal,8332
normal\104687.jpg,normal,8333
normal\104701.jpg,normal,8334
normal\104703.jpg,normal,8335
normal\104708.jpg,normal,8336
normal\104714.jpg,normal,8337
normal\104722.jpg,normal,8338
normal\104727.jpg,normal,8339
normal\104728.jpg,normal,8340
normal\104745.jpg,normal,8341
normal\104749.jpg,normal,8342
normal\104753.jpg,normal,8343
normal\104755.jpg,normal,8344
normal\104758.jpg,normal,8345
normal\104767.jpg,normal,9245
normal\104775.jpg,normal,8347
normal\104784.jpg,normal,8348
normal\104789.jpg,normal,8349
normal\104791.jpg,normal,8350
normal\104792.jpg,normal,8351
normal\104802.jpg,normal,8352
normal\104805.jpg,normal,8353
normal\104806.jpg,normal,8354
normal\104810.jpg,normal,8854
normal\104814.jpg,normal,8356
normal\104820.jpg,normal,8357
normal\104829.jpg,normal,8358
normal\104840.jpg,normal,8565
normal\104846.jpg,normal,8360
normal\104848.jpg,normal,8954
normal\104850.jpg,normal,8362
normal\104851.jpg,normal,8983
normal\104854.jpg,normal,8364
normal\104857.jpg,normal,9270
normal\104858.jpg,normal,8366
normal\104860.jpg,normal,8367
normal\104865.jpg,normal,8686
normal\104874.jpg,normal,8369
normal\104875.jpg,normal,8949
normal\104879.jpg,normal,8371
normal\104883.jpg,normal,8372
normal\104884.jpg,normal,8373
normal\104889.jpg,normal,8374
normal\104893.jpg,normal,8375
normal\104896.jpg,normal,8376
normal\104897.jpg,normal,8377
normal\104906.jpg,normal,8378
normal\104911.jpg,normal,9019
normal\104924.jpg,normal,8380
normal\104927.jpg,normal,8381
normal\104953.jpg,normal,8523
normal\104958.jpg,normal,9135
normal\104961.jpg,normal,8384
normal\104963.jpg,normal,8385
normal\104964.jpg,normal,8386
normal\104966.jpg,normal,9168
normal\104977.jpg,normal,8388
normal\104978.jpg,normal,8389
normal\104982.jpg,normal,8390
normal\104983.jpg,normal,8391
normal\104990.jpg,normal,8392
normal\104992.jpg,normal,8393
normal\104993.jpg,normal,8394
normal\105011.jpg,normal,8395
normal\105019.jpg,normal,8396
normal\105032.jpg,normal,8397
normal\105037.jpg,normal,8398
normal\105050.jpg,normal,8399
normal\105051.jpg,normal,8820
normal\105055.jpg,normal,8401
normal\105067.jpg,normal,8402
normal\105081.jpg,normal,8403
normal\105084.jpg,normal,8404
normal\105092.jpg,normal,8405
normal\105099.jpg,normal,8406
normal\105106.jpg,normal,8407
normal\105114.jpg,normal,8408
normal\105119.jpg,normal,8409
normal\105130.jpg,normal,8410
normal\105134.jpg,normal,8570
normal\105140.jpg,normal,8412
normal\105141.jpg,normal,9215
normal\105142.jpg,normal,8414
normal\105143.jpg,normal,8415
normal\105144.jpg,normal,8416
normal\105147.jpg,normal,8870
normal\105154.jpg,normal,8418
normal\105161.jpg,normal,9270
normal\105167.jpg,normal,8420
normal\105183.jpg,normal,9078
normal\105185.jpg,normal,8422
normal\105192.jpg,normal,8423
normal\105199.jpg,normal,8424
normal\105203.jpg,normal,8425
normal\105211.jpg,normal,8426
normal\105213.jpg,normal,8427
normal\105237.jpg,normal,9078
normal\105241.jpg,normal,8429
normal\105242.jpg,normal,8430
normal\105249.jpg,normal,8431
normal\105263.jpg,normal,8432
normal\105268.jpg,normal,8433
normal\105279.jpg,normal,8434
normal\105284.jpg,normal,8435
normal\105289.jpg,normal,8436
normal\105290.jpg,normal,8437
normal\105299.jpg,normal,8438
normal\105301.jpg,normal,8439
normal\105308.jpg,normal,8440
normal\105315.jpg,normal,8863
normal\105317.jpg,normal,8442
normal\105320.jpg,normal,8443
normal\105327.jpg,normal,8444
normal\105328.jpg,normal,8445
normal\105337.jpg,normal,8446
normal\105338.jpg,normal,8447
normal\105341.jpg,normal,8448
normal\105343.jpg,normal,8570
normal\105350.jpg,normal,8450
normal\105361.jpg,normal,8563
normal\105368.jpg,normal,8452
normal\105380.jpg,normal,8453
normal\105383.jpg,normal,8454
normal\105394.jpg,normal,8455
normal\105417.jpg,normal,8456
normal\105419.jpg,normal,8457
normal\105431.jpg,normal,8458
normal\105433.jpg,normal,8459
normal\105441.jpg,normal,8460
normal\105442.jpg,normal,8461
normal\105445.jpg,normal,8462
normal\105448.jpg,normal,8463
normal\105450.jpg,normal,8464
normal\105459.jpg,normal,8465
normal\105460.jpg,normal,8466
normal\105461.jpg,normal,8467
normal\105470.jpg,normal,8804
normal\105484.jpg,normal,8469
normal\105485.jpg,normal,8470
normal\105492.jpg,normal,8471
normal\105496.jpg,normal,8870
normal\105499.jpg,normal,8473
normal\105500.jpg,normal,8310
normal\105501.jpg,normal,8475
normal\105508.jpg,normal,8476
normal\105510.jpg,normal,8477
normal\105523.jpg,normal,8478
normal\105534.jpg,normal,8479
normal\105537.jpg,normal,8480
normal\105542.jpg,normal,8481
normal\105545.jpg,normal,8482
normal\105548.jpg,normal,8483
normal\105553.jpg,normal,8484
normal\105559.jpg,normal,8485
normal\105560.jpg,normal,8486
normal\105587.jpg,normal,8487
normal\105592.jpg,normal,8488
normal\105596.jpg,normal,8489
normal\105606.jpg,normal,8490
normal\105616.jpg,normal,8491
normal\105627.jpg,normal,8492
normal\105629.jpg,normal,8493
normal\105632.jpg,normal,8494
normal\105633.jpg,normal,8495
normal\105636.jpg,normal,8496
normal\105647.jpg,normal,8497
normal\105652.jpg,normal,8498
normal\105655.jpg,normal,8499
normal\105660.jpg,normal,8500
normal\105669.jpg,normal,8501
normal\105673.jpg,normal,8502
normal\105676.jpg,normal,8503
normal\105690.jpg,normal,8504
normal\105693.jpg,normal,8505
normal\105700.jpg,normal,8506
normal\105703.jpg,normal,8507
normal\105705.jpg,normal,8508
normal\105706.jpg,normal,8509
normal\105716.jpg,normal,8510
normal\105726.jpg,normal,8511
normal\105727.jpg,normal,8861
normal\105735.jpg,normal,8513
normal\105736.jpg,normal,8514
normal\105764.jpg,normal,9078
normal\105765.jpg,normal,8516
normal\105766.jpg,normal,8730
normal\105770.jpg,normal,8518
normal\105775.jpg,normal,8519
normal\105782.jpg,normal,8520
normal\105795.jpg,normal,9207
normal\105801.jpg,normal,8522
normal\105805.jpg,normal,8523
normal\105806.jpg,normal,8524
normal\105807.jpg,normal,8525
normal\105814.jpg,normal,8526
normal\105816.jpg,normal,8527
normal\105821.jpg,normal,8528
normal\105822.jpg,normal,8529
normal\105825.jpg,normal,8530
normal\105827.jpg,normal,8531
normal\105829.jpg,normal,8532
normal\105832.jpg,normal,8533
normal\105834.jpg,normal,8534
normal\105841.jpg,normal,8535
normal\105842.jpg,normal,8536
normal\105843.jpg,normal,9273
normal\105849.jpg,normal,9305
normal\105856.jpg,normal,8539
normal\105861.jpg,normal,8540
normal\105866.jpg,normal,8952
normal\105869.jpg,normal,8542
normal\105872.jpg,normal,8543
normal\105880.jpg,normal,8544
normal\105899.jpg,normal,9078
normal\105904.jpg,normal,8546
normal\105905.jpg,normal,8547
normal\105907.jpg,normal,8548
normal\105909.jpg,normal,8549
normal\105914.jpg,normal,8550
normal\105917.jpg,normal,8551
normal\105927.jpg,normal,8949
normal\105933.jpg,normal,8553
normal\105937.jpg,normal,8554
normal\105942.jpg,normal,8555
normal\105951.jpg,normal,8556
normal\105954.jpg,normal,8731
normal\105958.jpg,normal,8558
normal\105960.jpg,normal,8559
normal\105971.jpg,normal,8674
normal\105987.jpg,normal,8561
normal\106001.jpg,normal,9091
normal\106012.jpg,normal,8563
normal\106014.jpg,normal,8564
normal\106018.jpg,normal,8565
normal\106020.jpg,normal,8566
normal\106022.jpg,normal,8567
normal\106025.jpg,normal,8568
normal\106031.jpg,normal,8569
normal\106032.jpg,normal,8570
normal\106035.jpg,normal,8571
normal\106043.jpg,normal,8572
normal\106046.jpg,normal,8573
normal\106049.jpg,normal,8574
normal\106051.jpg,normal,8575
normal\106053.jpg,normal,8576
normal\106064.jpg,normal,8577
normal\106065.jpg,normal,8578
normal\106073.jpg,normal,8579
normal\106074.jpg,normal,9109
normal\106093.jpg,normal,8581
normal\106107.jpg,normal,8582
normal\106114.jpg,normal,8583
normal\106136.jpg,normal,8584
normal\106137.jpg,normal,8585
normal\106143.jpg,normal,8539
normal\106149.jpg,normal,9294
normal\106152.jpg,normal,8588
normal\106160.jpg,normal,8589
normal\106161.jpg,normal,8590
normal\106163.jpg,normal,8591
normal\106175.jpg,normal,8592
normal\106177.jpg,normal,8593
normal\106181.jpg,normal,8594
normal\106185.jpg,normal,8595
normal\106186.jpg,normal,9294
normal\106187.jpg,normal,8597
normal\106192.jpg,normal,8598
normal\106193.jpg,normal,8599
normal\106194.jpg,normal,8600
normal\106203.jpg,normal,8601
normal\106213.jpg,normal,8602
normal\106217.jpg,normal,8603
normal\106220.jpg,normal,8604
normal\106221.jpg,normal,8605
normal\106224.jpg,normal,8606
normal\106235.jpg,normal,8607
normal\106244.jpg,normal,8608
normal\106250.jpg,normal,8609
normal\106260.jpg,normal,8610
normal\106265.jpg,normal,8611
normal\106274.jpg,normal,8612
normal\106278.jpg,normal,8613
normal\106282.jpg,normal,8614
normal\106290.jpg,normal,8615
normal\106294.jpg,normal,8616
normal\106297.jpg,normal,9050
normal\106298.jpg,normal,8618
normal\106299.jpg,normal,8619
normal\106308.jpg,normal,8771
normal\106311.jpg,normal,9183
normal\106315.jpg,normal,8622
normal\106327.jpg,normal,8623
normal\106328.jpg,normal,8624
normal\106330.jpg,normal,8625
normal\106332.jpg,normal,8949
normal\106333.jpg,normal,8627
normal\106335.jpg,normal,8628
normal\106363.jpg,normal,8629
normal\106366.jpg,normal,9210
normal\106371.jpg,normal,8631
normal\106374.jpg,normal,8632
normal\106375.jpg,normal,8633
normal\106377.jpg,normal,8634
normal\106385.jpg,normal,8635
normal\106390.jpg,normal,8636
normal\106391.jpg,normal,8637
normal\106393.jpg,normal,8638
normal\106400.jpg,normal,8639
normal\106401.jpg,normal,8640
normal\106402.jpg,normal,8641
normal\106404.jpg,normal,8642
normal\106410.jpg,normal,8820
normal\106417.jpg,normal,8644
normal\106422.jpg,normal,8645
normal\106441.jpg,normal,8646
normal\106444.jpg,normal,8647
normal\106447.jpg,normal,8648
normal\106456.jpg,normal,8649
normal\106463.jpg,normal,8650
normal\106467.jpg,normal,8651
normal\106469.jpg,normal,8652
normal\106474.jpg,normal,8653
normal\106479.jpg,normal,8654
normal\106490.jpg,normal,9187
normal\106498.jpg,normal,8971
normal\106502.jpg,normal,8657
normal\106505.jpg,normal,8658
normal\106512.jpg,normal,8659
normal\106522.jpg,normal,8660
normal\106525.jpg,normal,8661
normal\106528.jpg,normal,8662
normal\106537.jpg,normal,8663
normal\106543.jpg,normal,9130
normal\106551.jpg,normal,8665
normal\106563.jpg,normal,8666
normal\106564.jpg,normal,8667
normal\106572.jpg,normal,8668
normal\106581.jpg,normal,8669
normal\106591.jpg,normal,8670
normal\106593.jpg,normal,8671
normal\106602.jpg,normal,8672
normal\106614.jpg,normal,8673
normal\106616.jpg,normal,8674
normal\106618.jpg,normal,8675
normal\106625.jpg,normal,8676
normal\106626.jpg,normal,8677
normal\106628.jpg,normal,8678
normal\106632.jpg,normal,8679
normal\106636.jpg,normal,8680
normal\106638.jpg,normal,8681
normal\106658.jpg,normal,9103
normal\106659.jpg,normal,8683
normal\106662.jpg,normal,8684
normal\106663.jpg,normal,8871
normal\106683.jpg,normal,8686
normal\106688.jpg,normal,8687
normal\106690.jpg,normal,8688
normal\106694.jpg,normal,8689
normal\106697.jpg,normal,8690
normal\106700.jpg,normal,8691
normal\106701.jpg,normal,8692
normal\106703.jpg,normal,8693
normal\106711.jpg,normal,8694
normal\106714.jpg,normal,8695
normal\106717.jpg,normal,8696
normal\106722.jpg,normal,8697
normal\106735.jpg,normal,8698
normal\106737.jpg,normal,8699
normal\106740.jpg,normal,8700
normal\106752.jpg,normal,8701
normal\106755.jpg,normal,8702
normal\106758.jpg,normal,9261
normal\106761.jpg,normal,8704
normal\106782.jpg,normal,8705
normal\106792.jpg,normal,8571
normal\106795.jpg,normal,8707
normal\106798.jpg,normal,8708
normal\106801.jpg,normal,8709
normal\106802.jpg,normal,9078
normal\106806.jpg,normal,8711
normal\106814.jpg,normal,8712
normal\106821.jpg,normal,8713
normal\106831.jpg,normal,8714
normal\106844.jpg,normal,8715
normal\106852.jpg,normal,8716
normal\106859.jpg,normal,8717
normal\106865.jpg,normal,8718
normal\106870.jpg,normal,8719
normal\106871.jpg,normal,8720
normal\106893.jpg,normal,8721
normal\106899.jpg,normal,8722
normal\106907.jpg,normal,8723
normal\106914.jpg,normal,8724
normal\106931.jpg,normal,8790
normal\106932.jpg,normal,8895
normal\106933.jpg,normal,8727
normal\106936.jpg,normal,8728
normal\106950.jpg,normal,8729
normal\106951.jpg,normal,8730
normal\106953.jpg,normal,8731
normal\106954.jpg,normal,8732
normal\106956.jpg,normal,8733
normal\106959.jpg,normal,8734
normal\106973.jpg,normal,8735
normal\106976.jpg,normal,8736
normal\106977.jpg,normal,8737
normal\106978.jpg,normal,9231
normal\106996.jpg,normal,8739
normal\106997.jpg,normal,8571
normal\106999.jpg,normal,8741
normal\107003.jpg,normal,8742
normal\107007.jpg,normal,8743
normal\107013.jpg,normal,8744
normal\107014.jpg,normal,8745
normal\107026.jpg,normal,9219
normal\107028.jpg,normal,8747
normal\107029.jpg,normal,8748
normal\107030.jpg,normal,8749
normal\107041.jpg,normal,8750
normal\107043.jpg,normal,8751
normal\107045.jpg,normal,8752
normal\107050.jpg,normal,8753
normal\107053.jpg,normal,8377
normal\107054.jpg,normal,8755
normal\107056.jpg,normal,8756
normal\107057.jpg,normal,8757
normal\107059.jpg,normal,8758
normal\107060.jpg,normal,8759
normal\107066.jpg,normal,8760
normal\107068.jpg,normal,8761
normal\107098.jpg,normal,8762
normal\107115.jpg,normal,9098
normal\107116.jpg,normal,8764
normal\107120.jpg,normal,8765
normal\107121.jpg,normal,8766
normal\107122.jpg,normal,8767
normal\107134.jpg,normal,8768
normal\107139.jpg,normal,8769
normal\107145.jpg,normal,8770
normal\107152.jpg,normal,8771
normal\107159.jpg,normal,8772
normal\107161.jpg,normal,8773
normal\107163.jpg,normal,8570
normal\107175.jpg,normal,8775
normal\107182.jpg,normal,8776
normal\107190.jpg,normal,8777
normal\107192.jpg,normal,8778
normal\107213.jpg,normal,8779
normal\107233.jpg,normal,8780
normal\107234.jpg,normal,9078
normal\107238.jpg,normal,8782
normal\107243.jpg,normal,8783
normal\107252.jpg,normal,8784
normal\107257.jpg,normal,8870
normal\107259.jpg,normal,8786
normal\107263.jpg,normal,8787
normal\107267.jpg,normal,8788
normal\107273.jpg,normal,9209
normal\107280.jpg,normal,8790
normal\107283.jpg,normal,8791
normal\107287.jpg,normal,8792
normal\107290.jpg,normal,8793
normal\107291.jpg,normal,8794
normal\107293.jpg,normal,8795
normal\107323.jpg,normal,8796
normal\107324.jpg,normal,8797
normal\107331.jpg,normal,8798
normal\107337.jpg,normal,8799
normal\107345.jpg,normal,8800
normal\107346.jpg,normal,8801
normal\107364.jpg,normal,8802
normal\107369.jpg,normal,8803
normal\107379.jpg,normal,8804
normal\107381.jpg,normal,8805
normal\107384.jpg,normal,8806
normal\107385.jpg,normal,8807
normal\107386.jpg,normal,8808
normal\107389.jpg,normal,8809
normal\107392.jpg,normal,8810
normal\107402.jpg,normal,8811
normal\107405.jpg,normal,8812
normal\107418.jpg,normal,8813
normal\107420.jpg,normal,8814
normal\107424.jpg,normal,8820
normal\107425.jpg,normal,8816
normal\107426.jpg,normal,8817
normal\107441.jpg,normal,8818
normal\107442.jpg,normal,8819
normal\107450.jpg,normal,8820
normal\107451.jpg,normal,8821
normal\107458.jpg,normal,8822
normal\107460.jpg,normal,8823
normal\107475.jpg,normal,8824
normal\107476.jpg,normal,8825
normal\107480.jpg,normal,8826
normal\107482.jpg,normal,8827
normal\107487.jpg,normal,8828
normal\107491.jpg,normal,8829
normal\107497.jpg,normal,8830
normal\107501.jpg,normal,8831
normal\107507.jpg,normal,8832
normal\107509.jpg,normal,8833
normal\107515.jpg,normal,8834
normal\107527.jpg,normal,8835
normal\107528.jpg,normal,8836
normal\107536.jpg,normal,8837
normal\107537.jpg,normal,8838
normal\107551.jpg,normal,8952
normal\107557.jpg,normal,8840
normal\107562.jpg,normal,8841
normal\107565.jpg,normal,8842
normal\107567.jpg,normal,8843
normal\107572.jpg,normal,8844
normal\107573.jpg,normal,8845
normal\107574.jpg,normal,8846
normal\107581.jpg,normal,8847
normal\107593.jpg,normal,8848
normal\107597.jpg,normal,8849
normal\107598.jpg,normal,9302
normal\107602.jpg,normal,8851
normal\107603.jpg,normal,8852
normal\107609.jpg,normal,8853
normal\107612.jpg,normal,8854
normal\107613.jpg,normal,8855
normal\107614.jpg,normal,8856
normal\107615.jpg,normal,8857
normal\107622.jpg,normal,8858
normal\107650.jpg,normal,9270
normal\107652.jpg,normal,8860
normal\107655.jpg,normal,8861
normal\107665.jpg,normal,8862
normal\107675.jpg,normal,8863
normal\107681.jpg,normal,8864
normal\107685.jpg,normal,8865
normal\107689.jpg,normal,8866
normal\107691.jpg,normal,8867
normal\107697.jpg,normal,8868
normal\107703.jpg,normal,8869
normal\107708.jpg,normal,8870
normal\107725.jpg,normal,8871
normal\107726.jpg,normal,8872
normal\107727.jpg,normal,8873
normal\107741.jpg,normal,8874
normal\107750.jpg,normal,8875
normal\107758.jpg,normal,8876
normal\107765.jpg,normal,8877
normal\107767.jpg,normal,8878
normal\107773.jpg,normal,8879
normal\107778.jpg,normal,8880
normal\107797.jpg,normal,8881
normal\107800.jpg,normal,8882
normal\107808.jpg,normal,8883
normal\107810.jpg,normal,8884
normal\107813.jpg,normal,8885
normal\107838.jpg,normal,8886
normal\107851.jpg,normal,8887
normal\107856.jpg,normal,8888
normal\107861.jpg,normal,8889
normal\107867.jpg,normal,8890
normal\107872.jpg,normal,8891
normal\107877.jpg,normal,8892
normal\107878.jpg,normal,8893
normal\107891.jpg,normal,8894
normal\107897.jpg,normal,8895
normal\107909.jpg,normal,8896
normal\107910.jpg,normal,9178
normal\107919.jpg,normal,8898
normal\107924.jpg,normal,8899
normal\107926.jpg,normal,8900
normal\107933.jpg,normal,8901
normal\107942.jpg,normal,8902
normal\107945.jpg,normal,8903
normal\107954.jpg,normal,8904
normal\107960.jpg,normal,8905
normal\107966.jpg,normal,8906
normal\107977.jpg,normal,8907
normal\107987.jpg,normal,8908
normal\108008.jpg,normal,8909
normal\108011.jpg,normal,8910
normal\108012.jpg,normal,8911
normal\108013.jpg,normal,8912
normal\108015.jpg,normal,8913
normal\108045.jpg,normal,8914
normal\108050.jpg,normal,8919
normal\108055.jpg,normal,8916
normal\108058.jpg,normal,8917
normal\108062.jpg,normal,8918
normal\108065.jpg,normal,8919
normal\108073.jpg,normal,8920
normal\108091.jpg,normal,8921
normal\108097.jpg,normal,8922
normal\108101.jpg,normal,8923
normal\108114.jpg,normal,8924
normal\108134.jpg,normal,8925
normal\108136.jpg,normal,8926
normal\108160.jpg,normal,8927
normal\108166.jpg,normal,8928
normal\108173.jpg,normal,8929
normal\108185.jpg,normal,8930
normal\108188.jpg,normal,9095
normal\108190.jpg,normal,8932
normal\108196.jpg,normal,8933
normal\108198.jpg,normal,8934
normal\108205.jpg,normal,8935
normal\108208.jpg,normal,8936
normal\108218.jpg,normal,8937
normal\108220.jpg,normal,8938
normal\108222.jpg,normal,8939
normal\108223.jpg,normal,8940
normal\108226.jpg,normal,8941
normal\108234.jpg,normal,8942
normal\108240.jpg,normal,8943
normal\108242.jpg,normal,8944
normal\108264.jpg,normal,8945
normal\108268.jpg,normal,8946
normal\108280.jpg,normal,8947
normal\108284.jpg,normal,8948
normal\108285.jpg,normal,8949
normal\108289.jpg,normal,8950
normal\108299.jpg,normal,8951
normal\108313.jpg,normal,8952
normal\108325.jpg,normal,8953
normal\108337.jpg,normal,8954
normal\108338.jpg,normal,8955
normal\108351.jpg,normal,8956
normal\108355.jpg,normal,8957
normal\108359.jpg,normal,8958
normal\108360.jpg,normal,8959
normal\108361.jpg,normal,8960
normal\108362.jpg,normal,8961
normal\108363.jpg,normal,8962
normal\108364.jpg,normal,8963
normal\108366.jpg,normal,8964
normal\108371.jpg,normal,8965
normal\108372.jpg,normal,8966
normal\108378.jpg,normal,8967
normal\108381.jpg,normal,8968
normal\108385.jpg,normal,8969
normal\108388.jpg,normal,8970
normal\108390.jpg,normal,8971
normal\108395.jpg,normal,8972
normal\108416.jpg,normal,8973
normal\108420.jpg,normal,8974
normal\108428.jpg,normal,8975
normal\108434.jpg,normal,8563
normal\108438.jpg,normal,8977
normal\108440.jpg,normal,8978
normal\108442.jpg,normal,8979
normal\108444.jpg,normal,8980
normal\108456.jpg,normal,8981
normal\108459.jpg,normal,9235
normal\108462.jpg,normal,8983
normal\108469.jpg,normal,8984
normal\108471.jpg,normal,8985
normal\108478.jpg,normal,8986
normal\108479.jpg,normal,8987
normal\108480.jpg,normal,8988
normal\108484.jpg,normal,8989
normal\108485.jpg,normal,8990
normal\108490.jpg,normal,8991
normal\108500.jpg,normal,8992
normal\108503.jpg,normal,9168
normal\108521.jpg,normal,8994
normal\108525.jpg,normal,8995
normal\108528.jpg,normal,8996
normal\108535.jpg,normal,8997
normal\108544.jpg,normal,8998
normal\108545.jpg,normal,8999
normal\108556.jpg,normal,9000
normal\108558.jpg,normal,9245
normal\108562.jpg,normal,9002
normal\108567.jpg,normal,9003
normal\108571.jpg,normal,9004
normal\108572.jpg,normal,9005
normal\108580.jpg,normal,9006
normal\108586.jpg,normal,9245
normal\108593.jpg,normal,9008
normal\108599.jpg,normal,9009
normal\108605.jpg,normal,9010
normal\108607.jpg,normal,9011
normal\108611.jpg,normal,9012
normal\108612.jpg,normal,9013
normal\108614.jpg,normal,9014
normal\108616.jpg,normal,9015
normal\108617.jpg,normal,9016
normal\108620.jpg,normal,9017
normal\108623.jpg,normal,9018
normal\108628.jpg,normal,9019
normal\108629.jpg,normal,9020
normal\108630.jpg,normal,9021
normal\108634.jpg,normal,9022
normal\108642.jpg,normal,9023
normal\108652.jpg,normal,9024
normal\108654.jpg,normal,9025
normal\108655.jpg,normal,9026
normal\108657.jpg,normal,9027
normal\108662.jpg,normal,9028
normal\108665.jpg,normal,9029
normal\108667.jpg,normal,9030
normal\108670.jpg,normal,9031
normal\108672.jpg,normal,9032
normal\108676.jpg,normal,9033
normal\108688.jpg,normal,9078
normal\108693.jpg,normal,9035
normal\108701.jpg,normal,9095
normal\108705.jpg,normal,9037
normal\108709.jpg,normal,9038
normal\108714.jpg,normal,9039
normal\108717.jpg,normal,9040
normal\108726.jpg,normal,9041
normal\108727.jpg,normal,9042
normal\108731.jpg,normal,9043
normal\108732.jpg,normal,9044
normal\108737.jpg,normal,9163
normal\108738.jpg,normal,9046
normal\108746.jpg,normal,9047
normal\108762.jpg,normal,9048
normal\108769.jpg,normal,9049
normal\108774.jpg,normal,9050
normal\108779.jpg,normal,9051
normal\108788.jpg,normal,9052
normal\108806.jpg,normal,9053
normal\108810.jpg,normal,9054
normal\108812.jpg,normal,9055
normal\108830.jpg,normal,9056
normal\108837.jpg,normal,9057
normal\108839.jpg,normal,8563
normal\108841.jpg,normal,9059
normal\108842.jpg,normal,9060
normal\108850.jpg,normal,9061
normal\108851.jpg,normal,9062
normal\108857.jpg,normal,9063
normal\108862.jpg,normal,9064
normal\108872.jpg,normal,9065
normal\108875.jpg,normal,9066
normal\108881.jpg,normal,9067
normal\108882.jpg,normal,9068
normal\108888.jpg,normal,9069
normal\108889.jpg,normal,9070
normal\108902.jpg,normal,9071
normal\108903.jpg,normal,9072
normal\108910.jpg,normal,9073
normal\108913.jpg,normal,9074
normal\108919.jpg,normal,9075
normal\108926.jpg,normal,9076
normal\108935.jpg,normal,9077
normal\108936.jpg,normal,9078
normal\108938.jpg,normal,9079
normal\108939.jpg,normal,9080
normal\108949.jpg,normal,9081
normal\108958.jpg,normal,9082
normal\108973.jpg,normal,9083
normal\108981.jpg,normal,9084
normal\108999.jpg,normal,9085
normal\109003.jpg,normal,9086
normal\109005.jpg,normal,9087
normal\109009.jpg,normal,9088
normal\109020.jpg,normal,9089
normal\109024.jpg,normal,9090
normal\109037.jpg,normal,9091
normal\109041.jpg,normal,9092
normal\109043.jpg,normal,9093
normal\109050.jpg,normal,9094
normal\109051.jpg,normal,9095
normal\109054.jpg,normal,9096
normal\109060.jpg,normal,9097
normal\109061.jpg,normal,9098
normal\109063.jpg,normal,9099
normal\109066.jpg,normal,9100
normal\109087.jpg,normal,9101
normal\109089.jpg,normal,9078
normal\109092.jpg,normal,9103
normal\109094.jpg,normal,9104
normal\109096.jpg,normal,9105
normal\109100.jpg,normal,9106
normal\109116.jpg,normal,9107
normal\109117.jpg,normal,9108
normal\109139.jpg,normal,9109
normal\109140.jpg,normal,9110
normal\109151.jpg,normal,9111
normal\109155.jpg,normal,9112
normal\109156.jpg,normal,9113
normal\109157.jpg,normal,9114
normal\109158.jpg,normal,9115
normal\109166.jpg,normal,9116
normal\109175.jpg,normal,9117
normal\109176.jpg,normal,9118
normal\109178.jpg,normal,8730
normal\109182.jpg,normal,9120
normal\109190.jpg,normal,9121
normal\109197.jpg,normal,9122
normal\109206.jpg,normal,9123
normal\109226.jpg,normal,9124
normal\109231.jpg,normal,9125
normal\109236.jpg,normal,9126
normal\109250.jpg,normal,9127
normal\109266.jpg,normal,9128
normal\109288.jpg,normal,9129
normal\109292.jpg,normal,9130
normal\109296.jpg,normal,9131
normal\109301.jpg,normal,9132
normal\109316.jpg,normal,9133
normal\109317.jpg,normal,9134
normal\109319.jpg,normal,9135
normal\109325.jpg,normal,9136
normal\109327.jpg,normal,9137
normal\109328.jpg,normal,9138
normal\109330.jpg,normal,9139
normal\109333.jpg,normal,9140
normal\109336.jpg,normal,8310
normal\109344.jpg,normal,9142
normal\109348.jpg,normal,9143
normal\109352.jpg,normal,9144
normal\109353.jpg,normal,9145
normal\109355.jpg,normal,9146
normal\109358.jpg,normal,9147
normal\109363.jpg,normal,9148
normal\109364.jpg,normal,9149
normal\109365.jpg,normal,9150
normal\109377.jpg,normal,9151
normal\109383.jpg,normal,9152
normal\109386.jpg,normal,9153
normal\109393.jpg,normal,9245
normal\109403.jpg,normal,9155
normal\109416.jpg,normal,9156
normal\109418.jpg,normal,9157
normal\109426.jpg,normal,9158
normal\109433.jpg,normal,9159
normal\109437.jpg,normal,9160
normal\109442.jpg,normal,9161
normal\109444.jpg,normal,9162
normal\109451.jpg,normal,9163
normal\109463.jpg,normal,9164
normal\109471.jpg,normal,9165
normal\109473.jpg,normal,9166
normal\109478.jpg,normal,8570
normal\109480.jpg,normal,9168
normal\109483.jpg,normal,9169
normal\109485.jpg,normal,9170
normal\109493.jpg,normal,9171
normal\109499.jpg,normal,9172
normal\109502.jpg,normal,9173
normal\109503.jpg,normal,9174
normal\109521.jpg,normal,9175
normal\109536.jpg,normal,9176
normal\109570.jpg,normal,9177
normal\109580.jpg,normal,9178
normal\109583.jpg,normal,9209
normal\109584.jpg,normal,9180
normal\109604.jpg,normal,9181
normal\109605.jpg,normal,9182
normal\109612.jpg,normal,9183
normal\109613.jpg,normal,9184
normal\109614.jpg,normal,9185
normal\109615.jpg,normal,9279
normal\109622.jpg,normal,9187
normal\109625.jpg,normal,9188
normal\109628.jpg,normal,9189
normal\109634.jpg,normal,9190
normal\109637.jpg,normal,9191
normal\109638.jpg,normal,9192
normal\109642.jpg,normal,9193
normal\109647.jpg,normal,9194
normal\109650.jpg,normal,9195
normal\109659.jpg,normal,8377
normal\109663.jpg,normal,9197
normal\109668.jpg,normal,9198
normal\109671.jpg,normal,9199
normal\109675.jpg,normal,9200
normal\109684.jpg,normal,9201
normal\109695.jpg,normal,9202
normal\109704.jpg,normal,9203
normal\109714.jpg,normal,9204
normal\109733.jpg,normal,9205
normal\109760.jpg,normal,9206
normal\109776.jpg,normal,9207
normal\109781.jpg,normal,9208
normal\109792.jpg,normal,9209
normal\109805.jpg,normal,9210
normal\109811.jpg,normal,9211
normal\109813.jpg,normal,9212
normal\109815.jpg,normal,9213
normal\109819.jpg,normal,9302
normal\109821.jpg,normal,9215
normal\109829.jpg,normal,9216
normal\109833.jpg,normal,9217
normal\109836.jpg,normal,9218
normal\109839.jpg,normal,9219
normal\109842.jpg,normal,8570
normal\109848.jpg,normal,9221
normal\109850.jpg,normal,9222
normal\109852.jpg,normal,9223
normal\109856.jpg,normal,9224
normal\109866.jpg,normal,9225
normal\109869.jpg,normal,9226
normal\109871.jpg,normal,9078
normal\109877.jpg,normal,9228
normal\109879.jpg,normal,9229
normal\109880.jpg,normal,9230
normal\109882.jpg,normal,9231
normal\109891.jpg,normal,9232
normal\109896.jpg,normal,9233
normal\109912.jpg,normal,9234
normal\109915.jpg,normal,9235
normal\109919.jpg,normal,9236
normal\109944.jpg,normal,9237
normal\109947.jpg,normal,9238
normal\109952.jpg,normal,9239
normal\109953.jpg,normal,9240
normal\109957.jpg,normal,8790
normal\109967.jpg,normal,9242
normal\109969.jpg,normal,9243
normal\109974.jpg,normal,9244
normal\109984.jpg,normal,9245
normal\109985.jpg,normal,9246
normal\109990.jpg,normal,9247
normal\109993.jpg,normal,9248
normal\109997.jpg,normal,9249
normal\109999.jpg,normal,9250
normal\110001.jpg,normal,9251
normal\110011.jpg,normal,9252
normal\110012.jpg,normal,9253
normal\110013.jpg,normal,8835
normal\110014.jpg,normal,9255
normal\110017.jpg,normal,8835
normal\110028.jpg,normal,9257
normal\110030.jpg,normal,9258
normal\110032.jpg,normal,9259
normal\110048.jpg,normal,9260
normal\110050.jpg,normal,9261
normal\110064.jpg,normal,9262
normal\110075.jpg,normal,9263
normal\110077.jpg,normal,9264
normal\110082.jpg,normal,9265
normal\110116.jpg,normal,9266
normal\110126.jpg,normal,9267
normal\110130.jpg,normal,9268
normal\110131.jpg,normal,9269
normal\110132.jpg,normal,9270
normal\110136.jpg,normal,9078
normal\110137.jpg,normal,9272
normal\110142.jpg,normal,9273
normal\110145.jpg,normal,9274
normal\110152.jpg,normal,9275
normal\110154.jpg,normal,9276
normal\110155.jpg,normal,9277
normal\110165.jpg,normal,9278
normal\110169.jpg,normal,9279
normal\110171.jpg,normal,8498
normal\110180.jpg,normal,9231
normal\110187.jpg,normal,9282
normal\110197.jpg,normal,9283
normal\110227.jpg,normal,9284
normal\110236.jpg,normal,9285
normal\110237.jpg,normal,9286
normal\110246.jpg,normal,9287
normal\110248.jpg,normal,9288
normal\110249.jpg,normal,9289
normal\110250.jpg,normal,9290
normal\110253.jpg,normal,9291
normal\110255.jpg,normal,8899
normal\110265.jpg,normal,9293
normal\110275.jpg,normal,9294
normal\110281.jpg,normal,9295
normal\110286.jpg,normal,9296
normal\110287.jpg,normal,9297
normal\110288.jpg,normal,9298
normal\110294.jpg,normal,9299
normal\110300.jpg,normal,9300
normal\110310.jpg,normal,9301
normal\110313.jpg,normal,9302
normal\110318.jpg,normal,9303
normal\110327.jpg,normal,9304
normal\110330.jpg,normal,9305
normal\110335.jpg,normal,9306
normal\110338.jpg,normal,9307
normal\110341.jpg,normal,9308
normal\110347.jpg,normal,9309
normal\110348.jpg,normal,9310
normal\110349.jpg,normal,9311
normal\110350.jpg,normal,9312
normal\110352.jpg,normal,9313
normal\110353.jpg,normal,9314
normal\110359.jpg,normal,9315
normal\110372.jpg,normal,9316
normal\110386.jpg,normal,9317
normal\110404.jpg,normal,9318
tungro\100011.jpg,tungro,9319
tungro\100013.jpg,tungro,10300
tungro\100014.jpg,tungro,9321
tungro\100016.jpg,tungro,10373
tungro\100021.jpg,tungro,10373
tungro\100024.jpg,tungro,9324
tungro\100032.jpg,tungro,9325
tungro\100056.jpg,tungro,9326
tungro\100057.jpg,tungro,9327
tungro\100060.jpg,tungro,9328
tungro\100091.jpg,tungro,9329
tungro\100098.jpg,tungro,9330
tungro\100100.jpg,tungro,9720
tungro\100102.jpg,tungro,9332
tungro\100113.jpg,tungro,9333
tungro\100129.jpg,tungro,9334
tungro\100134.jpg,tungro,9335
tungro\100140.jpg,tungro,9336
tungro\100163.jpg,tungro,9337
tungro\100179.jpg,tungro,9338
tungro\100183.jpg,tungro,9339
tungro\100204.jpg,tungro,9340
tungro\100207.jpg,tungro,9341
tungro\100223.jpg,tungro,9342
tungro\100238.jpg,tungro,9343
tungro\100241.jpg,tungro,9926
tungro\100247.jpg,tungro,9345
tungro\100261.jpg,tungro,9346
tungro\100270.jpg,tungro,9347
tungro\100287.jpg,tungro,9879
tungro\100294.jpg,tungro,9349
tungro\100307.jpg,tungro,9350
tungro\100311.jpg,tungro,9351
tungro\100317.jpg,tungro,9352
tungro\100328.jpg,tungro,9353
tungro\100331.jpg,tungro,10319
tungro\100333.jpg,tungro,9355
tungro\100336.jpg,tungro,9356
tungro\100337.jpg,tungro,9357
tungro\100339.jpg,tungro,9358
tungro\100342.jpg,tungro,9359
tungro\100357.jpg,tungro,9360
tungro\100371.jpg,tungro,9843
tungro\100374.jpg,tungro,10373
tungro\100389.jpg,tungro,9926
tungro\100408.jpg,tungro,9364
tungro\100435.jpg,tungro,9365
tungro\100440.jpg,tungro,9366
tungro\100457.jpg,tungro,9367
tungro\100458.jpg,tungro,9368
tungro\100461.jpg,tungro,9369
tungro\100464.jpg,tungro,9581
tungro\100468.jpg,tungro,9371
tungro\100471.jpg,tungro,9372
tungro\100488.jpg,tungro,10245
tungro\100514.jpg,tungro,9374
tungro\100535.jpg,tungro,9375
tungro\100557.jpg,tungro,9626
tungro\100569.jpg,tungro,9377
tungro\100577.jpg,tungro,10319
tungro\100607.jpg,tungro,9379
tungro\100614.jpg,tungro,9380
tungro\100639.jpg,tungro,9381
tungro\100659.jpg,tungro,9382
tungro\100660.jpg,tungro,10064
tungro\100661.jpg,tungro,9384
tungro\100677.jpg,tungro,9385
tungro\100682.jpg,tungro,9386
tungro\100687.jpg,tungro,9387
tungro\100689.jpg,tungro,9824
tungro\100699.jpg,tungro,9389
tungro\100712.jpg,tungro,10359
tungro\100713.jpg,tungro,9391
tungro\100717.jpg,tungro,9392
tungro\100723.jpg,tungro,9393
tungro\100743.jpg,tungro,9394
tungro\100757.jpg,tungro,9395
tungro\100763.jpg,tungro,9396
tungro\100769.jpg,tungro,9397
tungro\100772.jpg,tungro,9398
tungro\100786.jpg,tungro,9399
tungro\100790.jpg,tungro,9574
tungro\100811.jpg,tungro,9412
tungro\100827.jpg,tungro,9402
tungro\100829.jpg,tungro,9403
tungro\100830.jpg,tungro,9412
tungro\100834.jpg,tungro,9405
tungro\100846.jpg,tungro,9406
tungro\100849.jpg,tungro,9407
tungro\100853.jpg,tungro,9802
tungro\100855.jpg,tungro,9409
tungro\100876.jpg,tungro,9620
tungro\100885.jpg,tungro,10359
tungro\100886.jpg,tungro,9412
tungro\100905.jpg,tungro,9413
tungro\100910.jpg,tungro,9414
tungro\100911.jpg,tungro,9415
tungro\100931.jpg,tungro,9416
tungro\100941.jpg,tungro,9417
tungro\100949.jpg,tungro,9418
tungro\100968.jpg,tungro,9419
tungro\100980.jpg,tungro,9420
tungro\100990.jpg,tungro,9421
tungro\100999.jpg,tungro,9422
tungro\101008.jpg,tungro,9423
tungro\101036.jpg,tungro,10361
tungro\101037.jpg,tungro,9425
tungro\101039.jpg,tungro,9426
tungro\101040.jpg,tungro,9944
tungro\101046.jpg,tungro,9690
tungro\101060.jpg,tungro,9429
tungro\101084.jpg,tungro,9430
tungro\101086.jpg,tungro,10088
tungro\101087.jpg,tungro,10341
tungro\101091.jpg,tungro,10088
tungro\101106.jpg,tungro,10311
tungro\101137.jpg,tungro,9435
tungro\101156.jpg,tungro,9682
tungro\101170.jpg,tungro,9561
tungro\101206.jpg,tungro,9438
tungro\101207.jpg,tungro,9439
tungro\101227.jpg,tungro,9440
tungro\101230.jpg,tungro,9866
tungro\101242.jpg,tungro,9442
tungro\101243.jpg,tungro,9443
tungro\101251.jpg,tungro,9444
tungro\101259.jpg,tungro,9445
tungro\101261.jpg,tungro,10007
tungro\101270.jpg,tungro,9447
tungro\101275.jpg,tungro,9448
tungro\101279.jpg,tungro,9449
tungro\101301.jpg,tungro,9831
tungro\101321.jpg,tungro,9802
tungro\101325.jpg,tungro,9452
tungro\101328.jpg,tungro,9453
tungro\101330.jpg,tungro,9844
tungro\101337.jpg,tungro,9455
tungro\101349.jpg,tungro,9456
tungro\101357.jpg,tungro,9457
tungro\101358.jpg,tungro,9458
tungro\101359.jpg,tungro,10249
tungro\101363.jpg,tungro,10118
tungro\101364.jpg,tungro,10118
tungro\101369.jpg,tungro,9462
tungro\101371.jpg,tungro,9463
tungro\101379.jpg,tungro,9927
tungro\101382.jpg,tungro,9945
tungro\101387.jpg,tungro,10177
tungro\101389.jpg,tungro,9467
tungro\101390.jpg,tungro,9468
tungro\101399.jpg,tungro,9521
tungro\101421.jpg,tungro,9470
tungro\101429.jpg,tungro,9471
tungro\101431.jpg,tungro,9472
tungro\101437.jpg,tungro,9473
tungro\101439.jpg,tungro,9474
tungro\101442.jpg,tungro,9475
tungro\101445.jpg,tungro,10126
tungro\101449.jpg,tungro,9477
tungro\101453.jpg,tungro,9478
tungro\101454.jpg,tungro,9479
tungro\101459.jpg,tungro,9480
tungro\101460.jpg,tungro,9481
tungro\101477.jpg,tungro,9482
tungro\101482.jpg,tungro,9483
tungro\101495.jpg,tungro,9484
tungro\101507.jpg,tungro,9485
tungro\101514.jpg,tungro,9486
tungro\101517.jpg,tungro,9487
tungro\101532.jpg,tungro,9488
tungro\101540.jpg,tungro,9489
tungro\101558.jpg,tungro,10230
tungro\101571.jpg,tungro,9491
tungro\101576.jpg,tungro,10177
tungro\101585.jpg,tungro,9493
tungro\101632.jpg,tungro,9494
tungro\101640.jpg,tungro,9944
tungro\101646.jpg,tungro,9496
tungro\101662.jpg,tungro,9497
tungro\101699.jpg,tungro,9498
tungro\101726.jpg,tungro,9499
tungro\101733.jpg,tungro,9500
tungro\101739.jpg,tungro,9982
tungro\101750.jpg,tungro,9766
tungro\101759.jpg,tungro,9503
tungro\101763.jpg,tungro,9953
tungro\101764.jpg,tungro,10195
tungro\101769.jpg,tungro,9506
tungro\101778.jpg,tungro,9507
tungro\101784.jpg,tungro,10230
tungro\101785.jpg,tungro,9509
tungro\101813.jpg,tungro,10220
tungro\101815.jpg,tungro,10375
tungro\101826.jpg,tungro,10003
tungro\101832.jpg,tungro,9513
tungro\101842.jpg,tungro,9736
tungro\101843.jpg,tungro,9515
tungro\101847.jpg,tungro,5550
tungro\101865.jpg,tungro,9517
tungro\101867.jpg,tungro,5550
tungro\101877.jpg,tungro,10346
tungro\101889.jpg,tungro,9520
tungro\101895.jpg,tungro,9521
tungro\101899.jpg,tungro,9522
tungro\101911.jpg,tungro,9523
tungro\101949.jpg,tungro,9524
tungro\101951.jpg,tungro,9525
tungro\101953.jpg,tungro,9526
tungro\101978.jpg,tungro,9527
tungro\101986.jpg,tungro,9528
tungro\102014.jpg,tungro,9529
tungro\102019.jpg,tungro,10345
tungro\102024.jpg,tungro,9601
tungro\102027.jpg,tungro,9532
tungro\102035.jpg,tungro,9533
tungro\102037.jpg,tungro,9534
tungro\102040.jpg,tungro,9535
tungro\102042.jpg,tungro,9412
tungro\102050.jpg,tungro,9537
tungro\102073.jpg,tungro,9538
tungro\102104.jpg,tungro,9539
tungro\102122.jpg,tungro,9540
tungro\102158.jpg,tungro,9541
tungro\102169.jpg,tungro,10171
tungro\102214.jpg,tungro,9543
tungro\102255.jpg,tungro,9544
tungro\102263.jpg,tungro,9975
tungro\102269.jpg,tungro,10311
tungro\102273.jpg,tungro,9547
tungro\102294.jpg,tungro,9548
tungro\102311.jpg,tungro,9549
tungro\102324.jpg,tungro,9550
tungro\102333.jpg,tungro,9551
tungro\102387.jpg,tungro,10037
tungro\102392.jpg,tungro,9553
tungro\102398.jpg,tungro,9554
tungro\102401.jpg,tungro,10358
tungro\102408.jpg,tungro,9556
tungro\102416.jpg,tungro,9557
tungro\102417.jpg,tungro,9921
tungro\102426.jpg,tungro,9559
tungro\102437.jpg,tungro,9560
tungro\102449.jpg,tungro,9561
tungro\102456.jpg,tungro,9562
tungro\102484.jpg,tungro,9563
tungro\102492.jpg,tungro,9564
tungro\102502.jpg,tungro,9565
tungro\102507.jpg,tungro,9566
tungro\102509.jpg,tungro,9567
tungro\102523.jpg,tungro,9568
tungro\102531.jpg,tungro,9569
tungro\102539.jpg,tungro,9570
tungro\102540.jpg,tungro,9571
tungro\102583.jpg,tungro,9682
tungro\102585.jpg,tungro,9573
tungro\102612.jpg,tungro,9574
tungro\102619.jpg,tungro,9757
tungro\102632.jpg,tungro,10250
tungro\102633.jpg,tungro,10373
tungro\102636.jpg,tungro,9578
tungro\102638.jpg,tungro,10177
tungro\102655.jpg,tungro,9975
tungro\102663.jpg,tungro,9581
tungro\102664.jpg,tungro,9582
tungro\102668.jpg,tungro,9583
tungro\102678.jpg,tungro,9584
tungro\102684.jpg,tungro,9585
tungro\102717.jpg,tungro,9586
tungro\102720.jpg,tungro,9587
tungro\102730.jpg,tungro,9588
tungro\102734.jpg,tungro,10273
tungro\102747.jpg,tungro,9590
tungro\102748.jpg,tungro,9591
tungro\102757.jpg,tungro,10245
tungro\102770.jpg,tungro,10345
tungro\102774.jpg,tungro,9594
tungro\102778.jpg,tungro,9595
tungro\102788.jpg,tungro,9596
tungro\102790.jpg,tungro,9597
tungro\102820.jpg,tungro,10276
tungro\102821.jpg,tungro,9599
tungro\102836.jpg,tungro,9600
tungro\102845.jpg,tungro,9601
tungro\102846.jpg,tungro,9602
tungro\102849.jpg,tungro,9603
tungro\102860.jpg,tungro,9604
tungro\102878.jpg,tungro,9605
tungro\102879.jpg,tungro,9606
tungro\102883.jpg,tungro,9561
tungro\102886.jpg,tungro,9608
tungro\102894.jpg,tungro,9609
tungro\102895.jpg,tungro,9682
tungro\102901.jpg,tungro,9611
tungro\102907.jpg,tungro,10340
tungro\102971.jpg,tungro,9613
tungro\102974.jpg,tungro,10153
tungro\102977.jpg,tungro,9615
tungro\102982.jpg,tungro,9616
tungro\102985.jpg,tungro,9617
tungro\102989.jpg,tungro,9826
tungro\102991.jpg,tungro,9619
tungro\102993.jpg,tungro,9620
tungro\102995.jpg,tungro,9621
tungro\103014.jpg,tungro,9622
tungro\103023.jpg,tungro,9623
tungro\103039.jpg,tungro,9624
tungro\103067.jpg,tungro,9625
tungro\103073.jpg,tungro,9626
tungro\103085.jpg,tungro,9826
tungro\103089.jpg,tungro,9628
tungro\103091.jpg,tungro,9905
tungro\103094.jpg,tungro,9960
tungro\103102.jpg,tungro,10250
tungro\103106.jpg,tungro,9632
tungro\103108.jpg,tungro,9633
tungro\103114.jpg,tungro,9634
tungro\103121.jpg,tungro,9635
tungro\103124.jpg,tungro,9636
tungro\103133.jpg,tungro,9637
tungro\103147.jpg,tungro,9638
tungro\103158.jpg,tungro,9639
tungro\103160.jpg,tungro,9640
tungro\103166.jpg,tungro,9641
tungro\103170.jpg,tungro,9642
tungro\103202.jpg,tungro,10088
tungro\103220.jpg,tungro,9644
tungro\103223.jpg,tungro,9645
tungro\103227.jpg,tungro,9646
tungro\103237.jpg,tungro,9647
tungro\103239.jpg,tungro,9648
tungro\103252.jpg,tungro,9649
tungro\103259.jpg,tungro,9961
tungro\103281.jpg,tungro,9651
tungro\103300.jpg,tungro,9652
tungro\103315.jpg,tungro,9653
tungro\103351.jpg,tungro,9654
tungro\103356.jpg,tungro,9655
tungro\103364.jpg,tungro,9656
tungro\103373.jpg,tungro,9657
tungro\103396.jpg,tungro,9658
tungro\103403.jpg,tungro,10123
tungro\103409.jpg,tungro,9660
tungro\103413.jpg,tungro,9661
tungro\103416.jpg,tungro,9662
tungro\103420.jpg,tungro,9663
tungro\103423.jpg,tungro,9664
tungro\103442.jpg,tungro,9665
tungro\103451.jpg,tungro,9666
tungro\103469.jpg,tungro,9667
tungro\103493.jpg,tungro,9668
tungro\103497.jpg,tungro,10123
tungro\103502.jpg,tungro,9670
tungro\103511.jpg,tungro,9671
tungro\103517.jpg,tungro,9672
tungro\103528.jpg,tungro,9601
tungro\103534.jpg,tungro,9674
tungro\103537.jpg,tungro,9675
tungro\103538.jpg,tungro,9676
tungro\103561.jpg,tungro,10105
tungro\103562.jpg,tungro,10241
tungro\103570.jpg,tungro,9679
tungro\103573.jpg,tungro,9680
tungro\103582.jpg,tungro,9681
tungro\103588.jpg,tungro,9682
tungro\103594.jpg,tungro,9683
tungro\103602.jpg,tungro,9684
tungro\103609.jpg,tungro,10324
tungro\103628.jpg,tungro,9686
tungro\103644.jpg,tungro,9687
tungro\103645.jpg,tungro,9688
tungro\103646.jpg,tungro,9689
tungro\103654.jpg,tungro,9690
tungro\103655.jpg,tungro,9691
tungro\103696.jpg,tungro,9692
tungro\103713.jpg,tungro,9693
tungro\103729.jpg,tungro,9694
tungro\103766.jpg,tungro,9695
tungro\103770.jpg,tungro,9696
tungro\103777.jpg,tungro,9697
tungro\103788.jpg,tungro,9698
tungro\103790.jpg,tungro,9699
tungro\103795.jpg,tungro,10398
tungro\103798.jpg,tungro,9701
tungro\103824.jpg,tungro,9702
tungro\103841.jpg,tungro,10375
tungro\103863.jpg,tungro,9704
tungro\103872.jpg,tungro,9741
tungro\103888.jpg,tungro,9706
tungro\103905.jpg,tungro,9707
tungro\103929.jpg,tungro,9708
tungro\103942.jpg,tungro,9709
tungro\103943.jpg,tungro,9710
tungro\103948.jpg,tungro,9711
tungro\103949.jpg,tungro,9712
tungro\103950.jpg,tungro,9713
tungro\103972.jpg,tungro,9714
tungro\103983.jpg,tungro,9715
tungro\103985.jpg,tungro,9716
tungro\103988.jpg,tungro,9717
tungro\104016.jpg,tungro,10177
tungro\104026.jpg,tungro,9719
tungro\104027.jpg,tungro,9720
tungro\104031.jpg,tungro,9721
tungro\104039.jpg,tungro,9722
tungro\104048.jpg,tungro,9723
tungro\104059.jpg,tungro,9724
tungro\104063.jpg,tungro,9725
tungro\104072.jpg,tungro,9726
tungro\104082.jpg,tungro,9727
tungro\104085.jpg,tungro,9728
tungro\104094.jpg,tungro,9729
tungro\104111.jpg,tungro,9730
tungro\104116.jpg,tungro,10028
tungro\104118.jpg,tungro,9732
tungro\104120.jpg,tungro,9733
tungro\104124.jpg,tungro,9734
tungro\104133.jpg,tungro,9735
tungro\104145.jpg,tungro,9736
tungro\104146.jpg,tungro,9737
tungro\104179.jpg,tungro,9912
tungro\104194.jpg,tungro,9739
tungro\104200.jpg,tungro,9740
tungro\104208.jpg,tungro,9741
tungro\104219.jpg,tungro,9742
tungro\104220.jpg,tungro,9743
tungro\104224.jpg,tungro,9744
tungro\104229.jpg,tungro,9745
tungro\104234.jpg,tungro,9746
tungro\104236.jpg,tungro,9747
tungro\104244.jpg,tungro,9748
tungro\104246.jpg,tungro,9749
tungro\104258.jpg,tungro,9750
tungro\104266.jpg,tungro,9751
tungro\104279.jpg,tungro,9752
tungro\104287.jpg,tungro,10358
tungro\104289.jpg,tungro,10087
tungro\104296.jpg,tungro,10177
tungro\104297.jpg,tungro,9756
tungro\104298.jpg,tungro,9757
tungro\104305.jpg,tungro,9758
tungro\104307.jpg,tungro,9759
tungro\104333.jpg,tungro,9760
tungro\104345.jpg,tungro,9761
tungro\104354.jpg,tungro,9762
tungro\104359.jpg,tungro,9763
tungro\104360.jpg,tungro,9764
tungro\104367.jpg,tungro,9765
tungro\104376.jpg,tungro,9766
tungro\104381.jpg,tungro,9767
tungro\104384.jpg,tungro,9768
tungro\104406.jpg,tungro,10290
tungro\104422.jpg,tungro,9770
tungro\104424.jpg,tungro,9771
tungro\104459.jpg,tungro,9772
tungro\104486.jpg,tungro,9773
tungro\104488.jpg,tungro,9774
tungro\104491.jpg,tungro,9775
tungro\104492.jpg,tungro,9776
tungro\104495.jpg,tungro,9777
tungro\104498.jpg,tungro,10171
tungro\104521.jpg,tungro,9926
tungro\104527.jpg,tungro,9780
tungro\104551.jpg,tungro,9781
tungro\104555.jpg,tungro,9782
tungro\104561.jpg,tungro,9783
tungro\104562.jpg,tungro,9784
tungro\104565.jpg,tungro,9786
tungro\104579.jpg,tungro,9786
tungro\104611.jpg,tungro,9787
tungro\104631.jpg,tungro,9788
tungro\104641.jpg,tungro,9789
tungro\104645.jpg,tungro,9790
tungro\104652.jpg,tungro,9791
tungro\104655.jpg,tungro,9792
tungro\104658.jpg,tungro,9793
tungro\104663.jpg,tungro,9794
tungro\104672.jpg,tungro,9795
tungro\104674.jpg,tungro,9843
tungro\104683.jpg,tungro,10053
tungro\104710.jpg,tungro,9798
tungro\104711.jpg,tungro,9799
tungro\104716.jpg,tungro,9800
tungro\104717.jpg,tungro,9801
tungro\104737.jpg,tungro,9802
tungro\104738.jpg,tungro,9803
tungro\104746.jpg,tungro,9804
tungro\104759.jpg,tungro,9805
tungro\104763.jpg,tungro,9806
tungro\104765.jpg,tungro,9807
tungro\104766.jpg,tungro,9808
tungro\104769.jpg,tungro,9809
tungro\104773.jpg,tungro,9810
tungro\104785.jpg,tungro,9811
tungro\104798.jpg,tungro,9812
tungro\104801.jpg,tungro,9813
tungro\104816.jpg,tungro,9814
tungro\104828.jpg,tungro,9815
tungro\104830.jpg,tungro,9816
tungro\104843.jpg,tungro,9817
tungro\104861.jpg,tungro,9818
tungro\104867.jpg,tungro,9819
tungro\104869.jpg,tungro,9820
tungro\104871.jpg,tungro,9821
tungro\104890.jpg,tungro,9822
tungro\104895.jpg,tungro,9843
tungro\104901.jpg,tungro,9824
tungro\104914.jpg,tungro,9825
tungro\104917.jpg,tungro,9826
tungro\104922.jpg,tungro,9827
tungro\104928.jpg,tungro,9828
tungro\104936.jpg,tungro,10345
tungro\104949.jpg,tungro,9830
tungro\104951.jpg,tungro,9831
tungro\104970.jpg,tungro,9832
tungro\104995.jpg,tungro,9833
tungro\105005.jpg,tungro,9834
tungro\105016.jpg,tungro,9835
tungro\105042.jpg,tungro,9682
tungro\105058.jpg,tungro,9837
tungro\105072.jpg,tungro,9838
tungro\105077.jpg,tungro,9839
tungro\105080.jpg,tungro,9840
tungro\105094.jpg,tungro,9841
tungro\105098.jpg,tungro,9842
tungro\105104.jpg,tungro,9843
tungro\105110.jpg,tungro,9844
tungro\105112.jpg,tungro,9845
tungro\105115.jpg,tungro,9846
tungro\105117.jpg,tungro,9847
tungro\105124.jpg,tungro,9848
tungro\105129.jpg,tungro,9849
tungro\105135.jpg,tungro,9850
tungro\105160.jpg,tungro,9851
tungro\105172.jpg,tungro,9852
tungro\105179.jpg,tungro,9853
tungro\105188.jpg,tungro,9854
tungro\105189.jpg,tungro,9855
tungro\105197.jpg,tungro,9856
tungro\105205.jpg,tungro,9857
tungro\105206.jpg,tungro,9858
tungro\105223.jpg,tungro,10053
tungro\105227.jpg,tungro,9860
tungro\105231.jpg,tungro,9998
tungro\105238.jpg,tungro,9862
tungro\105269.jpg,tungro,9863
tungro\105275.jpg,tungro,9864
tungro\105276.jpg,tungro,9865
tungro\105282.jpg,tungro,9866
tungro\105292.jpg,tungro,9867
tungro\105311.jpg,tungro,9868
tungro\105314.jpg,tungro,10310
tungro\105322.jpg,tungro,9870
tungro\105330.jpg,tungro,9871
tungro\105372.jpg,tungro,9872
tungro\105423.jpg,tungro,9873
tungro\105430.jpg,tungro,9802
tungro\105437.jpg,tungro,10398
tungro\105449.jpg,tungro,9876
tungro\105463.jpg,tungro,9877
tungro\105469.jpg,tungro,10123
tungro\105471.jpg,tungro,9879
tungro\105472.jpg,tungro,9880
tungro\105475.jpg,tungro,9881
tungro\105478.jpg,tungro,9882
tungro\105493.jpg,tungro,9883
tungro\105514.jpg,tungro,9884
tungro\105518.jpg,tungro,9885
tungro\105562.jpg,tungro,9886
tungro\105563.jpg,tungro,10289
tungro\105573.jpg,tungro,9888
tungro\105575.jpg,tungro,9889
tungro\105599.jpg,tungro,9890
tungro\105608.jpg,tungro,9891
tungro\105615.jpg,tungro,9892
tungro\105617.jpg,tungro,9893
tungro\105654.jpg,tungro,9894
tungro\105661.jpg,tungro,9895
tungro\105670.jpg,tungro,10127
tungro\105680.jpg,tungro,9897
tungro\105697.jpg,tungro,9898
tungro\105702.jpg,tungro,9899
tungro\105718.jpg,tungro,9900
tungro\105724.jpg,tungro,9901
tungro\105731.jpg,tungro,9902
tungro\105738.jpg,tungro,9903
tungro\105740.jpg,tungro,9904
tungro\105747.jpg,tungro,9905
tungro\105748.jpg,tungro,9906
tungro\105752.jpg,tungro,9907
tungro\105756.jpg,tungro,9908
tungro\105760.jpg,tungro,9682
tungro\105769.jpg,tungro,9953
tungro\105785.jpg,tungro,9911
tungro\105793.jpg,tungro,9912
tungro\105797.jpg,tungro,9913
tungro\105799.jpg,tungro,9914
tungro\105804.jpg,tungro,9915
tungro\105808.jpg,tungro,10357
tungro\105818.jpg,tungro,9917
tungro\105847.jpg,tungro,9918
tungro\105879.jpg,tungro,9919
tungro\105881.jpg,tungro,10154
tungro\105883.jpg,tungro,9921
tungro\105892.jpg,tungro,9922
tungro\105901.jpg,tungro,9923
tungro\105910.jpg,tungro,9924
tungro\105928.jpg,tungro,10345
tungro\105930.jpg,tungro,9926
tungro\105934.jpg,tungro,9927
tungro\105967.jpg,tungro,9928
tungro\105973.jpg,tungro,9929
tungro\105974.jpg,tungro,9930
tungro\105982.jpg,tungro,9931
tungro\105992.jpg,tungro,9932
tungro\106026.jpg,tungro,9933
tungro\106042.jpg,tungro,9934
tungro\106060.jpg,tungro,9935
tungro\106091.jpg,tungro,9936
tungro\106094.jpg,tungro,10105
tungro\106101.jpg,tungro,9938
tungro\106106.jpg,tungro,9939
tungro\106116.jpg,tungro,9940
tungro\106125.jpg,tungro,9941
tungro\106129.jpg,tungro,10123
tungro\106132.jpg,tungro,9943
tungro\106139.jpg,tungro,9944
tungro\106159.jpg,tungro,9945
tungro\106168.jpg,tungro,9946
tungro\106174.jpg,tungro,9947
tungro\106178.jpg,tungro,9948
tungro\106196.jpg,tungro,10308
tungro\106199.jpg,tungro,10355
tungro\106200.jpg,tungro,9951
tungro\106211.jpg,tungro,10355
tungro\106214.jpg,tungro,9953
tungro\106215.jpg,tungro,9954
tungro\106219.jpg,tungro,9955
tungro\106242.jpg,tungro,9956
tungro\106247.jpg,tungro,10230
tungro\106251.jpg,tungro,9958
tungro\106257.jpg,tungro,9959
tungro\106258.jpg,tungro,9960
tungro\106277.jpg,tungro,9961
tungro\106287.jpg,tungro,9962
tungro\106288.jpg,tungro,9963
tungro\106301.jpg,tungro,9964
tungro\106303.jpg,tungro,9965
tungro\106325.jpg,tungro,9966
tungro\106337.jpg,tungro,9967
tungro\106355.jpg,tungro,9968
tungro\106359.jpg,tungro,10239
tungro\106386.jpg,tungro,9970
tungro\106389.jpg,tungro,9971
tungro\106407.jpg,tungro,9972
tungro\106409.jpg,tungro,9973
tungro\106418.jpg,tungro,10216
tungro\106426.jpg,tungro,9975
tungro\106430.jpg,tungro,9976
tungro\106433.jpg,tungro,9977
tungro\106435.jpg,tungro,9978
tungro\106438.jpg,tungro,9979
tungro\106445.jpg,tungro,9980
tungro\106454.jpg,tungro,9981
tungro\106461.jpg,tungro,9982
tungro\106470.jpg,tungro,9983
tungro\106500.jpg,tungro,9984
tungro\106504.jpg,tungro,9985
tungro\106508.jpg,tungro,9986
tungro\106516.jpg,tungro,9987
tungro\106519.jpg,tungro,9988
tungro\106532.jpg,tungro,9989
tungro\106558.jpg,tungro,10399
tungro\106574.jpg,tungro,9991
tungro\106579.jpg,tungro,9992
tungro\106594.jpg,tungro,9993
tungro\106603.jpg,tungro,9994
tungro\106605.jpg,tungro,9995
tungro\106611.jpg,tungro,10249
tungro\106635.jpg,tungro,9997
tungro\106650.jpg,tungro,9998
tungro\106657.jpg,tungro,9999
tungro\106669.jpg,tungro,10000
tungro\106672.jpg,tungro,10001
tungro\106679.jpg,tungro,10002
tungro\106681.jpg,tungro,10003
tungro\106684.jpg,tungro,10004
tungro\106689.jpg,tungro,10005
tungro\106691.jpg,tungro,10348
tungro\106695.jpg,tungro,10007
tungro\106699.jpg,tungro,10008
tungro\106704.jpg,tungro,10009
tungro\106707.jpg,tungro,10010
tungro\106715.jpg,tungro,10011
tungro\106716.jpg,tungro,10012
tungro\106719.jpg,tungro,10013
tungro\106723.jpg,tungro,10201
tungro\106724.jpg,tungro,10015
tungro\106727.jpg,tungro,10016
tungro\106734.jpg,tungro,10017
tungro\106749.jpg,tungro,10018
tungro\106750.jpg,tungro,10019
tungro\106764.jpg,tungro,10375
tungro\106768.jpg,tungro,10021
tungro\106772.jpg,tungro,10022
tungro\106773.jpg,tungro,10267
tungro\106778.jpg,tungro,10024
tungro\106788.jpg,tungro,10025
tungro\106799.jpg,tungro,10026
tungro\106803.jpg,tungro,10027
tungro\106818.jpg,tungro,10028
tungro\106823.jpg,tungro,10029
tungro\106825.jpg,tungro,5550
tungro\106839.jpg,tungro,10031
tungro\106842.jpg,tungro,10032
tungro\106843.jpg,tungro,10033
tungro\106851.jpg,tungro,10034
tungro\106872.jpg,tungro,10035
tungro\106875.jpg,tungro,10036
tungro\106876.jpg,tungro,10037
tungro\106878.jpg,tungro,10038
tungro\106879.jpg,tungro,10396
tungro\106883.jpg,tungro,10040
tungro\106884.jpg,tungro,10041
tungro\106891.jpg,tungro,10375
tungro\106897.jpg,tungro,10300
tungro\106898.jpg,tungro,10044
tungro\106902.jpg,tungro,10045
tungro\106913.jpg,tungro,10046
tungro\106918.jpg,tungro,10171
tungro\106944.jpg,tungro,10048
tungro\106966.jpg,tungro,10049
tungro\106967.jpg,tungro,10050
tungro\106968.jpg,tungro,10051
tungro\106970.jpg,tungro,10052
tungro\106980.jpg,tungro,10053
tungro\106985.jpg,tungro,10054
tungro\106986.jpg,tungro,10055
tungro\106989.jpg,tungro,10056
tungro\106991.jpg,tungro,9843
tungro\107001.jpg,tungro,10072
tungro\107008.jpg,tungro,10059
tungro\107009.jpg,tungro,10060
tungro\107015.jpg,tungro,10123
tungro\107032.jpg,tungro,10062
tungro\107034.jpg,tungro,10063
tungro\107042.jpg,tungro,10064
tungro\107049.jpg,tungro,10065
tungro\107073.jpg,tungro,10345
tungro\107079.jpg,tungro,10067
tungro\107082.jpg,tungro,10068
tungro\107086.jpg,tungro,10069
tungro\107087.jpg,tungro,10070
tungro\107089.jpg,tungro,10071
tungro\107111.jpg,tungro,10072
tungro\107112.jpg,tungro,10073
tungro\107125.jpg,tungro,10074
tungro\107136.jpg,tungro,10075
tungro\107148.jpg,tungro,10076
tungro\107169.jpg,tungro,10077
tungro\107174.jpg,tungro,10078
tungro\107191.jpg,tungro,10368
tungro\107204.jpg,tungro,10080
tungro\107217.jpg,tungro,10081
tungro\107239.jpg,tungro,10082
tungro\107242.jpg,tungro,10375
tungro\107253.jpg,tungro,10084
tungro\107255.jpg,tungro,10085
tungro\107258.jpg,tungro,10086
tungro\107268.jpg,tungro,10087
tungro\107269.jpg,tungro,10088
tungro\107272.jpg,tungro,10089
tungro\107277.jpg,tungro,10090
tungro\107285.jpg,tungro,10091
tungro\107299.jpg,tungro,10092
tungro\107308.jpg,tungro,10093
tungro\107325.jpg,tungro,10094
tungro\107349.jpg,tungro,10095
tungro\107355.jpg,tungro,10096
tungro\107357.jpg,tungro,10097
tungro\107371.jpg,tungro,10098
tungro\107376.jpg,tungro,10099
tungro\107383.jpg,tungro,10100
tungro\107387.jpg,tungro,10101
tungro\107399.jpg,tungro,10102
tungro\107404.jpg,tungro,10103
tungro\107408.jpg,tungro,10104
tungro\107415.jpg,tungro,10105
tungro\107428.jpg,tungro,10106
tungro\107449.jpg,tungro,10107
tungro\107465.jpg,tungro,10108
tungro\107468.jpg,tungro,10109
tungro\107494.jpg,tungro,10110
tungro\107502.jpg,tungro,10111
tungro\107529.jpg,tungro,10112
tungro\107534.jpg,tungro,10113
tungro\107542.jpg,tungro,10114
tungro\107553.jpg,tungro,10115
tungro\107568.jpg,tungro,10116
tungro\107575.jpg,tungro,10117
tungro\107586.jpg,tungro,10118
tungro\107588.jpg,tungro,10119
tungro\107605.jpg,tungro,10120
tungro\107606.jpg,tungro,10121
tungro\107607.jpg,tungro,10122
tungro\107625.jpg,tungro,10123
tungro\107638.jpg,tungro,9944
tungro\107640.jpg,tungro,10125
tungro\107641.jpg,tungro,10126
tungro\107642.jpg,tungro,10127
tungro\107672.jpg,tungro,10128
tungro\107686.jpg,tungro,10129
tungro\107694.jpg,tungro,10130
tungro\107705.jpg,tungro,10131
tungro\107706.jpg,tungro,10132
tungro\107711.jpg,tungro,10133
tungro\107712.jpg,tungro,10134
tungro\107721.jpg,tungro,10088
tungro\107737.jpg,tungro,10136
tungro\107746.jpg,tungro,10137
tungro\107748.jpg,tungro,10138
tungro\107754.jpg,tungro,10139
tungro\107764.jpg,tungro,10140
tungro\107769.jpg,tungro,10141
tungro\107770.jpg,tungro,10142
tungro\107782.jpg,tungro,10143
tungro\107785.jpg,tungro,10144
tungro\107793.jpg,tungro,10145
tungro\107801.jpg,tungro,10146
tungro\107811.jpg,tungro,10147
tungro\107820.jpg,tungro,10148
tungro\107839.jpg,tungro,10149
tungro\107857.jpg,tungro,10150
tungro\107860.jpg,tungro,10151
tungro\107862.jpg,tungro,10202
tungro\107869.jpg,tungro,10153
tungro\107884.jpg,tungro,10154
tungro\107885.jpg,tungro,10155
tungro\107888.jpg,tungro,10156
tungro\107911.jpg,tungro,10372
tungro\107914.jpg,tungro,10158
tungro\107930.jpg,tungro,10159
tungro\107931.jpg,tungro,10160
tungro\107940.jpg,tungro,10161
tungro\107943.jpg,tungro,10162
tungro\107951.jpg,tungro,10249
tungro\107957.jpg,tungro,10164
tungro\107962.jpg,tungro,10165
tungro\107964.jpg,tungro,10166
tungro\107967.jpg,tungro,10167
tungro\107980.jpg,tungro,10168
tungro\107989.jpg,tungro,10169
tungro\108007.jpg,tungro,10170
tungro\108024.jpg,tungro,10171
tungro\108027.jpg,tungro,10172
tungro\108031.jpg,tungro,10173
tungro\108035.jpg,tungro,10174
tungro\108040.jpg,tungro,10175
tungro\108042.jpg,tungro,10176
tungro\108052.jpg,tungro,10177
tungro\108060.jpg,tungro,9975
tungro\108072.jpg,tungro,10179
tungro\108080.jpg,tungro,10180
tungro\108103.jpg,tungro,10181
tungro\108106.jpg,tungro,10182
tungro\108128.jpg,tungro,10262
tungro\108138.jpg,tungro,10184
tungro\108139.jpg,tungro,10185
tungro\108141.jpg,tungro,10186
tungro\108149.jpg,tungro,10254
tungro\108155.jpg,tungro,10188
tungro\108158.jpg,tungro,10189
tungro\108165.jpg,tungro,10190
tungro\108182.jpg,tungro,10191
tungro\108194.jpg,tungro,10192
tungro\108197.jpg,tungro,10193
tungro\108200.jpg,tungro,10194
tungro\108204.jpg,tungro,10195
tungro\108228.jpg,tungro,5550
tungro\108232.jpg,tungro,10197
tungro\108245.jpg,tungro,10198
tungro\108261.jpg,tungro,10333
tungro\108273.jpg,tungro,10200
tungro\108278.jpg,tungro,10201
tungro\108283.jpg,tungro,10202
tungro\108303.jpg,tungro,10203
tungro\108310.jpg,tungro,10302
tungro\108314.jpg,tungro,10205
tungro\108328.jpg,tungro,10373
tungro\108330.jpg,tungro,10207
tungro\108357.jpg,tungro,10208
tungro\108358.jpg,tungro,10209
tungro\108389.jpg,tungro,10277
tungro\108391.jpg,tungro,10211
tungro\108393.jpg,tungro,10212
tungro\108407.jpg,tungro,10213
tungro\108417.jpg,tungro,10214
tungro\108423.jpg,tungro,10266
tungro\108445.jpg,tungro,10216
tungro\108453.jpg,tungro,9682
tungro\108489.jpg,tungro,10218
tungro\108492.jpg,tungro,9802
tungro\108495.jpg,tungro,10220
tungro\108499.jpg,tungro,10221
tungro\108509.jpg,tungro,10222
tungro\108510.jpg,tungro,10223
tungro\108513.jpg,tungro,10224
tungro\108534.jpg,tungro,10225
tungro\108542.jpg,tungro,10226
tungro\108547.jpg,tungro,10227
tungro\108551.jpg,tungro,10228
tungro\108560.jpg,tungro,10229
tungro\108576.jpg,tungro,10230
tungro\108579.jpg,tungro,10231
tungro\108598.jpg,tungro,10232
tungro\108602.jpg,tungro,10233
tungro\108626.jpg,tungro,10234
tungro\108643.jpg,tungro,10235
tungro\108648.jpg,tungro,10236
tungro\108649.jpg,tungro,10237
tungro\108651.jpg,tungro,10238
tungro\108659.jpg,tungro,10239
tungro\108663.jpg,tungro,10240
tungro\108666.jpg,tungro,10241
tungro\108680.jpg,tungro,10242
tungro\108694.jpg,tungro,10243
tungro\108702.jpg,tungro,10244
tungro\108734.jpg,tungro,10245
tungro\108755.jpg,tungro,10246
tungro\108756.jpg,tungro,10247
tungro\108776.jpg,tungro,10363
tungro\108786.jpg,tungro,10249
tungro\108794.jpg,tungro,10250
tungro\108798.jpg,tungro,10251
tungro\108799.jpg,tungro,10252
tungro\108818.jpg,tungro,10253
tungro\108835.jpg,tungro,10254
tungro\108836.jpg,tungro,10255
tungro\108856.jpg,tungro,10256
tungro\108887.jpg,tungro,9945
tungro\108895.jpg,tungro,10258
tungro\108917.jpg,tungro,10259
tungro\108922.jpg,tungro,10260
tungro\108925.jpg,tungro,10261
tungro\108928.jpg,tungro,10262
tungro\108930.jpg,tungro,10263
tungro\108933.jpg,tungro,10355
tungro\108940.jpg,tungro,10265
tungro\108965.jpg,tungro,10266
tungro\108971.jpg,tungro,10267
tungro\108983.jpg,tungro,10268
tungro\108990.jpg,tungro,10269
tungro\109006.jpg,tungro,10270
tungro\109011.jpg,tungro,10271
tungro\109012.jpg,tungro,10272
tungro\109016.jpg,tungro,10273
tungro\109058.jpg,tungro,10274
tungro\109069.jpg,tungro,10275
tungro\109071.jpg,tungro,10276
tungro\109073.jpg,tungro,10277
tungro\109086.jpg,tungro,10278
tungro\109088.jpg,tungro,10279
tungro\109101.jpg,tungro,10280
tungro\109110.jpg,tungro,10281
tungro\109114.jpg,tungro,10282
tungro\109122.jpg,tungro,10283
tungro\109128.jpg,tungro,10284
tungro\109147.jpg,tungro,10285
tungro\109163.jpg,tungro,10286
tungro\109167.jpg,tungro,10287
tungro\109169.jpg,tungro,10288
tungro\109181.jpg,tungro,10289
tungro\109187.jpg,tungro,10290
tungro\109200.jpg,tungro,10291
tungro\109222.jpg,tungro,10292
tungro\109228.jpg,tungro,10293
tungro\109232.jpg,tungro,10294
tungro\109257.jpg,tungro,10295
tungro\109260.jpg,tungro,10296
tungro\109264.jpg,tungro,10297
tungro\109278.jpg,tungro,10298
tungro\109279.jpg,tungro,10375
tungro\109294.jpg,tungro,10300
tungro\109305.jpg,tungro,10301
tungro\109312.jpg,tungro,10302
tungro\109345.jpg,tungro,10303
tungro\109350.jpg,tungro,10304
tungro\109356.jpg,tungro,10305
tungro\109370.jpg,tungro,10306
tungro\109371.jpg,tungro,10307
tungro\109379.jpg,tungro,10308
tungro\109384.jpg,tungro,10309
tungro\109385.jpg,tungro,10310
tungro\109389.jpg,tungro,10311
tungro\109404.jpg,tungro,10312
tungro\109406.jpg,tungro,10313
tungro\109417.jpg,tungro,10314
tungro\109425.jpg,tungro,10315
tungro\109430.jpg,tungro,10316
tungro\109431.jpg,tungro,10317
tungro\109436.jpg,tungro,10262
tungro\109447.jpg,tungro,10319
tungro\109452.jpg,tungro,10320
tungro\109454.jpg,tungro,10321
tungro\109497.jpg,tungro,10322
tungro\109501.jpg,tungro,10323
tungro\109527.jpg,tungro,10324
tungro\109531.jpg,tungro,10325
tungro\109538.jpg,tungro,9561
tungro\109545.jpg,tungro,10327
tungro\109555.jpg,tungro,10328
tungro\109557.jpg,tungro,10329
tungro\109571.jpg,tungro,10241
tungro\109573.jpg,tungro,10331
tungro\109577.jpg,tungro,10332
tungro\109581.jpg,tungro,10333
tungro\109587.jpg,tungro,10334
tungro\109590.jpg,tungro,9561
tungro\109598.jpg,tungro,10336
tungro\109600.jpg,tungro,10337
tungro\109609.jpg,tungro,10338
tungro\109617.jpg,tungro,10339
tungro\109626.jpg,tungro,10340
tungro\109629.jpg,tungro,10341
tungro\109653.jpg,tungro,10342
tungro\109660.jpg,tungro,10373
tungro\109662.jpg,tungro,10344
tungro\109692.jpg,tungro,10345
tungro\109706.jpg,tungro,10346
tungro\109711.jpg,tungro,10347
tungro\109721.jpg,tungro,10348
tungro\109723.jpg,tungro,10349
tungro\109731.jpg,tungro,10350
tungro\109737.jpg,tungro,10351
tungro\109787.jpg,tungro,10352
tungro\109791.jpg,tungro,10353
tungro\109806.jpg,tungro,10373
tungro\109827.jpg,tungro,10355
tungro\109832.jpg,tungro,10356
tungro\109853.jpg,tungro,10357
tungro\109872.jpg,tungro,10358
tungro\109876.jpg,tungro,10359
tungro\109892.jpg,tungro,10360
tungro\109895.jpg,tungro,10361
tungro\109908.jpg,tungro,10362
tungro\109918.jpg,tungro,10363
tungro\109924.jpg,tungro,10364
tungro\109936.jpg,tungro,10365
tungro\109982.jpg,tungro,10366
tungro\109983.jpg,tungro,10367
tungro\109986.jpg,tungro,10368
tungro\110010.jpg,tungro,10369
tungro\110049.jpg,tungro,10370
tungro\110052.jpg,tungro,10371
tungro\110053.jpg,tungro,10372
tungro\110058.jpg,tungro,10373
tungro\110062.jpg,tungro,10374
tungro\110084.jpg,tungro,10375
tungro\110096.jpg,tungro,10376
tungro\110104.jpg,tungro,10377
tungro\110108.jpg,tungro,10378
tungro\110114.jpg,tungro,10379
tungro\110115.jpg,tungro,10380
tungro\110129.jpg,tungro,10381
tungro\110140.jpg,tungro,10382
tungro\110182.jpg,tungro,10383
tungro\110199.jpg,tungro,9561
tungro\110218.jpg,tungro,10385
tungro\110220.jpg,tungro,10386
tungro\110228.jpg,tungro,10177
tungro\110245.jpg,tungro,10388
tungro\110263.jpg,tungro,10389
tungro\110273.jpg,tungro,10390
tungro\110297.jpg,tungro,10391
tungro\110303.jpg,tungro,10392
tungro\110308.jpg,tungro,10393
tungro\110321.jpg,tungro,10394
tungro\110324.jpg,tungro,10395
tungro\110328.jpg,tungro,10396
tungro\110332.jpg,tungro,10397
tungro\110336.jpg,tungro,10398
tungro\110339.jpg,tungro,10399
tungro\110354.jpg,tungro,10400
tungro\110358.jpg,tungro,10401
tungro\110365.jpg,tungro,10007
tungro\110375.jpg,tungro,10403
tungro\110381.jpg,tungro,10404
tungro\110384.jpg,tungro,10405
tungro\110403.jpg,tungro,10406
