path,class,group,group_size,nn_cosine
Blight\Corn_Blight (1).jpeg,Blight,0,1,0.7496
Blight\Corn_Blight (1).jpg,Blight,1,1,0.8826
Blight\Corn_Blight (10).jpg,Blight,2,1,0.9065
Blight\Corn_Blight (100).jpg,Blight,3,1,0.8779
Blight\Corn_Blight (1000).JPG,Blight,4,1,0.8515
Blight\Corn_Blight (1001).JPG,Blight,5,1,0.8181
Blight\Corn_Blight (1002).JPG,Blight,6,1,0.846
Blight\Corn_Blight (1003).JPG,Blight,7,1,0.9185
Blight\Corn_Blight (1004).JPG,Blight,8,1,0.9354
Blight\Corn_Blight (1005).JPG,Blight,9,1,0.9284
Blight\Corn_Blight (1006).JPG,Blight,10,1,0.8359
Blight\Corn_Blight (1007).JPG,Blight,11,1,0.9081
Blight\Corn_Blight (1008).JPG,Blight,12,1,0.8593
Blight\Corn_Blight (1009).JPG,Blight,13,1,0.8831
Blight\Corn_Blight (101).jpg,Blight,14,1,0.8643
Blight\Corn_Blight (1010).JPG,Blight,749,2,0.9564
Blight\Corn_Blight (1011).jpg,Blight,16,1,0.9252
Blight\Corn_Blight (1012).JPG,Blight,17,1,0.9031
Blight\Corn_Blight (1013).JPG,Blight,18,1,0.9244
Blight\Corn_Blight (1014).JPG,Blight,19,1,0.924
Blight\Corn_Blight (1015).jpg,Blight,20,1,0.8835
Blight\Corn_Blight (1016).JPG,Blight,21,1,0.905
Blight\Corn_Blight (1017).JPG,Blight,22,1,0.905
Blight\Corn_Blight (1018).jpg,Blight,23,1,0.9367
Blight\Corn_Blight (1019).JPG,Blight,24,1,0.9054
Blight\Corn_Blight (102).jpg,Blight,25,1,0.8987
Blight\Corn_Blight (1020).JPG,Blight,26,1,0.9319
Blight\Corn_Blight (1021).JPG,Blight,27,1,0.9159
Blight\Corn_Blight (1022).JPG,Blight,28,1,0.8717
Blight\Corn_Blight (1023).JPG,Blight,340,2,0.9598
Blight\Corn_Blight (1024).JPG,Blight,30,1,0.8778
Blight\Corn_Blight (1025).JPG,Blight,789,2,0.9701
Blight\Corn_Blight (1026).JPG,Blight,32,1,0.9151
Blight\Corn_Blight (1027).JPG,Blight,33,1,0.9304
Blight\Corn_Blight (1028).JPG,Blight,660,4,0.9552
Blight\Corn_Blight (1029).JPG,Blight,35,1,0.8204
Blight\Corn_Blight (103).jpg,Blight,36,1,0.8477
Blight\Corn_Blight (1030).jpg,Blight,982,3,0.9776
Blight\Corn_Blight (1031).JPG,Blight,38,1,0.9164
Blight\Corn_Blight (1032).JPG,Blight,39,1,0.9002
Blight\Corn_Blight (1033).jpg,Blight,40,1,0.8847
Blight\Corn_Blight (1034).JPG,Blight,41,1,0.9229
Blight\Corn_Blight (1035).JPG,Blight,42,1,0.8819
Blight\Corn_Blight (1036).jpg,Blight,43,1,0.9335
Blight\Corn_Blight (1037).JPG,Blight,44,1,0.8983
Blight\Corn_Blight (1038).jpg,Blight,853,2,0.9775
Blight\Corn_Blight (1039).jpg,Blight,1109,3,0.9663
Blight\Corn_Blight (104).jpg,Blight,47,1,0.8532
Blight\Corn_Blight (1040).jpg,Blight,48,1,0.9328
Blight\Corn_Blight (1041).JPG,Blight,49,1,0.9117
Blight\Corn_Blight (1042).jpg,Blight,50,1,0.9193
Blight\Corn_Blight (1043).JPG,Blight,51,1,0.918
Blight\Corn_Blight (1044).JPG,Blight,52,1,0.8986
Blight\Corn_Blight (1045).JPG,Blight,53,1,0.9207
Blight\Corn_Blight (1046).JPG,Blight,54,1,0.8524
Blight\Corn_Blight (1047).JPG,Blight,55,1,0.9133
Blight\Corn_Blight (1048).JPG,Blight,56,1,0.9193
Blight\Corn_Blight (1049).JPG,Blight,57,1,0.9197
Blight\Corn_Blight (105).jpg,Blight,58,1,0.8083
Blight\Corn_Blight (1050).JPG,Blight,59,1,0.889
Blight\Corn_Blight (1051).JPG,Blight,60,1,0.9348
Blight\Corn_Blight (1052).JPG,Blight,61,1,0.9193
Blight\Corn_Blight (1053).JPG,Blight,62,1,0.8825
Blight\Corn_Blight (1054).jpg,Blight,63,1,0.8754
Blight\Corn_Blight (1055).JPG,Blight,64,1,0.9398
Blight\Corn_Blight (1056).JPG,Blight,65,1,0.8991
Blight\Corn_Blight (1057).JPG,Blight,66,1,0.9126
Blight\Corn_Blight (1058).jpg,Blight,1115,2,0.9806
Blight\Corn_Blight (1059).JPG,Blight,224,2,0.966
Blight\Corn_Blight (106).jpg,Blight,2663,2,0.9961
Blight\Corn_Blight (1060).JPG,Blight,70,1,0.9209
Blight\Corn_Blight (1061).JPG,Blight,71,1,0.9037
Blight\Corn_Blight (1062).JPG,Blight,72,1,0.885
Blight\Corn_Blight (1063).JPG,Blight,73,1,0.9309
Blight\Corn_Blight (1064).JPG,Blight,74,1,0.9335
Blight\Corn_Blight (1065).JPG,Blight,75,1,0.8562
Blight\Corn_Blight (1066).JPG,Blight,76,1,0.908
Blight\Corn_Blight (1067).JPG,Blight,77,1,0.9226
Blight\Corn_Blight (1068).JPG,Blight,78,1,0.931
Blight\Corn_Blight (1069).JPG,Blight,79,1,0.9076
Blight\Corn_Blight (107).jpg,Blight,80,1,0.8863
Blight\Corn_Blight (1070).JPG,Blight,108,2,0.9569
Blight\Corn_Blight (1071).JPG,Blight,82,1,0.925
Blight\Corn_Blight (1072).JPG,Blight,83,1,0.9124
Blight\Corn_Blight (1073).jpg,Blight,405,3,0.9607
Blight\Corn_Blight (1074).JPG,Blight,1109,3,0.9663
Blight\Corn_Blight (1075).JPG,Blight,86,1,0.9024
Blight\Corn_Blight (1076).jpg,Blight,185,2,0.9567
Blight\Corn_Blight (1077).JPG,Blight,88,1,0.8475
Blight\Corn_Blight (1078).JPG,Blight,89,1,0.9216
Blight\Corn_Blight (1079).JPG,Blight,90,1,0.9301
Blight\Corn_Blight (108).jpg,Blight,91,1,0.9241
Blight\Corn_Blight (1080).JPG,Blight,92,1,0.8347
Blight\Corn_Blight (1081).jpg,Blight,93,1,0.8836
Blight\Corn_Blight (1082).jpg,Blight,839,2,0.9637
Blight\Corn_Blight (1083).JPG,Blight,95,1,0.9228
Blight\Corn_Blight (1084).JPG,Blight,96,1,0.9245
Blight\Corn_Blight (1085).JPG,Blight,97,1,0.9328
Blight\Corn_Blight (1086).JPG,Blight,98,1,0.9244
Blight\Corn_Blight (1087).JPG,Blight,99,1,0.8472
Blight\Corn_Blight (1088).JPG,Blight,100,1,0.9192
Blight\Corn_Blight (1089).JPG,Blight,101,1,0.8886
Blight\Corn_Blight (109).jpg,Blight,102,1,0.871
Blight\Corn_Blight (1090).JPG,Blight,960,2,0.9563
Blight\Corn_Blight (1091).JPG,Blight,104,1,0.8884
Blight\Corn_Blight (1092).jpg,Blight,660,4,0.9714
Blight\Corn_Blight (1093).JPG,Blight,106,1,0.9143
Blight\Corn_Blight (1094).JPG,Blight,107,1,0.9201
Blight\Corn_Blight (1095).JPG,Blight,108,2,0.9569
Blight\Corn_Blight (1096).jpg,Blight,109,1,0.8658
Blight\Corn_Blight (1097).jpg,Blight,110,1,0.8292
Blight\Corn_Blight (1098).jpg,Blight,111,1,0.8292
Blight\Corn_Blight (1099).jpg,Blight,112,1,0.895
Blight\Corn_Blight (11).jpg,Blight,2719,2,0.9659
Blight\Corn_Blight (110).jpg,Blight,114,1,0.7827
Blight\Corn_Blight (1100).jpg,Blight,115,1,0.8422
Blight\Corn_Blight (1101).jpg,Blight,116,1,0.9074
Blight\Corn_Blight (1102).jpg,Blight,117,1,0.8949
Blight\Corn_Blight (1103).jpg,Blight,118,1,0.8863
Blight\Corn_Blight (1104).jpg,Blight,2968,2,1.0
Blight\Corn_Blight (1105).jpg,Blight,120,1,0.876
Blight\Corn_Blight (1106).jpg,Blight,121,1,0.8265
Blight\Corn_Blight (1107).jpg,Blight,122,1,0.9059
Blight\Corn_Blight (1108).jpg,Blight,123,1,0.8568
Blight\Corn_Blight (1109).jpg,Blight,124,1,0.9093
Blight\Corn_Blight (111).JPG,Blight,125,1,0.9335
Blight\Corn_Blight (1110).jpg,Blight,126,1,0.8101
Blight\Corn_Blight (1111).jpg,Blight,127,1,0.7062
Blight\Corn_Blight (1112).jpg,Blight,128,1,0.8388
Blight\Corn_Blight (1113).jpg,Blight,129,1,0.862
Blight\Corn_Blight (1114).jpg,Blight,130,1,0.8415
Blight\Corn_Blight (1115).jpg,Blight,131,1,0.8422
Blight\Corn_Blight (1116).jpg,Blight,132,1,0.8366
Blight\Corn_Blight (1117).jpg,Blight,133,1,0.8624
Blight\Corn_Blight (1118).jpg,Blight,134,1,0.8955
Blight\Corn_Blight (1119).jpg,Blight,135,1,0.8417
Blight\Corn_Blight (112).JPG,Blight,136,1,0.9095
Blight\Corn_Blight (1120).jpg,Blight,137,1,0.8949
Blight\Corn_Blight (1121).jpg,Blight,138,1,0.854
Blight\Corn_Blight (1122).jpg,Blight,139,1,0.891
Blight\Corn_Blight (1123).jpg,Blight,140,1,0.8987
Blight\Corn_Blight (1124).jpg,Blight,141,1,0.8634
Blight\Corn_Blight (1125).jpg,Blight,142,1,0.8921
Blight\Corn_Blight (1126).jpg,Blight,143,1,0.8532
Blight\Corn_Blight (1127).jpg,Blight,144,1,0.9093
Blight\Corn_Blight (1128).jpg,Blight,145,1,0.7851
Blight\Corn_Blight (1129).jpg,Blight,146,1,0.8806
Blight\Corn_Blight (113).JPG,Blight,147,1,0.9369
Blight\Corn_Blight (1130).jpg,Blight,148,1,0.8591
Blight\Corn_Blight (1131).jpg,Blight,149,1,0.8898
Blight\Corn_Blight (1132).jpg,Blight,150,1,0.8906
Blight\Corn_Blight (1133).jpg,Blight,151,1,0.9008
Blight\Corn_Blight (1134).jpg,Blight,152,1,0.8824
Blight\Corn_Blight (1135).jpg,Blight,153,1,0.7951
Blight\Corn_Blight (1136).jpg,Blight,154,1,0.8321
Blight\Corn_Blight (1137).jpg,Blight,155,1,0.8591
Blight\Corn_Blight (1138).jpg,Blight,156,1,0.8862
Blight\Corn_Blight (1139).jpg,Blight,157,1,0.8655
Blight\Corn_Blight (114).JPG,Blight,158,1,0.8865
Blight\Corn_Blight (1140).jpg,Blight,159,1,0.8631
Blight\Corn_Blight (1141).jpg,Blight,160,1,0.8594
Blight\Corn_Blight (1142).jpg,Blight,161,1,0.785
Blight\Corn_Blight (1143).jpg,Blight,162,1,0.7496
Blight\Corn_Blight (1144).jpg,Blight,163,1,0.8952
Blight\Corn_Blight (1145).jpg,Blight,164,1,0.8676
Blight\Corn_Blight (115).JPG,Blight,165,1,0.8587
Blight\Corn_Blight (116).JPG,Blight,166,1,0.9103
Blight\Corn_Blight (117).JPG,Blight,167,1,0.9224
Blight\Corn_Blight (118).JPG,Blight,168,1,0.9225
Blight\Corn_Blight (119).JPG,Blight,169,1,0.8908
Blight\Corn_Blight (12).jpg,Blight,170,1,0.8924
Blight\Corn_Blight (120).JPG,Blight,171,1,0.903
Blight\Corn_Blight (121).JPG,Blight,172,1,0.8919
Blight\Corn_Blight (122).JPG,Blight,173,1,0.9218
Blight\Corn_Blight (123).JPG,Blight,174,1,0.9044
Blight\Corn_Blight (124).JPG,Blight,175,1,0.931
Blight\Corn_Blight (125).jpg,Blight,176,1,0.8499
Blight\Corn_Blight (126).JPG,Blight,177,1,0.8844
Blight\Corn_Blight (127).JPG,Blight,178,1,0.8993
Blight\Corn_Blight (128).JPG,Blight,179,1,0.8742
Blight\Corn_Blight (129).JPG,Blight,180,1,0.8917
Blight\Corn_Blight (13).jpg,Blight,181,1,0.8944
Blight\Corn_Blight (130).jpg,Blight,182,1,0.8823
Blight\Corn_Blight (131).JPG,Blight,183,1,0.915
Blight\Corn_Blight (132).JPG,Blight,184,1,0.8709
Blight\Corn_Blight (133).JPG,Blight,185,2,0.9567
Blight\Corn_Blight (134).jpg,Blight,186,1,0.9492
Blight\Corn_Blight (135).JPG,Blight,187,1,0.9486
Blight\Corn_Blight (136).JPG,Blight,188,1,0.942
Blight\Corn_Blight (137).JPG,Blight,189,1,0.9088
Blight\Corn_Blight (138).JPG,Blight,190,1,0.9335
Blight\Corn_Blight (139).jpg,Blight,191,1,0.8857
Blight\Corn_Blight (14).jpg,Blight,192,1,0.8323
Blight\Corn_Blight (140).JPG,Blight,193,1,0.9461
Blight\Corn_Blight (141).JPG,Blight,194,1,0.8868
Blight\Corn_Blight (142).JPG,Blight,195,1,0.9173
Blight\Corn_Blight (143).JPG,Blight,196,1,0.8993
Blight\Corn_Blight (144).jpg,Blight,197,1,0.9195
Blight\Corn_Blight (145).JPG,Blight,198,1,0.8599
Blight\Corn_Blight (146).JPG,Blight,199,1,0.9107
Blight\Corn_Blight (147).jpg,Blight,200,1,0.8885
Blight\Corn_Blight (148).JPG,Blight,201,1,0.9173
Blight\Corn_Blight (149).JPG,Blight,202,1,0.9171
Blight\Corn_Blight (15).jpg,Blight,203,1,0.825
Blight\Corn_Blight (150).JPG,Blight,204,1,0.9274
Blight\Corn_Blight (151).JPG,Blight,205,1,0.8224
Blight\Corn_Blight (152).JPG,Blight,206,1,0.9177
Blight\Corn_Blight (153).JPG,Blight,207,1,0.9147
Blight\Corn_Blight (154).JPG,Blight,208,1,0.899
Blight\Corn_Blight (155).JPG,Blight,209,1,0.9128
Blight\Corn_Blight (156).JPG,Blight,210,1,0.8724
Blight\Corn_Blight (157).JPG,Blight,211,1,0.889
Blight\Corn_Blight (158).JPG,Blight,212,1,0.8979
Blight\Corn_Blight (159).JPG,Blight,213,1,0.9047
Blight\Corn_Blight (16).jpg,Blight,214,1,0.8795
Blight\Corn_Blight (160).JPG,Blight,215,1,0.8985
Blight\Corn_Blight (161).JPG,Blight,216,1,0.9457
Blight\Corn_Blight (162).jpg,Blight,217,1,0.9314
Blight\Corn_Blight (163).JPG,Blight,218,1,0.9106
Blight\Corn_Blight (164).JPG,Blight,219,1,0.9016
Blight\Corn_Blight (165).jpg,Blight,220,1,0.8025
Blight\Corn_Blight (166).JPG,Blight,221,1,0.9095
Blight\Corn_Blight (167).JPG,Blight,222,1,0.9414
Blight\Corn_Blight (168).JPG,Blight,223,1,0.9267
Blight\Corn_Blight (169).JPG,Blight,224,2,0.966
Blight\Corn_Blight (17).jpg,Blight,225,1,0.9176
Blight\Corn_Blight (170).JPG,Blight,226,1,0.8144
Blight\Corn_Blight (171).JPG,Blight,227,1,0.8404
Blight\Corn_Blight (172).JPG,Blight,228,1,0.8273
Blight\Corn_Blight (173).JPG,Blight,229,1,0.9312
Blight\Corn_Blight (174).JPG,Blight,230,1,0.8577
Blight\Corn_Blight (175).jpg,Blight,231,1,0.9317
Blight\Corn_Blight (176).jpg,Blight,726,2,0.9714
Blight\Corn_Blight (177).JPG,Blight,233,1,0.9052
Blight\Corn_Blight (178).jpg,Blight,234,1,0.8137
Blight\Corn_Blight (179).JPG,Blight,235,1,0.9145
Blight\Corn_Blight (18).jpg,Blight,236,1,0.7749
Blight\Corn_Blight (180).JPG,Blight,237,1,0.9289
Blight\Corn_Blight (181).JPG,Blight,238,1,0.9174
Blight\Corn_Blight (182).JPG,Blight,239,1,0.936
Blight\Corn_Blight (183).JPG,Blight,627,2,0.9541
Blight\Corn_Blight (184).JPG,Blight,241,1,0.9064
Blight\Corn_Blight (185).JPG,Blight,242,1,0.9076
Blight\Corn_Blight (186).JPG,Blight,243,1,0.8854
Blight\Corn_Blight (187).JPG,Blight,244,1,0.9186
Blight\Corn_Blight (188).JPG,Blight,245,1,0.9402
Blight\Corn_Blight (189).JPG,Blight,246,1,0.9219
Blight\Corn_Blight (19).jpg,Blight,247,1,0.8563
Blight\Corn_Blight (190).JPG,Blight,248,1,0.8827
Blight\Corn_Blight (191).JPG,Blight,249,1,0.9011
Blight\Corn_Blight (192).JPG,Blight,250,1,0.8581
Blight\Corn_Blight (193).JPG,Blight,251,1,0.865
Blight\Corn_Blight (194).JPG,Blight,252,1,0.9252
Blight\Corn_Blight (195).JPG,Blight,253,1,0.9019
Blight\Corn_Blight (196).JPG,Blight,254,1,0.8232
Blight\Corn_Blight (197).JPG,Blight,255,1,0.9305
Blight\Corn_Blight (198).JPG,Blight,256,1,0.8928
Blight\Corn_Blight (199).JPG,Blight,257,1,0.872
Blight\Corn_Blight (2).jpg,Blight,258,1,0.8816
Blight\Corn_Blight (20).jpg,Blight,259,1,0.8477
Blight\Corn_Blight (200).JPG,Blight,260,1,0.8617
Blight\Corn_Blight (201).JPG,Blight,261,1,0.8952
Blight\Corn_Blight (202).JPG,Blight,262,1,0.9231
Blight\Corn_Blight (203).JPG,Blight,263,1,0.8602
Blight\Corn_Blight (204).jpg,Blight,264,1,0.9301
Blight\Corn_Blight (205).JPG,Blight,265,1,0.8754
Blight\Corn_Blight (206).JPG,Blight,354,2,0.9733
Blight\Corn_Blight (207).JPG,Blight,267,1,0.8194
Blight\Corn_Blight (208).jpg,Blight,268,1,0.9144
Blight\Corn_Blight (209).JPG,Blight,269,1,0.9451
Blight\Corn_Blight (21).jpg,Blight,270,1,0.9405
Blight\Corn_Blight (210).JPG,Blight,271,1,0.9259
Blight\Corn_Blight (211).JPG,Blight,272,1,0.8497
Blight\Corn_Blight (212).JPG,Blight,273,1,0.8852
Blight\Corn_Blight (213).JPG,Blight,274,1,0.9314
Blight\Corn_Blight (214).JPG,Blight,275,1,0.8643
Blight\Corn_Blight (215).JPG,Blight,276,1,0.9128
Blight\Corn_Blight (216).JPG,Blight,507,2,0.9667
Blight\Corn_Blight (217).JPG,Blight,278,1,0.916
Blight\Corn_Blight (218).JPG,Blight,982,3,0.9776
Blight\Corn_Blight (219).JPG,Blight,280,1,0.7915
Blight\Corn_Blight (22).jpg,Blight,281,1,0.833
Blight\Corn_Blight (220).JPG,Blight,282,1,0.8654
Blight\Corn_Blight (221).JPG,Blight,283,1,0.8242
Blight\Corn_Blight (222).JPG,Blight,284,1,0.907
Blight\Corn_Blight (223).JPG,Blight,285,1,0.9252
Blight\Corn_Blight (224).JPG,Blight,286,1,0.9406
Blight\Corn_Blight (225).JPG,Blight,287,1,0.8503
Blight\Corn_Blight (226).JPG,Blight,288,1,0.9457
Blight\Corn_Blight (227).JPG,Blight,289,1,0.9488
Blight\Corn_Blight (228).JPG,Blight,290,1,0.9454
Blight\Corn_Blight (229).JPG,Blight,291,1,0.8746
Blight\Corn_Blight (23).jpg,Blight,292,1,0.8639
Blight\Corn_Blight (230).JPG,Blight,293,1,0.9374
Blight\Corn_Blight (231).JPG,Blight,294,1,0.9191
Blight\Corn_Blight (232).JPG,Blight,295,1,0.9146
Blight\Corn_Blight (233).JPG,Blight,296,1,0.8811
Blight\Corn_Blight (234).JPG,Blight,1097,2,0.9565
Blight\Corn_Blight (235).JPG,Blight,298,1,0.9109
Blight\Corn_Blight (236).JPG,Blight,299,1,0.9374
Blight\Corn_Blight (237).JPG,Blight,300,1,0.9429
Blight\Corn_Blight (238).JPG,Blight,301,1,0.931
Blight\Corn_Blight (239).JPG,Blight,302,1,0.9239
Blight\Corn_Blight (24).jpg,Blight,303,1,0.8141
Blight\Corn_Blight (240).JPG,Blight,304,1,0.8976
Blight\Corn_Blight (241).JPG,Blight,305,1,0.9253
Blight\Corn_Blight (242).JPG,Blight,306,1,0.9125
Blight\Corn_Blight (243).JPG,Blight,307,1,0.9077
Blight\Corn_Blight (244).JPG,Blight,308,1,0.9242
Blight\Corn_Blight (245).JPG,Blight,309,1,0.8939
Blight\Corn_Blight (246).jpg,Blight,310,1,0.8909
Blight\Corn_Blight (247).JPG,Blight,311,1,0.8637
Blight\Corn_Blight (248).JPG,Blight,312,1,0.8559
Blight\Corn_Blight (249).JPG,Blight,313,1,0.9347
Blight\Corn_Blight (25).jpg,Blight,314,1,0.8561
Blight\Corn_Blight (250).JPG,Blight,315,1,0.9296
Blight\Corn_Blight (251).JPG,Blight,316,1,0.9344
Blight\Corn_Blight (252).JPG,Blight,317,1,0.8786
Blight\Corn_Blight (253).JPG,Blight,318,1,0.8835
Blight\Corn_Blight (254).JPG,Blight,319,1,0.9244
Blight\Corn_Blight (255).JPG,Blight,320,1,0.8583
Blight\Corn_Blight (256).JPG,Blight,321,1,0.8986
Blight\Corn_Blight (257).JPG,Blight,322,1,0.782
Blight\Corn_Blight (258).JPG,Blight,323,1,0.9202
Blight\Corn_Blight (259).jpg,Blight,324,1,0.9077
Blight\Corn_Blight (26).jpg,Blight,325,1,0.8836
Blight\Corn_Blight (260).JPG,Blight,326,1,0.8919
Blight\Corn_Blight (261).JPG,Blight,327,1,0.9165
Blight\Corn_Blight (262).JPG,Blight,328,1,0.9419
Blight\Corn_Blight (263).JPG,Blight,329,1,0.9063
Blight\Corn_Blight (264).jpg,Blight,915,4,0.9649
Blight\Corn_Blight (265).JPG,Blight,331,1,0.9267
Blight\Corn_Blight (266).JPG,Blight,332,1,0.9216
Blight\Corn_Blight (267).JPG,Blight,333,1,0.8252
Blight\Corn_Blight (268).JPG,Blight,334,1,0.909
Blight\Corn_Blight (269).JPG,Blight,335,1,0.9067
Blight\Corn_Blight (27).jpg,Blight,336,1,0.9022
Blight\Corn_Blight (270).JPG,Blight,337,1,0.8596
Blight\Corn_Blight (271).JPG,Blight,338,1,0.9286
Blight\Corn_Blight (272).JPG,Blight,339,1,0.9356
Blight\Corn_Blight (273).JPG,Blight,340,2,0.9598
Blight\Corn_Blight (274).JPG,Blight,341,1,0.9144
Blight\Corn_Blight (275).jpg,Blight,405,3,0.9641
Blight\Corn_Blight (276).JPG,Blight,343,1,0.8352
Blight\Corn_Blight (277).JPG,Blight,344,1,0.8979
Blight\Corn_Blight (278).JPG,Blight,345,1,0.9282
Blight\Corn_Blight (279).JPG,Blight,346,1,0.9192
Blight\Corn_Blight (28).jpg,Blight,347,1,0.895
Blight\Corn_Blight (280).JPG,Blight,348,1,0.9423
Blight\Corn_Blight (281).JPG,Blight,349,1,0.8309
Blight\Corn_Blight (282).JPG,Blight,350,1,0.9488
Blight\Corn_Blight (283).JPG,Blight,639,2,0.9744
Blight\Corn_Blight (284).jpg,Blight,352,1,0.8812
Blight\Corn_Blight (285).JPG,Blight,353,1,0.943
Blight\Corn_Blight (286).jpg,Blight,354,2,0.9733
Blight\Corn_Blight (287).JPG,Blight,355,1,0.9204
Blight\Corn_Blight (288).JPG,Blight,356,1,0.9274
Blight\Corn_Blight (289).JPG,Blight,357,1,0.9192
Blight\Corn_Blight (29).jpg,Blight,2530,2,0.9605
Blight\Corn_Blight (290).JPG,Blight,359,1,0.8771
Blight\Corn_Blight (291).JPG,Blight,360,1,0.8888
Blight\Corn_Blight (292).JPG,Blight,361,1,0.8754
Blight\Corn_Blight (293).JPG,Blight,362,1,0.8977
Blight\Corn_Blight (294).JPG,Blight,841,2,0.9636
Blight\Corn_Blight (295).JPG,Blight,364,1,0.9153
Blight\Corn_Blight (296).JPG,Blight,365,1,0.9367
Blight\Corn_Blight (297).JPG,Blight,366,1,0.8499
Blight\Corn_Blight (298).JPG,Blight,367,1,0.9361
Blight\Corn_Blight (299).JPG,Blight,368,1,0.9195
Blight\Corn_Blight (3).jpg,Blight,369,1,0.9014
Blight\Corn_Blight (30).jpg,Blight,370,1,0.8752
Blight\Corn_Blight (300).JPG,Blight,371,1,0.9335
Blight\Corn_Blight (301).JPG,Blight,372,1,0.879
Blight\Corn_Blight (302).JPG,Blight,660,4,0.9714
Blight\Corn_Blight (303).jpg,Blight,374,1,0.924
Blight\Corn_Blight (304).jpg,Blight,375,1,0.8895
Blight\Corn_Blight (305).JPG,Blight,376,1,0.9011
Blight\Corn_Blight (306).JPG,Blight,377,1,0.9293
Blight\Corn_Blight (307).jpg,Blight,378,1,0.8637
Blight\Corn_Blight (308).JPG,Blight,379,1,0.909
Blight\Corn_Blight (309).jpg,Blight,380,1,0.8129
Blight\Corn_Blight (31).jpg,Blight,381,1,0.9025
Blight\Corn_Blight (310).JPG,Blight,382,1,0.8713
Blight\Corn_Blight (311).JPG,Blight,383,1,0.939
Blight\Corn_Blight (312).JPG,Blight,384,1,0.9031
Blight\Corn_Blight (313).JPG,Blight,385,1,0.8923
Blight\Corn_Blight (314).JPG,Blight,386,1,0.929
Blight\Corn_Blight (315).JPG,Blight,387,1,0.916
Blight\Corn_Blight (316).JPG,Blight,388,1,0.9414
Blight\Corn_Blight (317).jpg,Blight,389,1,0.8025
Blight\Corn_Blight (318).JPG,Blight,390,1,0.9167
Blight\Corn_Blight (319).JPG,Blight,391,1,0.893
Blight\Corn_Blight (32).jpg,Blight,392,1,0.8327
Blight\Corn_Blight (320).JPG,Blight,393,1,0.9134
Blight\Corn_Blight (321).JPG,Blight,394,1,0.9007
Blight\Corn_Blight (322).JPG,Blight,395,1,0.8336
Blight\Corn_Blight (323).jpg,Blight,396,1,0.9021
Blight\Corn_Blight (324).JPG,Blight,397,1,0.8378
Blight\Corn_Blight (325).JPG,Blight,398,1,0.8897
Blight\Corn_Blight (326).JPG,Blight,399,1,0.9268
Blight\Corn_Blight (327).JPG,Blight,400,1,0.8884
Blight\Corn_Blight (328).JPG,Blight,401,1,0.872
Blight\Corn_Blight (329).JPG,Blight,402,1,0.9165
Blight\Corn_Blight (33).jpg,Blight,403,1,0.8884
Blight\Corn_Blight (330).JPG,Blight,404,1,0.9266
Blight\Corn_Blight (331).JPG,Blight,405,3,0.9641
Blight\Corn_Blight (332).JPG,Blight,406,1,0.895
Blight\Corn_Blight (333).JPG,Blight,407,1,0.9173
Blight\Corn_Blight (334).JPG,Blight,408,1,0.919
Blight\Corn_Blight (335).JPG,Blight,409,1,0.926
Blight\Corn_Blight (336).JPG,Blight,410,1,0.79
Blight\Corn_Blight (337).JPG,Blight,411,1,0.9164
Blight\Corn_Blight (338).JPG,Blight,412,1,0.9052
Blight\Corn_Blight (339).jpg,Blight,413,1,0.9119
Blight\Corn_Blight (34).jpg,Blight,414,1,0.8474
Blight\Corn_Blight (340).JPG,Blight,415,1,0.767
Blight\Corn_Blight (341).JPG,Blight,416,1,0.9392
Blight\Corn_Blight (342).JPG,Blight,417,1,0.9208
Blight\Corn_Blight (343).JPG,Blight,418,1,0.9152
Blight\Corn_Blight (344).JPG,Blight,419,1,0.9307
Blight\Corn_Blight (345).JPG,Blight,420,1,0.9192
Blight\Corn_Blight (346).JPG,Blight,421,1,0.87
Blight\Corn_Blight (347).JPG,Blight,422,1,0.8638
Blight\Corn_Blight (348).jpg,Blight,423,1,0.8544
Blight\Corn_Blight (349).JPG,Blight,424,1,0.9399
Blight\Corn_Blight (35).jpg,Blight,425,1,0.8607
Blight\Corn_Blight (350).JPG,Blight,426,1,0.9086
Blight\Corn_Blight (351).JPG,Blight,427,1,0.8452
Blight\Corn_Blight (352).JPG,Blight,428,1,0.9133
Blight\Corn_Blight (353).JPG,Blight,429,1,0.942
Blight\Corn_Blight (354).JPG,Blight,430,1,0.8861
Blight\Corn_Blight (355).JPG,Blight,431,1,0.9195
Blight\Corn_Blight (356).JPG,Blight,432,1,0.8583
Blight\Corn_Blight (357).JPG,Blight,433,1,0.9448
Blight\Corn_Blight (358).JPG,Blight,434,1,0.9225
Blight\Corn_Blight (359).JPG,Blight,435,1,0.9367
Blight\Corn_Blight (36).jpg,Blight,436,1,0.9114
Blight\Corn_Blight (360).JPG,Blight,437,1,0.8794
Blight\Corn_Blight (361).JPG,Blight,438,1,0.9272
Blight\Corn_Blight (362).JPG,Blight,439,1,0.9082
Blight\Corn_Blight (363).JPG,Blight,440,1,0.8879
Blight\Corn_Blight (364).JPG,Blight,441,1,0.9371
Blight\Corn_Blight (365).JPG,Blight,442,1,0.9052
Blight\Corn_Blight (366).JPG,Blight,443,1,0.8115
Blight\Corn_Blight (367).JPG,Blight,444,1,0.8612
Blight\Corn_Blight (368).JPG,Blight,445,1,0.8853
Blight\Corn_Blight (369).JPG,Blight,446,1,0.9072
Blight\Corn_Blight (37).jpg,Blight,447,1,0.8513
Blight\Corn_Blight (370).JPG,Blight,448,1,0.8979
Blight\Corn_Blight (371).JPG,Blight,449,1,0.8995
Blight\Corn_Blight (372).JPG,Blight,450,1,0.872
Blight\Corn_Blight (373).JPG,Blight,451,1,0.9286
Blight\Corn_Blight (374).JPG,Blight,452,1,0.9369
Blight\Corn_Blight (375).JPG,Blight,615,2,0.959
Blight\Corn_Blight (376).JPG,Blight,454,1,0.9149
Blight\Corn_Blight (377).JPG,Blight,455,1,0.922
Blight\Corn_Blight (378).JPG,Blight,456,1,0.9088
Blight\Corn_Blight (379).JPG,Blight,457,1,0.6554
Blight\Corn_Blight (38).jpg,Blight,458,1,0.8992
Blight\Corn_Blight (380).JPG,Blight,459,1,0.9097
Blight\Corn_Blight (381).JPG,Blight,460,1,0.9258
Blight\Corn_Blight (382).JPG,Blight,461,1,0.9479
Blight\Corn_Blight (383).JPG,Blight,462,1,0.9285
Blight\Corn_Blight (384).jpg,Blight,463,1,0.8809
Blight\Corn_Blight (385).JPG,Blight,548,3,0.9673
Blight\Corn_Blight (386).JPG,Blight,465,1,0.8182
Blight\Corn_Blight (387).JPG,Blight,466,1,0.8893
Blight\Corn_Blight (388).JPG,Blight,467,1,0.9496
Blight\Corn_Blight (389).JPG,Blight,468,1,0.9033
Blight\Corn_Blight (39).jpg,Blight,469,1,0.886
Blight\Corn_Blight (390).JPG,Blight,470,1,0.944
Blight\Corn_Blight (391).JPG,Blight,471,1,0.9088
Blight\Corn_Blight (392).JPG,Blight,472,1,0.9194
Blight\Corn_Blight (393).JPG,Blight,473,1,0.8668
Blight\Corn_Blight (394).JPG,Blight,474,1,0.8489
Blight\Corn_Blight (395).JPG,Blight,475,1,0.9293
Blight\Corn_Blight (396).JPG,Blight,476,1,0.846
Blight\Corn_Blight (397).JPG,Blight,477,1,0.8584
Blight\Corn_Blight (398).JPG,Blight,478,1,0.8818
Blight\Corn_Blight (399).jpg,Blight,479,1,0.9328
Blight\Corn_Blight (4).jpg,Blight,480,1,0.9159
Blight\Corn_Blight (40).jpg,Blight,481,1,0.9085
Blight\Corn_Blight (400).JPG,Blight,482,1,0.9161
Blight\Corn_Blight (401).JPG,Blight,679,2,0.9502
Blight\Corn_Blight (402).JPG,Blight,484,1,0.931
Blight\Corn_Blight (403).JPG,Blight,589,2,0.9738
Blight\Corn_Blight (404).jpg,Blight,486,1,0.9102
Blight\Corn_Blight (405).JPG,Blight,487,1,0.9134
Blight\Corn_Blight (406).JPG,Blight,488,1,0.8812
Blight\Corn_Blight (407).JPG,Blight,489,1,0.8897
Blight\Corn_Blight (408).JPG,Blight,490,1,0.9178
Blight\Corn_Blight (409).JPG,Blight,491,1,0.9352
Blight\Corn_Blight (41).jpg,Blight,492,1,0.8617
Blight\Corn_Blight (410).JPG,Blight,493,1,0.9187
Blight\Corn_Blight (411).JPG,Blight,494,1,0.9095
Blight\Corn_Blight (412).JPG,Blight,495,1,0.8772
Blight\Corn_Blight (413).JPG,Blight,496,1,0.93
Blight\Corn_Blight (414).JPG,Blight,497,1,0.931
Blight\Corn_Blight (415).jpg,Blight,498,1,0.9327
Blight\Corn_Blight (416).JPG,Blight,499,1,0.9198
Blight\Corn_Blight (417).JPG,Blight,500,1,0.9224
Blight\Corn_Blight (418).JPG,Blight,501,1,0.9059
Blight\Corn_Blight (419).JPG,Blight,502,1,0.8749
Blight\Corn_Blight (42).jpg,Blight,703,2,0.9593
Blight\Corn_Blight (420).JPG,Blight,504,1,0.8955
Blight\Corn_Blight (421).JPG,Blight,505,1,0.9121
Blight\Corn_Blight (422).jpg,Blight,506,1,0.9067
Blight\Corn_Blight (423).jpg,Blight,507,2,0.9667
Blight\Corn_Blight (424).JPG,Blight,508,1,0.8839
Blight\Corn_Blight (425).JPG,Blight,509,1,0.8472
Blight\Corn_Blight (426).JPG,Blight,510,1,0.9261
Blight\Corn_Blight (427).JPG,Blight,511,1,0.8464
Blight\Corn_Blight (428).JPG,Blight,512,1,0.8856
Blight\Corn_Blight (429).JPG,Blight,513,1,0.9081
Blight\Corn_Blight (43).jpg,Blight,725,2,0.9384
Blight\Corn_Blight (430).JPG,Blight,548,3,0.9551
Blight\Corn_Blight (431).JPG,Blight,516,1,0.9478
Blight\Corn_Blight (432).JPG,Blight,517,1,0.9058
Blight\Corn_Blight (433).jpg,Blight,518,1,0.8952
Blight\Corn_Blight (434).JPG,Blight,1030,2,0.9518
Blight\Corn_Blight (435).JPG,Blight,520,1,0.918
Blight\Corn_Blight (436).JPG,Blight,521,1,0.8976
Blight\Corn_Blight (437).JPG,Blight,522,1,0.9118
Blight\Corn_Blight (438).jpg,Blight,523,1,0.8961
Blight\Corn_Blight (439).jpg,Blight,524,1,0.8682
Blight\Corn_Blight (44).jpg,Blight,658,2,0.953
Blight\Corn_Blight (440).JPG,Blight,526,1,0.9167
Blight\Corn_Blight (441).JPG,Blight,527,1,0.9352
Blight\Corn_Blight (442).JPG,Blight,876,2,0.9726
Blight\Corn_Blight (443).JPG,Blight,529,1,0.8731
Blight\Corn_Blight (444).JPG,Blight,933,2,0.9736
Blight\Corn_Blight (445).JPG,Blight,531,1,0.898
Blight\Corn_Blight (446).JPG,Blight,532,1,0.8901
Blight\Corn_Blight (447).JPG,Blight,533,1,0.8642
Blight\Corn_Blight (448).JPG,Blight,534,1,0.9416
Blight\Corn_Blight (449).JPG,Blight,535,1,0.9171
Blight\Corn_Blight (45).jpg,Blight,536,1,0.7521
Blight\Corn_Blight (450).JPG,Blight,537,1,0.9479
Blight\Corn_Blight (451).JPG,Blight,538,1,0.883
Blight\Corn_Blight (452).JPG,Blight,539,1,0.8926
Blight\Corn_Blight (453).JPG,Blight,540,1,0.936
Blight\Corn_Blight (454).JPG,Blight,541,1,0.908
Blight\Corn_Blight (455).JPG,Blight,542,1,0.9403
Blight\Corn_Blight (456).JPG,Blight,543,1,0.8868
Blight\Corn_Blight (457).JPG,Blight,544,1,0.9167
Blight\Corn_Blight (458).JPG,Blight,545,1,0.9092
Blight\Corn_Blight (459).JPG,Blight,546,1,0.8748
Blight\Corn_Blight (46).jpg,Blight,547,1,0.8781
Blight\Corn_Blight (460).JPG,Blight,548,3,0.9673
Blight\Corn_Blight (461).JPG,Blight,549,1,0.7005
Blight\Corn_Blight (462).JPG,Blight,550,1,0.9165
Blight\Corn_Blight (463).JPG,Blight,551,1,0.9042
Blight\Corn_Blight (464).JPG,Blight,552,1,0.8728
Blight\Corn_Blight (465).JPG,Blight,553,1,0.9385
Blight\Corn_Blight (466).JPG,Blight,554,1,0.934
Blight\Corn_Blight (467).JPG,Blight,555,1,0.89
Blight\Corn_Blight (468).JPG,Blight,556,1,0.8912
Blight\Corn_Blight (469).JPG,Blight,557,1,0.9335
Blight\Corn_Blight (47).jpg,Blight,558,1,0.9103
Blight\Corn_Blight (470).JPG,Blight,559,1,0.9461
Blight\Corn_Blight (471).JPG,Blight,560,1,0.9353
Blight\Corn_Blight (472).JPG,Blight,561,1,0.8923
Blight\Corn_Blight (473).JPG,Blight,1042,2,0.9532
Blight\Corn_Blight (474).JPG,Blight,563,1,0.8694
Blight\Corn_Blight (475).JPG,Blight,564,1,0.9293
Blight\Corn_Blight (476).JPG,Blight,565,1,0.9127
Blight\Corn_Blight (477).JPG,Blight,566,1,0.9203
Blight\Corn_Blight (478).JPG,Blight,567,1,0.9122
Blight\Corn_Blight (479).JPG,Blight,568,1,0.8736
Blight\Corn_Blight (48).jpg,Blight,569,1,0.741
Blight\Corn_Blight (480).JPG,Blight,570,1,0.9196
Blight\Corn_Blight (481).JPG,Blight,571,1,0.9089
Blight\Corn_Blight (482).JPG,Blight,572,1,0.8939
Blight\Corn_Blight (483).JPG,Blight,573,1,0.9403
Blight\Corn_Blight (484).JPG,Blight,574,1,0.9271
Blight\Corn_Blight (485).JPG,Blight,575,1,0.8521
Blight\Corn_Blight (486).JPG,Blight,576,1,0.8672
Blight\Corn_Blight (487).JPG,Blight,577,1,0.9029
Blight\Corn_Blight (488).JPG,Blight,578,1,0.9497
Blight\Corn_Blight (489).JPG,Blight,579,1,0.8738
Blight\Corn_Blight (49).jpg,Blight,580,1,0.8656
Blight\Corn_Blight (490).jpg,Blight,1009,2,0.9645
Blight\Corn_Blight (491).jpg,Blight,582,1,0.9009
Blight\Corn_Blight (492).JPG,Blight,583,1,0.9076
Blight\Corn_Blight (493).JPG,Blight,584,1,0.9287
Blight\Corn_Blight (494).JPG,Blight,585,1,0.9005
Blight\Corn_Blight (495).JPG,Blight,586,1,0.8832
Blight\Corn_Blight (496).JPG,Blight,587,1,0.9171
Blight\Corn_Blight (497).JPG,Blight,588,1,0.9457
Blight\Corn_Blight (498).jpg,Blight,589,2,0.9738
Blight\Corn_Blight (499).JPG,Blight,590,1,0.9297
Blight\Corn_Blight (5).jpg,Blight,591,1,0.7603
Blight\Corn_Blight (50).jpg,Blight,592,1,0.8659
Blight\Corn_Blight (500).JPG,Blight,593,1,0.9261
Blight\Corn_Blight (501).JPG,Blight,594,1,0.9066
Blight\Corn_Blight (502).JPG,Blight,595,1,0.9214
Blight\Corn_Blight (503).JPG,Blight,596,1,0.9435
Blight\Corn_Blight (504).JPG,Blight,597,1,0.9177
Blight\Corn_Blight (505).JPG,Blight,598,1,0.9152
Blight\Corn_Blight (506).JPG,Blight,599,1,0.9241
Blight\Corn_Blight (507).JPG,Blight,600,1,0.9141
Blight\Corn_Blight (508).JPG,Blight,601,1,0.9211
Blight\Corn_Blight (509).JPG,Blight,602,1,0.9132
Blight\Corn_Blight (51).jpg,Blight,603,1,0.8373
Blight\Corn_Blight (510).jpg,Blight,604,1,0.9068
Blight\Corn_Blight (511).JPG,Blight,605,1,0.9238
Blight\Corn_Blight (512).JPG,Blight,606,1,0.9047
Blight\Corn_Blight (513).JPG,Blight,607,1,0.8854
Blight\Corn_Blight (514).JPG,Blight,608,1,0.9311
Blight\Corn_Blight (515).JPG,Blight,609,1,0.864
Blight\Corn_Blight (516).JPG,Blight,610,1,0.8354
Blight\Corn_Blight (517).JPG,Blight,611,1,0.9285
Blight\Corn_Blight (518).JPG,Blight,612,1,0.915
Blight\Corn_Blight (519).JPG,Blight,613,1,0.9217
Blight\Corn_Blight (52).jpg,Blight,614,1,0.8726
Blight\Corn_Blight (520).JPG,Blight,615,2,0.959
Blight\Corn_Blight (521).JPG,Blight,616,1,0.8985
Blight\Corn_Blight (522).JPG,Blight,617,1,0.9419
Blight\Corn_Blight (523).JPG,Blight,618,1,0.9399
Blight\Corn_Blight (524).JPG,Blight,619,1,0.8535
Blight\Corn_Blight (525).JPG,Blight,620,1,0.9192
Blight\Corn_Blight (526).JPG,Blight,621,1,0.9305
Blight\Corn_Blight (527).JPG,Blight,622,1,0.8293
Blight\Corn_Blight (528).JPG,Blight,623,1,0.9216
Blight\Corn_Blight (529).JPG,Blight,624,1,0.8934
Blight\Corn_Blight (53).jpg,Blight,858,2,0.9724
Blight\Corn_Blight (530).JPG,Blight,626,1,0.9385
Blight\Corn_Blight (531).JPG,Blight,627,2,0.9541
Blight\Corn_Blight (532).JPG,Blight,628,1,0.9191
Blight\Corn_Blight (533).JPG,Blight,629,1,0.9134
Blight\Corn_Blight (534).JPG,Blight,823,2,0.9537
Blight\Corn_Blight (535).JPG,Blight,631,1,0.9488
Blight\Corn_Blight (536).JPG,Blight,632,1,0.8932
Blight\Corn_Blight (537).JPG,Blight,633,1,0.9202
Blight\Corn_Blight (538).JPG,Blight,634,1,0.9238
Blight\Corn_Blight (539).JPG,Blight,635,1,0.8984
Blight\Corn_Blight (54).jpg,Blight,636,1,0.874
Blight\Corn_Blight (540).jpg,Blight,637,1,0.8168
Blight\Corn_Blight (541).jpg,Blight,638,1,0.906
Blight\Corn_Blight (542).jpg,Blight,639,2,0.9744
Blight\Corn_Blight (543).JPG,Blight,640,1,0.8996
Blight\Corn_Blight (544).JPG,Blight,641,1,0.8825
Blight\Corn_Blight (545).JPG,Blight,642,1,0.913
Blight\Corn_Blight (546).JPG,Blight,643,1,0.8025
Blight\Corn_Blight (547).JPG,Blight,644,1,0.9255
Blight\Corn_Blight (548).JPG,Blight,645,1,0.9241
Blight\Corn_Blight (549).JPG,Blight,646,1,0.9086
Blight\Corn_Blight (55).jpg,Blight,647,1,0.8863
Blight\Corn_Blight (550).jpg,Blight,648,1,0.7331
Blight\Corn_Blight (551).JPG,Blight,649,1,0.9061
Blight\Corn_Blight (552).JPG,Blight,650,1,0.9186
Blight\Corn_Blight (553).JPG,Blight,651,1,0.9206
Blight\Corn_Blight (554).JPG,Blight,652,1,0.9339
Blight\Corn_Blight (555).JPG,Blight,653,1,0.8715
Blight\Corn_Blight (556).JPG,Blight,654,1,0.9096
Blight\Corn_Blight (557).jpg,Blight,655,1,0.938
Blight\Corn_Blight (558).JPG,Blight,656,1,0.9388
Blight\Corn_Blight (559).JPG,Blight,657,1,0.9252
Blight\Corn_Blight (56).jpg,Blight,658,2,0.953
Blight\Corn_Blight (560).JPG,Blight,659,1,0.9352
Blight\Corn_Blight (561).jpg,Blight,660,4,0.9595
Blight\Corn_Blight (562).JPG,Blight,661,1,0.9193
Blight\Corn_Blight (563).JPG,Blight,662,1,0.92
Blight\Corn_Blight (564).JPG,Blight,663,1,0.9397
Blight\Corn_Blight (565).JPG,Blight,664,1,0.9253
Blight\Corn_Blight (566).JPG,Blight,665,1,0.9023
Blight\Corn_Blight (567).JPG,Blight,666,1,0.9025
Blight\Corn_Blight (568).JPG,Blight,667,1,0.9288
Blight\Corn_Blight (569).JPG,Blight,668,1,0.8944
Blight\Corn_Blight (57).jpg,Blight,669,1,0.9174
Blight\Corn_Blight (570).JPG,Blight,670,1,0.929
Blight\Corn_Blight (571).JPG,Blight,671,1,0.9282
Blight\Corn_Blight (572).JPG,Blight,672,1,0.9109
Blight\Corn_Blight (573).JPG,Blight,673,1,0.8898
Blight\Corn_Blight (574).JPG,Blight,674,1,0.9258
Blight\Corn_Blight (575).JPG,Blight,675,1,0.9312
Blight\Corn_Blight (576).JPG,Blight,676,1,0.9366
Blight\Corn_Blight (577).JPG,Blight,677,1,0.9205
Blight\Corn_Blight (578).JPG,Blight,678,1,0.903
Blight\Corn_Blight (579).JPG,Blight,679,2,0.9502
Blight\Corn_Blight (58).jpg,Blight,680,1,0.9045
Blight\Corn_Blight (580).jpg,Blight,681,1,0.8135
Blight\Corn_Blight (581).JPG,Blight,682,1,0.8783
Blight\Corn_Blight (582).jpg,Blight,683,1,0.9174
Blight\Corn_Blight (583).JPG,Blight,684,1,0.8825
Blight\Corn_Blight (584).JPG,Blight,685,1,0.9352
Blight\Corn_Blight (585).JPG,Blight,686,1,0.8794
Blight\Corn_Blight (586).JPG,Blight,687,1,0.8789
Blight\Corn_Blight (587).JPG,Blight,688,1,0.9306
Blight\Corn_Blight (588).JPG,Blight,689,1,0.9127
Blight\Corn_Blight (589).JPG,Blight,690,1,0.9207
Blight\Corn_Blight (59).jpg,Blight,691,1,0.7417
Blight\Corn_Blight (590).JPG,Blight,692,1,0.7881
Blight\Corn_Blight (591).jpg,Blight,742,2,0.9879
Blight\Corn_Blight (592).JPG,Blight,694,1,0.9241
Blight\Corn_Blight (593).JPG,Blight,695,1,0.9274
Blight\Corn_Blight (594).JPG,Blight,696,1,0.8689
Blight\Corn_Blight (595).JPG,Blight,697,1,0.9164
Blight\Corn_Blight (596).JPG,Blight,698,1,0.9109
Blight\Corn_Blight (597).jpg,Blight,699,1,0.861
Blight\Corn_Blight (598).JPG,Blight,700,1,0.9056
Blight\Corn_Blight (599).JPG,Blight,701,1,0.9398
Blight\Corn_Blight (6).jpg,Blight,702,1,0.8039
Blight\Corn_Blight (60).jpg,Blight,703,2,0.9593
Blight\Corn_Blight (600).jpg,Blight,704,1,0.9076
Blight\Corn_Blight (601).jpg,Blight,705,1,0.9029
Blight\Corn_Blight (602).JPG,Blight,706,1,0.9174
Blight\Corn_Blight (603).JPG,Blight,707,1,0.8787
Blight\Corn_Blight (604).JPG,Blight,708,1,0.9225
Blight\Corn_Blight (605).JPG,Blight,709,1,0.9308
Blight\Corn_Blight (606).JPG,Blight,710,1,0.9366
Blight\Corn_Blight (607).JPG,Blight,711,1,0.916
Blight\Corn_Blight (608).JPG,Blight,712,1,0.9187
Blight\Corn_Blight (609).JPG,Blight,713,1,0.8433
Blight\Corn_Blight (61).jpg,Blight,714,1,0.8124
Blight\Corn_Blight (610).JPG,Blight,715,1,0.9097
Blight\Corn_Blight (611).JPG,Blight,716,1,0.895
Blight\Corn_Blight (612).JPG,Blight,717,1,0.8931
Blight\Corn_Blight (613).JPG,Blight,718,1,0.9432
Blight\Corn_Blight (614).JPG,Blight,719,1,0.9354
Blight\Corn_Blight (615).JPG,Blight,889,2,0.9578
Blight\Corn_Blight (616).JPG,Blight,721,1,0.9375
Blight\Corn_Blight (617).JPG,Blight,722,1,0.7253
Blight\Corn_Blight (618).JPG,Blight,723,1,0.9125
Blight\Corn_Blight (619).JPG,Blight,724,1,0.9246
Blight\Corn_Blight (62).jpg,Blight,725,2,0.9384
Blight\Corn_Blight (620).JPG,Blight,726,2,0.9714
Blight\Corn_Blight (621).JPG,Blight,727,1,0.8855
Blight\Corn_Blight (622).JPG,Blight,728,1,0.914
Blight\Corn_Blight (623).JPG,Blight,729,1,0.9298
Blight\Corn_Blight (624).JPG,Blight,730,1,0.9403
Blight\Corn_Blight (625).JPG,Blight,731,1,0.8995
Blight\Corn_Blight (626).JPG,Blight,732,1,0.939
Blight\Corn_Blight (627).JPG,Blight,733,1,0.9117
Blight\Corn_Blight (628).JPG,Blight,734,1,0.9168
Blight\Corn_Blight (629).JPG,Blight,735,1,0.9255
Blight\Corn_Blight (63).jpg,Blight,736,1,0.8984
Blight\Corn_Blight (630).JPG,Blight,737,1,0.9342
Blight\Corn_Blight (631).JPG,Blight,738,1,0.9011
Blight\Corn_Blight (632).JPG,Blight,739,1,0.7975
Blight\Corn_Blight (633).JPG,Blight,912,2,0.9683
Blight\Corn_Blight (634).JPG,Blight,741,1,0.8637
Blight\Corn_Blight (635).JPG,Blight,742,2,0.9879
Blight\Corn_Blight (636).jpg,Blight,743,1,0.8885
Blight\Corn_Blight (637).JPG,Blight,744,1,0.9153
Blight\Corn_Blight (638).jpg,Blight,745,1,0.9066
Blight\Corn_Blight (639).JPG,Blight,746,1,0.8718
Blight\Corn_Blight (64).jpg,Blight,747,1,0.8588
Blight\Corn_Blight (640).JPG,Blight,748,1,0.9374
Blight\Corn_Blight (641).JPG,Blight,749,2,0.9564
Blight\Corn_Blight (642).JPG,Blight,750,1,0.8844
Blight\Corn_Blight (643).JPG,Blight,751,1,0.9441
Blight\Corn_Blight (644).JPG,Blight,752,1,0.8968
Blight\Corn_Blight (645).JPG,Blight,753,1,0.9244
Blight\Corn_Blight (646).jpg,Blight,754,1,0.7641
Blight\Corn_Blight (647).JPG,Blight,755,1,0.864
Blight\Corn_Blight (648).JPG,Blight,756,1,0.8941
Blight\Corn_Blight (649).JPG,Blight,757,1,0.8824
Blight\Corn_Blight (65).jpg,Blight,758,1,0.8879
Blight\Corn_Blight (650).jpg,Blight,759,1,0.9441
Blight\Corn_Blight (651).JPG,Blight,760,1,0.9107
Blight\Corn_Blight (652).JPG,Blight,761,1,0.9079
Blight\Corn_Blight (653).JPG,Blight,762,1,0.9095
Blight\Corn_Blight (654).JPG,Blight,763,1,0.9128
Blight\Corn_Blight (655).jpg,Blight,764,1,0.8956
Blight\Corn_Blight (656).JPG,Blight,765,1,0.9046
Blight\Corn_Blight (657).JPG,Blight,766,1,0.897
Blight\Corn_Blight (658).JPG,Blight,767,1,0.9138
Blight\Corn_Blight (659).JPG,Blight,768,1,0.9446
Blight\Corn_Blight (66).jpg,Blight,769,1,0.8483
Blight\Corn_Blight (660).JPG,Blight,770,1,0.912
Blight\Corn_Blight (661).jpg,Blight,915,4,0.989
Blight\Corn_Blight (662).JPG,Blight,772,1,0.923
Blight\Corn_Blight (663).JPG,Blight,773,1,0.931
Blight\Corn_Blight (664).JPG,Blight,774,1,0.8821
Blight\Corn_Blight (665).JPG,Blight,775,1,0.8964
Blight\Corn_Blight (666).JPG,Blight,776,1,0.883
Blight\Corn_Blight (667).JPG,Blight,777,1,0.9072
Blight\Corn_Blight (668).JPG,Blight,778,1,0.8935
Blight\Corn_Blight (669).JPG,Blight,779,1,0.9131
Blight\Corn_Blight (67).jpg,Blight,780,1,0.8628
Blight\Corn_Blight (670).JPG,Blight,781,1,0.9388
Blight\Corn_Blight (671).JPG,Blight,782,1,0.8897
Blight\Corn_Blight (672).JPG,Blight,783,1,0.9194
Blight\Corn_Blight (673).JPG,Blight,784,1,0.9367
Blight\Corn_Blight (674).JPG,Blight,785,1,0.9239
Blight\Corn_Blight (675).JPG,Blight,786,1,0.9029
Blight\Corn_Blight (676).JPG,Blight,787,1,0.7963
Blight\Corn_Blight (677).jpg,Blight,788,1,0.8837
Blight\Corn_Blight (678).jpg,Blight,789,2,0.9701
Blight\Corn_Blight (679).JPG,Blight,961,2,0.9667
Blight\Corn_Blight (68).jpg,Blight,791,1,0.8302
Blight\Corn_Blight (680).JPG,Blight,792,1,0.8971
Blight\Corn_Blight (681).JPG,Blight,793,1,0.9022
Blight\Corn_Blight (682).JPG,Blight,794,1,0.9423
Blight\Corn_Blight (683).JPG,Blight,795,1,0.854
Blight\Corn_Blight (684).JPG,Blight,796,1,0.9347
Blight\Corn_Blight (685).JPG,Blight,797,1,0.8966
Blight\Corn_Blight (686).JPG,Blight,798,1,0.9094
Blight\Corn_Blight (687).JPG,Blight,799,1,0.9298
Blight\Corn_Blight (688).JPG,Blight,800,1,0.923
Blight\Corn_Blight (689).JPG,Blight,801,1,0.9195
Blight\Corn_Blight (69).jpg,Blight,802,1,0.7602
Blight\Corn_Blight (690).JPG,Blight,803,1,0.8795
Blight\Corn_Blight (691).JPG,Blight,804,1,0.9226
Blight\Corn_Blight (692).JPG,Blight,805,1,0.8331
Blight\Corn_Blight (693).JPG,Blight,806,1,0.9252
Blight\Corn_Blight (694).JPG,Blight,807,1,0.8703
Blight\Corn_Blight (695).JPG,Blight,808,1,0.9344
Blight\Corn_Blight (696).JPG,Blight,809,1,0.9051
Blight\Corn_Blight (697).JPG,Blight,810,1,0.9245
Blight\Corn_Blight (698).JPG,Blight,811,1,0.9073
Blight\Corn_Blight (699).JPG,Blight,812,1,0.8966
Blight\Corn_Blight (7).jpg,Blight,813,1,0.8994
Blight\Corn_Blight (70).jpg,Blight,814,1,0.867
Blight\Corn_Blight (700).JPG,Blight,815,1,0.9171
Blight\Corn_Blight (701).JPG,Blight,816,1,0.8947
Blight\Corn_Blight (702).JPG,Blight,817,1,0.9144
Blight\Corn_Blight (703).jpg,Blight,818,1,0.9031
Blight\Corn_Blight (704).JPG,Blight,819,1,0.9103
Blight\Corn_Blight (705).JPG,Blight,820,1,0.9128
Blight\Corn_Blight (706).JPG,Blight,821,1,0.9416
Blight\Corn_Blight (707).JPG,Blight,822,1,0.9255
Blight\Corn_Blight (708).JPG,Blight,823,2,0.9537
Blight\Corn_Blight (709).jpg,Blight,824,1,0.9361
Blight\Corn_Blight (71).jpg,Blight,825,1,0.8652
Blight\Corn_Blight (710).JPG,Blight,826,1,0.9017
Blight\Corn_Blight (711).JPG,Blight,827,1,0.925
Blight\Corn_Blight (712).JPG,Blight,828,1,0.9352
Blight\Corn_Blight (713).jpg,Blight,829,1,0.9133
Blight\Corn_Blight (714).JPG,Blight,830,1,0.8976
Blight\Corn_Blight (715).JPG,Blight,831,1,0.879
Blight\Corn_Blight (716).JPG,Blight,832,1,0.8176
Blight\Corn_Blight (717).JPG,Blight,833,1,0.9146
Blight\Corn_Blight (718).jpg,Blight,834,1,0.9455
Blight\Corn_Blight (719).JPG,Blight,835,1,0.8805
Blight\Corn_Blight (72).jpg,Blight,836,1,0.8513
Blight\Corn_Blight (720).jpg,Blight,837,1,0.9299
Blight\Corn_Blight (721).JPG,Blight,838,1,0.8996
Blight\Corn_Blight (722).JPG,Blight,839,2,0.9637
Blight\Corn_Blight (723).jpg,Blight,840,1,0.857
Blight\Corn_Blight (724).JPG,Blight,841,2,0.9636
Blight\Corn_Blight (725).JPG,Blight,842,1,0.9124
Blight\Corn_Blight (726).JPG,Blight,843,1,0.8816
Blight\Corn_Blight (727).JPG,Blight,844,1,0.8033
Blight\Corn_Blight (728).JPG,Blight,845,1,0.9109
Blight\Corn_Blight (729).JPG,Blight,846,1,0.8716
Blight\Corn_Blight (73).jpg,Blight,1942,2,0.9775
Blight\Corn_Blight (730).JPG,Blight,848,1,0.9313
Blight\Corn_Blight (731).JPG,Blight,849,1,0.8804
Blight\Corn_Blight (732).JPG,Blight,850,1,0.9259
Blight\Corn_Blight (733).JPG,Blight,851,1,0.8984
Blight\Corn_Blight (734).JPG,Blight,852,1,0.938
Blight\Corn_Blight (735).jpg,Blight,853,2,0.9775
Blight\Corn_Blight (736).JPG,Blight,854,1,0.9495
Blight\Corn_Blight (737).JPG,Blight,855,1,0.9411
Blight\Corn_Blight (738).JPG,Blight,856,1,0.9153
Blight\Corn_Blight (739).JPG,Blight,857,1,0.8617
Blight\Corn_Blight (74).jpg,Blight,858,2,0.9724
Blight\Corn_Blight (740).JPG,Blight,859,1,0.927
Blight\Corn_Blight (741).JPG,Blight,860,1,0.8726
Blight\Corn_Blight (742).JPG,Blight,861,1,0.9054
Blight\Corn_Blight (743).jpg,Blight,862,1,0.8715
Blight\Corn_Blight (744).JPG,Blight,863,1,0.9451
Blight\Corn_Blight (745).JPG,Blight,864,1,0.9356
Blight\Corn_Blight (746).JPG,Blight,865,1,0.8833
Blight\Corn_Blight (747).JPG,Blight,866,1,0.938
Blight\Corn_Blight (748).JPG,Blight,867,1,0.931
Blight\Corn_Blight (749).JPG,Blight,868,1,0.9125
Blight\Corn_Blight (75).jpg,Blight,869,1,0.9123
Blight\Corn_Blight (750).JPG,Blight,870,1,0.8169
Blight\Corn_Blight (751).JPG,Blight,871,1,0.9008
Blight\Corn_Blight (752).JPG,Blight,872,1,0.9204
Blight\Corn_Blight (753).JPG,Blight,873,1,0.9089
Blight\Corn_Blight (754).jpg,Blight,874,1,0.7257
Blight\Corn_Blight (755).JPG,Blight,875,1,0.905
Blight\Corn_Blight (756).JPG,Blight,876,2,0.9726
Blight\Corn_Blight (757).JPG,Blight,877,1,0.9062
Blight\Corn_Blight (758).JPG,Blight,878,1,0.9448
Blight\Corn_Blight (759).JPG,Blight,879,1,0.9191
Blight\Corn_Blight (76).jpg,Blight,880,1,0.9085
Blight\Corn_Blight (760).JPG,Blight,881,1,0.9156
Blight\Corn_Blight (761).JPG,Blight,882,1,0.9367
Blight\Corn_Blight (762).JPG,Blight,883,1,0.8992
Blight\Corn_Blight (763).JPG,Blight,884,1,0.9021
Blight\Corn_Blight (764).JPG,Blight,885,1,0.8991
Blight\Corn_Blight (765).JPG,Blight,886,1,0.9056
Blight\Corn_Blight (766).JPG,Blight,887,1,0.8601
Blight\Corn_Blight (767).JPG,Blight,888,1,0.9311
Blight\Corn_Blight (768).JPG,Blight,889,2,0.9578
Blight\Corn_Blight (769).JPG,Blight,890,1,0.9454
Blight\Corn_Blight (77).jpg,Blight,2552,2,1.0
Blight\Corn_Blight (770).JPG,Blight,892,1,0.893
Blight\Corn_Blight (771).JPG,Blight,893,1,0.9129
Blight\Corn_Blight (772).JPG,Blight,894,1,0.9492
Blight\Corn_Blight (773).JPG,Blight,895,1,0.9144
Blight\Corn_Blight (774).JPG,Blight,896,1,0.9088
Blight\Corn_Blight (775).JPG,Blight,897,1,0.9496
Blight\Corn_Blight (776).JPG,Blight,898,1,0.9249
Blight\Corn_Blight (777).JPG,Blight,899,1,0.9193
Blight\Corn_Blight (778).JPG,Blight,900,1,0.9083
Blight\Corn_Blight (779).JPG,Blight,901,1,0.9026
Blight\Corn_Blight (78).jpg,Blight,902,1,0.9241
Blight\Corn_Blight (780).JPG,Blight,903,1,0.8406
Blight\Corn_Blight (781).JPG,Blight,904,1,0.79
Blight\Corn_Blight (782).JPG,Blight,905,1,0.9061
Blight\Corn_Blight (783).JPG,Blight,906,1,0.9234
Blight\Corn_Blight (784).jpg,Blight,907,1,0.9104
Blight\Corn_Blight (785).JPG,Blight,908,1,0.8992
Blight\Corn_Blight (786).JPG,Blight,909,1,0.9078
Blight\Corn_Blight (787).JPG,Blight,910,1,0.8885
Blight\Corn_Blight (788).JPG,Blight,915,4,0.9601
Blight\Corn_Blight (789).JPG,Blight,912,2,0.9683
Blight\Corn_Blight (79).jpg,Blight,913,1,0.8777
Blight\Corn_Blight (790).JPG,Blight,914,1,0.8244
Blight\Corn_Blight (791).JPG,Blight,915,4,0.989
Blight\Corn_Blight (792).JPG,Blight,916,1,0.9207
Blight\Corn_Blight (793).JPG,Blight,917,1,0.9017
Blight\Corn_Blight (794).JPG,Blight,918,1,0.9121
Blight\Corn_Blight (795).JPG,Blight,919,1,0.9202
Blight\Corn_Blight (796).JPG,Blight,920,1,0.8713
Blight\Corn_Blight (797).jpg,Blight,921,1,0.9416
Blight\Corn_Blight (798).JPG,Blight,922,1,0.9448
Blight\Corn_Blight (799).JPG,Blight,923,1,0.7499
Blight\Corn_Blight (8).jpg,Blight,924,1,0.8826
Blight\Corn_Blight (80).jpg,Blight,925,1,0.9086
Blight\Corn_Blight (800).JPG,Blight,926,1,0.8739
Blight\Corn_Blight (801).JPG,Blight,927,1,0.9488
Blight\Corn_Blight (802).JPG,Blight,928,1,0.9406
Blight\Corn_Blight (803).JPG,Blight,929,1,0.9486
Blight\Corn_Blight (804).JPG,Blight,930,1,0.9311
Blight\Corn_Blight (805).JPG,Blight,931,1,0.8922
Blight\Corn_Blight (806).JPG,Blight,932,1,0.8919
Blight\Corn_Blight (807).JPG,Blight,933,2,0.9736
Blight\Corn_Blight (808).JPG,Blight,934,1,0.9374
Blight\Corn_Blight (809).JPG,Blight,935,1,0.8929
Blight\Corn_Blight (81).jpg,Blight,936,1,0.8894
Blight\Corn_Blight (810).JPG,Blight,937,1,0.9102
Blight\Corn_Blight (811).JPG,Blight,938,1,0.8904
Blight\Corn_Blight (812).JPG,Blight,939,1,0.9432
Blight\Corn_Blight (813).JPG,Blight,940,1,0.9288
Blight\Corn_Blight (814).JPG,Blight,941,1,0.8717
Blight\Corn_Blight (815).JPG,Blight,942,1,0.8761
Blight\Corn_Blight (816).JPG,Blight,943,1,0.9152
Blight\Corn_Blight (817).JPG,Blight,944,1,0.9467
Blight\Corn_Blight (818).JPG,Blight,945,1,0.929
Blight\Corn_Blight (819).JPG,Blight,946,1,0.9447
Blight\Corn_Blight (82).jpg,Blight,947,1,0.8266
Blight\Corn_Blight (820).jpg,Blight,948,1,0.6261
Blight\Corn_Blight (821).JPG,Blight,949,1,0.9103
Blight\Corn_Blight (822).JPG,Blight,950,1,0.8631
Blight\Corn_Blight (823).JPG,Blight,951,1,0.8897
Blight\Corn_Blight (824).JPG,Blight,952,1,0.8515
Blight\Corn_Blight (825).JPG,Blight,953,1,0.9249
Blight\Corn_Blight (826).JPG,Blight,954,1,0.9415
Blight\Corn_Blight (827).JPG,Blight,955,1,0.8961
Blight\Corn_Blight (828).JPG,Blight,956,1,0.8806
Blight\Corn_Blight (829).JPG,Blight,957,1,0.8896
Blight\Corn_Blight (83).jpg,Blight,958,1,0.9174
Blight\Corn_Blight (830).jpg,Blight,959,1,0.8248
Blight\Corn_Blight (831).jpg,Blight,960,2,0.9563
Blight\Corn_Blight (832).JPG,Blight,961,2,0.9667
Blight\Corn_Blight (833).JPG,Blight,962,1,0.8748
Blight\Corn_Blight (834).JPG,Blight,963,1,0.923
Blight\Corn_Blight (835).JPG,Blight,964,1,0.9095
Blight\Corn_Blight (836).JPG,Blight,965,1,0.922
Blight\Corn_Blight (837).JPG,Blight,966,1,0.9497
Blight\Corn_Blight (838).JPG,Blight,967,1,0.9058
Blight\Corn_Blight (839).JPG,Blight,968,1,0.8969
Blight\Corn_Blight (84).jpg,Blight,969,1,0.9013
Blight\Corn_Blight (840).JPG,Blight,970,1,0.9083
Blight\Corn_Blight (841).JPG,Blight,971,1,0.9194
Blight\Corn_Blight (842).JPG,Blight,972,1,0.8817
Blight\Corn_Blight (843).JPG,Blight,973,1,0.8436
Blight\Corn_Blight (844).JPG,Blight,974,1,0.9025
Blight\Corn_Blight (845).JPG,Blight,975,1,0.8992
Blight\Corn_Blight (846).jpg,Blight,976,1,0.8944
Blight\Corn_Blight (847).JPG,Blight,977,1,0.8487
Blight\Corn_Blight (848).JPG,Blight,978,1,0.8608
Blight\Corn_Blight (849).JPG,Blight,979,1,0.9284
Blight\Corn_Blight (85).jpg,Blight,980,1,0.8838
Blight\Corn_Blight (850).JPG,Blight,981,1,0.9104
Blight\Corn_Blight (851).jpg,Blight,982,3,0.9613
Blight\Corn_Blight (852).JPG,Blight,983,1,0.885
Blight\Corn_Blight (853).jpg,Blight,984,1,0.9399
Blight\Corn_Blight (854).JPG,Blight,985,1,0.9039
Blight\Corn_Blight (855).JPG,Blight,986,1,0.9283
Blight\Corn_Blight (856).JPG,Blight,987,1,0.9202
Blight\Corn_Blight (857).JPG,Blight,988,1,0.8792
Blight\Corn_Blight (858).JPG,Blight,989,1,0.9299
Blight\Corn_Blight (859).JPG,Blight,990,1,0.9106
Blight\Corn_Blight (86).jpg,Blight,991,1,0.8889
Blight\Corn_Blight (860).JPG,Blight,992,1,0.8553
Blight\Corn_Blight (861).JPG,Blight,993,1,0.9397
Blight\Corn_Blight (862).JPG,Blight,994,1,0.9007
Blight\Corn_Blight (863).JPG,Blight,995,1,0.9367
Blight\Corn_Blight (864).JPG,Blight,996,1,0.9089
Blight\Corn_Blight (865).JPG,Blight,997,1,0.9217
Blight\Corn_Blight (866).JPG,Blight,998,1,0.9289
Blight\Corn_Blight (867).JPG,Blight,999,1,0.9125
Blight\Corn_Blight (868).JPG,Blight,1000,1,0.8815
Blight\Corn_Blight (869).JPG,Blight,1001,1,0.94
Blight\Corn_Blight (87).jpg,Blight,1002,1,0.9059
Blight\Corn_Blight (870).JPG,Blight,1003,1,0.8597
Blight\Corn_Blight (871).JPG,Blight,1004,1,0.8434
Blight\Corn_Blight (872).JPG,Blight,1005,1,0.9237
Blight\Corn_Blight (873).JPG,Blight,1006,1,0.898
Blight\Corn_Blight (874).JPG,Blight,1007,1,0.9447
Blight\Corn_Blight (875).JPG,Blight,1008,1,0.9032
Blight\Corn_Blight (876).jpg,Blight,1009,2,0.9645
Blight\Corn_Blight (877).jpg,Blight,1010,1,0.9177
Blight\Corn_Blight (878).JPG,Blight,1011,1,0.9203
Blight\Corn_Blight (879).JPG,Blight,1012,1,0.8942
Blight\Corn_Blight (88).jpg,Blight,1013,1,0.8561
Blight\Corn_Blight (880).JPG,Blight,1014,1,0.9011
Blight\Corn_Blight (881).JPG,Blight,1015,1,0.9345
Blight\Corn_Blight (882).JPG,Blight,1016,1,0.9189
Blight\Corn_Blight (883).JPG,Blight,1017,1,0.9042
Blight\Corn_Blight (884).JPG,Blight,1018,1,0.8743
Blight\Corn_Blight (885).JPG,Blight,1019,1,0.9236
Blight\Corn_Blight (886).JPG,Blight,1020,1,0.9224
Blight\Corn_Blight (887).JPG,Blight,1021,1,0.9467
Blight\Corn_Blight (888).JPG,Blight,1022,1,0.9457
Blight\Corn_Blight (889).JPG,Blight,1023,1,0.9234
Blight\Corn_Blight (89).jpg,Blight,1024,1,0.8336
Blight\Corn_Blight (890).jpg,Blight,1025,1,0.8712
Blight\Corn_Blight (891).JPG,Blight,1026,1,0.8643
Blight\Corn_Blight (892).JPG,Blight,1027,1,0.9342
Blight\Corn_Blight (893).JPG,Blight,1028,1,0.9227
Blight\Corn_Blight (894).JPG,Blight,1029,1,0.9122
Blight\Corn_Blight (895).JPG,Blight,1030,2,0.9518
Blight\Corn_Blight (896).JPG,Blight,1031,1,0.8739
Blight\Corn_Blight (897).JPG,Blight,1032,1,0.9108
Blight\Corn_Blight (898).jpg,Blight,1033,1,0.9055
Blight\Corn_Blight (899).JPG,Blight,1034,1,0.8995
Blight\Corn_Blight (9).jpg,Blight,1035,1,0.8987
Blight\Corn_Blight (90).jpg,Blight,1036,1,0.8556
Blight\Corn_Blight (900).JPG,Blight,1037,1,0.8367
Blight\Corn_Blight (901).jpg,Blight,1038,1,0.921
Blight\Corn_Blight (902).JPG,Blight,1039,1,0.9282
Blight\Corn_Blight (903).JPG,Blight,1040,1,0.8538
Blight\Corn_Blight (904).JPG,Blight,1041,1,0.9075
Blight\Corn_Blight (905).JPG,Blight,1042,2,0.9532
Blight\Corn_Blight (906).jpg,Blight,1043,1,0.9448
Blight\Corn_Blight (907).JPG,Blight,1044,1,0.9296
Blight\Corn_Blight (908).JPG,Blight,1045,1,0.9135
Blight\Corn_Blight (909).jpg,Blight,1046,1,0.8227
Blight\Corn_Blight (91).jpg,Blight,1047,1,0.9176
Blight\Corn_Blight (910).JPG,Blight,1048,1,0.9194
Blight\Corn_Blight (911).JPG,Blight,1049,1,0.931
Blight\Corn_Blight (912).JPG,Blight,1107,2,0.954
Blight\Corn_Blight (913).jpg,Blight,1051,1,0.8769
Blight\Corn_Blight (914).JPG,Blight,1052,1,0.9361
Blight\Corn_Blight (915).jpg,Blight,1053,1,0.9345
Blight\Corn_Blight (916).JPG,Blight,1054,1,0.8929
Blight\Corn_Blight (917).JPG,Blight,1055,1,0.853
Blight\Corn_Blight (918).JPG,Blight,1056,1,0.9472
Blight\Corn_Blight (919).JPG,Blight,1057,1,0.9207
Blight\Corn_Blight (92).jpg,Blight,1058,1,0.8312
Blight\Corn_Blight (920).JPG,Blight,1059,1,0.886
Blight\Corn_Blight (921).JPG,Blight,1060,1,0.9075
Blight\Corn_Blight (922).JPG,Blight,1061,1,0.8598
Blight\Corn_Blight (923).JPG,Blight,1062,1,0.8878
Blight\Corn_Blight (924).JPG,Blight,1063,1,0.9472
Blight\Corn_Blight (925).JPG,Blight,1064,1,0.9455
Blight\Corn_Blight (926).jpg,Blight,1065,1,0.8491
Blight\Corn_Blight (927).JPG,Blight,1066,1,0.9429
Blight\Corn_Blight (928).jpg,Blight,1067,1,0.9144
Blight\Corn_Blight (929).JPG,Blight,1068,1,0.9056
Blight\Corn_Blight (93).jpg,Blight,1069,1,0.857
Blight\Corn_Blight (930).JPG,Blight,1070,1,0.9054
Blight\Corn_Blight (931).JPG,Blight,1071,1,0.9231
Blight\Corn_Blight (932).JPG,Blight,1072,1,0.9305
Blight\Corn_Blight (933).jpg,Blight,1073,1,0.8812
Blight\Corn_Blight (934).JPG,Blight,1074,1,0.9352
Blight\Corn_Blight (935).JPG,Blight,1075,1,0.8602
Blight\Corn_Blight (936).JPG,Blight,1076,1,0.8914
Blight\Corn_Blight (937).JPG,Blight,1077,1,0.9104
Blight\Corn_Blight (938).JPG,Blight,1078,1,0.87
Blight\Corn_Blight (939).JPG,Blight,1079,1,0.9124
Blight\Corn_Blight (94).jpg,Blight,1080,1,0.8824
Blight\Corn_Blight (940).JPG,Blight,1081,1,0.8999
Blight\Corn_Blight (941).JPG,Blight,1082,1,0.8767
Blight\Corn_Blight (942).JPG,Blight,1083,1,0.9188
Blight\Corn_Blight (943).JPG,Blight,1084,1,0.9014
Blight\Corn_Blight (944).JPG,Blight,1085,1,0.8062
Blight\Corn_Blight (945).JPG,Blight,1086,1,0.8981
Blight\Corn_Blight (946).JPG,Blight,1087,1,0.9223
Blight\Corn_Blight (947).JPG,Blight,1088,1,0.8715
Blight\Corn_Blight (948).JPG,Blight,1089,1,0.8525
Blight\Corn_Blight (949).JPG,Blight,1090,1,0.9067
Blight\Corn_Blight (95).jpg,Blight,1091,1,0.8469
Blight\Corn_Blight (950).JPG,Blight,1092,1,0.9335
Blight\Corn_Blight (951).JPG,Blight,1093,1,0.8783
Blight\Corn_Blight (952).JPG,Blight,1094,1,0.9415
Blight\Corn_Blight (953).JPG,Blight,1095,1,0.9478
Blight\Corn_Blight (954).JPG,Blight,1096,1,0.9198
Blight\Corn_Blight (955).JPG,Blight,1097,2,0.9565
Blight\Corn_Blight (956).JPG,Blight,1098,1,0.9223
Blight\Corn_Blight (957).jpg,Blight,1099,1,0.8909
Blight\Corn_Blight (958).JPG,Blight,1100,1,0.9202
Blight\Corn_Blight (959).jpg,Blight,1101,1,0.9152
Blight\Corn_Blight (96).jpg,Blight,1102,1,0.8906
Blight\Corn_Blight (960).jpg,Blight,1103,1,0.8769
Blight\Corn_Blight (961).JPG,Blight,1104,1,0.9151
Blight\Corn_Blight (962).JPG,Blight,1105,1,0.8875
Blight\Corn_Blight (963).JPG,Blight,1106,1,0.9452
Blight\Corn_Blight (964).JPG,Blight,1107,2,0.954
Blight\Corn_Blight (965).JPG,Blight,1108,1,0.9411
Blight\Corn_Blight (966).jpg,Blight,1109,3,0.9519
Blight\Corn_Blight (967).JPG,Blight,1110,1,0.893
Blight\Corn_Blight (968).jpg,Blight,1111,1,0.9188
Blight\Corn_Blight (969).JPG,Blight,1112,1,0.9306
Blight\Corn_Blight (97).jpg,Blight,1113,1,0.833
Blight\Corn_Blight (970).JPG,Blight,1114,1,0.9103
Blight\Corn_Blight (971).JPG,Blight,1115,2,0.9806
Blight\Corn_Blight (972).JPG,Blight,1116,1,0.9164
Blight\Corn_Blight (973).jpg,Blight,1117,1,0.8528
Blight\Corn_Blight (974).JPG,Blight,1118,1,0.934
Blight\Corn_Blight (975).JPG,Blight,1119,1,0.9111
Blight\Corn_Blight (976).JPG,Blight,1120,1,0.7816
Blight\Corn_Blight (977).JPG,Blight,1121,1,0.88
Blight\Corn_Blight (978).jpg,Blight,1122,1,0.9243
Blight\Corn_Blight (979).JPG,Blight,1123,1,0.8965
Blight\Corn_Blight (98).jpg,Blight,1124,1,0.8156
Blight\Corn_Blight (980).JPG,Blight,1125,1,0.9137
Blight\Corn_Blight (981).JPG,Blight,1126,1,0.923
Blight\Corn_Blight (982).JPG,Blight,1127,1,0.9204
Blight\Corn_Blight (983).jpg,Blight,1128,1,0.8815
Blight\Corn_Blight (984).JPG,Blight,1129,1,0.9164
Blight\Corn_Blight (985).JPG,Blight,1130,1,0.905
Blight\Corn_Blight (986).JPG,Blight,1131,1,0.9296
Blight\Corn_Blight (987).JPG,Blight,1132,1,0.9244
Blight\Corn_Blight (988).JPG,Blight,1133,1,0.9173
Blight\Corn_Blight (989).JPG,Blight,1134,1,0.9357
Blight\Corn_Blight (99).jpg,Blight,1135,1,0.9391
Blight\Corn_Blight (990).jpg,Blight,1136,1,0.822
Blight\Corn_Blight (991).JPG,Blight,1137,1,0.9403
Blight\Corn_Blight (992).JPG,Blight,1138,1,0.9402
Blight\Corn_Blight (993).JPG,Blight,1139,1,0.9069
Blight\Corn_Blight (994).JPG,Blight,1140,1,0.8739
Blight\Corn_Blight (995).JPG,Blight,1141,1,0.906
Blight\Corn_Blight (996).JPG,Blight,1142,1,0.8864
Blight\Corn_Blight (997).JPG,Blight,1143,1,0.9414
Blight\Corn_Blight (998).JPG,Blight,1144,1,0.9031
Blight\Corn_Blight (999).JPG,Blight,1145,1,0.922
Common_Rust\Corn_Common_Rust (1).jpg,Common_Rust,1146,1,0.7795
Common_Rust\Corn_Common_Rust (10).jpg,Common_Rust,1147,1,0.8672
Common_Rust\Corn_Common_Rust (100).JPG,Common_Rust,1148,1,0.8628
Common_Rust\Corn_Common_Rust (1000).JPG,Common_Rust,1149,1,0.926
Common_Rust\Corn_Common_Rust (1001).JPG,Common_Rust,1150,1,0.9219
Common_Rust\Corn_Common_Rust (1002).JPG,Common_Rust,1151,1,0.9345
Common_Rust\Corn_Common_Rust (1003).JPG,Common_Rust,1152,1,0.8962
Common_Rust\Corn_Common_Rust (1004).JPG,Common_Rust,1153,1,0.9299
Common_Rust\Corn_Common_Rust (1005).JPG,Common_Rust,1154,1,0.9195
Common_Rust\Corn_Common_Rust (1006).JPG,Common_Rust,1155,1,0.9397
Common_Rust\Corn_Common_Rust (1007).JPG,Common_Rust,1156,1,0.9259
Common_Rust\Corn_Common_Rust (1008).JPG,Common_Rust,1157,1,0.9329
Common_Rust\Corn_Common_Rust (1009).JPG,Common_Rust,1158,1,0.927
Common_Rust\Corn_Common_Rust (101).JPG,Common_Rust,1159,1,0.8925
Common_Rust\Corn_Common_Rust (1010).JPG,Common_Rust,1160,1,0.9025
Common_Rust\Corn_Common_Rust (1011).JPG,Common_Rust,1161,1,0.9
Common_Rust\Corn_Common_Rust (1012).JPG,Common_Rust,1162,1,0.8033
Common_Rust\Corn_Common_Rust (1013).JPG,Common_Rust,1163,1,0.882
Common_Rust\Corn_Common_Rust (1014).JPG,Common_Rust,1164,1,0.882
Common_Rust\Corn_Common_Rust (1015).JPG,Common_Rust,1165,1,0.8968
Common_Rust\Corn_Common_Rust (1016).JPG,Common_Rust,1166,1,0.9042
Common_Rust\Corn_Common_Rust (1017).JPG,Common_Rust,1167,1,0.935
Common_Rust\Corn_Common_Rust (1018).JPG,Common_Rust,1168,1,0.9094
Common_Rust\Corn_Common_Rust (1019).JPG,Common_Rust,1169,1,0.9094
Common_Rust\Corn_Common_Rust (102).JPG,Common_Rust,1170,1,0.8541
Common_Rust\Corn_Common_Rust (1020).JPG,Common_Rust,1171,1,0.8931
Common_Rust\Corn_Common_Rust (1021).JPG,Common_Rust,1172,1,0.8897
Common_Rust\Corn_Common_Rust (1022).JPG,Common_Rust,1173,1,0.8951
Common_Rust\Corn_Common_Rust (1023).JPG,Common_Rust,1174,1,0.8235
Common_Rust\Corn_Common_Rust (1024).JPG,Common_Rust,1175,1,0.9378
Common_Rust\Corn_Common_Rust (1025).JPG,Common_Rust,1176,1,0.9314
Common_Rust\Corn_Common_Rust (1026).JPG,Common_Rust,1177,1,0.8898
Common_Rust\Corn_Common_Rust (1027).JPG,Common_Rust,1178,1,0.9038
Common_Rust\Corn_Common_Rust (1028).JPG,Common_Rust,1179,1,0.8873
Common_Rust\Corn_Common_Rust (1029).JPG,Common_Rust,1180,1,0.9081
Common_Rust\Corn_Common_Rust (103).JPG,Common_Rust,1181,1,0.9157
Common_Rust\Corn_Common_Rust (1030).JPG,Common_Rust,1182,1,0.936
Common_Rust\Corn_Common_Rust (1031).JPG,Common_Rust,1183,1,0.9057
Common_Rust\Corn_Common_Rust (1032).JPG,Common_Rust,1184,1,0.8914
Common_Rust\Corn_Common_Rust (1033).JPG,Common_Rust,1185,1,0.8942
Common_Rust\Corn_Common_Rust (1034).JPG,Common_Rust,1186,1,0.8608
Common_Rust\Corn_Common_Rust (1035).JPG,Common_Rust,1187,1,0.9241
Common_Rust\Corn_Common_Rust (1036).JPG,Common_Rust,1188,1,0.907
Common_Rust\Corn_Common_Rust (1037).JPG,Common_Rust,1189,1,0.9352
Common_Rust\Corn_Common_Rust (1038).JPG,Common_Rust,1190,1,0.9121
Common_Rust\Corn_Common_Rust (1039).JPG,Common_Rust,1191,1,0.914
Common_Rust\Corn_Common_Rust (104).JPG,Common_Rust,1192,1,0.8372
Common_Rust\Corn_Common_Rust (1040).JPG,Common_Rust,1193,1,0.9075
Common_Rust\Corn_Common_Rust (1041).JPG,Common_Rust,1194,1,0.8633
Common_Rust\Corn_Common_Rust (1042).JPG,Common_Rust,1195,1,0.8691
Common_Rust\Corn_Common_Rust (1043).JPG,Common_Rust,1196,1,0.9092
Common_Rust\Corn_Common_Rust (1044).JPG,Common_Rust,1197,1,0.9329
Common_Rust\Corn_Common_Rust (1045).JPG,Common_Rust,1198,1,0.86
Common_Rust\Corn_Common_Rust (1046).JPG,Common_Rust,1199,1,0.86
Common_Rust\Corn_Common_Rust (1047).JPG,Common_Rust,1200,1,0.9282
Common_Rust\Corn_Common_Rust (1048).JPG,Common_Rust,1201,1,0.9208
Common_Rust\Corn_Common_Rust (1049).JPG,Common_Rust,1202,1,0.9077
Common_Rust\Corn_Common_Rust (105).JPG,Common_Rust,1203,1,0.9005
Common_Rust\Corn_Common_Rust (1050).JPG,Common_Rust,1204,1,0.9043
Common_Rust\Corn_Common_Rust (1051).JPG,Common_Rust,1205,1,0.9012
Common_Rust\Corn_Common_Rust (1052).JPG,Common_Rust,1206,1,0.9095
Common_Rust\Corn_Common_Rust (1053).JPG,Common_Rust,1207,1,0.9132
Common_Rust\Corn_Common_Rust (1054).JPG,Common_Rust,1208,1,0.9169
Common_Rust\Corn_Common_Rust (1055).JPG,Common_Rust,1209,1,0.8862
Common_Rust\Corn_Common_Rust (1056).JPG,Common_Rust,1210,1,0.931
Common_Rust\Corn_Common_Rust (1057).JPG,Common_Rust,1211,1,0.8936
Common_Rust\Corn_Common_Rust (1058).JPG,Common_Rust,1212,1,0.8958
Common_Rust\Corn_Common_Rust (1059).JPG,Common_Rust,1213,1,0.8446
Common_Rust\Corn_Common_Rust (106).JPG,Common_Rust,1214,1,0.8866
Common_Rust\Corn_Common_Rust (1060).JPG,Common_Rust,1215,1,0.9171
Common_Rust\Corn_Common_Rust (1061).JPG,Common_Rust,1216,1,0.8933
Common_Rust\Corn_Common_Rust (1062).JPG,Common_Rust,1217,1,0.9
Common_Rust\Corn_Common_Rust (1063).JPG,Common_Rust,1218,1,0.8818
Common_Rust\Corn_Common_Rust (1064).JPG,Common_Rust,1219,1,0.9147
Common_Rust\Corn_Common_Rust (1065).JPG,Common_Rust,1220,1,0.878
Common_Rust\Corn_Common_Rust (1066).JPG,Common_Rust,1221,1,0.9288
Common_Rust\Corn_Common_Rust (1067).JPG,Common_Rust,1222,1,0.8786
Common_Rust\Corn_Common_Rust (1068).JPG,Common_Rust,1223,1,0.9214
Common_Rust\Corn_Common_Rust (1069).JPG,Common_Rust,1224,1,0.9416
Common_Rust\Corn_Common_Rust (107).JPG,Common_Rust,1225,1,0.9476
Common_Rust\Corn_Common_Rust (1070).JPG,Common_Rust,1226,1,0.9315
Common_Rust\Corn_Common_Rust (1071).JPG,Common_Rust,1227,1,0.8335
Common_Rust\Corn_Common_Rust (1072).JPG,Common_Rust,1228,1,0.9347
Common_Rust\Corn_Common_Rust (1073).JPG,Common_Rust,1229,1,0.9222
Common_Rust\Corn_Common_Rust (1074).JPG,Common_Rust,1230,1,0.9216
Common_Rust\Corn_Common_Rust (1075).JPG,Common_Rust,1231,1,0.9216
Common_Rust\Corn_Common_Rust (1076).JPG,Common_Rust,1232,1,0.9222
Common_Rust\Corn_Common_Rust (1077).JPG,Common_Rust,1233,1,0.8816
Common_Rust\Corn_Common_Rust (1078).JPG,Common_Rust,1234,1,0.9125
Common_Rust\Corn_Common_Rust (1079).JPG,Common_Rust,1235,1,0.9145
Common_Rust\Corn_Common_Rust (108).JPG,Common_Rust,1236,1,0.8833
Common_Rust\Corn_Common_Rust (1080).JPG,Common_Rust,1237,1,0.9046
Common_Rust\Corn_Common_Rust (1081).JPG,Common_Rust,1238,1,0.9206
Common_Rust\Corn_Common_Rust (1082).JPG,Common_Rust,1239,1,0.9211
Common_Rust\Corn_Common_Rust (1083).JPG,Common_Rust,1240,1,0.8873
Common_Rust\Corn_Common_Rust (1084).JPG,Common_Rust,1241,1,0.9152
Common_Rust\Corn_Common_Rust (1085).JPG,Common_Rust,1242,1,0.9088
Common_Rust\Corn_Common_Rust (1086).JPG,Common_Rust,1243,1,0.8767
Common_Rust\Corn_Common_Rust (1087).JPG,Common_Rust,1244,1,0.9469
Common_Rust\Corn_Common_Rust (1088).JPG,Common_Rust,1245,1,0.9215
Common_Rust\Corn_Common_Rust (1089).JPG,Common_Rust,1246,1,0.9065
Common_Rust\Corn_Common_Rust (109).JPG,Common_Rust,1247,1,0.8972
Common_Rust\Corn_Common_Rust (1090).JPG,Common_Rust,1248,1,0.8905
Common_Rust\Corn_Common_Rust (1091).JPG,Common_Rust,1249,1,0.9273
Common_Rust\Corn_Common_Rust (1092).JPG,Common_Rust,1250,1,0.9271
Common_Rust\Corn_Common_Rust (1093).JPG,Common_Rust,1251,1,0.9211
Common_Rust\Corn_Common_Rust (1094).JPG,Common_Rust,1252,1,0.88
Common_Rust\Corn_Common_Rust (1095).JPG,Common_Rust,1253,1,0.9137
Common_Rust\Corn_Common_Rust (1096).JPG,Common_Rust,1254,1,0.928
Common_Rust\Corn_Common_Rust (1097).JPG,Common_Rust,1255,1,0.8809
Common_Rust\Corn_Common_Rust (1098).JPG,Common_Rust,1256,1,0.9123
Common_Rust\Corn_Common_Rust (1099).JPG,Common_Rust,1257,1,0.9147
Common_Rust\Corn_Common_Rust (11).jpg,Common_Rust,1258,1,0.8298
Common_Rust\Corn_Common_Rust (110).JPG,Common_Rust,1259,1,0.8727
Common_Rust\Corn_Common_Rust (1100).JPG,Common_Rust,1260,1,0.9179
Common_Rust\Corn_Common_Rust (1101).JPG,Common_Rust,1261,1,0.8795
Common_Rust\Corn_Common_Rust (1102).JPG,Common_Rust,1262,1,0.9119
Common_Rust\Corn_Common_Rust (1103).JPG,Common_Rust,1263,1,0.92
Common_Rust\Corn_Common_Rust (1104).JPG,Common_Rust,1264,1,0.9377
Common_Rust\Corn_Common_Rust (1105).JPG,Common_Rust,1265,1,0.9195
Common_Rust\Corn_Common_Rust (1106).JPG,Common_Rust,1266,1,0.9108
Common_Rust\Corn_Common_Rust (1107).JPG,Common_Rust,1267,1,0.9398
Common_Rust\Corn_Common_Rust (1108).JPG,Common_Rust,1268,1,0.9159
Common_Rust\Corn_Common_Rust (1109).JPG,Common_Rust,1269,1,0.9099
Common_Rust\Corn_Common_Rust (111).JPG,Common_Rust,1270,1,0.9028
Common_Rust\Corn_Common_Rust (1110).JPG,Common_Rust,1271,1,0.9147
Common_Rust\Corn_Common_Rust (1111).JPG,Common_Rust,1272,1,0.9157
Common_Rust\Corn_Common_Rust (1112).JPG,Common_Rust,1273,1,0.9147
Common_Rust\Corn_Common_Rust (1113).JPG,Common_Rust,1274,1,0.9147
Common_Rust\Corn_Common_Rust (1114).JPG,Common_Rust,1275,1,0.8963
Common_Rust\Corn_Common_Rust (1115).JPG,Common_Rust,1276,1,0.8863
Common_Rust\Corn_Common_Rust (1116).JPG,Common_Rust,1277,1,0.878
Common_Rust\Corn_Common_Rust (1117).JPG,Common_Rust,1278,1,0.9169
Common_Rust\Corn_Common_Rust (1118).JPG,Common_Rust,1279,1,0.9226
Common_Rust\Corn_Common_Rust (1119).JPG,Common_Rust,1280,1,0.9226
Common_Rust\Corn_Common_Rust (112).JPG,Common_Rust,1281,1,0.9077
Common_Rust\Corn_Common_Rust (1120).JPG,Common_Rust,1282,1,0.8517
Common_Rust\Corn_Common_Rust (1121).JPG,Common_Rust,1283,1,0.8948
Common_Rust\Corn_Common_Rust (1122).JPG,Common_Rust,1284,1,0.9292
Common_Rust\Corn_Common_Rust (1123).JPG,Common_Rust,1285,1,0.7953
Common_Rust\Corn_Common_Rust (1124).JPG,Common_Rust,1286,1,0.8783
Common_Rust\Corn_Common_Rust (1125).JPG,Common_Rust,1287,1,0.9043
Common_Rust\Corn_Common_Rust (1126).JPG,Common_Rust,1288,1,0.8338
Common_Rust\Corn_Common_Rust (1127).JPG,Common_Rust,1289,1,0.8033
Common_Rust\Corn_Common_Rust (1128).JPG,Common_Rust,1290,1,0.913
Common_Rust\Corn_Common_Rust (1129).JPG,Common_Rust,1291,1,0.9308
Common_Rust\Corn_Common_Rust (113).JPG,Common_Rust,1292,1,0.9049
Common_Rust\Corn_Common_Rust (1130).JPG,Common_Rust,1293,1,0.9392
Common_Rust\Corn_Common_Rust (1131).JPG,Common_Rust,1294,1,0.8887
Common_Rust\Corn_Common_Rust (1132).JPG,Common_Rust,1295,1,0.9179
Common_Rust\Corn_Common_Rust (1133).JPG,Common_Rust,1296,1,0.9351
Common_Rust\Corn_Common_Rust (1134).JPG,Common_Rust,1297,1,0.9457
Common_Rust\Corn_Common_Rust (1135).JPG,Common_Rust,1298,1,0.946
Common_Rust\Corn_Common_Rust (1136).JPG,Common_Rust,1299,1,0.9158
Common_Rust\Corn_Common_Rust (1137).JPG,Common_Rust,1300,1,0.929
Common_Rust\Corn_Common_Rust (1138).JPG,Common_Rust,1301,1,0.9107
Common_Rust\Corn_Common_Rust (1139).JPG,Common_Rust,1302,1,0.842
Common_Rust\Corn_Common_Rust (114).JPG,Common_Rust,1303,1,0.9004
Common_Rust\Corn_Common_Rust (1140).JPG,Common_Rust,1304,1,0.9283
Common_Rust\Corn_Common_Rust (1141).JPG,Common_Rust,1305,1,0.9233
Common_Rust\Corn_Common_Rust (1142).JPG,Common_Rust,1306,1,0.9167
Common_Rust\Corn_Common_Rust (1143).JPG,Common_Rust,1307,1,0.9097
Common_Rust\Corn_Common_Rust (1144).JPG,Common_Rust,1308,1,0.887
Common_Rust\Corn_Common_Rust (1145).JPG,Common_Rust,1309,1,0.9016
Common_Rust\Corn_Common_Rust (1146).JPG,Common_Rust,1310,1,0.9243
Common_Rust\Corn_Common_Rust (1147).JPG,Common_Rust,1311,1,0.9381
Common_Rust\Corn_Common_Rust (1148).JPG,Common_Rust,1312,1,0.8896
Common_Rust\Corn_Common_Rust (1149).JPG,Common_Rust,1313,1,0.8844
Common_Rust\Corn_Common_Rust (115).JPG,Common_Rust,1314,1,0.9101
Common_Rust\Corn_Common_Rust (1150).JPG,Common_Rust,1315,1,0.9362
Common_Rust\Corn_Common_Rust (1151).JPG,Common_Rust,1316,1,0.9395
Common_Rust\Corn_Common_Rust (1152).JPG,Common_Rust,1317,1,0.8929
Common_Rust\Corn_Common_Rust (1153).JPG,Common_Rust,1318,1,0.9191
Common_Rust\Corn_Common_Rust (1154).JPG,Common_Rust,1319,1,0.8753
Common_Rust\Corn_Common_Rust (1155).JPG,Common_Rust,1320,1,0.9086
Common_Rust\Corn_Common_Rust (1156).JPG,Common_Rust,1321,1,0.9495
Common_Rust\Corn_Common_Rust (1157).JPG,Common_Rust,1322,1,0.9495
Common_Rust\Corn_Common_Rust (1158).JPG,Common_Rust,1323,1,0.92
Common_Rust\Corn_Common_Rust (1159).JPG,Common_Rust,1324,1,0.8831
Common_Rust\Corn_Common_Rust (116).JPG,Common_Rust,1325,1,0.8939
Common_Rust\Corn_Common_Rust (1160).JPG,Common_Rust,1326,1,0.9151
Common_Rust\Corn_Common_Rust (1161).JPG,Common_Rust,1327,1,0.8959
Common_Rust\Corn_Common_Rust (1162).JPG,Common_Rust,1328,1,0.8992
Common_Rust\Corn_Common_Rust (1163).JPG,Common_Rust,1329,1,0.9237
Common_Rust\Corn_Common_Rust (1164).JPG,Common_Rust,1330,1,0.9238
Common_Rust\Corn_Common_Rust (1165).JPG,Common_Rust,1331,1,0.9238
Common_Rust\Corn_Common_Rust (1166).JPG,Common_Rust,1332,1,0.9233
Common_Rust\Corn_Common_Rust (1167).JPG,Common_Rust,1333,1,0.9052
Common_Rust\Corn_Common_Rust (1168).JPG,Common_Rust,1334,1,0.9248
Common_Rust\Corn_Common_Rust (1169).JPG,Common_Rust,1335,1,0.9406
Common_Rust\Corn_Common_Rust (117).JPG,Common_Rust,1336,1,0.929
Common_Rust\Corn_Common_Rust (1170).JPG,Common_Rust,1337,1,0.886
Common_Rust\Corn_Common_Rust (1171).JPG,Common_Rust,1338,1,0.8709
Common_Rust\Corn_Common_Rust (1172).JPG,Common_Rust,1339,1,0.8644
Common_Rust\Corn_Common_Rust (1173).JPG,Common_Rust,1340,1,0.9283
Common_Rust\Corn_Common_Rust (1174).JPG,Common_Rust,1341,1,0.9329
Common_Rust\Corn_Common_Rust (1175).JPG,Common_Rust,1342,1,0.9158
Common_Rust\Corn_Common_Rust (1176).JPG,Common_Rust,1343,1,0.9246
Common_Rust\Corn_Common_Rust (1177).JPG,Common_Rust,1344,1,0.9139
Common_Rust\Corn_Common_Rust (1178).JPG,Common_Rust,1345,1,0.9319
Common_Rust\Corn_Common_Rust (1179).JPG,Common_Rust,1346,1,0.9165
Common_Rust\Corn_Common_Rust (118).JPG,Common_Rust,1347,1,0.9429
Common_Rust\Corn_Common_Rust (1180).JPG,Common_Rust,1348,1,0.9243
Common_Rust\Corn_Common_Rust (1181).JPG,Common_Rust,1349,1,0.8749
Common_Rust\Corn_Common_Rust (1182).JPG,Common_Rust,1350,1,0.9319
Common_Rust\Corn_Common_Rust (1183).JPG,Common_Rust,1351,1,0.9308
Common_Rust\Corn_Common_Rust (1184).JPG,Common_Rust,1352,1,0.878
Common_Rust\Corn_Common_Rust (1185).JPG,Common_Rust,1353,1,0.8878
Common_Rust\Corn_Common_Rust (1186).JPG,Common_Rust,1354,1,0.8895
Common_Rust\Corn_Common_Rust (1187).JPG,Common_Rust,1355,1,0.928
Common_Rust\Corn_Common_Rust (1188).JPG,Common_Rust,1356,1,0.9329
Common_Rust\Corn_Common_Rust (1189).JPG,Common_Rust,1357,1,0.9231
Common_Rust\Corn_Common_Rust (119).JPG,Common_Rust,1358,1,0.9243
Common_Rust\Corn_Common_Rust (1190).JPG,Common_Rust,1359,1,0.9214
Common_Rust\Corn_Common_Rust (1191).JPG,Common_Rust,1391,2,0.9533
Common_Rust\Corn_Common_Rust (1192).JPG,Common_Rust,1361,1,0.9077
Common_Rust\Corn_Common_Rust (1193).JPG,Common_Rust,1362,1,0.9141
Common_Rust\Corn_Common_Rust (1194).JPG,Common_Rust,1363,1,0.8909
Common_Rust\Corn_Common_Rust (1195).JPG,Common_Rust,1364,1,0.8734
Common_Rust\Corn_Common_Rust (1196).JPG,Common_Rust,1365,1,0.8617
Common_Rust\Corn_Common_Rust (1197).JPG,Common_Rust,1366,1,0.9115
Common_Rust\Corn_Common_Rust (1198).JPG,Common_Rust,1367,1,0.9214
Common_Rust\Corn_Common_Rust (1199).JPG,Common_Rust,1368,1,0.8894
Common_Rust\Corn_Common_Rust (12).jpg,Common_Rust,1369,1,0.8189
Common_Rust\Corn_Common_Rust (120).JPG,Common_Rust,1370,1,0.9132
Common_Rust\Corn_Common_Rust (1200).JPG,Common_Rust,1371,1,0.8864
Common_Rust\Corn_Common_Rust (1201).JPG,Common_Rust,1372,1,0.9011
Common_Rust\Corn_Common_Rust (1202).JPG,Common_Rust,1373,1,0.9137
Common_Rust\Corn_Common_Rust (1203).JPG,Common_Rust,1374,1,0.8506
Common_Rust\Corn_Common_Rust (1204).JPG,Common_Rust,1375,1,0.9222
Common_Rust\Corn_Common_Rust (1205).JPG,Common_Rust,1376,1,0.8384
Common_Rust\Corn_Common_Rust (1206).JPG,Common_Rust,1377,1,0.9394
Common_Rust\Corn_Common_Rust (1207).JPG,Common_Rust,1378,1,0.9395
Common_Rust\Corn_Common_Rust (1208).JPG,Common_Rust,1379,1,0.9277
Common_Rust\Corn_Common_Rust (1209).JPG,Common_Rust,1380,1,0.8147
Common_Rust\Corn_Common_Rust (121).JPG,Common_Rust,1381,1,0.8982
Common_Rust\Corn_Common_Rust (1210).JPG,Common_Rust,1382,1,0.922
Common_Rust\Corn_Common_Rust (1211).JPG,Common_Rust,1383,1,0.9324
Common_Rust\Corn_Common_Rust (1212).JPG,Common_Rust,1384,1,0.9222
Common_Rust\Corn_Common_Rust (1213).JPG,Common_Rust,1385,1,0.9482
Common_Rust\Corn_Common_Rust (1214).JPG,Common_Rust,1386,1,0.9482
Common_Rust\Corn_Common_Rust (1215).JPG,Common_Rust,1387,1,0.8881
Common_Rust\Corn_Common_Rust (1216).JPG,Common_Rust,1388,1,0.8888
Common_Rust\Corn_Common_Rust (1217).JPG,Common_Rust,1389,1,0.9264
Common_Rust\Corn_Common_Rust (1218).JPG,Common_Rust,1390,1,0.866
Common_Rust\Corn_Common_Rust (1219).JPG,Common_Rust,1391,2,0.9533
Common_Rust\Corn_Common_Rust (122).JPG,Common_Rust,1392,1,0.8909
Common_Rust\Corn_Common_Rust (1220).JPG,Common_Rust,1393,1,0.9351
Common_Rust\Corn_Common_Rust (1221).JPG,Common_Rust,1394,1,0.9135
Common_Rust\Corn_Common_Rust (1222).JPG,Common_Rust,1395,1,0.9099
Common_Rust\Corn_Common_Rust (1223).JPG,Common_Rust,1396,1,0.9039
Common_Rust\Corn_Common_Rust (1224).JPG,Common_Rust,1397,1,0.9279
Common_Rust\Corn_Common_Rust (1225).JPG,Common_Rust,1398,1,0.9074
Common_Rust\Corn_Common_Rust (1226).JPG,Common_Rust,1399,1,0.9164
Common_Rust\Corn_Common_Rust (1227).JPG,Common_Rust,1400,1,0.9292
Common_Rust\Corn_Common_Rust (1228).JPG,Common_Rust,1401,1,0.9095
Common_Rust\Corn_Common_Rust (1229).JPG,Common_Rust,1402,1,0.9087
Common_Rust\Corn_Common_Rust (123).JPG,Common_Rust,1403,1,0.8521
Common_Rust\Corn_Common_Rust (1230).JPG,Common_Rust,1404,1,0.8318
Common_Rust\Corn_Common_Rust (1231).JPG,Common_Rust,1405,1,0.9267
Common_Rust\Corn_Common_Rust (1232).JPG,Common_Rust,1406,1,0.914
Common_Rust\Corn_Common_Rust (1233).JPG,Common_Rust,1407,1,0.9457
Common_Rust\Corn_Common_Rust (1234).JPG,Common_Rust,1408,1,0.9231
Common_Rust\Corn_Common_Rust (1235).JPG,Common_Rust,1409,1,0.884
Common_Rust\Corn_Common_Rust (1236).JPG,Common_Rust,1410,1,0.9233
Common_Rust\Corn_Common_Rust (1237).JPG,Common_Rust,1411,1,0.8828
Common_Rust\Corn_Common_Rust (1238).JPG,Common_Rust,1412,1,0.9237
Common_Rust\Corn_Common_Rust (1239).JPG,Common_Rust,1413,1,0.9289
Common_Rust\Corn_Common_Rust (124).JPG,Common_Rust,1414,1,0.9262
Common_Rust\Corn_Common_Rust (1240).JPG,Common_Rust,1415,1,0.9324
Common_Rust\Corn_Common_Rust (1241).JPG,Common_Rust,1416,1,0.9263
Common_Rust\Corn_Common_Rust (1242).JPG,Common_Rust,1417,1,0.8335
Common_Rust\Corn_Common_Rust (1243).JPG,Common_Rust,1418,1,0.911
Common_Rust\Corn_Common_Rust (1244).JPG,Common_Rust,1419,1,0.9406
Common_Rust\Corn_Common_Rust (1245).JPG,Common_Rust,1420,1,0.9362
Common_Rust\Corn_Common_Rust (1246).JPG,Common_Rust,1421,1,0.9362
Common_Rust\Corn_Common_Rust (1247).JPG,Common_Rust,1422,1,0.946
Common_Rust\Corn_Common_Rust (1248).JPG,Common_Rust,1423,1,0.9434
Common_Rust\Corn_Common_Rust (1249).JPG,Common_Rust,1424,1,0.9275
Common_Rust\Corn_Common_Rust (125).JPG,Common_Rust,1425,1,0.8841
Common_Rust\Corn_Common_Rust (1250).JPG,Common_Rust,1426,1,0.9352
Common_Rust\Corn_Common_Rust (1251).JPG,Common_Rust,1427,1,0.9258
Common_Rust\Corn_Common_Rust (1252).JPG,Common_Rust,1428,1,0.9258
Common_Rust\Corn_Common_Rust (1253).JPG,Common_Rust,1429,1,0.9202
Common_Rust\Corn_Common_Rust (1254).JPG,Common_Rust,1430,1,0.936
Common_Rust\Corn_Common_Rust (1255).JPG,Common_Rust,1431,1,0.8987
Common_Rust\Corn_Common_Rust (1256).JPG,Common_Rust,1432,1,0.8271
Common_Rust\Corn_Common_Rust (1257).JPG,Common_Rust,1433,1,0.9176
Common_Rust\Corn_Common_Rust (1258).JPG,Common_Rust,1434,1,0.9074
Common_Rust\Corn_Common_Rust (1259).JPG,Common_Rust,1435,1,0.8325
Common_Rust\Corn_Common_Rust (126).JPG,Common_Rust,1436,1,0.8971
Common_Rust\Corn_Common_Rust (1260).JPG,Common_Rust,1437,1,0.9073
Common_Rust\Corn_Common_Rust (1261).JPG,Common_Rust,1438,1,0.888
Common_Rust\Corn_Common_Rust (1262).JPG,Common_Rust,1439,1,0.8787
Common_Rust\Corn_Common_Rust (1263).JPG,Common_Rust,1440,1,0.9385
Common_Rust\Corn_Common_Rust (1264).jpg,Common_Rust,1441,1,0.902
Common_Rust\Corn_Common_Rust (1265).jpg,Common_Rust,1442,1,0.7972
Common_Rust\Corn_Common_Rust (1266).jpg,Common_Rust,1443,1,0.8657
Common_Rust\Corn_Common_Rust (1267).jpg,Common_Rust,1444,1,0.8661
Common_Rust\Corn_Common_Rust (1268).jpg,Common_Rust,1445,1,0.8806
Common_Rust\Corn_Common_Rust (1269).jpg,Common_Rust,1446,1,0.8384
Common_Rust\Corn_Common_Rust (127).JPG,Common_Rust,1447,1,0.8539
Common_Rust\Corn_Common_Rust (1270).jpg,Common_Rust,1448,1,0.7963
Common_Rust\Corn_Common_Rust (1271).jpg,Common_Rust,1449,1,0.857
Common_Rust\Corn_Common_Rust (1272).jpg,Common_Rust,1450,1,0.8984
Common_Rust\Corn_Common_Rust (1273).jpg,Common_Rust,1451,1,0.846
Common_Rust\Corn_Common_Rust (1274).jpg,Common_Rust,1452,1,0.9186
Common_Rust\Corn_Common_Rust (1275).jpg,Common_Rust,1453,1,0.8594
Common_Rust\Corn_Common_Rust (1276).jpg,Common_Rust,1454,1,0.9011
Common_Rust\Corn_Common_Rust (1277).jpg,Common_Rust,1455,1,0.8842
Common_Rust\Corn_Common_Rust (1278).jpg,Common_Rust,1456,1,0.8369
Common_Rust\Corn_Common_Rust (1279).jpg,Common_Rust,1457,1,0.811
Common_Rust\Corn_Common_Rust (128).JPG,Common_Rust,1458,1,0.8874
Common_Rust\Corn_Common_Rust (1280).jpg,Common_Rust,1459,1,0.8936
Common_Rust\Corn_Common_Rust (1281).jpg,Common_Rust,1460,1,0.8634
Common_Rust\Corn_Common_Rust (1282).jpg,Common_Rust,1461,1,0.8796
Common_Rust\Corn_Common_Rust (1283).jpg,Common_Rust,1462,1,0.8604
Common_Rust\Corn_Common_Rust (1284).jpg,Common_Rust,1463,1,0.8298
Common_Rust\Corn_Common_Rust (1285).jpg,Common_Rust,1464,1,0.8758
Common_Rust\Corn_Common_Rust (1286).jpg,Common_Rust,1465,1,0.8564
Common_Rust\Corn_Common_Rust (1287).jpg,Common_Rust,1466,1,0.8801
Common_Rust\Corn_Common_Rust (1288).jpg,Common_Rust,1467,1,0.8677
Common_Rust\Corn_Common_Rust (1289).jpg,Common_Rust,1468,1,0.9061
Common_Rust\Corn_Common_Rust (129).JPG,Common_Rust,1469,1,0.9329
Common_Rust\Corn_Common_Rust (1290).jpg,Common_Rust,1470,1,0.8564
Common_Rust\Corn_Common_Rust (1291).jpg,Common_Rust,1471,1,0.9023
Common_Rust\Corn_Common_Rust (1292).jpg,Common_Rust,1472,1,0.8504
Common_Rust\Corn_Common_Rust (1293).jpg,Common_Rust,1473,1,0.9139
Common_Rust\Corn_Common_Rust (1294).jpg,Common_Rust,1474,1,0.8317
Common_Rust\Corn_Common_Rust (1295).jpg,Common_Rust,1475,1,0.893
Common_Rust\Corn_Common_Rust (1296).jpg,Common_Rust,1476,1,0.9295
Common_Rust\Corn_Common_Rust (1297).jpg,Common_Rust,1477,1,0.837
Common_Rust\Corn_Common_Rust (1298).jpg,Common_Rust,1478,1,0.9295
Common_Rust\Corn_Common_Rust (1299).jpg,Common_Rust,1479,1,0.9165
Common_Rust\Corn_Common_Rust (13).jpg,Common_Rust,1480,1,0.9181
Common_Rust\Corn_Common_Rust (130).JPG,Common_Rust,1481,1,0.8933
Common_Rust\Corn_Common_Rust (1300).jpg,Common_Rust,1482,1,0.8379
Common_Rust\Corn_Common_Rust (1301).jpg,Common_Rust,1483,1,0.8217
Common_Rust\Corn_Common_Rust (1302).jpg,Common_Rust,1484,1,0.8315
Common_Rust\Corn_Common_Rust (1303).jpg,Common_Rust,1485,1,0.8427
Common_Rust\Corn_Common_Rust (1304).jpg,Common_Rust,1486,1,0.8796
Common_Rust\Corn_Common_Rust (1305).jpg,Common_Rust,1487,1,0.8726
Common_Rust\Corn_Common_Rust (1306).jpg,Common_Rust,1488,1,0.851
Common_Rust\Corn_Common_Rust (131).JPG,Common_Rust,1489,1,0.9211
Common_Rust\Corn_Common_Rust (132).JPG,Common_Rust,1490,1,0.8468
Common_Rust\Corn_Common_Rust (133).JPG,Common_Rust,1491,1,0.8842
Common_Rust\Corn_Common_Rust (134).JPG,Common_Rust,1492,1,0.9135
Common_Rust\Corn_Common_Rust (135).JPG,Common_Rust,1493,1,0.899
Common_Rust\Corn_Common_Rust (136).JPG,Common_Rust,1494,1,0.9197
Common_Rust\Corn_Common_Rust (137).JPG,Common_Rust,1495,1,0.8991
Common_Rust\Corn_Common_Rust (138).JPG,Common_Rust,1496,1,0.9204
Common_Rust\Corn_Common_Rust (139).JPG,Common_Rust,1497,1,0.9069
Common_Rust\Corn_Common_Rust (14).jpg,Common_Rust,1498,1,0.8342
Common_Rust\Corn_Common_Rust (140).JPG,Common_Rust,1499,1,0.8881
Common_Rust\Corn_Common_Rust (141).JPG,Common_Rust,1500,1,0.8802
Common_Rust\Corn_Common_Rust (142).JPG,Common_Rust,1501,1,0.8247
Common_Rust\Corn_Common_Rust (143).JPG,Common_Rust,1502,1,0.9117
Common_Rust\Corn_Common_Rust (144).JPG,Common_Rust,1503,1,0.9229
Common_Rust\Corn_Common_Rust (145).JPG,Common_Rust,1504,1,0.9137
Common_Rust\Corn_Common_Rust (146).JPG,Common_Rust,1505,1,0.9129
Common_Rust\Corn_Common_Rust (147).JPG,Common_Rust,1506,1,0.8671
Common_Rust\Corn_Common_Rust (148).JPG,Common_Rust,1507,1,0.9292
Common_Rust\Corn_Common_Rust (149).JPG,Common_Rust,1508,1,0.921
Common_Rust\Corn_Common_Rust (15).jpg,Common_Rust,1509,1,0.9181
Common_Rust\Corn_Common_Rust (150).JPG,Common_Rust,1510,1,0.9194
Common_Rust\Corn_Common_Rust (151).JPG,Common_Rust,1511,1,0.927
Common_Rust\Corn_Common_Rust (152).JPG,Common_Rust,1512,1,0.9008
Common_Rust\Corn_Common_Rust (153).JPG,Common_Rust,1513,1,0.906
Common_Rust\Corn_Common_Rust (154).JPG,Common_Rust,1514,1,0.8801
Common_Rust\Corn_Common_Rust (155).JPG,Common_Rust,1515,1,0.8678
Common_Rust\Corn_Common_Rust (156).JPG,Common_Rust,1516,1,0.8811
Common_Rust\Corn_Common_Rust (157).JPG,Common_Rust,1517,1,0.9037
Common_Rust\Corn_Common_Rust (158).JPG,Common_Rust,1518,1,0.8908
Common_Rust\Corn_Common_Rust (159).JPG,Common_Rust,1519,1,0.9415
Common_Rust\Corn_Common_Rust (16).jpg,Common_Rust,1520,1,0.8284
Common_Rust\Corn_Common_Rust (160).JPG,Common_Rust,1521,1,0.8776
Common_Rust\Corn_Common_Rust (161).JPG,Common_Rust,1522,1,0.9116
Common_Rust\Corn_Common_Rust (162).JPG,Common_Rust,1523,1,0.9352
Common_Rust\Corn_Common_Rust (163).JPG,Common_Rust,1524,1,0.8298
Common_Rust\Corn_Common_Rust (164).JPG,Common_Rust,1525,1,0.9013
Common_Rust\Corn_Common_Rust (165).JPG,Common_Rust,1526,1,0.9391
Common_Rust\Corn_Common_Rust (166).JPG,Common_Rust,1527,1,0.907
Common_Rust\Corn_Common_Rust (167).JPG,Common_Rust,1528,1,0.8548
Common_Rust\Corn_Common_Rust (168).JPG,Common_Rust,1529,1,0.9077
Common_Rust\Corn_Common_Rust (169).JPG,Common_Rust,1530,1,0.9236
Common_Rust\Corn_Common_Rust (17).jpg,Common_Rust,1531,1,0.8199
Common_Rust\Corn_Common_Rust (170).JPG,Common_Rust,1532,1,0.8579
Common_Rust\Corn_Common_Rust (171).JPG,Common_Rust,1533,1,0.8936
Common_Rust\Corn_Common_Rust (172).JPG,Common_Rust,1534,1,0.8973
Common_Rust\Corn_Common_Rust (173).JPG,Common_Rust,1535,1,0.9135
Common_Rust\Corn_Common_Rust (174).JPG,Common_Rust,1536,1,0.9188
Common_Rust\Corn_Common_Rust (175).JPG,Common_Rust,1537,1,0.8876
Common_Rust\Corn_Common_Rust (176).JPG,Common_Rust,1538,1,0.9146
Common_Rust\Corn_Common_Rust (177).JPG,Common_Rust,1539,1,0.9033
Common_Rust\Corn_Common_Rust (178).JPG,Common_Rust,1541,2,0.9507
Common_Rust\Corn_Common_Rust (179).JPG,Common_Rust,1541,2,0.9507
Common_Rust\Corn_Common_Rust (18).jpg,Common_Rust,1542,1,0.883
Common_Rust\Corn_Common_Rust (180).JPG,Common_Rust,1543,1,0.8653
Common_Rust\Corn_Common_Rust (181).JPG,Common_Rust,1544,1,0.9092
Common_Rust\Corn_Common_Rust (182).JPG,Common_Rust,1545,1,0.892
Common_Rust\Corn_Common_Rust (183).JPG,Common_Rust,1546,1,0.8309
Common_Rust\Corn_Common_Rust (184).JPG,Common_Rust,1547,1,0.9077
Common_Rust\Corn_Common_Rust (185).JPG,Common_Rust,1548,1,0.9299
Common_Rust\Corn_Common_Rust (186).JPG,Common_Rust,1549,1,0.9117
Common_Rust\Corn_Common_Rust (187).JPG,Common_Rust,1550,1,0.9403
Common_Rust\Corn_Common_Rust (188).JPG,Common_Rust,1551,1,0.8604
Common_Rust\Corn_Common_Rust (189).JPG,Common_Rust,1552,1,0.9379
Common_Rust\Corn_Common_Rust (19).jpg,Common_Rust,1553,1,0.8664
Common_Rust\Corn_Common_Rust (190).JPG,Common_Rust,1554,1,0.9402
Common_Rust\Corn_Common_Rust (191).JPG,Common_Rust,1555,1,0.8921
Common_Rust\Corn_Common_Rust (192).JPG,Common_Rust,1556,1,0.9229
Common_Rust\Corn_Common_Rust (193).JPG,Common_Rust,1557,1,0.9234
Common_Rust\Corn_Common_Rust (194).JPG,Common_Rust,1558,1,0.9274
Common_Rust\Corn_Common_Rust (195).JPG,Common_Rust,1559,1,0.8633
Common_Rust\Corn_Common_Rust (196).JPG,Common_Rust,1560,1,0.8163
Common_Rust\Corn_Common_Rust (197).JPG,Common_Rust,1561,1,0.8735
Common_Rust\Corn_Common_Rust (198).JPG,Common_Rust,1562,1,0.8992
Common_Rust\Corn_Common_Rust (199).JPG,Common_Rust,1563,1,0.8667
Common_Rust\Corn_Common_Rust (2).jpg,Common_Rust,1564,1,0.6258
Common_Rust\Corn_Common_Rust (20).jpg,Common_Rust,1565,1,0.7558
Common_Rust\Corn_Common_Rust (200).JPG,Common_Rust,1566,1,0.855
Common_Rust\Corn_Common_Rust (201).JPG,Common_Rust,1567,1,0.92
Common_Rust\Corn_Common_Rust (202).JPG,Common_Rust,1568,1,0.8924
Common_Rust\Corn_Common_Rust (203).JPG,Common_Rust,1569,1,0.9254
Common_Rust\Corn_Common_Rust (204).JPG,Common_Rust,1570,1,0.9079
Common_Rust\Corn_Common_Rust (205).JPG,Common_Rust,1571,1,0.9088
Common_Rust\Corn_Common_Rust (206).JPG,Common_Rust,1572,1,0.8934
Common_Rust\Corn_Common_Rust (207).JPG,Common_Rust,1573,1,0.8672
Common_Rust\Corn_Common_Rust (208).JPG,Common_Rust,1574,1,0.8918
Common_Rust\Corn_Common_Rust (209).JPG,Common_Rust,1575,1,0.9084
Common_Rust\Corn_Common_Rust (21).jpg,Common_Rust,1576,1,0.8705
Common_Rust\Corn_Common_Rust (210).JPG,Common_Rust,1577,1,0.9358
Common_Rust\Corn_Common_Rust (211).JPG,Common_Rust,1578,1,0.7722
Common_Rust\Corn_Common_Rust (212).JPG,Common_Rust,1579,1,0.8741
Common_Rust\Corn_Common_Rust (213).JPG,Common_Rust,1580,1,0.9368
Common_Rust\Corn_Common_Rust (214).JPG,Common_Rust,1581,1,0.8918
Common_Rust\Corn_Common_Rust (215).JPG,Common_Rust,1582,1,0.9282
Common_Rust\Corn_Common_Rust (216).JPG,Common_Rust,1583,1,0.9143
Common_Rust\Corn_Common_Rust (217).JPG,Common_Rust,1584,1,0.928
Common_Rust\Corn_Common_Rust (218).JPG,Common_Rust,1585,1,0.904
Common_Rust\Corn_Common_Rust (219).JPG,Common_Rust,1586,1,0.8951
Common_Rust\Corn_Common_Rust (22).jpg,Common_Rust,1587,1,0.8431
Common_Rust\Corn_Common_Rust (220).JPG,Common_Rust,1588,1,0.9069
Common_Rust\Corn_Common_Rust (221).JPG,Common_Rust,1589,1,0.8943
Common_Rust\Corn_Common_Rust (222).JPG,Common_Rust,1590,1,0.8205
Common_Rust\Corn_Common_Rust (223).JPG,Common_Rust,1591,1,0.9119
Common_Rust\Corn_Common_Rust (224).JPG,Common_Rust,1592,1,0.9214
Common_Rust\Corn_Common_Rust (225).JPG,Common_Rust,1593,1,0.9184
Common_Rust\Corn_Common_Rust (226).JPG,Common_Rust,1594,1,0.911
Common_Rust\Corn_Common_Rust (227).JPG,Common_Rust,1595,1,0.8688
Common_Rust\Corn_Common_Rust (228).JPG,Common_Rust,1596,1,0.865
Common_Rust\Corn_Common_Rust (229).JPG,Common_Rust,1597,1,0.9171
Common_Rust\Corn_Common_Rust (23).jpg,Common_Rust,1598,1,0.8705
Common_Rust\Corn_Common_Rust (230).JPG,Common_Rust,1599,1,0.9271
Common_Rust\Corn_Common_Rust (231).JPG,Common_Rust,1600,1,0.9156
Common_Rust\Corn_Common_Rust (232).JPG,Common_Rust,1601,1,0.8729
Common_Rust\Corn_Common_Rust (233).JPG,Common_Rust,1602,1,0.9056
Common_Rust\Corn_Common_Rust (234).JPG,Common_Rust,1603,1,0.9031
Common_Rust\Corn_Common_Rust (235).JPG,Common_Rust,1604,1,0.8764
Common_Rust\Corn_Common_Rust (236).JPG,Common_Rust,1605,1,0.6998
Common_Rust\Corn_Common_Rust (237).JPG,Common_Rust,1606,1,0.8771
Common_Rust\Corn_Common_Rust (238).JPG,Common_Rust,1607,1,0.9073
Common_Rust\Corn_Common_Rust (239).JPG,Common_Rust,1608,1,0.8555
Common_Rust\Corn_Common_Rust (24).jpg,Common_Rust,1609,1,0.8842
Common_Rust\Corn_Common_Rust (240).JPG,Common_Rust,1610,1,0.8225
Common_Rust\Corn_Common_Rust (241).JPG,Common_Rust,1611,1,0.8791
Common_Rust\Corn_Common_Rust (242).JPG,Common_Rust,1612,1,0.8797
Common_Rust\Corn_Common_Rust (243).JPG,Common_Rust,1613,1,0.826
Common_Rust\Corn_Common_Rust (244).JPG,Common_Rust,1614,1,0.8847
Common_Rust\Corn_Common_Rust (245).JPG,Common_Rust,1615,1,0.8638
Common_Rust\Corn_Common_Rust (246).JPG,Common_Rust,1616,1,0.8847
Common_Rust\Corn_Common_Rust (247).JPG,Common_Rust,1617,1,0.9139
Common_Rust\Corn_Common_Rust (248).JPG,Common_Rust,1618,1,0.8903
Common_Rust\Corn_Common_Rust (249).JPG,Common_Rust,1619,1,0.9149
Common_Rust\Corn_Common_Rust (25).jpg,Common_Rust,1620,1,0.6372
Common_Rust\Corn_Common_Rust (250).JPG,Common_Rust,1621,1,0.9045
Common_Rust\Corn_Common_Rust (251).JPG,Common_Rust,1622,1,0.9152
Common_Rust\Corn_Common_Rust (252).JPG,Common_Rust,1623,1,0.925
Common_Rust\Corn_Common_Rust (253).JPG,Common_Rust,1624,1,0.8396
Common_Rust\Corn_Common_Rust (254).JPG,Common_Rust,1625,1,0.8582
Common_Rust\Corn_Common_Rust (255).JPG,Common_Rust,1626,1,0.8258
Common_Rust\Corn_Common_Rust (256).JPG,Common_Rust,1627,1,0.8941
Common_Rust\Corn_Common_Rust (257).JPG,Common_Rust,1628,1,0.8888
Common_Rust\Corn_Common_Rust (258).JPG,Common_Rust,1629,1,0.7796
Common_Rust\Corn_Common_Rust (259).JPG,Common_Rust,1630,1,0.8736
Common_Rust\Corn_Common_Rust (26).jpg,Common_Rust,1631,1,0.8537
Common_Rust\Corn_Common_Rust (260).JPG,Common_Rust,1632,1,0.9467
Common_Rust\Corn_Common_Rust (261).JPG,Common_Rust,1633,1,0.9467
Common_Rust\Corn_Common_Rust (262).JPG,Common_Rust,1634,1,0.9155
Common_Rust\Corn_Common_Rust (263).JPG,Common_Rust,2282,2,0.9503
Common_Rust\Corn_Common_Rust (264).JPG,Common_Rust,1636,1,0.9135
Common_Rust\Corn_Common_Rust (265).JPG,Common_Rust,1637,1,0.9075
Common_Rust\Corn_Common_Rust (266).JPG,Common_Rust,1638,1,0.9299
Common_Rust\Corn_Common_Rust (267).JPG,Common_Rust,1639,1,0.9202
Common_Rust\Corn_Common_Rust (268).JPG,Common_Rust,1640,1,0.8769
Common_Rust\Corn_Common_Rust (269).JPG,Common_Rust,1641,1,0.9075
Common_Rust\Corn_Common_Rust (27).jpg,Common_Rust,1642,1,0.9096
Common_Rust\Corn_Common_Rust (270).JPG,Common_Rust,1643,1,0.9155
Common_Rust\Corn_Common_Rust (271).JPG,Common_Rust,1644,1,0.9113
Common_Rust\Corn_Common_Rust (272).JPG,Common_Rust,1645,1,0.9155
Common_Rust\Corn_Common_Rust (273).JPG,Common_Rust,1646,1,0.941
Common_Rust\Corn_Common_Rust (274).JPG,Common_Rust,1647,1,0.941
Common_Rust\Corn_Common_Rust (275).JPG,Common_Rust,1648,1,0.9085
Common_Rust\Corn_Common_Rust (276).JPG,Common_Rust,1649,1,0.8856
Common_Rust\Corn_Common_Rust (277).JPG,Common_Rust,1650,1,0.8893
Common_Rust\Corn_Common_Rust (278).JPG,Common_Rust,1651,1,0.9371
Common_Rust\Corn_Common_Rust (279).JPG,Common_Rust,1652,1,0.9057
Common_Rust\Corn_Common_Rust (28).jpg,Common_Rust,1664,2,0.9517
Common_Rust\Corn_Common_Rust (280).JPG,Common_Rust,1654,1,0.8741
Common_Rust\Corn_Common_Rust (281).JPG,Common_Rust,1655,1,0.787
Common_Rust\Corn_Common_Rust (282).JPG,Common_Rust,1656,1,0.8842
Common_Rust\Corn_Common_Rust (283).JPG,Common_Rust,1657,1,0.8742
Common_Rust\Corn_Common_Rust (284).JPG,Common_Rust,1658,1,0.9196
Common_Rust\Corn_Common_Rust (285).JPG,Common_Rust,1659,1,0.9225
Common_Rust\Corn_Common_Rust (286).JPG,Common_Rust,1660,1,0.9187
Common_Rust\Corn_Common_Rust (287).JPG,Common_Rust,1661,1,0.913
Common_Rust\Corn_Common_Rust (288).JPG,Common_Rust,1662,1,0.8657
Common_Rust\Corn_Common_Rust (289).JPG,Common_Rust,1663,1,0.9498
Common_Rust\Corn_Common_Rust (29).jpg,Common_Rust,1664,2,0.9517
Common_Rust\Corn_Common_Rust (290).JPG,Common_Rust,1665,1,0.882
Common_Rust\Corn_Common_Rust (291).JPG,Common_Rust,1666,1,0.8602
Common_Rust\Corn_Common_Rust (292).JPG,Common_Rust,1667,1,0.8687
Common_Rust\Corn_Common_Rust (293).JPG,Common_Rust,1668,1,0.8286
Common_Rust\Corn_Common_Rust (294).JPG,Common_Rust,1669,1,0.8884
Common_Rust\Corn_Common_Rust (295).JPG,Common_Rust,1670,1,0.9041
Common_Rust\Corn_Common_Rust (296).JPG,Common_Rust,1671,1,0.9183
Common_Rust\Corn_Common_Rust (297).JPG,Common_Rust,1672,1,0.8774
Common_Rust\Corn_Common_Rust (298).JPG,Common_Rust,1673,1,0.8664
Common_Rust\Corn_Common_Rust (299).JPG,Common_Rust,1674,1,0.8893
Common_Rust\Corn_Common_Rust (3).jpg,Common_Rust,1675,1,0.8882
Common_Rust\Corn_Common_Rust (30).jpg,Common_Rust,1676,1,0.9032
Common_Rust\Corn_Common_Rust (300).JPG,Common_Rust,1677,1,0.9086
Common_Rust\Corn_Common_Rust (301).JPG,Common_Rust,1678,1,0.9318
Common_Rust\Corn_Common_Rust (302).JPG,Common_Rust,1679,1,0.9259
Common_Rust\Corn_Common_Rust (303).JPG,Common_Rust,1680,1,0.9297
Common_Rust\Corn_Common_Rust (304).JPG,Common_Rust,1681,1,0.9292
Common_Rust\Corn_Common_Rust (305).JPG,Common_Rust,1682,1,0.8917
Common_Rust\Corn_Common_Rust (306).JPG,Common_Rust,1683,1,0.9007
Common_Rust\Corn_Common_Rust (307).JPG,Common_Rust,1684,1,0.8487
Common_Rust\Corn_Common_Rust (308).JPG,Common_Rust,1685,1,0.9067
Common_Rust\Corn_Common_Rust (309).JPG,Common_Rust,1686,1,0.8965
Common_Rust\Corn_Common_Rust (31).jpg,Common_Rust,1687,1,0.7509
Common_Rust\Corn_Common_Rust (310).JPG,Common_Rust,1688,1,0.8823
Common_Rust\Corn_Common_Rust (311).JPG,Common_Rust,1689,1,0.8963
Common_Rust\Corn_Common_Rust (312).JPG,Common_Rust,1690,1,0.9221
Common_Rust\Corn_Common_Rust (313).JPG,Common_Rust,1691,1,0.9169
Common_Rust\Corn_Common_Rust (314).JPG,Common_Rust,1692,1,0.9347
Common_Rust\Corn_Common_Rust (315).JPG,Common_Rust,1693,1,0.9273
Common_Rust\Corn_Common_Rust (316).JPG,Common_Rust,1694,1,0.9122
Common_Rust\Corn_Common_Rust (317).JPG,Common_Rust,1695,1,0.9167
Common_Rust\Corn_Common_Rust (318).JPG,Common_Rust,1696,1,0.9142
Common_Rust\Corn_Common_Rust (319).JPG,Common_Rust,1697,1,0.9287
Common_Rust\Corn_Common_Rust (32).jpg,Common_Rust,1698,1,0.8433
Common_Rust\Corn_Common_Rust (320).JPG,Common_Rust,1699,1,0.8994
Common_Rust\Corn_Common_Rust (321).JPG,Common_Rust,1700,1,0.9012
Common_Rust\Corn_Common_Rust (322).JPG,Common_Rust,1701,1,0.937
Common_Rust\Corn_Common_Rust (323).JPG,Common_Rust,1702,1,0.9177
Common_Rust\Corn_Common_Rust (324).JPG,Common_Rust,1703,1,0.9237
Common_Rust\Corn_Common_Rust (325).JPG,Common_Rust,1704,1,0.9086
Common_Rust\Corn_Common_Rust (326).JPG,Common_Rust,1705,1,0.9459
Common_Rust\Corn_Common_Rust (327).JPG,Common_Rust,1706,1,0.9254
Common_Rust\Corn_Common_Rust (328).JPG,Common_Rust,1707,1,0.9432
Common_Rust\Corn_Common_Rust (329).JPG,Common_Rust,1708,1,0.9347
Common_Rust\Corn_Common_Rust (33).jpg,Common_Rust,1709,1,0.7904
Common_Rust\Corn_Common_Rust (330).JPG,Common_Rust,1710,1,0.8994
Common_Rust\Corn_Common_Rust (331).JPG,Common_Rust,1711,1,0.9122
Common_Rust\Corn_Common_Rust (332).JPG,Common_Rust,1712,1,0.9407
Common_Rust\Corn_Common_Rust (333).JPG,Common_Rust,1713,1,0.9065
Common_Rust\Corn_Common_Rust (334).JPG,Common_Rust,1714,1,0.9397
Common_Rust\Corn_Common_Rust (335).JPG,Common_Rust,1715,1,0.9343
Common_Rust\Corn_Common_Rust (336).JPG,Common_Rust,1716,1,0.9069
Common_Rust\Corn_Common_Rust (337).JPG,Common_Rust,1717,1,0.9086
Common_Rust\Corn_Common_Rust (338).JPG,Common_Rust,1718,1,0.89
Common_Rust\Corn_Common_Rust (339).JPG,Common_Rust,1719,1,0.9458
Common_Rust\Corn_Common_Rust (34).jpg,Common_Rust,1720,1,0.7285
Common_Rust\Corn_Common_Rust (340).JPG,Common_Rust,1721,1,0.9295
Common_Rust\Corn_Common_Rust (341).JPG,Common_Rust,1722,1,0.9269
Common_Rust\Corn_Common_Rust (342).JPG,Common_Rust,1723,1,0.9403
Common_Rust\Corn_Common_Rust (343).JPG,Common_Rust,1724,1,0.9048
Common_Rust\Corn_Common_Rust (344).JPG,Common_Rust,1725,1,0.8387
Common_Rust\Corn_Common_Rust (345).JPG,Common_Rust,1726,1,0.8894
Common_Rust\Corn_Common_Rust (346).JPG,Common_Rust,1727,1,0.8668
Common_Rust\Corn_Common_Rust (347).JPG,Common_Rust,1728,1,0.8778
Common_Rust\Corn_Common_Rust (348).JPG,Common_Rust,1729,1,0.89
Common_Rust\Corn_Common_Rust (349).JPG,Common_Rust,1730,1,0.937
Common_Rust\Corn_Common_Rust (35).jpg,Common_Rust,1731,1,0.8502
Common_Rust\Corn_Common_Rust (350).JPG,Common_Rust,1732,1,0.9249
Common_Rust\Corn_Common_Rust (351).JPG,Common_Rust,1733,1,0.8841
Common_Rust\Corn_Common_Rust (352).JPG,Common_Rust,1734,1,0.8899
Common_Rust\Corn_Common_Rust (353).JPG,Common_Rust,1735,1,0.9087
Common_Rust\Corn_Common_Rust (354).JPG,Common_Rust,1736,1,0.9151
Common_Rust\Corn_Common_Rust (355).JPG,Common_Rust,1737,1,0.9159
Common_Rust\Corn_Common_Rust (356).JPG,Common_Rust,1738,1,0.8848
Common_Rust\Corn_Common_Rust (357).JPG,Common_Rust,1739,1,0.923
Common_Rust\Corn_Common_Rust (358).JPG,Common_Rust,1740,1,0.9273
Common_Rust\Corn_Common_Rust (359).JPG,Common_Rust,1741,1,0.8413
Common_Rust\Corn_Common_Rust (36).jpg,Common_Rust,1742,1,0.7904
Common_Rust\Corn_Common_Rust (360).JPG,Common_Rust,1743,1,0.9049
Common_Rust\Corn_Common_Rust (361).JPG,Common_Rust,1744,1,0.9252
Common_Rust\Corn_Common_Rust (362).JPG,Common_Rust,1745,1,0.91
Common_Rust\Corn_Common_Rust (363).JPG,Common_Rust,1746,1,0.9109
Common_Rust\Corn_Common_Rust (364).JPG,Common_Rust,1747,1,0.9384
Common_Rust\Corn_Common_Rust (365).JPG,Common_Rust,1748,1,0.9266
Common_Rust\Corn_Common_Rust (366).JPG,Common_Rust,1749,1,0.9265
Common_Rust\Corn_Common_Rust (367).JPG,Common_Rust,1750,1,0.9262
Common_Rust\Corn_Common_Rust (368).JPG,Common_Rust,1751,1,0.915
Common_Rust\Corn_Common_Rust (369).JPG,Common_Rust,1752,1,0.9211
Common_Rust\Corn_Common_Rust (37).jpg,Common_Rust,1753,1,0.8315
Common_Rust\Corn_Common_Rust (370).JPG,Common_Rust,1754,1,0.9114
Common_Rust\Corn_Common_Rust (371).JPG,Common_Rust,1755,1,0.7999
Common_Rust\Corn_Common_Rust (372).JPG,Common_Rust,1756,1,0.8387
Common_Rust\Corn_Common_Rust (373).JPG,Common_Rust,1757,1,0.8357
Common_Rust\Corn_Common_Rust (374).JPG,Common_Rust,1758,1,0.925
Common_Rust\Corn_Common_Rust (375).JPG,Common_Rust,1759,1,0.9162
Common_Rust\Corn_Common_Rust (376).JPG,Common_Rust,1760,1,0.9356
Common_Rust\Corn_Common_Rust (377).JPG,Common_Rust,1761,1,0.9356
Common_Rust\Corn_Common_Rust (378).JPG,Common_Rust,1762,1,0.9396
Common_Rust\Corn_Common_Rust (379).JPG,Common_Rust,1763,1,0.9018
Common_Rust\Corn_Common_Rust (38).jpg,Common_Rust,1764,1,0.7847
Common_Rust\Corn_Common_Rust (380).JPG,Common_Rust,1765,1,0.8044
Common_Rust\Corn_Common_Rust (381).JPG,Common_Rust,1766,1,0.8946
Common_Rust\Corn_Common_Rust (382).JPG,Common_Rust,1767,1,0.7893
Common_Rust\Corn_Common_Rust (383).JPG,Common_Rust,1768,1,0.9312
Common_Rust\Corn_Common_Rust (384).JPG,Common_Rust,1769,1,0.9039
Common_Rust\Corn_Common_Rust (385).JPG,Common_Rust,1770,1,0.9228
Common_Rust\Corn_Common_Rust (386).JPG,Common_Rust,1771,1,0.9112
Common_Rust\Corn_Common_Rust (387).JPG,Common_Rust,1772,1,0.9077
Common_Rust\Corn_Common_Rust (388).JPG,Common_Rust,1773,1,0.8942
Common_Rust\Corn_Common_Rust (389).JPG,Common_Rust,1774,1,0.9228
Common_Rust\Corn_Common_Rust (39).jpg,Common_Rust,1775,1,0.9155
Common_Rust\Corn_Common_Rust (390).JPG,Common_Rust,1776,1,0.9284
Common_Rust\Corn_Common_Rust (391).JPG,Common_Rust,1777,1,0.9039
Common_Rust\Corn_Common_Rust (392).JPG,Common_Rust,1778,1,0.9066
Common_Rust\Corn_Common_Rust (393).JPG,Common_Rust,1779,1,0.8861
Common_Rust\Corn_Common_Rust (394).JPG,Common_Rust,1780,1,0.9032
Common_Rust\Corn_Common_Rust (395).JPG,Common_Rust,1781,1,0.9097
Common_Rust\Corn_Common_Rust (396).JPG,Common_Rust,1782,1,0.7501
Common_Rust\Corn_Common_Rust (397).JPG,Common_Rust,1783,1,0.8998
Common_Rust\Corn_Common_Rust (398).JPG,Common_Rust,1784,1,0.9181
Common_Rust\Corn_Common_Rust (399).JPG,Common_Rust,1785,1,0.9412
Common_Rust\Corn_Common_Rust (4).jpg,Common_Rust,1786,1,0.8229
Common_Rust\Corn_Common_Rust (40).jpg,Common_Rust,1787,1,0.8586
Common_Rust\Corn_Common_Rust (400).JPG,Common_Rust,1788,1,0.9312
Common_Rust\Corn_Common_Rust (401).JPG,Common_Rust,1789,1,0.9236
Common_Rust\Corn_Common_Rust (402).JPG,Common_Rust,1790,1,0.9235
Common_Rust\Corn_Common_Rust (403).JPG,Common_Rust,1791,1,0.907
Common_Rust\Corn_Common_Rust (404).JPG,Common_Rust,1792,1,0.9247
Common_Rust\Corn_Common_Rust (405).JPG,Common_Rust,1793,1,0.878
Common_Rust\Corn_Common_Rust (406).JPG,Common_Rust,1794,1,0.9475
Common_Rust\Corn_Common_Rust (407).JPG,Common_Rust,1795,1,0.9141
Common_Rust\Corn_Common_Rust (408).JPG,Common_Rust,1796,1,0.9147
Common_Rust\Corn_Common_Rust (409).JPG,Common_Rust,1797,1,0.9256
Common_Rust\Corn_Common_Rust (41).jpg,Common_Rust,1798,1,0.7261
Common_Rust\Corn_Common_Rust (410).JPG,Common_Rust,1799,1,0.8779
Common_Rust\Corn_Common_Rust (411).JPG,Common_Rust,1800,1,0.8975
Common_Rust\Corn_Common_Rust (412).JPG,Common_Rust,1801,1,0.9275
Common_Rust\Corn_Common_Rust (413).JPG,Common_Rust,1802,1,0.9113
Common_Rust\Corn_Common_Rust (414).JPG,Common_Rust,1803,1,0.9265
Common_Rust\Corn_Common_Rust (415).JPG,Common_Rust,1804,1,0.9377
Common_Rust\Corn_Common_Rust (416).JPG,Common_Rust,1805,1,0.9341
Common_Rust\Corn_Common_Rust (417).JPG,Common_Rust,1806,1,0.8253
Common_Rust\Corn_Common_Rust (418).JPG,Common_Rust,1807,1,0.8775
Common_Rust\Corn_Common_Rust (419).JPG,Common_Rust,1808,1,0.8955
Common_Rust\Corn_Common_Rust (42).jpg,Common_Rust,1809,1,0.879
Common_Rust\Corn_Common_Rust (420).JPG,Common_Rust,1810,1,0.9016
Common_Rust\Corn_Common_Rust (421).JPG,Common_Rust,1811,1,0.9187
Common_Rust\Corn_Common_Rust (422).JPG,Common_Rust,1812,1,0.9137
Common_Rust\Corn_Common_Rust (423).JPG,Common_Rust,1813,1,0.8518
Common_Rust\Corn_Common_Rust (424).JPG,Common_Rust,1814,1,0.9088
Common_Rust\Corn_Common_Rust (425).JPG,Common_Rust,1815,1,0.9368
Common_Rust\Corn_Common_Rust (426).JPG,Common_Rust,1816,1,0.9171
Common_Rust\Corn_Common_Rust (427).JPG,Common_Rust,1817,1,0.8878
Common_Rust\Corn_Common_Rust (428).JPG,Common_Rust,1818,1,0.8711
Common_Rust\Corn_Common_Rust (429).JPG,Common_Rust,1819,1,0.8925
Common_Rust\Corn_Common_Rust (43).jpg,Common_Rust,1820,1,0.8875
Common_Rust\Corn_Common_Rust (430).JPG,Common_Rust,1821,1,0.8629
Common_Rust\Corn_Common_Rust (431).JPG,Common_Rust,1822,1,0.874
Common_Rust\Corn_Common_Rust (432).JPG,Common_Rust,1823,1,0.9201
Common_Rust\Corn_Common_Rust (433).JPG,Common_Rust,1824,1,0.9181
Common_Rust\Corn_Common_Rust (434).JPG,Common_Rust,1825,1,0.8926
Common_Rust\Corn_Common_Rust (435).JPG,Common_Rust,1826,1,0.8992
Common_Rust\Corn_Common_Rust (436).JPG,Common_Rust,1827,1,0.8907
Common_Rust\Corn_Common_Rust (437).JPG,Common_Rust,1828,1,0.8904
Common_Rust\Corn_Common_Rust (438).JPG,Common_Rust,1829,1,0.9251
Common_Rust\Corn_Common_Rust (439).JPG,Common_Rust,1830,1,0.8773
Common_Rust\Corn_Common_Rust (44).jpg,Common_Rust,1831,1,0.7623
Common_Rust\Corn_Common_Rust (440).JPG,Common_Rust,1832,1,0.9006
Common_Rust\Corn_Common_Rust (441).JPG,Common_Rust,1833,1,0.9022
Common_Rust\Corn_Common_Rust (442).JPG,Common_Rust,1834,1,0.9235
Common_Rust\Corn_Common_Rust (443).JPG,Common_Rust,1835,1,0.9122
Common_Rust\Corn_Common_Rust (444).JPG,Common_Rust,1836,1,0.924
Common_Rust\Corn_Common_Rust (445).JPG,Common_Rust,1837,1,0.9057
Common_Rust\Corn_Common_Rust (446).JPG,Common_Rust,1838,1,0.8609
Common_Rust\Corn_Common_Rust (447).JPG,Common_Rust,1839,1,0.9188
Common_Rust\Corn_Common_Rust (448).JPG,Common_Rust,1840,1,0.9375
Common_Rust\Corn_Common_Rust (449).JPG,Common_Rust,1841,1,0.9271
Common_Rust\Corn_Common_Rust (45).jpg,Common_Rust,1842,1,0.9061
Common_Rust\Corn_Common_Rust (450).JPG,Common_Rust,1843,1,0.9422
Common_Rust\Corn_Common_Rust (451).JPG,Common_Rust,1844,1,0.9476
Common_Rust\Corn_Common_Rust (452).JPG,Common_Rust,1845,1,0.9222
Common_Rust\Corn_Common_Rust (453).JPG,Common_Rust,1846,1,0.9391
Common_Rust\Corn_Common_Rust (454).JPG,Common_Rust,1847,1,0.9243
Common_Rust\Corn_Common_Rust (455).JPG,Common_Rust,1848,1,0.9161
Common_Rust\Corn_Common_Rust (456).JPG,Common_Rust,1849,1,0.9284
Common_Rust\Corn_Common_Rust (457).JPG,Common_Rust,1850,1,0.9338
Common_Rust\Corn_Common_Rust (458).JPG,Common_Rust,1851,1,0.8481
Common_Rust\Corn_Common_Rust (459).JPG,Common_Rust,1852,1,0.9247
Common_Rust\Corn_Common_Rust (46).jpg,Common_Rust,1853,1,0.8983
Common_Rust\Corn_Common_Rust (460).JPG,Common_Rust,1854,1,0.8926
Common_Rust\Corn_Common_Rust (461).JPG,Common_Rust,1855,1,0.8922
Common_Rust\Corn_Common_Rust (462).JPG,Common_Rust,1856,1,0.8187
Common_Rust\Corn_Common_Rust (463).JPG,Common_Rust,1857,1,0.9282
Common_Rust\Corn_Common_Rust (464).JPG,Common_Rust,1858,1,0.9106
Common_Rust\Corn_Common_Rust (465).JPG,Common_Rust,1859,1,0.9433
Common_Rust\Corn_Common_Rust (466).JPG,Common_Rust,1860,1,0.9353
Common_Rust\Corn_Common_Rust (467).JPG,Common_Rust,1861,1,0.9259
Common_Rust\Corn_Common_Rust (468).JPG,Common_Rust,1862,1,0.9249
Common_Rust\Corn_Common_Rust (469).JPG,Common_Rust,1863,1,0.9138
Common_Rust\Corn_Common_Rust (47).jpg,Common_Rust,1864,1,0.8798
Common_Rust\Corn_Common_Rust (470).JPG,Common_Rust,1865,1,0.9327
Common_Rust\Corn_Common_Rust (471).JPG,Common_Rust,1866,1,0.927
Common_Rust\Corn_Common_Rust (472).JPG,Common_Rust,1867,1,0.9415
Common_Rust\Corn_Common_Rust (473).JPG,Common_Rust,1868,1,0.9096
Common_Rust\Corn_Common_Rust (474).JPG,Common_Rust,1869,1,0.9023
Common_Rust\Corn_Common_Rust (475).JPG,Common_Rust,1870,1,0.8826
Common_Rust\Corn_Common_Rust (476).JPG,Common_Rust,1871,1,0.9243
Common_Rust\Corn_Common_Rust (477).JPG,Common_Rust,1872,1,0.8913
Common_Rust\Corn_Common_Rust (478).JPG,Common_Rust,1873,1,0.9431
Common_Rust\Corn_Common_Rust (479).JPG,Common_Rust,1874,1,0.9375
Common_Rust\Corn_Common_Rust (48).jpg,Common_Rust,1931,2,0.9897
Common_Rust\Corn_Common_Rust (480).JPG,Common_Rust,1876,1,0.9197
Common_Rust\Corn_Common_Rust (481).JPG,Common_Rust,1877,1,0.9278
Common_Rust\Corn_Common_Rust (482).JPG,Common_Rust,1878,1,0.9369
Common_Rust\Corn_Common_Rust (483).JPG,Common_Rust,1879,1,0.8684
Common_Rust\Corn_Common_Rust (484).JPG,Common_Rust,1880,1,0.9086
Common_Rust\Corn_Common_Rust (485).JPG,Common_Rust,1881,1,0.9009
Common_Rust\Corn_Common_Rust (486).JPG,Common_Rust,1882,1,0.9076
Common_Rust\Corn_Common_Rust (487).JPG,Common_Rust,1883,1,0.9237
Common_Rust\Corn_Common_Rust (488).JPG,Common_Rust,1884,1,0.8996
Common_Rust\Corn_Common_Rust (489).JPG,Common_Rust,1885,1,0.9277
Common_Rust\Corn_Common_Rust (49).jpg,Common_Rust,1886,1,0.8978
Common_Rust\Corn_Common_Rust (490).JPG,Common_Rust,1887,1,0.9067
Common_Rust\Corn_Common_Rust (491).JPG,Common_Rust,1888,1,0.9061
Common_Rust\Corn_Common_Rust (492).JPG,Common_Rust,1889,1,0.9085
Common_Rust\Corn_Common_Rust (493).JPG,Common_Rust,1890,1,0.9402
Common_Rust\Corn_Common_Rust (494).JPG,Common_Rust,1891,1,0.9215
Common_Rust\Corn_Common_Rust (495).JPG,Common_Rust,1892,1,0.9327
Common_Rust\Corn_Common_Rust (496).JPG,Common_Rust,1893,1,0.9309
Common_Rust\Corn_Common_Rust (497).JPG,Common_Rust,1894,1,0.9433
Common_Rust\Corn_Common_Rust (498).JPG,Common_Rust,1895,1,0.8907
Common_Rust\Corn_Common_Rust (499).JPG,Common_Rust,1896,1,0.9193
Common_Rust\Corn_Common_Rust (5).jpg,Common_Rust,1897,1,0.8604
Common_Rust\Corn_Common_Rust (50).jpg,Common_Rust,1898,1,0.873
Common_Rust\Corn_Common_Rust (500).JPG,Common_Rust,1899,1,0.9318
Common_Rust\Corn_Common_Rust (501).JPG,Common_Rust,1900,1,0.899
Common_Rust\Corn_Common_Rust (502).JPG,Common_Rust,1901,1,0.9288
Common_Rust\Corn_Common_Rust (503).JPG,Common_Rust,1902,1,0.9264
Common_Rust\Corn_Common_Rust (504).JPG,Common_Rust,1903,1,0.9291
Common_Rust\Corn_Common_Rust (505).JPG,Common_Rust,1904,1,0.9074
Common_Rust\Corn_Common_Rust (506).JPG,Common_Rust,1905,1,0.9034
Common_Rust\Corn_Common_Rust (507).JPG,Common_Rust,1906,1,0.9322
Common_Rust\Corn_Common_Rust (508).JPG,Common_Rust,1907,1,0.8704
Common_Rust\Corn_Common_Rust (509).JPG,Common_Rust,1908,1,0.8665
Common_Rust\Corn_Common_Rust (51).jpg,Common_Rust,1909,1,0.8983
Common_Rust\Corn_Common_Rust (510).JPG,Common_Rust,1910,1,0.9137
Common_Rust\Corn_Common_Rust (511).JPG,Common_Rust,1911,1,0.9121
Common_Rust\Corn_Common_Rust (512).JPG,Common_Rust,1912,1,0.9344
Common_Rust\Corn_Common_Rust (513).JPG,Common_Rust,1913,1,0.8666
Common_Rust\Corn_Common_Rust (514).JPG,Common_Rust,1914,1,0.9088
Common_Rust\Corn_Common_Rust (515).JPG,Common_Rust,1915,1,0.8497
Common_Rust\Corn_Common_Rust (516).JPG,Common_Rust,1916,1,0.9217
Common_Rust\Corn_Common_Rust (517).JPG,Common_Rust,1917,1,0.9304
Common_Rust\Corn_Common_Rust (518).JPG,Common_Rust,1918,1,0.9344
Common_Rust\Corn_Common_Rust (519).JPG,Common_Rust,1919,1,0.907
Common_Rust\Corn_Common_Rust (52).jpg,Common_Rust,1920,1,0.6662
Common_Rust\Corn_Common_Rust (520).JPG,Common_Rust,1921,1,0.8636
Common_Rust\Corn_Common_Rust (521).JPG,Common_Rust,1922,1,0.9407
Common_Rust\Corn_Common_Rust (522).JPG,Common_Rust,1923,1,0.9329
Common_Rust\Corn_Common_Rust (523).JPG,Common_Rust,1924,1,0.8793
Common_Rust\Corn_Common_Rust (524).JPG,Common_Rust,1925,1,0.9273
Common_Rust\Corn_Common_Rust (525).JPG,Common_Rust,1926,1,0.9067
Common_Rust\Corn_Common_Rust (526).JPG,Common_Rust,1927,1,0.9164
Common_Rust\Corn_Common_Rust (527).JPG,Common_Rust,1928,1,0.9209
Common_Rust\Corn_Common_Rust (528).JPG,Common_Rust,1929,1,0.7337
Common_Rust\Corn_Common_Rust (529).JPG,Common_Rust,1930,1,0.8788
Common_Rust\Corn_Common_Rust (53).jpg,Common_Rust,1931,2,0.9897
Common_Rust\Corn_Common_Rust (530).JPG,Common_Rust,1932,1,0.8726
Common_Rust\Corn_Common_Rust (531).JPG,Common_Rust,1933,1,0.9073
Common_Rust\Corn_Common_Rust (532).JPG,Common_Rust,1934,1,0.9296
Common_Rust\Corn_Common_Rust (533).JPG,Common_Rust,1935,1,0.8773
Common_Rust\Corn_Common_Rust (534).JPG,Common_Rust,1936,1,0.8723
Common_Rust\Corn_Common_Rust (535).JPG,Common_Rust,1937,1,0.9031
Common_Rust\Corn_Common_Rust (536).JPG,Common_Rust,1938,1,0.9088
Common_Rust\Corn_Common_Rust (537).JPG,Common_Rust,1939,1,0.9287
Common_Rust\Corn_Common_Rust (538).JPG,Common_Rust,1940,1,0.9135
Common_Rust\Corn_Common_Rust (539).JPG,Common_Rust,1941,1,0.8547
Common_Rust\Corn_Common_Rust (54).jpg,Common_Rust,1942,2,0.9775
Common_Rust\Corn_Common_Rust (540).JPG,Common_Rust,1943,1,0.9074
Common_Rust\Corn_Common_Rust (541).JPG,Common_Rust,1944,1,0.9042
Common_Rust\Corn_Common_Rust (542).JPG,Common_Rust,1945,1,0.9426
Common_Rust\Corn_Common_Rust (543).JPG,Common_Rust,1946,1,0.9426
Common_Rust\Corn_Common_Rust (544).JPG,Common_Rust,1947,1,0.9057
Common_Rust\Corn_Common_Rust (545).JPG,Common_Rust,1948,1,0.9007
Common_Rust\Corn_Common_Rust (546).JPG,Common_Rust,1949,1,0.9161
Common_Rust\Corn_Common_Rust (547).JPG,Common_Rust,1950,1,0.8884
Common_Rust\Corn_Common_Rust (548).JPG,Common_Rust,1951,1,0.8769
Common_Rust\Corn_Common_Rust (549).JPG,Common_Rust,1952,1,0.8307
Common_Rust\Corn_Common_Rust (55).jpg,Common_Rust,1953,1,0.8775
Common_Rust\Corn_Common_Rust (550).JPG,Common_Rust,1954,1,0.8594
Common_Rust\Corn_Common_Rust (551).JPG,Common_Rust,1955,1,0.9271
Common_Rust\Corn_Common_Rust (552).JPG,Common_Rust,1956,1,0.9006
Common_Rust\Corn_Common_Rust (553).JPG,Common_Rust,1957,1,0.915
Common_Rust\Corn_Common_Rust (554).JPG,Common_Rust,1958,1,0.8984
Common_Rust\Corn_Common_Rust (555).JPG,Common_Rust,1959,1,0.8426
Common_Rust\Corn_Common_Rust (556).JPG,Common_Rust,1960,1,0.9016
Common_Rust\Corn_Common_Rust (557).JPG,Common_Rust,1961,1,0.9114
Common_Rust\Corn_Common_Rust (558).JPG,Common_Rust,1962,1,0.8869
Common_Rust\Corn_Common_Rust (559).JPG,Common_Rust,1963,1,0.9373
Common_Rust\Corn_Common_Rust (56).jpg,Common_Rust,1964,1,0.8961
Common_Rust\Corn_Common_Rust (560).JPG,Common_Rust,1965,1,0.9356
Common_Rust\Corn_Common_Rust (561).JPG,Common_Rust,1966,1,0.9331
Common_Rust\Corn_Common_Rust (562).JPG,Common_Rust,1967,1,0.9271
Common_Rust\Corn_Common_Rust (563).JPG,Common_Rust,1968,1,0.8901
Common_Rust\Corn_Common_Rust (564).JPG,Common_Rust,1969,1,0.841
Common_Rust\Corn_Common_Rust (565).JPG,Common_Rust,1970,1,0.8019
Common_Rust\Corn_Common_Rust (566).JPG,Common_Rust,1971,1,0.9153
Common_Rust\Corn_Common_Rust (567).JPG,Common_Rust,1972,1,0.9254
Common_Rust\Corn_Common_Rust (568).JPG,Common_Rust,1973,1,0.8196
Common_Rust\Corn_Common_Rust (569).JPG,Common_Rust,1974,1,0.9165
Common_Rust\Corn_Common_Rust (57).jpg,Common_Rust,1975,1,0.9141
Common_Rust\Corn_Common_Rust (570).JPG,Common_Rust,1976,1,0.9094
Common_Rust\Corn_Common_Rust (571).JPG,Common_Rust,1977,1,0.9295
Common_Rust\Corn_Common_Rust (572).JPG,Common_Rust,1978,1,0.934
Common_Rust\Corn_Common_Rust (573).JPG,Common_Rust,1979,1,0.9283
Common_Rust\Corn_Common_Rust (574).JPG,Common_Rust,1980,1,0.8431
Common_Rust\Corn_Common_Rust (575).JPG,Common_Rust,1981,1,0.9213
Common_Rust\Corn_Common_Rust (576).JPG,Common_Rust,1982,1,0.8895
Common_Rust\Corn_Common_Rust (577).JPG,Common_Rust,1983,1,0.8955
Common_Rust\Corn_Common_Rust (578).JPG,Common_Rust,1984,1,0.8922
Common_Rust\Corn_Common_Rust (579).JPG,Common_Rust,1985,1,0.9332
Common_Rust\Corn_Common_Rust (58).jpg,Common_Rust,1986,1,0.7448
Common_Rust\Corn_Common_Rust (580).JPG,Common_Rust,1987,1,0.934
Common_Rust\Corn_Common_Rust (581).JPG,Common_Rust,1988,1,0.9407
Common_Rust\Corn_Common_Rust (582).JPG,Common_Rust,1989,1,0.916
Common_Rust\Corn_Common_Rust (583).JPG,Common_Rust,1990,1,0.9193
Common_Rust\Corn_Common_Rust (584).JPG,Common_Rust,1991,1,0.9255
Common_Rust\Corn_Common_Rust (585).JPG,Common_Rust,1992,1,0.9286
Common_Rust\Corn_Common_Rust (586).JPG,Common_Rust,1993,1,0.9052
Common_Rust\Corn_Common_Rust (587).JPG,Common_Rust,1994,1,0.9354
Common_Rust\Corn_Common_Rust (588).JPG,Common_Rust,1995,1,0.9085
Common_Rust\Corn_Common_Rust (589).JPG,Common_Rust,1996,1,0.926
Common_Rust\Corn_Common_Rust (59).jpg,Common_Rust,1997,1,0.8749
Common_Rust\Corn_Common_Rust (590).JPG,Common_Rust,1998,1,0.9172
Common_Rust\Corn_Common_Rust (591).JPG,Common_Rust,1999,1,0.8927
Common_Rust\Corn_Common_Rust (592).JPG,Common_Rust,2000,1,0.9152
Common_Rust\Corn_Common_Rust (593).JPG,Common_Rust,2001,1,0.9287
Common_Rust\Corn_Common_Rust (594).JPG,Common_Rust,2002,1,0.9173
Common_Rust\Corn_Common_Rust (595).JPG,Common_Rust,2003,1,0.9425
Common_Rust\Corn_Common_Rust (596).JPG,Common_Rust,2004,1,0.9284
Common_Rust\Corn_Common_Rust (597).JPG,Common_Rust,2005,1,0.8955
Common_Rust\Corn_Common_Rust (598).JPG,Common_Rust,2006,1,0.8807
Common_Rust\Corn_Common_Rust (599).JPG,Common_Rust,2007,1,0.9071
Common_Rust\Corn_Common_Rust (6).jpg,Common_Rust,2008,1,0.7572
Common_Rust\Corn_Common_Rust (60).jpg,Common_Rust,2009,1,0.8731
Common_Rust\Corn_Common_Rust (600).JPG,Common_Rust,2010,1,0.8935
Common_Rust\Corn_Common_Rust (601).JPG,Common_Rust,2011,1,0.7994
Common_Rust\Corn_Common_Rust (602).JPG,Common_Rust,2012,1,0.8208
Common_Rust\Corn_Common_Rust (603).JPG,Common_Rust,2013,1,0.7817
Common_Rust\Corn_Common_Rust (604).JPG,Common_Rust,2014,1,0.8628
Common_Rust\Corn_Common_Rust (605).JPG,Common_Rust,2015,1,0.8599
Common_Rust\Corn_Common_Rust (606).JPG,Common_Rust,2016,1,0.8701
Common_Rust\Corn_Common_Rust (607).JPG,Common_Rust,2017,1,0.8276
Common_Rust\Corn_Common_Rust (608).JPG,Common_Rust,2018,1,0.92
Common_Rust\Corn_Common_Rust (609).JPG,Common_Rust,2261,2,0.9536
Common_Rust\Corn_Common_Rust (61).jpg,Common_Rust,2020,1,0.7982
Common_Rust\Corn_Common_Rust (610).JPG,Common_Rust,2021,1,0.9116
Common_Rust\Corn_Common_Rust (611).JPG,Common_Rust,2022,1,0.9368
Common_Rust\Corn_Common_Rust (612).JPG,Common_Rust,2023,1,0.9259
Common_Rust\Corn_Common_Rust (613).JPG,Common_Rust,2024,1,0.9114
Common_Rust\Corn_Common_Rust (614).JPG,Common_Rust,2025,1,0.9169
Common_Rust\Corn_Common_Rust (615).JPG,Common_Rust,2026,1,0.9101
Common_Rust\Corn_Common_Rust (616).JPG,Common_Rust,2027,1,0.921
Common_Rust\Corn_Common_Rust (617).JPG,Common_Rust,2028,1,0.9264
Common_Rust\Corn_Common_Rust (618).JPG,Common_Rust,2029,1,0.9101
Common_Rust\Corn_Common_Rust (619).JPG,Common_Rust,2030,1,0.9322
Common_Rust\Corn_Common_Rust (62).jpg,Common_Rust,2031,1,0.9165
Common_Rust\Corn_Common_Rust (620).JPG,Common_Rust,2032,1,0.9292
Common_Rust\Corn_Common_Rust (621).JPG,Common_Rust,2033,1,0.919
Common_Rust\Corn_Common_Rust (622).JPG,Common_Rust,2034,1,0.8853
Common_Rust\Corn_Common_Rust (623).JPG,Common_Rust,2035,1,0.8976
Common_Rust\Corn_Common_Rust (624).JPG,Common_Rust,2036,1,0.9268
Common_Rust\Corn_Common_Rust (625).JPG,Common_Rust,2037,1,0.9449
Common_Rust\Corn_Common_Rust (626).JPG,Common_Rust,2038,1,0.93
Common_Rust\Corn_Common_Rust (627).JPG,Common_Rust,2039,1,0.8776
Common_Rust\Corn_Common_Rust (628).JPG,Common_Rust,2040,1,0.8458
Common_Rust\Corn_Common_Rust (629).JPG,Common_Rust,2041,1,0.9165
Common_Rust\Corn_Common_Rust (63).jpg,Common_Rust,2042,1,0.881
Common_Rust\Corn_Common_Rust (630).JPG,Common_Rust,2043,1,0.8738
Common_Rust\Corn_Common_Rust (631).JPG,Common_Rust,2044,1,0.9368
Common_Rust\Corn_Common_Rust (632).JPG,Common_Rust,2045,1,0.9072
Common_Rust\Corn_Common_Rust (633).JPG,Common_Rust,2046,1,0.816
Common_Rust\Corn_Common_Rust (634).JPG,Common_Rust,2047,1,0.9112
Common_Rust\Corn_Common_Rust (635).JPG,Common_Rust,2048,1,0.9143
Common_Rust\Corn_Common_Rust (636).JPG,Common_Rust,2049,1,0.9153
Common_Rust\Corn_Common_Rust (637).JPG,Common_Rust,2050,1,0.9321
Common_Rust\Corn_Common_Rust (638).JPG,Common_Rust,2051,1,0.9395
Common_Rust\Corn_Common_Rust (639).JPG,Common_Rust,2052,1,0.8876
Common_Rust\Corn_Common_Rust (64).jpg,Common_Rust,2053,1,0.7972
Common_Rust\Corn_Common_Rust (640).JPG,Common_Rust,2054,1,0.9301
Common_Rust\Corn_Common_Rust (641).JPG,Common_Rust,2055,1,0.8497
Common_Rust\Corn_Common_Rust (642).JPG,Common_Rust,2056,1,0.9166
Common_Rust\Corn_Common_Rust (643).JPG,Common_Rust,2057,1,0.9149
Common_Rust\Corn_Common_Rust (644).JPG,Common_Rust,2058,1,0.9122
Common_Rust\Corn_Common_Rust (645).JPG,Common_Rust,2059,1,0.8882
Common_Rust\Corn_Common_Rust (646).JPG,Common_Rust,2060,1,0.9267
Common_Rust\Corn_Common_Rust (647).JPG,Common_Rust,2061,1,0.8549
Common_Rust\Corn_Common_Rust (648).JPG,Common_Rust,2062,1,0.867
Common_Rust\Corn_Common_Rust (649).JPG,Common_Rust,2063,1,0.9192
Common_Rust\Corn_Common_Rust (65).jpg,Common_Rust,2064,1,0.8798
Common_Rust\Corn_Common_Rust (650).JPG,Common_Rust,2065,1,0.9205
Common_Rust\Corn_Common_Rust (651).JPG,Common_Rust,2066,1,0.8613
Common_Rust\Corn_Common_Rust (652).JPG,Common_Rust,2067,1,0.8224
Common_Rust\Corn_Common_Rust (653).JPG,Common_Rust,2068,1,0.9174
Common_Rust\Corn_Common_Rust (654).JPG,Common_Rust,2069,1,0.9146
Common_Rust\Corn_Common_Rust (655).JPG,Common_Rust,2070,1,0.9102
Common_Rust\Corn_Common_Rust (656).JPG,Common_Rust,2071,1,0.9085
Common_Rust\Corn_Common_Rust (657).JPG,Common_Rust,2072,1,0.8821
Common_Rust\Corn_Common_Rust (658).JPG,Common_Rust,2073,1,0.8975
Common_Rust\Corn_Common_Rust (659).JPG,Common_Rust,2074,1,0.9354
Common_Rust\Corn_Common_Rust (66).jpg,Common_Rust,2075,1,0.831
Common_Rust\Corn_Common_Rust (660).JPG,Common_Rust,2076,1,0.9226
Common_Rust\Corn_Common_Rust (661).JPG,Common_Rust,2077,1,0.8734
Common_Rust\Corn_Common_Rust (662).JPG,Common_Rust,2078,1,0.8935
Common_Rust\Corn_Common_Rust (663).JPG,Common_Rust,2079,1,0.9232
Common_Rust\Corn_Common_Rust (664).JPG,Common_Rust,2080,1,0.8638
Common_Rust\Corn_Common_Rust (665).JPG,Common_Rust,2081,1,0.9083
Common_Rust\Corn_Common_Rust (666).JPG,Common_Rust,2082,1,0.8368
Common_Rust\Corn_Common_Rust (667).JPG,Common_Rust,2083,1,0.9261
Common_Rust\Corn_Common_Rust (668).JPG,Common_Rust,2084,1,0.8544
Common_Rust\Corn_Common_Rust (669).JPG,Common_Rust,2085,1,0.8974
Common_Rust\Corn_Common_Rust (67).jpg,Common_Rust,2086,1,0.8317
Common_Rust\Corn_Common_Rust (670).JPG,Common_Rust,2087,1,0.8796
Common_Rust\Corn_Common_Rust (671).JPG,Common_Rust,2088,1,0.925
Common_Rust\Corn_Common_Rust (672).JPG,Common_Rust,2089,1,0.9099
Common_Rust\Corn_Common_Rust (673).JPG,Common_Rust,2090,1,0.9214
Common_Rust\Corn_Common_Rust (674).JPG,Common_Rust,2091,1,0.8815
Common_Rust\Corn_Common_Rust (675).JPG,Common_Rust,2092,1,0.8668
Common_Rust\Corn_Common_Rust (676).JPG,Common_Rust,2093,1,0.9099
Common_Rust\Corn_Common_Rust (677).JPG,Common_Rust,2094,1,0.8831
Common_Rust\Corn_Common_Rust (678).JPG,Common_Rust,2095,1,0.9231
Common_Rust\Corn_Common_Rust (679).JPG,Common_Rust,2096,1,0.8822
Common_Rust\Corn_Common_Rust (68).jpg,Common_Rust,2097,1,0.7733
Common_Rust\Corn_Common_Rust (680).JPG,Common_Rust,2098,1,0.8175
Common_Rust\Corn_Common_Rust (681).JPG,Common_Rust,2099,1,0.9459
Common_Rust\Corn_Common_Rust (682).JPG,Common_Rust,2100,1,0.917
Common_Rust\Corn_Common_Rust (683).JPG,Common_Rust,2101,1,0.9368
Common_Rust\Corn_Common_Rust (684).JPG,Common_Rust,2102,1,0.9329
Common_Rust\Corn_Common_Rust (685).JPG,Common_Rust,2103,1,0.9275
Common_Rust\Corn_Common_Rust (686).JPG,Common_Rust,2104,1,0.8847
Common_Rust\Corn_Common_Rust (687).JPG,Common_Rust,2105,1,0.9077
Common_Rust\Corn_Common_Rust (688).JPG,Common_Rust,2106,1,0.8794
Common_Rust\Corn_Common_Rust (689).JPG,Common_Rust,2107,1,0.833
Common_Rust\Corn_Common_Rust (69).jpg,Common_Rust,2108,1,0.8012
Common_Rust\Corn_Common_Rust (690).JPG,Common_Rust,2109,1,0.8189
Common_Rust\Corn_Common_Rust (691).JPG,Common_Rust,2110,1,0.9143
Common_Rust\Corn_Common_Rust (692).JPG,Common_Rust,2111,1,0.8462
Common_Rust\Corn_Common_Rust (693).JPG,Common_Rust,2112,1,0.9214
Common_Rust\Corn_Common_Rust (694).JPG,Common_Rust,2113,1,0.9073
Common_Rust\Corn_Common_Rust (695).JPG,Common_Rust,2114,1,0.9391
Common_Rust\Corn_Common_Rust (696).JPG,Common_Rust,2115,1,0.9088
Common_Rust\Corn_Common_Rust (697).JPG,Common_Rust,2116,1,0.923
Common_Rust\Corn_Common_Rust (698).JPG,Common_Rust,2117,1,0.9321
Common_Rust\Corn_Common_Rust (699).JPG,Common_Rust,2118,1,0.897
Common_Rust\Corn_Common_Rust (7).jpg,Common_Rust,2119,1,0.8229
Common_Rust\Corn_Common_Rust (70).jpg,Common_Rust,2120,1,0.8817
Common_Rust\Corn_Common_Rust (700).JPG,Common_Rust,2121,1,0.9309
Common_Rust\Corn_Common_Rust (701).JPG,Common_Rust,2122,1,0.8849
Common_Rust\Corn_Common_Rust (702).JPG,Common_Rust,2123,1,0.9322
Common_Rust\Corn_Common_Rust (703).JPG,Common_Rust,2124,1,0.9003
Common_Rust\Corn_Common_Rust (704).JPG,Common_Rust,2125,1,0.8888
Common_Rust\Corn_Common_Rust (705).JPG,Common_Rust,2126,1,0.9098
Common_Rust\Corn_Common_Rust (706).JPG,Common_Rust,2127,1,0.9225
Common_Rust\Corn_Common_Rust (707).JPG,Common_Rust,2128,1,0.9229
Common_Rust\Corn_Common_Rust (708).JPG,Common_Rust,2129,1,0.9218
Common_Rust\Corn_Common_Rust (709).JPG,Common_Rust,2130,1,0.8912
Common_Rust\Corn_Common_Rust (71).jpg,Common_Rust,2131,1,0.7982
Common_Rust\Corn_Common_Rust (710).JPG,Common_Rust,2132,1,0.813
Common_Rust\Corn_Common_Rust (711).JPG,Common_Rust,2133,1,0.9424
Common_Rust\Corn_Common_Rust (712).JPG,Common_Rust,2134,1,0.894
Common_Rust\Corn_Common_Rust (713).JPG,Common_Rust,2135,1,0.9056
Common_Rust\Corn_Common_Rust (714).JPG,Common_Rust,2136,1,0.8892
Common_Rust\Corn_Common_Rust (715).JPG,Common_Rust,2137,1,0.8442
Common_Rust\Corn_Common_Rust (716).JPG,Common_Rust,2138,1,0.8643
Common_Rust\Corn_Common_Rust (717).JPG,Common_Rust,2139,1,0.8702
Common_Rust\Corn_Common_Rust (718).JPG,Common_Rust,2140,1,0.8767
Common_Rust\Corn_Common_Rust (719).JPG,Common_Rust,2141,1,0.9425
Common_Rust\Corn_Common_Rust (72).JPG,Common_Rust,2142,1,0.9342
Common_Rust\Corn_Common_Rust (720).JPG,Common_Rust,2143,1,0.9261
Common_Rust\Corn_Common_Rust (721).JPG,Common_Rust,2144,1,0.9101
Common_Rust\Corn_Common_Rust (722).JPG,Common_Rust,2145,1,0.8446
Common_Rust\Corn_Common_Rust (723).JPG,Common_Rust,2146,1,0.9027
Common_Rust\Corn_Common_Rust (724).JPG,Common_Rust,2147,1,0.9086
Common_Rust\Corn_Common_Rust (725).JPG,Common_Rust,2148,1,0.9129
Common_Rust\Corn_Common_Rust (726).JPG,Common_Rust,2149,1,0.839
Common_Rust\Corn_Common_Rust (727).JPG,Common_Rust,2150,1,0.8746
Common_Rust\Corn_Common_Rust (728).JPG,Common_Rust,2151,1,0.9179
Common_Rust\Corn_Common_Rust (729).JPG,Common_Rust,2152,1,0.9238
Common_Rust\Corn_Common_Rust (73).JPG,Common_Rust,2153,1,0.9342
Common_Rust\Corn_Common_Rust (730).JPG,Common_Rust,2154,1,0.9057
Common_Rust\Corn_Common_Rust (731).JPG,Common_Rust,2155,1,0.9039
Common_Rust\Corn_Common_Rust (732).JPG,Common_Rust,2156,1,0.9157
Common_Rust\Corn_Common_Rust (733).JPG,Common_Rust,2157,1,0.9096
Common_Rust\Corn_Common_Rust (734).JPG,Common_Rust,2158,1,0.913
Common_Rust\Corn_Common_Rust (735).JPG,Common_Rust,2159,1,0.923
Common_Rust\Corn_Common_Rust (736).JPG,Common_Rust,2160,1,0.8828
Common_Rust\Corn_Common_Rust (737).JPG,Common_Rust,2161,1,0.8108
Common_Rust\Corn_Common_Rust (738).JPG,Common_Rust,2162,1,0.9168
Common_Rust\Corn_Common_Rust (739).JPG,Common_Rust,2165,2,0.9501
Common_Rust\Corn_Common_Rust (74).JPG,Common_Rust,2164,1,0.8856
Common_Rust\Corn_Common_Rust (740).JPG,Common_Rust,2165,2,0.9501
Common_Rust\Corn_Common_Rust (741).JPG,Common_Rust,2166,1,0.9067
Common_Rust\Corn_Common_Rust (742).JPG,Common_Rust,2167,1,0.9395
Common_Rust\Corn_Common_Rust (743).JPG,Common_Rust,2168,1,0.9244
Common_Rust\Corn_Common_Rust (744).JPG,Common_Rust,2169,1,0.8754
Common_Rust\Corn_Common_Rust (745).JPG,Common_Rust,2170,1,0.8818
Common_Rust\Corn_Common_Rust (746).JPG,Common_Rust,2171,1,0.882
Common_Rust\Corn_Common_Rust (747).JPG,Common_Rust,2172,1,0.8923
Common_Rust\Corn_Common_Rust (748).JPG,Common_Rust,2173,1,0.8863
Common_Rust\Corn_Common_Rust (749).JPG,Common_Rust,2174,1,0.8723
Common_Rust\Corn_Common_Rust (75).JPG,Common_Rust,2175,1,0.9316
Common_Rust\Corn_Common_Rust (750).JPG,Common_Rust,2176,1,0.8777
Common_Rust\Corn_Common_Rust (751).JPG,Common_Rust,2177,1,0.9189
Common_Rust\Corn_Common_Rust (752).JPG,Common_Rust,2178,1,0.9243
Common_Rust\Corn_Common_Rust (753).JPG,Common_Rust,2179,1,0.9302
Common_Rust\Corn_Common_Rust (754).JPG,Common_Rust,2180,1,0.9224
Common_Rust\Corn_Common_Rust (755).JPG,Common_Rust,2181,1,0.8648
Common_Rust\Corn_Common_Rust (756).JPG,Common_Rust,2182,1,0.9356
Common_Rust\Corn_Common_Rust (757).JPG,Common_Rust,2183,1,0.9373
Common_Rust\Corn_Common_Rust (758).JPG,Common_Rust,2184,1,0.9243
Common_Rust\Corn_Common_Rust (759).JPG,Common_Rust,2185,1,0.9302
Common_Rust\Corn_Common_Rust (76).JPG,Common_Rust,2186,1,0.8868
Common_Rust\Corn_Common_Rust (760).JPG,Common_Rust,2187,1,0.9224
Common_Rust\Corn_Common_Rust (761).JPG,Common_Rust,2188,1,0.8811
Common_Rust\Corn_Common_Rust (762).JPG,Common_Rust,2189,1,0.8551
Common_Rust\Corn_Common_Rust (763).JPG,Common_Rust,2190,1,0.906
Common_Rust\Corn_Common_Rust (764).JPG,Common_Rust,2191,1,0.8886
Common_Rust\Corn_Common_Rust (765).JPG,Common_Rust,2192,1,0.8296
Common_Rust\Corn_Common_Rust (766).JPG,Common_Rust,2193,1,0.8764
Common_Rust\Corn_Common_Rust (767).JPG,Common_Rust,2194,1,0.8982
Common_Rust\Corn_Common_Rust (768).JPG,Common_Rust,2195,1,0.8906
Common_Rust\Corn_Common_Rust (769).JPG,Common_Rust,2196,1,0.9262
Common_Rust\Corn_Common_Rust (77).JPG,Common_Rust,2197,1,0.9018
Common_Rust\Corn_Common_Rust (770).JPG,Common_Rust,2198,1,0.9172
Common_Rust\Corn_Common_Rust (771).JPG,Common_Rust,2199,1,0.8876
Common_Rust\Corn_Common_Rust (772).JPG,Common_Rust,2200,1,0.9216
Common_Rust\Corn_Common_Rust (773).JPG,Common_Rust,2201,1,0.9286
Common_Rust\Corn_Common_Rust (774).JPG,Common_Rust,2202,1,0.8948
Common_Rust\Corn_Common_Rust (775).JPG,Common_Rust,2203,1,0.8781
Common_Rust\Corn_Common_Rust (776).JPG,Common_Rust,2204,1,0.9212
Common_Rust\Corn_Common_Rust (777).JPG,Common_Rust,2205,1,0.9172
Common_Rust\Corn_Common_Rust (778).JPG,Common_Rust,2206,1,0.9041
Common_Rust\Corn_Common_Rust (779).JPG,Common_Rust,2207,1,0.9081
Common_Rust\Corn_Common_Rust (78).JPG,Common_Rust,2208,1,0.9108
Common_Rust\Corn_Common_Rust (780).JPG,Common_Rust,2209,1,0.9288
Common_Rust\Corn_Common_Rust (781).JPG,Common_Rust,2210,1,0.9306
Common_Rust\Corn_Common_Rust (782).JPG,Common_Rust,2211,1,0.9024
Common_Rust\Corn_Common_Rust (783).JPG,Common_Rust,2212,1,0.903
Common_Rust\Corn_Common_Rust (784).JPG,Common_Rust,2213,1,0.9067
Common_Rust\Corn_Common_Rust (785).JPG,Common_Rust,2214,1,0.9265
Common_Rust\Corn_Common_Rust (786).JPG,Common_Rust,2215,1,0.8995
Common_Rust\Corn_Common_Rust (787).JPG,Common_Rust,2216,1,0.9057
Common_Rust\Corn_Common_Rust (788).JPG,Common_Rust,2217,1,0.9142
Common_Rust\Corn_Common_Rust (789).JPG,Common_Rust,2218,1,0.8694
Common_Rust\Corn_Common_Rust (79).JPG,Common_Rust,2219,1,0.8857
Common_Rust\Corn_Common_Rust (790).JPG,Common_Rust,2220,1,0.9262
Common_Rust\Corn_Common_Rust (791).JPG,Common_Rust,2221,1,0.8912
Common_Rust\Corn_Common_Rust (792).JPG,Common_Rust,2222,1,0.8916
Common_Rust\Corn_Common_Rust (793).JPG,Common_Rust,2223,1,0.9074
Common_Rust\Corn_Common_Rust (794).JPG,Common_Rust,2224,1,0.9416
Common_Rust\Corn_Common_Rust (795).JPG,Common_Rust,2225,1,0.9099
Common_Rust\Corn_Common_Rust (796).JPG,Common_Rust,2226,1,0.9024
Common_Rust\Corn_Common_Rust (797).JPG,Common_Rust,2227,1,0.8796
Common_Rust\Corn_Common_Rust (798).JPG,Common_Rust,2228,1,0.9095
Common_Rust\Corn_Common_Rust (799).JPG,Common_Rust,2229,1,0.8774
Common_Rust\Corn_Common_Rust (8).jpg,Common_Rust,2230,1,0.8371
Common_Rust\Corn_Common_Rust (80).JPG,Common_Rust,2231,1,0.8824
Common_Rust\Corn_Common_Rust (800).JPG,Common_Rust,2232,1,0.8602
Common_Rust\Corn_Common_Rust (801).JPG,Common_Rust,2233,1,0.9138
Common_Rust\Corn_Common_Rust (802).JPG,Common_Rust,2234,1,0.8995
Common_Rust\Corn_Common_Rust (803).JPG,Common_Rust,2235,1,0.9398
Common_Rust\Corn_Common_Rust (804).JPG,Common_Rust,2236,1,0.9102
Common_Rust\Corn_Common_Rust (805).JPG,Common_Rust,2237,1,0.8827
Common_Rust\Corn_Common_Rust (806).JPG,Common_Rust,2238,1,0.8109
Common_Rust\Corn_Common_Rust (807).JPG,Common_Rust,2239,1,0.9205
Common_Rust\Corn_Common_Rust (808).JPG,Common_Rust,2240,1,0.9068
Common_Rust\Corn_Common_Rust (809).JPG,Common_Rust,2241,1,0.9126
Common_Rust\Corn_Common_Rust (81).JPG,Common_Rust,2242,1,0.8692
Common_Rust\Corn_Common_Rust (810).JPG,Common_Rust,2243,1,0.8109
Common_Rust\Corn_Common_Rust (811).JPG,Common_Rust,2244,1,0.8995
Common_Rust\Corn_Common_Rust (812).JPG,Common_Rust,2245,1,0.8781
Common_Rust\Corn_Common_Rust (813).JPG,Common_Rust,2246,1,0.9112
Common_Rust\Corn_Common_Rust (814).JPG,Common_Rust,2247,1,0.8957
Common_Rust\Corn_Common_Rust (815).JPG,Common_Rust,2248,1,0.7991
Common_Rust\Corn_Common_Rust (816).JPG,Common_Rust,2249,1,0.8823
Common_Rust\Corn_Common_Rust (817).JPG,Common_Rust,2250,1,0.9117
Common_Rust\Corn_Common_Rust (818).JPG,Common_Rust,2251,1,0.9233
Common_Rust\Corn_Common_Rust (819).JPG,Common_Rust,2252,1,0.9028
Common_Rust\Corn_Common_Rust (82).JPG,Common_Rust,2253,1,0.9361
Common_Rust\Corn_Common_Rust (820).JPG,Common_Rust,2254,1,0.9259
Common_Rust\Corn_Common_Rust (821).JPG,Common_Rust,2255,1,0.9424
Common_Rust\Corn_Common_Rust (822).JPG,Common_Rust,2256,1,0.8958
Common_Rust\Corn_Common_Rust (823).JPG,Common_Rust,2257,1,0.9071
Common_Rust\Corn_Common_Rust (824).JPG,Common_Rust,2258,1,0.8902
Common_Rust\Corn_Common_Rust (825).JPG,Common_Rust,2259,1,0.9018
Common_Rust\Corn_Common_Rust (826).JPG,Common_Rust,2260,1,0.9299
Common_Rust\Corn_Common_Rust (827).JPG,Common_Rust,2261,2,0.9536
Common_Rust\Corn_Common_Rust (828).JPG,Common_Rust,2262,1,0.9134
Common_Rust\Corn_Common_Rust (829).JPG,Common_Rust,2263,1,0.9453
Common_Rust\Corn_Common_Rust (83).JPG,Common_Rust,2264,1,0.9265
Common_Rust\Corn_Common_Rust (830).JPG,Common_Rust,2265,1,0.9269
Common_Rust\Corn_Common_Rust (831).JPG,Common_Rust,2266,1,0.895
Common_Rust\Corn_Common_Rust (832).JPG,Common_Rust,2267,1,0.8668
Common_Rust\Corn_Common_Rust (833).JPG,Common_Rust,2268,1,0.8743
Common_Rust\Corn_Common_Rust (834).JPG,Common_Rust,2269,1,0.9013
Common_Rust\Corn_Common_Rust (835).JPG,Common_Rust,2270,1,0.9086
Common_Rust\Corn_Common_Rust (836).JPG,Common_Rust,2271,1,0.868
Common_Rust\Corn_Common_Rust (837).JPG,Common_Rust,2272,1,0.8989
Common_Rust\Corn_Common_Rust (838).JPG,Common_Rust,2273,1,0.9092
Common_Rust\Corn_Common_Rust (839).JPG,Common_Rust,2274,1,0.9063
Common_Rust\Corn_Common_Rust (84).JPG,Common_Rust,2275,1,0.9241
Common_Rust\Corn_Common_Rust (840).JPG,Common_Rust,2276,1,0.9108
Common_Rust\Corn_Common_Rust (841).JPG,Common_Rust,2277,1,0.8958
Common_Rust\Corn_Common_Rust (842).JPG,Common_Rust,2278,1,0.8981
Common_Rust\Corn_Common_Rust (843).JPG,Common_Rust,2279,1,0.9211
Common_Rust\Corn_Common_Rust (844).JPG,Common_Rust,2280,1,0.8656
Common_Rust\Corn_Common_Rust (845).JPG,Common_Rust,2281,1,0.9249
Common_Rust\Corn_Common_Rust (846).JPG,Common_Rust,2282,2,0.9503
Common_Rust\Corn_Common_Rust (847).JPG,Common_Rust,2283,1,0.9022
Common_Rust\Corn_Common_Rust (848).JPG,Common_Rust,2284,1,0.9085
Common_Rust\Corn_Common_Rust (849).JPG,Common_Rust,2285,1,0.9282
Common_Rust\Corn_Common_Rust (85).JPG,Common_Rust,2286,1,0.9185
Common_Rust\Corn_Common_Rust (850).JPG,Common_Rust,2287,1,0.9282
Common_Rust\Corn_Common_Rust (851).JPG,Common_Rust,2288,1,0.9302
Common_Rust\Corn_Common_Rust (852).JPG,Common_Rust,2289,1,0.9302
Common_Rust\Corn_Common_Rust (853).JPG,Common_Rust,2290,1,0.8324
Common_Rust\Corn_Common_Rust (854).JPG,Common_Rust,2291,1,0.8924
Common_Rust\Corn_Common_Rust (855).JPG,Common_Rust,2292,1,0.9174
Common_Rust\Corn_Common_Rust (856).JPG,Common_Rust,2293,1,0.9001
Common_Rust\Corn_Common_Rust (857).JPG,Common_Rust,2294,1,0.8333
Common_Rust\Corn_Common_Rust (858).JPG,Common_Rust,2295,1,0.9195
Common_Rust\Corn_Common_Rust (859).JPG,Common_Rust,2296,1,0.8508
Common_Rust\Corn_Common_Rust (86).JPG,Common_Rust,2297,1,0.8958
Common_Rust\Corn_Common_Rust (860).JPG,Common_Rust,2298,1,0.8636
Common_Rust\Corn_Common_Rust (861).JPG,Common_Rust,2299,1,0.8276
Common_Rust\Corn_Common_Rust (862).JPG,Common_Rust,2300,1,0.8867
Common_Rust\Corn_Common_Rust (863).JPG,Common_Rust,2301,1,0.905
Common_Rust\Corn_Common_Rust (864).JPG,Common_Rust,2302,1,0.9123
Common_Rust\Corn_Common_Rust (865).JPG,Common_Rust,2303,1,0.8724
Common_Rust\Corn_Common_Rust (866).JPG,Common_Rust,2304,1,0.8438
Common_Rust\Corn_Common_Rust (867).JPG,Common_Rust,2305,1,0.8748
Common_Rust\Corn_Common_Rust (868).JPG,Common_Rust,2306,1,0.859
Common_Rust\Corn_Common_Rust (869).JPG,Common_Rust,2307,1,0.8811
Common_Rust\Corn_Common_Rust (87).JPG,Common_Rust,2308,1,0.8958
Common_Rust\Corn_Common_Rust (870).JPG,Common_Rust,2309,1,0.8876
Common_Rust\Corn_Common_Rust (871).JPG,Common_Rust,2310,1,0.8053
Common_Rust\Corn_Common_Rust (872).JPG,Common_Rust,2311,1,0.8029
Common_Rust\Corn_Common_Rust (873).JPG,Common_Rust,2312,1,0.9099
Common_Rust\Corn_Common_Rust (874).JPG,Common_Rust,2313,1,0.9243
Common_Rust\Corn_Common_Rust (875).JPG,Common_Rust,2314,1,0.9015
Common_Rust\Corn_Common_Rust (876).JPG,Common_Rust,2315,1,0.9041
Common_Rust\Corn_Common_Rust (877).JPG,Common_Rust,2316,1,0.8926
Common_Rust\Corn_Common_Rust (878).JPG,Common_Rust,2317,1,0.9309
Common_Rust\Corn_Common_Rust (879).JPG,Common_Rust,2318,1,0.7797
Common_Rust\Corn_Common_Rust (88).JPG,Common_Rust,2319,1,0.8992
Common_Rust\Corn_Common_Rust (880).JPG,Common_Rust,2320,1,0.9015
Common_Rust\Corn_Common_Rust (881).JPG,Common_Rust,2321,1,0.9171
Common_Rust\Corn_Common_Rust (882).JPG,Common_Rust,2322,1,0.8825
Common_Rust\Corn_Common_Rust (883).JPG,Common_Rust,2323,1,0.8926
Common_Rust\Corn_Common_Rust (884).JPG,Common_Rust,2324,1,0.89
Common_Rust\Corn_Common_Rust (885).JPG,Common_Rust,2325,1,0.8991
Common_Rust\Corn_Common_Rust (886).JPG,Common_Rust,2326,1,0.9247
Common_Rust\Corn_Common_Rust (887).JPG,Common_Rust,2327,1,0.9434
Common_Rust\Corn_Common_Rust (888).JPG,Common_Rust,2328,1,0.9407
Common_Rust\Corn_Common_Rust (889).JPG,Common_Rust,2329,1,0.9297
Common_Rust\Corn_Common_Rust (89).JPG,Common_Rust,2330,1,0.8972
Common_Rust\Corn_Common_Rust (890).JPG,Common_Rust,2331,1,0.9072
Common_Rust\Corn_Common_Rust (891).JPG,Common_Rust,2332,1,0.8962
Common_Rust\Corn_Common_Rust (892).JPG,Common_Rust,2333,1,0.9073
Common_Rust\Corn_Common_Rust (893).JPG,Common_Rust,2334,1,0.8958
Common_Rust\Corn_Common_Rust (894).JPG,Common_Rust,2335,1,0.9182
Common_Rust\Corn_Common_Rust (895).JPG,Common_Rust,2336,1,0.9254
Common_Rust\Corn_Common_Rust (896).JPG,Common_Rust,2337,1,0.945
Common_Rust\Corn_Common_Rust (897).JPG,Common_Rust,2338,1,0.9076
Common_Rust\Corn_Common_Rust (898).JPG,Common_Rust,2339,1,0.9235
Common_Rust\Corn_Common_Rust (899).JPG,Common_Rust,2340,1,0.8725
Common_Rust\Corn_Common_Rust (9).jpg,Common_Rust,2341,1,0.8103
Common_Rust\Corn_Common_Rust (90).JPG,Common_Rust,2342,1,0.8836
Common_Rust\Corn_Common_Rust (900).JPG,Common_Rust,2343,1,0.907
Common_Rust\Corn_Common_Rust (901).JPG,Common_Rust,2344,1,0.9046
Common_Rust\Corn_Common_Rust (902).JPG,Common_Rust,2345,1,0.9094
Common_Rust\Corn_Common_Rust (903).JPG,Common_Rust,2346,1,0.9095
Common_Rust\Corn_Common_Rust (904).JPG,Common_Rust,2347,1,0.9188
Common_Rust\Corn_Common_Rust (905).JPG,Common_Rust,2348,1,0.9115
Common_Rust\Corn_Common_Rust (906).JPG,Common_Rust,2349,1,0.9115
Common_Rust\Corn_Common_Rust (907).JPG,Common_Rust,2350,1,0.9085
Common_Rust\Corn_Common_Rust (908).JPG,Common_Rust,2351,1,0.8996
Common_Rust\Corn_Common_Rust (909).JPG,Common_Rust,2352,1,0.9255
Common_Rust\Corn_Common_Rust (91).JPG,Common_Rust,2353,1,0.9361
Common_Rust\Corn_Common_Rust (910).JPG,Common_Rust,2354,1,0.896
Common_Rust\Corn_Common_Rust (911).JPG,Common_Rust,2355,1,0.8897
Common_Rust\Corn_Common_Rust (912).JPG,Common_Rust,2356,1,0.878
Common_Rust\Corn_Common_Rust (913).JPG,Common_Rust,2357,1,0.9109
Common_Rust\Corn_Common_Rust (914).JPG,Common_Rust,2358,1,0.9036
Common_Rust\Corn_Common_Rust (915).JPG,Common_Rust,2359,1,0.9318
Common_Rust\Corn_Common_Rust (916).JPG,Common_Rust,2360,1,0.8648
Common_Rust\Corn_Common_Rust (917).JPG,Common_Rust,2361,1,0.9189
Common_Rust\Corn_Common_Rust (918).JPG,Common_Rust,2362,1,0.923
Common_Rust\Corn_Common_Rust (919).JPG,Common_Rust,2363,1,0.9264
Common_Rust\Corn_Common_Rust (92).JPG,Common_Rust,2364,1,0.8774
Common_Rust\Corn_Common_Rust (920).JPG,Common_Rust,2365,1,0.9337
Common_Rust\Corn_Common_Rust (921).JPG,Common_Rust,2366,1,0.9034
Common_Rust\Corn_Common_Rust (922).JPG,Common_Rust,2367,1,0.8394
Common_Rust\Corn_Common_Rust (923).JPG,Common_Rust,2368,1,0.8316
Common_Rust\Corn_Common_Rust (924).JPG,Common_Rust,2369,1,0.8951
Common_Rust\Corn_Common_Rust (925).JPG,Common_Rust,2370,1,0.8578
Common_Rust\Corn_Common_Rust (926).JPG,Common_Rust,2371,1,0.9134
Common_Rust\Corn_Common_Rust (927).JPG,Common_Rust,2372,1,0.923
Common_Rust\Corn_Common_Rust (928).JPG,Common_Rust,2373,1,0.8736
Common_Rust\Corn_Common_Rust (929).JPG,Common_Rust,2374,1,0.9263
Common_Rust\Corn_Common_Rust (93).JPG,Common_Rust,2375,1,0.8414
Common_Rust\Corn_Common_Rust (930).JPG,Common_Rust,2376,1,0.885
Common_Rust\Corn_Common_Rust (931).JPG,Common_Rust,2377,1,0.9243
Common_Rust\Corn_Common_Rust (932).JPG,Common_Rust,2378,1,0.9299
Common_Rust\Corn_Common_Rust (933).JPG,Common_Rust,2379,1,0.9057
Common_Rust\Corn_Common_Rust (934).JPG,Common_Rust,2380,1,0.8725
Common_Rust\Corn_Common_Rust (935).JPG,Common_Rust,2381,1,0.9099
Common_Rust\Corn_Common_Rust (936).JPG,Common_Rust,2382,1,0.8846
Common_Rust\Corn_Common_Rust (937).JPG,Common_Rust,2383,1,0.8973
Common_Rust\Corn_Common_Rust (938).JPG,Common_Rust,2384,1,0.8593
Common_Rust\Corn_Common_Rust (939).JPG,Common_Rust,2385,1,0.9026
Common_Rust\Corn_Common_Rust (94).JPG,Common_Rust,2386,1,0.8369
Common_Rust\Corn_Common_Rust (940).JPG,Common_Rust,2387,1,0.9095
Common_Rust\Corn_Common_Rust (941).JPG,Common_Rust,2388,1,0.9022
Common_Rust\Corn_Common_Rust (942).JPG,Common_Rust,2389,1,0.881
Common_Rust\Corn_Common_Rust (943).JPG,Common_Rust,2390,1,0.9241
Common_Rust\Corn_Common_Rust (944).JPG,Common_Rust,2391,1,0.9074
Common_Rust\Corn_Common_Rust (945).JPG,Common_Rust,2392,1,0.8962
Common_Rust\Corn_Common_Rust (946).JPG,Common_Rust,2393,1,0.924
Common_Rust\Corn_Common_Rust (947).JPG,Common_Rust,2394,1,0.9387
Common_Rust\Corn_Common_Rust (948).JPG,Common_Rust,2395,1,0.9449
Common_Rust\Corn_Common_Rust (949).JPG,Common_Rust,2396,1,0.8995
Common_Rust\Corn_Common_Rust (95).JPG,Common_Rust,2397,1,0.8702
Common_Rust\Corn_Common_Rust (950).JPG,Common_Rust,2398,1,0.9239
Common_Rust\Corn_Common_Rust (951).JPG,Common_Rust,2399,1,0.9006
Common_Rust\Corn_Common_Rust (952).JPG,Common_Rust,2400,1,0.945
Common_Rust\Corn_Common_Rust (953).JPG,Common_Rust,2401,1,0.9387
Common_Rust\Corn_Common_Rust (954).JPG,Common_Rust,2402,1,0.924
Common_Rust\Corn_Common_Rust (955).JPG,Common_Rust,2403,1,0.9385
Common_Rust\Corn_Common_Rust (956).JPG,Common_Rust,2404,1,0.9211
Common_Rust\Corn_Common_Rust (957).JPG,Common_Rust,2405,1,0.9337
Common_Rust\Corn_Common_Rust (958).JPG,Common_Rust,2406,1,0.9277
Common_Rust\Corn_Common_Rust (959).JPG,Common_Rust,2407,1,0.9195
Common_Rust\Corn_Common_Rust (96).JPG,Common_Rust,2408,1,0.826
Common_Rust\Corn_Common_Rust (960).JPG,Common_Rust,2409,1,0.9211
Common_Rust\Corn_Common_Rust (961).JPG,Common_Rust,2410,1,0.9232
Common_Rust\Corn_Common_Rust (962).JPG,Common_Rust,2411,1,0.8991
Common_Rust\Corn_Common_Rust (963).JPG,Common_Rust,2412,1,0.9352
Common_Rust\Corn_Common_Rust (964).JPG,Common_Rust,2413,1,0.9283
Common_Rust\Corn_Common_Rust (965).JPG,Common_Rust,2414,1,0.8504
Common_Rust\Corn_Common_Rust (966).JPG,Common_Rust,2415,1,0.8666
Common_Rust\Corn_Common_Rust (967).JPG,Common_Rust,2416,1,0.831
Common_Rust\Corn_Common_Rust (968).JPG,Common_Rust,2417,1,0.8551
Common_Rust\Corn_Common_Rust (969).JPG,Common_Rust,2418,1,0.9122
Common_Rust\Corn_Common_Rust (97).JPG,Common_Rust,2419,1,0.9063
Common_Rust\Corn_Common_Rust (970).JPG,Common_Rust,2420,1,0.8844
Common_Rust\Corn_Common_Rust (971).JPG,Common_Rust,2421,1,0.9469
Common_Rust\Corn_Common_Rust (972).JPG,Common_Rust,2422,1,0.9255
Common_Rust\Corn_Common_Rust (973).JPG,Common_Rust,2423,1,0.9122
Common_Rust\Corn_Common_Rust (974).JPG,Common_Rust,2424,1,0.9122
Common_Rust\Corn_Common_Rust (975).JPG,Common_Rust,2425,1,0.9154
Common_Rust\Corn_Common_Rust (976).JPG,Common_Rust,2426,1,0.8825
Common_Rust\Corn_Common_Rust (977).JPG,Common_Rust,2427,1,0.8856
Common_Rust\Corn_Common_Rust (978).JPG,Common_Rust,2428,1,0.9217
Common_Rust\Corn_Common_Rust (979).JPG,Common_Rust,2429,1,0.928
Common_Rust\Corn_Common_Rust (98).JPG,Common_Rust,2430,1,0.8887
Common_Rust\Corn_Common_Rust (980).JPG,Common_Rust,2431,1,0.9208
Common_Rust\Corn_Common_Rust (981).JPG,Common_Rust,2432,1,0.9345
Common_Rust\Corn_Common_Rust (982).JPG,Common_Rust,2433,1,0.9062
Common_Rust\Corn_Common_Rust (983).JPG,Common_Rust,2434,1,0.9062
Common_Rust\Corn_Common_Rust (984).JPG,Common_Rust,2435,1,0.882
Common_Rust\Corn_Common_Rust (985).JPG,Common_Rust,2436,1,0.9436
Common_Rust\Corn_Common_Rust (986).JPG,Common_Rust,2437,1,0.93
Common_Rust\Corn_Common_Rust (987).JPG,Common_Rust,2438,1,0.9121
Common_Rust\Corn_Common_Rust (988).JPG,Common_Rust,2439,1,0.9418
Common_Rust\Corn_Common_Rust (989).JPG,Common_Rust,2440,1,0.9191
Common_Rust\Corn_Common_Rust (99).JPG,Common_Rust,2441,1,0.8631
Common_Rust\Corn_Common_Rust (990).JPG,Common_Rust,2442,1,0.9008
Common_Rust\Corn_Common_Rust (991).JPG,Common_Rust,2443,1,0.9122
Common_Rust\Corn_Common_Rust (992).JPG,Common_Rust,2444,1,0.9324
Common_Rust\Corn_Common_Rust (993).JPG,Common_Rust,2445,1,0.9247
Common_Rust\Corn_Common_Rust (994).JPG,Common_Rust,2446,1,0.8993
Common_Rust\Corn_Common_Rust (995).JPG,Common_Rust,2447,1,0.9308
Common_Rust\Corn_Common_Rust (996).JPG,Common_Rust,2448,1,0.9326
Common_Rust\Corn_Common_Rust (997).JPG,Common_Rust,2449,1,0.9326
Common_Rust\Corn_Common_Rust (998).JPG,Common_Rust,2450,1,0.9149
Common_Rust\Corn_Common_Rust (999).JPG,Common_Rust,2451,1,0.925
Gray_Leaf_Spot\Corn_Gray_Spot (1).jpg,Gray_Leaf_Spot,2452,1,0.9096
Gray_Leaf_Spot\Corn_Gray_Spot (10).jpg,Gray_Leaf_Spot,2453,1,0.8966
Gray_Leaf_Spot\Corn_Gray_Spot (100).JPG,Gray_Leaf_Spot,2454,1,0.9209
Gray_Leaf_Spot\Corn_Gray_Spot (101).JPG,Gray_Leaf_Spot,2455,1,0.8285
Gray_Leaf_Spot\Corn_Gray_Spot (102).JPG,Gray_Leaf_Spot,2456,1,0.9198
Gray_Leaf_Spot\Corn_Gray_Spot (103).JPG,Gray_Leaf_Spot,2457,1,0.8707
Gray_Leaf_Spot\Corn_Gray_Spot (104).JPG,Gray_Leaf_Spot,2458,1,0.8828
Gray_Leaf_Spot\Corn_Gray_Spot (105).JPG,Gray_Leaf_Spot,2459,1,0.8919
Gray_Leaf_Spot\Corn_Gray_Spot (106).JPG,Gray_Leaf_Spot,2460,1,0.8708
Gray_Leaf_Spot\Corn_Gray_Spot (107).JPG,Gray_Leaf_Spot,2461,1,0.8984
Gray_Leaf_Spot\Corn_Gray_Spot (108).JPG,Gray_Leaf_Spot,2462,1,0.9299
Gray_Leaf_Spot\Corn_Gray_Spot (109).JPG,Gray_Leaf_Spot,2463,1,0.9092
Gray_Leaf_Spot\Corn_Gray_Spot (11).jpg,Gray_Leaf_Spot,2464,1,0.9249
Gray_Leaf_Spot\Corn_Gray_Spot (110).JPG,Gray_Leaf_Spot,2465,1,0.8925
Gray_Leaf_Spot\Corn_Gray_Spot (111).JPG,Gray_Leaf_Spot,2466,1,0.8475
Gray_Leaf_Spot\Corn_Gray_Spot (112).JPG,Gray_Leaf_Spot,2467,1,0.884
Gray_Leaf_Spot\Corn_Gray_Spot (113).jpg,Gray_Leaf_Spot,2468,1,0.8708
Gray_Leaf_Spot\Corn_Gray_Spot (114).jpg,Gray_Leaf_Spot,2469,1,0.9015
Gray_Leaf_Spot\Corn_Gray_Spot (115).JPG,Gray_Leaf_Spot,2470,1,0.9278
Gray_Leaf_Spot\Corn_Gray_Spot (116).JPG,Gray_Leaf_Spot,2471,1,0.9302
Gray_Leaf_Spot\Corn_Gray_Spot (117).JPG,Gray_Leaf_Spot,2472,1,0.7138
Gray_Leaf_Spot\Corn_Gray_Spot (118).JPG,Gray_Leaf_Spot,2473,1,0.8907
Gray_Leaf_Spot\Corn_Gray_Spot (119).JPG,Gray_Leaf_Spot,2474,1,0.9267
Gray_Leaf_Spot\Corn_Gray_Spot (12).jpg,Gray_Leaf_Spot,2475,1,0.9114
Gray_Leaf_Spot\Corn_Gray_Spot (120).JPG,Gray_Leaf_Spot,2476,1,0.8995
Gray_Leaf_Spot\Corn_Gray_Spot (121).JPG,Gray_Leaf_Spot,2477,1,0.9069
Gray_Leaf_Spot\Corn_Gray_Spot (122).JPG,Gray_Leaf_Spot,2478,1,0.9195
Gray_Leaf_Spot\Corn_Gray_Spot (123).JPG,Gray_Leaf_Spot,2479,1,0.9187
Gray_Leaf_Spot\Corn_Gray_Spot (124).JPG,Gray_Leaf_Spot,2480,1,0.8433
Gray_Leaf_Spot\Corn_Gray_Spot (125).jpg,Gray_Leaf_Spot,2481,1,0.8799
Gray_Leaf_Spot\Corn_Gray_Spot (126).JPG,Gray_Leaf_Spot,2482,1,0.8954
Gray_Leaf_Spot\Corn_Gray_Spot (127).JPG,Gray_Leaf_Spot,2483,1,0.8217
Gray_Leaf_Spot\Corn_Gray_Spot (128).JPG,Gray_Leaf_Spot,2484,1,0.9289
Gray_Leaf_Spot\Corn_Gray_Spot (129).JPG,Gray_Leaf_Spot,2485,1,0.9275
Gray_Leaf_Spot\Corn_Gray_Spot (13).jpg,Gray_Leaf_Spot,2486,1,0.9046
Gray_Leaf_Spot\Corn_Gray_Spot (130).JPG,Gray_Leaf_Spot,2487,1,0.9015
Gray_Leaf_Spot\Corn_Gray_Spot (131).JPG,Gray_Leaf_Spot,2488,1,0.8178
Gray_Leaf_Spot\Corn_Gray_Spot (132).jpg,Gray_Leaf_Spot,2489,1,0.9221
Gray_Leaf_Spot\Corn_Gray_Spot (133).JPG,Gray_Leaf_Spot,2490,1,0.9216
Gray_Leaf_Spot\Corn_Gray_Spot (134).JPG,Gray_Leaf_Spot,2491,1,0.8435
Gray_Leaf_Spot\Corn_Gray_Spot (135).JPG,Gray_Leaf_Spot,2492,1,0.9365
Gray_Leaf_Spot\Corn_Gray_Spot (136).JPG,Gray_Leaf_Spot,2493,1,0.8674
Gray_Leaf_Spot\Corn_Gray_Spot (137).JPG,Gray_Leaf_Spot,2494,1,0.891
Gray_Leaf_Spot\Corn_Gray_Spot (138).JPG,Gray_Leaf_Spot,2724,2,0.9687
Gray_Leaf_Spot\Corn_Gray_Spot (139).JPG,Gray_Leaf_Spot,2496,1,0.9443
Gray_Leaf_Spot\Corn_Gray_Spot (14).jpg,Gray_Leaf_Spot,2497,1,0.8705
Gray_Leaf_Spot\Corn_Gray_Spot (140).JPG,Gray_Leaf_Spot,2498,1,0.8602
Gray_Leaf_Spot\Corn_Gray_Spot (141).JPG,Gray_Leaf_Spot,2499,1,0.8189
Gray_Leaf_Spot\Corn_Gray_Spot (142).JPG,Gray_Leaf_Spot,2500,1,0.9276
Gray_Leaf_Spot\Corn_Gray_Spot (143).JPG,Gray_Leaf_Spot,2501,1,0.9045
Gray_Leaf_Spot\Corn_Gray_Spot (144).JPG,Gray_Leaf_Spot,2502,1,0.9178
Gray_Leaf_Spot\Corn_Gray_Spot (145).JPG,Gray_Leaf_Spot,2503,1,0.8735
Gray_Leaf_Spot\Corn_Gray_Spot (146).JPG,Gray_Leaf_Spot,2504,1,0.9128
Gray_Leaf_Spot\Corn_Gray_Spot (147).jpg,Gray_Leaf_Spot,2505,1,0.8605
Gray_Leaf_Spot\Corn_Gray_Spot (148).JPG,Gray_Leaf_Spot,2506,1,0.8254
Gray_Leaf_Spot\Corn_Gray_Spot (149).JPG,Gray_Leaf_Spot,2507,1,0.9208
Gray_Leaf_Spot\Corn_Gray_Spot (15).jpg,Gray_Leaf_Spot,2508,1,0.9176
Gray_Leaf_Spot\Corn_Gray_Spot (150).JPG,Gray_Leaf_Spot,2509,1,0.8749
Gray_Leaf_Spot\Corn_Gray_Spot (151).jpg,Gray_Leaf_Spot,2510,1,0.9271
Gray_Leaf_Spot\Corn_Gray_Spot (152).JPG,Gray_Leaf_Spot,2511,1,0.8836
Gray_Leaf_Spot\Corn_Gray_Spot (153).JPG,Gray_Leaf_Spot,2620,2,0.9532
Gray_Leaf_Spot\Corn_Gray_Spot (154).JPG,Gray_Leaf_Spot,2513,1,0.8117
Gray_Leaf_Spot\Corn_Gray_Spot (155).JPG,Gray_Leaf_Spot,2514,1,0.9345
Gray_Leaf_Spot\Corn_Gray_Spot (156).JPG,Gray_Leaf_Spot,2515,1,0.7566
Gray_Leaf_Spot\Corn_Gray_Spot (157).jpg,Gray_Leaf_Spot,2516,1,0.861
Gray_Leaf_Spot\Corn_Gray_Spot (158).JPG,Gray_Leaf_Spot,2952,2,0.9698
Gray_Leaf_Spot\Corn_Gray_Spot (159).JPG,Gray_Leaf_Spot,2518,1,0.8698
Gray_Leaf_Spot\Corn_Gray_Spot (16).jpg,Gray_Leaf_Spot,2519,1,0.8965
Gray_Leaf_Spot\Corn_Gray_Spot (160).JPG,Gray_Leaf_Spot,2520,1,0.8873
Gray_Leaf_Spot\Corn_Gray_Spot (161).JPG,Gray_Leaf_Spot,2521,1,0.852
Gray_Leaf_Spot\Corn_Gray_Spot (162).JPG,Gray_Leaf_Spot,2522,1,0.8854
Gray_Leaf_Spot\Corn_Gray_Spot (163).JPG,Gray_Leaf_Spot,2523,1,0.9462
Gray_Leaf_Spot\Corn_Gray_Spot (164).JPG,Gray_Leaf_Spot,2524,1,0.9189
Gray_Leaf_Spot\Corn_Gray_Spot (165).JPG,Gray_Leaf_Spot,2525,1,0.8957
Gray_Leaf_Spot\Corn_Gray_Spot (166).JPG,Gray_Leaf_Spot,2526,1,0.8688
Gray_Leaf_Spot\Corn_Gray_Spot (167).JPG,Gray_Leaf_Spot,2527,1,0.9224
Gray_Leaf_Spot\Corn_Gray_Spot (168).JPG,Gray_Leaf_Spot,2528,1,0.9365
Gray_Leaf_Spot\Corn_Gray_Spot (169).JPG,Gray_Leaf_Spot,2529,1,0.9006
Gray_Leaf_Spot\Corn_Gray_Spot (17).jpg,Gray_Leaf_Spot,2530,2,0.9605
Gray_Leaf_Spot\Corn_Gray_Spot (170).JPG,Gray_Leaf_Spot,2531,1,0.8615
Gray_Leaf_Spot\Corn_Gray_Spot (171).JPG,Gray_Leaf_Spot,2532,1,0.8992
Gray_Leaf_Spot\Corn_Gray_Spot (172).JPG,Gray_Leaf_Spot,2533,1,0.9166
Gray_Leaf_Spot\Corn_Gray_Spot (173).JPG,Gray_Leaf_Spot,2534,1,0.8819
Gray_Leaf_Spot\Corn_Gray_Spot (174).jpg,Gray_Leaf_Spot,2535,1,0.8944
Gray_Leaf_Spot\Corn_Gray_Spot (175).jpg,Gray_Leaf_Spot,3019,4,0.9527
Gray_Leaf_Spot\Corn_Gray_Spot (176).JPG,Gray_Leaf_Spot,2537,1,0.8398
Gray_Leaf_Spot\Corn_Gray_Spot (177).JPG,Gray_Leaf_Spot,2538,1,0.9176
Gray_Leaf_Spot\Corn_Gray_Spot (178).JPG,Gray_Leaf_Spot,2539,1,0.9026
Gray_Leaf_Spot\Corn_Gray_Spot (179).JPG,Gray_Leaf_Spot,2540,1,0.7609
Gray_Leaf_Spot\Corn_Gray_Spot (18).jpg,Gray_Leaf_Spot,2541,1,0.867
Gray_Leaf_Spot\Corn_Gray_Spot (180).JPG,Gray_Leaf_Spot,2542,1,0.9223
Gray_Leaf_Spot\Corn_Gray_Spot (181).JPG,Gray_Leaf_Spot,2543,1,0.7773
Gray_Leaf_Spot\Corn_Gray_Spot (182).JPG,Gray_Leaf_Spot,2544,1,0.9436
Gray_Leaf_Spot\Corn_Gray_Spot (183).JPG,Gray_Leaf_Spot,2545,1,0.7777
Gray_Leaf_Spot\Corn_Gray_Spot (184).JPG,Gray_Leaf_Spot,2546,1,0.8937
Gray_Leaf_Spot\Corn_Gray_Spot (185).JPG,Gray_Leaf_Spot,2547,1,0.8769
Gray_Leaf_Spot\Corn_Gray_Spot (186).JPG,Gray_Leaf_Spot,2548,1,0.8863
Gray_Leaf_Spot\Corn_Gray_Spot (187).JPG,Gray_Leaf_Spot,2549,1,0.9042
Gray_Leaf_Spot\Corn_Gray_Spot (188).JPG,Gray_Leaf_Spot,2550,1,0.9192
Gray_Leaf_Spot\Corn_Gray_Spot (189).JPG,Gray_Leaf_Spot,2551,1,0.8901
Gray_Leaf_Spot\Corn_Gray_Spot (19).jpg,Gray_Leaf_Spot,2552,2,1.0
Gray_Leaf_Spot\Corn_Gray_Spot (190).JPG,Gray_Leaf_Spot,2553,1,0.8662
Gray_Leaf_Spot\Corn_Gray_Spot (191).JPG,Gray_Leaf_Spot,2554,1,0.781
Gray_Leaf_Spot\Corn_Gray_Spot (192).JPG,Gray_Leaf_Spot,2555,1,0.8529
Gray_Leaf_Spot\Corn_Gray_Spot (193).JPG,Gray_Leaf_Spot,2556,1,0.8771
Gray_Leaf_Spot\Corn_Gray_Spot (194).JPG,Gray_Leaf_Spot,2557,1,0.9231
Gray_Leaf_Spot\Corn_Gray_Spot (195).JPG,Gray_Leaf_Spot,2558,1,0.9006
Gray_Leaf_Spot\Corn_Gray_Spot (196).JPG,Gray_Leaf_Spot,2559,1,0.8536
Gray_Leaf_Spot\Corn_Gray_Spot (197).JPG,Gray_Leaf_Spot,2560,1,0.7869
Gray_Leaf_Spot\Corn_Gray_Spot (198).JPG,Gray_Leaf_Spot,2561,1,0.9284
Gray_Leaf_Spot\Corn_Gray_Spot (199).JPG,Gray_Leaf_Spot,2562,1,0.7994
Gray_Leaf_Spot\Corn_Gray_Spot (2).jpg,Gray_Leaf_Spot,2563,1,0.8939
Gray_Leaf_Spot\Corn_Gray_Spot (20).jpg,Gray_Leaf_Spot,2564,1,0.8994
Gray_Leaf_Spot\Corn_Gray_Spot (200).JPG,Gray_Leaf_Spot,2565,1,0.9164
Gray_Leaf_Spot\Corn_Gray_Spot (201).JPG,Gray_Leaf_Spot,2566,1,0.8557
Gray_Leaf_Spot\Corn_Gray_Spot (202).JPG,Gray_Leaf_Spot,2567,1,0.8823
Gray_Leaf_Spot\Corn_Gray_Spot (203).JPG,Gray_Leaf_Spot,2568,1,0.8127
Gray_Leaf_Spot\Corn_Gray_Spot (204).JPG,Gray_Leaf_Spot,2569,1,0.8466
Gray_Leaf_Spot\Corn_Gray_Spot (205).JPG,Gray_Leaf_Spot,2570,1,0.9156
Gray_Leaf_Spot\Corn_Gray_Spot (206).JPG,Gray_Leaf_Spot,2571,1,0.9144
Gray_Leaf_Spot\Corn_Gray_Spot (207).JPG,Gray_Leaf_Spot,2572,1,0.9193
Gray_Leaf_Spot\Corn_Gray_Spot (208).JPG,Gray_Leaf_Spot,2573,1,0.8957
Gray_Leaf_Spot\Corn_Gray_Spot (209).jpg,Gray_Leaf_Spot,2574,1,0.9057
Gray_Leaf_Spot\Corn_Gray_Spot (21).jpg,Gray_Leaf_Spot,2575,1,0.7812
Gray_Leaf_Spot\Corn_Gray_Spot (210).JPG,Gray_Leaf_Spot,2576,1,0.8771
Gray_Leaf_Spot\Corn_Gray_Spot (211).JPG,Gray_Leaf_Spot,2577,1,0.9054
Gray_Leaf_Spot\Corn_Gray_Spot (212).JPG,Gray_Leaf_Spot,2578,1,0.8762
Gray_Leaf_Spot\Corn_Gray_Spot (213).jpg,Gray_Leaf_Spot,2579,1,0.9257
Gray_Leaf_Spot\Corn_Gray_Spot (214).JPG,Gray_Leaf_Spot,2580,1,0.9293
Gray_Leaf_Spot\Corn_Gray_Spot (215).jpg,Gray_Leaf_Spot,2581,1,0.8533
Gray_Leaf_Spot\Corn_Gray_Spot (216).jpg,Gray_Leaf_Spot,2582,1,0.8938
Gray_Leaf_Spot\Corn_Gray_Spot (217).JPG,Gray_Leaf_Spot,2583,1,0.8913
Gray_Leaf_Spot\Corn_Gray_Spot (218).JPG,Gray_Leaf_Spot,2584,1,0.8233
Gray_Leaf_Spot\Corn_Gray_Spot (219).JPG,Gray_Leaf_Spot,2585,1,0.8765
Gray_Leaf_Spot\Corn_Gray_Spot (22).jpg,Gray_Leaf_Spot,2586,1,0.8398
Gray_Leaf_Spot\Corn_Gray_Spot (220).JPG,Gray_Leaf_Spot,2587,1,0.8593
Gray_Leaf_Spot\Corn_Gray_Spot (221).JPG,Gray_Leaf_Spot,2588,1,0.9204
Gray_Leaf_Spot\Corn_Gray_Spot (222).JPG,Gray_Leaf_Spot,2589,1,0.8804
Gray_Leaf_Spot\Corn_Gray_Spot (223).jpg,Gray_Leaf_Spot,2590,1,0.9289
Gray_Leaf_Spot\Corn_Gray_Spot (224).JPG,Gray_Leaf_Spot,2591,1,0.8562
Gray_Leaf_Spot\Corn_Gray_Spot (225).jpg,Gray_Leaf_Spot,2592,1,0.8932
Gray_Leaf_Spot\Corn_Gray_Spot (226).JPG,Gray_Leaf_Spot,2593,1,0.8441
Gray_Leaf_Spot\Corn_Gray_Spot (227).JPG,Gray_Leaf_Spot,2594,1,0.9175
Gray_Leaf_Spot\Corn_Gray_Spot (228).JPG,Gray_Leaf_Spot,2595,1,0.8867
Gray_Leaf_Spot\Corn_Gray_Spot (229).JPG,Gray_Leaf_Spot,2596,1,0.8064
Gray_Leaf_Spot\Corn_Gray_Spot (23).jpg,Gray_Leaf_Spot,2597,1,0.8937
Gray_Leaf_Spot\Corn_Gray_Spot (230).JPG,Gray_Leaf_Spot,2598,1,0.8589
Gray_Leaf_Spot\Corn_Gray_Spot (231).JPG,Gray_Leaf_Spot,2599,1,0.8856
Gray_Leaf_Spot\Corn_Gray_Spot (232).JPG,Gray_Leaf_Spot,2600,1,0.9055
Gray_Leaf_Spot\Corn_Gray_Spot (233).JPG,Gray_Leaf_Spot,2601,1,0.9094
Gray_Leaf_Spot\Corn_Gray_Spot (234).JPG,Gray_Leaf_Spot,2602,1,0.8944
Gray_Leaf_Spot\Corn_Gray_Spot (235).JPG,Gray_Leaf_Spot,2603,1,0.906
Gray_Leaf_Spot\Corn_Gray_Spot (236).JPG,Gray_Leaf_Spot,2604,1,0.8557
Gray_Leaf_Spot\Corn_Gray_Spot (237).JPG,Gray_Leaf_Spot,2605,1,0.9133
Gray_Leaf_Spot\Corn_Gray_Spot (238).JPG,Gray_Leaf_Spot,2606,1,0.9399
Gray_Leaf_Spot\Corn_Gray_Spot (239).JPG,Gray_Leaf_Spot,2607,1,0.9023
Gray_Leaf_Spot\Corn_Gray_Spot (24).jpg,Gray_Leaf_Spot,2608,1,0.8685
Gray_Leaf_Spot\Corn_Gray_Spot (240).JPG,Gray_Leaf_Spot,2609,1,0.8903
Gray_Leaf_Spot\Corn_Gray_Spot (241).JPG,Gray_Leaf_Spot,2610,1,0.9107
Gray_Leaf_Spot\Corn_Gray_Spot (242).JPG,Gray_Leaf_Spot,2611,1,0.9062
Gray_Leaf_Spot\Corn_Gray_Spot (243).JPG,Gray_Leaf_Spot,2612,1,0.8998
Gray_Leaf_Spot\Corn_Gray_Spot (244).JPG,Gray_Leaf_Spot,2613,1,0.8947
Gray_Leaf_Spot\Corn_Gray_Spot (245).JPG,Gray_Leaf_Spot,2614,1,0.9326
Gray_Leaf_Spot\Corn_Gray_Spot (246).JPG,Gray_Leaf_Spot,2615,1,0.8815
Gray_Leaf_Spot\Corn_Gray_Spot (247).JPG,Gray_Leaf_Spot,2616,1,0.8656
Gray_Leaf_Spot\Corn_Gray_Spot (248).JPG,Gray_Leaf_Spot,2617,1,0.9316
Gray_Leaf_Spot\Corn_Gray_Spot (249).JPG,Gray_Leaf_Spot,2618,1,0.942
Gray_Leaf_Spot\Corn_Gray_Spot (25).jpg,Gray_Leaf_Spot,2619,1,0.8923
Gray_Leaf_Spot\Corn_Gray_Spot (250).JPG,Gray_Leaf_Spot,2620,2,0.9532
Gray_Leaf_Spot\Corn_Gray_Spot (251).jpg,Gray_Leaf_Spot,2621,1,0.8247
Gray_Leaf_Spot\Corn_Gray_Spot (252).JPG,Gray_Leaf_Spot,2622,1,0.8842
Gray_Leaf_Spot\Corn_Gray_Spot (253).JPG,Gray_Leaf_Spot,2623,1,0.8941
Gray_Leaf_Spot\Corn_Gray_Spot (254).JPG,Gray_Leaf_Spot,2624,1,0.8607
Gray_Leaf_Spot\Corn_Gray_Spot (255).jpg,Gray_Leaf_Spot,2625,1,0.7964
Gray_Leaf_Spot\Corn_Gray_Spot (256).jpg,Gray_Leaf_Spot,2626,1,0.9173
Gray_Leaf_Spot\Corn_Gray_Spot (257).JPG,Gray_Leaf_Spot,2627,1,0.9294
Gray_Leaf_Spot\Corn_Gray_Spot (258).JPG,Gray_Leaf_Spot,2943,3,0.9566
Gray_Leaf_Spot\Corn_Gray_Spot (259).JPG,Gray_Leaf_Spot,2629,1,0.716
Gray_Leaf_Spot\Corn_Gray_Spot (26).jpg,Gray_Leaf_Spot,2630,1,0.9344
Gray_Leaf_Spot\Corn_Gray_Spot (260).JPG,Gray_Leaf_Spot,2631,1,0.9289
Gray_Leaf_Spot\Corn_Gray_Spot (261).JPG,Gray_Leaf_Spot,2632,1,0.879
Gray_Leaf_Spot\Corn_Gray_Spot (262).JPG,Gray_Leaf_Spot,2633,1,0.7711
Gray_Leaf_Spot\Corn_Gray_Spot (263).JPG,Gray_Leaf_Spot,2634,1,0.772
Gray_Leaf_Spot\Corn_Gray_Spot (264).JPG,Gray_Leaf_Spot,2635,1,0.869
Gray_Leaf_Spot\Corn_Gray_Spot (265).jpg,Gray_Leaf_Spot,2636,1,0.9198
Gray_Leaf_Spot\Corn_Gray_Spot (266).JPG,Gray_Leaf_Spot,2637,1,0.9071
Gray_Leaf_Spot\Corn_Gray_Spot (267).JPG,Gray_Leaf_Spot,2638,1,0.8615
Gray_Leaf_Spot\Corn_Gray_Spot (268).jpg,Gray_Leaf_Spot,2639,1,0.9463
Gray_Leaf_Spot\Corn_Gray_Spot (269).JPG,Gray_Leaf_Spot,2640,1,0.9073
Gray_Leaf_Spot\Corn_Gray_Spot (27).jpg,Gray_Leaf_Spot,2641,1,0.8216
Gray_Leaf_Spot\Corn_Gray_Spot (270).JPG,Gray_Leaf_Spot,2642,1,0.91
Gray_Leaf_Spot\Corn_Gray_Spot (271).JPG,Gray_Leaf_Spot,2643,1,0.882
Gray_Leaf_Spot\Corn_Gray_Spot (272).jpg,Gray_Leaf_Spot,2644,1,0.8718
Gray_Leaf_Spot\Corn_Gray_Spot (273).JPG,Gray_Leaf_Spot,2645,1,0.8816
Gray_Leaf_Spot\Corn_Gray_Spot (274).JPG,Gray_Leaf_Spot,2646,1,0.8837
Gray_Leaf_Spot\Corn_Gray_Spot (275).JPG,Gray_Leaf_Spot,2647,1,0.8995
Gray_Leaf_Spot\Corn_Gray_Spot (276).JPG,Gray_Leaf_Spot,2648,1,0.9078
Gray_Leaf_Spot\Corn_Gray_Spot (277).JPG,Gray_Leaf_Spot,2649,1,0.908
Gray_Leaf_Spot\Corn_Gray_Spot (278).JPG,Gray_Leaf_Spot,2650,1,0.8823
Gray_Leaf_Spot\Corn_Gray_Spot (279).JPG,Gray_Leaf_Spot,2651,1,0.8351
Gray_Leaf_Spot\Corn_Gray_Spot (28).jpg,Gray_Leaf_Spot,2652,1,0.9176
Gray_Leaf_Spot\Corn_Gray_Spot (280).jpg,Gray_Leaf_Spot,2654,2,0.9706
Gray_Leaf_Spot\Corn_Gray_Spot (281).JPG,Gray_Leaf_Spot,2654,2,0.9706
Gray_Leaf_Spot\Corn_Gray_Spot (282).JPG,Gray_Leaf_Spot,2655,1,0.8055
Gray_Leaf_Spot\Corn_Gray_Spot (283).JPG,Gray_Leaf_Spot,2656,1,0.9211
Gray_Leaf_Spot\Corn_Gray_Spot (284).JPG,Gray_Leaf_Spot,2657,1,0.841
Gray_Leaf_Spot\Corn_Gray_Spot (285).JPG,Gray_Leaf_Spot,2658,1,0.8505
Gray_Leaf_Spot\Corn_Gray_Spot (286).JPG,Gray_Leaf_Spot,2659,1,0.9182
Gray_Leaf_Spot\Corn_Gray_Spot (287).jpg,Gray_Leaf_Spot,2660,1,0.9173
Gray_Leaf_Spot\Corn_Gray_Spot (288).JPG,Gray_Leaf_Spot,2661,1,0.8555
Gray_Leaf_Spot\Corn_Gray_Spot (289).JPG,Gray_Leaf_Spot,2662,1,0.9427
Gray_Leaf_Spot\Corn_Gray_Spot (29).jpg,Gray_Leaf_Spot,2663,2,0.9961
Gray_Leaf_Spot\Corn_Gray_Spot (290).JPG,Gray_Leaf_Spot,2664,1,0.847
Gray_Leaf_Spot\Corn_Gray_Spot (291).JPG,Gray_Leaf_Spot,2665,1,0.9267
Gray_Leaf_Spot\Corn_Gray_Spot (292).jpg,Gray_Leaf_Spot,2666,1,0.8722
Gray_Leaf_Spot\Corn_Gray_Spot (293).JPG,Gray_Leaf_Spot,2667,1,0.9001
Gray_Leaf_Spot\Corn_Gray_Spot (294).JPG,Gray_Leaf_Spot,2668,1,0.9361
Gray_Leaf_Spot\Corn_Gray_Spot (295).JPG,Gray_Leaf_Spot,2669,1,0.938
Gray_Leaf_Spot\Corn_Gray_Spot (296).JPG,Gray_Leaf_Spot,2670,1,0.8914
Gray_Leaf_Spot\Corn_Gray_Spot (297).JPG,Gray_Leaf_Spot,2671,1,0.9228
Gray_Leaf_Spot\Corn_Gray_Spot (298).JPG,Gray_Leaf_Spot,2672,1,0.9364
Gray_Leaf_Spot\Corn_Gray_Spot (299).JPG,Gray_Leaf_Spot,2673,1,0.9427
Gray_Leaf_Spot\Corn_Gray_Spot (3).jpg,Gray_Leaf_Spot,2674,1,0.8939
Gray_Leaf_Spot\Corn_Gray_Spot (30).jpg,Gray_Leaf_Spot,2675,1,0.8587
Gray_Leaf_Spot\Corn_Gray_Spot (300).JPG,Gray_Leaf_Spot,2676,1,0.934
Gray_Leaf_Spot\Corn_Gray_Spot (301).JPG,Gray_Leaf_Spot,2677,1,0.9263
Gray_Leaf_Spot\Corn_Gray_Spot (302).JPG,Gray_Leaf_Spot,2678,1,0.8309
Gray_Leaf_Spot\Corn_Gray_Spot (303).JPG,Gray_Leaf_Spot,2679,1,0.9243
Gray_Leaf_Spot\Corn_Gray_Spot (304).JPG,Gray_Leaf_Spot,2680,1,0.9204
Gray_Leaf_Spot\Corn_Gray_Spot (305).JPG,Gray_Leaf_Spot,2681,1,0.9299
Gray_Leaf_Spot\Corn_Gray_Spot (306).JPG,Gray_Leaf_Spot,2682,1,0.9116
Gray_Leaf_Spot\Corn_Gray_Spot (307).JPG,Gray_Leaf_Spot,2683,1,0.8597
Gray_Leaf_Spot\Corn_Gray_Spot (308).JPG,Gray_Leaf_Spot,2684,1,0.8383
Gray_Leaf_Spot\Corn_Gray_Spot (309).JPG,Gray_Leaf_Spot,2685,1,0.8839
Gray_Leaf_Spot\Corn_Gray_Spot (31).jpg,Gray_Leaf_Spot,2686,1,0.8857
Gray_Leaf_Spot\Corn_Gray_Spot (310).JPG,Gray_Leaf_Spot,3019,4,0.9627
Gray_Leaf_Spot\Corn_Gray_Spot (311).jpg,Gray_Leaf_Spot,2688,1,0.8854
Gray_Leaf_Spot\Corn_Gray_Spot (312).JPG,Gray_Leaf_Spot,2689,1,0.9208
Gray_Leaf_Spot\Corn_Gray_Spot (313).JPG,Gray_Leaf_Spot,2690,1,0.8982
Gray_Leaf_Spot\Corn_Gray_Spot (314).JPG,Gray_Leaf_Spot,2691,1,0.8815
Gray_Leaf_Spot\Corn_Gray_Spot (315).JPG,Gray_Leaf_Spot,2692,1,0.879
Gray_Leaf_Spot\Corn_Gray_Spot (316).JPG,Gray_Leaf_Spot,2693,1,0.9463
Gray_Leaf_Spot\Corn_Gray_Spot (317).JPG,Gray_Leaf_Spot,2694,1,0.8984
Gray_Leaf_Spot\Corn_Gray_Spot (318).JPG,Gray_Leaf_Spot,2695,1,0.8256
Gray_Leaf_Spot\Corn_Gray_Spot (319).JPG,Gray_Leaf_Spot,2696,1,0.918
Gray_Leaf_Spot\Corn_Gray_Spot (32).jpg,Gray_Leaf_Spot,2697,1,0.8832
Gray_Leaf_Spot\Corn_Gray_Spot (320).JPG,Gray_Leaf_Spot,2886,2,0.9609
Gray_Leaf_Spot\Corn_Gray_Spot (321).JPG,Gray_Leaf_Spot,2699,1,0.9415
Gray_Leaf_Spot\Corn_Gray_Spot (322).JPG,Gray_Leaf_Spot,2700,1,0.8735
Gray_Leaf_Spot\Corn_Gray_Spot (323).JPG,Gray_Leaf_Spot,2701,1,0.9089
Gray_Leaf_Spot\Corn_Gray_Spot (324).JPG,Gray_Leaf_Spot,2702,1,0.8171
Gray_Leaf_Spot\Corn_Gray_Spot (325).jpg,Gray_Leaf_Spot,2703,1,0.8216
Gray_Leaf_Spot\Corn_Gray_Spot (326).JPG,Gray_Leaf_Spot,2704,1,0.929
Gray_Leaf_Spot\Corn_Gray_Spot (327).JPG,Gray_Leaf_Spot,2705,1,0.8786
Gray_Leaf_Spot\Corn_Gray_Spot (328).JPG,Gray_Leaf_Spot,2706,1,0.9146
Gray_Leaf_Spot\Corn_Gray_Spot (329).JPG,Gray_Leaf_Spot,2707,1,0.8853
Gray_Leaf_Spot\Corn_Gray_Spot (33).jpg,Gray_Leaf_Spot,2708,1,0.7715
Gray_Leaf_Spot\Corn_Gray_Spot (330).JPG,Gray_Leaf_Spot,2709,1,0.9186
Gray_Leaf_Spot\Corn_Gray_Spot (331).JPG,Gray_Leaf_Spot,2710,1,0.8891
Gray_Leaf_Spot\Corn_Gray_Spot (332).jpg,Gray_Leaf_Spot,2711,1,0.8786
Gray_Leaf_Spot\Corn_Gray_Spot (333).JPG,Gray_Leaf_Spot,2712,1,0.9425
Gray_Leaf_Spot\Corn_Gray_Spot (334).JPG,Gray_Leaf_Spot,2713,1,0.8844
Gray_Leaf_Spot\Corn_Gray_Spot (335).jpg,Gray_Leaf_Spot,2714,1,0.854
Gray_Leaf_Spot\Corn_Gray_Spot (336).JPG,Gray_Leaf_Spot,2715,1,0.9273
Gray_Leaf_Spot\Corn_Gray_Spot (337).jpg,Gray_Leaf_Spot,2716,1,0.9497
Gray_Leaf_Spot\Corn_Gray_Spot (338).JPG,Gray_Leaf_Spot,2717,1,0.927
Gray_Leaf_Spot\Corn_Gray_Spot (339).JPG,Gray_Leaf_Spot,2718,1,0.9255
Gray_Leaf_Spot\Corn_Gray_Spot (34).jpg,Gray_Leaf_Spot,2719,2,0.9659
Gray_Leaf_Spot\Corn_Gray_Spot (340).JPG,Gray_Leaf_Spot,2720,1,0.9202
Gray_Leaf_Spot\Corn_Gray_Spot (341).JPG,Gray_Leaf_Spot,2721,1,0.9082
Gray_Leaf_Spot\Corn_Gray_Spot (342).JPG,Gray_Leaf_Spot,2722,1,0.933
Gray_Leaf_Spot\Corn_Gray_Spot (343).JPG,Gray_Leaf_Spot,2723,1,0.9272
Gray_Leaf_Spot\Corn_Gray_Spot (344).JPG,Gray_Leaf_Spot,2724,2,0.9687
Gray_Leaf_Spot\Corn_Gray_Spot (345).JPG,Gray_Leaf_Spot,2725,1,0.8938
Gray_Leaf_Spot\Corn_Gray_Spot (346).JPG,Gray_Leaf_Spot,2726,1,0.8359
Gray_Leaf_Spot\Corn_Gray_Spot (347).JPG,Gray_Leaf_Spot,2727,1,0.926
Gray_Leaf_Spot\Corn_Gray_Spot (348).jpg,Gray_Leaf_Spot,2728,1,0.9075
Gray_Leaf_Spot\Corn_Gray_Spot (349).JPG,Gray_Leaf_Spot,2729,1,0.9272
Gray_Leaf_Spot\Corn_Gray_Spot (35).jpg,Gray_Leaf_Spot,2730,1,0.9123
Gray_Leaf_Spot\Corn_Gray_Spot (350).JPG,Gray_Leaf_Spot,2731,1,0.8171
Gray_Leaf_Spot\Corn_Gray_Spot (351).JPG,Gray_Leaf_Spot,2732,1,0.8907
Gray_Leaf_Spot\Corn_Gray_Spot (352).JPG,Gray_Leaf_Spot,2733,1,0.8912
Gray_Leaf_Spot\Corn_Gray_Spot (353).jpg,Gray_Leaf_Spot,2734,1,0.8425
Gray_Leaf_Spot\Corn_Gray_Spot (354).JPG,Gray_Leaf_Spot,2735,1,0.8691
Gray_Leaf_Spot\Corn_Gray_Spot (355).JPG,Gray_Leaf_Spot,2736,1,0.9055
Gray_Leaf_Spot\Corn_Gray_Spot (356).JPG,Gray_Leaf_Spot,2737,1,0.925
Gray_Leaf_Spot\Corn_Gray_Spot (357).jpg,Gray_Leaf_Spot,2738,1,0.8605
Gray_Leaf_Spot\Corn_Gray_Spot (358).JPG,Gray_Leaf_Spot,2739,1,0.8717
Gray_Leaf_Spot\Corn_Gray_Spot (359).JPG,Gray_Leaf_Spot,2740,1,0.812
Gray_Leaf_Spot\Corn_Gray_Spot (36).jpg,Gray_Leaf_Spot,2741,1,0.8399
Gray_Leaf_Spot\Corn_Gray_Spot (360).JPG,Gray_Leaf_Spot,2742,1,0.8833
Gray_Leaf_Spot\Corn_Gray_Spot (361).JPG,Gray_Leaf_Spot,2743,1,0.8401
Gray_Leaf_Spot\Corn_Gray_Spot (362).jpg,Gray_Leaf_Spot,2744,1,0.9417
Gray_Leaf_Spot\Corn_Gray_Spot (363).jpg,Gray_Leaf_Spot,2745,1,0.8834
Gray_Leaf_Spot\Corn_Gray_Spot (364).JPG,Gray_Leaf_Spot,2746,1,0.95
Gray_Leaf_Spot\Corn_Gray_Spot (365).JPG,Gray_Leaf_Spot,2747,1,0.902
Gray_Leaf_Spot\Corn_Gray_Spot (366).JPG,Gray_Leaf_Spot,2748,1,0.917
Gray_Leaf_Spot\Corn_Gray_Spot (367).JPG,Gray_Leaf_Spot,2749,1,0.907
Gray_Leaf_Spot\Corn_Gray_Spot (368).jpg,Gray_Leaf_Spot,2750,1,0.9024
Gray_Leaf_Spot\Corn_Gray_Spot (369).JPG,Gray_Leaf_Spot,2751,1,0.9209
Gray_Leaf_Spot\Corn_Gray_Spot (37).jpg,Gray_Leaf_Spot,2752,1,0.8628
Gray_Leaf_Spot\Corn_Gray_Spot (370).JPG,Gray_Leaf_Spot,2753,1,0.91
Gray_Leaf_Spot\Corn_Gray_Spot (371).JPG,Gray_Leaf_Spot,2754,1,0.8955
Gray_Leaf_Spot\Corn_Gray_Spot (372).JPG,Gray_Leaf_Spot,2755,1,0.8809
Gray_Leaf_Spot\Corn_Gray_Spot (373).JPG,Gray_Leaf_Spot,2756,1,0.9228
Gray_Leaf_Spot\Corn_Gray_Spot (374).JPG,Gray_Leaf_Spot,2757,1,0.9179
Gray_Leaf_Spot\Corn_Gray_Spot (375).JPG,Gray_Leaf_Spot,2758,1,0.9443
Gray_Leaf_Spot\Corn_Gray_Spot (376).jpg,Gray_Leaf_Spot,2759,1,0.9253
Gray_Leaf_Spot\Corn_Gray_Spot (377).jpg,Gray_Leaf_Spot,2760,1,0.9245
Gray_Leaf_Spot\Corn_Gray_Spot (378).JPG,Gray_Leaf_Spot,2761,1,0.9415
Gray_Leaf_Spot\Corn_Gray_Spot (379).JPG,Gray_Leaf_Spot,2762,1,0.9132
Gray_Leaf_Spot\Corn_Gray_Spot (38).jpg,Gray_Leaf_Spot,2763,1,0.8935
Gray_Leaf_Spot\Corn_Gray_Spot (380).JPG,Gray_Leaf_Spot,2764,1,0.8772
Gray_Leaf_Spot\Corn_Gray_Spot (381).jpg,Gray_Leaf_Spot,2765,1,0.9399
Gray_Leaf_Spot\Corn_Gray_Spot (382).JPG,Gray_Leaf_Spot,2766,1,0.9397
Gray_Leaf_Spot\Corn_Gray_Spot (383).JPG,Gray_Leaf_Spot,2767,1,0.849
Gray_Leaf_Spot\Corn_Gray_Spot (384).JPG,Gray_Leaf_Spot,2768,1,0.9278
Gray_Leaf_Spot\Corn_Gray_Spot (385).JPG,Gray_Leaf_Spot,2769,1,0.8621
Gray_Leaf_Spot\Corn_Gray_Spot (386).JPG,Gray_Leaf_Spot,2770,1,0.8677
Gray_Leaf_Spot\Corn_Gray_Spot (387).JPG,Gray_Leaf_Spot,2771,1,0.9204
Gray_Leaf_Spot\Corn_Gray_Spot (388).JPG,Gray_Leaf_Spot,2772,1,0.9303
Gray_Leaf_Spot\Corn_Gray_Spot (389).JPG,Gray_Leaf_Spot,2773,1,0.8784
Gray_Leaf_Spot\Corn_Gray_Spot (39).jpg,Gray_Leaf_Spot,2774,1,0.9123
Gray_Leaf_Spot\Corn_Gray_Spot (390).JPG,Gray_Leaf_Spot,2775,1,0.9222
Gray_Leaf_Spot\Corn_Gray_Spot (391).JPG,Gray_Leaf_Spot,2776,1,0.9037
Gray_Leaf_Spot\Corn_Gray_Spot (392).JPG,Gray_Leaf_Spot,2777,1,0.8992
Gray_Leaf_Spot\Corn_Gray_Spot (393).jpg,Gray_Leaf_Spot,2778,1,0.7454
Gray_Leaf_Spot\Corn_Gray_Spot (394).JPG,Gray_Leaf_Spot,2779,1,0.8263
Gray_Leaf_Spot\Corn_Gray_Spot (395).JPG,Gray_Leaf_Spot,2780,1,0.9224
Gray_Leaf_Spot\Corn_Gray_Spot (396).JPG,Gray_Leaf_Spot,2781,1,0.8907
Gray_Leaf_Spot\Corn_Gray_Spot (397).jpg,Gray_Leaf_Spot,2782,1,0.8936
Gray_Leaf_Spot\Corn_Gray_Spot (398).JPG,Gray_Leaf_Spot,2783,1,0.9284
Gray_Leaf_Spot\Corn_Gray_Spot (399).JPG,Gray_Leaf_Spot,2784,1,0.8226
Gray_Leaf_Spot\Corn_Gray_Spot (4).jpg,Gray_Leaf_Spot,2785,1,0.9272
Gray_Leaf_Spot\Corn_Gray_Spot (40).jpg,Gray_Leaf_Spot,2786,1,0.7863
Gray_Leaf_Spot\Corn_Gray_Spot (400).JPG,Gray_Leaf_Spot,2787,1,0.9151
Gray_Leaf_Spot\Corn_Gray_Spot (401).JPG,Gray_Leaf_Spot,2788,1,0.933
Gray_Leaf_Spot\Corn_Gray_Spot (402).JPG,Gray_Leaf_Spot,2789,1,0.9327
Gray_Leaf_Spot\Corn_Gray_Spot (403).JPG,Gray_Leaf_Spot,2790,1,0.9146
Gray_Leaf_Spot\Corn_Gray_Spot (404).JPG,Gray_Leaf_Spot,2791,1,0.8859
Gray_Leaf_Spot\Corn_Gray_Spot (405).JPG,Gray_Leaf_Spot,2792,1,0.8055
Gray_Leaf_Spot\Corn_Gray_Spot (406).JPG,Gray_Leaf_Spot,2793,1,0.9275
Gray_Leaf_Spot\Corn_Gray_Spot (407).JPG,Gray_Leaf_Spot,2794,1,0.8671
Gray_Leaf_Spot\Corn_Gray_Spot (408).JPG,Gray_Leaf_Spot,2795,1,0.9222
Gray_Leaf_Spot\Corn_Gray_Spot (409).jpg,Gray_Leaf_Spot,2796,1,0.9156
Gray_Leaf_Spot\Corn_Gray_Spot (41).jpg,Gray_Leaf_Spot,2797,1,0.8189
Gray_Leaf_Spot\Corn_Gray_Spot (410).JPG,Gray_Leaf_Spot,2798,1,0.8899
Gray_Leaf_Spot\Corn_Gray_Spot (411).jpg,Gray_Leaf_Spot,2799,1,0.9172
Gray_Leaf_Spot\Corn_Gray_Spot (412).JPG,Gray_Leaf_Spot,2800,1,0.9216
Gray_Leaf_Spot\Corn_Gray_Spot (413).JPG,Gray_Leaf_Spot,2801,1,0.8666
Gray_Leaf_Spot\Corn_Gray_Spot (414).JPG,Gray_Leaf_Spot,2802,1,0.86
Gray_Leaf_Spot\Corn_Gray_Spot (415).JPG,Gray_Leaf_Spot,2803,1,0.8641
Gray_Leaf_Spot\Corn_Gray_Spot (416).JPG,Gray_Leaf_Spot,2804,1,0.8653
Gray_Leaf_Spot\Corn_Gray_Spot (417).JPG,Gray_Leaf_Spot,2805,1,0.9482
Gray_Leaf_Spot\Corn_Gray_Spot (418).JPG,Gray_Leaf_Spot,2806,1,0.8403
Gray_Leaf_Spot\Corn_Gray_Spot (419).JPG,Gray_Leaf_Spot,2807,1,0.8818
Gray_Leaf_Spot\Corn_Gray_Spot (42).jpg,Gray_Leaf_Spot,2808,1,0.9011
Gray_Leaf_Spot\Corn_Gray_Spot (420).JPG,Gray_Leaf_Spot,2809,1,0.8487
Gray_Leaf_Spot\Corn_Gray_Spot (421).JPG,Gray_Leaf_Spot,2810,1,0.9397
Gray_Leaf_Spot\Corn_Gray_Spot (422).JPG,Gray_Leaf_Spot,2811,1,0.8566
Gray_Leaf_Spot\Corn_Gray_Spot (423).JPG,Gray_Leaf_Spot,2812,1,0.9259
Gray_Leaf_Spot\Corn_Gray_Spot (424).JPG,Gray_Leaf_Spot,2813,1,0.9099
Gray_Leaf_Spot\Corn_Gray_Spot (425).JPG,Gray_Leaf_Spot,2814,1,0.8113
Gray_Leaf_Spot\Corn_Gray_Spot (426).JPG,Gray_Leaf_Spot,2815,1,0.8011
Gray_Leaf_Spot\Corn_Gray_Spot (427).JPG,Gray_Leaf_Spot,2816,1,0.9192
Gray_Leaf_Spot\Corn_Gray_Spot (428).JPG,Gray_Leaf_Spot,2817,1,0.9211
Gray_Leaf_Spot\Corn_Gray_Spot (429).JPG,Gray_Leaf_Spot,2818,1,0.9113
Gray_Leaf_Spot\Corn_Gray_Spot (43).jpg,Gray_Leaf_Spot,2819,1,0.9093
Gray_Leaf_Spot\Corn_Gray_Spot (430).jpg,Gray_Leaf_Spot,2820,1,0.882
Gray_Leaf_Spot\Corn_Gray_Spot (431).JPG,Gray_Leaf_Spot,2821,1,0.8468
Gray_Leaf_Spot\Corn_Gray_Spot (432).JPG,Gray_Leaf_Spot,2822,1,0.9154
Gray_Leaf_Spot\Corn_Gray_Spot (433).JPG,Gray_Leaf_Spot,2823,1,0.8929
Gray_Leaf_Spot\Corn_Gray_Spot (434).JPG,Gray_Leaf_Spot,2824,1,0.9222
Gray_Leaf_Spot\Corn_Gray_Spot (435).JPG,Gray_Leaf_Spot,2825,1,0.9021
Gray_Leaf_Spot\Corn_Gray_Spot (436).JPG,Gray_Leaf_Spot,2826,1,0.9113
Gray_Leaf_Spot\Corn_Gray_Spot (437).JPG,Gray_Leaf_Spot,2827,1,0.9206
Gray_Leaf_Spot\Corn_Gray_Spot (438).JPG,Gray_Leaf_Spot,2828,1,0.9018
Gray_Leaf_Spot\Corn_Gray_Spot (439).JPG,Gray_Leaf_Spot,2943,3,0.9566
Gray_Leaf_Spot\Corn_Gray_Spot (44).jpg,Gray_Leaf_Spot,2830,1,0.8898
Gray_Leaf_Spot\Corn_Gray_Spot (440).jpg,Gray_Leaf_Spot,2831,1,0.9097
Gray_Leaf_Spot\Corn_Gray_Spot (441).JPG,Gray_Leaf_Spot,2832,1,0.9037
Gray_Leaf_Spot\Corn_Gray_Spot (442).JPG,Gray_Leaf_Spot,2833,1,0.8991
Gray_Leaf_Spot\Corn_Gray_Spot (443).JPG,Gray_Leaf_Spot,2834,1,0.907
Gray_Leaf_Spot\Corn_Gray_Spot (444).JPG,Gray_Leaf_Spot,2835,1,0.8591
Gray_Leaf_Spot\Corn_Gray_Spot (445).JPG,Gray_Leaf_Spot,2836,1,0.9128
Gray_Leaf_Spot\Corn_Gray_Spot (446).JPG,Gray_Leaf_Spot,2837,1,0.9283
Gray_Leaf_Spot\Corn_Gray_Spot (447).JPG,Gray_Leaf_Spot,2838,1,0.9202
Gray_Leaf_Spot\Corn_Gray_Spot (448).JPG,Gray_Leaf_Spot,2839,1,0.9096
Gray_Leaf_Spot\Corn_Gray_Spot (449).JPG,Gray_Leaf_Spot,2840,1,0.8743
Gray_Leaf_Spot\Corn_Gray_Spot (45).jpg,Gray_Leaf_Spot,2841,1,0.8617
Gray_Leaf_Spot\Corn_Gray_Spot (450).JPG,Gray_Leaf_Spot,2842,1,0.9166
Gray_Leaf_Spot\Corn_Gray_Spot (451).jpg,Gray_Leaf_Spot,2843,1,0.8813
Gray_Leaf_Spot\Corn_Gray_Spot (452).JPG,Gray_Leaf_Spot,2844,1,0.9193
Gray_Leaf_Spot\Corn_Gray_Spot (453).JPG,Gray_Leaf_Spot,2845,1,0.8135
Gray_Leaf_Spot\Corn_Gray_Spot (454).JPG,Gray_Leaf_Spot,2846,1,0.9338
Gray_Leaf_Spot\Corn_Gray_Spot (455).JPG,Gray_Leaf_Spot,2847,1,0.8025
Gray_Leaf_Spot\Corn_Gray_Spot (456).JPG,Gray_Leaf_Spot,2848,1,0.9425
Gray_Leaf_Spot\Corn_Gray_Spot (457).JPG,Gray_Leaf_Spot,2849,1,0.9172
Gray_Leaf_Spot\Corn_Gray_Spot (458).JPG,Gray_Leaf_Spot,2850,1,0.9095
Gray_Leaf_Spot\Corn_Gray_Spot (459).JPG,Gray_Leaf_Spot,2851,1,0.9055
Gray_Leaf_Spot\Corn_Gray_Spot (46).jpg,Gray_Leaf_Spot,2852,1,0.8628
Gray_Leaf_Spot\Corn_Gray_Spot (460).JPG,Gray_Leaf_Spot,2853,1,0.8563
Gray_Leaf_Spot\Corn_Gray_Spot (461).JPG,Gray_Leaf_Spot,2854,1,0.8593
Gray_Leaf_Spot\Corn_Gray_Spot (462).JPG,Gray_Leaf_Spot,2855,1,0.8723
Gray_Leaf_Spot\Corn_Gray_Spot (463).JPG,Gray_Leaf_Spot,2856,1,0.9229
Gray_Leaf_Spot\Corn_Gray_Spot (464).JPG,Gray_Leaf_Spot,2857,1,0.8466
Gray_Leaf_Spot\Corn_Gray_Spot (465).JPG,Gray_Leaf_Spot,2858,1,0.8706
Gray_Leaf_Spot\Corn_Gray_Spot (466).JPG,Gray_Leaf_Spot,2859,1,0.9283
Gray_Leaf_Spot\Corn_Gray_Spot (467).JPG,Gray_Leaf_Spot,2860,1,0.873
Gray_Leaf_Spot\Corn_Gray_Spot (468).JPG,Gray_Leaf_Spot,2861,1,0.9106
Gray_Leaf_Spot\Corn_Gray_Spot (469).JPG,Gray_Leaf_Spot,2862,1,0.821
Gray_Leaf_Spot\Corn_Gray_Spot (47).jpg,Gray_Leaf_Spot,2863,1,0.8415
Gray_Leaf_Spot\Corn_Gray_Spot (470).JPG,Gray_Leaf_Spot,2864,1,0.9166
Gray_Leaf_Spot\Corn_Gray_Spot (471).JPG,Gray_Leaf_Spot,2865,1,0.942
Gray_Leaf_Spot\Corn_Gray_Spot (472).JPG,Gray_Leaf_Spot,2866,1,0.8826
Gray_Leaf_Spot\Corn_Gray_Spot (473).jpg,Gray_Leaf_Spot,2867,1,0.9008
Gray_Leaf_Spot\Corn_Gray_Spot (474).jpg,Gray_Leaf_Spot,2868,1,0.8937
Gray_Leaf_Spot\Corn_Gray_Spot (475).JPG,Gray_Leaf_Spot,2869,1,0.9108
Gray_Leaf_Spot\Corn_Gray_Spot (476).JPG,Gray_Leaf_Spot,2870,1,0.8792
Gray_Leaf_Spot\Corn_Gray_Spot (477).JPG,Gray_Leaf_Spot,2871,1,0.8393
Gray_Leaf_Spot\Corn_Gray_Spot (478).JPG,Gray_Leaf_Spot,2872,1,0.9206
Gray_Leaf_Spot\Corn_Gray_Spot (479).JPG,Gray_Leaf_Spot,2873,1,0.8322
Gray_Leaf_Spot\Corn_Gray_Spot (48).jpg,Gray_Leaf_Spot,2874,1,0.906
Gray_Leaf_Spot\Corn_Gray_Spot (480).jpg,Gray_Leaf_Spot,2875,1,0.9156
Gray_Leaf_Spot\Corn_Gray_Spot (481).JPG,Gray_Leaf_Spot,2876,1,0.7386
Gray_Leaf_Spot\Corn_Gray_Spot (482).JPG,Gray_Leaf_Spot,2877,1,0.9228
Gray_Leaf_Spot\Corn_Gray_Spot (483).JPG,Gray_Leaf_Spot,2878,1,0.9497
Gray_Leaf_Spot\Corn_Gray_Spot (484).JPG,Gray_Leaf_Spot,2879,1,0.8916
Gray_Leaf_Spot\Corn_Gray_Spot (485).JPG,Gray_Leaf_Spot,2880,1,0.9435
Gray_Leaf_Spot\Corn_Gray_Spot (486).JPG,Gray_Leaf_Spot,2881,1,0.9231
Gray_Leaf_Spot\Corn_Gray_Spot (487).JPG,Gray_Leaf_Spot,2882,1,0.9464
Gray_Leaf_Spot\Corn_Gray_Spot (488).JPG,Gray_Leaf_Spot,2883,1,0.8102
Gray_Leaf_Spot\Corn_Gray_Spot (489).JPG,Gray_Leaf_Spot,2884,1,0.89
Gray_Leaf_Spot\Corn_Gray_Spot (49).JPG,Gray_Leaf_Spot,2885,1,0.8752
Gray_Leaf_Spot\Corn_Gray_Spot (490).JPG,Gray_Leaf_Spot,2886,2,0.9609
Gray_Leaf_Spot\Corn_Gray_Spot (491).JPG,Gray_Leaf_Spot,2887,1,0.8993
Gray_Leaf_Spot\Corn_Gray_Spot (492).JPG,Gray_Leaf_Spot,2888,1,0.8725
Gray_Leaf_Spot\Corn_Gray_Spot (493).JPG,Gray_Leaf_Spot,2889,1,0.9172
Gray_Leaf_Spot\Corn_Gray_Spot (494).JPG,Gray_Leaf_Spot,2890,1,0.9482
Gray_Leaf_Spot\Corn_Gray_Spot (495).jpg,Gray_Leaf_Spot,2891,1,0.9474
Gray_Leaf_Spot\Corn_Gray_Spot (496).JPG,Gray_Leaf_Spot,2892,1,0.8854
Gray_Leaf_Spot\Corn_Gray_Spot (497).jpg,Gray_Leaf_Spot,2893,1,0.8607
Gray_Leaf_Spot\Corn_Gray_Spot (498).JPG,Gray_Leaf_Spot,2894,1,0.8966
Gray_Leaf_Spot\Corn_Gray_Spot (499).JPG,Gray_Leaf_Spot,2895,1,0.902
Gray_Leaf_Spot\Corn_Gray_Spot (5).jpg,Gray_Leaf_Spot,2896,1,0.8832
Gray_Leaf_Spot\Corn_Gray_Spot (50).JPG,Gray_Leaf_Spot,2897,1,0.9116
Gray_Leaf_Spot\Corn_Gray_Spot (500).JPG,Gray_Leaf_Spot,2898,1,0.9268
Gray_Leaf_Spot\Corn_Gray_Spot (501).JPG,Gray_Leaf_Spot,3014,2,0.9538
Gray_Leaf_Spot\Corn_Gray_Spot (502).JPG,Gray_Leaf_Spot,2900,1,0.812
Gray_Leaf_Spot\Corn_Gray_Spot (503).JPG,Gray_Leaf_Spot,2901,1,0.8723
Gray_Leaf_Spot\Corn_Gray_Spot (504).JPG,Gray_Leaf_Spot,2902,1,0.9464
Gray_Leaf_Spot\Corn_Gray_Spot (505).JPG,Gray_Leaf_Spot,2903,1,0.9462
Gray_Leaf_Spot\Corn_Gray_Spot (506).JPG,Gray_Leaf_Spot,2904,1,0.8703
Gray_Leaf_Spot\Corn_Gray_Spot (507).JPG,Gray_Leaf_Spot,2905,1,0.8941
Gray_Leaf_Spot\Corn_Gray_Spot (508).jpg,Gray_Leaf_Spot,2906,1,0.9222
Gray_Leaf_Spot\Corn_Gray_Spot (509).jpg,Gray_Leaf_Spot,2907,1,0.9417
Gray_Leaf_Spot\Corn_Gray_Spot (51).JPG,Gray_Leaf_Spot,2908,1,0.9027
Gray_Leaf_Spot\Corn_Gray_Spot (510).JPG,Gray_Leaf_Spot,2909,1,0.9253
Gray_Leaf_Spot\Corn_Gray_Spot (511).JPG,Gray_Leaf_Spot,2910,1,0.8844
Gray_Leaf_Spot\Corn_Gray_Spot (512).JPG,Gray_Leaf_Spot,2911,1,0.8322
Gray_Leaf_Spot\Corn_Gray_Spot (513).JPG,Gray_Leaf_Spot,2912,1,0.8824
Gray_Leaf_Spot\Corn_Gray_Spot (514).JPG,Gray_Leaf_Spot,2913,1,0.9398
Gray_Leaf_Spot\Corn_Gray_Spot (515).JPG,Gray_Leaf_Spot,2914,1,0.9078
Gray_Leaf_Spot\Corn_Gray_Spot (516).JPG,Gray_Leaf_Spot,2915,1,0.9399
Gray_Leaf_Spot\Corn_Gray_Spot (517).JPG,Gray_Leaf_Spot,2916,1,0.9204
Gray_Leaf_Spot\Corn_Gray_Spot (518).jpg,Gray_Leaf_Spot,2917,1,0.9098
Gray_Leaf_Spot\Corn_Gray_Spot (519).JPG,Gray_Leaf_Spot,2918,1,0.8901
Gray_Leaf_Spot\Corn_Gray_Spot (52).jpg,Gray_Leaf_Spot,2919,1,0.8529
Gray_Leaf_Spot\Corn_Gray_Spot (520).JPG,Gray_Leaf_Spot,2920,1,0.9261
Gray_Leaf_Spot\Corn_Gray_Spot (521).JPG,Gray_Leaf_Spot,2921,1,0.8684
Gray_Leaf_Spot\Corn_Gray_Spot (522).jpg,Gray_Leaf_Spot,2922,1,0.9107
Gray_Leaf_Spot\Corn_Gray_Spot (523).jpg,Gray_Leaf_Spot,2923,1,0.8717
Gray_Leaf_Spot\Corn_Gray_Spot (524).JPG,Gray_Leaf_Spot,2924,1,0.906
Gray_Leaf_Spot\Corn_Gray_Spot (525).JPG,Gray_Leaf_Spot,2925,1,0.8974
Gray_Leaf_Spot\Corn_Gray_Spot (526).JPG,Gray_Leaf_Spot,2926,1,0.8808
Gray_Leaf_Spot\Corn_Gray_Spot (527).JPG,Gray_Leaf_Spot,2927,1,0.9251
Gray_Leaf_Spot\Corn_Gray_Spot (528).JPG,Gray_Leaf_Spot,2928,1,0.7948
Gray_Leaf_Spot\Corn_Gray_Spot (529).jpg,Gray_Leaf_Spot,2929,1,0.7457
Gray_Leaf_Spot\Corn_Gray_Spot (53).JPG,Gray_Leaf_Spot,2930,1,0.9327
Gray_Leaf_Spot\Corn_Gray_Spot (530).JPG,Gray_Leaf_Spot,2931,1,0.9146
Gray_Leaf_Spot\Corn_Gray_Spot (531).JPG,Gray_Leaf_Spot,2932,1,0.9339
Gray_Leaf_Spot\Corn_Gray_Spot (532).JPG,Gray_Leaf_Spot,2933,1,0.9135
Gray_Leaf_Spot\Corn_Gray_Spot (533).JPG,Gray_Leaf_Spot,2934,1,0.9436
Gray_Leaf_Spot\Corn_Gray_Spot (534).JPG,Gray_Leaf_Spot,2935,1,0.8968
Gray_Leaf_Spot\Corn_Gray_Spot (535).JPG,Gray_Leaf_Spot,2936,1,0.8595
Gray_Leaf_Spot\Corn_Gray_Spot (536).JPG,Gray_Leaf_Spot,2937,1,0.8797
Gray_Leaf_Spot\Corn_Gray_Spot (537).JPG,Gray_Leaf_Spot,2938,1,0.8755
Gray_Leaf_Spot\Corn_Gray_Spot (538).JPG,Gray_Leaf_Spot,2939,1,0.9461
Gray_Leaf_Spot\Corn_Gray_Spot (539).JPG,Gray_Leaf_Spot,2940,1,0.9098
Gray_Leaf_Spot\Corn_Gray_Spot (54).JPG,Gray_Leaf_Spot,2941,1,0.9056
Gray_Leaf_Spot\Corn_Gray_Spot (540).jpg,Gray_Leaf_Spot,2942,1,0.8805
Gray_Leaf_Spot\Corn_Gray_Spot (541).JPG,Gray_Leaf_Spot,2943,3,0.9536
Gray_Leaf_Spot\Corn_Gray_Spot (542).jpg,Gray_Leaf_Spot,2944,1,0.7951
Gray_Leaf_Spot\Corn_Gray_Spot (543).JPG,Gray_Leaf_Spot,2945,1,0.9069
Gray_Leaf_Spot\Corn_Gray_Spot (544).JPG,Gray_Leaf_Spot,2946,1,0.9255
Gray_Leaf_Spot\Corn_Gray_Spot (545).JPG,Gray_Leaf_Spot,2947,1,0.9339
Gray_Leaf_Spot\Corn_Gray_Spot (546).jpg,Gray_Leaf_Spot,2948,1,0.8338
Gray_Leaf_Spot\Corn_Gray_Spot (547).JPG,Gray_Leaf_Spot,2949,1,0.9014
Gray_Leaf_Spot\Corn_Gray_Spot (548).JPG,Gray_Leaf_Spot,2950,1,0.8991
Gray_Leaf_Spot\Corn_Gray_Spot (549).JPG,Gray_Leaf_Spot,2951,1,0.897
Gray_Leaf_Spot\Corn_Gray_Spot (55).jpg,Gray_Leaf_Spot,2952,2,0.9698
Gray_Leaf_Spot\Corn_Gray_Spot (550).JPG,Gray_Leaf_Spot,2953,1,0.8865
Gray_Leaf_Spot\Corn_Gray_Spot (551).JPG,Gray_Leaf_Spot,2954,1,0.9045
Gray_Leaf_Spot\Corn_Gray_Spot (552).JPG,Gray_Leaf_Spot,2955,1,0.9209
Gray_Leaf_Spot\Corn_Gray_Spot (553).JPG,Gray_Leaf_Spot,2956,1,0.9141
Gray_Leaf_Spot\Corn_Gray_Spot (554).JPG,Gray_Leaf_Spot,2957,1,0.8324
Gray_Leaf_Spot\Corn_Gray_Spot (555).JPG,Gray_Leaf_Spot,3019,4,0.9504
Gray_Leaf_Spot\Corn_Gray_Spot (556).jpg,Gray_Leaf_Spot,2959,1,0.8865
Gray_Leaf_Spot\Corn_Gray_Spot (557).jpg,Gray_Leaf_Spot,2960,1,0.826
Gray_Leaf_Spot\Corn_Gray_Spot (558).JPG,Gray_Leaf_Spot,2961,1,0.9377
Gray_Leaf_Spot\Corn_Gray_Spot (559).JPG,Gray_Leaf_Spot,2962,1,0.9249
Gray_Leaf_Spot\Corn_Gray_Spot (56).JPG,Gray_Leaf_Spot,2963,1,0.8946
Gray_Leaf_Spot\Corn_Gray_Spot (560).JPG,Gray_Leaf_Spot,2964,1,0.8855
Gray_Leaf_Spot\Corn_Gray_Spot (561).JPG,Gray_Leaf_Spot,2965,1,0.8873
Gray_Leaf_Spot\Corn_Gray_Spot (562).jpg,Gray_Leaf_Spot,2966,1,0.8713
Gray_Leaf_Spot\Corn_Gray_Spot (563).jpg,Gray_Leaf_Spot,2967,1,0.8837
Gray_Leaf_Spot\Corn_Gray_Spot (564).jpg,Gray_Leaf_Spot,2968,2,1.0
Gray_Leaf_Spot\Corn_Gray_Spot (565).jpg,Gray_Leaf_Spot,2969,1,0.8866
Gray_Leaf_Spot\Corn_Gray_Spot (566).jpg,Gray_Leaf_Spot,2970,1,0.8815
Gray_Leaf_Spot\Corn_Gray_Spot (567).jpg,Gray_Leaf_Spot,2971,1,0.8837
Gray_Leaf_Spot\Corn_Gray_Spot (568).jpg,Gray_Leaf_Spot,2972,1,0.8503
Gray_Leaf_Spot\Corn_Gray_Spot (569).jpg,Gray_Leaf_Spot,2973,1,0.8765
Gray_Leaf_Spot\Corn_Gray_Spot (57).JPG,Gray_Leaf_Spot,2974,1,0.874
Gray_Leaf_Spot\Corn_Gray_Spot (570).jpg,Gray_Leaf_Spot,2975,1,0.8755
Gray_Leaf_Spot\Corn_Gray_Spot (571).jpg,Gray_Leaf_Spot,2976,1,0.8575
Gray_Leaf_Spot\Corn_Gray_Spot (572).jpg,Gray_Leaf_Spot,2977,1,0.9249
Gray_Leaf_Spot\Corn_Gray_Spot (573).jpg,Gray_Leaf_Spot,2978,1,0.9391
Gray_Leaf_Spot\Corn_Gray_Spot (574).jpg,Gray_Leaf_Spot,2979,1,0.8113
Gray_Leaf_Spot\Corn_Gray_Spot (58).JPG,Gray_Leaf_Spot,2980,1,0.9041
Gray_Leaf_Spot\Corn_Gray_Spot (59).JPG,Gray_Leaf_Spot,2981,1,0.914
Gray_Leaf_Spot\Corn_Gray_Spot (6).jpg,Gray_Leaf_Spot,2982,1,0.8726
Gray_Leaf_Spot\Corn_Gray_Spot (60).JPG,Gray_Leaf_Spot,2983,1,0.8772
Gray_Leaf_Spot\Corn_Gray_Spot (61).JPG,Gray_Leaf_Spot,2984,1,0.8725
Gray_Leaf_Spot\Corn_Gray_Spot (62).JPG,Gray_Leaf_Spot,2985,1,0.7698
Gray_Leaf_Spot\Corn_Gray_Spot (63).JPG,Gray_Leaf_Spot,2986,1,0.9112
Gray_Leaf_Spot\Corn_Gray_Spot (64).JPG,Gray_Leaf_Spot,2987,1,0.9345
Gray_Leaf_Spot\Corn_Gray_Spot (65).JPG,Gray_Leaf_Spot,2988,1,0.9474
Gray_Leaf_Spot\Corn_Gray_Spot (66).JPG,Gray_Leaf_Spot,2989,1,0.9067
Gray_Leaf_Spot\Corn_Gray_Spot (67).JPG,Gray_Leaf_Spot,2990,1,0.8691
Gray_Leaf_Spot\Corn_Gray_Spot (68).jpg,Gray_Leaf_Spot,2991,1,0.9377
Gray_Leaf_Spot\Corn_Gray_Spot (69).JPG,Gray_Leaf_Spot,2992,1,0.9053
Gray_Leaf_Spot\Corn_Gray_Spot (7).jpg,Gray_Leaf_Spot,2993,1,0.8751
Gray_Leaf_Spot\Corn_Gray_Spot (70).JPG,Gray_Leaf_Spot,2994,1,0.9309
Gray_Leaf_Spot\Corn_Gray_Spot (71).JPG,Gray_Leaf_Spot,2995,1,0.95
Gray_Leaf_Spot\Corn_Gray_Spot (72).JPG,Gray_Leaf_Spot,2996,1,0.891
Gray_Leaf_Spot\Corn_Gray_Spot (73).JPG,Gray_Leaf_Spot,2997,1,0.8512
Gray_Leaf_Spot\Corn_Gray_Spot (74).JPG,Gray_Leaf_Spot,2998,1,0.8424
Gray_Leaf_Spot\Corn_Gray_Spot (75).jpg,Gray_Leaf_Spot,2999,1,0.8983
Gray_Leaf_Spot\Corn_Gray_Spot (76).JPG,Gray_Leaf_Spot,3000,1,0.8662
Gray_Leaf_Spot\Corn_Gray_Spot (77).JPG,Gray_Leaf_Spot,3001,1,0.9399
Gray_Leaf_Spot\Corn_Gray_Spot (78).JPG,Gray_Leaf_Spot,3002,1,0.9461
Gray_Leaf_Spot\Corn_Gray_Spot (79).jpg,Gray_Leaf_Spot,3003,1,0.91
Gray_Leaf_Spot\Corn_Gray_Spot (8).jpg,Gray_Leaf_Spot,3004,1,0.905
Gray_Leaf_Spot\Corn_Gray_Spot (80).JPG,Gray_Leaf_Spot,3005,1,0.9294
Gray_Leaf_Spot\Corn_Gray_Spot (81).JPG,Gray_Leaf_Spot,3006,1,0.9257
Gray_Leaf_Spot\Corn_Gray_Spot (82).JPG,Gray_Leaf_Spot,3007,1,0.9186
Gray_Leaf_Spot\Corn_Gray_Spot (83).JPG,Gray_Leaf_Spot,3008,1,0.8656
Gray_Leaf_Spot\Corn_Gray_Spot (84).JPG,Gray_Leaf_Spot,3009,1,0.8919
Gray_Leaf_Spot\Corn_Gray_Spot (85).JPG,Gray_Leaf_Spot,3010,1,0.8751
Gray_Leaf_Spot\Corn_Gray_Spot (86).JPG,Gray_Leaf_Spot,3011,1,0.9045
Gray_Leaf_Spot\Corn_Gray_Spot (87).JPG,Gray_Leaf_Spot,3012,1,0.9067
Gray_Leaf_Spot\Corn_Gray_Spot (88).JPG,Gray_Leaf_Spot,3013,1,0.9268
Gray_Leaf_Spot\Corn_Gray_Spot (89).JPG,Gray_Leaf_Spot,3014,2,0.9538
Gray_Leaf_Spot\Corn_Gray_Spot (9).jpg,Gray_Leaf_Spot,3015,1,0.9405
Gray_Leaf_Spot\Corn_Gray_Spot (90).JPG,Gray_Leaf_Spot,3016,1,0.933
Gray_Leaf_Spot\Corn_Gray_Spot (91).JPG,Gray_Leaf_Spot,3017,1,0.9267
Gray_Leaf_Spot\Corn_Gray_Spot (92).JPG,Gray_Leaf_Spot,3018,1,0.8867
Gray_Leaf_Spot\Corn_Gray_Spot (93).JPG,Gray_Leaf_Spot,3019,4,0.9627
Gray_Leaf_Spot\Corn_Gray_Spot (94).JPG,Gray_Leaf_Spot,3020,1,0.9055
Gray_Leaf_Spot\Corn_Gray_Spot (95).JPG,Gray_Leaf_Spot,3021,1,0.9073
Gray_Leaf_Spot\Corn_Gray_Spot (96).JPG,Gray_Leaf_Spot,3022,1,0.8615
Gray_Leaf_Spot\Corn_Gray_Spot (97).JPG,Gray_Leaf_Spot,3023,1,0.8688
Gray_Leaf_Spot\Corn_Gray_Spot (98).jpg,Gray_Leaf_Spot,3024,1,0.9338
Gray_Leaf_Spot\Corn_Gray_Spot (99).JPG,Gray_Leaf_Spot,3025,1,0.9173
Healthy\Corn_Health (1).jpg,Healthy,3026,1,0.915
Healthy\Corn_Health (10).jpg,Healthy,3027,1,0.9139
Healthy\Corn_Health (100).jpg,Healthy,3107,2,0.9512
Healthy\Corn_Health (1000).jpg,Healthy,3029,1,0.9044
Healthy\Corn_Health (1001).jpg,Healthy,3030,1,0.8956
Healthy\Corn_Health (1002).jpg,Healthy,3031,1,0.7604
Healthy\Corn_Health (1003).jpg,Healthy,3032,1,0.903
Healthy\Corn_Health (1004).jpg,Healthy,3033,1,0.8942
Healthy\Corn_Health (1005).jpg,Healthy,3034,1,0.9263
Healthy\Corn_Health (1006).jpg,Healthy,3035,1,0.9038
Healthy\Corn_Health (1007).jpg,Healthy,3036,1,0.9201
Healthy\Corn_Health (1008).jpg,Healthy,3037,1,0.9472
Healthy\Corn_Health (1009).jpg,Healthy,3038,1,0.9331
Healthy\Corn_Health (101).jpg,Healthy,3039,1,0.9355
Healthy\Corn_Health (1010).jpg,Healthy,3040,1,0.9351
Healthy\Corn_Health (1011).jpg,Healthy,3041,1,0.8926
Healthy\Corn_Health (1012).JPG,Healthy,3042,1,0.8507
Healthy\Corn_Health (1013).jpg,Healthy,3043,1,0.827
Healthy\Corn_Health (1014).jpg,Healthy,3044,1,0.9185
Healthy\Corn_Health (1015).jpg,Healthy,3045,1,0.9145
Healthy\Corn_Health (1016).jpg,Healthy,3046,1,0.924
Healthy\Corn_Health (1017).jpg,Healthy,3047,1,0.8784
Healthy\Corn_Health (1018).jpg,Healthy,3048,1,0.9448
Healthy\Corn_Health (1019).jpg,Healthy,3049,1,0.9247
Healthy\Corn_Health (102).jpg,Healthy,3939,4,0.9531
Healthy\Corn_Health (1020).jpg,Healthy,3051,1,0.8663
Healthy\Corn_Health (1021).jpg,Healthy,3052,1,0.9194
Healthy\Corn_Health (1022).jpg,Healthy,3053,1,0.9213
Healthy\Corn_Health (1023).jpg,Healthy,3054,1,0.8959
Healthy\Corn_Health (1024).jpg,Healthy,3055,1,0.8779
Healthy\Corn_Health (1025).jpg,Healthy,3056,1,0.9207
Healthy\Corn_Health (1026).jpg,Healthy,3057,1,0.8265
Healthy\Corn_Health (1027).jpg,Healthy,3058,1,0.8046
Healthy\Corn_Health (1028).JPG,Healthy,3582,3,0.9851
Healthy\Corn_Health (1029).jpg,Healthy,3060,1,0.9475
Healthy\Corn_Health (103).jpg,Healthy,3061,1,0.9493
Healthy\Corn_Health (1030).jpg,Healthy,4167,2,0.951
Healthy\Corn_Health (1031).jpg,Healthy,3063,1,0.93
Healthy\Corn_Health (1032).jpg,Healthy,3064,1,0.9385
Healthy\Corn_Health (1033).jpg,Healthy,3065,1,0.919
Healthy\Corn_Health (1034).jpg,Healthy,3066,1,0.8999
Healthy\Corn_Health (1035).jpg,Healthy,3894,2,0.9555
Healthy\Corn_Health (1036).jpg,Healthy,3068,1,0.9286
Healthy\Corn_Health (1037).jpg,Healthy,3069,1,0.8837
Healthy\Corn_Health (1038).jpg,Healthy,3070,1,0.8847
Healthy\Corn_Health (1039).jpg,Healthy,3828,2,0.9617
Healthy\Corn_Health (104).jpg,Healthy,3072,1,0.9344
Healthy\Corn_Health (1040).jpg,Healthy,3073,1,0.8931
Healthy\Corn_Health (1041).jpg,Healthy,3074,1,0.9386
Healthy\Corn_Health (1042).jpg,Healthy,3075,1,0.938
Healthy\Corn_Health (1043).jpg,Healthy,3076,1,0.9274
Healthy\Corn_Health (1044).jpg,Healthy,3077,1,0.8228
Healthy\Corn_Health (1045).jpg,Healthy,3078,1,0.9395
Healthy\Corn_Health (1046).jpg,Healthy,3079,1,0.9239
Healthy\Corn_Health (1047).JPG,Healthy,3080,1,0.9355
Healthy\Corn_Health (1048).jpg,Healthy,3081,1,0.919
Healthy\Corn_Health (1049).jpg,Healthy,3082,1,0.9405
Healthy\Corn_Health (105).jpg,Healthy,3083,1,0.8544
Healthy\Corn_Health (1050).jpg,Healthy,3084,1,0.9289
Healthy\Corn_Health (1051).jpg,Healthy,3085,1,0.9165
Healthy\Corn_Health (1052).jpg,Healthy,3086,1,0.9356
Healthy\Corn_Health (1053).jpg,Healthy,3087,1,0.8946
Healthy\Corn_Health (1054).jpg,Healthy,3088,1,0.9094
Healthy\Corn_Health (1055).jpg,Healthy,3089,1,0.8273
Healthy\Corn_Health (1056).jpg,Healthy,3090,1,0.9131
Healthy\Corn_Health (1057).jpg,Healthy,3091,1,0.9247
Healthy\Corn_Health (1058).jpg,Healthy,3092,1,0.9384
Healthy\Corn_Health (1059).jpg,Healthy,3093,1,0.879
Healthy\Corn_Health (106).jpg,Healthy,3094,1,0.9267
Healthy\Corn_Health (1060).jpg,Healthy,3095,1,0.8773
Healthy\Corn_Health (1061).jpg,Healthy,3096,1,0.921
Healthy\Corn_Health (1062).jpg,Healthy,3097,1,0.9217
Healthy\Corn_Health (1063).jpg,Healthy,3098,1,0.9185
Healthy\Corn_Health (1064).jpg,Healthy,3099,1,0.9383
Healthy\Corn_Health (1065).jpg,Healthy,3100,1,0.8988
Healthy\Corn_Health (1066).jpg,Healthy,3322,2,0.9617
Healthy\Corn_Health (1067).jpg,Healthy,3102,1,0.8758
Healthy\Corn_Health (1068).jpg,Healthy,3103,1,0.9292
Healthy\Corn_Health (1069).jpg,Healthy,3104,1,0.8806
Healthy\Corn_Health (107).JPG,Healthy,3860,2,0.986
Healthy\Corn_Health (1070).jpg,Healthy,3106,1,0.8479
Healthy\Corn_Health (1071).jpg,Healthy,3107,2,0.9512
Healthy\Corn_Health (1072).jpg,Healthy,3108,1,0.8668
Healthy\Corn_Health (1073).jpg,Healthy,3109,1,0.862
Healthy\Corn_Health (1074).jpg,Healthy,3110,1,0.8903
Healthy\Corn_Health (1075).jpg,Healthy,3111,1,0.9113
Healthy\Corn_Health (1076).jpg,Healthy,3112,1,0.9322
Healthy\Corn_Health (1077).jpg,Healthy,3113,1,0.8556
Healthy\Corn_Health (1078).jpg,Healthy,3114,1,0.9024
Healthy\Corn_Health (1079).jpg,Healthy,3115,1,0.9238
Healthy\Corn_Health (108).jpg,Healthy,3116,1,0.8292
Healthy\Corn_Health (1080).jpg,Healthy,3117,1,0.8827
Healthy\Corn_Health (1081).jpg,Healthy,3118,1,0.9198
Healthy\Corn_Health (1082).jpg,Healthy,3119,1,0.8454
Healthy\Corn_Health (1083).jpg,Healthy,3120,1,0.9138
Healthy\Corn_Health (1084).jpg,Healthy,3121,1,0.8697
Healthy\Corn_Health (1085).jpg,Healthy,3122,1,0.8034
Healthy\Corn_Health (1086).jpg,Healthy,3123,1,0.8764
Healthy\Corn_Health (1087).jpg,Healthy,3124,1,0.8963
Healthy\Corn_Health (1088).jpg,Healthy,3125,1,0.9452
Healthy\Corn_Health (1089).jpg,Healthy,3126,1,0.9248
Healthy\Corn_Health (109).jpg,Healthy,3127,1,0.9146
Healthy\Corn_Health (1090).jpg,Healthy,3128,1,0.8865
Healthy\Corn_Health (1091).jpg,Healthy,3129,1,0.937
Healthy\Corn_Health (1092).jpg,Healthy,3130,1,0.9093
Healthy\Corn_Health (1093).jpg,Healthy,3131,1,0.9097
Healthy\Corn_Health (1094).jpg,Healthy,3132,1,0.9054
Healthy\Corn_Health (1095).jpg,Healthy,3133,1,0.9284
Healthy\Corn_Health (1096).jpg,Healthy,3134,1,0.9142
Healthy\Corn_Health (1097).jpg,Healthy,3135,1,0.9255
Healthy\Corn_Health (1098).jpg,Healthy,3136,1,0.9348
Healthy\Corn_Health (1099).jpg,Healthy,3137,1,0.8775
Healthy\Corn_Health (11).jpg,Healthy,3138,1,0.8833
Healthy\Corn_Health (110).jpg,Healthy,3139,1,0.8828
Healthy\Corn_Health (1100).jpg,Healthy,3140,1,0.8634
Healthy\Corn_Health (1101).jpg,Healthy,3141,1,0.8802
Healthy\Corn_Health (1102).jpg,Healthy,3142,1,0.9335
Healthy\Corn_Health (1103).jpg,Healthy,3143,1,0.9421
Healthy\Corn_Health (1104).jpg,Healthy,3144,1,0.8784
Healthy\Corn_Health (1105).jpg,Healthy,3145,1,0.8915
Healthy\Corn_Health (1106).jpg,Healthy,3146,1,0.9321
Healthy\Corn_Health (1107).jpg,Healthy,3147,1,0.8241
Healthy\Corn_Health (1108).jpg,Healthy,3148,1,0.7612
Healthy\Corn_Health (1109).jpg,Healthy,3149,1,0.8482
Healthy\Corn_Health (111).jpg,Healthy,3150,1,0.9352
Healthy\Corn_Health (1110).jpg,Healthy,3151,1,0.9251
Healthy\Corn_Health (1111).jpg,Healthy,3152,1,0.9053
Healthy\Corn_Health (1112).jpg,Healthy,3153,1,0.9141
Healthy\Corn_Health (1113).jpg,Healthy,4149,2,0.9679
Healthy\Corn_Health (1114).jpg,Healthy,3155,1,0.8827
Healthy\Corn_Health (1115).jpg,Healthy,3156,1,0.9018
Healthy\Corn_Health (1116).jpg,Healthy,3157,1,0.9355
Healthy\Corn_Health (1117).jpg,Healthy,3158,1,0.9209
Healthy\Corn_Health (1118).jpg,Healthy,3159,1,0.9459
Healthy\Corn_Health (1119).jpg,Healthy,3160,1,0.8977
Healthy\Corn_Health (112).jpg,Healthy,3161,1,0.9114
Healthy\Corn_Health (1120).jpg,Healthy,3162,1,0.8111
Healthy\Corn_Health (1121).jpg,Healthy,3163,1,0.9425
Healthy\Corn_Health (1122).jpg,Healthy,3164,1,0.9344
Healthy\Corn_Health (1123).jpg,Healthy,3165,1,0.9329
Healthy\Corn_Health (1124).jpg,Healthy,3166,1,0.8613
Healthy\Corn_Health (1125).jpg,Healthy,3167,1,0.8927
Healthy\Corn_Health (1126).jpg,Healthy,3168,1,0.833
Healthy\Corn_Health (1127).jpg,Healthy,3169,1,0.8675
Healthy\Corn_Health (1128).jpg,Healthy,3170,1,0.8844
Healthy\Corn_Health (1129).jpg,Healthy,3171,1,0.8447
Healthy\Corn_Health (113).jpg,Healthy,3172,1,0.9187
Healthy\Corn_Health (1130).jpg,Healthy,3803,5,0.9521
Healthy\Corn_Health (1131).jpg,Healthy,3174,1,0.8581
Healthy\Corn_Health (1132).jpg,Healthy,3175,1,0.9148
Healthy\Corn_Health (1133).jpg,Healthy,3176,1,0.9368
Healthy\Corn_Health (1134).jpg,Healthy,3177,1,0.8971
Healthy\Corn_Health (1135).jpg,Healthy,3178,1,0.887
Healthy\Corn_Health (1136).jpg,Healthy,3179,1,0.8478
Healthy\Corn_Health (1137).jpg,Healthy,3180,1,0.8533
Healthy\Corn_Health (1138).jpg,Healthy,3181,1,0.8451
Healthy\Corn_Health (1139).jpg,Healthy,3182,1,0.944
Healthy\Corn_Health (114).jpg,Healthy,3183,1,0.9311
Healthy\Corn_Health (1140).jpg,Healthy,3184,1,0.9083
Healthy\Corn_Health (1141).jpg,Healthy,3564,2,0.9573
Healthy\Corn_Health (1142).jpg,Healthy,3186,1,0.9042
Healthy\Corn_Health (1143).jpg,Healthy,3187,1,0.8889
Healthy\Corn_Health (1144).jpg,Healthy,3188,1,0.945
Healthy\Corn_Health (1145).jpg,Healthy,3189,1,0.8996
Healthy\Corn_Health (1146).jpg,Healthy,3190,1,0.9082
Healthy\Corn_Health (1147).jpg,Healthy,3191,1,0.9099
Healthy\Corn_Health (1148).jpg,Healthy,3192,1,0.913
Healthy\Corn_Health (1149).jpg,Healthy,3193,1,0.9204
Healthy\Corn_Health (115).jpg,Healthy,3194,1,0.9413
Healthy\Corn_Health (1150).jpg,Healthy,3195,1,0.8124
Healthy\Corn_Health (1151).jpg,Healthy,3196,1,0.9016
Healthy\Corn_Health (1152).jpg,Healthy,3197,1,0.8886
Healthy\Corn_Health (1153).jpg,Healthy,3198,1,0.8935
Healthy\Corn_Health (1154).jpg,Healthy,3199,1,0.889
Healthy\Corn_Health (1155).jpg,Healthy,3200,1,0.9249
Healthy\Corn_Health (1156).jpg,Healthy,3201,1,0.9333
Healthy\Corn_Health (1157).jpg,Healthy,3202,1,0.8749
Healthy\Corn_Health (1158).jpg,Healthy,3203,1,0.904
Healthy\Corn_Health (1159).jpg,Healthy,3204,1,0.8765
Healthy\Corn_Health (116).jpg,Healthy,3225,2,0.9588
Healthy\Corn_Health (1160).jpg,Healthy,3206,1,0.8919
Healthy\Corn_Health (1161).jpg,Healthy,3207,1,0.9344
Healthy\Corn_Health (1162).jpg,Healthy,3208,1,0.9033
Healthy\Corn_Health (117).jpg,Healthy,3209,1,0.8724
Healthy\Corn_Health (118).jpg,Healthy,3210,1,0.8648
Healthy\Corn_Health (119).jpg,Healthy,3211,1,0.9059
Healthy\Corn_Health (12).jpg,Healthy,3212,1,0.8659
Healthy\Corn_Health (120).jpg,Healthy,3213,1,0.897
Healthy\Corn_Health (121).jpg,Healthy,3214,1,0.9145
Healthy\Corn_Health (122).jpg,Healthy,3215,1,0.9488
Healthy\Corn_Health (123).jpg,Healthy,3216,1,0.8864
Healthy\Corn_Health (124).jpg,Healthy,3217,1,0.8868
Healthy\Corn_Health (125).jpg,Healthy,3218,1,0.9298
Healthy\Corn_Health (126).jpg,Healthy,3816,2,0.9586
Healthy\Corn_Health (127).jpg,Healthy,3220,1,0.8894
Healthy\Corn_Health (128).jpg,Healthy,3221,1,0.911
Healthy\Corn_Health (129).jpg,Healthy,3222,1,0.9209
Healthy\Corn_Health (13).jpg,Healthy,3223,1,0.9125
Healthy\Corn_Health (130).jpg,Healthy,3224,1,0.9329
Healthy\Corn_Health (131).jpg,Healthy,3225,2,0.9588
Healthy\Corn_Health (132).jpg,Healthy,3226,1,0.9147
Healthy\Corn_Health (133).jpg,Healthy,3227,1,0.9242
Healthy\Corn_Health (134).jpg,Healthy,3228,1,0.9462
Healthy\Corn_Health (135).jpg,Healthy,3229,1,0.8235
Healthy\Corn_Health (136).jpg,Healthy,3230,1,0.9392
Healthy\Corn_Health (137).jpg,Healthy,3822,2,0.9709
Healthy\Corn_Health (138).jpg,Healthy,3232,1,0.917
Healthy\Corn_Health (139).jpg,Healthy,3233,1,0.9493
Healthy\Corn_Health (14).jpg,Healthy,3234,1,0.8568
Healthy\Corn_Health (140).jpg,Healthy,3235,1,0.917
Healthy\Corn_Health (141).jpg,Healthy,3236,1,0.9082
Healthy\Corn_Health (142).jpg,Healthy,3237,1,0.9409
Healthy\Corn_Health (143).jpg,Healthy,3238,1,0.8607
Healthy\Corn_Health (144).jpg,Healthy,3239,1,0.8639
Healthy\Corn_Health (145).jpg,Healthy,3240,1,0.9247
Healthy\Corn_Health (146).jpg,Healthy,3241,1,0.934
Healthy\Corn_Health (147).jpg,Healthy,3242,1,0.9354
Healthy\Corn_Health (148).jpg,Healthy,3243,1,0.8975
Healthy\Corn_Health (149).jpg,Healthy,3244,1,0.8546
Healthy\Corn_Health (15).jpg,Healthy,3245,1,0.8965
Healthy\Corn_Health (150).jpg,Healthy,3246,1,0.9402
Healthy\Corn_Health (151).jpg,Healthy,3247,1,0.8871
Healthy\Corn_Health (152).jpg,Healthy,3248,1,0.7922
Healthy\Corn_Health (153).jpg,Healthy,3249,1,0.9157
Healthy\Corn_Health (154).jpg,Healthy,3250,1,0.9258
Healthy\Corn_Health (155).jpg,Healthy,3251,1,0.8979
Healthy\Corn_Health (156).jpg,Healthy,3252,1,0.9176
Healthy\Corn_Health (157).jpg,Healthy,3253,1,0.932
Healthy\Corn_Health (158).jpg,Healthy,3254,1,0.8822
Healthy\Corn_Health (159).jpg,Healthy,3255,1,0.9334
Healthy\Corn_Health (16).jpg,Healthy,3256,1,0.9106
Healthy\Corn_Health (160).jpg,Healthy,3257,1,0.9275
Healthy\Corn_Health (161).jpg,Healthy,3258,1,0.9206
Healthy\Corn_Health (162).jpg,Healthy,3259,1,0.941
Healthy\Corn_Health (163).jpg,Healthy,3260,1,0.8531
Healthy\Corn_Health (164).jpg,Healthy,3261,1,0.9407
Healthy\Corn_Health (165).jpg,Healthy,3262,1,0.941
Healthy\Corn_Health (166).jpg,Healthy,3263,1,0.9293
Healthy\Corn_Health (167).jpg,Healthy,3264,1,0.9393
Healthy\Corn_Health (168).jpg,Healthy,3265,1,0.8996
Healthy\Corn_Health (169).jpg,Healthy,3266,1,0.9208
Healthy\Corn_Health (17).jpg,Healthy,3267,1,0.9246
Healthy\Corn_Health (170).jpg,Healthy,3268,1,0.9464
Healthy\Corn_Health (171).jpg,Healthy,3269,1,0.8865
Healthy\Corn_Health (172).jpg,Healthy,3270,1,0.9098
Healthy\Corn_Health (173).jpg,Healthy,3271,1,0.8498
Healthy\Corn_Health (174).jpg,Healthy,3272,1,0.8779
Healthy\Corn_Health (175).jpg,Healthy,3273,1,0.9325
Healthy\Corn_Health (176).JPG,Healthy,3667,3,0.9639
Healthy\Corn_Health (177).jpg,Healthy,3275,1,0.9241
Healthy\Corn_Health (178).jpg,Healthy,3276,1,0.9022
Healthy\Corn_Health (179).jpg,Healthy,3277,1,0.933
Healthy\Corn_Health (18).jpg,Healthy,3278,1,0.921
Healthy\Corn_Health (180).jpg,Healthy,3279,1,0.9167
Healthy\Corn_Health (181).jpg,Healthy,3280,1,0.9416
Healthy\Corn_Health (182).jpg,Healthy,3281,1,0.8906
Healthy\Corn_Health (183).jpg,Healthy,3282,1,0.8795
Healthy\Corn_Health (184).jpg,Healthy,3283,1,0.8511
Healthy\Corn_Health (185).jpg,Healthy,3284,1,0.9175
Healthy\Corn_Health (186).jpg,Healthy,3285,1,0.9072
Healthy\Corn_Health (187).jpg,Healthy,3286,1,0.9276
Healthy\Corn_Health (188).jpg,Healthy,3287,1,0.9176
Healthy\Corn_Health (189).jpg,Healthy,3288,1,0.9292
Healthy\Corn_Health (19).jpg,Healthy,3289,1,0.9213
Healthy\Corn_Health (190).jpg,Healthy,3290,1,0.9185
Healthy\Corn_Health (191).jpg,Healthy,3291,1,0.8173
Healthy\Corn_Health (192).jpg,Healthy,3292,1,0.8639
Healthy\Corn_Health (193).jpg,Healthy,3293,1,0.8692
Healthy\Corn_Health (194).jpg,Healthy,3294,1,0.9251
Healthy\Corn_Health (195).jpg,Healthy,3295,1,0.9337
Healthy\Corn_Health (196).jpg,Healthy,3296,1,0.9245
Healthy\Corn_Health (197).jpg,Healthy,3297,1,0.9274
Healthy\Corn_Health (198).jpg,Healthy,3298,1,0.9015
Healthy\Corn_Health (199).JPG,Healthy,3492,2,0.9731
Healthy\Corn_Health (2).jpg,Healthy,3300,1,0.9307
Healthy\Corn_Health (20).jpg,Healthy,3301,1,0.871
Healthy\Corn_Health (200).jpg,Healthy,3302,1,0.8599
Healthy\Corn_Health (201).jpg,Healthy,3303,1,0.8221
Healthy\Corn_Health (202).jpg,Healthy,3304,1,0.9075
Healthy\Corn_Health (203).jpg,Healthy,3305,1,0.94
Healthy\Corn_Health (204).jpg,Healthy,3306,1,0.884
Healthy\Corn_Health (205).jpg,Healthy,3803,5,0.9578
Healthy\Corn_Health (206).jpg,Healthy,3308,1,0.8982
Healthy\Corn_Health (207).jpg,Healthy,3309,1,0.8061
Healthy\Corn_Health (208).jpg,Healthy,3310,1,0.9374
Healthy\Corn_Health (209).jpg,Healthy,3311,1,0.8897
Healthy\Corn_Health (21).jpg,Healthy,3312,1,0.935
Healthy\Corn_Health (210).jpg,Healthy,3313,1,0.8782
Healthy\Corn_Health (211).jpg,Healthy,3314,1,0.8646
Healthy\Corn_Health (212).jpg,Healthy,3315,1,0.912
Healthy\Corn_Health (213).jpg,Healthy,3316,1,0.9184
Healthy\Corn_Health (214).jpg,Healthy,3317,1,0.9105
Healthy\Corn_Health (215).jpg,Healthy,3318,1,0.8995
Healthy\Corn_Health (216).jpg,Healthy,3319,1,0.9141
Healthy\Corn_Health (217).jpg,Healthy,3320,1,0.91
Healthy\Corn_Health (218).jpg,Healthy,3321,1,0.8352
Healthy\Corn_Health (219).jpg,Healthy,3322,2,0.9617
Healthy\Corn_Health (22).jpg,Healthy,3323,1,0.9078
Healthy\Corn_Health (220).jpg,Healthy,3324,1,0.9334
Healthy\Corn_Health (221).jpg,Healthy,3325,1,0.9322
Healthy\Corn_Health (222).jpg,Healthy,3326,1,0.8599
Healthy\Corn_Health (223).jpg,Healthy,3327,1,0.8455
Healthy\Corn_Health (224).jpg,Healthy,3328,1,0.9473
Healthy\Corn_Health (225).jpg,Healthy,3329,1,0.8421
Healthy\Corn_Health (226).jpg,Healthy,3330,1,0.7969
Healthy\Corn_Health (227).jpg,Healthy,3331,1,0.901
Healthy\Corn_Health (228).jpg,Healthy,3656,3,0.9524
Healthy\Corn_Health (229).jpg,Healthy,3333,1,0.887
Healthy\Corn_Health (23).jpg,Healthy,3334,1,0.9027
Healthy\Corn_Health (230).jpg,Healthy,3674,3,0.9726
Healthy\Corn_Health (231).jpg,Healthy,3336,1,0.8696
Healthy\Corn_Health (232).jpg,Healthy,3337,1,0.9464
Healthy\Corn_Health (233).jpg,Healthy,3338,1,0.9115
Healthy\Corn_Health (234).jpg,Healthy,3339,1,0.9063
Healthy\Corn_Health (235).jpg,Healthy,3340,1,0.8517
Healthy\Corn_Health (236).jpg,Healthy,3341,1,0.8927
Healthy\Corn_Health (237).jpg,Healthy,3342,1,0.9235
Healthy\Corn_Health (238).jpg,Healthy,3343,1,0.9011
Healthy\Corn_Health (239).jpg,Healthy,3344,1,0.8951
Healthy\Corn_Health (24).jpg,Healthy,3345,1,0.9274
Healthy\Corn_Health (240).jpg,Healthy,3346,1,0.939
Healthy\Corn_Health (241).jpg,Healthy,3376,2,0.9608
Healthy\Corn_Health (242).jpg,Healthy,3348,1,0.8933
Healthy\Corn_Health (243).jpg,Healthy,3349,1,0.9098
Healthy\Corn_Health (244).jpg,Healthy,3350,1,0.9334
Healthy\Corn_Health (245).jpg,Healthy,3351,1,0.8605
Healthy\Corn_Health (246).jpg,Healthy,3352,1,0.9164
Healthy\Corn_Health (247).jpg,Healthy,3353,1,0.923
Healthy\Corn_Health (248).jpg,Healthy,3354,1,0.9142
Healthy\Corn_Health (249).jpg,Healthy,3355,1,0.8971
Healthy\Corn_Health (25).jpg,Healthy,3356,1,0.9337
Healthy\Corn_Health (250).jpg,Healthy,3582,3,0.9923
Healthy\Corn_Health (251).jpg,Healthy,3358,1,0.9007
Healthy\Corn_Health (252).jpg,Healthy,3359,1,0.8972
Healthy\Corn_Health (253).jpg,Healthy,3360,1,0.9197
Healthy\Corn_Health (254).jpg,Healthy,3361,1,0.9005
Healthy\Corn_Health (255).jpg,Healthy,3362,1,0.892
Healthy\Corn_Health (256).jpg,Healthy,3363,1,0.8682
Healthy\Corn_Health (257).jpg,Healthy,3364,1,0.9141
Healthy\Corn_Health (258).jpg,Healthy,3365,1,0.9279
Healthy\Corn_Health (259).jpg,Healthy,3366,1,0.9145
Healthy\Corn_Health (26).jpg,Healthy,3367,1,0.9042
Healthy\Corn_Health (260).jpg,Healthy,3368,1,0.8937
Healthy\Corn_Health (261).jpg,Healthy,3369,1,0.9229
Healthy\Corn_Health (262).jpg,Healthy,3370,1,0.9402
Healthy\Corn_Health (263).jpg,Healthy,3371,1,0.9472
Healthy\Corn_Health (264).jpg,Healthy,3939,4,0.9518
Healthy\Corn_Health (265).jpg,Healthy,3373,1,0.9282
Healthy\Corn_Health (266).jpg,Healthy,3374,1,0.9282
Healthy\Corn_Health (267).jpg,Healthy,3375,1,0.9141
Healthy\Corn_Health (268).jpg,Healthy,3376,2,0.9608
Healthy\Corn_Health (269).jpg,Healthy,3377,1,0.9016
Healthy\Corn_Health (27).jpg,Healthy,3378,1,0.9287
Healthy\Corn_Health (270).jpg,Healthy,3379,1,0.8933
Healthy\Corn_Health (271).jpg,Healthy,3380,1,0.9146
Healthy\Corn_Health (272).jpg,Healthy,3381,1,0.9047
Healthy\Corn_Health (273).jpg,Healthy,3382,1,0.9053
Healthy\Corn_Health (274).jpg,Healthy,3383,1,0.8566
Healthy\Corn_Health (275).jpg,Healthy,3384,1,0.9109
Healthy\Corn_Health (276).JPG,Healthy,3385,1,0.897
Healthy\Corn_Health (277).jpg,Healthy,3386,1,0.9197
Healthy\Corn_Health (278).jpg,Healthy,3387,1,0.9125
Healthy\Corn_Health (279).jpg,Healthy,3388,1,0.9245
Healthy\Corn_Health (28).jpg,Healthy,3389,1,0.9047
Healthy\Corn_Health (280).jpg,Healthy,3390,1,0.8292
Healthy\Corn_Health (281).jpg,Healthy,3391,1,0.9214
Healthy\Corn_Health (282).jpg,Healthy,3392,1,0.9225
Healthy\Corn_Health (283).JPG,Healthy,3644,2,0.9909
Healthy\Corn_Health (284).jpg,Healthy,3394,1,0.944
Healthy\Corn_Health (285).jpg,Healthy,3395,1,0.8901
Healthy\Corn_Health (286).jpg,Healthy,3396,1,0.9167
Healthy\Corn_Health (287).jpg,Healthy,3397,1,0.9228
Healthy\Corn_Health (288).jpg,Healthy,3398,1,0.7841
Healthy\Corn_Health (289).jpg,Healthy,3399,1,0.8758
Healthy\Corn_Health (29).jpg,Healthy,3400,1,0.9459
Healthy\Corn_Health (290).jpg,Healthy,3401,1,0.9272
Healthy\Corn_Health (291).jpg,Healthy,3402,1,0.8645
Healthy\Corn_Health (292).jpg,Healthy,3403,1,0.916
Healthy\Corn_Health (293).jpg,Healthy,3404,1,0.9027
Healthy\Corn_Health (294).jpg,Healthy,3405,1,0.9105
Healthy\Corn_Health (295).jpg,Healthy,3406,1,0.8863
Healthy\Corn_Health (296).jpg,Healthy,3407,1,0.8779
Healthy\Corn_Health (297).jpg,Healthy,3408,1,0.9009
Healthy\Corn_Health (298).jpg,Healthy,3409,1,0.8103
Healthy\Corn_Health (299).jpg,Healthy,3410,1,0.9298
Healthy\Corn_Health (3).jpg,Healthy,3411,1,0.9353
Healthy\Corn_Health (30).jpg,Healthy,3412,1,0.8933
Healthy\Corn_Health (300).jpg,Healthy,3413,1,0.9264
Healthy\Corn_Health (301).jpg,Healthy,3414,1,0.9416
Healthy\Corn_Health (302).jpg,Healthy,3415,1,0.9334
Healthy\Corn_Health (303).jpg,Healthy,3939,4,0.9518
Healthy\Corn_Health (304).jpg,Healthy,3417,1,0.9088
Healthy\Corn_Health (305).jpg,Healthy,3667,3,0.9623
Healthy\Corn_Health (306).jpg,Healthy,3419,1,0.9201
Healthy\Corn_Health (307).jpg,Healthy,3420,1,0.9353
Healthy\Corn_Health (308).jpg,Healthy,3421,1,0.9388
Healthy\Corn_Health (309).jpg,Healthy,3422,1,0.8701
Healthy\Corn_Health (31).jpg,Healthy,3423,1,0.9058
Healthy\Corn_Health (310).JPG,Healthy,3424,1,0.9473
Healthy\Corn_Health (311).jpg,Healthy,3425,1,0.7448
Healthy\Corn_Health (312).JPG,Healthy,3426,1,0.9047
Healthy\Corn_Health (313).jpg,Healthy,3427,1,0.8517
Healthy\Corn_Health (314).jpg,Healthy,3428,1,0.9274
Healthy\Corn_Health (315).jpg,Healthy,3429,1,0.9234
Healthy\Corn_Health (316).jpg,Healthy,3430,1,0.9344
Healthy\Corn_Health (317).jpg,Healthy,3431,1,0.7767
Healthy\Corn_Health (318).jpg,Healthy,3432,1,0.9088
Healthy\Corn_Health (319).jpg,Healthy,3433,1,0.916
Healthy\Corn_Health (32).jpg,Healthy,3434,1,0.801
Healthy\Corn_Health (320).jpg,Healthy,3435,1,0.9298
Healthy\Corn_Health (321).jpg,Healthy,3436,1,0.932
Healthy\Corn_Health (322).jpg,Healthy,3437,1,0.9141
Healthy\Corn_Health (323).jpg,Healthy,3438,1,0.941
Healthy\Corn_Health (324).jpg,Healthy,3439,1,0.8517
Healthy\Corn_Health (325).jpg,Healthy,3440,1,0.9241
Healthy\Corn_Health (326).jpg,Healthy,3441,1,0.9307
Healthy\Corn_Health (327).jpg,Healthy,3442,1,0.885
Healthy\Corn_Health (328).jpg,Healthy,3443,1,0.8743
Healthy\Corn_Health (329).jpg,Healthy,3444,1,0.8046
Healthy\Corn_Health (33).jpg,Healthy,3445,1,0.902
Healthy\Corn_Health (330).jpg,Healthy,3446,1,0.9228
Healthy\Corn_Health (331).jpg,Healthy,3447,1,0.9078
Healthy\Corn_Health (332).jpg,Healthy,3448,1,0.9042
Healthy\Corn_Health (333).jpg,Healthy,3449,1,0.9383
Healthy\Corn_Health (334).jpg,Healthy,3450,1,0.9322
Healthy\Corn_Health (335).jpg,Healthy,3451,1,0.8593
Healthy\Corn_Health (336).jpg,Healthy,3452,1,0.8995
Healthy\Corn_Health (337).jpg,Healthy,3453,1,0.8901
Healthy\Corn_Health (338).jpg,Healthy,3454,1,0.8386
Healthy\Corn_Health (339).jpg,Healthy,3455,1,0.8964
Healthy\Corn_Health (34).jpg,Healthy,3456,1,0.8406
Healthy\Corn_Health (340).jpg,Healthy,3457,1,0.9201
Healthy\Corn_Health (341).jpg,Healthy,3458,1,0.9279
Healthy\Corn_Health (342).jpg,Healthy,3459,1,0.9253
Healthy\Corn_Health (343).jpg,Healthy,3460,1,0.8677
Healthy\Corn_Health (344).jpg,Healthy,3461,1,0.9184
Healthy\Corn_Health (345).jpg,Healthy,3462,1,0.8793
Healthy\Corn_Health (346).jpg,Healthy,3463,1,0.9234
Healthy\Corn_Health (347).jpg,Healthy,4148,2,0.9815
Healthy\Corn_Health (348).jpg,Healthy,3465,1,0.9022
Healthy\Corn_Health (349).jpg,Healthy,3466,1,0.9009
Healthy\Corn_Health (35).jpg,Healthy,3467,1,0.9155
Healthy\Corn_Health (350).jpg,Healthy,3468,1,0.9145
Healthy\Corn_Health (351).jpg,Healthy,3469,1,0.8958
Healthy\Corn_Health (352).jpg,Healthy,3470,1,0.8591
Healthy\Corn_Health (353).jpg,Healthy,3471,1,0.9336
Healthy\Corn_Health (354).jpg,Healthy,3472,1,0.9085
Healthy\Corn_Health (355).jpg,Healthy,3473,1,0.9414
Healthy\Corn_Health (356).jpg,Healthy,3474,1,0.9339
Healthy\Corn_Health (357).jpg,Healthy,3475,1,0.8541
Healthy\Corn_Health (358).jpg,Healthy,3476,1,0.9291
Healthy\Corn_Health (359).jpg,Healthy,3477,1,0.9268
Healthy\Corn_Health (36).jpg,Healthy,3478,1,0.8959
Healthy\Corn_Health (360).jpg,Healthy,3656,3,0.9555
Healthy\Corn_Health (361).jpg,Healthy,3480,1,0.9059
Healthy\Corn_Health (362).jpg,Healthy,3481,1,0.9138
Healthy\Corn_Health (363).jpg,Healthy,3482,1,0.9038
Healthy\Corn_Health (364).jpg,Healthy,3483,1,0.9013
Healthy\Corn_Health (365).jpg,Healthy,3484,1,0.9462
Healthy\Corn_Health (366).jpg,Healthy,3485,1,0.934
Healthy\Corn_Health (367).jpg,Healthy,3486,1,0.922
Healthy\Corn_Health (368).jpg,Healthy,3487,1,0.9261
Healthy\Corn_Health (369).jpg,Healthy,3488,1,0.9239
Healthy\Corn_Health (37).jpg,Healthy,3489,1,0.9421
Healthy\Corn_Health (370).jpg,Healthy,3490,1,0.902
Healthy\Corn_Health (371).jpg,Healthy,4180,2,0.9506
Healthy\Corn_Health (372).jpg,Healthy,3492,2,0.9731
Healthy\Corn_Health (373).jpg,Healthy,3493,1,0.9434
Healthy\Corn_Health (374).jpg,Healthy,3494,1,0.9109
Healthy\Corn_Health (375).jpg,Healthy,3495,1,0.8957
Healthy\Corn_Health (376).jpg,Healthy,3496,1,0.8915
Healthy\Corn_Health (377).jpg,Healthy,3497,1,0.8652
Healthy\Corn_Health (378).jpg,Healthy,3498,1,0.9308
Healthy\Corn_Health (379).jpg,Healthy,3499,1,0.8405
Healthy\Corn_Health (38).jpg,Healthy,3500,1,0.9288
Healthy\Corn_Health (380).jpg,Healthy,3501,1,0.8053
Healthy\Corn_Health (381).jpg,Healthy,3502,1,0.9188
Healthy\Corn_Health (382).jpg,Healthy,3503,1,0.9057
Healthy\Corn_Health (383).jpg,Healthy,3504,1,0.9355
Healthy\Corn_Health (384).jpg,Healthy,3505,1,0.8892
Healthy\Corn_Health (385).jpg,Healthy,3506,1,0.788
Healthy\Corn_Health (386).jpg,Healthy,3507,1,0.9206
Healthy\Corn_Health (387).jpg,Healthy,3508,1,0.859
Healthy\Corn_Health (388).jpg,Healthy,3509,1,0.9188
Healthy\Corn_Health (389).jpg,Healthy,3510,1,0.9065
Healthy\Corn_Health (39).jpg,Healthy,3511,1,0.9179
Healthy\Corn_Health (390).jpg,Healthy,3512,1,0.9201
Healthy\Corn_Health (391).jpg,Healthy,3513,1,0.8717
Healthy\Corn_Health (392).jpg,Healthy,3514,1,0.8791
Healthy\Corn_Health (393).jpg,Healthy,3515,1,0.937
Healthy\Corn_Health (394).jpg,Healthy,3516,1,0.8761
Healthy\Corn_Health (395).jpg,Healthy,3517,1,0.8593
Healthy\Corn_Health (396).jpg,Healthy,3518,1,0.93
Healthy\Corn_Health (397).jpg,Healthy,3990,2,0.9576
Healthy\Corn_Health (398).jpg,Healthy,3520,1,0.8184
Healthy\Corn_Health (399).jpg,Healthy,3521,1,0.871
Healthy\Corn_Health (4).jpg,Healthy,3522,1,0.9017
Healthy\Corn_Health (40).jpg,Healthy,3523,1,0.9165
Healthy\Corn_Health (400).jpg,Healthy,3524,1,0.9481
Healthy\Corn_Health (401).jpg,Healthy,3525,1,0.9116
Healthy\Corn_Health (402).jpg,Healthy,3526,1,0.8798
Healthy\Corn_Health (403).jpg,Healthy,3527,1,0.9131
Healthy\Corn_Health (404).jpg,Healthy,3528,1,0.9353
Healthy\Corn_Health (405).JPG,Healthy,3674,3,0.9726
Healthy\Corn_Health (406).jpg,Healthy,3530,1,0.8809
Healthy\Corn_Health (407).jpg,Healthy,3531,1,0.9179
Healthy\Corn_Health (408).jpg,Healthy,3532,1,0.8058
Healthy\Corn_Health (409).jpg,Healthy,3533,1,0.915
Healthy\Corn_Health (41).jpg,Healthy,3534,1,0.9051
Healthy\Corn_Health (410).jpg,Healthy,3535,1,0.9075
Healthy\Corn_Health (411).jpg,Healthy,3536,1,0.9267
Healthy\Corn_Health (412).jpg,Healthy,3537,1,0.9424
Healthy\Corn_Health (413).jpg,Healthy,3538,1,0.9082
Healthy\Corn_Health (414).jpg,Healthy,3539,1,0.9209
Healthy\Corn_Health (415).jpg,Healthy,3540,1,0.9133
Healthy\Corn_Health (416).jpg,Healthy,3541,1,0.9211
Healthy\Corn_Health (417).jpg,Healthy,3608,2,0.9502
Healthy\Corn_Health (418).jpg,Healthy,3543,1,0.932
Healthy\Corn_Health (419).jpg,Healthy,3544,1,0.9335
Healthy\Corn_Health (42).jpg,Healthy,3545,1,0.9267
Healthy\Corn_Health (420).jpg,Healthy,3546,1,0.9283
Healthy\Corn_Health (421).jpg,Healthy,3547,1,0.8918
Healthy\Corn_Health (422).jpg,Healthy,3548,1,0.9001
Healthy\Corn_Health (423).jpg,Healthy,3549,1,0.8467
Healthy\Corn_Health (424).jpg,Healthy,3550,1,0.924
Healthy\Corn_Health (425).jpg,Healthy,3551,1,0.9058
Healthy\Corn_Health (426).jpg,Healthy,3552,1,0.8958
Healthy\Corn_Health (427).jpg,Healthy,3553,1,0.913
Healthy\Corn_Health (428).jpg,Healthy,3554,1,0.9149
Healthy\Corn_Health (429).jpg,Healthy,3555,1,0.8779
Healthy\Corn_Health (43).jpg,Healthy,3556,1,0.9198
Healthy\Corn_Health (430).jpg,Healthy,3557,1,0.8306
Healthy\Corn_Health (431).jpg,Healthy,3558,1,0.8132
Healthy\Corn_Health (432).jpg,Healthy,3559,1,0.9435
Healthy\Corn_Health (433).jpg,Healthy,3560,1,0.9376
Healthy\Corn_Health (434).jpg,Healthy,3561,1,0.882
Healthy\Corn_Health (435).JPG,Healthy,3562,1,0.9315
Healthy\Corn_Health (436).jpg,Healthy,3563,1,0.9474
Healthy\Corn_Health (437).jpg,Healthy,3564,2,0.9573
Healthy\Corn_Health (438).jpg,Healthy,3565,1,0.9242
Healthy\Corn_Health (439).jpg,Healthy,3566,1,0.8753
Healthy\Corn_Health (44).jpg,Healthy,3567,1,0.8458
Healthy\Corn_Health (440).jpg,Healthy,3883,2,0.9716
Healthy\Corn_Health (441).jpg,Healthy,3569,1,0.8365
Healthy\Corn_Health (442).jpg,Healthy,3570,1,0.9109
Healthy\Corn_Health (443).jpg,Healthy,3571,1,0.917
Healthy\Corn_Health (444).jpg,Healthy,3572,1,0.8714
Healthy\Corn_Health (445).jpg,Healthy,3573,1,0.9337
Healthy\Corn_Health (446).jpg,Healthy,3574,1,0.9083
Healthy\Corn_Health (447).jpg,Healthy,3575,1,0.9185
Healthy\Corn_Health (448).jpg,Healthy,3576,1,0.9257
Healthy\Corn_Health (449).jpg,Healthy,3577,1,0.9433
Healthy\Corn_Health (45).jpg,Healthy,3578,1,0.9062
Healthy\Corn_Health (450).jpg,Healthy,3579,1,0.8417
Healthy\Corn_Health (451).jpg,Healthy,3580,1,0.9344
Healthy\Corn_Health (452).jpg,Healthy,3581,1,0.8937
Healthy\Corn_Health (453).jpg,Healthy,3582,3,0.9923
Healthy\Corn_Health (454).jpg,Healthy,3583,1,0.9478
Healthy\Corn_Health (455).jpg,Healthy,3584,1,0.8923
Healthy\Corn_Health (456).jpg,Healthy,3585,1,0.9296
Healthy\Corn_Health (457).jpg,Healthy,3586,1,0.6161
Healthy\Corn_Health (458).jpg,Healthy,3587,1,0.8934
Healthy\Corn_Health (459).JPG,Healthy,3588,1,0.9104
Healthy\Corn_Health (46).jpg,Healthy,3589,1,0.906
Healthy\Corn_Health (460).jpg,Healthy,3590,1,0.9423
Healthy\Corn_Health (461).jpg,Healthy,3591,1,0.8981
Healthy\Corn_Health (462).JPG,Healthy,3592,1,0.8854
Healthy\Corn_Health (463).jpg,Healthy,3593,1,0.8958
Healthy\Corn_Health (464).jpg,Healthy,3594,1,0.9169
Healthy\Corn_Health (465).jpg,Healthy,3595,1,0.8838
Healthy\Corn_Health (466).jpg,Healthy,3596,1,0.9331
Healthy\Corn_Health (467).jpg,Healthy,3597,1,0.8564
Healthy\Corn_Health (468).jpg,Healthy,3709,2,0.958
Healthy\Corn_Health (469).jpg,Healthy,3599,1,0.9475
Healthy\Corn_Health (47).jpg,Healthy,3600,1,0.9058
Healthy\Corn_Health (470).jpg,Healthy,3601,1,0.8333
Healthy\Corn_Health (471).jpg,Healthy,3602,1,0.9154
Healthy\Corn_Health (472).jpg,Healthy,3603,1,0.9321
Healthy\Corn_Health (473).jpg,Healthy,3604,1,0.9279
Healthy\Corn_Health (474).jpg,Healthy,3605,1,0.8632
Healthy\Corn_Health (475).jpg,Healthy,3606,1,0.8439
Healthy\Corn_Health (476).jpg,Healthy,3607,1,0.8921
Healthy\Corn_Health (477).jpg,Healthy,3608,2,0.9502
Healthy\Corn_Health (478).jpg,Healthy,3609,1,0.917
Healthy\Corn_Health (479).JPG,Healthy,3610,1,0.884
Healthy\Corn_Health (48).jpg,Healthy,3611,1,0.8839
Healthy\Corn_Health (480).jpg,Healthy,3612,1,0.8802
Healthy\Corn_Health (481).JPG,Healthy,3613,1,0.9191
Healthy\Corn_Health (482).jpg,Healthy,3614,1,0.9135
Healthy\Corn_Health (483).jpg,Healthy,3615,1,0.9306
Healthy\Corn_Health (484).jpg,Healthy,3616,1,0.831
Healthy\Corn_Health (485).jpg,Healthy,3617,1,0.9474
Healthy\Corn_Health (486).jpg,Healthy,3618,1,0.9082
Healthy\Corn_Health (487).jpg,Healthy,3619,1,0.9077
Healthy\Corn_Health (488).jpg,Healthy,3620,1,0.9368
Healthy\Corn_Health (489).jpg,Healthy,3621,1,0.9257
Healthy\Corn_Health (49).jpg,Healthy,3622,1,0.9416
Healthy\Corn_Health (490).jpg,Healthy,3623,1,0.8632
Healthy\Corn_Health (491).jpg,Healthy,3624,1,0.9452
Healthy\Corn_Health (492).jpg,Healthy,3625,1,0.8634
Healthy\Corn_Health (493).jpg,Healthy,3626,1,0.9003
Healthy\Corn_Health (494).jpg,Healthy,3627,1,0.7019
Healthy\Corn_Health (495).jpg,Healthy,3628,1,0.8592
Healthy\Corn_Health (496).jpg,Healthy,3629,1,0.8812
Healthy\Corn_Health (497).jpg,Healthy,3630,1,0.8557
Healthy\Corn_Health (498).jpg,Healthy,3631,1,0.8807
Healthy\Corn_Health (499).jpg,Healthy,3632,1,0.9116
Healthy\Corn_Health (5).jpg,Healthy,3633,1,0.8328
Healthy\Corn_Health (50).jpg,Healthy,3634,1,0.8763
Healthy\Corn_Health (500).jpg,Healthy,3635,1,0.8859
Healthy\Corn_Health (501).jpg,Healthy,3636,1,0.9064
Healthy\Corn_Health (502).jpg,Healthy,3637,1,0.9046
Healthy\Corn_Health (503).jpg,Healthy,3638,1,0.8697
Healthy\Corn_Health (504).jpg,Healthy,3639,1,0.9447
Healthy\Corn_Health (505).jpg,Healthy,3640,1,0.9264
Healthy\Corn_Health (506).jpg,Healthy,3641,1,0.8852
Healthy\Corn_Health (507).jpg,Healthy,3642,1,0.9026
Healthy\Corn_Health (508).jpg,Healthy,3643,1,0.8875
Healthy\Corn_Health (509).jpg,Healthy,3644,2,0.9909
Healthy\Corn_Health (51).jpg,Healthy,3645,1,0.773
Healthy\Corn_Health (510).jpg,Healthy,3646,1,0.9083
Healthy\Corn_Health (511).jpg,Healthy,3647,1,0.9425
Healthy\Corn_Health (512).jpg,Healthy,3648,1,0.8794
Healthy\Corn_Health (513).jpg,Healthy,3649,1,0.768
Healthy\Corn_Health (514).jpg,Healthy,3650,1,0.928
Healthy\Corn_Health (515).jpg,Healthy,3651,1,0.8291
Healthy\Corn_Health (516).jpg,Healthy,3652,1,0.8558
Healthy\Corn_Health (517).jpg,Healthy,3803,5,0.9527
Healthy\Corn_Health (518).jpg,Healthy,3654,1,0.8959
Healthy\Corn_Health (519).jpg,Healthy,3655,1,0.9037
Healthy\Corn_Health (52).jpg,Healthy,3656,3,0.9555
Healthy\Corn_Health (520).jpg,Healthy,3657,1,0.8535
Healthy\Corn_Health (521).jpg,Healthy,3658,1,0.9166
Healthy\Corn_Health (522).jpg,Healthy,3659,1,0.8472
Healthy\Corn_Health (523).jpg,Healthy,3660,1,0.9311
Healthy\Corn_Health (524).jpg,Healthy,3661,1,0.8769
Healthy\Corn_Health (525).jpg,Healthy,3662,1,0.9051
Healthy\Corn_Health (526).jpg,Healthy,3663,1,0.9434
Healthy\Corn_Health (527).jpg,Healthy,3664,1,0.9348
Healthy\Corn_Health (528).jpg,Healthy,3665,1,0.8563
Healthy\Corn_Health (529).jpg,Healthy,3666,1,0.9416
Healthy\Corn_Health (53).jpg,Healthy,3667,3,0.9639
Healthy\Corn_Health (530).jpg,Healthy,3668,1,0.933
Healthy\Corn_Health (531).jpg,Healthy,3669,1,0.8769
Healthy\Corn_Health (532).jpg,Healthy,3670,1,0.9214
Healthy\Corn_Health (533).jpg,Healthy,3671,1,0.8937
Healthy\Corn_Health (534).jpg,Healthy,3672,1,0.8974
Healthy\Corn_Health (535).jpg,Healthy,3673,1,0.9395
Healthy\Corn_Health (536).jpg,Healthy,3674,3,0.9541
Healthy\Corn_Health (537).jpg,Healthy,3675,1,0.8986
Healthy\Corn_Health (538).jpg,Healthy,3676,1,0.9019
Healthy\Corn_Health (539).jpg,Healthy,3677,1,0.9054
Healthy\Corn_Health (54).jpg,Healthy,3678,1,0.9277
Healthy\Corn_Health (540).jpg,Healthy,3679,1,0.9093
Healthy\Corn_Health (541).jpg,Healthy,3680,1,0.8933
Healthy\Corn_Health (542).jpg,Healthy,3681,1,0.9174
Healthy\Corn_Health (543).jpg,Healthy,3682,1,0.8593
Healthy\Corn_Health (544).jpg,Healthy,3683,1,0.8872
Healthy\Corn_Health (545).jpg,Healthy,3684,1,0.9353
Healthy\Corn_Health (546).jpg,Healthy,3685,1,0.8828
Healthy\Corn_Health (547).jpg,Healthy,3686,1,0.6412
Healthy\Corn_Health (548).jpg,Healthy,3687,1,0.9264
Healthy\Corn_Health (549).jpg,Healthy,3688,1,0.7796
Healthy\Corn_Health (55).jpg,Healthy,3689,1,0.9082
Healthy\Corn_Health (550).jpg,Healthy,3690,1,0.8906
Healthy\Corn_Health (551).jpg,Healthy,3691,1,0.9319
Healthy\Corn_Health (552).jpg,Healthy,3692,1,0.8472
Healthy\Corn_Health (553).jpg,Healthy,3693,1,0.9105
Healthy\Corn_Health (554).jpg,Healthy,3694,1,0.7975
Healthy\Corn_Health (555).jpg,Healthy,3695,1,0.9096
Healthy\Corn_Health (556).jpg,Healthy,3696,1,0.8947
Healthy\Corn_Health (557).jpg,Healthy,3697,1,0.8522
Healthy\Corn_Health (558).jpg,Healthy,3698,1,0.8507
Healthy\Corn_Health (559).jpg,Healthy,3699,1,0.9392
Healthy\Corn_Health (56).jpg,Healthy,3700,1,0.864
Healthy\Corn_Health (560).jpg,Healthy,3701,1,0.8631
Healthy\Corn_Health (561).jpg,Healthy,3702,1,0.8916
Healthy\Corn_Health (562).jpg,Healthy,3703,1,0.935
Healthy\Corn_Health (563).jpg,Healthy,3704,1,0.9483
Healthy\Corn_Health (564).jpg,Healthy,3705,1,0.8567
Healthy\Corn_Health (565).jpg,Healthy,3706,1,0.9225
Healthy\Corn_Health (566).jpg,Healthy,3707,1,0.925
Healthy\Corn_Health (567).jpg,Healthy,3708,1,0.8854
Healthy\Corn_Health (568).jpg,Healthy,3709,2,0.958
Healthy\Corn_Health (569).jpg,Healthy,3710,1,0.8724
Healthy\Corn_Health (57).jpg,Healthy,3711,1,0.9238
Healthy\Corn_Health (570).jpg,Healthy,3712,1,0.9223
Healthy\Corn_Health (571).jpg,Healthy,3713,1,0.9323
Healthy\Corn_Health (572).jpg,Healthy,3714,1,0.8998
Healthy\Corn_Health (573).jpg,Healthy,3715,1,0.8628
Healthy\Corn_Health (574).jpg,Healthy,3716,1,0.9109
Healthy\Corn_Health (575).jpg,Healthy,3717,1,0.8913
Healthy\Corn_Health (576).jpg,Healthy,4092,2,0.965
Healthy\Corn_Health (577).jpg,Healthy,3719,1,0.9315
Healthy\Corn_Health (578).jpg,Healthy,3720,1,0.9386
Healthy\Corn_Health (579).jpg,Healthy,3721,1,0.9124
Healthy\Corn_Health (58).jpg,Healthy,3722,1,0.9373
Healthy\Corn_Health (580).jpg,Healthy,3723,1,0.9226
Healthy\Corn_Health (581).jpg,Healthy,3724,1,0.9407
Healthy\Corn_Health (582).jpg,Healthy,3725,1,0.9292
Healthy\Corn_Health (583).jpg,Healthy,3726,1,0.9304
Healthy\Corn_Health (584).jpg,Healthy,3727,1,0.8929
Healthy\Corn_Health (585).jpg,Healthy,3728,1,0.9124
Healthy\Corn_Health (586).jpg,Healthy,3729,1,0.9188
Healthy\Corn_Health (587).jpg,Healthy,3730,1,0.9248
Healthy\Corn_Health (588).jpg,Healthy,3731,1,0.9171
Healthy\Corn_Health (589).jpg,Healthy,3732,1,0.9102
Healthy\Corn_Health (59).jpg,Healthy,3733,1,0.7941
Healthy\Corn_Health (590).jpg,Healthy,3734,1,0.8771
Healthy\Corn_Health (591).jpg,Healthy,3735,1,0.9125
Healthy\Corn_Health (592).jpg,Healthy,3736,1,0.9416
Healthy\Corn_Health (593).jpg,Healthy,3737,1,0.9162
Healthy\Corn_Health (594).jpg,Healthy,3738,1,0.9215
Healthy\Corn_Health (595).jpg,Healthy,3739,1,0.8327
Healthy\Corn_Health (596).jpg,Healthy,3740,1,0.9171
Healthy\Corn_Health (597).jpg,Healthy,3741,1,0.8782
Healthy\Corn_Health (598).jpg,Healthy,3742,1,0.9276
Healthy\Corn_Health (599).jpg,Healthy,3743,1,0.8154
Healthy\Corn_Health (6).jpg,Healthy,3744,1,0.8601
Healthy\Corn_Health (60).jpg,Healthy,3745,1,0.9061
Healthy\Corn_Health (600).jpg,Healthy,4076,2,0.9565
Healthy\Corn_Health (601).jpg,Healthy,3747,1,0.9208
Healthy\Corn_Health (602).jpg,Healthy,3748,1,0.7427
Healthy\Corn_Health (603).jpg,Healthy,3749,1,0.8782
Healthy\Corn_Health (604).jpg,Healthy,3750,1,0.9143
Healthy\Corn_Health (605).jpg,Healthy,3751,1,0.9058
Healthy\Corn_Health (606).jpg,Healthy,3752,1,0.894
Healthy\Corn_Health (607).jpg,Healthy,3753,1,0.9358
Healthy\Corn_Health (608).jpg,Healthy,3754,1,0.9394
Healthy\Corn_Health (609).jpg,Healthy,3755,1,0.9402
Healthy\Corn_Health (61).jpg,Healthy,3756,1,0.9278
Healthy\Corn_Health (610).jpg,Healthy,3757,1,0.879
Healthy\Corn_Health (611).jpg,Healthy,3758,1,0.9322
Healthy\Corn_Health (612).jpg,Healthy,3759,1,0.9028
Healthy\Corn_Health (613).jpg,Healthy,3760,1,0.9386
Healthy\Corn_Health (614).jpg,Healthy,3761,1,0.8828
Healthy\Corn_Health (615).jpg,Healthy,3762,1,0.8861
Healthy\Corn_Health (616).jpg,Healthy,3763,1,0.9131
Healthy\Corn_Health (617).JPG,Healthy,3807,2,0.9891
Healthy\Corn_Health (618).jpg,Healthy,3765,1,0.9017
Healthy\Corn_Health (619).jpg,Healthy,3766,1,0.8777
Healthy\Corn_Health (62).jpg,Healthy,3767,1,0.8831
Healthy\Corn_Health (620).jpg,Healthy,3768,1,0.8947
Healthy\Corn_Health (621).jpg,Healthy,3769,1,0.9005
Healthy\Corn_Health (622).jpg,Healthy,3770,1,0.9309
Healthy\Corn_Health (623).jpg,Healthy,3771,1,0.9413
Healthy\Corn_Health (624).jpg,Healthy,3772,1,0.948
Healthy\Corn_Health (625).jpg,Healthy,3773,1,0.9416
Healthy\Corn_Health (626).jpg,Healthy,3774,1,0.9134
Healthy\Corn_Health (627).jpg,Healthy,3775,1,0.9344
Healthy\Corn_Health (628).jpg,Healthy,3776,1,0.9225
Healthy\Corn_Health (629).jpg,Healthy,3777,1,0.8335
Healthy\Corn_Health (63).jpg,Healthy,3778,1,0.9092
Healthy\Corn_Health (630).jpg,Healthy,3779,1,0.8745
Healthy\Corn_Health (631).jpg,Healthy,3780,1,0.9145
Healthy\Corn_Health (632).jpg,Healthy,3781,1,0.9165
Healthy\Corn_Health (633).jpg,Healthy,3782,1,0.7066
Healthy\Corn_Health (634).jpg,Healthy,3783,1,0.9252
Healthy\Corn_Health (635).jpg,Healthy,3784,1,0.9139
Healthy\Corn_Health (636).jpg,Healthy,3785,1,0.9267
Healthy\Corn_Health (637).jpg,Healthy,3786,1,0.902
Healthy\Corn_Health (638).jpg,Healthy,3787,1,0.9136
Healthy\Corn_Health (639).jpg,Healthy,3788,1,0.9067
Healthy\Corn_Health (64).jpg,Healthy,3789,1,0.9115
Healthy\Corn_Health (640).jpg,Healthy,3790,1,0.8937
Healthy\Corn_Health (641).jpg,Healthy,3791,1,0.9278
Healthy\Corn_Health (642).jpg,Healthy,3792,1,0.8909
Healthy\Corn_Health (643).jpg,Healthy,3793,1,0.9232
Healthy\Corn_Health (644).jpg,Healthy,3794,1,0.9051
Healthy\Corn_Health (645).jpg,Healthy,3795,1,0.9322
Healthy\Corn_Health (646).jpg,Healthy,3796,1,0.9105
Healthy\Corn_Health (647).jpg,Healthy,3797,1,0.9209
Healthy\Corn_Health (648).jpg,Healthy,3798,1,0.9443
Healthy\Corn_Health (649).jpg,Healthy,3799,1,0.9118
Healthy\Corn_Health (65).jpg,Healthy,3800,1,0.906
Healthy\Corn_Health (650).jpg,Healthy,3801,1,0.9277
Healthy\Corn_Health (651).jpg,Healthy,3802,1,0.9207
Healthy\Corn_Health (652).jpg,Healthy,3803,5,0.9527
Healthy\Corn_Health (653).jpg,Healthy,3804,1,0.8711
Healthy\Corn_Health (654).jpg,Healthy,3805,1,0.9169
Healthy\Corn_Health (655).jpg,Healthy,3806,1,0.9076
Healthy\Corn_Health (656).jpg,Healthy,3807,2,0.9891
Healthy\Corn_Health (657).jpg,Healthy,3808,1,0.8944
Healthy\Corn_Health (658).jpg,Healthy,3809,1,0.8913
Healthy\Corn_Health (659).jpg,Healthy,3810,1,0.9192
Healthy\Corn_Health (66).jpg,Healthy,3811,1,0.8952
Healthy\Corn_Health (660).jpg,Healthy,3812,1,0.842
Healthy\Corn_Health (661).jpg,Healthy,3813,1,0.9433
Healthy\Corn_Health (662).jpg,Healthy,3814,1,0.8723
Healthy\Corn_Health (663).jpg,Healthy,3815,1,0.9399
Healthy\Corn_Health (664).jpg,Healthy,3816,2,0.9586
Healthy\Corn_Health (665).jpg,Healthy,3817,1,0.8947
Healthy\Corn_Health (666).jpg,Healthy,3818,1,0.9173
Healthy\Corn_Health (667).jpg,Healthy,3819,1,0.9142
Healthy\Corn_Health (668).jpg,Healthy,3820,1,0.8769
Healthy\Corn_Health (669).jpg,Healthy,3821,1,0.8851
Healthy\Corn_Health (67).jpg,Healthy,3822,2,0.9709
Healthy\Corn_Health (670).jpg,Healthy,3823,1,0.9114
Healthy\Corn_Health (671).jpg,Healthy,3824,1,0.8452
Healthy\Corn_Health (672).jpg,Healthy,3825,1,0.9267
Healthy\Corn_Health (673).jpg,Healthy,3826,1,0.8996
Healthy\Corn_Health (674).jpg,Healthy,3827,1,0.8555
Healthy\Corn_Health (675).jpg,Healthy,3828,2,0.9617
Healthy\Corn_Health (676).jpg,Healthy,3829,1,0.847
Healthy\Corn_Health (677).jpg,Healthy,3830,1,0.8757
Healthy\Corn_Health (678).jpg,Healthy,3831,1,0.9034
Healthy\Corn_Health (679).jpg,Healthy,3832,1,0.9436
Healthy\Corn_Health (68).jpg,Healthy,3833,1,0.9274
Healthy\Corn_Health (680).jpg,Healthy,3834,1,0.9372
Healthy\Corn_Health (681).jpg,Healthy,3835,1,0.9256
Healthy\Corn_Health (682).jpg,Healthy,3836,1,0.919
Healthy\Corn_Health (683).jpg,Healthy,3837,1,0.875
Healthy\Corn_Health (684).jpg,Healthy,3838,1,0.8522
Healthy\Corn_Health (685).jpg,Healthy,3839,1,0.9339
Healthy\Corn_Health (686).jpg,Healthy,3840,1,0.8576
Healthy\Corn_Health (687).jpg,Healthy,3841,1,0.855
Healthy\Corn_Health (688).jpg,Healthy,3842,1,0.8934
Healthy\Corn_Health (689).jpg,Healthy,3843,1,0.9396
Healthy\Corn_Health (69).jpg,Healthy,3844,1,0.9109
Healthy\Corn_Health (690).jpg,Healthy,3845,1,0.918
Healthy\Corn_Health (691).jpg,Healthy,3846,1,0.9289
Healthy\Corn_Health (692).jpg,Healthy,3847,1,0.8929
Healthy\Corn_Health (693).jpg,Healthy,3848,1,0.9294
Healthy\Corn_Health (694).jpg,Healthy,3849,1,0.9105
Healthy\Corn_Health (695).jpg,Healthy,3850,1,0.9296
Healthy\Corn_Health (696).jpg,Healthy,3851,1,0.9014
Healthy\Corn_Health (697).jpg,Healthy,3852,1,0.9292
Healthy\Corn_Health (698).jpg,Healthy,3853,1,0.9475
Healthy\Corn_Health (699).jpg,Healthy,3854,1,0.8485
Healthy\Corn_Health (7).jpg,Healthy,3855,1,0.8943
Healthy\Corn_Health (70).jpg,Healthy,3856,1,0.8998
Healthy\Corn_Health (700).jpg,Healthy,3857,1,0.9048
Healthy\Corn_Health (701).jpg,Healthy,3858,1,0.8523
Healthy\Corn_Health (702).jpg,Healthy,3859,1,0.9097
Healthy\Corn_Health (703).jpg,Healthy,3860,2,0.986
Healthy\Corn_Health (704).jpg,Healthy,3861,1,0.9332
Healthy\Corn_Health (705).JPG,Healthy,3862,1,0.9382
Healthy\Corn_Health (706).jpg,Healthy,3863,1,0.849
Healthy\Corn_Health (707).jpg,Healthy,3864,1,0.9133
Healthy\Corn_Health (708).jpg,Healthy,3865,1,0.9215
Healthy\Corn_Health (709).jpg,Healthy,3866,1,0.8768
Healthy\Corn_Health (71).jpg,Healthy,3867,1,0.8686
Healthy\Corn_Health (710).jpg,Healthy,3868,1,0.9082
Healthy\Corn_Health (711).jpg,Healthy,3869,1,0.9389
Healthy\Corn_Health (712).jpg,Healthy,3870,1,0.9435
Healthy\Corn_Health (713).jpg,Healthy,3871,1,0.9455
Healthy\Corn_Health (714).jpg,Healthy,3872,1,0.8326
Healthy\Corn_Health (715).jpg,Healthy,3873,1,0.8629
Healthy\Corn_Health (716).jpg,Healthy,3874,1,0.7561
Healthy\Corn_Health (717).jpg,Healthy,3875,1,0.9275
Healthy\Corn_Health (718).jpg,Healthy,3876,1,0.9313
Healthy\Corn_Health (719).jpg,Healthy,3877,1,0.9038
Healthy\Corn_Health (72).jpg,Healthy,3878,1,0.7606
Healthy\Corn_Health (720).jpg,Healthy,3879,1,0.8368
Healthy\Corn_Health (721).jpg,Healthy,3880,1,0.9347
Healthy\Corn_Health (722).jpg,Healthy,3881,1,0.9009
Healthy\Corn_Health (723).jpg,Healthy,3882,1,0.9261
Healthy\Corn_Health (724).jpg,Healthy,3883,2,0.9716
Healthy\Corn_Health (725).jpg,Healthy,3884,1,0.9307
Healthy\Corn_Health (726).jpg,Healthy,3885,1,0.9443
Healthy\Corn_Health (727).jpg,Healthy,3886,1,0.919
Healthy\Corn_Health (728).jpg,Healthy,3803,5,0.9578
Healthy\Corn_Health (729).jpg,Healthy,3888,1,0.8996
Healthy\Corn_Health (73).jpg,Healthy,3889,1,0.9358
Healthy\Corn_Health (730).jpg,Healthy,3890,1,0.9434
Healthy\Corn_Health (731).jpg,Healthy,3891,1,0.9232
Healthy\Corn_Health (732).jpg,Healthy,3892,1,0.9049
Healthy\Corn_Health (733).jpg,Healthy,3893,1,0.8802
Healthy\Corn_Health (734).jpg,Healthy,3894,2,0.9555
Healthy\Corn_Health (735).jpg,Healthy,3895,1,0.9056
Healthy\Corn_Health (736).jpg,Healthy,3896,1,0.9064
Healthy\Corn_Health (737).jpg,Healthy,3897,1,0.9082
Healthy\Corn_Health (738).jpg,Healthy,3898,1,0.9456
Healthy\Corn_Health (739).jpg,Healthy,3899,1,0.9007
Healthy\Corn_Health (74).jpg,Healthy,3900,1,0.9358
Healthy\Corn_Health (740).jpg,Healthy,3901,1,0.9331
Healthy\Corn_Health (741).jpg,Healthy,3902,1,0.9344
Healthy\Corn_Health (742).jpg,Healthy,3903,1,0.9025
Healthy\Corn_Health (743).jpg,Healthy,3904,1,0.9059
Healthy\Corn_Health (744).jpg,Healthy,3905,1,0.9395
Healthy\Corn_Health (745).jpg,Healthy,3906,1,0.9398
Healthy\Corn_Health (746).jpg,Healthy,3907,1,0.9152
Healthy\Corn_Health (747).jpg,Healthy,3908,1,0.8596
Healthy\Corn_Health (748).jpg,Healthy,3909,1,0.9141
Healthy\Corn_Health (749).jpg,Healthy,3910,1,0.9182
Healthy\Corn_Health (75).jpg,Healthy,3911,1,0.909
Healthy\Corn_Health (750).jpg,Healthy,3912,1,0.8963
Healthy\Corn_Health (751).jpg,Healthy,3913,1,0.9289
Healthy\Corn_Health (752).jpg,Healthy,3914,1,0.9194
Healthy\Corn_Health (753).jpg,Healthy,3915,1,0.9323
Healthy\Corn_Health (754).jpg,Healthy,3916,1,0.76
Healthy\Corn_Health (755).jpg,Healthy,3917,1,0.8833
Healthy\Corn_Health (756).jpg,Healthy,3918,1,0.8808
Healthy\Corn_Health (757).jpg,Healthy,3919,1,0.8817
Healthy\Corn_Health (758).jpg,Healthy,3920,1,0.8998
Healthy\Corn_Health (759).jpg,Healthy,3921,1,0.9292
Healthy\Corn_Health (76).jpg,Healthy,3922,1,0.9219
Healthy\Corn_Health (760).jpg,Healthy,3923,1,0.9015
Healthy\Corn_Health (761).jpg,Healthy,3924,1,0.9243
Healthy\Corn_Health (762).jpg,Healthy,3925,1,0.9011
Healthy\Corn_Health (763).jpg,Healthy,3926,1,0.9023
Healthy\Corn_Health (764).jpg,Healthy,3927,1,0.8755
Healthy\Corn_Health (765).jpg,Healthy,3928,1,0.9228
Healthy\Corn_Health (766).jpg,Healthy,3929,1,0.9257
Healthy\Corn_Health (767).jpg,Healthy,3930,1,0.8614
Healthy\Corn_Health (768).jpg,Healthy,3931,1,0.9308
Healthy\Corn_Health (769).jpg,Healthy,3932,1,0.8975
Healthy\Corn_Health (77).jpg,Healthy,3933,1,0.9004
Healthy\Corn_Health (770).jpg,Healthy,3934,1,0.9383
Healthy\Corn_Health (771).jpg,Healthy,3935,1,0.881
Healthy\Corn_Health (772).jpg,Healthy,3936,1,0.9243
Healthy\Corn_Health (773).jpg,Healthy,3937,1,0.8803
Healthy\Corn_Health (774).jpg,Healthy,3938,1,0.9156
Healthy\Corn_Health (775).jpg,Healthy,3939,4,0.9531
Healthy\Corn_Health (776).jpg,Healthy,3940,1,0.9134
Healthy\Corn_Health (777).jpg,Healthy,3941,1,0.9221
Healthy\Corn_Health (778).jpg,Healthy,3942,1,0.9449
Healthy\Corn_Health (779).jpg,Healthy,3943,1,0.9152
Healthy\Corn_Health (78).jpg,Healthy,3944,1,0.8994
Healthy\Corn_Health (780).jpg,Healthy,3945,1,0.8795
Healthy\Corn_Health (781).jpg,Healthy,3946,1,0.8749
Healthy\Corn_Health (782).jpg,Healthy,3947,1,0.8219
Healthy\Corn_Health (783).jpg,Healthy,3948,1,0.9374
Healthy\Corn_Health (784).jpg,Healthy,3949,1,0.9348
Healthy\Corn_Health (785).jpg,Healthy,3950,1,0.916
Healthy\Corn_Health (786).jpg,Healthy,3951,1,0.8106
Healthy\Corn_Health (787).jpg,Healthy,3952,1,0.9023
Healthy\Corn_Health (788).jpg,Healthy,3953,1,0.9101
Healthy\Corn_Health (789).jpg,Healthy,3954,1,0.9018
Healthy\Corn_Health (79).jpg,Healthy,3955,1,0.9344
Healthy\Corn_Health (790).jpg,Healthy,3956,1,0.8723
Healthy\Corn_Health (791).jpg,Healthy,3957,1,0.9417
Healthy\Corn_Health (792).jpg,Healthy,3958,1,0.8487
Healthy\Corn_Health (793).jpg,Healthy,3959,1,0.9218
Healthy\Corn_Health (794).jpg,Healthy,3960,1,0.9034
Healthy\Corn_Health (795).jpg,Healthy,3961,1,0.9094
Healthy\Corn_Health (796).jpg,Healthy,3962,1,0.9213
Healthy\Corn_Health (797).jpg,Healthy,3963,1,0.9208
Healthy\Corn_Health (798).jpg,Healthy,3964,1,0.9172
Healthy\Corn_Health (799).jpg,Healthy,3965,1,0.9209
Healthy\Corn_Health (8).jpg,Healthy,3966,1,0.9235
Healthy\Corn_Health (80).jpg,Healthy,3967,1,0.9287
Healthy\Corn_Health (800).jpg,Healthy,3968,1,0.8744
Healthy\Corn_Health (801).jpg,Healthy,3969,1,0.9296
Healthy\Corn_Health (802).jpg,Healthy,3970,1,0.8966
Healthy\Corn_Health (803).jpg,Healthy,3971,1,0.8652
Healthy\Corn_Health (804).jpg,Healthy,3972,1,0.8679
Healthy\Corn_Health (805).jpg,Healthy,3973,1,0.9147
Healthy\Corn_Health (806).jpg,Healthy,3974,1,0.7993
Healthy\Corn_Health (807).jpg,Healthy,3975,1,0.9174
Healthy\Corn_Health (808).jpg,Healthy,3976,1,0.8972
Healthy\Corn_Health (809).jpg,Healthy,3977,1,0.9035
Healthy\Corn_Health (81).jpg,Healthy,3978,1,0.8908
Healthy\Corn_Health (810).jpg,Healthy,3979,1,0.8943
Healthy\Corn_Health (811).jpg,Healthy,3980,1,0.9064
Healthy\Corn_Health (812).jpg,Healthy,3981,1,0.8755
Healthy\Corn_Health (813).jpg,Healthy,3982,1,0.9392
Healthy\Corn_Health (814).jpg,Healthy,3983,1,0.906
Healthy\Corn_Health (815).jpg,Healthy,3984,1,0.9239
Healthy\Corn_Health (816).jpg,Healthy,3985,1,0.9395
Healthy\Corn_Health (817).jpg,Healthy,3986,1,0.881
Healthy\Corn_Health (818).jpg,Healthy,3987,1,0.8804
Healthy\Corn_Health (819).jpg,Healthy,3988,1,0.8279
Healthy\Corn_Health (82).jpg,Healthy,3989,1,0.9248
Healthy\Corn_Health (820).jpg,Healthy,3990,2,0.9576
Healthy\Corn_Health (821).jpg,Healthy,3991,1,0.8838
Healthy\Corn_Health (822).jpg,Healthy,3992,1,0.9351
Healthy\Corn_Health (823).jpg,Healthy,3993,1,0.9117
Healthy\Corn_Health (824).jpg,Healthy,3994,1,0.9402
Healthy\Corn_Health (825).jpg,Healthy,3995,1,0.9034
Healthy\Corn_Health (826).jpg,Healthy,3996,1,0.9099
Healthy\Corn_Health (827).jpg,Healthy,3997,1,0.933
Healthy\Corn_Health (828).jpg,Healthy,3998,1,0.9139
Healthy\Corn_Health (829).jpg,Healthy,3999,1,0.9281
Healthy\Corn_Health (83).jpg,Healthy,4000,1,0.9228
Healthy\Corn_Health (830).jpg,Healthy,4001,1,0.9269
Healthy\Corn_Health (831).jpg,Healthy,4002,1,0.8454
Healthy\Corn_Health (832).jpg,Healthy,4003,1,0.9059
Healthy\Corn_Health (833).jpg,Healthy,4004,1,0.9042
Healthy\Corn_Health (834).jpg,Healthy,4005,1,0.9185
Healthy\Corn_Health (835).jpg,Healthy,4006,1,0.9475
Healthy\Corn_Health (836).jpg,Healthy,4007,1,0.8805
Healthy\Corn_Health (837).jpg,Healthy,4008,1,0.9098
Healthy\Corn_Health (838).jpg,Healthy,4009,1,0.8942
Healthy\Corn_Health (839).jpg,Healthy,4010,1,0.9305
Healthy\Corn_Health (84).jpg,Healthy,4011,1,0.9077
Healthy\Corn_Health (840).jpg,Healthy,4012,1,0.8571
Healthy\Corn_Health (841).jpg,Healthy,4013,1,0.866
Healthy\Corn_Health (842).jpg,Healthy,4014,1,0.9377
Healthy\Corn_Health (843).jpg,Healthy,4015,1,0.8539
Healthy\Corn_Health (844).jpg,Healthy,4016,1,0.91
Healthy\Corn_Health (845).JPG,Healthy,4017,1,0.8748
Healthy\Corn_Health (846).jpg,Healthy,4018,1,0.9311
Healthy\Corn_Health (847).jpg,Healthy,4019,1,0.9309
Healthy\Corn_Health (848).jpg,Healthy,4020,1,0.8511
Healthy\Corn_Health (849).jpg,Healthy,4021,1,0.9321
Healthy\Corn_Health (85).jpg,Healthy,4022,1,0.9199
Healthy\Corn_Health (850).jpg,Healthy,4023,1,0.9227
Healthy\Corn_Health (851).jpg,Healthy,4024,1,0.9228
Healthy\Corn_Health (852).jpg,Healthy,4025,1,0.8507
Healthy\Corn_Health (853).jpg,Healthy,4026,1,0.8951
Healthy\Corn_Health (854).jpg,Healthy,4027,1,0.9122
Healthy\Corn_Health (855).jpg,Healthy,4028,1,0.87
Healthy\Corn_Health (856).jpg,Healthy,4029,1,0.9133
Healthy\Corn_Health (857).jpg,Healthy,4030,1,0.8816
Healthy\Corn_Health (858).jpg,Healthy,4031,1,0.9199
Healthy\Corn_Health (859).jpg,Healthy,4032,1,0.9422
Healthy\Corn_Health (86).jpg,Healthy,4033,1,0.8678
Healthy\Corn_Health (860).jpg,Healthy,4034,1,0.9127
Healthy\Corn_Health (861).jpg,Healthy,4035,1,0.8743
Healthy\Corn_Health (862).jpg,Healthy,4036,1,0.8589
Healthy\Corn_Health (863).jpg,Healthy,4037,1,0.9243
Healthy\Corn_Health (864).jpg,Healthy,4038,1,0.9264
Healthy\Corn_Health (865).jpg,Healthy,4039,1,0.9187
Healthy\Corn_Health (866).jpg,Healthy,4040,1,0.8493
Healthy\Corn_Health (867).jpg,Healthy,4041,1,0.8914
Healthy\Corn_Health (868).jpg,Healthy,4042,1,0.8828
Healthy\Corn_Health (869).jpg,Healthy,4043,1,0.9322
Healthy\Corn_Health (87).jpg,Healthy,4044,1,0.9118
Healthy\Corn_Health (870).jpg,Healthy,4045,1,0.8815
Healthy\Corn_Health (871).jpg,Healthy,4046,1,0.8535
Healthy\Corn_Health (872).jpg,Healthy,4047,1,0.884
Healthy\Corn_Health (873).jpg,Healthy,4048,1,0.9085
Healthy\Corn_Health (874).jpg,Healthy,4049,1,0.9288
Healthy\Corn_Health (875).jpg,Healthy,4050,1,0.9018
Healthy\Corn_Health (876).jpg,Healthy,4051,1,0.9163
Healthy\Corn_Health (877).jpg,Healthy,4052,1,0.9165
Healthy\Corn_Health (878).jpg,Healthy,4053,1,0.9382
Healthy\Corn_Health (879).jpg,Healthy,4054,1,0.8803
Healthy\Corn_Health (88).jpg,Healthy,4055,1,0.8703
Healthy\Corn_Health (880).jpg,Healthy,4056,1,0.9034
Healthy\Corn_Health (881).jpg,Healthy,4057,1,0.8052
Healthy\Corn_Health (882).jpg,Healthy,4058,1,0.8768
Healthy\Corn_Health (883).jpg,Healthy,4059,1,0.8947
Healthy\Corn_Health (884).jpg,Healthy,4060,1,0.9102
Healthy\Corn_Health (885).jpg,Healthy,4061,1,0.9124
Healthy\Corn_Health (886).jpg,Healthy,4062,1,0.9281
Healthy\Corn_Health (887).JPG,Healthy,4063,1,0.934
Healthy\Corn_Health (888).jpg,Healthy,4064,1,0.8566
Healthy\Corn_Health (889).jpg,Healthy,4065,1,0.9039
Healthy\Corn_Health (89).jpg,Healthy,4066,1,0.9322
Healthy\Corn_Health (890).jpg,Healthy,4067,1,0.9303
Healthy\Corn_Health (891).jpg,Healthy,4068,1,0.914
Healthy\Corn_Health (892).jpg,Healthy,4069,1,0.8678
Healthy\Corn_Health (893).jpg,Healthy,4070,1,0.9345
Healthy\Corn_Health (894).jpg,Healthy,4071,1,0.9288
Healthy\Corn_Health (895).jpg,Healthy,4072,1,0.8776
Healthy\Corn_Health (896).jpg,Healthy,4073,1,0.9184
Healthy\Corn_Health (897).jpg,Healthy,4074,1,0.9136
Healthy\Corn_Health (898).jpg,Healthy,4075,1,0.9256
Healthy\Corn_Health (899).jpg,Healthy,4076,2,0.9565
Healthy\Corn_Health (9).jpg,Healthy,4077,1,0.9131
Healthy\Corn_Health (90).jpg,Healthy,4078,1,0.8981
Healthy\Corn_Health (900).jpg,Healthy,4079,1,0.9249
Healthy\Corn_Health (901).jpg,Healthy,4080,1,0.875
Healthy\Corn_Health (902).jpg,Healthy,4081,1,0.7345
Healthy\Corn_Health (903).jpg,Healthy,4082,1,0.944
Healthy\Corn_Health (904).jpg,Healthy,4083,1,0.9363
Healthy\Corn_Health (905).jpg,Healthy,4084,1,0.9156
Healthy\Corn_Health (906).jpg,Healthy,4085,1,0.9124
Healthy\Corn_Health (907).jpg,Healthy,4086,1,0.9038
Healthy\Corn_Health (908).jpg,Healthy,4087,1,0.9231
Healthy\Corn_Health (909).jpg,Healthy,4088,1,0.9209
Healthy\Corn_Health (91).jpg,Healthy,4089,1,0.8805
Healthy\Corn_Health (910).jpg,Healthy,4090,1,0.9072
Healthy\Corn_Health (911).jpg,Healthy,4091,1,0.9372
Healthy\Corn_Health (912).jpg,Healthy,4092,2,0.965
Healthy\Corn_Health (913).jpg,Healthy,4093,1,0.8995
Healthy\Corn_Health (914).jpg,Healthy,4094,1,0.9276
Healthy\Corn_Health (915).jpg,Healthy,4095,1,0.9175
Healthy\Corn_Health (916).jpg,Healthy,4096,1,0.8958
Healthy\Corn_Health (917).jpg,Healthy,4097,1,0.9488
Healthy\Corn_Health (918).jpg,Healthy,4098,1,0.9227
Healthy\Corn_Health (919).jpg,Healthy,4099,1,0.924
Healthy\Corn_Health (92).jpg,Healthy,4100,1,0.8979
Healthy\Corn_Health (920).jpg,Healthy,4101,1,0.902
Healthy\Corn_Health (921).jpg,Healthy,4102,1,0.9194
Healthy\Corn_Health (922).jpg,Healthy,4103,1,0.9134
Healthy\Corn_Health (923).jpg,Healthy,4104,1,0.8765
Healthy\Corn_Health (924).jpg,Healthy,4105,1,0.8764
Healthy\Corn_Health (925).jpg,Healthy,4106,1,0.9354
Healthy\Corn_Health (926).jpg,Healthy,4107,1,0.9396
Healthy\Corn_Health (927).jpg,Healthy,4108,1,0.895
Healthy\Corn_Health (928).jpg,Healthy,4109,1,0.9261
Healthy\Corn_Health (929).jpg,Healthy,4110,1,0.876
Healthy\Corn_Health (93).jpg,Healthy,4111,1,0.9189
Healthy\Corn_Health (930).jpg,Healthy,4112,1,0.9072
Healthy\Corn_Health (931).jpg,Healthy,4113,1,0.9299
Healthy\Corn_Health (932).jpg,Healthy,4114,1,0.8994
Healthy\Corn_Health (933).jpg,Healthy,4115,1,0.9321
Healthy\Corn_Health (934).jpg,Healthy,4116,1,0.944
Healthy\Corn_Health (935).jpg,Healthy,4117,1,0.8961
Healthy\Corn_Health (936).jpg,Healthy,4118,1,0.9221
Healthy\Corn_Health (937).jpg,Healthy,4119,1,0.7576
Healthy\Corn_Health (938).jpg,Healthy,4120,1,0.8993
Healthy\Corn_Health (939).jpg,Healthy,4121,1,0.9374
Healthy\Corn_Health (94).jpg,Healthy,4122,1,0.9274
Healthy\Corn_Health (940).jpg,Healthy,4123,1,0.932
Healthy\Corn_Health (941).jpg,Healthy,4124,1,0.8993
Healthy\Corn_Health (942).jpg,Healthy,4125,1,0.9447
Healthy\Corn_Health (943).jpg,Healthy,4126,1,0.9272
Healthy\Corn_Health (944).jpg,Healthy,4127,1,0.9214
Healthy\Corn_Health (945).jpg,Healthy,4128,1,0.9284
Healthy\Corn_Health (946).jpg,Healthy,4129,1,0.9324
Healthy\Corn_Health (947).jpg,Healthy,4130,1,0.8808
Healthy\Corn_Health (948).jpg,Healthy,4131,1,0.8067
Healthy\Corn_Health (949).jpg,Healthy,4132,1,0.9322
Healthy\Corn_Health (95).jpg,Healthy,4133,1,0.8574
Healthy\Corn_Health (950).jpg,Healthy,4134,1,0.8956
Healthy\Corn_Health (951).jpg,Healthy,4135,1,0.8999
Healthy\Corn_Health (952).jpg,Healthy,4136,1,0.9121
Healthy\Corn_Health (953).jpg,Healthy,4137,1,0.8277
Healthy\Corn_Health (954).jpg,Healthy,4138,1,0.9341
Healthy\Corn_Health (955).jpg,Healthy,4139,1,0.9102
Healthy\Corn_Health (956).jpg,Healthy,4140,1,0.9201
Healthy\Corn_Health (957).jpg,Healthy,4141,1,0.8962
Healthy\Corn_Health (958).jpg,Healthy,4142,1,0.9223
Healthy\Corn_Health (959).jpg,Healthy,4143,1,0.9279
Healthy\Corn_Health (96).jpg,Healthy,4144,1,0.9207
Healthy\Corn_Health (960).jpg,Healthy,4145,1,0.8903
Healthy\Corn_Health (961).jpg,Healthy,4146,1,0.9208
Healthy\Corn_Health (962).jpg,Healthy,4147,1,0.9267
Healthy\Corn_Health (963).jpg,Healthy,4148,2,0.9815
Healthy\Corn_Health (964).jpg,Healthy,4149,2,0.9679
Healthy\Corn_Health (965).jpg,Healthy,4150,1,0.8361
Healthy\Corn_Health (966).jpg,Healthy,4151,1,0.933
Healthy\Corn_Health (967).jpg,Healthy,4152,1,0.9288
Healthy\Corn_Health (968).jpg,Healthy,4153,1,0.8955
Healthy\Corn_Health (969).jpg,Healthy,4154,1,0.8871
Healthy\Corn_Health (97).jpg,Healthy,4155,1,0.9307
Healthy\Corn_Health (970).jpg,Healthy,4156,1,0.9089
Healthy\Corn_Health (971).jpg,Healthy,4157,1,0.9381
Healthy\Corn_Health (972).jpg,Healthy,4158,1,0.9009
Healthy\Corn_Health (973).jpg,Healthy,4159,1,0.9187
Healthy\Corn_Health (974).jpg,Healthy,4160,1,0.9029
Healthy\Corn_Health (975).jpg,Healthy,4161,1,0.8905
Healthy\Corn_Health (976).jpg,Healthy,4162,1,0.9132
Healthy\Corn_Health (977).jpg,Healthy,4163,1,0.8905
Healthy\Corn_Health (978).jpg,Healthy,4164,1,0.9247
Healthy\Corn_Health (979).jpg,Healthy,4165,1,0.8368
Healthy\Corn_Health (98).jpg,Healthy,4166,1,0.8707
Healthy\Corn_Health (980).jpg,Healthy,4167,2,0.951
Healthy\Corn_Health (981).jpg,Healthy,4168,1,0.9275
Healthy\Corn_Health (982).JPG,Healthy,4169,1,0.9373
Healthy\Corn_Health (983).jpg,Healthy,4170,1,0.9381
Healthy\Corn_Health (984).jpg,Healthy,4171,1,0.8933
Healthy\Corn_Health (985).jpg,Healthy,4172,1,0.8847
Healthy\Corn_Health (986).jpg,Healthy,4173,1,0.8967
Healthy\Corn_Health (987).jpg,Healthy,4174,1,0.9322
Healthy\Corn_Health (988).jpg,Healthy,4175,1,0.9031
Healthy\Corn_Health (989).jpg,Healthy,4176,1,0.8764
Healthy\Corn_Health (99).jpg,Healthy,4177,1,0.9272
Healthy\Corn_Health (990).jpg,Healthy,4178,1,0.8546
Healthy\Corn_Health (991).jpg,Healthy,4179,1,0.9212
Healthy\Corn_Health (992).jpg,Healthy,4180,2,0.9506
Healthy\Corn_Health (993).jpg,Healthy,4181,1,0.9417
Healthy\Corn_Health (994).jpg,Healthy,4182,1,0.8726
Healthy\Corn_Health (995).jpg,Healthy,4183,1,0.9152
Healthy\Corn_Health (996).jpg,Healthy,4184,1,0.933
Healthy\Corn_Health (997).jpg,Healthy,4185,1,0.8451
Healthy\Corn_Health (998).jpg,Healthy,4186,1,0.8942
Healthy\Corn_Health (999).jpg,Healthy,4187,1,0.9173
